SALE TYPE,SOLD DATE,PROPERTY TYPE,ADDRESS,CITY,STATE OR PROVINCE,ZIP OR POSTAL CODE,PRICE,BEDS,BATHS,LOCATION,SQUARE FEET,LOT SIZE,YEAR BUILT,DAYS ON MARKET,$/SQUARE FEET,HOA/MONTH,STATUS,NEXT OPEN HOUSE START TIME,NEXT OPEN HOUSE END TIME,URL (SEE https://www.redfin.com/buy-a-home/comparative-market-analysis FOR INFO ON PRICING),SOURCE,MLS#,FAVORITE,INTERESTED,LATITUDE,LONGITUDE
"In accordance with local MLS rules, some MLS listings are not included in the download"
MLS Listing,,Single Family Residential,5024 Crestwood Dr,Little Rock,AR,72207,849000,3,3.0,Little Rock (heights/hillcrest),3069,,1930,1,277,,Active,,,https://www.redfin.com/AR/Little-Rock/5024-Crestwood-Dr-72207/home/95381834,CARMLS,25030593,N,Y,34.7667692,-92.3291216
MLS Listing,,Single Family Residential,9925 Echo Valley Ct,Little Rock,AR,72227,374000,3,2.5,Lit - West Little Rock (north),3100,25264,1972,1,121,19,Active,,,https://www.redfin.com/AR/Little-Rock/9925-Echo-Valley-Ct-72227/home/95337104,CARMLS,25030578,N,Y,34.7849742,-92.3839134
MLS Listing,,Condo/Co-op,315 #1607 St Unit Rock 1607,Little Rock,AR,72202,424900,2,2.0,Little Rock (downtown),1234,,2009,1,344,750,Active,,,https://www.redfin.com/AR/Little-Rock/1607-Rock-St-72206/unit-Rock-1607/home/192100630,CARMLS,25030574,N,Y,34.7326174,-92.2695158
MLS Listing,,Single Family Residential,6504 Tracy Ave,Little Rock,AR,72206,125000,3,1.0,Pulaski County (east),1040,8276,1963,1,120,,Active,,,https://www.redfin.com/AR/Little-Rock/6504-Tracy-Ave-72206/home/81364438,CARMLS,25030551,N,Y,34.719636,-92.1964836
MLS Listing,,Single Family Residential,122 Abington Dr,Little Rock,AR,72223,965000,5,5.0,Pulaski County West,3976,11761,2025,1,243,57,Active,,,https://www.redfin.com/AR/Little-Rock/122-Abington-Dr-72223/home/196776006,CARMLS,25030540,N,Y,34.7893786,-92.4531619
MLS Listing,,Single Family Residential,147 Woodlands Park Dr,Little Rock,AR,72211,429000,3,2.0,Lit - West Little Rock (northwes,1805,6098,2023,1,238,125,Active,,,https://www.redfin.com/AR/Little-Rock/147-Woodlands-Park-Dr-72211/home/187010997,CARMLS,25030539,N,Y,34.740617,-92.426685
MLS Listing,,Single Family Residential,5015 E Crestwood Dr,Little Rock,AR,72207,410000,3,2.5,Little Rock (heights/hillcrest),2587,12196,1925,1,158,,Active,,,https://www.redfin.com/AR/Little-Rock/5015-E-Crestwood-Dr-72207/home/81371451,CARMLS,25030535,N,Y,34.7646153,-92.3290886
MLS Listing,,Single Family Residential,4207 W 15th St,Little Rock,AR,72204,75000,3,3.0,Little Rock (ualr),1751,6969,1937,1,43,,Active,,,https://www.redfin.com/AR/Little-Rock/4207-W-15th-St-72204/home/95323050,CARMLS,25030532,N,Y,34.7375309,-92.3207269
MLS Listing,,Single Family Residential,424 Valley Ranch Cir,Little Rock,AR,72223,335000,2,2.0,Pulaski County West,1755,3920,2017,1,191,125,Active,,,https://www.redfin.com/AR/Little-Rock/424-Valley-Ranch-Cir-72223/home/112365185,CARMLS,25030528,N,Y,34.8124536,-92.4734513
MLS Listing,,Single Family Residential,418 Wildcreek Cir,Little Rock,AR,72223,460000,3,2.0,Pulaski County West,2300,5662,2017,1,200,38,Active,August-3-2025 02:00 PM,August-3-2025 04:00 PM,https://www.redfin.com/AR/Little-Rock/418-Wildcreek-Cir-72223/home/144813102,CARMLS,25030520,N,Y,34.7693452,-92.4869051
MLS Listing,,Single Family Residential,1720 Glenda Dr,Little Rock,AR,72205,214900,3,3.0,Lit - West Little Rock (central),1811,11325,1965,1,119,,Active,,,https://www.redfin.com/AR/Little-Rock/1720-Glenda-Dr-72205/home/95345301,CARMLS,25030513,N,Y,34.7378903,-92.3826306
MLS Listing,,Single Family Residential,1606 Wetherborne Dr,Little Rock,AR,72211,647500,4,3.5,Lit - West Little Rock (northwes,3709,13503,2007,1,175,41,Active,,,https://www.redfin.com/AR/Little-Rock/1606-Wetherborne-Dr-72211/home/82903853,CARMLS,25030505,N,Y,34.7674365,-92.4363364
MLS Listing,,Single Family Residential,5 Laurice Cir,Little Rock,AR,,145000,3,1.0,Lit - West Little Rock (central),988,9583,1962,1,147,,Active,,,https://www.redfin.com/AR/Little-Rock/5-Laurice-Cir-72205/home/81395779,CARMLS,25030503,N,Y,34.741726,-92.382085
MLS Listing,,Single Family Residential,10 Valley Crest Ct,Little Rock,AR,72223,2750000,6,9.0,Pulaski County West,16257,193406,2005,1,169,333,Active,,,https://www.redfin.com/AR/Little-Rock/10-Valley-Crest-Ct-72223/home/82848133,CARMLS,25030498,N,Y,34.7930163,-92.4590151
MLS Listing,,Single Family Residential,16920 Valley Falls Dr,Little Rock,AR,72223,3500000,6,8.5,Pulaski County West,8830,41817,2002,1,396,167,Active,,,https://www.redfin.com/AR/Little-Rock/16920-Valley-Falls-Dr-72223/home/95365283,CARMLS,25030496,N,Y,34.7973553,-92.4600989
MLS Listing,,Single Family Residential,19 Pinto Pt,Little Rock,AR,72211,229900,3,2.0,Lit - West Little Rock (northwes,1270,7405,1988,1,181,,Active,,,https://www.redfin.com/AR/Little-Rock/19-Pinto-Pt-72211/home/82914540,CARMLS,25030491,N,Y,34.7423868,-92.412714
MLS Listing,,Single Family Residential,5303 W 57th St,Little Rock,AR,72209,179990,4,3.0,Lit - Southwest Little Rock (cen,1825,43560,1930,1,99,,Active,,,https://www.redfin.com/AR/Little-Rock/5303-W-57th-St-72209/home/95326601,CARMLS,25030486,N,Y,34.6974134,-92.3353671
MLS Listing,,Single Family Residential,108 Indian Trl,Little Rock,AR,72207,320000,3,2.0,Lit - West Little Rock (northwes,1768,9147,1952,1,181,,Active,,,https://www.redfin.com/AR/Little-Rock/108-Indian-Trl-72207/home/82943186,CARMLS,25030484,N,Y,34.7742084,-92.3579065
MLS Listing,,Single Family Residential,2807 Madison St,Little Rock,AR,72204,16000,2,1.0,Little Rock (ualr),726,6534,1945,1,22,,Active,,,https://www.redfin.com/AR/Little-Rock/2807-Madison-St-72204/home/81384958,CARMLS,25030481,N,Y,34.7259373,-92.3271889
MLS Listing,,Condo/Co-op,1609 S Woodrow St,Little Rock,AR,72204,120000,2,2.0,Little Rock (downtown),1792,6534,1920,1,67,,Active,,,https://www.redfin.com/AR/Little-Rock/1609-S-Woodrow-St-72204/home/81382818,CARMLS,25030473,N,Y,34.7356175,-92.3056323
MLS Listing,,Single Family Residential,103 Rosemary Way,Little Rock,AR,72223,389000,3,2.0,Pulaski County West,1812,7405,2020,1,215,141,Active,August-3-2025 02:00 PM,August-3-2025 04:00 PM,https://www.redfin.com/AR/Little-Rock/103-Rosemary-Way-72223/home/171152492,CARMLS,25030449,N,Y,34.7666901,-92.4782757
MLS Listing,,Single Family Residential,14201 Saint Michael Dr Dr,Little Rock,AR,72211,380000,3,2.0,Lit - West Little Rock (northwes,2186,11325,1992,1,174,44,Active,August-3-2025 02:00 PM,August-3-2025 04:00 PM,https://www.redfin.com/AR/Little-Rock/14201-Saint-Michael-Dr-72211/home/82842651,CARMLS,25030439,N,Y,34.759146,-92.4315808
MLS Listing,,Vacant Land,000 Colonel Glenn Rd,Little Rock,AR,72210,2350000,,,Lit - West Little Rock (northwes,,2787840,,1,,,Active,,,https://www.redfin.com/AR/Little-Rock/Colonel-Glenn-Rd-72210/home/81399757,CARMLS,25030423,N,Y,34.710146,-92.429255
MLS Listing,,Single Family Residential,3 Poydras Dr,Little Rock,AR,72211,350000,4,2.5,Lit - West Little Rock (northwes,2765,11761,1984,1,127,42,Active,,,https://www.redfin.com/AR/Little-Rock/3-Poydras-Dr-72211/home/95338632,CARMLS,25030392,N,Y,34.7594328,-92.4227839
MLS Listing,,Condo/Co-op,1 Treetops Ln #803,Little Rock,AR,72202,285000,2,2.0,Little Rock (heights/hillcrest),1202,,1982,1,237,815,Active,August-3-2025 02:00 PM,August-3-2025 04:00 PM,https://www.redfin.com/AR/Little-Rock/1-Treetops-Ln-72202/unit-803/home/81370697,CARMLS,25030374,N,Y,34.7719905,-92.3138249
MLS Listing,,Single Family Residential,14 Longleaf Cv,Little Rock,AR,72223,370000,3,2.0,Pulaski County West,1808,5662,2011,1,205,,Active,,,https://www.redfin.com/AR/Little-Rock/14-Longleaf-Cv-72223/home/82896467,CARMLS,25030370,N,Y,34.8019237,-92.4592678
MLS Listing,,Single Family Residential,1920 Beechwood,Little Rock,AR,72207,759900,3,2.5,Little Rock (heights/hillcrest),1929,7840,1925,1,394,,Active,,,https://www.redfin.com/AR/Little-Rock/1920-Beechwood-St-72207/home/81371044,CARMLS,25030366,N,Y,34.769735,-92.3246466
MLS Listing,,Single Family Residential,2914 Valley Park Dr,Little Rock,AR,72212,329000,3,2.0,Lit - West Little Rock (northwes,1863,10454,1979,1,177,,Active,August-3-2025 02:00 PM,August-3-2025 04:00 PM,https://www.redfin.com/AR/Little-Rock/2914-Valley-Park-Dr-72212/home/82930579,CARMLS,25030361,N,Y,34.7811639,-92.4301666
MLS Listing,,Single Family Residential,160 Caurel Cir,Little Rock,AR,72223,598000,4,2.5,Pulaski County West,2740,10890,2025,1,218,65,Active,August-2-2025 02:00 PM,August-2-2025 04:00 PM,https://www.redfin.com/AR/Little-Rock/160-Caurel-Cir-72223/home/173990621,CARMLS,25030348,N,Y,34.80941,-92.498085
MLS Listing,,Single Family Residential,25 Falstone Dr,Little Rock,AR,72223,1008900,5,3.5,Pulaski County West,4435,18295,2022,1,227,33,Active,August-10-2025 02:00 PM,August-10-2025 04:00 PM,https://www.redfin.com/AR/Little-Rock/25-Falstone-Dr-72223/home/169891211,CARMLS,25030330,N,Y,34.7838768,-92.4535931
MLS Listing,,Single Family Residential,35 Burkwood Drive Dr,Little Rock,AR,72211,280000,3,2.0,Lit - West Little Rock (northwes,1754,10890,1988,1,160,,Active,,,https://www.redfin.com/AR/Little-Rock/35-Burkwood-Dr-72211/home/82842020,CARMLS,25030327,N,Y,34.7470944,-92.4206728
MLS Listing,,Single Family Residential,67 Falstone Dr,Little Rock,AR,72223,975000,5,4.5,Pulaski County West,4033,16552,2021,1,242,50,Active,,,https://www.redfin.com/AR/Little-Rock/67-Falstone-Dr-72223/home/169891231,CARMLS,25030320,N,Y,34.7831557,-92.447852
MLS Listing,,Single Family Residential,20 Caurel Ct,Little Rock,AR,72223,585000,5,3.5,Pulaski County West,2967,10018,2020,1,197,58,Active,,,https://www.redfin.com/AR/Little-Rock/20-Caurel-Ct-72223/home/169891094,CARMLS,25030315,N,Y,34.8094513,-92.5007774
MLS Listing,,Vacant Land,1620 S Pine St,Little Rock,AR,72204,9000,,,Little Rock (ualr),,6098,,2,,,Active,,,https://www.redfin.com/AR/Little-Rock/1620-S-Pine-St-72204/home/95322892,CARMLS,25030313,N,Y,34.7362045,-92.3172485
MLS Listing,,Single Family Residential,2405 S Pine St,Little Rock,AR,72204,65000,4,2.5,Little Rock (ualr),2154,6534,1941,2,30,,Active,,,https://www.redfin.com/AR/Little-Rock/2405-S-Pine-St-72204/home/95323236,CARMLS,25030311,N,Y,34.72932,-92.3172308
MLS Listing,,Single Family Residential,812 N Shackleford Rd,Little Rock,AR,,210000,3,2.0,Lit - West Little Rock (northwes,1958,10890,1964,2,107,,Active,,,https://www.redfin.com/AR/Little-Rock/812-N-Shackleford-Rd-72211/home/82925648,CARMLS,25030293,N,Y,34.7605474,-92.3983152
MLS Listing,,Single Family Residential,3025 Main St,Little Rock,AR,72206,275000,3,2.0,Little Rock (downtown),1400,5227,2022,2,196,,Active,,,https://www.redfin.com/AR/Little-Rock/3025-Main-St-72206/home/81384046,CARMLS,25030292,N,Y,34.718941,-92.274093
MLS Listing,,Single Family Residential,36 Corlay Dr,Little Rock,AR,72223,729900,4,3.0,Pulaski County West,3250,12632,2025,2,225,54,Active,,,https://www.redfin.com/AR/Little-Rock/36-Corlay-Dr-72223/home/177532199,CARMLS,25030289,N,Y,34.80956,-92.5071789
MLS Listing,,Single Family Residential,10712 Yosemite Valley Dr,Little Rock,AR,72212,345000,3,2.5,Lit - West Little Rock (northwes,2224,13068,1975,2,155,42,Active,,,https://www.redfin.com/AR/Little-Rock/10712-Yosemite-Valley-Dr-72212/home/88446021,CARMLS,25030282,N,Y,34.7727741,-92.3929142
MLS Listing,,Single Family Residential,14408 Wimbledon Loop,Little Rock,AR,72210,312000,4,2.0,"Lit - Otter Creek, Westfield & S",2178,12196,2005,2,143,49,Active,,,https://www.redfin.com/AR/Little-Rock/14408-Wimbledon-Loop-72210/home/95357251,CARMLS,25030260,N,Y,34.6661921,-92.4384447
MLS Listing,,Single Family Residential,12 Summer Ridge Ct,Little Rock,AR,72211,275000,3,2.0,Lit - West Little Rock (northwes,1687,21344,1995,2,163,,Active,,,https://www.redfin.com/AR/Little-Rock/12-Summer-Ridge-Ct-72211/home/95344247,CARMLS,25030253,N,Y,34.7295044,-92.4074679
MLS Listing,,Single Family Residential,36 Glasgow Ct,Little Rock,AR,72211,429999,4,2.5,Lit - West Little Rock (northwes,2315,11761,2006,2,186,,Active,,,https://www.redfin.com/AR/Little-Rock/36-Glasgow-Ct-72211/home/82951455,CARMLS,25030227,N,Y,34.7666656,-92.4444039
MLS Listing,,Single Family Residential,1012 W 36th St,Little Rock,AR,72206,119900,3,2.0,Little Rock (downtown),1629,,2020,2,74,,Active,,,https://www.redfin.com/AR/Little-Rock/1012-W-36th-St-72206/home/81384981,CARMLS,25030211,N,Y,34.7139756,-92.2868702
MLS Listing,,Single Family Residential,7 Mereville Pl,Little Rock,AR,72223,924000,5,5.0,Pulaski County West,3985,8276,2024,2,232,125,Active,,,https://www.redfin.com/AR/Little-Rock/7-Mereville-Pl-72223/home/187470725,CARMLS,25030201,N,Y,34.767619,-92.463773
MLS Listing,,Single Family Residential,1420 Mesquite Dr,Little Rock,AR,72211,250000,3,2.0,Lit - West Little Rock (northwes,1313,8276,1994,2,190,,Active,,,https://www.redfin.com/AR/Little-Rock/1420-Mesquite-Dr-72211/home/82885770,CARMLS,25030182,N,Y,34.7381938,-92.4199315
MLS Listing,,Condo/Co-op,54 Reservoir Heights Dr,Little Rock,AR,72227,199900,3,2.5,Lit - West Little Rock (north),1655,,1985,2,121,510,Active,,,https://www.redfin.com/AR/Little-Rock/54-Reservoir-Heights-Dr-72227/home/81393771,CARMLS,25030164,N,Y,34.7616386,-92.3756353
MLS Listing,,Single Family Residential,12617 Goldleaf Dr,Little Rock,AR,72210,239000,3,2.0,"Lit - Otter Creek, Westfield & S",1536,8712,1990,2,156,,Active,,,https://www.redfin.com/AR/Little-Rock/12617-Goldleaf-Dr-72210/home/95363121,CARMLS,25030162,N,Y,34.6768894,-92.4164926
MLS Listing,,Single Family Residential,7505 N St,Little Rock,AR,72207,199900,3,2.0,Lit - West Little Rock (north),1403,7405,1963,2,142,,Active,,,https://www.redfin.com/AR/Little-Rock/7505-N-St-72207/home/95340686,CARMLS,25030102,N,Y,34.7652721,-92.3573737
MLS Listing,,Single Family Residential,5124 W 11th St,Little Rock,AR,72204,167500,3,2.0,Little Rock (ualr),1288,7405,2025,2,130,,Active,,,https://www.redfin.com/AR/Little-Rock/5124-W-11th-St-72204/home/81380259,CARMLS,25030097,N,Y,34.7422112,-92.3320032
MLS Listing,,Single Family Residential,13016 Lemoncrest Ln,Little Rock,AR,72210,190000,3,2.0,"Lit - Otter Creek, Westfield & S",1511,9583,1976,2,126,55,Active,,,https://www.redfin.com/AR/Little-Rock/13016-Lemoncrest-Ln-72210/home/81420386,CARMLS,25030092,N,Y,34.6584189,-92.4382883
MLS Listing,,Single Family Residential,26 Jacob Pl,Little Rock,AR,72211,549000,4,3.5,Lit - West Little Rock (northwes,3805,16552,2005,2,144,43,Active,August-3-2025 02:00 PM,August-3-2025 04:00 PM,https://www.redfin.com/AR/Little-Rock/26-Jacob-Pl-72211/home/82866896,CARMLS,25030087,N,Y,34.7695833,-92.4356876
MLS Listing,,Single Family Residential,4309 Deer Park Dr,Little Rock,AR,72223,385000,4,2.5,Lit - West Little Rock (northwes,2400,13068,1988,2,160,,Active,,,https://www.redfin.com/AR/Little-Rock/4309-Deer-Park-Dr-72223/home/95334199,CARMLS,25030085,N,Y,34.7923169,-92.4439601
MLS Listing,,Single Family Residential,8301 Stanton Rd,Little Rock,AR,72209,88000,3,1.0,Lit - Southwest Little Rock (sou,1080,12632,1955,3,81,,Active,,,https://www.redfin.com/AR/Little-Rock/8301-Stanton-Rd-72209/home/81416439,CARMLS,25030079,N,Y,34.6739186,-92.3327346
MLS Listing,,Single Family Residential,63 Copper Cir,Little Rock,AR,72223,425000,3,2.5,Pulaski County West,1970,5662,2025,3,216,17,Active,,,https://www.redfin.com/AR/Little-Rock/63-Copper-Cir-72223/home/196687003,CARMLS,25030047,N,Y,34.7485015,-92.4604342
MLS Listing,,Townhouse,3901 Cedar Hill Rd #12,Little Rock,AR,72202,324000,3,3.0,Little Rock (heights/hillcrest),2106,,1973,3,154,1013,Active,,,https://www.redfin.com/AR/Little-Rock/3901-Cedar-Hill-Rd-72202/unit-12/home/82919504,CARMLS,25030041,N,Y,34.7598282,-92.3161658
MLS Listing,,Condo/Co-op,16 Reservoir Heights Dr,Little Rock,AR,72227,129900,2,2.0,Lit - West Little Rock (north),1384,,1981,3,94,408,Active,,,https://www.redfin.com/AR/Little-Rock/16-Reservoir-Heights-Dr-72227/home/95340272,CARMLS,25030034,N,Y,34.7622375,-92.3748271
MLS Listing,,Single Family Residential,323 Santa Fe Trl,Little Rock,AR,72205,159900,3,1.0,Lit - West Little Rock (north),1008,6534,1960,3,159,,Active,,,https://www.redfin.com/AR/Little-Rock/323-Santa-Fe-Trl-72205/home/82975184,CARMLS,25029996,N,Y,34.7567898,-92.3809206
MLS Listing,,Single Family Residential,1524 S Tyler St,Little Rock,AR,72204,155000,4,3.0,Little Rock (ualr),2850,54450,1955,3,54,,Active,,,https://www.redfin.com/AR/Little-Rock/1524-S-Tyler-St-72204/home/185874986,CARMLS,25029978,N,Y,34.7377296,-92.3337549
MLS Listing,,Single Family Residential,12923 Hummingbird Ln,Alexander,AR,72002,188000,3,2.0,Bryant,1265,9147,1999,3,149,18,Active,,,https://www.redfin.com/AR/Alexander/12923-Hummingbird-Ln-72002/home/81503785,CARMLS,25029960,N,Y,34.6249677,-92.423554
MLS Listing,,Single Family Residential,8814 Clover Hl,Little Rock,AR,72205,179500,3,2.0,Lit - West Little Rock (central),1050,9583,1961,3,171,,Active,,,https://www.redfin.com/AR/Little-Rock/8814-Cloverhill-Rd-72205/home/95342526,CARMLS,25029950,N,Y,34.749446,-92.3730142
MLS Listing,,Mobile/Manufactured Home,2802 W Dixon Rd,Little Rock,AR,72206,169900,4,2.0,Pulaski County - Rural (south),2128,33976,2003,3,80,,Active,,,https://www.redfin.com/AR/Little-Rock/2802-W-Dixon-Rd-72206/home/95330024,CARMLS,25029946,N,Y,34.6590172,-92.2856204
MLS Listing,,Single Family Residential,3224 Wynne St,Little Rock,AR,72204,138000,3,1.0,Lit - West Little Rock (central),980,7840,1957,3,141,,Active,,,https://www.redfin.com/AR/Little-Rock/3224-Wynne-St-72204/home/82966777,CARMLS,25029944,N,Y,34.7232602,-92.3622335
MLS Listing,,Single Family Residential,2324 Fair Park Blvd,Little Rock,AR,,105000,2,1.0,Little Rock (ualr),936,7405,1956,3,112,,Active,,,https://www.redfin.com/AR/Little-Rock/2324-Fair-Park-Blvd-72204/home/82862767,CARMLS,25029941,N,Y,34.7301778,-92.3352469
MLS Listing,,Condo/Co-op,116 Cambridge Place Dr,Little Rock,AR,72227,239900,2,2.5,Lit - West Little Rock (north),1796,,1973,3,134,400,Active,August-3-2025 02:00 PM,August-3-2025 04:00 PM,https://www.redfin.com/AR/Little-Rock/116-Cambridge-Place-Dr-72227/home/81408017,CARMLS,25029938,N,Y,34.7826107,-92.389633
MLS Listing,,Vacant Land,000 Young Rd,Little Rock,AR,72209,20000,,,Lit - Southwest Little Rock (cen,,13939,,3,,,Active,,,https://www.redfin.com/AR/Little-Rock/Young-Rd-72209/home/81385162,CARMLS,25029935,N,Y,34.679956,-92.340149
MLS Listing,,Vacant Land,000 Elam St,Little Rock,AR,72204,10000,,,Little Rock (ualr),,7405,,3,,,Active,,,https://www.redfin.com/AR/Little-Rock/Elam-St-72204/home/81398204,CARMLS,25029934,N,Y,34.71087,-92.376921
MLS Listing,,Condo/Co-op,22 Driftwood Ln,Little Rock,AR,72223,333862,3,2.0,Pulaski County West,1535,4791,2025,3,217,125,Active,,,https://www.redfin.com/AR/Little-Rock/22-22nd-St-72202/home/196680288,CARMLS,25029933,N,Y,34.7498,-92.438
MLS Listing,,Vacant Land,4117 West St,Little Rock,AR,72204,15500,,,Little Rock (ualr),,17424,,3,,,Active,,,https://www.redfin.com/AR/Little-Rock/4117-West-St-72204/home/81397957,CARMLS,25029929,N,Y,34.7156925,-92.3818442
MLS Listing,,Condo/Co-op,20 Driftwood Ln,Little Rock,AR,72223,316422,2,2.0,Pulaski County West,1455,4791,2025,3,217,125,Active,,,https://www.redfin.com/AR/Little-Rock/20-Driftwood-LN-72223/home/196680253,CARMLS,25029930,N,Y,34.7498,-92.438
MLS Listing,,Vacant Land,000 Potter St,Little Rock,AR,72204,7500,,,Little Rock (ualr),,6534,,3,,,Active,,,https://www.redfin.com/AR/Little-Rock/Potter-St-72204/home/95347167,CARMLS,25029927,N,Y,34.719262,-92.364037
MLS Listing,,Vacant Land,000 Longcoy St,Little Rock,AR,72204,50000,,,Little Rock (ualr),,39639,,3,,,Active,,,https://www.redfin.com/AR/Little-Rock/Longcoy-St-72204/home/81397214,CARMLS,25029926,N,Y,34.715801,-92.372385
MLS Listing,,Vacant Land,8219 39th St,Little Rock,AR,72204,10000,,,Little Rock (ualr),,10018,,3,,,Active,,,https://www.redfin.com/AR/Little-Rock/8219-W-39th-St-72204/home/95347298,CARMLS,25029925,N,Y,34.7176029,-92.36724
MLS Listing,,Single Family Residential,1024 N Mellon St,Little Rock,AR,72207,235000,3,2.0,Lit - West Little Rock (north),1412,8276,1959,3,166,,Active,,,https://www.redfin.com/AR/Little-Rock/1024-Mellon-St-72207/home/81394434,CARMLS,25029912,N,Y,34.761677,-92.3521399
MLS Listing,,Single Family Residential,4209 W 22nd St,Little Rock,AR,72204,124900,2,1.0,Little Rock (ualr),966,6969,1940,4,129,,Active,,,https://www.redfin.com/AR/Little-Rock/4209-W-22nd-St-72204/home/82800231,CARMLS,25029909,N,Y,34.7313588,-92.3212186
MLS Listing,,Single Family Residential,1505 Point West Dr,Little Rock,AR,72211,190000,3,2.0,Lit - West Little Rock (northwes,1172,7840,1987,4,162,,Active,,,https://www.redfin.com/AR/Little-Rock/1505-Point-West-Dr-72211/home/95343622,CARMLS,25029892,N,Y,34.7405304,-92.4130895
MLS Listing,,Single Family Residential,72 Robinwood,Little Rock,AR,72227,735000,4,3.5,Lit - West Little Rock (north),3384,,1978,4,217,,Active,,,https://www.redfin.com/AR/Little-Rock/72-Robinwood-Dr-72227/home/81391577,CARMLS,25029847,N,Y,34.7855504,-92.3733323
MLS Listing,,Single Family Residential,6 Cherryhill Cv,Little Rock,AR,72211,324000,3,2.0,Lit - West Little Rock (northwes,1955,10018,1997,4,166,,Active,,,https://www.redfin.com/AR/Little-Rock/6-Cherryhill-Cv-72211/home/95362703,CARMLS,25029836,N,Y,34.736678,-92.4096409
MLS Listing,,Single Family Residential,34 Woodglen Rd,Little Rock,AR,72227,499000,2,2.5,Lit - West Little Rock (north),2472,37461,2014,4,202,,Active,,,https://www.redfin.com/AR/Little-Rock/34-Woodglen-Rd-72207/home/95358143,CARMLS,25029822,N,Y,34.7837026,-92.3626526
MLS Listing,,Vacant Land,0 Baseline Rd,Little Rock,AR,72210,18000,,,Lit - Southwest Little Rock (cen,,23522,,4,,,Active,,,https://www.redfin.com/AR/Little-Rock/W-Baseline-Rd-72210/home/81402996,CARMLS,25029813,N,Y,34.673201,-92.452991
MLS Listing,,Vacant Land,0 Foxmoor Dr,Little Rock,AR,72206,16000,,,Lit - Southwest Little Rock (sou,,19166,,4,,,Active,,,https://www.redfin.com/AR/Little-Rock/Foxmoor-Dr-72206/home/81388800,CARMLS,25029811,N,Y,34.606882,-92.344915
MLS Listing,,Vacant Land,2923 S Scott St,Little Rock,AR,72206,18000,,,Little Rock (downtown),,2613,,4,,,Active,,,https://www.redfin.com/AR/Little-Rock/2923-Scott-St-72206/home/95325282,CARMLS,25029809,N,Y,34.7193273,-92.2722815
MLS Listing,,Vacant Land,0 S Louisiana St,Little Rock,AR,72206,20000,,,Little Rock (downtown),,4356,,4,,,Active,,,https://www.redfin.com/AR/Little-Rock/S-Louisiana-St-72206/home/95325046,CARMLS,25029805,N,Y,34.722574,-92.27496
MLS Listing,,Vacant Land,1804 Security,Little Rock,AR,72202,10000,,,Little Rock (east),,5227,,4,,,Active,,,https://www.redfin.com/AR/Little-Rock/1804-Security-Ave-72202/home/95324899,CARMLS,25029802,N,Y,34.7296485,-92.2523487
MLS Listing,,Vacant Land,40 W Windsor Dr,Little Rock,AR,72209,30000,,,Lit - Southwest Little Rock (cen,,20037,,4,,,Active,,,https://www.redfin.com/AR/Little-Rock/40-W-Windsor-Dr-72209/home/95349295,CARMLS,25029771,N,Y,34.695112,-92.36042
MLS Listing,,Single Family Residential,2100 Durwood Rd,Little Rock,AR,72207,299500,3,2.0,Lit - West Little Rock (north),1586,13503,1950,4,189,,Active,,,https://www.redfin.com/AR/Little-Rock/2100-Durwood-Rd-72207/home/82934495,CARMLS,25029754,N,Y,34.7720179,-92.3510434
MLS Listing,,Single Family Residential,209 Commentry Ln,Little Rock,AR,72223,699000,4,4.0,Pulaski County West,4374,9583,2008,4,160,21,Active,,,https://www.redfin.com/AR/Little-Rock/209-Commentry-Ln-72223/home/95357409,CARMLS,25029740,N,Y,34.8131432,-92.517345
MLS Listing,,Single Family Residential,48 Westmont Cir,Little Rock,AR,72209,85000,3,2.0,Lit - Southwest Little Rock (cen,1517,10018,1956,5,56,,Active,,,https://www.redfin.com/AR/Little-Rock/48-Westmont-Cir-72209/home/95349414,CARMLS,25029724,N,Y,34.6959746,-92.3523885
MLS Listing,,Single Family Residential,105 Easy St,Maumelle,AR,72113,359500,2,2.5,Maumelle,1702,5662,2024,5,211,200,Active,,,https://www.redfin.com/AR/Maumelle/105-Easy-ST-72113/home/190990787,CARMLS,25029707,N,Y,34.755824,-92.495069
MLS Listing,,Single Family Residential,120 Calion Ct,Little Rock,AR,72223,877800,4,3.5,Pulaski County West,3800,9583,2025,5,231,276,Active,August-2-2025 02:00 PM,August-2-2025 04:00 PM,https://www.redfin.com/AR/Little-Rock/120-Calion-Dr-72223/home/196625889,CARMLS,25029702,N,Y,34.8064517,-92.498588
MLS Listing,,Single Family Residential,4319 W 28th St,Little Rock,AR,72204,100000,2,1.0,Little Rock (ualr),893,6098,1952,5,112,,Active,,,https://www.redfin.com/AR/Little-Rock/4319-W-28th-St-72204/home/81384555,CARMLS,25029696,N,Y,34.7259342,-92.3224961
MLS Listing,,Single Family Residential,317 Rosemary Way,Little Rock,AR,72223,559000,4,2.5,Pulaski County West,2658,8276,2022,5,210,,Active,,,https://www.redfin.com/AR/Little-Rock/317-Rosemary-Way-72223/home/177532302,CARMLS,25029692,N,Y,34.7644153,-92.4814593
MLS Listing,,Single Family Residential,1100 N Polk St,Little Rock,AR,72205,315000,3,2.0,Little Rock (heights/hillcrest),1750,6969,1945,6,180,,Active,August-3-2025 02:00 PM,August-3-2025 04:00 PM,https://www.redfin.com/AR/Little-Rock/1100-N-Polk-St-72205/home/95382036,CARMLS,25029668,N,Y,34.7611211,-92.3348834
MLS Listing,,Single Family Residential,4009 Monarch Pass,Little Rock,AR,72210,899000,5,4.5,Pulaski Special (saline County),4310,131551,2015,6,209,77,Active,,,https://www.redfin.com/AR/Little-Rock/4009-Monarch-Pass-72210/home/95436695,CARMLS,25029646,N,Y,34.7613024,-92.603126
MLS Listing,,Single Family Residential,8511 Ferndale Cutoff Rd,Little Rock,AR,,265000,4,2.0,Pulaski County West,1536,21780,1977,6,173,,Active,,,https://www.redfin.com/AR/Little-Rock/8511-Ferndale-Cut-Off-Rd-72223/home/95354272,CARMLS,25029643,N,Y,34.8129782,-92.5249576
MLS Listing,,Single Family Residential,8 Brittany Ln,Little Rock,AR,72210,295000,4,2.0,"Lit - Otter Creek, Westfield & S",2011,13503,2004,7,147,49,Active,,,https://www.redfin.com/AR/Little-Rock/8-Brittany-Ln-72210/home/95329376,CARMLS,25029625,N,Y,34.6638723,-92.4355453
MLS Listing,,Single Family Residential,9203 Labette Dr,Little Rock,AR,72205,155000,3,1.5,Lit - West Little Rock (central),1148,7405,1973,7,135,,Active,,,https://www.redfin.com/AR/Little-Rock/9203-Labette-Dr-72205/home/95345587,CARMLS,25029609,N,Y,34.7358111,-92.376985
MLS Listing,,Single Family Residential,508 N Coolidge St,Little Rock,AR,72205,317000,3,2.0,Lit - West Little Rock (north),1976,6969,1977,7,160,,Active,,,https://www.redfin.com/AR/Little-Rock/508-N-Coolidge-St-72205/home/82865280,CARMLS,25029607,N,Y,34.756617,-92.351219
MLS Listing,,Single Family Residential,1615 N Taylor St,Little Rock,AR,72207,495000,3,2.0,Little Rock (heights/hillcrest),1909,6969,1940,7,259,,Active,,,https://www.redfin.com/AR/Little-Rock/1615-N-Taylor-St-72207/home/82900886,CARMLS,25029589,N,Y,34.7671007,-92.3356696
MLS Listing,,Single Family Residential,17 Wingate Dr,Little Rock,AR,72205,247500,4,2.5,Lit - West Little Rock (north),2466,16988,1958,7,100,,Active,,,https://www.redfin.com/AR/Little-Rock/17-Wingate-Dr-72205/home/95342290,CARMLS,25029557,N,Y,34.754419,-92.3594822
MLS Listing,,Single Family Residential,904 S Oak St,Little Rock,AR,72204,238500,3,3.0,Little Rock (ualr),3000,17859,1930,7,80,,Active,,,https://www.redfin.com/AR/Little-Rock/904-S-Oak-St-72204/home/95320930,CARMLS,25029547,N,Y,34.7428507,-92.3159422
MLS Listing,,Single Family Residential,10819 Yosemite Valley Dr,Little Rock,AR,72212,350000,4,2.5,Lit - West Little Rock (northwes,1974,13068,1973,7,177,42,Active,August-3-2025 02:00 PM,August-3-2025 04:00 PM,https://www.redfin.com/AR/Little-Rock/10819-Yosemite-Valley-Dr-72212/home/81391619,CARMLS,25029546,N,Y,34.7724182,-92.3943045
MLS Listing,,Single Family Residential,1853 S Ringo St,Little Rock,AR,72206,220000,1,2.5,Little Rock (downtown),2790,5227,1920,7,79,,Active,,,https://www.redfin.com/AR/Little-Rock/1853-S-Ringo-St-72206/home/95324361,CARMLS,25029536,N,Y,34.7317296,-92.28549
MLS Listing,,Single Family Residential,110 N Cedar St,Little Rock,AR,72205,273000,3,1.0,Little Rock (heights/hillcrest),1372,6969,1934,7,199,,Active,,,https://www.redfin.com/AR/Little-Rock/110-N-Cedar-St-72205/home/81379887,CARMLS,25029533,N,Y,34.751945,-92.3176563
MLS Listing,,Single Family Residential,6900 W Markham St,Little Rock,AR,72205,169900,3,2.0,Lit - West Little Rock (central),1513,20037,1955,7,112,,Active,,,https://www.redfin.com/AR/Little-Rock/6900-W-Markham-St-72205/home/95341783,CARMLS,25029524,N,Y,34.7530211,-92.3513189
MLS Listing,,Multi-Family (2-4 Unit),2703 S Harrison,Little Rock,AR,72204,135000,3,,Little Rock (ualr),1459,6534,1946,7,93,,Active,,,https://www.redfin.com/AR/Little-Rock/2703-S-Harrison-St-72204/home/81381016,CARMLS,25029516,N,Y,34.7270519,-92.33266
MLS Listing,,Single Family Residential,37 Belles Fleurs Cir,Little Rock,AR,72223,549900,3,2.5,Pulaski County West,2750,7840,2018,7,200,40,Active,,,https://www.redfin.com/AR/Little-Rock/37-Belles-Fleurs-Cir-72223/home/144814389,CARMLS,25029517,N,Y,34.7946709,-92.456816
MLS Listing,,Single Family Residential,3613 Boyd St,Little Rock,AR,72204,95000,2,1.0,Lit - West Little Rock (central),860,13068,1968,7,110,,Active,,,https://www.redfin.com/AR/Little-Rock/3613-Boyd-St-72204/home/81419662,CARMLS,25029510,N,Y,34.7201115,-92.3695731
MLS Listing,,Single Family Residential,24 Rosemoor Dr,Little Rock,AR,72209,130000,3,1.5,Lit - Southwest Little Rock (cen,1292,9147,1965,7,101,,Active,,,https://www.redfin.com/AR/Little-Rock/24-Rosemoor-Dr-72209/home/81385244,CARMLS,25029505,N,Y,34.7032891,-92.330142
MLS Listing,,Vacant Land,1520 Hanger St,Little Rock,AR,72202,25000,,,Little Rock (east),,6969,,7,,,Active,,,https://www.redfin.com/AR/Little-Rock/1520-Hanger-St-72202/home/81382498,CARMLS,25029493,N,Y,34.7323318,-92.257712
MLS Listing,,Single Family Residential,18 El Dorado Dr,Little Rock,AR,72212,575000,4,3.0,Lit - West Little Rock (northwes,4084,28314,1979,7,141,35,Active,,,https://www.redfin.com/AR/Little-Rock/18-El-Dorado-Dr-72212/home/95335439,CARMLS,25029485,N,Y,34.7870236,-92.4111847
MLS Listing,,Single Family Residential,1627 Lorance,Little Rock,AR,72206,445000,4,2.0,Sheridan Schools (saline County),2600,150282,2007,7,171,,Active,August-3-2025 02:00 PM,August-3-2025 04:00 PM,https://www.redfin.com/AR/Little-Rock/1627-Lorance-Dr-72206/home/95435129,CARMLS,25029480,N,Y,34.5738593,-92.3020151
MLS Listing,,Single Family Residential,1867 S Ringo St,Little Rock,AR,72206,375000,4,3.5,Little Rock (downtown),2391,7405,2022,7,157,,Active,,,https://www.redfin.com/AR/Little-Rock/1867-S-Ringo-St-72206/home/81383382,CARMLS,25029469,N,Y,34.7312129,-92.2855064
MLS Listing,,Single Family Residential,9914 Pinnacle Valley Rd,Little Rock,AR,72223,319000,3,2.0,Pulaski County West,2208,20908,1974,7,144,,Active,,,https://www.redfin.com/AR/Little-Rock/9914-Pinnacle-Valley-Rd-72223/home/81401882,CARMLS,25029468,N,Y,34.8305848,-92.4468995
MLS Listing,,Single Family Residential,400 Fern Ave,Little Rock,AR,72205,415000,3,1.5,Little Rock (heights/hillcrest),1900,5662,1930,8,218,,Active,,,https://www.redfin.com/AR/Little-Rock/400-Fern-Ave-72205/home/81379181,CARMLS,25029405,N,Y,34.7475938,-92.3038879
MLS Listing,,Single Family Residential,12617 Valleywood Dr,Little Rock,AR,72211,235000,3,2.0,Lit - West Little Rock (northwes,1257,8276,1980,8,187,,Active,,,https://www.redfin.com/AR/Little-Rock/12617-Valleywood-Dr-72211/home/95343565,CARMLS,25029375,N,Y,34.7495235,-92.4139862
MLS Listing,,Single Family Residential,11121 Beverly Hills Dr,Little Rock,AR,72211,159000,3,2.0,Lit - West Little Rock (northwes,1108,7840,1967,8,144,,Active,,,https://www.redfin.com/AR/Little-Rock/11121-Beverly-Hills-Dr-72211/home/82853859,CARMLS,25029371,N,Y,34.7572345,-92.3979419
MLS Listing,,Vacant Land,2415 S Chester,Little Rock,AR,72206,14000,,,Little Rock (downtown),,4356,,8,,,Active,,,https://www.redfin.com/AR/Little-Rock/2415-S-Chester-St-72206/home/81383008,CARMLS,25029364,N,Y,34.725255,-92.284619
MLS Listing,,Vacant Land,2224 S Ringo,Little Rock,AR,72206,18000,,,Little Rock (downtown),,6969,,8,,,Active,,,https://www.redfin.com/AR/Little-Rock/2224-S-Ringo-St-72206/home/95324458,CARMLS,25029360,N,Y,34.7272343,-92.2862835
MLS Listing,,Vacant Land,1115 W Charles Bussey,Little Rock,AR,72206,15000,,,Little Rock (downtown),,4356,,8,,,Active,,,https://www.redfin.com/AR/Little-Rock/1115-W-20th-St-72206/home/95324380,CARMLS,25029357,N,Y,34.729663,-92.28662
MLS Listing,,Single Family Residential,8 Ledge Rock Cv,Little Rock,AR,72211,875000,6,4.5,Lit - West Little Rock (northwes,5272,10890,2013,8,166,55,Active,,,https://www.redfin.com/AR/Little-Rock/8-Ledge-Rock-Cv-72211/home/95359412,CARMLS,25029337,N,Y,34.7369808,-92.4350068
MLS Listing,,Single Family Residential,1712 Pinewood Dr,Little Rock,AR,,125000,2,1.5,Little Rock (ualr),1106,6098,1956,8,113,,Active,,,https://www.redfin.com/AR/Little-Rock/1712-Pinewood-Dr-72204/home/81380901,CARMLS,25029333,N,Y,34.7355635,-92.3270348
MLS Listing,,Vacant Land,1112 W 12th,Little Rock,AR,72202,21000,,,Little Rock (downtown),,4356,,8,,,Active,,,https://www.redfin.com/AR/Little-Rock/1112-W-12th-St-72202/home/196574034,CARMLS,25029330,N,Y,34.7389981,-92.2849675
MLS Listing,,Single Family Residential,7 Canterbury,Little Rock,AR,72223,488000,4,2.5,Lit - West Little Rock (northwes,3273,14374,1994,8,149,,Active,,,https://www.redfin.com/AR/Little-Rock/7-Canterbury-Ct-72223/home/95334202,CARMLS,25029300,N,Y,34.8006902,-92.4413612
MLS Listing,,Single Family Residential,22 Nob View Cir,Little Rock,AR,72205,310000,3,2.5,Lit - West Little Rock (north),2046,8712,1964,9,152,,Active,August-3-2025 01:00 PM,August-3-2025 04:00 PM,https://www.redfin.com/AR/Little-Rock/22-Nob-View-Cir-72205/home/82846250,CARMLS,25029247,N,Y,34.7575483,-92.3647251
MLS Listing,,Single Family Residential,26 Foxcroft Village Dr,Little Rock,AR,72227,320000,3,2.5,Lit - West Little Rock (north),1749,3049,1995,9,183,,Active,August-2-2025 02:00 PM,August-2-2025 04:00 PM,https://www.redfin.com/AR/Little-Rock/26-Foxcroft-Village-Dr-72227/home/82908172,CARMLS,25029222,N,Y,34.7782036,-92.3639114
MLS Listing,,Single Family Residential,5216 W 31st St,Little Rock,AR,72204,165000,4,2.5,Little Rock (ualr),1852,6098,1946,9,89,,Active,,,https://www.redfin.com/AR/Little-Rock/5216-W-31st-St-72204/home/81384869,CARMLS,25029200,N,Y,34.7242158,-92.3328025
MLS Listing,,Single Family Residential,149 Kinley Loop,Little Rock,AR,72223,479900,4,3.0,Pulaski County West,2200,6098,2025,9,218,29,Active,,,https://www.redfin.com/AR/Little-Rock/28-Rahling-Cir-72223/home/194285294,CARMLS,25029194,N,Y,34.76768,-92.454237
MLS Listing,,Single Family Residential,8012 Westwood Ave,Little Rock,AR,72204,199000,5,3.0,Lit - West Little Rock (central),1959,49658,1950,9,102,,Active,,,https://www.redfin.com/AR/Little-Rock/8012-Westwood-Ave-72204/home/95348863,CARMLS,25029193,N,Y,34.7045347,-92.36568
MLS Listing,,Multi-Family (2-4 Unit),1870 S Izard St,Little Rock,AR,72206,215000,3,,Little Rock (downtown),2021,4356,1930,9,106,,Active,,,https://www.redfin.com/AR/Little-Rock/1870-S-Izard-St-72206/home/82988442,CARMLS,25029172,N,Y,34.7310255,-92.2836341
MLS Listing,,Single Family Residential,4724 W 26th St,Little Rock,AR,72204,130000,3,2.5,Little Rock (ualr),1620,11761,1950,9,80,,Active,,,https://www.redfin.com/AR/Little-Rock/4724-W-26th-St-72204/home/81381170,CARMLS,25029171,N,Y,34.7283087,-92.3271292
MLS Listing,,Single Family Residential,11543 Bainbridge Dr,Little Rock,AR,72212,379000,4,3.0,Lit - West Little Rock (northwes,2694,24393,1965,9,141,,Active,,,https://www.redfin.com/AR/Little-Rock/11543-Bainbridge-Dr-72212/home/82937142,CARMLS,25029157,N,Y,34.7975182,-92.4014922
MLS Listing,,Single Family Residential,201 Dennison St,Little Rock,AR,72205,262500,3,1.0,Little Rock (heights/hillcrest),1450,6969,1953,9,181,,Active,,,https://www.redfin.com/AR/Little-Rock/201-Dennison-St-72205/home/81378492,CARMLS,25029099,N,Y,34.7493066,-92.2985
MLS Listing,,Single Family Residential,107 N Summit St,Little Rock,AR,72205,235000,3,2.0,Little Rock (heights/hillcrest),1628,10890,1950,9,144,,Active,,,https://www.redfin.com/AR/Little-Rock/107-N-Summit-St-72205/home/95319894,CARMLS,25029097,N,Y,34.7508269,-92.2943171
MLS Listing,,Single Family Residential,5216 I St,Little Rock,AR,72205,607500,3,2.5,Little Rock (heights/hillcrest),2448,10018,1912,9,248,,Active,,,https://www.redfin.com/AR/Little-Rock/5216-I-St-72205/home/95382536,CARMLS,25029096,N,Y,34.7604767,-92.3316652
MLS Listing,,Vacant Land,3918 W 23 St,Little Rock,AR,72204,18000,,,Little Rock (ualr),,3484,,10,,,Active,,,https://www.redfin.com/AR/Little-Rock/3918-W-23rd-St-72204/home/81381868,CARMLS,25029063,N,Y,34.7306079,-92.318171
MLS Listing,,Condo/Co-op,31 Hampshire Cir,Little Rock,AR,72212,149900,2,2.5,Lit - West Little Rock (northwes,1545,,1973,10,97,365,Active,,,https://www.redfin.com/AR/Little-Rock/31-Hampshire-Cir-72212/home/81414400,CARMLS,25029057,N,Y,34.7707654,-92.4015235
MLS Listing,,Single Family Residential,6305 Kavanaugh Blvd,Little Rock,AR,72207,295000,3,1.0,Lit - West Little Rock (north),1073,5227,1920,10,275,,Active,,,https://www.redfin.com/AR/Little-Rock/6305-Kavanaugh-Blvd-72207/home/95340486,CARMLS,25029041,N,Y,34.7703101,-92.3444687
MLS Listing,,Single Family Residential,803 Oak Park Dr,Little Rock,AR,72204,179800,3,2.0,Lit - Southwest Little Rock (cen,1980,25700,1953,10,91,,Active,,,https://www.redfin.com/AR/Little-Rock/803-Oak-Park-Dr-72204/home/95346967,CARMLS,25029020,N,Y,34.7130018,-92.3531948
MLS Listing,,Multi-Family (2-4 Unit),110 Pine Valley Rd,Little Rock,AR,72207,315000,4,4.0,Lit - West Little Rock (north),2268,5662,1983,10,139,,Active,,,https://www.redfin.com/AR/Little-Rock/110-Pine-Valley-Rd-72207/home/95362435,CARMLS,25029015,N,Y,34.7713232,-92.3453744
MLS Listing,,Single Family Residential,24 Wakefield Dr,Little Rock,AR,72209,115000,3,1.5,Lit - Southwest Little Rock (cen,1175,6969,1960,10,98,,Active,,,https://www.redfin.com/AR/Little-Rock/24-S-Wakefield-Dr-72209/home/81407273,CARMLS,25028984,N,Y,34.6833527,-92.3289128
MLS Listing,,Single Family Residential,26 Chenay Dr,Little Rock,AR,72223,459900,4,2.5,Pulaski County West,2508,10454,2008,10,183,42,Active,,,https://www.redfin.com/AR/Little-Rock/26-Chenay-Dr-72223/home/82924367,CARMLS,25028975,N,Y,34.8070622,-92.5050682
MLS Listing,,Single Family Residential,7419 Illinois St,Little Rock,AR,72207,240000,2,2.0,Lit - West Little Rock (north),1712,7405,1950,10,140,,Active,August-3-2025 02:00 PM,August-3-2025 04:00 PM,https://www.redfin.com/AR/Little-Rock/7419-Illinois-St-72207/home/81394188,CARMLS,25028973,N,Y,34.7670699,-92.3568343
MLS Listing,,Single Family Residential,10 Palmetto Ct,Little Rock,AR,72211,459000,5,3.5,Lit - West Little Rock (northwes,3386,15245,1988,10,136,44,Active,,,https://www.redfin.com/AR/Little-Rock/10-Palmetto-Ct-72211/home/95338753,CARMLS,25028938,N,Y,34.7627951,-92.4330125
MLS Listing,,Single Family Residential,6 Cobblestone Creek Ct,Little Rock,AR,72210,214900,3,2.0,"Lit - Otter Creek, Westfield & S",1431,8276,2006,10,150,,Active,,,https://www.redfin.com/AR/Little-Rock/6-Cobblestone-Creek-Ct-72210/home/81801126,CARMLS,25028932,N,Y,34.6792411,-92.4206013
MLS Listing,,Single Family Residential,4322 W 28th St,Little Rock,AR,72204,139900,3,2.0,Little Rock (ualr),1608,6969,1940,10,87,,Active,,,https://www.redfin.com/AR/Little-Rock/4322-W-28th-St-72204/home/95323457,CARMLS,25028929,N,Y,34.7262518,-92.3228234
MLS Listing,,Single Family Residential,4 Woodstock,Little Rock,AR,72227,244900,4,2.5,Lit - West Little Rock (north),1857,14810,1980,10,132,,Active,,,https://www.redfin.com/AR/Little-Rock/4-Woodstock-Ct-72227/home/81392695,CARMLS,25028918,N,Y,34.7809058,-92.3900247
MLS Listing,,Single Family Residential,8720 Fairwood Rd,Mabelvale,AR,72103,79000,2,1.0,Lit - Southwest Little Rock (sou,809,25700,1945,10,98,,Active,,,https://www.redfin.com/AR/Mabelvale/8720-Fairwood-Rd-72103/home/95352508,CARMLS,25028912,N,Y,34.6541702,-92.3760617
MLS Listing,,Single Family Residential,127 N Schiller,Little Rock,AR,72205,106000,2,1.0,Little Rock (heights/hillcrest),672,5227,1950,11,158,,Active,,,https://www.redfin.com/AR/Little-Rock/127-N-Schiller-St-72205/home/95319889,CARMLS,25028898,N,Y,34.7515914,-92.2952281
MLS Listing,,Single Family Residential,123 N Schiller,Little Rock,AR,72205,106000,2,1.0,Little Rock (heights/hillcrest),670,5227,1950,11,158,,Active,,,https://www.redfin.com/AR/Little-Rock/123-N-Schiller-St-72205/home/81378808,CARMLS,25028897,N,Y,34.751483,-92.2952358
MLS Listing,,Multi-Family (2-4 Unit),312 S Barton St,Little Rock,AR,72205,389900,4,4.0,Little Rock (heights/hillcrest),3000,,1920,11,130,,Active,,,https://www.redfin.com/AR/Little-Rock/312-Barton-St-72205/home/95320050,CARMLS,25028891,N,Y,34.7475984,-92.2979064
MLS Listing,,Single Family Residential,1621 S State St,Little Rock,AR,72206,149999,3,1.0,Little Rock (downtown),1170,7405,1900,11,128,,Active,,,https://www.redfin.com/AR/Little-Rock/1621-S-State-St-72206/home/95319255,CARMLS,25028885,N,Y,34.7336592,-92.2815262
MLS Listing,,Vacant Land,1855 S Chester St,Little Rock,AR,72206,240000,,,Little Rock (downtown),,24393,,11,,,Active,,,https://www.redfin.com/AR/Little-Rock/1855-S-Chester-St-72206/home/196518522,CARMLS,25022304,N,Y,34.7315802,-92.2842944
MLS Listing,,Vacant Land,1850 S Ringo St,Little Rock,AR,72206,28000,,,Little Rock (downtown),,7405,,11,,,Active,,,https://www.redfin.com/AR/Little-Rock/1850-S-Ringo-St-72206/home/83017170,CARMLS,25028851,N,Y,34.7316628,-92.2860152
MLS Listing,,Vacant Land,7 Oversprings Dr Lot 7,Alexander,AR,72002,68900,,,Bryant,,243500,,11,,,Active,,,https://www.redfin.com/AR/Alexander/Undersprings-Dr-72002/unit-7/home/168968259,CARMLS,25028843,N,Y,34.6846070130746,-92.497182139105
MLS Listing,,Single Family Residential,122 Wellington Plantation Ln,Little Rock,AR,72207,628000,4,4.5,Lit - West Little Rock (northwes,4227,15245,2005,11,149,41,Active,,,https://www.redfin.com/AR/Little-Rock/122-Wellington-Plantation-Ln-72211/home/81409482,CARMLS,25028812,N,Y,34.770925,-92.4427995
MLS Listing,,Single Family Residential,11 Tortoise Park Cv,Little Rock,AR,72211,255500,4,2.5,Lit - West Little Rock (northwes,1831,9147,1980,11,140,,Active,,,https://www.redfin.com/AR/Little-Rock/11-Tortoise-Park-Cv-72211/home/82949964,CARMLS,25028800,N,Y,34.7637008,-92.4073209
MLS Listing,,Vacant Land,Lot#7 Lynch Rd Unit Lynch Rd. Lot7,Clinton,AR,73031,29500,,,Clinton,,57934,,11,,,Active,,,https://www.redfin.com/AR/Clinton/Lot7-Lynch-RD-72031/unit-Lynch-Rd-Lot7/home/196517415,CARMLS,25028799,N,Y,34.77917,-92.38222
MLS Listing,,Condo/Co-op,800 North St #41,Little Rock,AR,72201,143900,2,2.0,Little Rock (downtown),862,,2005,11,167,298,Active,,,https://www.redfin.com/AR/Little-Rock/800-North-St-72201/unit-41/home/81414921,CARMLS,25028797,N,Y,34.751206,-92.2785231
MLS Listing,,Single Family Residential,7800 W 29th St,Little Rock,AR,,163500,3,2.0,Lit - West Little Rock (central),1229,6969,1965,11,133,,Active,,,https://www.redfin.com/AR/Little-Rock/7800-W-29th-St-72204/home/95346097,CARMLS,25028795,N,Y,34.7271629,-92.3612358
MLS Listing,,Single Family Residential,16304 S Hwy 365,Wrightsville,AR,72206,195000,3,2.5,Pulaski County - Rural (south),2228,44866,1981,11,88,,Active,,,https://www.redfin.com/AR/Little-Rock/16304-Highway-365-S-72206/home/95380108,CARMLS,25028786,N,Y,34.6009772,-92.2171724
MLS Listing,,Single Family Residential,12400 Cherry Laurel Dr,Little Rock,AR,72211,285000,3,2.0,Lit - West Little Rock (northwes,1674,8712,1993,11,170,,Active,,,https://www.redfin.com/AR/Little-Rock/12400-Cherry-Laurel-Dr-72211/home/95343985,CARMLS,25028748,N,Y,34.7378107,-92.4108567
MLS Listing,,Single Family Residential,317 Kanis Ridge Dr,Little Rock,AR,72223,419000,3,2.5,Lit - West Little Rock (northwes,2235,6969,2024,12,187,21,Active,,,https://www.redfin.com/AR/Little-Rock/317-Kanis-Ridge-Dr-72223/home/148473490,CARMLS,25028687,N,Y,34.748075,-92.432059
MLS Listing,,Single Family Residential,2519 S Spg,Little Rock,AR,72206,110000,3,1.0,Little Rock (east),1466,10018,1920,13,75,,Active,,,https://www.redfin.com/AR/Little-Rock/2519-S-Spring-St-72206/home/81383172,CARMLS,25028668,N,Y,34.7236736,-92.2772034
MLS Listing,,Single Family Residential,6523 Brentwood Rd,Cammack Village,AR,,337000,3,2.0,Little Rock (heights/hillcrest),1400,6969,1958,13,241,,Active,,,https://www.redfin.com/AR/Cammack-Village/6523-Brentwood-Rd-72207/home/95362247,CARMLS,25028659,N,Y,34.7776372,-92.3470568
MLS Listing,,Single Family Residential,5205 Wycliffe Dr,Little Rock,AR,72209,107000,3,1.5,Lit - Southwest Little Rock (cen,948,8712,1964,13,113,,Active,,,https://www.redfin.com/AR/Little-Rock/5205-Wycliffe-Dr-72209/home/95326836,CARMLS,25028651,N,Y,34.6851934,-92.3351459
MLS Listing,,Single Family Residential,15 Woodcliff Cir,Little Rock,AR,72204,129000,3,1.0,Lit - West Little Rock (central),1040,8712,1954,13,124,,Active,,,https://www.redfin.com/AR/Little-Rock/15-Woodcliff-Cir-72204/home/81396906,CARMLS,25028648,N,Y,34.7296089,-92.3428311
MLS Listing,,Vacant Land,510 Binghamwood Rd,Little Rock,AR,72206,75500,,,Pulaski County - Rural (south),,298821,,13,,,Active,,,https://www.redfin.com/AR/Little-Rock/510-Binghamwood-Rd-72206/home/95328915,CARMLS,25028638,N,Y,34.594015,-92.2794849
MLS Listing,,Single Family Residential,9516 Wiggins Pl,Little Rock,AR,72205,179900,3,2.0,Lit - West Little Rock (north),1620,13503,1964,13,111,,Active,,,https://www.redfin.com/AR/Little-Rock/9516-Wiggins-Pl-72205/home/95342822,CARMLS,25028637,N,Y,34.7505575,-92.3808339
MLS Listing,,Single Family Residential,13324 Alexander Rd,Alexander,AR,,187000,3,2.0,Lit - Southwest Little Rock (sou,1604,30491,1955,13,117,,Active,,,https://www.redfin.com/AR/Alexander/13324-Alexander-Rd-72002/home/81401325,CARMLS,25028636,N,Y,34.6407891,-92.4270175
MLS Listing,,Single Family Residential,14 Bradford Dr,Little Rock,AR,72227,253000,4,2.5,Lit - West Little Rock (central),2106,10890,1973,13,120,,Active,,,https://www.redfin.com/AR/Little-Rock/14-Bradford-Dr-72227/home/81420505,CARMLS,25028604,N,Y,34.7667343,-92.3781664
MLS Listing,,Single Family Residential,14004 Quail Run Dr,Little Rock,AR,72210,219900,4,3.0,"Lit - Otter Creek, Westfield & S",1953,9583,1976,13,113,55,Active,,,https://www.redfin.com/AR/Little-Rock/14004-Quail-Run-Dr-72210/home/81400125,CARMLS,25028603,N,Y,34.6571706,-92.4332238
MLS Listing,,Townhouse,2200 Andover #1104,Little Rock,AR,72227,255000,2,2.5,Lit - West Little Rock (north),1420,,1983,13,180,380,Active,,,https://www.redfin.com/AR/Little-Rock/2200-Andover-Ct-72227/unit-1104/home/196505014,CARMLS,25028593,N,Y,34.7742288,-92.3666724
MLS Listing,,Single Family Residential,5135 Cantrell Rd,Little Rock,AR,72207,354900,3,1.5,Little Rock (heights/hillcrest),1564,6969,1930,13,227,,Active,,,https://www.redfin.com/AR/Little-Rock/5135-Cantrell-Rd-72207/home/95381904,CARMLS,25028592,N,Y,34.7678615,-92.3312916
MLS Listing,,Single Family Residential,1920 Stagecoach Village Cir Cir,Little Rock,AR,72210,249000,3,2.0,"Lit - Otter Creek, Westfield & S",1829,3920,2006,14,136,197,Active,,,https://www.redfin.com/AR/Little-Rock/1920-Stagecoach-Vlg-72210/home/95329275,CARMLS,25028578,N,Y,34.6704378,-92.422014
MLS Listing,,Single Family Residential,2216 Scott St,Little Rock,AR,72206,250000,2,2.0,Little Rock (downtown),1411,7405,1910,14,177,,Active,August-3-2025 02:00 PM,August-3-2025 04:00 PM,https://www.redfin.com/AR/Little-Rock/2216-Scott-St-72206/home/82826412,CARMLS,25028571,N,Y,34.7271208,-92.2728589
MLS Listing,,Single Family Residential,9119 Tedburn Cir,Little Rock,AR,72209,155000,3,2.0,Lit - Southwest Little Rock (sou,1672,10018,1967,14,93,,Active,,,https://www.redfin.com/AR/Little-Rock/9119-Tedburn-Cir-72209/home/82918734,CARMLS,25028568,N,Y,34.6675362,-92.3739386
MLS Listing,,Single Family Residential,4 Blackthorn St,Little Rock,AR,72223,344900,3,2.0,Lit - West Little Rock (northwes,2196,6534,2005,14,157,,Active,,,https://www.redfin.com/AR/Little-Rock/4-Blackthorn-St-72223/home/81409290,CARMLS,25028530,N,Y,34.7940996,-92.4419709
MLS Listing,,Single Family Residential,12618 Goldleaf Dr,Little Rock,AR,72210,195000,3,2.0,"Lit - Otter Creek, Westfield & S",1282,6969,1987,14,152,,Active,,,https://www.redfin.com/AR/Little-Rock/12618-Goldleaf-Dr-72210/home/82916218,CARMLS,25028519,N,Y,34.6773063,-92.4165822
MLS Listing,,Single Family Residential,136 Abington Dr,Little Rock,AR,72223,1050000,5,4.5,Pulaski County West,4488,10890,2025,14,234,38,Active,,,https://www.redfin.com/AR/Little-Rock/136-Abington-Dr-72223/home/196497674,CARMLS,25028491,N,Y,34.7893786,-92.4531619
MLS Listing,,Single Family Residential,2916 Echo Valley Dr,Little Rock,AR,72227,244900,3,2.5,Lit - West Little Rock (north),1849,9583,1974,14,132,19,Active,,,https://www.redfin.com/AR/Little-Rock/2916-Echo-Valley-Dr-72227/home/82846353,CARMLS,25028474,N,Y,34.7795429,-92.3794617
MLS Listing,,Condo/Co-op,700 E 9th St Unit 13F,Little Rock,AR,72202,142500,1,1.0,Little Rock (downtown),650,,1968,14,219,350,Active,,,https://www.redfin.com/AR/Little-Rock/700-E-9th-St-72202/unit-13F/home/95319726,CARMLS,25028388,N,Y,34.7401785,-92.2638678
MLS Listing,,Single Family Residential,8304 Red Oak Ln,Little Rock,AR,72205,244500,4,1.5,Lit - West Little Rock (north),2064,8712,1963,14,118,,Active,,,https://www.redfin.com/AR/Little-Rock/8304-Red-Oak-Ln-72205/home/95342118,CARMLS,25028385,N,Y,34.7554662,-92.3656872
MLS Listing,,Single Family Residential,2908 Crouchwood Rd,Little Rock,AR,72207,399000,3,2.0,Lit - West Little Rock (north),2635,16552,1954,14,151,,Active,,,https://www.redfin.com/AR/Little-Rock/2908-Crouchwood-Rd-72207/home/95336257,CARMLS,25028379,N,Y,34.7790361,-92.3494142
MLS Listing,,Single Family Residential,14710 Woodcreek Dr,Little Rock,AR,72211,380000,3,2.0,Lit - West Little Rock (northwes,2608,9583,1992,14,146,,Active,,,https://www.redfin.com/AR/Little-Rock/14710-Woodcreek-Dr-72211/home/95343766,CARMLS,25028373,N,Y,34.7553065,-92.438358
MLS Listing,,Single Family Residential,10816 Dreher Rd,Little Rock,AR,72206,340000,4,2.0,Pulaski County - Rural (south),2197,479160,1968,15,155,,Active,,,https://www.redfin.com/AR/Little-Rock/10816-Dreher-Rd-72206/home/81387085,CARMLS,25028365,N,Y,34.6491027,-92.2855595
MLS Listing,,Single Family Residential,7020 Amherst Dr,Little Rock,AR,72205,245000,4,2.5,Lit - West Little Rock (north),2121,10454,1962,15,116,,Active,,,https://www.redfin.com/AR/Little-Rock/7020-Amherst-Dr-72205/home/82895273,CARMLS,25028360,N,Y,34.7539858,-92.3530207
MLS Listing,,Single Family Residential,76 S Meadowcliff Dr,Little Rock,AR,72209,145000,3,2.0,Lit - Southwest Little Rock (cen,1104,8276,1955,15,131,,Active,,,https://www.redfin.com/AR/Little-Rock/76-S-Meadowcliff-Dr-72209/home/95349425,CARMLS,25028358,N,Y,34.6954033,-92.3535611
MLS Listing,,Single Family Residential,56 Hill Ln,Little Rock,AR,72209,120000,3,1.0,Lit - Southwest Little Rock (cen,1075,7405,1955,15,112,,Active,,,https://www.redfin.com/AR/Little-Rock/56-Hill-Ln-72209/home/81385336,CARMLS,25028355,N,Y,34.7008679,-92.3341957
MLS Listing,,Single Family Residential,9701 Chicot Rd,Little Rock,AR,72209,162500,4,2.0,Lit - Southwest Little Rock (sou,1751,8276,1968,15,93,,Active,,,https://www.redfin.com/AR/Little-Rock/9701-Chicot-Rd-72209/home/81400462,CARMLS,25028356,N,Y,34.6620481,-92.362595
MLS Listing,,Single Family Residential,17 Belmar Dr,Little Rock,AR,72209,123000,3,1.5,Lit - Southwest Little Rock (cen,960,10454,1955,15,128,,Active,,,https://www.redfin.com/AR/Little-Rock/17-Belmar-Dr-72209/home/81398748,CARMLS,25028354,N,Y,34.6989989,-92.349903
MLS Listing,,Single Family Residential,7009 Cold Creek Dr,Alexander,AR,72002,419900,3,2.5,Bryant,2300,10890,2025,15,183,5,Active,,,https://www.redfin.com/AR/Alexander/7009-Cold-Creek-DR-Unknown/home/194575872,CARMLS,25028340,N,Y,34.6273,-92.4426
MLS Listing,,Single Family Residential,7400 Vega Dr,Little Rock,AR,72209,199900,3,2.0,Lit - Southwest Little Rock (cen,1268,14810,1966,15,158,,Active,,,https://www.redfin.com/AR/Little-Rock/7400-Vega-Dr-72209/home/95351027,CARMLS,25028332,N,Y,34.6598668,-92.3608232
MLS Listing,,Single Family Residential,2115 N Mckinley St,Little Rock,AR,72207,527000,3,3.0,Little Rock (heights/hillcrest),1911,6534,1941,15,276,,Active,August-3-2025 02:00 PM,August-3-2025 04:00 PM,https://www.redfin.com/AR/Little-Rock/2115-N-McKinley-St-72207/home/81392088,CARMLS,25028328,N,Y,34.7718102,-92.3447193
MLS Listing,,Single Family Residential,12601 Misty Creek Dr,Little Rock,AR,72211,315000,3,2.5,Lit - West Little Rock (central),1900,7840,1995,15,166,,Active,,,https://www.redfin.com/AR/Little-Rock/12601-Misty-Creek-Dr-72211/home/81395846,CARMLS,25028313,N,Y,34.735907,-92.4148648
MLS Listing,,Single Family Residential,2101 Hickory Nut Ct,Little Rock,AR,72211,325000,3,2.5,Lit - West Little Rock (northwes,2240,11325,1987,15,145,,Active,,,https://www.redfin.com/AR/Little-Rock/2101-Hickorynut-Ct-72211/home/95343849,CARMLS,25028289,N,Y,34.7354745,-92.4034648
MLS Listing,,Single Family Residential,5700 Scenic Dr,Little Rock,AR,72207,849900,4,4.5,Little Rock (heights/hillcrest),4296,8276,1994,15,198,,Active,August-3-2025 02:00 PM,August-3-2025 04:00 PM,https://www.redfin.com/AR/Little-Rock/5700-Scenic-Dr-72207/home/95381362,CARMLS,25028277,N,Y,34.780354,-92.3363309
MLS Listing,,Single Family Residential,103 Abington Dr,Little Rock,AR,72223,999900,5,5.0,Pulaski County West,4100,11761,2025,15,244,57,Active,,,https://www.redfin.com/AR/Little-Rock/103-Abington-Dr-72223/home/183675216,CARMLS,25028268,N,Y,34.7890544,-92.4533183
MLS Listing,,Single Family Residential,9220 Reck Rd,Little Rock,AR,72209,139900,4,1.5,Lit - Southwest Little Rock (cen,1200,6969,1971,15,117,,Active,,,https://www.redfin.com/AR/Little-Rock/9220-Reck-Rd-72209/home/81386748,CARMLS,25028265,N,Y,34.6648401,-92.3283093
MLS Listing,,Vacant Land,0 Dollarway Dr Dr,Little Rock,AR,72211,599900,,,Lit - West Little Rock (northwes,,431679,,15,,,Active,,,https://www.redfin.com/AR/Little-Rock/Dollarway-Dr-DR-72211/home/196477497,CARMLS,25028261,N,Y,34.715464,-92.426891
MLS Listing,,Single Family Residential,2911 Holt St,Little Rock,AR,72204,205000,3,2.0,Lit - West Little Rock (central),1381,6534,2010,15,148,,Active,,,https://www.redfin.com/AR/Little-Rock/2911-Holt-St-72204/home/95347779,CARMLS,25028240,N,Y,34.7266202,-92.376944
MLS Listing,,Single Family Residential,1707 Point West Dr,Little Rock,AR,72211,244000,3,2.0,Lit - West Little Rock (northwes,1491,8712,1993,15,164,,Active,August-3-2025 02:00 PM,August-3-2025 04:00 PM,https://www.redfin.com/AR/Little-Rock/1707-Point-West-Dr-72211/home/82970867,CARMLS,25028232,N,Y,34.7391026,-92.4120449
MLS Listing,,Single Family Residential,1608 S Cross St,Little Rock,AR,72206,189900,2,2.5,Little Rock (downtown),1581,6969,1910,15,120,,Active,,,https://www.redfin.com/AR/Little-Rock/1608-S-Cross-St-72206/home/81379375,CARMLS,25028220,N,Y,34.7347622,-92.2866619
MLS Listing,,Condo/Co-op,2200 Andover Ct #102,Little Rock,AR,72227,225000,2,2.5,Lit - West Little Rock (north),1408,,1979,15,160,362,Active,,,https://www.redfin.com/AR/Little-Rock/2200-Andover-Ct-72227/unit-102/home/82780826,CARMLS,25028208,N,Y,34.7742288,-92.3666724
MLS Listing,,Single Family Residential,4204 W 23 St,Little Rock,AR,72204,75000,3,2.0,Little Rock (ualr),1215,6969,1920,15,62,,Active,,,https://www.redfin.com/AR/Little-Rock/4204-W-23rd-St-72204/home/95323202,CARMLS,25028207,N,Y,34.7308036,-92.3209105
MLS Listing,,Single Family Residential,4018 Elam St,Little Rock,AR,72204,115000,3,1.0,Little Rock (ualr),1337,6534,1973,15,86,,Active,,,https://www.redfin.com/AR/Little-Rock/4018-Elam-St-72204/home/95347848,CARMLS,25028206,N,Y,34.7165275,-92.3766379
MLS Listing,,Single Family Residential,215 Shamrock Dr,Little Rock,AR,72205,280000,2,2.0,Lit - West Little Rock (north),1943,12632,1959,15,144,,Active,,,https://www.redfin.com/AR/Little-Rock/215-Shamrock-Dr-72205/home/82951048,CARMLS,25028204,N,Y,34.7546356,-92.3551665
MLS Listing,,Single Family Residential,25 Woodcliff Cir,Little Rock,AR,72204,119900,3,1.0,Lit - West Little Rock (central),1080,8276,1954,15,111,,Active,,,https://www.redfin.com/AR/Little-Rock/25-Woodcliff-Cir-72204/home/82968193,CARMLS,25028197,N,Y,34.7300094,-92.343351
MLS Listing,,Single Family Residential,Church St,Little Rock,AR,72206,60000,2,2.0,Pulaski County (east),980,21780,,16,61,,Active,,,https://www.redfin.com/AR/Little-Rock/Church-St-72206/home/95379910,CARMLS,25028160,N,Y,34.620802,-92.222909
MLS Listing,,Single Family Residential,3508 Green Dr,Little Rock,AR,,110000,3,1.0,Lit - Southwest Little Rock (sou,960,9583,1977,16,115,,Active,,,https://www.redfin.com/AR/Little-Rock/3508-Green-Dr-72209/home/81386571,CARMLS,25028149,N,Y,34.6637667,-92.3182006
MLS Listing,,Single Family Residential,66 Copper Cir,Little Rock,AR,72223,529000,3,2.5,Pulaski County West,2450,7405,2025,16,216,17,Active,,,https://www.redfin.com/AR/Little-Rock/66-Copper-Cir-72223/home/196451301,CARMLS,25028141,N,Y,34.7485004,-92.4604342
MLS Listing,,Single Family Residential,901 N Mckinley,Little Rock,AR,72207,264900,3,2.0,Lit - West Little Rock (north),1678,10018,1958,16,158,,Active,August-3-2025 02:00 PM,August-3-2025 04:00 PM,https://www.redfin.com/AR/Little-Rock/901-N-McKinley-St-72207/home/82953304,CARMLS,25028104,N,Y,34.7599786,-92.3450129
MLS Listing,,Single Family Residential,4308 W 26th St,Little Rock,AR,72204,175000,3,2.0,Little Rock (ualr),1596,13068,1953,16,110,,Active,,,https://www.redfin.com/AR/Little-Rock/4308-W-26th-St-72204/home/95323423,CARMLS,25028050,N,Y,34.7281588,-92.3223023
MLS Listing,,Single Family Residential,13209 Pleasant Forest Dr,Little Rock,AR,72212,280000,3,2.0,Lit - West Little Rock (northwes,1985,8276,1983,16,141,,Active,,,https://www.redfin.com/AR/Little-Rock/13209-Pleasant-Forest-Dr-72212/home/95335084,CARMLS,25028047,N,Y,34.7900195,-92.4205778
MLS Listing,,Single Family Residential,1821 Pickering Ln Ln,Little Rock,AR,72211,345000,3,2.0,Lit - West Little Rock (northwes,2186,9147,1986,16,158,,Active,,,https://www.redfin.com/AR/Little-Rock/1821-Pickering-Ln-72211/home/95339366,CARMLS,25028044,N,Y,34.7675817,-92.411031
MLS Listing,,Condo/Co-op,3700 Cantrell Rd #404,Little Rock,AR,72202,185000,1,1.0,Little Rock (heights/hillcrest),709,,2009,16,261,393,Active,,,https://www.redfin.com/AR/Little-Rock/3700-Cantrell-Rd-72202/unit-404/home/81416250,CARMLS,25028033,N,Y,34.765563,-92.312232
MLS Listing,,Single Family Residential,14 Carrollton Ct,Little Rock,AR,72211,354800,3,2.0,Lit - West Little Rock (northwes,2185,7405,1989,16,162,,Active,August-3-2025 02:00 PM,August-3-2025 04:00 PM,https://www.redfin.com/AR/Little-Rock/14-Carrollton-Ct-72211/home/95339372,CARMLS,25028030,N,Y,34.7687976,-92.4097963
MLS Listing,,Single Family Residential,3219 Holt St,Little Rock,AR,72204,100000,2,1.5,Lit - West Little Rock (central),816,6534,1987,16,123,,Active,,,https://www.redfin.com/AR/Little-Rock/3219-Holt-St-72204/home/95347815,CARMLS,25023079,N,Y,34.7238039,-92.3770703
MLS Listing,,Single Family Residential,104 N Cedar St,Little Rock,AR,72205,239900,3,1.0,Little Rock (heights/hillcrest),1460,6969,1934,16,164,,Active,,,https://www.redfin.com/AR/Little-Rock/104-N-Cedar-St-72205/home/82882433,CARMLS,25028018,N,Y,34.7517347,-92.3176926
MLS Listing,,Single Family Residential,1400 Westhampton Dr,Little Rock,AR,72211,215000,3,2.5,Lit - West Little Rock (northwes,1778,6969,2002,17,121,,Active,,,https://www.redfin.com/AR/Little-Rock/1400-Westhampton-Dr-72211/home/82905692,CARMLS,25027983,N,Y,34.7415522,-92.4194952
MLS Listing,,Single Family Residential,32 Mereville Pl,Little Rock,AR,72223,1299900,5,5.5,Pulaski County West,5100,10018,2025,17,255,125,Active,,,https://www.redfin.com/AR/Little-Rock/32-Mereville-PL-Unknown/home/185573392,CARMLS,25027939,N,Y,34.766721,-92.463422
MLS Listing,,Single Family Residential,516 N Coolidge St,Little Rock,AR,72205,319000,4,3.0,Lit - West Little Rock (north),2218,9583,1964,17,144,,Active,August-2-2025 02:00 PM,August-2-2025 04:00 PM,https://www.redfin.com/AR/Little-Rock/516-N-Coolidge-St-72205/home/95340908,CARMLS,25027924,N,Y,34.756984,-92.351208
MLS Listing,,Vacant Land,000 Broadway,Little Rock,AR,72206,10000,,,Little Rock (downtown),,5227,,17,,,Active,,,https://www.redfin.com/AR/Little-Rock/Broadway-St-72206/home/105643897,CARMLS,25027919,N,Y,34.722615,-92.279283
MLS Listing,,Condo/Co-op,700 E 9th St Unit 7E,Little Rock,AR,72202,100000,1,1.0,Little Rock (downtown),625,,1967,17,160,250,Active,,,https://www.redfin.com/AR/Little-Rock/700-E-9th-St-72202/unit-7E/home/196426737,CARMLS,25027911,N,Y,34.7401801,-92.2639731
MLS Listing,,Condo/Co-op,700 E 9th St Unit 2L,Little Rock,AR,72202,145000,2,2.0,Little Rock (downtown),906,,1967,17,160,390,Active,,,https://www.redfin.com/AR/Little-Rock/700-E-9th-St-72202/unit-2L/home/195976933,CARMLS,25027907,N,Y,34.7401785,-92.2638678
MLS Listing,,Vacant Land,00 Boulevard,Little Rock,AR,72204,7500,,,Little Rock (ualr),,4791,,17,,,Active,,,https://www.redfin.com/AR/Little-Rock/Boulevard-72204/home/196426039,CARMLS,25027896,N,Y,34.727,-92.3444
MLS Listing,,Single Family Residential,3118 Breckenridge Dr,Little Rock,AR,72227,315000,4,3.0,Little Rock (east),2209,13068,1977,17,143,,Active,,,https://www.redfin.com/AR/Little-Rock/3118-Breckenridge-Dr-72227/home/95337230,CARMLS,25027887,N,Y,34.7794769,-92.3862756
MLS Listing,,Single Family Residential,2018 S Monroe St,Little Rock,AR,72204,134900,4,2.0,Little Rock (ualr),1506,7840,1970,17,90,,Active,,,https://www.redfin.com/AR/Little-Rock/2018-S-Monroe-St-72204/home/81381164,CARMLS,25027878,N,Y,34.7329743,-92.3284251
MLS Listing,,Single Family Residential,8904 Sage Meadows Dr,Little Rock,AR,72204,177000,3,2.0,Lit - West Little Rock (central),1265,8276,2010,17,140,,Active,,,https://www.redfin.com/AR/Little-Rock/8904-Sage-Meadows-Dr-72204/home/82858422,CARMLS,25027868,N,Y,34.729774,-92.3744139
MLS Listing,,Single Family Residential,17 Cove Creek Pt,Little Rock,AR,,525000,4,3.0,Lit - West Little Rock (northwes,3114,7405,2020,17,169,216,Active,,,https://www.redfin.com/AR/Little-Rock/17-Cove-Creek-Pt-72211/home/95360376,CARMLS,25027860,N,Y,34.7388924,-92.4263323
MLS Listing,,Single Family Residential,1617 S Valentine St,Little Rock,AR,72204,175000,3,2.0,Little Rock (ualr),1204,4791,1950,17,145,,Active,,,https://www.redfin.com/AR/Little-Rock/1617-S-Valentine-St-72204/home/81381372,CARMLS,25027858,N,Y,34.7359613,-92.3138643
MLS Listing,,Single Family Residential,27 Westmont Cir,Little Rock,AR,72209,120000,3,1.5,Lit - Southwest Little Rock (cen,1008,9147,1957,17,119,,Active,,,https://www.redfin.com/AR/Little-Rock/27-Westmont-Cir-72209/home/81398693,CARMLS,25027805,N,Y,34.6973773,-92.3538303
MLS Listing,,Single Family Residential,11 Johnnycake Ln,Little Rock,AR,72211,315000,4,2.0,Lit - West Little Rock (northwes,2190,10018,1975,18,144,,Active,,,https://www.redfin.com/AR/Little-Rock/11-Johnnycake-Ln-72211/home/81393928,CARMLS,25027785,N,Y,34.765931,-92.4043642
MLS Listing,,Single Family Residential,1514 Alberta Dr,Little Rock,AR,72227,269500,4,3.5,Lit - West Little Rock (north),2559,11325,1971,18,105,,Active,,,https://www.redfin.com/AR/Little-Rock/1514-Alberta-Dr-72227/home/82907384,CARMLS,25027775,N,Y,34.7662397,-92.3666781
MLS Listing,,Single Family Residential,10819 Lorie Ln,Mabelvale,AR,72103,199500,3,2.0,Lit - Southwest Little Rock (sou,1438,6969,1978,18,139,,Active,,,https://www.redfin.com/AR/Mabelvale/10819-Lorie-Ln-72103/home/81401005,CARMLS,25027770,N,Y,34.6518564,-92.3660886
MLS Listing,,Single Family Residential,4305 W 23rd St,Little Rock,AR,72204,203000,3,2.0,Little Rock (ualr),1600,6969,1918,18,127,,Active,,,https://www.redfin.com/AR/Little-Rock/4305-W-23rd-St-72204/home/95323228,CARMLS,25027760,N,Y,34.7304494,-92.3220818
MLS Listing,,Single Family Residential,409 Sunnymeade Dr,Little Rock,AR,72205,169900,3,2.0,Lit - West Little Rock (north),1404,10018,1959,18,121,,Active,,,https://www.redfin.com/AR/Little-Rock/409-Sunnymeade-Dr-72205/home/95342324,CARMLS,25027753,N,Y,34.7507841,-92.3658031
MLS Listing,,Single Family Residential,23 Inverness Cir,Little Rock,AR,72212,370000,4,3.0,Lit - West Little Rock (northwes,2223,13068,1976,18,166,42,Active,,,https://www.redfin.com/AR/Little-Rock/23-Inverness-Cir-72212/home/81391574,CARMLS,25027750,N,Y,34.7831973,-92.4068038
MLS Listing,,Single Family Residential,101 Noyant Dr,Little Rock,AR,72223,699000,5,4.5,Pulaski County West,4776,21780,2003,18,146,71,Active,,,https://www.redfin.com/AR/Little-Rock/101-Noyant-Dr-72223/home/95329514,CARMLS,25027712,N,Y,34.78256,-92.4617121
MLS Listing,,Single Family Residential,7219 Richwood,Little Rock,AR,72207,275000,2,1.5,Lit - West Little Rock (north),1490,7405,1954,18,185,,Active,August-3-2025 02:00 PM,August-3-2025 04:00 PM,https://www.redfin.com/AR/Little-Rock/7219-Richwood-Rd-72207/home/81392050,CARMLS,25027654,N,Y,34.7808193,-92.355166
MLS Listing,,Single Family Residential,5320 Timberland Dr,Little Rock,AR,72204,169500,3,2.0,Lit - West Little Rock (central),1868,9583,1979,18,91,,Active,,,https://www.redfin.com/AR/Little-Rock/5320-Timberland-Dr-72204/home/95348674,CARMLS,25027645,N,Y,34.703593,-92.3845719
MLS Listing,,Single Family Residential,6 White Oak Cir,Little Rock,AR,72227,315000,3,1.5,Lit - West Little Rock (north),1544,8276,1964,18,204,,Active,August-2-2025 01:00 PM,August-2-2025 03:00 PM,https://www.redfin.com/AR/Little-Rock/6-White-Oak-Cir-72227/home/95336822,CARMLS,25027641,N,Y,34.7755099,-92.3609071
MLS Listing,,Single Family Residential,9901 Eva Ln,Little Rock,AR,72209,134000,3,2.0,Lit - Southwest Little Rock (sou,1050,33541,1977,19,128,,Active,,,https://www.redfin.com/AR/Little-Rock/9901-Eva-Ln-72209/home/95351236,CARMLS,25027626,N,Y,34.6601824,-92.3579566
MLS Listing,,Single Family Residential,13701 Pleasant Forest Dr,Little Rock,AR,72212,364500,3,2.0,Lit - West Little Rock (northwes,2364,13939,1993,19,154,,Active,,,https://www.redfin.com/AR/Little-Rock/13701-Pleasant-Forest-Dr-72212/home/82948995,CARMLS,25027620,N,Y,34.7896445,-92.425131
MLS Listing,,Condo/Co-op,504 E 6th Unit St #201,Little Rock,AR,72202,215000,2,2.0,Little Rock (downtown),1284,,1900,19,167,139,Active,,,https://www.redfin.com/AR/Little-Rock/504-E-6th-St-72202/unit-201/home/146750038,CARMLS,25027613,N,Y,34.7426879,-92.2660871
MLS Listing,,Condo/Co-op,504 E 6th Unit St #101,Little Rock,AR,72202,220000,2,2.0,Little Rock (downtown),1270,,1900,19,173,138,Active,,,https://www.redfin.com/AR/Little-Rock/504-E-6th-St-72202/unit-101/home/171701572,CARMLS,25027612,N,Y,34.7426879,-92.2660871
MLS Listing,,Single Family Residential,84 Orle Cir,Little Rock,AR,72223,1399900,7,7.5,Pulaski County West,6550,21780,2025,19,214,97,Active,August-3-2025 11:00 AM,August-3-2025 04:00 PM,https://www.redfin.com/AR/Little-Rock/84-Orle-Cir-72223/home/178219978,CARMLS,25027596,N,Y,34.788338,-92.495154
MLS Listing,,Single Family Residential,1006 Johnson St,Little Rock,AR,72204,150000,2,1.0,Little Rock (ualr),1024,6969,1940,19,146,,Active,,,https://www.redfin.com/AR/Little-Rock/1006-Johnson-St-72204/home/81421105,CARMLS,25027591,N,Y,34.7415096,-92.3082369
MLS Listing,,Condo/Co-op,521 E President Clinton Ave #1304,Little Rock,AR,72201,999900,3,3.0,Little Rock (downtown),3589,,2004,20,279,1451,Active,,,https://www.redfin.com/AR/Little-Rock/521-President-Clinton-Ave-72201/unit-1304/home/185573078,CARMLS,25027585,N,Y,34.7469826,-92.2646549
MLS Listing,,Single Family Residential,13204 Laurel Oaks,Little Rock,AR,72211,275000,3,2.0,Lit - West Little Rock (northwes,1607,30491,1988,20,171,,Active,,,https://www.redfin.com/AR/Little-Rock/13204-Laurel-Oaks-Dr-72211/home/87954682,CARMLS,25027583,N,Y,34.7463498,-92.4209035
MLS Listing,,Single Family Residential,307 Alamo Dr Dr,Little Rock,AR,72211,199900,3,2.0,Lit - West Little Rock (northwes,1818,9147,1974,20,110,,Active,,,https://www.redfin.com/AR/Little-Rock/307-Alamo-Dr-72211/home/81395550,CARMLS,25027581,N,Y,34.7522955,-92.4055304
MLS Listing,,Single Family Residential,3319 Short Spring St,Little Rock,AR,72206,23000,2,1.0,Little Rock (downtown),648,4791,1946,20,35,,Active,,,https://www.redfin.com/AR/Little-Rock/3319-Short-Spring-St-72206/home/95325829,CARMLS,25027572,N,Y,34.7166042,-92.2781996
MLS Listing,,Single Family Residential,15 Saint Charles Ct,Little Rock,AR,72211,725000,5,5.0,Lit - West Little Rock (northwes,5876,19166,1980,20,123,48,Active,,,https://www.redfin.com/AR/Little-Rock/15-Saint-Charles-Ct-72211/home/95338590,CARMLS,25027563,N,Y,34.7614403,-92.4188944
MLS Listing,,Single Family Residential,9 Emerald Ct,Little Rock,AR,72212,299900,3,2.5,Lit - West Little Rock (northwes,2223,9147,1979,20,135,,Active,August-3-2025 02:00 PM,August-3-2025 04:00 PM,https://www.redfin.com/AR/Little-Rock/9-Emerald-Ct-72212/home/95334995,CARMLS,25027542,N,Y,34.7896691,-92.4162986
MLS Listing,,Single Family Residential,4300 W 17th St,Little Rock,AR,72204,60000,3,1.5,Little Rock (ualr),1649,6969,1936,20,36,,Active,,,https://www.redfin.com/AR/Little-Rock/4300-W-17th-St-72204/home/82783087,CARMLS,25027541,N,Y,34.7360289,-92.3216947
MLS Listing,,Single Family Residential,17 Diamanitina Way,Little Rock,AR,72204,223000,3,2.0,"Lit - Otter Creek, Westfield & S",1289,6969,2021,21,173,14,Active,,,https://www.redfin.com/AR/Little-Rock/17-Diamanitina-Way-72204/home/175994713,CARMLS,25027507,N,Y,34.6918553,-92.4028193
MLS Listing,,Single Family Residential,2403 S State St,Little Rock,AR,72206,159900,5,3.0,Little Rock (downtown),2960,6969,1920,21,54,,Active,,,https://www.redfin.com/AR/Little-Rock/2403-S-State-St-72206/home/95324538,CARMLS,25027501,N,Y,34.7255338,-92.2821804
MLS Listing,,Single Family Residential,44 Longwell Loop,Little Rock,AR,72211,549000,4,3.5,Lit - West Little Rock (northwes,3320,10454,2006,21,165,42,Active,,,https://www.redfin.com/AR/Little-Rock/44-Longwell-Loop-72211/home/82860811,CARMLS,25027481,N,Y,34.7663343,-92.4444449
MLS Listing,,Single Family Residential,4 Brookridge Cv,Little Rock,AR,72205,179000,3,2.0,Lit - West Little Rock (north),1466,17424,1962,21,122,,Active,,,https://www.redfin.com/AR/Little-Rock/4-Brookridge-Cv-72205/home/95342430,CARMLS,25027479,N,Y,34.7554465,-92.3758666
MLS Listing,,Single Family Residential,2408 Blackwood Rd,Little Rock,AR,72207,229000,3,1.5,Lit - West Little Rock (north),1224,10890,1949,21,187,,Active,,,https://www.redfin.com/AR/Little-Rock/2408-Blackwood-Rd-72207/home/81392128,CARMLS,25027444,N,Y,34.7749792,-92.350982
MLS Listing,,Single Family Residential,111 Bear Den Ct,Little Rock,AR,72223,1005000,6,4.5,Pulaski County West,4090,12632,2025,21,246,35,Active,,,https://www.redfin.com/AR/Little-Rock/111-Bear-Den-Ct-72223/home/192351569,CARMLS,25027425,N,Y,34.7894465,-92.4863718
MLS Listing,,Single Family Residential,14020 Fern Valley Ln,Little Rock,AR,72211,749000,4,4.5,Lit - West Little Rock (northwes,4322,17859,2013,21,173,55,Active,August-3-2025 02:00 PM,August-3-2025 04:00 PM,https://www.redfin.com/AR/Little-Rock/14020-Fern-Valley-Ln-72211/home/95358587,CARMLS,25027382,N,Y,34.735992,-92.4302347
MLS Listing,,Single Family Residential,145 Cove Creek Ct,Little Rock,AR,72211,925000,4,3.5,Lit - West Little Rock (northwes,4029,6969,2015,21,230,230,Active,,,https://www.redfin.com/AR/Little-Rock/145-Cove-Creek-Ct-72211/home/95359498,CARMLS,25027371,N,Y,34.7403919,-92.4304064
MLS Listing,,Single Family Residential,2705 Lewis St,Little Rock,AR,72204,65000,3,1.0,Lit - West Little Rock (central),1128,4791,1962,21,58,,Active,,,https://www.redfin.com/AR/Little-Rock/2705-Lewis-St-72204/home/95323467,CARMLS,25027364,N,Y,34.7266408,-92.3205215
MLS Listing,,Single Family Residential,60 Sologne Cir,Little Rock,AR,72223,1075000,4,4.0,Pulaski County West,4859,31798,2002,21,221,125,Active,,,https://www.redfin.com/AR/Little-Rock/60-Sologne-Cir-72223/home/95377834,CARMLS,25027357,N,Y,34.7845558,-92.4864993
MLS Listing,,Single Family Residential,61 Saffron Cir,Little Rock,AR,72223,444000,3,2.0,Pulaski County West,1860,7405,2022,21,239,92,Active,,,https://www.redfin.com/AR/Little-Rock/61-Saffron-Cir-72223/home/177532255,CARMLS,25027349,N,Y,34.7677363,-92.4809856
MLS Listing,,Single Family Residential,26 Congressional Dr,Little Rock,AR,,399000,4,3.0,"Lit - Otter Creek, Westfield & S",2859,22215,2005,21,140,,Active,,,https://www.redfin.com/AR/Little-Rock/26-Congressional-Dr-72210/home/95345178,CARMLS,25027348,N,Y,34.7026433,-92.4124554
MLS Listing,,Single Family Residential,6600 Bluebird,Little Rock,AR,72205,184900,3,2.0,Lit - West Little Rock (north),1341,7840,1964,21,138,,Active,,,https://www.redfin.com/AR/Little-Rock/6600-Bluebird-Dr-72205/home/81394790,CARMLS,25027321,N,Y,34.7471346,-92.3480097
MLS Listing,,Single Family Residential,3007 S Battery St,Little Rock,AR,72206,15000,3,1.0,Little Rock (downtown),1244,6969,1946,22,12,,Active,,,https://www.redfin.com/AR/Little-Rock/3007-S-Battery-St-72206/home/81384752,CARMLS,25027293,N,Y,34.7201552,-92.2943373
MLS Listing,,Single Family Residential,6 Haywood Ct,Little Rock,AR,,950000,5,5.5,Pulaski County West,4484,12196,2023,22,212,38,Active,August-3-2025 02:00 PM,August-3-2025 04:00 PM,https://www.redfin.com/AR/Little-Rock/6-Haywood-Ct-72223/home/177531865,CARMLS,25027284,N,Y,34.780271,-92.447689
MLS Listing,,Single Family Residential,5119 Timberland Dr,Little Rock,AR,72204,145000,3,2.0,Little Rock (ualr),1419,11761,2002,22,102,,Active,,,https://www.redfin.com/AR/Little-Rock/5119-Timberland-Dr-72204/home/95348667,CARMLS,25027240,N,Y,34.7058492,-92.3857196
MLS Listing,,Single Family Residential,419 Ensbury Dr,Little Rock,AR,72223,933500,4,4.5,Pulaski County West,4502,11761,2020,22,207,58,Active,,,https://www.redfin.com/AR/Little-Rock/419-Ensbury-Dr-72223/home/144813083,CARMLS,25027207,N,Y,34.7770284,-92.4845238
MLS Listing,,Single Family Residential,28 Elkrun Cv,Little Rock,AR,72211,215000,3,2.0,Lit - West Little Rock (northwes,1351,13939,1987,22,159,,Active,,,https://www.redfin.com/AR/Little-Rock/28-Elkrun-Cv-72211/home/95343598,CARMLS,25027205,N,Y,34.7413823,-92.4109821
MLS Listing,,Vacant Land,10307 Cantrell Rd,Little Rock,AR,72227,75000,,,Lit - West Little Rock (north),,260488,,22,,,Active,,,https://www.redfin.com/AR/Little-Rock/10307-Cantrell-Rd-72227/home/148571439,CARMLS,25027204,N,Y,34.7865608,-92.3851402
MLS Listing,,Single Family Residential,2925 S Chester St,Little Rock,AR,72206,85000,3,1.5,Little Rock (downtown),1301,6534,1940,22,65,,Active,,,https://www.redfin.com/AR/Little-Rock/2925-S-Chester-St-72206/home/95325636,CARMLS,25027185,N,Y,34.7195895,-92.2857336
MLS Listing,,Vacant Land,000 Lorance Dr,Little Rock,AR,72206,570000,,,Sheridan Schools (saline County),,1655280,,22,,,Active,,,https://www.redfin.com/AR/Little-Rock/Lorance-Dr-72206/home/81506447,CARMLS,25027176,N,Y,34.567632,-92.311706
MLS Listing,,Single Family Residential,15808 Taylor Loop,Little Rock,AR,72223,525000,3,2.5,Lit - West Little Rock (northwes,2796,69260,1985,22,188,,Active,,,https://www.redfin.com/AR/Little-Rock/15808-Taylor-Loop-Rd-72223/home/81405148,CARMLS,25027174,N,Y,34.79659,-92.4477
MLS Listing,,Vacant Land,16716 N Landmark Crk,Little Rock,AR,72206,28000,,,Pulaski County - Rural (south),,39639,,22,,,Active,,,https://www.redfin.com/AR/Little-Rock/16716-Landmark-Rd-72206/home/81388138,CARMLS,25027173,N,Y,34.6036955,-92.3352407
MLS Listing,,Single Family Residential,5920 Scenic Dr,Little Rock,AR,72207,1075000,4,3.5,Little Rock (heights/hillcrest),3516,7840,1954,22,306,,Active,,,https://www.redfin.com/AR/Little-Rock/5920-Scenic-Dr-72207/home/95381371,CARMLS,25027160,N,Y,34.7805025,-92.3400824
MLS Listing,,Single Family Residential,43 Rocky Valley Cv,Little Rock,AR,72212,459900,3,2.5,Lit - West Little Rock (northwes,2784,6969,1997,22,165,,Active,,,https://www.redfin.com/AR/Little-Rock/43-Rocky-Valley-Cv-72212/home/95335828,CARMLS,25027127,N,Y,34.7856158,-92.3923874
MLS Listing,,Single Family Residential,9 Abington Ct,Little Rock,AR,72223,1160000,5,5.5,Pulaski County West,4850,14374,2025,22,239,57,Active,,,https://www.redfin.com/AR/Little-Rock/9-Abington-Ct-72223/home/183675199,CARMLS,25027124,N,Y,34.790408,-92.453581
MLS Listing,,Single Family Residential,75 Fletcher Ridge Cir,Little Rock,AR,72223,544900,4,3.5,Pulaski County West,2627,5227,2024,22,207,33,Active,,,https://www.redfin.com/AR/Little-Rock/75-Fletcher-Ridge-Cir-72223/home/177532465,CARMLS,25027120,N,Y,34.761345,-92.483664
MLS Listing,,Single Family Residential,8224 W 37th St,Little Rock,AR,72204,125000,3,1.0,Lit - West Little Rock (central),1102,2613,1965,23,113,,Active,,,https://www.redfin.com/AR/Little-Rock/8224-W-37th-St-72204/home/187474682,CARMLS,25027105,N,Y,34.7197991,-92.3674338
MLS Listing,,Single Family Residential,12815 Grassy Dr,Little Rock,AR,72210,204900,3,2.0,Pulaski County West,1605,21780,1964,23,128,,Active,,,https://www.redfin.com/AR/Little-Rock/12815-Grassy-Dr-72210/home/95350631,CARMLS,25027094,N,Y,34.7049256,-92.4180343
MLS Listing,,Single Family Residential,3415 Buckhorn Trl,Little Rock,AR,72211,519900,4,3.0,Lit - West Little Rock (northwes,3247,,2014,23,160,55,Active,,,https://www.redfin.com/AR/Little-Rock/3415-Buckhorn-Trl-72211/home/81418890,CARMLS,25027091,N,Y,34.7361535,-92.4227411
MLS Listing,,Vacant Land,4 Whitehaven Cv,Little Rock,AR,72223,399900,,,Pulaski County West,,55756,,23,,,Active,,,https://www.redfin.com/AR/Little-Rock/4-Whitehaven-CV-72223/home/186327341,CARMLS,25027077,N,Y,34.793633,-92.454616
MLS Listing,,Vacant Land,3 Whitehaven Cv,Little Rock,AR,72223,389900,,,Pulaski County West,,52272,,23,,,Active,,,https://www.redfin.com/AR/Little-Rock/3-Whitehaven-CV-72223/home/186327323,CARMLS,25027076,N,Y,34.793878,-92.454752
MLS Listing,,Vacant Land,1 Whitehaven Cv,Little Rock,AR,72223,399900,,,Pulaski County West,,58370,,23,,,Active,,,https://www.redfin.com/AR/Little-Rock/1-Whitehaven-CV-72223/home/182331721,CARMLS,25027075,N,Y,34.79391,-92.454507
MLS Listing,,Vacant Land,00 Harper Rd,Little Rock,AR,72206,250000,,,Little Rock (east),,2259892,,23,,,Active,,,https://www.redfin.com/AR/Little-Rock/0-Harper-Rd-72206/home/183287449,CARMLS,25021237,N,Y,34.6751116,-92.2277617
MLS Listing,,Single Family Residential,13101 Morrison Rd,Little Rock,AR,72212,185000,3,2.5,Lit - West Little Rock (northwes,1747,12196,1985,23,106,512,Active,,,https://www.redfin.com/AR/Little-Rock/13101-Morrison-Rd-72212/home/95338446,CARMLS,25027067,N,Y,34.7671516,-92.4218676
MLS Listing,,Condo/Co-op,700 E 9th Unit St Unit 5C,Little Rock,AR,,119900,2,1.0,Little Rock (downtown),903,106722,1967,23,133,354,Active,,,https://www.redfin.com/AR/Little-Rock/700-E-9th-St-72202/unit-5C/home/196321528,CARMLS,25027051,N,Y,34.7401785,-92.2638678
MLS Listing,,Single Family Residential,1805 S Van Buren St,Little Rock,AR,72204,45000,3,1.5,Little Rock (ualr),1304,5227,1956,23,35,,Active,,,https://www.redfin.com/AR/Little-Rock/1805-S-Van-Buren-St-72204/home/95321526,CARMLS,25027049,N,Y,34.7352836,-92.331346
MLS Listing,,Single Family Residential,2300 Hickorynut Ct,Little Rock,AR,72211,247000,3,2.5,Lit - West Little Rock (northwes,1567,8276,1989,23,158,10,Active,,,https://www.redfin.com/AR/Little-Rock/2300-Hickorynut-Ct-72211/home/82934360,CARMLS,25027035,N,Y,34.7337963,-92.4038819
MLS Listing,,Single Family Residential,7 Rubra Ct,Little Rock,AR,72223,655000,3,2.5,Pulaski County West,3020,10018,1996,23,217,393,Active,August-3-2025 02:00 PM,August-3-2025 04:00 PM,https://www.redfin.com/AR/Little-Rock/7-Rubra-Ct-72223/home/95363516,CARMLS,25026984,N,Y,34.7791848,-92.4712734
MLS Listing,,Single Family Residential,6605 Poppy Rd,Little Rock,AR,72209,117000,3,1.5,Lit - Southwest Little Rock (cen,900,7840,1960,23,130,,Active,,,https://www.redfin.com/AR/Little-Rock/6605-Poppy-Rd-72209/home/95350414,CARMLS,25026959,N,Y,34.6714848,-92.3512661
MLS Listing,,Single Family Residential,14 Catlett Ln,Little Rock,AR,72211,649900,5,3.5,Lit - West Little Rock (northwes,4288,12196,2010,24,152,43,Active,,,https://www.redfin.com/AR/Little-Rock/14-Catlett-Ln-72211/home/82858642,CARMLS,25026919,N,Y,34.7680777,-92.4433845
MLS Listing,,Single Family Residential,7922 Kanis Pines Dr,Little Rock,AR,,420000,3,2.5,Lit - West Little Rock (central),2500,13939,2022,24,168,10,Active,,,https://www.redfin.com/AR/Little-Rock/7922-Kanis-Pines-Dr-72204/home/95357071,CARMLS,25026914,N,Y,34.7374454,-92.3638873
MLS Listing,,Single Family Residential,16520 Landmark Rd,Little Rock,AR,72206,159900,2,2.0,Pulaski County - Rural (south),1554,41382,1956,24,103,,Active,,,https://www.redfin.com/AR/Little-Rock/16520-Landmark-Rd-72206/home/95331213,CARMLS,25026882,N,Y,34.6035767,-92.336027
MLS Listing,,Single Family Residential,159 Fletcher Ridge Dr,Little Rock,AR,72223,444900,3,2.0,Pulaski County West,2065,5662,2025,24,215,33,Active,,,https://www.redfin.com/AR/Little-Rock/159-Fletcher-Ridge-Dr-72223/home/186239148,CARMLS,25026863,N,Y,34.7631469,-92.484114
MLS Listing,,Single Family Residential,7 Keswick Cv,Little Rock,AR,72212,350000,4,2.5,Lit - West Little Rock (northwes,2827,17424,1986,24,124,25,Active,,,https://www.redfin.com/AR/Little-Rock/7-Keswick-Cv-72212/home/81393293,CARMLS,25026862,N,Y,34.7703441,-92.4219922
MLS Listing,,Single Family Residential,14200 Overcreek Pass,Little Rock,AR,72211,615000,4,3.5,Lit - West Little Rock (northwes,3500,10890,2013,24,176,55,Active,,,https://www.redfin.com/AR/Little-Rock/14200-Overcreek-Pass-72211/home/81417465,CARMLS,25026824,N,Y,34.7363858,-92.435688
MLS Listing,,Single Family Residential,5817 Drexel Ave,Little Rock,AR,72209,159900,4,2.0,Lit - Southwest Little Rock (sou,1536,9583,1968,24,104,,Active,,,https://www.redfin.com/AR/Little-Rock/5817-Drexel-Ave-72209/home/81387441,CARMLS,25026810,N,Y,34.6581687,-92.3434669
MLS Listing,,Single Family Residential,3300 Green Dr,Little Rock,AR,72209,109900,3,1.5,Lit - Southwest Little Rock (sou,988,13503,1971,24,111,,Active,,,https://www.redfin.com/AR/Little-Rock/3300-Green-Dr-72209/home/82950433,CARMLS,25026806,N,Y,34.6636036,-92.3158553
MLS Listing,,Single Family Residential,618 Hall Dr,Little Rock,AR,72205,289900,4,3.0,Lit - West Little Rock (north),2116,10018,1959,24,137,,Active,,,https://www.redfin.com/AR/Little-Rock/618-Hall-Dr-72205/home/81408178,CARMLS,25026762,N,Y,34.7576336,-92.3484188
MLS Listing,,Single Family Residential,1919 Wellington Village Rd,Little Rock,AR,72211,470000,5,3.5,Lit - West Little Rock (northwes,3624,13068,2006,25,130,35,Active,,,https://www.redfin.com/AR/Little-Rock/1919-Wellington-Village-Rd-72211/home/95344950,CARMLS,25026720,N,Y,34.7699176,-92.442484
MLS Listing,,Condo/Co-op,207 Edgewood Cir,Little Rock,AR,72223,349900,3,2.0,Lit - West Little Rock (northwes,1610,4791,2025,25,217,112,Active,,,https://www.redfin.com/AR/Little-Rock/207-Edgewood-Cir-72223/home/196281793,CARMLS,25026710,N,Y,34.7434687,-92.4317038
MLS Listing,,Condo/Co-op,205 Edgewood Cir,Little Rock,AR,72223,319000,2,2.0,Lit - West Little Rock (northwes,1470,4791,2025,25,217,112,Active,,,https://www.redfin.com/AR/Little-Rock/205-Edgewood-Cir-72223/home/196281688,CARMLS,25026709,N,Y,34.7434687,-92.4317038
MLS Listing,,Condo/Co-op,"301 Kings Row Drive, 314",Little Rock,AR,72207,163000,2,2.0,Lit - West Little Rock (north),1120,,1980,25,146,240,Active,,,https://www.redfin.com/AR/Little-Rock/301-Kings-Row-Dr-72207/unit-314/home/81415229,CARMLS,25026707,N,Y,34.7712053,-92.3535814
MLS Listing,,Single Family Residential,3015 Woodsgate Dr,Little Rock,AR,,449900,4,2.5,Lit - West Little Rock (northwes,2958,9583,2005,25,152,58,Active,,,https://www.redfin.com/AR/Little-Rock/3015-Woodsgate-Dr-72211/home/95345112,CARMLS,25026697,N,Y,34.7330115,-92.41947
MLS Listing,,Single Family Residential,63 Valley Estate Ct,Little Rock,AR,72212,699900,4,3.5,Lit - West Little Rock (northwes,4028,20037,1984,25,174,18,Active,,,https://www.redfin.com/AR/Little-Rock/63-Valley-Estates-Ct-72212/home/91488113,CARMLS,25026691,N,Y,34.773243,-92.4184107
MLS Listing,,Single Family Residential,2208 Nichols Rd,Little Rock,AR,72205,251600,4,2.0,Lit - West Little Rock (central),1480,6969,2025,25,170,,Active,,,https://www.redfin.com/AR/Little-Rock/2208-Nichols-Rd-72205/home/112783408,CARMLS,25026674,N,Y,34.732508,-92.38741
MLS Listing,,Single Family Residential,2210 Nichols Rd,Little Rock,AR,72205,251600,4,2.0,Lit - West Little Rock (central),1480,6969,2025,25,170,,Active,,,https://www.redfin.com/AR/Little-Rock/2210-Nichols-Rd-72205/home/112783411,CARMLS,25026673,N,Y,34.732372,-92.387416
MLS Listing,,Condo/Co-op,1201 N Pierce #9,Little Rock,AR,72207,137000,2,2.0,Little Rock (heights/hillcrest),1062,,1979,25,129,300,Active,,,https://www.redfin.com/AR/Little-Rock/1201-N-Pierce-St-72207/unit-9/home/81371234,CARMLS,25026668,N,Y,34.7628133,-92.3370906
MLS Listing,,Vacant Land,4 Cavalier Ct,Little Rock,AR,72223,200000,,,Pulaski County West,,230868,,25,,146,Active,,,https://www.redfin.com/AR/Little-Rock/4-Cavalier-Ct-72223/home/196425855,CARMLS,25026606,N,Y,34.7517502,-92.4871226
MLS Listing,,Single Family Residential,3400 Millbrook Rd,Little Rock,AR,72227,260000,4,2.5,Lit - West Little Rock (north),2568,13503,1972,25,101,,Active,,,https://www.redfin.com/AR/Little-Rock/3400-Millbrook-Rd-72227/home/95337119,CARMLS,25026584,N,Y,34.7835745,-92.3818763
MLS Listing,,Single Family Residential,63 Pinedale Cir,Mabelvale,AR,72103,185000,3,2.0,Pulaski County - Rural (south),1440,6969,1998,26,128,,Active,,,https://www.redfin.com/AR/Mabelvale/63-Pinedale-Cir-72103/home/95351939,CARMLS,25026544,N,Y,34.6594445,-92.3907933
MLS Listing,,Single Family Residential,6108 Evergreen Dr,Little Rock,AR,72207,289000,3,2.5,Lit - West Little Rock (north),1948,8276,1964,26,148,,Active,,,https://www.redfin.com/AR/Little-Rock/6108-Evergreen-Dr-72207/home/81393980,CARMLS,25026526,N,Y,34.7624372,-92.3426011
MLS Listing,,Condo/Co-op,47 Windsor Ct,Little Rock,AR,72212,279000,3,3.5,Lit - West Little Rock (northwes,2747,,1985,27,102,585,Active,,,https://www.redfin.com/AR/Little-Rock/47-Windsor-Ct-72212/home/81415841,CARMLS,25026523,N,Y,34.7751575,-92.4231686
MLS Listing,,Single Family Residential,6 Woodlands Park Ln,Little Rock,AR,72211,574900,4,3.0,Lit - West Little Rock (northwes,2670,7405,2025,27,215,125,Active,,,https://www.redfin.com/AR/Little-Rock/6-Woodlands-Park-Ln-72211/home/194898781,CARMLS,25026509,N,Y,34.7424057,-92.4273594
MLS Listing,,Single Family Residential,8806 Mayflower Rd,Little Rock,AR,72205,175000,3,2.0,Lit - West Little Rock (north),1620,9583,1960,27,108,,Active,,,https://www.redfin.com/AR/Little-Rock/8806-Mayflower-Rd-72205/home/95342514,CARMLS,25026500,N,Y,34.7503396,-92.3724987
MLS Listing,,Single Family Residential,2612 Peach Tree,Little Rock,AR,72211,250000,3,2.5,Lit - West Little Rock (central),1692,11325,1977,28,148,10,Active,,,https://www.redfin.com/AR/Little-Rock/2612-Peach-Tree-Dr-72211/home/95344310,CARMLS,25026426,N,Y,34.7310541,-92.4020438
MLS Listing,,Single Family Residential,308 S Woodrow,Little Rock,AR,72205,375000,3,2.0,Little Rock (heights/hillcrest),1434,,1945,28,262,,Active,,,https://www.redfin.com/AR/Little-Rock/308-S-Woodrow-St-72205/home/81379458,CARMLS,25026424,N,Y,34.7486301,-92.3056344
MLS Listing,,Single Family Residential,6 Woodwind Dr,Little Rock,AR,72204,160000,4,2.5,Lit - West Little Rock (central),1874,8712,1973,28,85,,Active,,,https://www.redfin.com/AR/Little-Rock/6-Woodwind-Dr-72204/home/82903045,CARMLS,25026411,N,Y,34.7318178,-92.3626033
MLS Listing,,Single Family Residential,13406 Foxfield Ln,Little Rock,AR,72211,514900,4,3.0,Lit - West Little Rock (northwes,2893,8276,2013,29,178,50,Active,,,https://www.redfin.com/AR/Little-Rock/13406-Foxfield-Ln-72211/home/82924234,CARMLS,25026387,N,Y,34.7351297,-92.4236592
MLS Listing,,Single Family Residential,1517 Bishop Warren Dr,Little Rock,AR,72204,29000,2,1.0,Little Rock (ualr),1120,6534,1930,29,26,,Active,,,https://www.redfin.com/AR/Little-Rock/1517-Bishop-Warren-Dr-72204/home/81801160,CARMLS,25024279,N,Y,34.7372168,-92.3200429
MLS Listing,,Vacant Land,0 Cumberland St,Little Rock,AR,72206,50000,,,Little Rock (downtown),,3920,,29,,,Active,,,https://www.redfin.com/AR/Little-Rock/Cumberland-St-72206/home/81383490,CARMLS,25026366,N,Y,34.71946,-92.271938
MLS Listing,,Single Family Residential,23104 Denny Rd,Little Rock,AR,72223,1650000,4,3.5,Pulaski County West,4089,301435,2024,29,404,,Active,,,https://www.redfin.com/AR/Little-Rock/23104-Denny-Rd-72223/home/187470941,CARMLS,25026305,N,Y,34.787485,-92.514573
MLS Listing,,Single Family Residential,2616 Old Forge Dr,Little Rock,AR,72227,369900,4,2.5,Lit - West Little Rock (north),2469,13939,1980,29,150,,Active,,,https://www.redfin.com/AR/Little-Rock/2616-Old-Forge-Dr-72227/home/95337664,CARMLS,25026290,N,Y,34.7731539,-92.3778719
MLS Listing,,Condo/Co-op,315 Rock St #1308,Little Rock,AR,72202,320000,2,2.0,Little Rock (downtown),1234,,2009,29,259,700,Active,,,https://www.redfin.com/AR/Little-Rock/315-Rock-St-72202/unit-1308/home/81413710,CARMLS,25026274,N,Y,34.7453806,-92.2670325
MLS Listing,,Vacant Land,Tbd Cardinal Rd,Little Rock,AR,72204,20000,,,Lit - Southwest Little Rock (cen,,10454,,29,,,Active,,,https://www.redfin.com/AR/Little-Rock/Cardinal-Rd-72204/home/95349288,CARMLS,25026227,N,Y,34.700721,-92.360878
MLS Listing,,Single Family Residential,7 Ben Hogan Cv,Little Rock,AR,72210,274900,3,2.0,"Lit - Otter Creek, Westfield & S",1969,9583,2003,30,140,4,Active,,,https://www.redfin.com/AR/Little-Rock/7-Ben-Hogan-Cv-72210/home/95315360,CARMLS,25026211,N,Y,34.6706832,-92.4365364
MLS Listing,,Single Family Residential,1922 Bragg St,Little Rock,AR,72206,158000,2,1.0,Little Rock (downtown),1015,9583,1950,30,156,,Active,,,https://www.redfin.com/AR/Little-Rock/1922-Bragg-St-72206/home/81383232,CARMLS,25026200,N,Y,34.7296182,-92.2664348
MLS Listing,,Vacant Land,13800 Longtree Dr,Little Rock,AR,72212,80000,,,Lit - West Little Rock (northwes,,11761,,30,,,Active,,,https://www.redfin.com/AR/Little-Rock/13800-Longtree-Dr-72212/home/179518583,CARMLS,25026188,N,Y,34.7950616,-92.428805
MLS Listing,,Single Family Residential,1201 Pine Valley Rd,Little Rock,AR,72207,224000,3,1.0,Lit - West Little Rock (north),1040,10018,1950,30,215,,Active,,,https://www.redfin.com/AR/Little-Rock/1201-Pine-Valley-Rd-72207/home/95336270,CARMLS,25026186,N,Y,34.7764111,-92.352691
MLS Listing,,Mobile/Manufactured Home,3902 Mitchell Hill Rd,Little Rock,AR,,169900,3,2.0,Lit - Southwest Little Rock (sou,1500,199069,1987,30,113,,Active,,,https://www.redfin.com/AR/Little-Rock/3902-Mitchell-Hill-Rd-72206/home/81387172,CARMLS,25026173,N,Y,34.6566669,-92.3213608
MLS Listing,,Vacant Land,418 E Charles Bussey Ave,Little Rock,AR,72206,70000,,,Little Rock (downtown),,3484,,30,,,Active,,,https://www.redfin.com/AR/Little-Rock/418-E-Charles-Bussey-Ave-72206/home/95324560,CARMLS,25026156,N,Y,34.729804,-92.269179
MLS Listing,,Single Family Residential,601 Aspen Dr,Little Rock,AR,72211,225000,3,2.0,Lit - West Little Rock (northwes,1370,8276,1986,30,164,17,Active,,,https://www.redfin.com/AR/Little-Rock/601-Aspen-Dr-72211/home/95339485,CARMLS,25026118,N,Y,34.7592039,-92.4052217
MLS Listing,,Single Family Residential,121 Bella Rosa Pl,Little Rock,AR,72223,494900,4,3.0,Pulaski County West,2823,4791,2017,30,175,,Active,,,https://www.redfin.com/AR/Little-Rock/121-Bella-Rosa-Pl-72223/home/112365055,CARMLS,25026035,N,Y,34.7975335,-92.4499089
MLS Listing,,Single Family Residential,73 White Oak Ln,Little Rock,AR,72227,340000,4,2.5,Lit - West Little Rock (northwes,2002,10454,1963,30,170,,Active,,,https://www.redfin.com/AR/Little-Rock/73-White-Oak-Ln-72227/home/95336823,CARMLS,25026025,N,Y,34.7758219,-92.3607828
MLS Listing,,Single Family Residential,46 Avignon Ct,Little Rock,AR,72223,599900,3,4.0,Pulaski County West,3254,11761,1994,30,184,92,Active,,,https://www.redfin.com/AR/Little-Rock/46-Avignon-Ct-72223/home/95363492,CARMLS,25026001,N,Y,34.7739757,-92.4623605
MLS Listing,,Single Family Residential,3911 Oakwood Rd,Little Rock,AR,72205,378000,2,2.0,Little Rock (heights/hillcrest),1522,7840,1930,30,248,,Active,,,https://www.redfin.com/AR/Little-Rock/3911-Oakwood-Rd-72205/home/95382802,CARMLS,25026000,N,Y,34.7590875,-92.3164043
MLS Listing,,Single Family Residential,6408 Gilbert Dr,Little Rock,AR,72206,85000,2,1.0,Pulaski County (east),1106,10454,1953,30,77,,Active,,,https://www.redfin.com/AR/Little-Rock/6408-Gilbert-Dr-72206/home/95327802,CARMLS,25025994,N,Y,34.6859526,-92.2389642
MLS Listing,,Single Family Residential,323 Auburn Dr,Little Rock,AR,72205,281990,4,2.0,Lit - West Little Rock (north),2650,15681,1964,31,106,,Active,,,https://www.redfin.com/AR/Little-Rock/323-Auburn-Dr-72205/home/95342107,CARMLS,25025940,N,Y,34.7549955,-92.3503156
MLS Listing,,Townhouse,201 Edgewood Cir,Little Rock,AR,72223,349900,3,2.0,Pulaski County West,1610,3920,2025,31,217,65,Active,,,https://www.redfin.com/AR/Little-Rock/201-Edgewood-Cir-72223/home/196245522,CARMLS,25025856,N,Y,34.7434687,-92.4317038
MLS Listing,,Single Family Residential,10613 Brazos Valley Ln,Little Rock,AR,72212,350000,4,3.0,Lit - West Little Rock (northwes,2678,13068,1972,31,131,42,Active,,,https://www.redfin.com/AR/Little-Rock/10613-Brazos-Valley-Ln-72212/home/82777890,CARMLS,25025853,N,Y,34.7732025,-92.3918543
MLS Listing,,Condo/Co-op,315 Rock #1603,Little Rock,AR,72202,238000,1,1.0,Little Rock (downtown),757,,2009,31,314,416,Active,,,https://www.redfin.com/AR/Little-Rock/315-S-Rock-St-72201/unit-1603/home/82845923,CARMLS,25025830,N,Y,34.7469849,-92.2668354
MLS Listing,,Vacant Land,11 Vantage Pt,Little Rock,AR,72227,199900,,,Lit - West Little Rock (north),,214750,,31,,,Active,,,https://www.redfin.com/AR/Little-Rock/11-Vantage-Pt-72207/home/191094427,CARMLS,25025820,N,Y,34.7860701,-92.3652312
MLS Listing,,Single Family Residential,140 Calion Ct,Little Rock,AR,72223,619900,4,3.0,Pulaski County West,2750,6969,2025,31,225,65,Active,August-3-2025 02:00 PM,August-3-2025 04:00 PM,https://www.redfin.com/AR/Little-Rock/140-Calion-CT-72223/home/194055229,CARMLS,25025796,N,Y,34.8086284867024,-92.4975835662842
MLS Listing,,Vacant Land,2 Pinnacle Valley Rd Lot 2,Little Rock,AR,72223,275000,,,Pulaski County West,,27878,,32,,,Active,,,https://www.redfin.com/AR/Little-Rock/2-Pinnacle-Valley-Ct-72223/unit-2/home/146758729,CARMLS,25025777,N,Y,34.8058456,-92.4348505
MLS Listing,,Vacant Land,2 Rushing Bear Cv,Little Rock,AR,72223,78000,,,Pulaski County West,,13503,,32,,31,Active,,,https://www.redfin.com/AR/Little-Rock/2-Rushing-Bear-Cv-72223/home/192588535,CARMLS,25025754,N,Y,34.7899728,-92.4849725
MLS Listing,,Vacant Land,4000 Gordon Rd,Little Rock,AR,72223,69500,,,Pulaski County West,,13068,,32,,31,Active,,,https://www.redfin.com/AR/Little-Rock/4000-Gordon-Rd-72223/home/192588537,CARMLS,25025753,N,Y,34.790226,-92.4843657
