SALE TYPE,SOLD DATE,PROPERTY TYPE,ADDRESS,CITY,STATE OR PROVINCE,ZIP OR POSTAL CODE,PRICE,BEDS,BATHS,LOCATION,SQUARE FEET,LOT SIZE,YEAR BUILT,DAYS ON MARKET,$/SQUARE FEET,HOA/MONTH,STATUS,NEXT OPEN HOUSE START TIME,NEXT OPEN HOUSE END TIME,URL (SEE https://www.redfin.com/buy-a-home/comparative-market-analysis FOR INFO ON PRICING),SOURCE,MLS#,FAVORITE,INTERESTED,LATITUDE,LONGITUDE
"In accordance with local MLS rules, some MLS listings are not included in the download"
MLS Listing,,Single Family Residential,4600 W Hoover Loop,Fayetteville,AR,72704,365000,4,2.5,Coves IV,2021,7405,2020,1,181,6,Active,,,https://www.redfin.com/AR/Fayetteville/4600-W-Hoover-Loop-72704/home/174285713,NWARMLS,1316485,N,Y,36.054459,-94.2273082
MLS Listing,,Single Family Residential,1415 Camellia Ln,Fayetteville,AR,72704,285000,3,2.0,Magnolia Crossing,1261,6098,1996,1,226,,Active,,,https://www.redfin.com/AR/Fayetteville/1415-S-Camellia-Ln-72704/home/126551881,NWARMLS,1316591,N,Y,36.0502943,-94.2170845
MLS Listing,,Single Family Residential,1611 W Halsell Rd,Fayetteville,AR,72701,750000,3,2.0,Fayetteville Outlots,1757,50093,1956,1,427,,Active,,,https://www.redfin.com/AR/Fayetteville/1611-W-Halsell-Rd-72701/home/126151639,NWARMLS,1316651,N,Y,36.0685614,-94.1829964
MLS Listing,,Single Family Residential,2143 W Loren Cir,Fayetteville,AR,72701,398000,3,2.0,Westwoods Sub,1449,11896,1994,1,275,,Active,August-3-2025 02:00 PM,August-3-2025 04:00 PM,https://www.redfin.com/AR/Fayetteville/2143-W-Loren-Cir-72701/home/126768836,NWARMLS,1316430,N,Y,36.072369,-94.1920065
MLS Listing,,Single Family Residential,473 Winding Spring Dr,Fayetteville,AR,72703,649900,4,3.0,Knolls,2753,32670,2020,1,236,92,Active,,,https://www.redfin.com/AR/Fayetteville/473-Winding-Spring-Dr-72703/home/126548515,NWARMLS,1316246,N,Y,36.1047131,-93.9673457
MLS Listing,,Single Family Residential,4740 W Crossvine Dr,Fayetteville,AR,72704,525000,3,3.0,Hughmount Village,2500,11796,2017,1,210,,Active,August-3-2025 11:00 AM,August-3-2025 01:00 PM,https://www.redfin.com/AR/Fayetteville/4740-W-Crossvine-Dr-72704/home/127413797,NWARMLS,1316362,N,Y,36.0993476,-94.2280184
MLS Listing,,Townhouse,2128 E Cinnamon Way,Fayetteville,AR,72703,340000,3,2.5,Missouri Oaks Sub,1680,9583,1999,1,202,,Active,,,https://www.redfin.com/AR/Fayetteville/2128-E-Cinnamon-Way-72703/home/126714099,NWARMLS,1316524,N,Y,36.1283256,-94.130367
MLS Listing,,Single Family Residential,2240 N Big Oaks Dr,Fayetteville,AR,72703,700000,4,3.5,East Oaks Ph Ii,3063,20102,1985,1,229,,Active,August-3-2025 01:00 PM,August-3-2025 03:00 PM,https://www.redfin.com/AR/Fayetteville/2240-N-Big-Oaks-Dr-72703/home/126792663,NWARMLS,1316596,N,Y,36.0924677,-94.1264237
MLS Listing,,Single Family Residential,3140 E Navajo Ct,Fayetteville,AR,72701,365000,3,2.0,Sequoyah Woods Sub Ph 1,1523,10484,1977,1,240,,Active,,,https://www.redfin.com/AR/Fayetteville/3140-E-Navajo-Ct-72701/home/126670938,NWARMLS,1316625,N,Y,36.0839061,-94.1160358
MLS Listing,,Single Family Residential,443 N Mojave St,Farmington,AR,72730,320000,3,2.0,Farmington Heights Ph 2,1500,10175,2021,1,213,8,Active,August-3-2025 02:00 PM,August-3-2025 04:00 PM,https://www.redfin.com/AR/Farmington/443-N-Mojave-St-72730/home/176707415,NWARMLS,1316476,N,Y,36.0585692,-94.2411585
MLS Listing,,Single Family Residential,4634 W Aurora St,Fayetteville,AR,72704,386000,4,2.5,"The Element, Phase 5",2009,7840,2026,1,192,17,Active,,,https://www.redfin.com/AR/Fayetteville/4634-W-Aurora-St-72704/home/196202611,NWARMLS,1316588,N,Y,36.064066,-94.2301397
MLS Listing,,Single Family Residential,4694 W Aurora St,Fayetteville,AR,72704,401700,4,3.5,"The Element, Phase 5",2068,5662,2026,1,194,17,Active,,,https://www.redfin.com/AR/Fayetteville/4694-W-Aurora-St-72704/home/196754577,NWARMLS,1316586,N,Y,36.0637774,-94.2272574
MLS Listing,,Townhouse,1237/1239 Sicily Ln,Fayetteville,AR,72704,629900,6,7.0,Rupple Meadows,3838,8646,2018,1,164,,Active,,,https://www.redfin.com/AR/Fayetteville/1237-N-Sicily-Ln-72704/home/168267411,NWARMLS,1316519,N,Y,36.0807757,-94.2202382
MLS Listing,,Single Family Residential,3255 Coach Rd,Fayetteville,AR,72701,399000,3,2.0,Sunrise Mountain,1662,71251,1978,1,240,,Active,,,https://www.redfin.com/AR/Fayetteville/3255-S-Coach-Rd-72701/home/126101697,NWARMLS,1316581,N,Y,36.0260356,-94.183271
MLS Listing,,Vacant Land,Waterside Ct,Fayetteville,AR,72703,310000,,,Timberlake Office Park,,27878,,1,,,Active,,,https://www.redfin.com/AR/Fayetteville/N-Waterside-Ct-72703/home/177076970,NWARMLS,1316580,N,Y,36.12958,-94.140669
MLS Listing,,Single Family Residential,35 E Loveland Loop,Farmington,AR,72730,417000,4,2.0,Cedar Crest Sub,1907,9147,2021,2,219,,Active,,,https://www.redfin.com/AR/Farmington/35-E-Loveland-Loop-72730/home/177075116,NWARMLS,1315963,N,Y,36.0566633,-94.2396133
MLS Listing,,Single Family Residential,17602 Robinson Rd,Fayetteville,AR,72704,1149000,3,2.0,N/A,2008,1670656,2005,2,572,,Active,,,https://www.redfin.com/AR/Fayetteville/17602-Robinson-Rd-72704/home/126566747,NWARMLS,1316174,N,Y,36.1269394,-94.3524357
MLS Listing,,Single Family Residential,2714 Westminster Dr,Fayetteville,AR,72704,309000,3,2.5,Salem Village Pud,1522,5519,2004,2,203,,Active,,,https://www.redfin.com/AR/Fayetteville/2714-N-Westminster-Dr-72704/home/126641546,NWARMLS,1316229,N,Y,36.101959,-94.2084201
MLS Listing,,Single Family Residential,3380 W Ika Ln,Fayetteville,AR,72704,440000,3,2.5,Rockhaven Sub,1822,10937,2010,2,241,,Active,,,https://www.redfin.com/AR/Fayetteville/3380-W-Ika-Ln-72704/home/126410885,NWARMLS,1316175,N,Y,36.1104103,-94.207395
MLS Listing,,Single Family Residential,1656 E Rolling Hills Dr,Fayetteville,AR,72703,285000,4,3.0,Oaks Manor Sub,2215,16988,1971,2,129,,Active,,,https://www.redfin.com/AR/Fayetteville/1656-E-Rolling-Hills-Dr-72703/home/126713881,NWARMLS,1316395,N,Y,36.1054158,-94.1363411
MLS Listing,,Single Family Residential,1934 S River Meadows Dr,Fayetteville,AR,72701,557000,4,2.5,River Meadows Sub,2701,11543,2019,2,206,,Active,,,https://www.redfin.com/AR/Fayetteville/1934-S-River-Meadows-Dr-72701/home/168877704,NWARMLS,1316043,N,Y,36.0420821,-94.1003369
MLS Listing,,Vacant Land,W Davis Rd,Fayetteville,AR,72704,1275000,,,Fayetteville,,1851300,,2,,,Active,,,https://www.redfin.com/AR/Fayetteville/W-Davis-St-72703/home/196694847,NWARMLS,1316400,N,Y,36.096657,-94.259164
MLS Listing,,Single Family Residential,945 E Elm St,Fayetteville,AR,72703,450000,4,2.0,North Ridge,2112,12196,1969,2,213,,Active,,,https://www.redfin.com/AR/Fayetteville/945-E-Elm-St-72703/home/126769250,NWARMLS,1315909,N,Y,36.0898143,-94.1451653
MLS Listing,,Single Family Residential,2746 Peabody Pl,Fayetteville,AR,72704,1399900,5,4.5,West Haven Sub,5693,38668,2017,2,246,15,Active,,,https://www.redfin.com/AR/Fayetteville/2746-N-Peabody-Pl-72704/home/126316021,NWARMLS,1316371,N,Y,36.1030732,-94.2428598
MLS Listing,,Single Family Residential,5895 Holdcroft Dr,Fayetteville,AR,72704,320000,3,2.0,NASH CROSSING 1 & 2,1346,5227,2023,2,238,17,Active,,,https://www.redfin.com/AR/Fayetteville/5895-W-Holdcroft-Dr-72704/home/196689330,NWARMLS,1316176,N,Y,36.0729083,-94.2453049
MLS Listing,,Vacant Land,TBD Smokey Bear Rd,Fayetteville,AR,72701,1300000,,,S-T-R 18-15-29 /  07-15-29,,3484800,,3,,,Active,,,https://www.redfin.com/AR/Fayetteville/TBD-N-Smokey-Bear-Rd-72701/home/196686758,NWARMLS,1316030,N,Y,35.979715,-94.105104
MLS Listing,,Single Family Residential,4610 W Aurora St,Fayetteville,AR,72704,414000,4,3.0,"The Element, Phase 5",2319,5662,2026,3,179,17,Active,,,https://www.redfin.com/AR/Fayetteville/4610-W-Aurora-St-72704/home/196686454,NWARMLS,1316344,N,Y,36.0635203,-94.2269646
MLS Listing,,Single Family Residential,4665 W Aurora St,Fayetteville,AR,72704,373000,4,3.0,"The Element, Phase 5",1891,6098,2026,3,197,17,Active,,,https://www.redfin.com/AR/Fayetteville/4665-W-Aurora-St-72704/home/196202569,NWARMLS,1316338,N,Y,36.064066,-94.2301397
MLS Listing,,Single Family Residential,805 N Blazing Star Dr,Fayetteville,AR,72704,335000,4,2.5,Meadowlands I & Ii,1673,9195,2002,3,200,8,Active,,,https://www.redfin.com/AR/Fayetteville/805-N-Blazing-Star-Dr-72704/home/126124217,NWARMLS,1316331,N,Y,36.0763492,-94.2240169
MLS Listing,,Single Family Residential,2861 N Chapel Dr,Fayetteville,AR,72704,526500,4,3.0,Hughmount North,2465,10454,2025,3,214,50,Active,,,https://www.redfin.com/AR/Fayetteville/2861-N-Chapel-Dr-72704/home/193723502,NWARMLS,1316323,N,Y,36.1048651,-94.2284285
MLS Listing,,Single Family Residential,1620 S Ed Edwards Rd,Fayetteville,AR,72701,329000,3,2.0,Fayetteville Outlots,2026,35283,1977,3,162,,Active,,,https://www.redfin.com/AR/Fayetteville/1620-S-Ed-Edwards-Rd-72701/home/126077084,NWARMLS,1316316,N,Y,36.0453936,-94.0830256
MLS Listing,,Single Family Residential,1791 S River Meadows Dr,Fayetteville,AR,72701,585000,4,2.5,Stonebridge Meadows Ph Ii,2637,11086,2005,3,222,,Active,,,https://www.redfin.com/AR/Fayetteville/1791-S-River-Meadows-Dr-72701/home/126149284,NWARMLS,1316156,N,Y,36.0432561,-94.1033262
MLS Listing,,Single Family Residential,3427 N Briargate Dr,Fayetteville,AR,72703,889900,5,4.0,Overton Park Sub,4035,37936,2006,3,221,,Active,,,https://www.redfin.com/AR/Fayetteville/3427-N-Briargate-Dr-72703/home/126319316,NWARMLS,1316208,N,Y,36.1123648,-94.0830422
MLS Listing,,Condo/Co-op,4254 NE Meadow Creek Cir #202,Fayetteville,AR,72703,210000,1,1.0,Reserve At Steele Crossing Hpr,693,,2003,3,303,220,Active,,,https://www.redfin.com/AR/Fayetteville/4254-NE-Meadow-Creek-Cir-72703/unit-202/home/126530635,NWARMLS,1316236,N,Y,36.128839,-94.15424
MLS Listing,,Single Family Residential,1204 W Carter St,Fayetteville,AR,72703,279000,2,1.0,Hendrix Add,864,8925,1967,3,323,,Active,,,https://www.redfin.com/AR/Fayetteville/1204-W-Carter-St-72703/home/126001842,NWARMLS,1313726,N,Y,36.0816928,-94.1767799
MLS Listing,,Vacant Land,4th St,Fayetteville,AR,72701,500000,,,Combs Add,,28157,,4,,,Active,,,https://www.redfin.com/AR/Fayetteville/E-4th-St-72701/home/126505541,NWARMLS,1316219,N,Y,36.057982,-94.156509
MLS Listing,,Townhouse,1970 E Peppervine Dr,Fayetteville,AR,72701,197500,3,2.0,Timber Trails Sub,1250,5087,2008,4,158,,Active,,,https://www.redfin.com/AR/Fayetteville/1970-E-Peppervine-Dr-72701/home/126625076,NWARMLS,1316213,N,Y,36.0619478,-94.1322557
MLS Listing,,Single Family Residential,528 N College Ave,Fayetteville,AR,72701,1165000,5,2.0,Davidsons First,3069,7840,1909,4,380,,Active,,,https://www.redfin.com/AR/Fayetteville/528-N-College-Ave-72701/home/190531053,NWARMLS,1316020,N,Y,36.0710218,-94.1573193
MLS Listing,,Single Family Residential,137 Kestrel Dr,Fayetteville,AR,72701,1350000,4,3.5,Sequoyah Preserve PUD,3743,26136,2007,4,361,,Active,,,https://www.redfin.com/AR/Fayetteville/137-S-Kestrel-Dr-72701/home/126608452,NWARMLS,1315985,N,Y,36.061117,-94.1412887
MLS Listing,,Single Family Residential,3546 Foxtail Lily Ln,Fayetteville,AR,72704,319500,3,2.0,Holcomb Heights,1426,5157,2016,4,224,8,Active,,,https://www.redfin.com/AR/Fayetteville/3546-W-Foxtail-Lily-Ln-72704/home/127415977,NWARMLS,1316172,N,Y,36.108398,-94.2099876
MLS Listing,,Single Family Residential,2584 N Toy Dr,Fayetteville,AR,72704,750000,3,3.5,Double Tree Estates Ph Ii,3281,58806,1998,4,229,,Active,,,https://www.redfin.com/AR/Fayetteville/2584-N-Toy-Dr-72704/home/126700375,NWARMLS,1316159,N,Y,36.0998659,-94.2456558
MLS Listing,,Single Family Residential,2554 S Ouachita,Fayetteville,AR,72701,266100,3,2.0,Riverside Village Phase II,1125,5227,2025,4,237,,Active,,,https://www.redfin.com/AR/Fayetteville/2554-S-Ouachita-Dr-72701/home/196654845,NWARMLS,1316161,N,Y,36.0290273,-94.1261017
MLS Listing,,Single Family Residential,14451 Highland Church Rd,Fayetteville,AR,72704,299900,3,2.0,NA,1880,101973,1976,4,160,,Active,,,https://www.redfin.com/AR/Fayetteville/14451-Highland-Church-Rd-72704/home/126312440,NWARMLS,1314700,N,Y,36.0626056,-94.2986998
MLS Listing,,Single Family Residential,305 E North St,Fayetteville,AR,72701,340000,3,2.0,Bob White Sub,1435,16570,1950,4,237,,Active,,,https://www.redfin.com/AR/Fayetteville/305-E-North-St-72701/home/126586563,NWARMLS,1314771,N,Y,36.0768958,-94.1541957
MLS Listing,,Single Family Residential,2800 N Sherwood Ln,Fayetteville,AR,72703,1275000,3,3.0,Westwind Addpud,3201,101930,1973,4,398,13,Active,,,https://www.redfin.com/AR/Fayetteville/2800-N-Sherwood-Ln-72703/home/126346230,NWARMLS,1315874,N,Y,36.1010396,-94.1449731
MLS Listing,,Single Family Residential,618 N Wilson,Fayetteville,AR,72701,545000,2,2.0,Wilsons,1447,435,1936,5,377,,Active,,,https://www.redfin.com/AR/Fayetteville/618-N-Wilson-Ave-72701/home/126130587,NWARMLS,1315336,N,Y,36.0714994,-94.1655541
MLS Listing,,Single Family Residential,8791 W Goose Creek Rd,Fayetteville,AR,72704,650000,5,2.0,Fayetteville Outlots,2175,207781,1983,6,299,,Active,,,https://www.redfin.com/AR/Fayetteville/8791-W-Goose-Creek-Rd-72730/home/126006904,NWARMLS,1316035,N,Y,36.056911,-94.289493
MLS Listing,,Single Family Residential,1982 Greenview Dr,Fayetteville,AR,72701,545000,4,2.0,Broadview,2480,21780,1966,6,220,,Active,,,https://www.redfin.com/AR/Fayetteville/1982-N-Greenview-Dr-72701/home/126258856,NWARMLS,1316029,N,Y,36.0845769,-94.1330852
MLS Listing,,Single Family Residential,3055 Loxley Ave,Fayetteville,AR,72703,425000,3,2.0,Rolling Meadows Ph I,1813,20847,1979,6,234,,Active,,,https://www.redfin.com/AR/Fayetteville/3055-N-Loxley-Ave-72703/home/126143189,NWARMLS,1316024,N,Y,36.1063148,-94.1372378
MLS Listing,,Single Family Residential,2342 N Cornwall Ave,Fayetteville,AR,72704,373900,3,2.0,St. James Park S/D,1769,11761,2012,6,211,8,Active,,,https://www.redfin.com/AR/Fayetteville/2342-N-Cornwall-Ave-72704/home/126594934,NWARMLS,1315940,N,Y,36.0951078,-94.2260463
MLS Listing,,Single Family Residential,4050 Wooded Hollow Dr,Fayetteville,AR,72704,345000,3,2.0,Wooded Hollow Estates,1970,49488,1981,7,175,,Active,,,https://www.redfin.com/AR/Fayetteville/4050-N-Wooded-Hollow-Dr-72704/home/126545463,NWARMLS,1316013,N,Y,36.1271526,-94.1912667
MLS Listing,,Single Family Residential,3820 W Violet St,Fayetteville,AR,72704,669000,5,3.5,Magnolia Park,2702,9147,2022,7,248,50,Active,August-2-2025 02:00 PM,August-2-2025 04:00 PM,https://www.redfin.com/AR/Fayetteville/3820-W-Violet-St-72704/home/181391126,NWARMLS,1315620,N,Y,36.1050875,-94.214624
MLS Listing,,Single Family Residential,1201 N Canterbury Rd,Fayetteville,AR,72701,895000,4,3.5,Sherwood Forest Estates,4007,80150,1975,7,223,,Active,,,https://www.redfin.com/AR/Fayetteville/1201-N-Canterbury-Rd-72701/home/126582655,NWARMLS,1315131,N,Y,36.076622,-94.117697
MLS Listing,,Single Family Residential,2590 S Ouachita Dr,Fayetteville,AR,72701,275500,3,2.0,Riverside Village Phase II,1303,4791,2025,7,211,,Active,,,https://www.redfin.com/AR/Fayetteville/2590-S-Ouachita-Dr-72701/home/196614983,NWARMLS,1315968,N,Y,36.0287737,-94.125776
MLS Listing,,Single Family Residential,2611 E Meramec St,Fayetteville,AR,72701,292600,3,2.0,Riverside Village Phase 2,1425,6969,2025,7,205,,Active,,,https://www.redfin.com/AR/Fayetteville/2611-E-Meramec-St-72701/home/196612751,NWARMLS,1315964,N,Y,36.0280137,-94.1260509
MLS Listing,,Single Family Residential,2575 E Meramec St,Fayetteville,AR,72701,306200,4,2.0,RIVERSIDE VILLAGE S/D PH 2,1496,4791,2025,7,205,,Active,,,https://www.redfin.com/AR/Fayetteville/2575-E-Meramec-St-72701/home/196612681,NWARMLS,1315960,N,Y,36.0277718,-94.1264158
MLS Listing,,Single Family Residential,17752 Beav O Rama Rd,Fayetteville,AR,72703,400000,3,1.5,Pardues 2nd Add,1660,139827,1992,7,241,,Active,August-3-2025 02:00 PM,August-3-2025 04:00 PM,https://www.redfin.com/AR/Fayetteville/17752-Beav-O-Rama-Rd-72703/home/126428963,NWARMLS,1315889,N,Y,36.1232894,-94.0144268
MLS Listing,,Vacant Land,Foster Ln,Fayetteville,AR,72704,800000,,,Fayetteville Outlots,,612018,,7,,,Active,,,https://www.redfin.com/AR/Farmington/Foster-Ln-72730/home/143878735,NWARMLS,1315837,N,Y,36.054301,-94.251557
MLS Listing,,Single Family Residential,688 N Willow Ave,Fayetteville,AR,72701,300000,1,1.0,Maplewood Add,560,11308,1988,7,536,,Active,,,https://www.redfin.com/AR/Fayetteville/688-N-Willow-Ave-72701/home/126632158,NWARMLS,1315552,N,Y,36.072495,-94.1542456
MLS Listing,,Single Family Residential,551 Greylag Way,Farmington,AR,72730,375000,3,2.0,Goose Creek Village Ph I,1846,10018,2020,7,203,,Active,,,https://www.redfin.com/AR/Farmington/551-N-Greylag-Way-72730/home/176707338,NWARMLS,1315656,N,Y,36.0632591,-94.2545774
MLS Listing,,Single Family Residential,2351 N Windswept Ln,Fayetteville,AR,72703,1009900,4,4.5,Summit Place Ph Ii,3344,13068,2025,7,302,,Active,,,https://www.redfin.com/AR/Fayetteville/2351-N-Windswept-Ln-72703/home/196611301,NWARMLS,1315642,N,Y,36.0940127,-94.1489902
MLS Listing,,Single Family Residential,20514 Baker Rd,Fayetteville,AR,72703,325000,2,2.0,N/A,800,87120,2017,7,406,,Active,,,https://www.redfin.com/AR/Fayetteville/20514-Baker-Rd-72703/home/177087177,NWARMLS,1314887,N,Y,36.129836,-93.97642
MLS Listing,,Condo/Co-op,609 W Dickson St #505,Fayetteville,AR,72701,725000,2,2.0,Dickson Hpr,1196,435,2008,8,606,583,Active,,,https://www.redfin.com/AR/Fayetteville/609-W-Dickson-St-72701/unit-505/home/177096702,NWARMLS,1314132,N,Y,36.0661886,-94.1670618
MLS Listing,,Single Family Residential,1340 N 59th St,Fayetteville,AR,72704,350000,3,2.0,Woodridge Sub Ph I & Ii,1555,21775,2019,8,225,,Active,August-3-2025 01:00 PM,August-3-2025 03:00 PM,https://www.redfin.com/AR/Fayetteville/1340-N-59th-Ave-72704/home/168877576,NWARMLS,1315867,N,Y,36.0817142,-94.2461931
MLS Listing,,Single Family Residential,2563 E Meramec St,Fayetteville,AR,72701,312900,4,2.0,Riverside Village Phase 2.1,1699,6969,2025,8,184,,Active,,,https://www.redfin.com/AR/Fayetteville/2563-E-Meramec-St-72701/home/196592349,NWARMLS,1315876,N,Y,36.0276854,-94.1265393
MLS Listing,,Single Family Residential,14696 Greenburrow Rd,Fayetteville,AR,72704,695000,4,3.0,18-16-31,3870,435600,1976,8,180,,Active,,,https://www.redfin.com/AR/Fayetteville/14696-Greenburrow-Rd-72704/home/126803015,NWARMLS,1315733,N,Y,36.0719082,-94.3123234
MLS Listing,,Single Family Residential,220 W Lafayette St,Fayetteville,AR,72701,739900,2,2.0,County Court Addition,1466,13503,1936,8,505,,Active,,,https://www.redfin.com/AR/Fayetteville/220-W-Lafayette-St-72701/home/126581369,NWARMLS,1315727,N,Y,36.0688671,-94.1628629
MLS Listing,,Single Family Residential,2588 N Justin Dr,Fayetteville,AR,72704,525000,3,2.5,Timber Ridge Estates,2543,8712,2022,8,206,20,Active,,,https://www.redfin.com/AR/Fayetteville/2588-N-Justin-Dr-72704/home/174285821,NWARMLS,1315771,N,Y,36.0990569,-94.1891262
MLS Listing,,Single Family Residential,517 S Washington Ave,Fayetteville,AR,72701,1,3,2.0,Combs Add,1248,6970,2002,8,0,,Active,,,https://www.redfin.com/AR/Fayetteville/517-S-Washington-Ave-72701/home/126111781,WRVBOR,1082684,N,Y,36.0571057,-94.1572472
MLS Listing,,Mobile/Manufactured Home,18015 Stout Mountain Rd,Fayetteville,AR,72701,215000,4,2.0,.,2280,266587,2008,9,94,,Active,,,https://www.redfin.com/AR/Fayetteville/18015-Stout-Mountain-Rd-72701/home/126802242,NWARMLS,1315734,N,Y,35.8733101,-94.0409867
MLS Listing,,Single Family Residential,641 Wagon Wheel Ave,Fayetteville,AR,72704,419000,4,2.0,Towne West Sub Ph I,1958,6534,2023,9,214,,Active,,,https://www.redfin.com/AR/Fayetteville/641-S-Wagon-Wheel-Ave-72704/home/185136892,NWARMLS,1315504,N,Y,36.0577553,-94.2213109
MLS Listing,,Single Family Residential,1536 E Amber Dr,Fayetteville,AR,72703,529000,3,2.5,Charleston Place,2294,4843,2000,9,231,42,Active,,,https://www.redfin.com/AR/Fayetteville/1536-E-Amber-Dr-72703/home/126876126,NWARMLS,1315602,N,Y,36.0885835,-94.1388189
MLS Listing,,Single Family Residential,1034 S Washington Ave,Fayetteville,AR,72701,375000,3,1.0,Glenwood Park,936,13939,1970,10,401,,Active,,,https://www.redfin.com/AR/Fayetteville/1034-S-Washington-Ave-72701/home/126748028,NWARMLS,1315540,N,Y,36.0524484,-94.1568828
MLS Listing,,Single Family Residential,1018 S Washington Ave,Fayetteville,AR,72701,375000,3,1.0,Glenwood Park,1020,13939,1966,10,368,,Active,,,https://www.redfin.com/AR/Fayetteville/1018-S-Washington-Ave-72701/home/126650436,NWARMLS,1315578,N,Y,36.052594,-94.156859
MLS Listing,,Single Family Residential,2849 N Chapel Dr,Fayetteville,AR,72704,486500,3,2.0,Hughmount North,2209,10454,2025,10,220,50,Active,,,https://www.redfin.com/AR/Fayetteville/2849-N-Chapel-Dr-72704/home/193723464,NWARMLS,1315567,N,Y,36.1046769,-94.2284339
MLS Listing,,Single Family Residential,2870 N Grey Squirrel Dr,Fayetteville,AR,72704,568890,4,3.0,Hughmount North,2670,12632,2025,10,213,50,Active,,,https://www.redfin.com/AR/Fayetteville/2870-N-Grey-Squirrel-Dr-72704/home/193723489,NWARMLS,1315543,N,Y,36.1050495,-94.2296028
MLS Listing,,Single Family Residential,207 W Lafayette,Fayetteville,AR,72701,1317000,2,3.0,Country Court Add,2715,6534,2025,10,485,,Active,,,https://www.redfin.com/AR/Fayetteville/207-W-Lafayette-St-72701/home/196538650,NWARMLS,1315359,N,Y,36.0684286,-94.1623943
MLS Listing,,Single Family Residential,205 W Lafayette,Fayetteville,AR,72701,1178000,2,3.0,Country Court Add,2310,6534,,10,510,,Active,,,https://www.redfin.com/AR/Fayetteville/205-W-Lafayette-St-72701/home/126074059,NWARMLS,1315351,N,Y,36.068418,-94.1623484
MLS Listing,,Single Family Residential,3121 Tartan Way,Fayetteville,AR,72703,437500,3,2.5,Huntingdon Sub,1884,9522,2002,10,232,350,Active,,,https://www.redfin.com/AR/Fayetteville/3121-N-Tartan-Way-72703/home/126870903,NWARMLS,1315141,N,Y,36.1086349,-94.1245523
MLS Listing,,Single Family Residential,4689 W Aurora St,Fayetteville,AR,72704,369000,4,3.0,"The Element, Phase 5",1891,6098,2026,10,195,17,Active,,,https://www.redfin.com/AR/Fayetteville/4689-W-Aurora-St-72704/home/196202567,NWARMLS,1315472,N,Y,36.064066,-94.2301397
MLS Listing,,Single Family Residential,1837 N Trillium Ln,Fayetteville,AR,72704,659000,4,3.5,Bridgeport Add Ph Ii,3403,14374,1999,10,194,,Active,,,https://www.redfin.com/AR/Fayetteville/1837-N-Trillium-Ln-72704/home/126714166,NWARMLS,1315423,N,Y,36.087344,-94.2253861
MLS Listing,,Single Family Residential,70 E Loveland Loop,Farmington,AR,72730,390000,3,2.0,Cedar Crest,1889,9147,2021,10,206,25,Active,,,https://www.redfin.com/AR/Farmington/70-E-Loveland-Loop-72730/home/177074274,NWARMLS,1315323,N,Y,36.0565605,-94.2361859
MLS Listing,,Single Family Residential,2993 W Obsidian St,Fayetteville,AR,72704,346000,3,2.0,Crystal Spgs Village Ph 2,1519,9147,2024,10,228,29,Active,,,https://www.redfin.com/AR/Fayetteville/2993-W-Obsidian-St-72704/home/189109448,NWARMLS,1312848,N,Y,36.0971287,-94.2022329
MLS Listing,,Single Family Residential,2016 N Leverett Ave,Fayetteville,AR,72703,285000,2,2.0,Leverett Terrace,1008,3166,1994,11,283,,Active,,,https://www.redfin.com/AR/Fayetteville/2016-N-Leverett-Ave-72703/home/126146829,NWARMLS,1315306,N,Y,36.0888341,-94.1702101
MLS Listing,,Single Family Residential,17706 Beav O Rama Rd,Fayetteville,AR,72703,575000,3,2.5,Pardues 2nd Add,2240,179467,2021,11,257,,Active,,,https://www.redfin.com/AR/Fayetteville/17706-Beav-O-Rama-Rd-72703/home/126385014,NWARMLS,1315269,N,Y,36.1247988,-94.0144179
MLS Listing,,Townhouse,3468 and 3470 W Harvard St,Fayetteville,AR,72704,425000,3,2.0,Walnut Grove,2472,8276,1986,11,172,,Active,,,https://www.redfin.com/AR/Fayetteville/3468-W-Harvard-St-72704/home/126145747,NWARMLS,1315318,N,Y,36.0854938,-94.2092082
MLS Listing,,Vacant Land,Lot 31 S Waxflower St,Fayetteville,AR,72701,550000,,,Willow Bend,,75794,,11,,,Active,,,https://www.redfin.com/AR/Fayetteville/Lot-31-S-Waxflower-Ave-72701/home/196511203,NWARMLS,1314677,N,Y,36.053568,-94.155676
MLS Listing,,Single Family Residential,2880 N Sunny Ln,Fayetteville,AR,72703,289900,3,2.0,Bishop Add Ii,1398,9652,1980,11,207,,Active,,,https://www.redfin.com/AR/Fayetteville/2880-N-Sunny-Ln-72703/home/126646521,NWARMLS,1314380,N,Y,36.1041085,-94.1565789
MLS Listing,,Single Family Residential,576 Champion Dr,Fayetteville,AR,72703,1100000,4,4.0,Summit Place Sub,3941,18147,2016,12,279,,Active,,,https://www.redfin.com/AR/Fayetteville/576-E-Champion-Dr-72703/home/126886011,NWARMLS,1314149,N,Y,36.091857,-94.1494406
MLS Listing,,Single Family Residential,1705 E Mission Blvd,Fayetteville,AR,72703,599900,3,3.0,Harters Fairview Add,2246,40075,1993,12,267,,Active,,,https://www.redfin.com/AR/Fayetteville/1705-E-Mission-Blvd-72703/home/126406209,NWARMLS,1314272,N,Y,36.0840652,-94.1356266
MLS Listing,,Vacant Land,Campbell Ln,Fayetteville,AR,72703,380450,,,Fayetteville,,473497,,14,,,Active,,,https://www.redfin.com/AR/Fayetteville/Campbell-Ln-72703/home/164941140,NWARMLS,1315116,N,Y,36.136526,-94.03666
MLS Listing,,Single Family Residential,283 S Neon Ave,Fayetteville,AR,72704,365000,3,2.5,The Element Ph 1,1688,3920,2023,14,216,,Active,,,https://www.redfin.com/AR/Fayetteville/283-S-Neon-Ave-72704/home/195854151,NWARMLS,1315111,N,Y,36.0612429,-94.2310579
MLS Listing,,Single Family Residential,2902 E Panorama,Fayetteville,AR,72703,823000,4,5.5,Fayetteville Outlots,2790,10890,2025,14,295,,Active,,,https://www.redfin.com/AR/Fayetteville/2902-E-Panorama-Pl-72703/home/196501442,NWARMLS,1315010,N,Y,36.0854654,-94.1295713
MLS Listing,,Townhouse,307 E Noble Ln,Fayetteville,AR,72703,550000,3,2.5,Abshier Heights,2005,1742,2014,14,274,42,Active,,,https://www.redfin.com/AR/Fayetteville/307-E-Noble-Ln-72703/home/126298787,NWARMLS,1315169,N,Y,36.0800367,-94.1544102
MLS Listing,,Single Family Residential,5026 Claxton Cir,Fayetteville,AR,72704,300000,3,2.0,Coves Ph Iii,1436,5035,2018,14,209,,Active,,,https://www.redfin.com/AR/Fayetteville/5026-W-Claxton-Cir-72704/home/168267534,NWARMLS,1314365,N,Y,36.0548706,-94.2300715
MLS Listing,,Single Family Residential,1501 N Shetland Dr,Fayetteville,AR,72704,360000,3,2.0,Sage Meadows S/D,1528,9147,2005,14,236,,Active,,,https://www.redfin.com/AR/Fayetteville/1501-N-Shetland-Dr-72704/home/126930586,NWARMLS,1314550,N,Y,36.08354,-94.2328949
MLS Listing,,Single Family Residential,3225 N Raven Ln,Fayetteville,AR,72704,319500,3,2.0,Cobblestone Sub Ph Iii,1408,8794,2015,14,227,8,Active,,,https://www.redfin.com/AR/Fayetteville/3225-N-Raven-Ln-72704/home/127409407,NWARMLS,1312596,N,Y,36.1111558,-94.2029368
MLS Listing,,Single Family Residential,649 N Rupple Rd,Fayetteville,AR,72704,379000,3,2.5,Rupple Row Sub,1987,4939,2007,14,191,60,Active,,,https://www.redfin.com/AR/Fayetteville/649-N-Rupple-Rd-72704/home/126167623,NWARMLS,1314926,N,Y,36.0738213,-94.2177882
MLS Listing,,Vacant Land,642 15th St,Fayetteville,AR,72701,489000,,,Wilsondunn Add,,23234,,14,,,Active,,,https://www.redfin.com/AR/Fayetteville/642-W-15th-St-72701/home/126329953,NWARMLS,1315056,N,Y,36.0486277,-94.1687037
MLS Listing,,Vacant Land,TBD Edgewood Rd,Fayetteville,AR,72703,295000,,,Bearing Fruit Farms,,217800,,14,,,Active,,,https://www.redfin.com/AR/Fayetteville/TBD-Edgewood-Wc-344-RD-72703/home/178237300,NWARMLS,1315024,N,Y,36.116774,-93.943965
MLS Listing,,Vacant Land,18112 Edgewood Rd,Fayetteville,AR,72703,595000,,,Bearing Fruit Farms,,606790,,14,,,Active,,,https://www.redfin.com/AR/Fayetteville/18112-Edgewood-Rd-72703/home/174281832,NWARMLS,1315026,N,Y,36.129281,-93.945542
MLS Listing,,Vacant Land,18408 Edgewood Rd,Fayetteville,AR,72703,595000,,,Bearing Fruit Farms,,533174,,14,,,Active,,,https://www.redfin.com/AR/Fayetteville/18408-Edgewood-Wc-344-RD-72703/home/190529717,NWARMLS,1315003,N,Y,36.127297,-93.94796
MLS Listing,,Vacant Land,Edgewood Rd,Fayetteville,AR,72703,1395000,,,Bearing Fruit Farms,,1361685,,14,,,Active,,,https://www.redfin.com/AR/Fayetteville/Edgewood-Rd-72703/home/126097500,NWARMLS,1315031,N,Y,36.1267,-93.947327
MLS Listing,,Vacant Land,Campbell Ln,Fayetteville,AR,72703,555450,,,Fayetteville,,691297,,14,,,Active,,,https://www.redfin.com/AR/Fayetteville/Campbell-Ln-72703/home/126080364,NWARMLS,1315115,N,Y,36.13623,-94.042905
MLS Listing,,Single Family Residential,3839 W Mahogany Dr,Fayetteville,AR,72704,299500,3,2.0,Clabber Creek Ph Iv,1385,8276,2007,14,216,,Active,,,https://www.redfin.com/AR/Fayetteville/3839-W-Mahogany-Dr-72704/home/126544124,NWARMLS,1314915,N,Y,36.1022806,-94.2144994
MLS Listing,,Single Family Residential,2289 Oaklawn Ave,Fayetteville,AR,72701,320000,3,2.0,Deer Valley,1603,13939,1995,14,200,,Active,,,https://www.redfin.com/AR/Fayetteville/2289-Oaklawn-Ave-72701/home/126575795,NWARMLS,1314308,N,Y,36.0355018,-94.0477462
MLS Listing,,Single Family Residential,4855 W Croft Dr,Fayetteville,AR,72704,359900,3,2.0,The Villages of Sloanbrooke,1553,7840,2017,14,232,25,Active,,,https://www.redfin.com/AR/Fayetteville/4855-W-Croft-Dr-72704/home/143879005,NWARMLS,1314859,N,Y,36.066988,-94.2304226
MLS Listing,,Single Family Residential,17803 Campbell Ln,Fayetteville,AR,72703,799000,4,3.5,N/A,3217,693910,2005,15,248,,Active,,,https://www.redfin.com/AR/Fayetteville/17803-Campbell-Ln-72703/home/126266091,NWARMLS,1315114,N,Y,36.1347556,-94.0384728
MLS Listing,,Single Family Residential,464 W North St,Fayetteville,AR,72701,950000,4,3.5,Adams Add,2762,18730,2025,15,344,,Active,August-3-2025 02:00 PM,August-3-2025 04:00 PM,https://www.redfin.com/AR/Fayetteville/464-W-North-St-72701/home/125985233,NWARMLS,1314956,N,Y,36.0777034,-94.1653574
MLS Listing,,Single Family Residential,1777 N Walnut Ave,Fayetteville,AR,72703,789000,4,4.0,FAYETTEVILLE OUTLOTS,2172,10802,2025,15,363,,Active,,,https://www.redfin.com/AR/Fayetteville/1777-N-Walnut-Ave-72703/home/196479319,NWARMLS,1314974,N,Y,36.0860207,-94.1529611
MLS Listing,,Single Family Residential,1765 N Walnut Ave,Fayetteville,AR,72703,789000,4,4.0,FAYETTEVILLE OUTLOTS,2172,10802,2025,15,363,,Active,,,https://www.redfin.com/AR/Fayetteville/1765-N-Walnut-Ave-72703/home/196478134,NWARMLS,1314973,N,Y,36.08586,-94.1529627
MLS Listing,,Single Family Residential,1859 E Fiji St,Fayetteville,AR,72701,519000,4,3.0,Pine Hollow,2491,4356,2026,15,208,25,Active,,,https://www.redfin.com/AR/Fayetteville/1859-E-Fiji-ST-72701/home/196073624,NWARMLS,1315052,N,Y,36.059776306152344,-94.13485717773438
MLS Listing,,Single Family Residential,1753 N Walnut Ave,Fayetteville,AR,72703,789000,4,4.0,Fayetteville Outlots,2172,10802,2025,15,363,,Active,,,https://www.redfin.com/AR/Fayetteville/1753-N-Walnut-Ave-72703/home/196477568,NWARMLS,1314889,N,Y,36.085692,-94.1529688
MLS Listing,,Single Family Residential,3211 S City Lake Rd,Fayetteville,AR,72701,850000,3,2.0,27-16-30 FAYETTEVILLE OUTLOTS,1700,783208,2021,15,500,,Active,,,https://www.redfin.com/AR/Fayetteville/3211-S-City-Lake-Rd-72701/home/164876248,NWARMLS,1314824,N,Y,36.0257783,-94.1529966
MLS Listing,,Single Family Residential,1409 Oaks Manor Dr,Fayetteville,AR,72703,575000,4,3.0,Oaks Manor Sub,2803,21597,1970,15,205,,Active,,,https://www.redfin.com/AR/Fayetteville/1409-E-Oaks-Manor-Dr-72703/home/126708264,NWARMLS,1314978,N,Y,36.1022382,-94.139378
MLS Listing,,Single Family Residential,1823 E Fiji St,Fayetteville,AR,72701,514000,4,3.5,Pine Hollow,2461,4356,2026,15,209,25,Active,,,https://www.redfin.com/AR/Fayetteville/1823-E-Fiji-ST-72701/home/196073630,NWARMLS,1315016,N,Y,36.059776306152344,-94.13485717773438
MLS Listing,,Single Family Residential,2909 N Chapel Dr,Fayetteville,AR,72704,526500,4,3.0,Hughmount North,2465,10454,2025,15,214,50,Active,,,https://www.redfin.com/AR/Fayetteville/2909-N-Chapel-Dr-72704/home/193723510,NWARMLS,1315004,N,Y,36.1057649,-94.2284051
MLS Listing,,Townhouse,2171 W Million Ln,Fayetteville,AR,72704,384900,3,2.5,Timber Ridge Estates,2473,2613,2024,15,156,20,Active,,,https://www.redfin.com/AR/Fayetteville/2171-W-Million-Ln-72704/home/174285800,NWARMLS,1314758,N,Y,36.09816,-94.18971
MLS Listing,,Single Family Residential,748 Ed Moore Ln,Fayetteville,AR,72704,399000,3,2.0,Ed Moore Subdivision,2080,23958,1990,15,192,,Active,,,https://www.redfin.com/AR/Fayetteville/748-N-Ed-Moore-Ln-72704/home/126501483,NWARMLS,1314961,N,Y,36.076315,-94.2686026
MLS Listing,,Single Family Residential,529 N Greylag,Farmington,AR,72730,374900,3,2.0,Goose Creek Village Ph I,1848,11325,2020,15,203,,Active,,,https://www.redfin.com/AR/Farmington/529-N-Greylag-Way-72730/home/176707341,NWARMLS,1314360,N,Y,36.0626028,-94.2546167
MLS Listing,,Single Family Residential,1115 N Leverett Ave,Fayetteville,AR,72703,4100000,,,North Corner HPR,12040,435,2017,15,341,,Active,,,https://www.redfin.com/AR/Fayetteville/1115-N-Leverett-Ave-72703/home/164882771,NWARMLS,1314852,N,Y,36.0781045,-94.1710972
MLS Listing,,Single Family Residential,1112 S Dunn Ave,Fayetteville,AR,72701,535000,3,2.5,Wilsondunn Add,1635,3920,2021,16,327,,Active,August-3-2025 01:00 PM,August-3-2025 03:00 PM,https://www.redfin.com/AR/Fayetteville/1112-S-Dunn-Ave-72701/home/126433582,NWARMLS,1314377,N,Y,36.0516768,-94.1667458
MLS Listing,,Single Family Residential,223 E Prospect St,Fayetteville,AR,72701,950000,4,3.5,Maplewood Add,3108,10454,2017,16,306,,Active,,,https://www.redfin.com/AR/Fayetteville/223-E-Prospect-St-72701/home/143878799,NWARMLS,1314860,N,Y,36.0738107,-94.1553673
MLS Listing,,Single Family Residential,4670 W Aurora St,Fayetteville,AR,72704,395500,4,3.5,"The Element, Phase 5",2068,4791,2026,16,191,17,Active,,,https://www.redfin.com/AR/Fayetteville/4670-W-Aurora-St-72704/home/196446884,NWARMLS,1314863,N,Y,36.064066,-94.2301397
MLS Listing,,Single Family Residential,5628 S Shaeffer Rd,Fayetteville,AR,72701,495000,4,3.0,Greenland Outlots,2591,76230,1979,16,191,,Active,,,https://www.redfin.com/AR/Fayetteville/5628-S-Shaeffer-Rd-72701/home/126507598,NWARMLS,1314066,N,Y,35.982476,-94.1652911
MLS Listing,,Single Family Residential,4375 Topeka Ave,Fayetteville,AR,72704,345000,3,2.0,Villages Of Sloanbrooke Ph 6,1536,7348,2021,16,225,25,Active,,,https://www.redfin.com/AR/Fayetteville/4375-W-Topeka-Ave-72704/home/176708662,NWARMLS,1314872,N,Y,36.0615183,-94.2234806
MLS Listing,,Single Family Residential,1143 W Lakeridge Dr,Fayetteville,AR,72703,950000,3,3.0,Clay Yoe Sub,3302,20908,1965,16,288,,Active,August-3-2025 02:00 PM,August-3-2025 04:00 PM,https://www.redfin.com/AR/Fayetteville/1143-W-Lakeridge-Dr-72703/home/126766578,NWARMLS,1314840,N,Y,36.0779302,-94.1528212
MLS Listing,,Single Family Residential,4534 W Huron Loop,Fayetteville,AR,72704,484950,2,2.0,The Courtyards at Owl Creek,2173,6098,2025,16,223,200,Active,,,https://www.redfin.com/AR/Fayetteville/4534-W-Huron-Loop-72704/home/196435593,NWARMLS,1314850,N,Y,36.0679323,-94.2212292
MLS Listing,,Single Family Residential,4556 W Sandingham St,Fayetteville,AR,72704,545000,4,2.5,Bridgeport Phase I,2598,10018,1998,17,210,23,Active,,,https://www.redfin.com/AR/Fayetteville/4556-W-Sandingham-St-72704/home/126569458,NWARMLS,1314509,N,Y,36.0886124,-94.2255481
MLS Listing,,Single Family Residential,2496 Hope Ln,Fayetteville,AR,72704,419000,3,2.0,Triple J Sub Ph I,1643,81457,1995,17,255,,Active,,,https://www.redfin.com/AR/Fayetteville/2496-Hope-Ln-72704/home/126603266,NWARMLS,1314788,N,Y,36.1605033,-94.2781002
MLS Listing,,Single Family Residential,3141 N Warwick Dr,Fayetteville,AR,72703,617000,4,3.0,Huntingdon Sub,2858,15703,2002,18,216,,Active,,,https://www.redfin.com/AR/Fayetteville/3141-N-Warwick-Dr-72703/home/126471724,NWARMLS,1314689,N,Y,36.1082888,-94.1215254
MLS Listing,,Single Family Residential,1836 N Hartford Dr,Fayetteville,AR,72701,698500,5,4.0,Barrington Parke Phase II,3178,20473,2000,18,220,,Active,,,https://www.redfin.com/AR/Fayetteville/1836-N-Hartford-Dr-72701/home/126642930,NWARMLS,1314204,N,Y,36.0858675,-94.1069007
MLS Listing,,Vacant Land,Lot 12 Cato Springs Rd,Greenland,AR,72737,87500,,,Martin,,20908,,18,,,Active,,,https://www.redfin.com/AR/Greenland/Lot-12-Cato-Springs-RD-72737/home/196400140,NWARMLS,1314602,N,Y,35.995639,-94.203961
MLS Listing,,Vacant Land,Lot 11 Cato Springs Rd,Greenland,AR,72737,87500,,,Martin,,20908,,18,,,Active,,,https://www.redfin.com/AR/Greenland/Lot-11-Cato-Springs-RD-72737/home/196400068,NWARMLS,1314600,N,Y,35.995737,-94.204278
MLS Listing,,Vacant Land,Lot 7 Cato Springs Rd,Greenland,AR,72737,87500,,,Martin,,20908,,18,,,Active,,,https://www.redfin.com/AR/Greenland/Lot-7-Cato-Springs-RD-72737/home/196399982,NWARMLS,1314590,N,Y,35.995737,-94.204278
MLS Listing,,Vacant Land,Lot 8 Cato Springs Rd,Greenland,AR,72737,87500,,,Martin,,20908,,18,,,Active,,,https://www.redfin.com/AR/Greenland/Lot-8-Cato-Springs-RD-72737/home/196399878,NWARMLS,1314592,N,Y,35.995639,-94.203961
MLS Listing,,Vacant Land,Lot 10 Cato Springs Rd,Greenland,AR,72737,87500,,,Martin,,20908,,18,,,Active,,,https://www.redfin.com/AR/Greenland/Lot-10-Cato-Springs-RD-72737/home/196399835,NWARMLS,1314598,N,Y,35.995639,-94.203961
MLS Listing,,Vacant Land,Lot 9 Cato Springs Rd,Greenland,AR,72737,87500,,,Martin,,20908,,18,,,Active,,,https://www.redfin.com/AR/Greenland/Lot-9-Cato-Springs-RD-72737/home/196397215,NWARMLS,1314593,N,Y,35.995737,-94.204278
MLS Listing,,Vacant Land,Lot 6 Cato Springs Rd,Greenland,AR,72737,87500,,,Martin,,20908,,18,,,Active,,,https://www.redfin.com/AR/Greenland/Lot-6-Cato-Springs-RD-72737/home/196387106,NWARMLS,1314588,N,Y,35.995639,-94.203961
MLS Listing,,Vacant Land,Lot 5 Cato Springs Rd,Greenland,AR,72737,87500,,,Martin,,20908,,18,,,Active,,,https://www.redfin.com/AR/Greenland/Lot-5-Cato-Springs-RD-72737/home/196386793,NWARMLS,1314583,N,Y,35.995737,-94.204278
MLS Listing,,Vacant Land,Lot 1 Cato Springs Rd,Greenland,AR,72737,87500,,,Martin,,20908,,18,,,Active,,,https://www.redfin.com/AR/Greenland/Lot-1-Cato-Springs-RD-72737/home/196386505,NWARMLS,1314577,N,Y,35.995737,-94.204278
MLS Listing,,Townhouse,758 W Poplar St,Fayetteville,AR,72703,235000,3,2.5,Leverett Terrace,1348,2178,1994,19,174,,Active,,,https://www.redfin.com/AR/Fayetteville/758-W-Poplar-St-72703/home/126671545,NWARMLS,1313942,N,Y,36.0886774,-94.1693461
MLS Listing,,Single Family Residential,8581 W Stonehenge Dr,Fayetteville,AR,72704,799000,4,4.0,Park Ridge Estates,4032,52851,2006,19,198,17,Active,,,https://www.redfin.com/AR/Fayetteville/8581-W-Stonehenge-Dr-72704/home/126184777,NWARMLS,1313599,N,Y,36.0600041,-94.2859349
MLS Listing,,Townhouse,1689-1691 N Saddlehorn Ave,Fayetteville,AR,72703,397000,4,3.0,Horseshoe Add,2668,12196,1994,20,149,,Active,,,https://www.redfin.com/AR/Fayetteville/1691-N-Saddlehorn-Ave-72703/home/126155387,NWARMLS,1314493,N,Y,36.0852805,-94.1958043
MLS Listing,,Single Family Residential,1365 N Sicily Ln,Fayetteville,AR,72704,399900,3,3.5,Rupple Meadows,1976,5288,2018,20,202,7,Active,,,https://www.redfin.com/AR/Fayetteville/1365-N-Sicily-Ln-72704/home/168267399,NWARMLS,1314411,N,Y,36.0822052,-94.2197136
MLS Listing,,Single Family Residential,2410 E Twin Oaks Ct,Fayetteville,AR,72703,700000,4,3.0,East Oaks Ph II,2800,14636,2011,20,250,,Active,,,https://www.redfin.com/AR/Fayetteville/2410-E-Twin-Oaks-Ct-72703/home/126620666,NWARMLS,1314108,N,Y,36.093387,-94.1258917
MLS Listing,,Single Family Residential,1143 N Oak Dr,Fayetteville,AR,72701,720000,4,3.5,Sunset Hills Add,3422,13939,1971,21,210,,Active,August-3-2025 02:00 PM,August-3-2025 04:00 PM,https://www.redfin.com/AR/Fayetteville/1143-N-Oak-Dr-72701/home/126140751,NWARMLS,1314423,N,Y,36.0787537,-94.1823313
MLS Listing,,Single Family Residential,4622 W Aurora St,Fayetteville,AR,72704,415500,4,3.0,"The Element, Phase 5",2319,5662,2026,21,179,17,Active,,,https://www.redfin.com/AR/Fayetteville/4622-W-Aurora-St-72704/home/196369667,NWARMLS,1314439,N,Y,36.064066,-94.2301397
MLS Listing,,Single Family Residential,2811 N Grey Squirrel Dr,Fayetteville,AR,72704,539500,4,3.0,Hughmount North,2515,8712,2025,21,215,50,Active,,,https://www.redfin.com/AR/Fayetteville/2811-N-Grey-Squirrel-Dr-72704/home/193723478,NWARMLS,1314420,N,Y,36.1041119,-94.2296269
MLS Listing,,Townhouse,4076 & 4078 W Santa Maria Ln,Fayetteville,AR,72704,635000,6,7.0,Rupple Meadows,3406,7082,2018,21,186,80,Active,,,https://www.redfin.com/AR/Fayetteville/4076-W-Santa-Maria-Ln-72704/home/178418780,NWARMLS,1314284,N,Y,36.0808254,-94.2184083
MLS Listing,,Vacant Land,6604 and 6640 W Davis Rd,Fayetteville,AR,72704,150000,,,35-17-31,,108900,,21,,,Active,,,https://www.redfin.com/AR/Fayetteville/6604-W-Davis-Rd-72704/home/126615160,NWARMLS,1314017,N,Y,36.1041803,-94.2556505
MLS Listing,,Single Family Residential,TBD Wagner Rd,Fayetteville,AR,72704,1199000,4,4.5,n/a,4009,87120,2026,21,299,,Active,,,https://www.redfin.com/AR/Fayetteville/TBD-Wagner-Rd-72704/home/196352891,NWARMLS,1314328,N,Y,36.114192,-94.229252
MLS Listing,,Single Family Residential,3088 N Dorchester Dr,Fayetteville,AR,72703,560000,4,3.5,Appleby Sub,2667,17672,2004,21,210,,Active,,,https://www.redfin.com/AR/Fayetteville/3088-N-Dorchester-Dr-72703/home/126746072,NWARMLS,1313686,N,Y,36.1077237,-94.1608444
MLS Listing,,Vacant Land,Lot 2 Wooded Ln,Fayetteville,AR,72704,200000,,,Clear Creek Heights,,117612,,21,,,Active,,,https://www.redfin.com/AR/Fayetteville/Lot-2-Wooded-Ln-72704/home/196351878,NWARMLS,1314347,N,Y,36.104621,-94.29873
MLS Listing,,Single Family Residential,901 E Sparrow Cir,Fayetteville,AR,72701,395000,4,2.5,Creekside Meadows,2065,5227,2023,21,191,,Active,,,https://www.redfin.com/AR/Fayetteville/901-E-Sparrow-Cir-72701/home/182046901,NWARMLS,1314173,N,Y,36.0454408,-94.1470937
MLS Listing,,Vacant Land,Lot 1 Wooded Ln,Fayetteville,AR,72704,245000,,,Clear Creek Heights,,178595,,21,,,Active,,,https://www.redfin.com/AR/Fayetteville/Lot-1-Wooded-Ln-72704/home/196351266,NWARMLS,1314343,N,Y,36.104814,-94.298971
MLS Listing,,Vacant Land,Lot 13 Wooded Ln,Fayetteville,AR,72704,300000,,,Clear Creek Heights,,219978,,21,,,Active,,,https://www.redfin.com/AR/Fayetteville/Lot-13-Wooded-Ln-72704/home/196351265,NWARMLS,1314340,N,Y,36.104621,-94.29873
MLS Listing,,Single Family Residential,2998 Oakland Zion Rd,Fayetteville,AR,72703,1,4,3.0,32-17-29,2596,40075,1987,21,0,,Active,,,https://www.redfin.com/AR/Fayetteville/2998-N-Oakland-Zion-Rd-72703/home/125994145,WRVBOR,1082343,N,Y,36.1047784,-94.0997584
MLS Listing,,Single Family Residential,2303 N Cornwall Ave,Fayetteville,AR,72704,367290,3,2.0,St James Park Sub,1749,10132,2008,21,210,,Active,,,https://www.redfin.com/AR/Fayetteville/2303-N-Cornwall-Ave-72704/home/126161044,NWARMLS,1314168,N,Y,36.0943615,-94.2265936
MLS Listing,,Single Family Residential,1501 E Stubblefield Rd,Fayetteville,AR,72703,450000,3,3.0,Stubblefield Add,2870,18447,1967,22,157,,Active,August-2-2025 02:00 PM,August-2-2025 04:00 PM,https://www.redfin.com/AR/Fayetteville/1501-E-Stubblefield-Rd-72703/home/126131149,NWARMLS,1311612,N,Y,36.1104577,-94.1383612
MLS Listing,,Single Family Residential,1617 Applebury Dr,Fayetteville,AR,72701,670000,4,3.0,Jacksons First Add,2232,17271,1965,22,300,,Active,,,https://www.redfin.com/AR/Fayetteville/1617-N-Applebury-Dr-72701/home/125985635,NWARMLS,1314152,N,Y,36.0772508,-94.137714
MLS Listing,,Vacant Land,Lot 4 W Bowen Blvd,Fayetteville,AR,72703,315000,,,Booth Building and Design Minor Subdivis,,122403,,22,,21,Active,,,https://www.redfin.com/AR/Fayetteville/Lot-4-W-Bowen-Blvd-72703/home/196339309,NWARMLS,1314288,N,Y,36.100807,-94.045492
MLS Listing,,Single Family Residential,4469 W Pecan St,Fayetteville,AR,72704,325000,3,2.0,Walnut Crossing Sub,1730,4948,2012,22,188,10,Active,,,https://www.redfin.com/AR/Fayetteville/4469-W-Pecan-St-72704/home/126183904,NWARMLS,1312690,N,Y,36.0527234,-94.2251308
MLS Listing,,Single Family Residential,524 W Prospect St,Fayetteville,AR,72701,868000,3,2.5,Wilson-Adams Add,2181,10890,1964,22,398,,Active,,,https://www.redfin.com/AR/Fayetteville/524-W-Prospect-St-72701/home/126120025,NWARMLS,1314090,N,Y,36.073986,-94.1662021
MLS Listing,,Single Family Residential,2172 E Deer Creek Dr,Fayetteville,AR,72703,479000,3,2.5,Butterfield Meadows Add,2118,8276,1994,23,226,,Active,August-2-2025 02:00 PM,August-2-2025 04:00 PM,https://www.redfin.com/AR/Fayetteville/2172-E-Deer-Creek-Dr-72703/home/126115732,NWARMLS,1313560,N,Y,36.1101411,-94.1305791
MLS Listing,,Vacant Land,Starr Rd,Fayetteville,AR,72701,2000000,,,Park Springs Estates,,653400,,23,,,Active,,,https://www.redfin.com/AR/Fayetteville/N-Starr-Dr-72701/home/126236960,NWARMLS,1314126,N,Y,36.079691,-94.108117
MLS Listing,,Single Family Residential,3508 W Lonoke Dr,Fayetteville,AR,72704,314000,3,2.0,Clearwood Crossings Sub,1529,8712,2008,23,205,,Active,,,https://www.redfin.com/AR/Fayetteville/3508-W-Lonoke-Dr-72704/home/126622046,NWARMLS,1314011,N,Y,36.095843,-94.2095329
MLS Listing,,Single Family Residential,21633 E Highway 45,Fayetteville,AR,72703,525000,1,1.0,Glenwood Park Add,1200,132858,1965,23,438,,Active,,,https://www.redfin.com/AR/Fayetteville/21633-State-Hwy-45-72703/home/126257966,NWARMLS,1313167,N,Y,36.1296271,-93.9518793
MLS Listing,,Single Family Residential,936 S Liberty Dr,Fayetteville,AR,72701,425000,3,2.5,David Lyle Village,1862,6534,,23,228,,Active,August-3-2025 02:00 PM,August-3-2025 04:00 PM,https://www.redfin.com/AR/Fayetteville/936-S-Liberty-Dr-72701/home/196314271,NWARMLS,1313882,N,Y,36.0520153,-94.0967954
MLS Listing,,Condo/Co-op,2531 E Joyce Blvd,Fayetteville,AR,72703,500000,3,2.5,Paradise Valley Sub Tr B,2755,12710,1989,24,181,275,Active,,,https://www.redfin.com/AR/Fayetteville/2531-E-Joyce-Blvd-72703/home/126662068,NWARMLS,1312700,N,Y,36.1193327,-94.1251852
MLS Listing,,Townhouse,838 W Peachtree Dr,Fayetteville,AR,72703,218000,3,2.5,Georgian Place,1496,4112,2001,24,146,,Active,,,https://www.redfin.com/AR/Fayetteville/838-W-Peachtree-Dr-72703/home/126713905,NWARMLS,1313652,N,Y,36.0891971,-94.1710169
MLS Listing,,Single Family Residential,1908 Lawson St,Fayetteville,AR,72703,310000,3,1.0,Ottis Watson Add,1240,12632,1970,24,250,,Active,,,https://www.redfin.com/AR/Fayetteville/1908-W-Lawson-St-72703/home/126737073,NWARMLS,1313924,N,Y,36.0813775,-94.1868633
MLS Listing,,Single Family Residential,19135 Shoreline Way,Fayetteville,AR,72703,439000,3,2.0,Beavorama Park Sub,2010,10018,1974,24,218,,Active,,,https://www.redfin.com/AR/Fayetteville/19135-Shoreline-Way-72703/home/126431494,NWARMLS,1313842,N,Y,36.1451274,-94.0336849
MLS Listing,,Single Family Residential,4295 W Martin Luther King Blvd,Fayetteville,AR,72704,495000,3,1.5,Fayetteville Outlots,1056,57934,1974,24,469,,Active,,,https://www.redfin.com/AR/Fayetteville/4295-W-Martin-Luther-King-Jr-Blvd-72704/home/126888822,NWARMLS,1313883,N,Y,36.0465838,-94.2229227
MLS Listing,,Townhouse,1637 & 1639 N Saddlehorn Ave,Fayetteville,AR,72703,389000,4,4.0,Horseshoe Add,2352,9583,1995,24,165,,Active,,,https://www.redfin.com/AR/Fayetteville/1637-N-Saddlehorn-Ave-72703/home/196287084,NWARMLS,1313385,N,Y,36.084412,-94.1965874
MLS Listing,,Single Family Residential,2696 N Grey Squirrel Dr,Fayetteville,AR,72704,515000,4,3.0,Hughmount Village,2491,6242,2016,24,207,50,Active,August-3-2025 02:00 PM,August-3-2025 04:00 PM,https://www.redfin.com/AR/Fayetteville/2696-N-Grey-Squirrel-Dr-72704/home/127413305,NWARMLS,1313715,N,Y,36.102001,-94.229409
MLS Listing,,Single Family Residential,303 S Gregg Ave,Fayetteville,AR,72701,509999,3,2.0,Hall & Gollahar Add,1346,7405,2005,25,379,,Active,,,https://www.redfin.com/AR/Fayetteville/303-S-Gregg-Ave-72701/home/126070822,NWARMLS,1313809,N,Y,36.0599748,-94.1676165
MLS Listing,,Single Family Residential,346 N Ainsley Loop,Fayetteville,AR,72704,765000,4,4.5,Brooklands Mountain Ranch,3845,10890,2017,26,199,29,Active,,,https://www.redfin.com/AR/Fayetteville/346-N-Ainsley-Loop-72704/home/143879199,NWARMLS,1313693,N,Y,36.0682695,-94.210717
MLS Listing,,Single Family Residential,4511 W Wales Dr,Fayetteville,AR,72704,330000,3,2.0,Villages Of Sloanbrooke Ph 2,1467,8820,2018,27,225,8,Active,,,https://www.redfin.com/AR/Fayetteville/4511-W-Wales-Dr-72704/home/147076010,NWARMLS,1313658,N,Y,36.0662571,-94.2261854
MLS Listing,,Single Family Residential,191 Palmer Ave,Fayetteville,AR,72701,799000,6,2.0,Hotz Sub Rev,2777,9583,1946,27,288,,Active,,,https://www.redfin.com/AR/Fayetteville/191-N-Palmer-Ave-72701/home/126621007,NWARMLS,1312877,N,Y,36.0658513,-94.1832292
MLS Listing,,Single Family Residential,492 E Fairway Ln,Fayetteville,AR,72701,999900,6,4.5,Masters Sub,4422,52272,2005,28,226,,Active,,,https://www.redfin.com/AR/Fayetteville/492-E-Fairway-Ln-72701/home/126752077,NWARMLS,1313282,N,Y,36.0266944,-94.1553252
MLS Listing,,Vacant Land,2799 Old Farmington Rd,Fayetteville,AR,72704,250000,,,Fayetteville Outlots,,19166,,29,,,Active,,,https://www.redfin.com/AR/Fayetteville/2799-W-Old-Farmington-Rd-72704/home/126711490,NWARMLS,1313597,N,Y,36.05545,-94.200677
MLS Listing,,Single Family Residential,1355 NE Pershing St,Fayetteville,AR,72704,392000,4,2.0,Woodridge Sub Ph I & Ii,1790,13068,2020,29,219,4,Active,,,https://www.redfin.com/AR/Fayetteville/1355-N-Pershing-St-72704/home/168877571,NWARMLS,1313451,N,Y,36.081957,-94.245332
MLS Listing,,Single Family Residential,2911 N Charleston Xing,Fayetteville,AR,72703,1270000,4,4.0,Savanna Estates Ph I,3812,16957,1995,29,333,33,Active,,,https://www.redfin.com/AR/Fayetteville/2911-N-Charleston-Xing-72703/home/126883925,NWARMLS,1313506,N,Y,36.1035907,-94.1136206
MLS Listing,,Single Family Residential,3628 W Clearwood Dr,Fayetteville,AR,72704,350000,3,2.0,Clearwood Crossings Sub,1632,9178,2007,29,214,,Active,,,https://www.redfin.com/AR/Fayetteville/3628-W-Clearwood-Dr-72704/home/126017670,NWARMLS,1313179,N,Y,36.0967922,-94.2114643
MLS Listing,,Townhouse,318 E Martin Luther King Blvd,Fayetteville,AR,72701,349900,2,1.5,15-16-30 COUNTY COURT PLAT,1152,2178,2021,30,304,50,Active,,,https://www.redfin.com/AR/Fayetteville/318-E-Martin-Luther-King-Jr-Blvd-72701/home/126929270,NWARMLS,1312728,N,Y,36.0563387,-94.1551554
MLS Listing,,Single Family Residential,4628 W Aurora St,Fayetteville,AR,72704,405245,4,3.0,"The Element, Phase 5",2232,6098,2026,30,182,17,Active,,,https://www.redfin.com/AR/Fayetteville/4628-W-Aurora-St-72704/home/196202575,NWARMLS,1313373,N,Y,36.064066,-94.2301397
MLS Listing,,Single Family Residential,4640 W Aurora St,Fayetteville,AR,72704,386000,4,2.5,"The Element, Phase 5",2009,6969,2026,30,192,17,Active,,,https://www.redfin.com/AR/Fayetteville/4640-W-Aurora-St-72704/home/196202614,NWARMLS,1313369,N,Y,36.064066,-94.2301397
MLS Listing,,Single Family Residential,1882 E Fiji St,Fayetteville,AR,72701,514000,4,3.5,Pine Hollow,2461,4356,2026,30,209,25,Active,,,https://www.redfin.com/AR/Fayetteville/1882-E-Fiji-ST-72701/home/196073664,NWARMLS,1313362,N,Y,36.059776306152344,-94.13485717773438
MLS Listing,,Single Family Residential,205 Michelle St,Springdale,AR,72764,450000,4,2.0,Lakeview Add,2464,16226,1988,30,183,,Active,August-3-2025 01:00 PM,August-3-2025 03:00 PM,https://www.redfin.com/AR/Springdale/205-Michelle-St-72764/home/126627836,NWARMLS,1313142,N,Y,36.1344976,-94.1468948
MLS Listing,,Townhouse,344 N Fletcher Ave,Fayetteville,AR,72701,575000,3,2.5,Mcilroy Add,1734,34848,2022,30,332,,Active,,,https://www.redfin.com/AR/Fayetteville/344-Fletcher-Ave-72701/home/196253078,NWARMLS,1313276,N,Y,36.066638,-94.149882
MLS Listing,,Single Family Residential,2710 Villa Blvd,Fayetteville,AR,72703,235000,3,2.0,Villa North Sub,1056,6098,1978,30,223,,Active,August-2-2025 02:00 PM,August-2-2025 04:00 PM,https://www.redfin.com/AR/Fayetteville/2710-N-Villa-Blvd-72703/home/126142548,NWARMLS,1313268,N,Y,36.1010827,-94.1523402
MLS Listing,,Townhouse,823/831 N Lola Ln,Fayetteville,AR,72701,448725,6,4.0,Replat Greenland Acres Ph I,2284,16243,1994,31,196,,Active,,,https://www.redfin.com/AR/Fayetteville/823-N-Lola-Ln-72701/home/196247003,NWARMLS,1313026,N,Y,36.0092045,-94.1753252
MLS Listing,,Single Family Residential,4129 W Mossy Rock Dr,Fayetteville,AR,72704,617000,5,3.5,Clabber Creek Ph Ii,2809,9147,2004,31,220,15,Active,August-2-2025 11:00 AM,August-2-2025 03:00 PM,https://www.redfin.com/AR/Fayetteville/4129-W-Mossy-Rock-Dr-72704/home/126881712,NWARMLS,1313212,N,Y,36.0935371,-94.2191297
MLS Listing,,Single Family Residential,1001 E Oaks Manor Dr,Fayetteville,AR,72703,875000,5,3.5,Oakland Hills Add,4542,21780,1994,31,193,,Active,August-3-2025 02:00 PM,August-3-2025 04:00 PM,https://www.redfin.com/AR/Fayetteville/1001-E-Oaks-Manor-Dr-72703/home/125985473,NWARMLS,1312345,N,Y,36.1031058,-94.144955
MLS Listing,,Single Family Residential,464 Block Ave,Fayetteville,AR,72701,575000,3,3.5,Jennings Add,1915,4874,2018,31,300,,Active,August-2-2025 10:00 AM,August-2-2025 02:00 PM,https://www.redfin.com/AR/Fayetteville/464-S-Block-Ave-72701/home/168876312,NWARMLS,1312079,N,Y,36.0576923,-94.1604947
MLS Listing,,Townhouse,"660 & 664 W Whillock St Unit 660, 664",Fayetteville,AR,72701,249700,5,3.5,Fayetteville Outlots,1480,16117,1956,31,169,,Active,,,https://www.redfin.com/AR/Fayetteville/660-W-Whillock-St-72701/unit-660-664/home/196241250,NWARMLS,1312818,N,Y,36.0262647,-94.1701739
MLS Listing,,Single Family Residential,1811 E Fiji St,Fayetteville,AR,72701,519000,4,3.0,Pine Hollow,2491,5662,2026,32,208,25,Active,,,https://www.redfin.com/AR/Fayetteville/1811-E-Fiji-ST-72701/home/196073644,NWARMLS,1312189,N,Y,36.059776306152344,-94.13485717773438
MLS Listing,,Vacant Land,TBD W Whillock St,Fayetteville,AR,72701,80000,,,Fayetteville Outlots,,19166,,32,,,Active,,,https://www.redfin.com/AR/Fayetteville/TBD-W-Whillock-St-72701/home/192759425,NWARMLS,1312823,N,Y,36.026218,-94.170161
MLS Listing,,Vacant Land,1230 W Mount Comfort Rd,Fayetteville,AR,72703,480000,,,Fayetteville Outlots,,15681,,32,,,Active,,,https://www.redfin.com/AR/Fayetteville/1230-W-Mount-Comfort-Rd-72703/home/196066734,NWARMLS,1313002,N,Y,36.0811527,-94.177245
MLS Listing,,Single Family Residential,1142 S Jasmine Ln,Fayetteville,AR,72704,307500,3,2.0,Magnolia Crossing,1465,9104,1998,32,210,,Active,,,https://www.redfin.com/AR/Fayetteville/1142-S-Jasmine-Ln-72704/home/126770422,NWARMLS,1312894,N,Y,36.0527176,-94.217342
MLS Listing,,Condo/Co-op,401 W Watson St #507,Fayetteville,AR,72701,450000,1,1.0,Legacy Bldg Hpr,798,4,2007,34,564,863,Active,,,https://www.redfin.com/AR/Fayetteville/401-W-Watson-St-72701/unit-507/home/126025745,NWARMLS,1313040,N,Y,36.06736,-94.1643141
MLS Listing,,Single Family Residential,620 N Timeless Dr,Fayetteville,AR,72704,375000,3,2.0,Persimmon Place Sub,1906,11473,2005,34,197,4,Active,,,https://www.redfin.com/AR/Fayetteville/620-N-Timeless-Dr-72704/home/126179124,NWARMLS,1313032,N,Y,36.0738321,-94.2268335
MLS Listing,,Single Family Residential,304 S College Ave,Fayetteville,AR,72701,630000,3,3.5,COMBS ADD,2032,4356,2019,35,310,,Active,,,https://www.redfin.com/AR/Fayetteville/304-S-College-Ave-72701/home/126112990,NWARMLS,1312379,N,Y,36.0590048,-94.1578045
MLS Listing,,Single Family Residential,306 S College Ave,Fayetteville,AR,72701,630000,3,3.5,COMBS ADD,2032,4356,2019,35,310,,Active,,,https://www.redfin.com/AR/Fayetteville/306-S-College-Ave-72701/home/174283501,NWARMLS,1312380,N,Y,36.0590085,-94.1577425
MLS Listing,,Single Family Residential,298 S Benchmark Ln,Fayetteville,AR,72704,376500,3,2.0,Villages Of Sloanbrooke Ph 6,1743,8015,2021,35,216,25,Active,,,https://www.redfin.com/AR/Fayetteville/298-S-Benchmark-Ln-72704/home/176708562,NWARMLS,1312876,N,Y,36.0607392,-94.2217489
MLS Listing,,Single Family Residential,1189 Trail Bluff Dr,Fayetteville,AR,72703,759000,4,4.0,Knolls,2833,90169,2018,35,268,63,Active,,,https://www.redfin.com/AR/Fayetteville/1189-Trail-Bluff-Dr-72703/home/126165047,NWARMLS,1312966,N,Y,36.1089608,-93.9723451
MLS Listing,,Single Family Residential,318 W 22nd St,Fayetteville,AR,72701,440000,3,1.5,Fayetteville Outlots,1200,23958,1955,35,367,,Active,,,https://www.redfin.com/AR/Fayetteville/318-W-22nd-St-72701/home/196208630,NWARMLS,1311113,N,Y,36.0407089,-94.1643541
MLS Listing,,Single Family Residential,290 W 22nd St,Fayetteville,AR,72701,160000,3,1.0,Fayetteville Outlots,1000,10454,1955,35,160,,Active,,,https://www.redfin.com/AR/Fayetteville/290-W-22nd-St-72701/home/126596115,NWARMLS,1311586,N,Y,36.0405916,-94.1637136
MLS Listing,,Vacant Land,Gulley Rd,Fayetteville,AR,72703,325000,,,Huntingdon,,130680,,35,,,Active,,,https://www.redfin.com/AR/Fayetteville/E-Gulley-Rd-72703/home/185296358,NWARMLS,1312963,N,Y,36.122895,-94.09293
MLS Listing,,Vacant Land,TBD W 22nd St,Fayetteville,AR,72701,170000,,,Fayetteville Outlots,,75794,,35,,,Active,,,https://www.redfin.com/AR/Fayetteville/TBD-W-22nd-St-72701/home/196207855,NWARMLS,1311628,N,Y,36.040452,-94.163251
MLS Listing,,Townhouse,4066 & 4068 W Sardinia Way,Fayetteville,AR,72704,657000,6,7.0,Rupple Meadows,3650,6969,2018,35,180,80,Active,,,https://www.redfin.com/AR/Unknown/4066-W-SARDINIA-WAY-Unknown/home/147075864,NWARMLS,1312746,N,Y,36.080144,-94.218326
MLS Listing,,Townhouse,4110 & 4112 W Sardinia Way,Fayetteville,AR,72704,663120,6,7.0,Rupple Meadows,3684,6969,2018,35,180,80,Active,,,https://www.redfin.com/AR/Unknown/4110-W-SARDINIA-WAY-Unknown/home/147075867,NWARMLS,1312743,N,Y,36.08015,-94.2188
MLS Listing,,Townhouse,4071 & 4073 W Santa Maria,Fayetteville,AR,72704,741240,8,9.0,Rupple Meadows,4118,7405,2018,35,180,80,Active,,,https://www.redfin.com/AR/Unknown/4071-W-SANTA-MARIA-LN-Unknown/home/147075880,NWARMLS,1312736,N,Y,36.080517,-94.218304
MLS Listing,,Single Family Residential,2309 N Berkleigh Dr,Fayetteville,AR,72704,570000,4,3.5,Clabber Creek Ph Ii,3069,10323,2005,36,186,23,Active,,,https://www.redfin.com/AR/Fayetteville/2309-N-Berkleigh-Dr-72704/home/126754413,NWARMLS,1312834,N,Y,36.0944465,-94.2204804
MLS Listing,,Single Family Residential,1754 N Hartford Dr,Fayetteville,AR,72701,735000,6,3.5,Barrington Parke Ph Ii,3847,20281,2000,36,191,31,Active,August-3-2025 02:00 PM,August-3-2025 04:00 PM,https://www.redfin.com/AR/Fayetteville/1754-N-Hartford-Dr-72701/home/126661217,NWARMLS,1312305,N,Y,36.0844493,-94.1069972
MLS Listing,,Townhouse,4087 & 4089 Santa Maria Ln,Fayetteville,AR,72704,657000,6,7.0,Rupple Meadows,3650,6969,2018,36,180,,Active,,,https://www.redfin.com/AR/Fayetteville/4087-W-Santa-Maria-Ln-72704/home/168267445,NWARMLS,1312739,N,Y,36.0804334,-94.2185877
MLS Listing,,Townhouse,4082 & 4084 W Sardinia Way,Fayetteville,AR,72704,741240,8,9.0,Rupple Meadows,4118,6969,2018,36,180,80,Active,,,https://www.redfin.com/AR/Fayetteville/4082-W-Sardinia-Way-72704/home/196198731,NWARMLS,1312745,N,Y,36.0801739,-94.2185953
MLS Listing,,Single Family Residential,528 N Brices Cross Dr,Fayetteville,AR,72704,385000,4,2.0,Legacy Pointe Ph I,1856,10890,2003,36,207,8,Active,,,https://www.redfin.com/AR/Fayetteville/528-N-Brices-Cross-Dr-72704/home/126770642,NWARMLS,1312666,N,Y,36.0725818,-94.2512088
MLS Listing,,Single Family Residential,2409 Brandi Dr,Fayetteville,AR,72701,334900,3,2.0,Hollybrooke Estates,1674,24445,2004,36,200,,Active,,,https://www.redfin.com/AR/Fayetteville/2409-S-Brandi-Dr-72701/home/126299230,NWARMLS,1312585,N,Y,36.0394159,-94.0488283
MLS Listing,,Single Family Residential,2125 N Old Wire Rd,Fayetteville,AR,72703,415000,4,2.5,North Ridge Sub,1766,24668,1956,36,235,,Active,,,https://www.redfin.com/AR/Fayetteville/2125-N-Old-Wire-Rd-72703/home/126142404,NWARMLS,1312676,N,Y,36.0905785,-94.1412835
MLS Listing,,Single Family Residential,3321 E Cadberry Ter,Fayetteville,AR,72701,1250000,4,4.5,Canterbury Place Sub,3972,141134,2010,36,315,,Active,,,https://www.redfin.com/AR/Fayetteville/3321-E-Cadberry-Ter-72701/home/126621281,NWARMLS,1310908,N,Y,36.0748055,-94.1136369
MLS Listing,,Condo/Co-op,401 W Watson St #509,Fayetteville,AR,72701,550000,1,1.5,Legacy Bldg Hpr,1103,43,2007,37,499,1240,Active,,,https://www.redfin.com/AR/Fayetteville/401-W-Watson-St-72701/unit-509/home/126195207,NWARMLS,1312589,N,Y,36.06736,-94.1643141
MLS Listing,,Single Family Residential,1534 E Century Dr,Fayetteville,AR,72703,599900,4,3.0,Century Estates,2588,16988,1987,37,232,,Active,,,https://www.redfin.com/AR/Fayetteville/1534-E-Century-Dr-72703/home/126441799,NWARMLS,1312719,N,Y,36.096434,-94.1388578
MLS Listing,,Townhouse,837 N Gregg Ave,Fayetteville,AR,72701,1500000,3,4.0,Mitchells Add,3348,8712,2022,37,448,,Active,,,https://www.redfin.com/AR/Fayetteville/837-N-Gregg-Ave-72701/home/177075677,NWARMLS,1312520,N,Y,36.0747036,-94.1667272
MLS Listing,,Townhouse,837-839 N Gregg Ave,Fayetteville,AR,72701,3040000,6,8.0,Mitchells Add,6810,18730,2022,37,446,,Active,,,https://www.redfin.com/AR/Fayetteville/839-N-Gregg-Ave-72701/home/177097938,NWARMLS,1312528,N,Y,36.0747431,-94.166774
MLS Listing,,Single Family Residential,1653 S Laurel Lndg,Fayetteville,AR,72701,520000,4,3.0,The Hamptons Sub Ph I,2475,8415,2016,38,210,8,Active,,,https://www.redfin.com/AR/Fayetteville/1653-S-Laurel-Lndg-72701/home/126701691,NWARMLS,1312571,N,Y,36.0451608,-94.0996178
MLS Listing,,Single Family Residential,3052 Quail Creek Dr,Fayetteville,AR,72703,383000,3,2.0,Quail Creek Sub Ph I,1449,8624,1989,38,264,,Active,,,https://www.redfin.com/AR/Fayetteville/3052-N-Quail-Creek-Dr-72703/home/126408923,NWARMLS,1312486,N,Y,36.1070537,-94.1587494
MLS Listing,,Single Family Residential,219 W Lawson St,Fayetteville,AR,72703,2598000,6,5.5,Heartfield Estates Ph 2,5134,36154,2024,38,506,,Active,,,https://www.redfin.com/AR/Fayetteville/219-W-Lawson-St-72703/home/182045787,NWARMLS,1312370,N,Y,36.0806981,-94.1622804
MLS Listing,,Vacant Land,Lot 11 N Walnut Ave,Fayetteville,AR,72701,200000,,,Bohlens Sub,,14374,,39,,,Active,,,https://www.redfin.com/AR/Fayetteville/11-N-Walnut-Ave-72701/home/196518086,NWARMLS,1312417,N,Y,36.0626623,-94.1534842
MLS Listing,,Single Family Residential,475 N Cato Springs Rd,Fayetteville,AR,72701,459900,3,2.0,Greenland Outlots,1931,148104,1977,39,238,,Active,,,https://www.redfin.com/AR/Fayetteville/475-N-Cato-Springs-Rd-72701/home/126353695,NWARMLS,1312330,N,Y,36.0009668,-94.199451
MLS Listing,,Single Family Residential,6159 W Limerick Way,Fayetteville,AR,,379000,4,2.0,Emerald Point,1882,7840,2018,41,201,13,Active,,,https://www.redfin.com/AR/Fayetteville/6159-W-Limerick-Way-72704/home/168877497,NWARMLS,1311954,N,Y,36.0695197,-94.2499521
MLS Listing,,Single Family Residential,410 N Oliver Ave,Fayetteville,AR,72701,1799000,7,6.0,Fayetteville Outlots,5546,19166,1966,42,324,,Active,,,https://www.redfin.com/AR/Fayetteville/410-N-Oliver-Ave-72701/home/126154397,NWARMLS,1311947,N,Y,36.0688438,-94.18126
MLS Listing,,Vacant Land,Lot 62 Riverside Estates Ph Iv,Goshen,AR,72701,300000,,,Riverside Estates Ph IV,,439773,,42,,,Active,,,https://www.redfin.com/AR/Goshen/Lot-62-Riverside-Estates-Ph-Iv-72701/home/196148087,NWARMLS,1312195,N,Y,36.114539,-94.004379
MLS Listing,,Single Family Residential,17295 Olive Rd,Fayetteville,AR,72701,1760000,7,4.0,n/a,4500,2665000,2005,42,391,,Active,,,https://www.redfin.com/AR/Fayetteville/17295-Olive-Rd-72701/home/164930594,NWARMLS,1311958,N,Y,35.8428913,-93.9688417
MLS Listing,,Single Family Residential,2958 N Cassius Ln,Fayetteville,AR,72704,354000,3,2.0,Lierly Lane Sub,1773,8441,2010,42,200,,Active,,,https://www.redfin.com/AR/Fayetteville/2958-N-Cassius-Ln-72704/home/126555474,NWARMLS,1311850,N,Y,36.1064454,-94.21915
MLS Listing,,Single Family Residential,2022 W Osage Bnd,Fayetteville,AR,72701,2499500,4,3.5,Bois d' Arc,4412,54406,2013,42,567,58,Active,,,https://www.redfin.com/AR/Fayetteville/2022-W-Osage-Bnd-72701/home/196143203,NWARMLS,1311687,N,Y,36.07244,-94.1880424
MLS Listing,,Single Family Residential,1615 N John Miller Rd,Fayetteville,AR,72704,185000,3,2.0,.,1540,25700,1955,43,120,,Active,,,https://www.redfin.com/AR/Fayetteville/1615-N-John-Miller-Rd-72704/home/126449761,NWARMLS,1312103,N,Y,36.0848507,-94.2545367
MLS Listing,,Single Family Residential,2944 Old Farmington Rd,Fayetteville,AR,72704,320000,3,2.0,Scottswood Place,1643,6599,2008,43,195,,Active,,,https://www.redfin.com/AR/Fayetteville/2944-W-Old-Farmington-Rd-72704/home/126646922,NWARMLS,1310358,N,Y,36.0550026,-94.2021251
MLS Listing,,Single Family Residential,239 N Fletcher Ave,Fayetteville,AR,72701,425000,2,2.5,Klyces Sub,1280,4356,2021,43,332,,Active,,,https://www.redfin.com/AR/Fayetteville/239-N-Fletcher-Ave-72701/home/126810320,NWARMLS,1312025,N,Y,36.0654149,-94.1504757
MLS Listing,,Single Family Residential,4826 W Plymouth Rock Pl,Fayetteville,AR,72704,534999,4,2.0,Bridgeport Ph V,2631,10798,2003,43,203,33,Active,August-2-2025 10:00 AM,August-2-2025 01:00 PM,https://www.redfin.com/AR/Fayetteville/4826-W-Plymouth-Rock-Pl-72704/home/126642699,NWARMLS,1311536,N,Y,36.088705,-94.2295093
MLS Listing,,Single Family Residential,1363 Shetland Dr,Fayetteville,AR,72704,355000,4,2.0,Sage Meadows Sub,1704,9147,2005,44,208,,Active,,,https://www.redfin.com/AR/Fayetteville/1363-N-Shetland-Dr-72704/home/126722741,NWARMLS,1311068,N,Y,36.0821433,-94.2327583
MLS Listing,,Single Family Residential,1445 Viewpoint Dr,Fayetteville,AR,72701,329000,4,2.5,Broadview Sub,1624,15002,1965,44,203,,Active,,,https://www.redfin.com/AR/Fayetteville/1445-N-Viewpoint-Dr-72701/home/126621291,NWARMLS,1311906,N,Y,36.0814171,-94.1347874
MLS Listing,,Vacant Land,1343 River Point Rd,Fayetteville,AR,72703,349900,,,Riverside Estates Ph I,,96267,,44,,,Active,,,https://www.redfin.com/AR/Fayetteville/1343-River-Point-Rd-72703/home/168877941,NWARMLS,1311801,N,Y,36.1107473,-94.0112959
MLS Listing,,Single Family Residential,2500 Center St,Fayetteville,AR,72701,465000,4,2.0,Elkins Outlots,3130,73180,1928,44,149,,Active,,,https://www.redfin.com/AR/Fayetteville/2500-N-Center-St-72701/home/126837211,NWARMLS,1311768,N,Y,36.035876,-94.0411836
MLS Listing,,Vacant Land,1929 E Huntsville Rd,Fayetteville,AR,72701,650000,,,Fayetteville Outlots,,17859,,45,,,Active,,,https://www.redfin.com/AR/Fayetteville/1929-E-Huntsville-Rd-72701/home/177083342,NWARMLS,1311573,N,Y,36.053128,-94.133364
MLS Listing,,Single Family Residential,4788 Soapstone Dr,Fayetteville,AR,72704,369000,4,2.0,Persimmon Place,2040,10328,2007,45,181,,Active,,,https://www.redfin.com/AR/Fayetteville/4788-W-Soapstone-Dr-72704/home/126410366,NWARMLS,1311451,N,Y,36.0724935,-94.2293506
MLS Listing,,Condo/Co-op,390 #1 & #2 W 5th St,Fayetteville,AR,72701,950000,1,1.0,Sycamore Three Hpr,1520,435,2014,46,625,,Active,,,https://www.redfin.com/AR/Fayetteville/2-W-5th-St-72701/home/196108024,NWARMLS,1311556,N,Y,36.0572961,-94.1598643
MLS Listing,,Single Family Residential,2839 W Azurite St,Fayetteville,AR,72704,400000,4,2.0,Crystal Springs Phase 2,1940,10018,2024,47,206,,Active,August-3-2025 02:00 PM,August-3-2025 04:00 PM,https://www.redfin.com/AR/Fayetteville/2839-W-Azurite-St-72704/home/191245496,NWARMLS,1311563,N,Y,36.0985315,-94.1993796
MLS Listing,,Single Family Residential,500 Yona Ln,Farmington,AR,72730,389000,3,2.0,Goose Creek Village Ph I,1862,10746,2021,47,209,,Active,,,https://www.redfin.com/AR/Farmington/500-N-Yona-Ln-72730/home/176707366,NWARMLS,1311110,N,Y,36.0613876,-94.255524
MLS Listing,,Single Family Residential,2300 W Holly St,Fayetteville,AR,72703,329900,3,2.0,Ottis Watson Add,1458,12601,1963,47,226,,Active,,,https://www.redfin.com/AR/Fayetteville/2300-W-Holly-St-72703/home/126582203,NWARMLS,1309310,N,Y,36.0804908,-94.1910794
MLS Listing,,Single Family Residential,315 E 11th St,Fayetteville,AR,72701,397000,3,3.5,Willow Bend,1472,5963,2022,48,270,22,Active,August-2-2025 02:00 PM,August-2-2025 04:00 PM,https://www.redfin.com/AR/Fayetteville/315-E-11th-St-72701/home/174285946,NWARMLS,1311374,N,Y,36.0519276,-94.1556949
MLS Listing,,Single Family Residential,218 & 216 E South St,Fayetteville,AR,72701,749900,3,3.5,Boles ADD,2106,3049,2019,49,356,,Active,,,https://www.redfin.com/AR/Fayetteville/218-South-St-72701/home/126708193,NWARMLS,1311321,N,Y,36.0595183,-94.156673
MLS Listing,,Vacant Land,2535 N Oakland Zion Rd,Fayetteville,AR,72703,299900,,,Rosswood Subdivison,,44431,,49,,,Active,,,https://www.redfin.com/AR/Fayetteville/2535-Oakland-Zion-Rd-72703/home/196079206,NWARMLS,1311441,N,Y,36.0958716,-94.1016309
MLS Listing,,Vacant Land,2531 N Oakland Zion Rd,Fayetteville,AR,72703,299900,,,Rosswood Subdivision,,46173,,49,,,Active,,,https://www.redfin.com/AR/Fayetteville/2531-Oakland-Zion-Rd-72703/home/196079102,NWARMLS,1311443,N,Y,36.0958653,-94.1016641
MLS Listing,,Townhouse,358 S Hill Ave,Fayetteville,AR,72701,635000,2,2.0,Hill Avenue Townhomes,1312,435,2022,49,484,200,Active,,,https://www.redfin.com/AR/Fayetteville/358-S-Hill-Ave-72701/home/179258364,NWARMLS,1310971,N,Y,36.0586074,-94.1697346
MLS Listing,,Condo/Co-op,1137 N Leverett Ave #101,Fayetteville,AR,72703,325000,2,2.0,North Corner Hpr,874,435,2017,49,372,200,Active,,,https://www.redfin.com/AR/Fayetteville/1137-N-Leverett-Ave-72703/unit-101/home/190756931,NWARMLS,1311401,N,Y,36.0782887,-94.1713124
MLS Listing,,Condo/Co-op,1115 N Leverett Ave #205,Fayetteville,AR,72703,325000,2,2.0,North Corner Hpr,1078,435,2017,49,301,200,Active,,,https://www.redfin.com/AR/Fayetteville/1115-N-Leverett-Ave-72703/unit-205/home/185347459,NWARMLS,1311397,N,Y,36.0781045,-94.1710972
MLS Listing,,Single Family Residential,4669 W Triangle St,Fayetteville,AR,72704,409900,4,2.0,The Element Ph 2,1980,7840,2025,50,207,17,Active,,,https://www.redfin.com/AR/Fayetteville/4669-W-Triangle-St-72704/home/196065095,NWARMLS,1311316,N,Y,36.062075,-94.227593
MLS Listing,,Single Family Residential,4436 W Bronco Dr,Fayetteville,AR,72704,526500,4,4.5,Towne West,2334,3920,2025,50,226,,Active,,,https://www.redfin.com/AR/Fayetteville/4436-W-Bronco-Dr-72704/home/196062419,NWARMLS,1311255,N,Y,36.0577686,-94.2240773
MLS Listing,,Single Family Residential,4460 W Bronco Dr,Fayetteville,AR,72704,508480,4,4.5,Towne West,2240,4356,2025,50,227,,Active,,,https://www.redfin.com/AR/Fayetteville/4460-W-Bronco-Dr-72704/home/196062263,NWARMLS,1311246,N,Y,36.0577721,-94.2243365
MLS Listing,,Single Family Residential,711 W 15th St,Fayetteville,AR,72701,800000,1,2.0,Fayetteville Outlots,1482,30901,1896,51,540,,Active,,,https://www.redfin.com/AR/Fayetteville/711-W-15th-St-72701/home/126874414,NWARMLS,1310918,N,Y,36.0481923,-94.1706563
MLS Listing,,Single Family Residential,715 W 15th St,Fayetteville,AR,72701,800000,1,,Fayetteville Outlots,1080,30056,1956,51,741,,Active,,,https://www.redfin.com/AR/Fayetteville/715-W-15th-St-72701/home/126149209,NWARMLS,1310932,N,Y,36.0483036,-94.1709572
MLS Listing,,Vacant Land,TBD Spring Loop,Fayetteville,AR,72703,99500,,,Knolls,,63432,,51,,100,Active,,,https://www.redfin.com/AR/Goshen/TBD-S-Spring-Loop-72703/home/192901346,NWARMLS,1311182,N,Y,36.103489,-93.968801
MLS Listing,,Vacant Land,4324 N Oakland Zion Rd,Fayetteville,AR,72703,254000,,,N/A,,50093,,51,,,Active,,,https://www.redfin.com/AR/Fayetteville/4324-Oakland-Zion-Rd-72703/home/196053993,NWARMLS,1311176,N,Y,36.1231065,-94.1019292
MLS Listing,,Single Family Residential,328 N Cross Ave,Fayetteville,AR,72701,1200000,4,2.5,Markham Hill Residential Ph I,2661,6534,2023,51,451,,Active,,,https://www.redfin.com/AR/Fayetteville/328-N-Cross-Ave-72701/home/182046764,NWARMLS,1308980,N,Y,36.0675996,-94.1861408
MLS Listing,,Single Family Residential,3009 & 3011 Old Missouri Rd,Fayetteville,AR,72703,325000,4,2.0,Rolling Meadows Ph I,1492,15132,1977,51,218,,Active,,,https://www.redfin.com/AR/Fayetteville/3009-Old-Missouri-Rd-72703/home/195944639,NWARMLS,1311105,N,Y,36.105695,-94.1340846
MLS Listing,,Single Family Residential,363 E Ralston St,Farmington,AR,72730,795000,4,3.5,25-16-31 Farmington Outlots,2483,92782,1973,51,320,,Active,,,https://www.redfin.com/AR/Farmington/363-E-Ralston-72730/home/126659234,NWARMLS,1309552,N,Y,36.041379,-94.224902
MLS Listing,,Single Family Residential,10050 (50 acres) S Smokey Bear Rd,Fayetteville,AR,72701,2575000,5,4.5,18-15-29,4503,2178000,2023,52,572,,Active,,,https://www.redfin.com/AR/Fayetteville/10050-S-Smokey-Bear-Rd-72701/home/188531473,NWARMLS,1309262,N,Y,35.9803788,-94.0967665
MLS Listing,,Single Family Residential,4402 W Huron Loop,Fayetteville,AR,72704,471950,2,2.0,The Courtyards at Owl Creek,2112,6534,2025,52,223,200,Active,,,https://www.redfin.com/AR/Fayetteville/4402-W-Huron-Loop-72704/home/196035377,NWARMLS,1310964,N,Y,36.0685186,-94.222782
MLS Listing,,Single Family Residential,1643 S Towhee Ln,Fayetteville,AR,72701,332000,3,2.0,Creekside Meadows,1616,5227,2022,52,205,13,Active,,,https://www.redfin.com/AR/Fayetteville/1643-S-Towhee-Ln-72701/home/178993983,NWARMLS,1310959,N,Y,36.0463851,-94.1468816
MLS Listing,,Townhouse,215 Center St,Fayetteville,AR,72701,1140000,6,5.0,County Court,4610,8712,2022,53,247,,Active,,,https://www.redfin.com/AR/Fayetteville/215-E-Center-St-72701/home/126459712,NWARMLS,1310449,N,Y,36.0624586,-94.1562066
MLS Listing,,Vacant Land,2148 Panorama Pl,Fayetteville,AR,72701,70000,,,Mission Heights Ph Iia,,4273,,54,,108,Active,,,https://www.redfin.com/AR/Fayetteville/2148-E-Panorama-Pl-72701/home/143879280,NWARMLS,1303834,N,Y,36.08562,-94.1298039
MLS Listing,,Single Family Residential,2195 Woodlark Ln,Fayetteville,AR,72704,475000,4,3.0,Westview Meadows,2385,11769,2022,55,199,17,Active,,,https://www.redfin.com/AR/Fayetteville/2195-N-Woodlark-Ln-72704/home/176708438,NWARMLS,1310585,N,Y,36.092535,-94.201222
MLS Listing,,Single Family Residential,426 N Highland Ave,Fayetteville,AR,72701,949000,3,3.0,county court addition,2698,6534,1939,56,352,,Active,August-7-2025 05:00 PM,August-7-2025 07:00 PM,https://www.redfin.com/AR/Fayetteville/426-N-Highland-Ave-72701/home/126432885,NWARMLS,1310355,N,Y,36.0695327,-94.1586747
MLS Listing,,Single Family Residential,1054 E Huntsville Rd,Fayetteville,AR,72701,565000,4,3.5,Fayetteville Outlots,2710,12632,2019,56,208,,Active,,,https://www.redfin.com/AR/Fayetteville/1054-E-Huntsville-Rd-72701/home/147075794,NWARMLS,1310602,N,Y,36.0554691,-94.144196
MLS Listing,,Single Family Residential,12017 Red Oak Dr,Fayetteville,AR,72704,665000,4,3.0,Red Oaks Country Estates Ph Ii,3200,62377,1998,56,208,,Active,,,https://www.redfin.com/AR/Fayetteville/12017-Red-Oak-Dr-72704/home/126668905,NWARMLS,1310573,N,Y,36.1280624,-94.2536988
MLS Listing,,Single Family Residential,95 Madrid St,Fayetteville,AR,72703,340000,3,2.0,Sunbridge Villas Sub,1547,4364,2007,56,220,,Active,,,https://www.redfin.com/AR/Fayetteville/95-E-Madrid-St-72703/home/126194926,NWARMLS,1310572,N,Y,36.0988931,-94.1555553
MLS Listing,,Single Family Residential,2623 E Meramec St,Fayetteville,AR,72701,306200,4,2.0,RIVERSIDE VILLAGE S/D PH 2,1496,7405,2025,56,205,,Active,,,https://www.redfin.com/AR/Fayetteville/2623-E-Meramec-St-72701/home/195998252,NWARMLS,1310574,N,Y,36.02775192260742,-94.127197265625
MLS Listing,,Single Family Residential,3021-3023 N Old Missouri Rd,Fayetteville,AR,72703,340000,4,2.0,Rolling Meadows Ph I,1510,16134,1977,57,225,,Active,,,https://www.redfin.com/AR/Fayetteville/3021-N-Old-Missouri-Rd-72703/home/126121698,NWARMLS,1310007,N,Y,36.1059469,-94.1340391
MLS Listing,,Townhouse,808 S Locust Ave,Fayetteville,AR,72701,600000,4,3.0,Ferguson Add,2329,3484,2019,57,258,,Active,,,https://www.redfin.com/AR/Fayetteville/808-S-Locust-Ave-72701/home/126070630,NWARMLS,1310569,N,Y,36.0544143,-94.1631586
MLS Listing,,Single Family Residential,523 Sonoma Cir,Fayetteville,AR,72703,899800,4,3.5,Vineyards,4271,89733,2007,57,211,100,Active,,,https://www.redfin.com/AR/Fayetteville/523-Sonoma-Cir-72703/home/126676846,NWARMLS,1310347,N,Y,36.1060407,-94.0407394
MLS Listing,,Single Family Residential,2227 Hatfield St,Fayetteville,AR,72703,229900,4,1.0,Hatfield Jr Sub,1040,17302,1967,57,221,,Active,,,https://www.redfin.com/AR/Fayetteville/2227-W-Hatfield-St-72703/home/126334807,NWARMLS,1309096,N,Y,36.0790889,-94.1905525
MLS Listing,,Vacant Land,2007 E Panorama Pl,Fayetteville,AR,72701,80000,,,Mission Heights Ph 3,,4565,,57,,108,Active,,,https://www.redfin.com/AR/Fayetteville/2007-E-Panorama-Pl-72701/home/168877519,NWARMLS,1310516,N,Y,36.0856555,-94.1315127
MLS Listing,,Vacant Land,1989 E Panorama Ave,Fayetteville,AR,72703,90000,,,Mission Heights Ph Iia,,6098,,57,,108,Active,,,https://www.redfin.com/AR/Fayetteville/1989-E-Panorama-Pl-72703/home/195998996,NWARMLS,1310510,N,Y,36.0855838,-94.1319301
MLS Listing,,Single Family Residential,19331 Blue Springs Rd,Fayetteville,AR,72703,750000,5,4.0,Starwood Addition,3598,299692,1980,57,208,,Active,,,https://www.redfin.com/AR/Fayetteville/19331-Blue-Springs-Rd-72703/home/126233068,NWARMLS,1310437,N,Y,36.1480794,-93.9995736
MLS Listing,,Townhouse,6322 W Milliken Bnd,Fayetteville,AR,72704,299900,3,2.0,Legacy Pointe Ph 1,1564,5662,2005,57,192,10,Active,,,https://www.redfin.com/AR/Fayetteville/6322-W-Milliken-Bnd-72704/home/126873771,NWARMLS,1309587,N,Y,36.0741911,-94.2519476
MLS Listing,,Vacant Land,N Deane Solomon (lot D) Rd,Fayetteville,AR,72704,650000,,,Fayetteville Outlots,,98010,,57,,,Active,,,https://www.redfin.com/AR/Fayetteville/N-Deane-Solomon-Rd-72704/home/164911033,NWARMLS,1310024,N,Y,36.115817,-94.190676
MLS Listing,,Vacant Land,N Deane Solomon (lot A) Rd,Fayetteville,AR,72704,1495000,,,Fayetteville Outlots,,226512,,57,,,Active,,,https://www.redfin.com/AR/Fayetteville/N-Deane-Solomon-Rd-72704/home/192845878,NWARMLS,1310008,N,Y,36.100126,-94.194058
MLS Listing,,Single Family Residential,1780 Walnut Ave,Fayetteville,AR,72703,625000,2,2.5,McClelland Add,1436,12706,1973,57,435,,Active,,,https://www.redfin.com/AR/Fayetteville/1780-N-Walnut-Ave-72703/home/126768260,NWARMLS,1309873,N,Y,36.086056,-94.152341
MLS Listing,,Single Family Residential,1353 S Blue Willow Ave,Fayetteville,AR,72701,299900,3,2.0,Blueberry Meadows,1617,9583,2011,58,185,4,Active,,,https://www.redfin.com/AR/Fayetteville/1353-S-Blue-Willow-Ave-72701/home/126187463,NWARMLS,1308972,N,Y,36.04804,-94.087529
MLS Listing,,Vacant Land,TBD S Happy Hollow Rd,Fayetteville,AR,72701,450000,,,Fayetteville Outlots,,87120,,58,,,Active,,,https://www.redfin.com/AR/Fayetteville/TBD-S-Happy-Hollow-Rd-72701/home/183540215,NWARMLS,1310328,N,Y,36.059696,-94.137274
MLS Listing,,Single Family Residential,480 S Benchmark Ln,Fayetteville,AR,72704,399900,4,2.0,Towne West,2028,6534,2025,58,197,,Active,,,https://www.redfin.com/AR/Fayetteville/480-S-Benchmark-Ln-72704/home/193623751,NWARMLS,1310306,N,Y,36.0581595,-94.221618
MLS Listing,,Single Family Residential,917 Rush Dr,Fayetteville,AR,72701,512800,2,2.0,Maple Park Add,1292,9792,1945,58,397,,Active,,,https://www.redfin.com/AR/Fayetteville/917-N-Rush-Dr-72701/home/126619316,NWARMLS,1308041,N,Y,36.0754979,-94.1504767
MLS Listing,,Townhouse,820-832 Dockery Ln,Fayetteville,AR,72701,1495385,3,2.5,Fayetteville Outlots,5444,11020,2025,58,275,,Active,,,https://www.redfin.com/AR/Fayetteville/820-Dockery-Ln-72701/home/195985594,NWARMLS,1310228,N,Y,36.0539471,-94.1323578
MLS Listing,,Single Family Residential,4278 Bronco Dr,Fayetteville,AR,72704,450000,4,2.5,Towne West Sub Ph Ii,2047,4356,2022,59,220,,Active,,,https://www.redfin.com/AR/Fayetteville/4278-W-Bronco-Dr-72704/home/182047187,NWARMLS,1310152,N,Y,36.0572333,-94.2216427
MLS Listing,,Single Family Residential,327 S East Ave,Fayetteville,AR,72701,480000,2,2.0,Jennings Add,1122,6969,2023,60,428,,Active,,,https://www.redfin.com/AR/Fayetteville/327-S-East-Ave-72701/home/126928291,NWARMLS,1310010,N,Y,36.0583465,-94.1600003
MLS Listing,,Single Family Residential,2670 Candlewood Dr,Fayetteville,AR,72703,1950000,5,4.5,Candlewood Sub,7049,34638,2004,60,277,25,Active,,,https://www.redfin.com/AR/Fayetteville/2670-N-Candlewood-Dr-72703/home/126016175,NWARMLS,1309925,N,Y,36.099441,-94.1186559
MLS Listing,,Single Family Residential,6013 Quinn St,Fayetteville,AR,72704,369900,3,3.0,Woodridge Sub Ph I & Ii,1522,8363,2019,61,243,,Active,,,https://www.redfin.com/AR/Fayetteville/6013-W-Quinn-St-72704/home/168877595,NWARMLS,1308912,N,Y,36.0828029,-94.2471746
MLS Listing,,Single Family Residential,3800 W Norwood Pl,Fayetteville,AR,72704,1899999,4,5.0,Estates At Dogwood Canyon,5250,67082,2015,62,362,33,Active,,,https://www.redfin.com/AR/Fayetteville/3800-W-Norwood-Pl-72704/home/126635827,NWARMLS,1309482,N,Y,36.1175716,-94.2138325
MLS Listing,,Single Family Residential,1640 N Boston Pl,Fayetteville,AR,72703,794000,4,3.0,Winwood 2nd Add Ph 1,3715,23796,1986,62,214,,Active,,,https://www.redfin.com/AR/Fayetteville/1640-N-Boston-Pl-72703/home/126044594,NWARMLS,1307839,N,Y,36.0897202,-94.1361029
MLS Listing,,Condo/Co-op,221 N Locust Ave #6,Fayetteville,AR,72701,725000,2,1.5,Locust Street Twnhms Hpr,1140,435,2007,63,636,50,Active,,,https://www.redfin.com/AR/Fayetteville/221-N-Locust-Ave-72701/unit-6/home/177077924,NWARMLS,1309017,N,Y,36.0656643,-94.1631771
MLS Listing,,Single Family Residential,1895 N Winwood Dr,Fayetteville,AR,72703,610000,4,3.5,Fayetteville Outlots,2440,21976,2012,63,250,,Active,,,https://www.redfin.com/AR/Fayetteville/1895-N-Winwood-Dr-72703/home/126924576,NWARMLS,1309775,N,Y,36.0874965,-94.1350886
MLS Listing,,Single Family Residential,1559 W Cassi Aly,Fayetteville,AR,72701,1374000,4,3.5,Hotz S/D Revised,3327,9583,2025,63,413,,Active,,,https://www.redfin.com/AR/Fayetteville/1559-Ally-72704/home/195957353,NWARMLS,1309790,N,Y,36.066037,-94.182312
MLS Listing,,Single Family Residential,10703 Thunder Rd,Fayetteville,AR,72701,360000,4,2.0,Fayetteville,2000,114998,1970,63,180,,Active,,,https://www.redfin.com/AR/Fayetteville/10703-Thunder-Rd-72701/home/126303456,NWARMLS,1309600,N,Y,35.9937045,-94.0636422
MLS Listing,,Single Family Residential,2005 Cherry Hills Dr,Fayetteville,AR,72701,627000,5,3.5,Stonebridge Meadows phase II,3257,11377,2007,63,193,,Active,,,https://www.redfin.com/AR/Fayetteville/2005-S-Cherry-Hills-Dr-72701/home/126593791,NWARMLS,1309294,N,Y,36.0411774,-94.1060156
MLS Listing,,Single Family Residential,811 E Township St,Fayetteville,AR,72703,1300000,3,3.5,Fayetteville Outlots,3357,49658,1988,63,387,,Active,,,https://www.redfin.com/AR/Fayetteville/811-E-Township-St-72703/home/126769837,NWARMLS,1309579,N,Y,36.094327,-94.1465358
MLS Listing,,Single Family Residential,1313 S Van Buren Ave,Fayetteville,AR,72701,399900,2,2.0,Van Buren Avenue Residences,1287,1742,2025,64,311,,Active,,,https://www.redfin.com/AR/Fayetteville/1313-Van-Buren-Ave-72701/home/195947368,NWARMLS,1309659,N,Y,36.0497381,-94.1714819
MLS Listing,,Single Family Residential,1315 S Van Buren Ave,Fayetteville,AR,72701,399900,2,2.0,Van Buren Avenue Residences,1287,1742,2025,64,311,,Active,,,https://www.redfin.com/AR/Fayetteville/1315-Van-Buren-Ave-72701/home/195947314,NWARMLS,1309657,N,Y,36.0498424,-94.1711773
MLS Listing,,Single Family Residential,1319 S Van Buren Ave,Fayetteville,AR,72701,399900,2,2.0,Van Buren Avenue Residences,1287,1742,2025,64,311,,Active,,,https://www.redfin.com/AR/Fayetteville/1319-Van-Buren-Ave-72701/home/195947253,NWARMLS,1309653,N,Y,36.0494742,-94.171131
MLS Listing,,Single Family Residential,1327 S Van Buren Ave,Fayetteville,AR,72701,399900,2,2.0,Van Buren Avenue Residences,1287,1742,2025,64,311,,Active,,,https://www.redfin.com/AR/Fayetteville/1327-Van-Buren-Ave-72701/home/195947122,NWARMLS,1309650,N,Y,36.0492806,-94.1711359
MLS Listing,,Single Family Residential,600 Rocky Xing,Fayetteville,AR,72704,485000,5,3.0,Legacy Pointe Ph Ii & Iii,3025,9600,2006,64,160,8,Active,,,https://www.redfin.com/AR/Fayetteville/600-N-Rocky-Xing-72704/home/126184198,NWARMLS,1309406,N,Y,36.0737746,-94.2490346
MLS Listing,,Single Family Residential,1331 S Van Buren Ave,Fayetteville,AR,72701,399900,2,2.0,Van Buren Avenue Residences,1287,1742,2025,64,311,,Active,,,https://www.redfin.com/AR/Fayetteville/1331-S-Van-Buren-Ave-72701/home/168876545,NWARMLS,1309646,N,Y,36.0491879,-94.1711402
MLS Listing,,Townhouse,1228 W James St,Fayetteville,AR,72703,2750000,15,18.0,Fayetteville Outlots,8709,15681,2025,64,316,,Active,,,https://www.redfin.com/AR/Fayetteville/1228-W-James-St-72703/home/195947028,NWARMLS,1309623,N,Y,36.0801296,-94.177405
MLS Listing,,Single Family Residential,1323 S Van Buren Ave,Fayetteville,AR,72701,399900,2,2.0,Van Buren Avenue Residences,1287,1742,2025,64,311,,Active,,,https://www.redfin.com/AR/Fayetteville/1323-Van-Buren-Ave-72701/home/195946023,NWARMLS,1307593,N,Y,36.0494576,-94.1711172
MLS Listing,,Single Family Residential,18880 Cedar Ter,Fayetteville,AR,72703,288000,2,1.5,Beavorama Park Second,1472,60983,1978,64,196,,Active,,,https://www.redfin.com/AR/Fayetteville/18880-Cedar-Ter-72703/home/126608114,NWARMLS,1309562,N,Y,36.1411701,-94.0367172
MLS Listing,,Townhouse,1211/1213 N Sicily Ln,Fayetteville,AR,72704,629900,6,7.0,Rupple Meadows,3952,8646,2019,65,159,,Active,,,https://www.redfin.com/AR/Fayetteville/1211-N-Sicily-Ln-72704/home/168267414,NWARMLS,1309471,N,Y,36.080402,-94.220339
MLS Listing,,Single Family Residential,2762 Wilson Ln,Fayetteville,AR,72703,3199500,6,6.5,Goshen Outlots,6822,577170,2022,65,469,,Active,,,https://www.redfin.com/AR/Fayetteville/2762-Wilson-Ln-72703/home/164913528,NWARMLS,1309302,N,Y,36.1190827,-94.040113
MLS Listing,,Vacant Land,598 Winding Spring Dr,Fayetteville,AR,72703,110000,,,Knolls,,43560,,65,,,Active,,,https://www.redfin.com/AR/Fayetteville/598-Winding-Spring-Dr-72703/home/126354477,NWARMLS,1307746,N,Y,36.106617,-93.972487
MLS Listing,,Vacant Land,Lot 7 Autumn Vw,Fayetteville,AR,72704,395000,,,Autumn View,,423181,,65,,,Active,,,https://www.redfin.com/AR/Fayetteville/Lot-7-E-Autumn-Woods-RD-72701/home/181158351,NWARMLS,1309339,N,Y,36.093867,-94.065377
MLS Listing,,Townhouse,523 S Dockery Ln,Fayetteville,AR,72701,2150000,2,2.0,14-16-30 Fayetteville Outlots,12180,60983,1995,65,177,,Active,,,https://www.redfin.com/AR/Fayetteville/523-S-Dockery-Ln-72701/home/126423735,NWARMLS,1309509,N,Y,36.0560592,-94.1323037
MLS Listing,,Single Family Residential,2510 Jimmie Ave,Fayetteville,AR,72703,489000,3,2.0,Brophy Add,2502,19602,1980,65,195,,Active,,,https://www.redfin.com/AR/Fayetteville/2510-N-Jimmie-Ave-72703/home/126095156,NWARMLS,1308641,N,Y,36.0970108,-94.146424
MLS Listing,,Single Family Residential,5190 E Mission Blvd,Fayetteville,AR,72703,749900,4,2.5,Heather Heights,2472,81457,1997,65,303,,Active,,,https://www.redfin.com/AR/Fayetteville/5190-E-Mission-Blvd-72703/home/126926921,NWARMLS,1309329,N,Y,36.1010776,-94.0868452
MLS Listing,,Single Family Residential,4162 Morning Mist Dr,Fayetteville,AR,72704,570000,4,2.5,Clabber Creek Ph Ii,2774,12144,2006,65,205,,Active,,,https://www.redfin.com/AR/Fayetteville/4162-W-Morning-Mist-Dr-72704/home/126656718,NWARMLS,1309398,N,Y,36.0969678,-94.2195731
MLS Listing,,Townhouse,438 E Martin Luther King Jr Blvd,Fayetteville,AR,72701,290000,1,1.5,15-16-30 COUNTY COURT PLAT,964,1306,2025,66,301,,Active,,,https://www.redfin.com/AR/Fayetteville/438-Martin-Luther-King-Junior-Blvd-72701/home/195925813,NWARMLS,1309354,N,Y,36.0566423,-94.1649992
MLS Listing,,Single Family Residential,2822 N Grey Squirrel Dr,Fayetteville,AR,72704,555500,4,3.0,Hughmount North,2670,10454,2025,66,208,50,Active,,,https://www.redfin.com/AR/Fayetteville/2822-N-Grey-Squirrel-Dr-72704/home/193723512,NWARMLS,1309374,N,Y,36.1042994,-94.2296221
MLS Listing,,Single Family Residential,2858 N Grey Squirrel Dr,Fayetteville,AR,72704,527685,4,3.0,Hughmount North,2424,10454,2025,66,218,50,Active,,,https://www.redfin.com/AR/Fayetteville/2858-N-Grey-Squirrel-Dr-72704/home/193723514,NWARMLS,1309367,N,Y,36.1048619,-94.2296077
MLS Listing,,Single Family Residential,956 W Cato Springs Rd,Fayetteville,AR,72701,249000,2,1.0,Fayetteville Outlots,1642,21344,1964,66,152,,Active,,,https://www.redfin.com/AR/Fayetteville/956-W-Cato-Springs-Rd-72701/home/126475581,NWARMLS,1309327,N,Y,36.0414893,-94.1748746
MLS Listing,,Single Family Residential,3634 Sugarberry Ln,Springdale,AR,72764,1695000,5,6.0,Bridlewood Sub Ph II,4942,95060,2015,66,343,23,Active,,,https://www.redfin.com/AR/Springdale/3634-N-Sugarberry-Ln-72764/home/192728653,NWARMLS,1309305,N,Y,36.1158248,-94.0608583
MLS Listing,,Single Family Residential,404 Cold Harbor Ave,Fayetteville,AR,72704,340000,3,2.0,Legacy Heights Sub Ph I,1529,11360,2010,67,222,,Active,,,https://www.redfin.com/AR/Fayetteville/404-N-Cold-Harbor-Ave-72704/home/126890066,NWARMLS,1309218,N,Y,36.0703097,-94.2458347
MLS Listing,,Single Family Residential,18097 Clear Water Rd,Fayetteville,AR,72704,399000,4,2.0,Richland View Acres Ph 1,1700,50965,2023,68,235,,Active,,,https://www.redfin.com/AR/Fayetteville/18097-Clear-Water-Rd-72704/home/126323374,NWARMLS,1309239,N,Y,36.1309668,-94.2733958
MLS Listing,,Single Family Residential,1038 N Lakeside Dr,Fayetteville,AR,72701,830000,4,3.5,Jackson Heights Add,3022,10018,2021,69,275,,Active,,,https://www.redfin.com/AR/Fayetteville/1038-N-Lakeside-Dr-72701/home/126140915,NWARMLS,1308782,N,Y,36.0764612,-94.1454551
MLS Listing,,Single Family Residential,1615 N Garland Ave,Fayetteville,AR,72703,849900,4,3.5,Fayetteville,2561,12196,2025,70,332,,Active,,,https://www.redfin.com/AR/Fayetteville/1615-N-Garland-Ave-72703/home/126863206,CARMLS,25020363,N,Y,36.0838759,-94.1754346
MLS Listing,,Single Family Residential,1806 Best Friend Ln,Fayetteville,AR,72704,499900,4,3.0,Oakbrooke Ph 3 Ph 1A,2072,8276,2010,70,241,29,Active,,,https://www.redfin.com/AR/Fayetteville/1806-N-Best-Friend-Ln-72704/home/126923827,NWARMLS,1309038,N,Y,36.086922,-94.218325
MLS Listing,,Single Family Residential,2765 Emil Dr,Fayetteville,AR,72704,454900,5,3.5,Crystal Spgs Village Ph I,2347,8712,2023,70,194,36,Active,,,https://www.redfin.com/AR/Fayetteville/2765-W-Emil-Dr-72704/home/185481551,NWARMLS,1305915,N,Y,36.0962068,-94.1987509
MLS Listing,,Single Family Residential,3096 E History St,Fayetteville,AR,72701,515000,4,4.0,Riverwalk Ph I,2641,9147,2016,70,195,33,Active,August-3-2025 02:00 PM,August-3-2025 04:00 PM,https://www.redfin.com/AR/Fayetteville/3096-E-History-St-72701/home/126476409,NWARMLS,1307895,N,Y,36.0358233,-94.1184476
MLS Listing,,Condo/Co-op,1115 N Leverett Ave #102,Fayetteville,AR,72703,365000,3,2.0,North Corner Hpr,1078,435,2017,70,339,200,Active,,,https://www.redfin.com/AR/Fayetteville/1115-N-Leverett-Ave-72703/unit-102/home/195895210,NWARMLS,1308657,N,Y,36.0781045,-94.1710972
MLS Listing,,Single Family Residential,1741 Greenvalley Ave,Fayetteville,AR,72703,425000,3,3.0,Green Valley Add,2954,31358,1962,71,144,,Active,,,https://www.redfin.com/AR/Fayetteville/1741-N-Greenvalley-Ave-72703/home/126734457,NWARMLS,1307105,N,Y,36.0854127,-94.16037
MLS Listing,,Single Family Residential,1026 S Morningside,Fayetteville,AR,72701,369000,3,3.0,PARK MEADOWS PH IV,1858,4356,2024,71,199,20,Active,August-3-2025 02:00 PM,August-3-2025 04:00 PM,https://www.redfin.com/AR/Fayetteville/1026-S-Morningside-Dr-72701/home/187918344,NWARMLS,1308858,N,Y,36.0520926,-94.149006
MLS Listing,,Single Family Residential,3003 N Grey Squirrel Dr,Fayetteville,AR,72704,540500,4,3.0,Hughmount North,2515,8276,2025,71,215,50,Active,,,https://www.redfin.com/AR/Fayetteville/3003-N-Grey-Squirrel-Dr-72704/home/195853247,NWARMLS,1308896,N,Y,36.1064201,-94.2279798
MLS Listing,,Single Family Residential,1699 E Bowen Blvd,Fayetteville,AR,72703,1800000,5,5.0,Goshen Outlots,5000,585446,2018,71,360,,Active,,,https://www.redfin.com/AR/Fayetteville/1699-E-Bowen-Blvd-72703/home/164926719,NWARMLS,1308688,N,Y,36.1235709,-93.9603763
MLS Listing,,Single Family Residential,1715 Garland Ave,Fayetteville,AR,72703,750000,4,3.5,Everett Add,2697,20473,1916,72,278,,Active,,,https://www.redfin.com/AR/Fayetteville/1715-N-Garland-Ave-72703/home/126275003,NWARMLS,1308694,N,Y,36.0854913,-94.175651
MLS Listing,,Single Family Residential,4007 W Song Bird Pl,Fayetteville,AR,72704,349900,4,3.0,Clabber Creek Ph Iii,1869,8001,2007,72,187,8,Active,,,https://www.redfin.com/AR/Fayetteville/4007-W-Song-Bird-Pl-72704/home/126729233,NWARMLS,1308503,N,Y,36.1009464,-94.2169202
MLS Listing,,Single Family Residential,4755 W Plymouth Rock Pl,Fayetteville,AR,72704,665000,5,3.5,Bridgeport Ph V,3435,10890,2003,72,194,,Active,,,https://www.redfin.com/AR/Fayetteville/4755-W-Plymouth-Rock-Pl-72704/home/126930265,NWARMLS,1308719,N,Y,36.0881562,-94.2284183
MLS Listing,,Single Family Residential,316 Napier Ave,Fayetteville,AR,72701,140000,3,2.0,Greenland Outlots,1148,7405,1962,72,122,,Active,,,https://www.redfin.com/AR/Fayetteville/316-S-Napier-Ave-72701/home/126418509,NWARMLS,1307618,N,Y,35.989932,-94.1806153
MLS Listing,,Single Family Residential,575 N Drewrys Bluff Dr,Fayetteville,AR,72704,379000,3,2.5,Creekview,1835,7840,2020,73,207,13,Active,,,https://www.redfin.com/AR/Fayetteville/575-N-Drewrys-Bluff-Dr-72704/home/174285917,NWARMLS,1308573,N,Y,36.0732016,-94.2474126
MLS Listing,,Single Family Residential,2735 E Wyman Rd,Fayetteville,AR,72701,350000,2,1.0,Anderson Farm Plat,1129,22215,1935,74,310,,Active,,,https://www.redfin.com/AR/Fayetteville/2735-E-Wyman-Rd-72701/home/126127873,NWARMLS,1307288,N,Y,36.0580627,-94.1233809
MLS Listing,,Single Family Residential,1661 S Coopers Cove St,Fayetteville,AR,72701,649000,5,3.5,Crescent Lake,3700,10018,2010,74,175,25,Active,,,https://www.redfin.com/AR/Fayetteville/1661-S-Coopers-Cv-72701/home/126885155,NWARMLS,1307291,N,Y,36.0442752,-94.1106601
MLS Listing,,Single Family Residential,733 N Crest Dr,Fayetteville,AR,72701,535000,4,2.0,Holland Add,1980,14300,1960,74,270,,Active,,,https://www.redfin.com/AR/Fayetteville/733-N-Crest-Dr-72701/home/126768656,NWARMLS,1307674,N,Y,36.0730018,-94.1422709
MLS Listing,,Single Family Residential,4447 W Huron Loop,Fayetteville,AR,72704,392950,2,2.0,The Courtyards at Owl Creek,1702,7405,2025,77,231,200,Active,,,https://www.redfin.com/AR/Fayetteville/4447-W-Huron-Loop-72704/home/195835063,NWARMLS,1308419,N,Y,36.0682982,-94.2219477
