SALE TYPE,SOLD DATE,PROPERTY TYPE,ADDRESS,CITY,STATE OR PROVINCE,ZIP OR POSTAL CODE,PRICE,BEDS,BATHS,LOCATION,SQUARE FEET,LOT SIZE,YEAR BUILT,DAYS ON MARKET,$/SQUARE FEET,HOA/MONTH,STATUS,NEXT OPEN HOUSE START TIME,NEXT OPEN HOUSE END TIME,URL (SEE https://www.redfin.com/buy-a-home/comparative-market-analysis FOR INFO ON PRICING),SOURCE,MLS#,FAVORITE,INTERESTED,LATITUDE,LONGITUDE
"In accordance with local MLS rules, some MLS listings are not included in the download"
MLS Listing,,Townhouse,2873 E Fairmount Ave,Phoenix,AZ,85016,415000,3,2.5,VILLA SEVILLE TOWNHOUSES,1632,2104,1966,8,254,407,Active,,,https://www.redfin.com/AZ/Phoenix/2873-E-Fairmount-Ave-85016/home/27492963,ARMLS,6896169,N,Y,33.4930537,-112.0205222
MLS Listing,,Condo/Co-op,310 S 4th St #1902,Phoenix,AZ,85004,385000,1,1.5,SUMMIT AT COPPER SQUARE CONDOMINIUM 2ND AMD,900,953,2007,8,428,553,Active,,,https://www.redfin.com/AZ/Phoenix/310-S-4th-St-85004/unit-1902/home/28335076,ARMLS,6896136,N,Y,33.4447455,-112.069007
MLS Listing,,Single Family Residential,26271 N 46th Pl,Phoenix,AZ,85050,739000,4,2.0,TATUM RIDGE PARCEL 8 & 10,2151,6330,1995,14,344,45,Active,,,https://www.redfin.com/AZ/Phoenix/26271-N-46th-Pl-85050/home/27932124,ARMLS,6893841,N,Y,33.7251871,-111.9797393
MLS Listing,,Single Family Residential,1219 E Granite View Dr,Phoenix,AZ,85048,735000,5,3.0,CAMELOT RIDGE LOT 179-251 TR A-E,2746,8677,1993,15,268,35,Active,,,https://www.redfin.com/AZ/Phoenix/1219-E-Granite-View-Dr-85048/home/26861662,ARMLS,6893196,N,Y,33.3174088,-112.0598298
MLS Listing,,Single Family Residential,4506 E Michigan Ave,Phoenix,AZ,85032,569000,4,3.0,IMAGES,2105,7039,1990,18,270,23,Active,,,https://www.redfin.com/AZ/Phoenix/4506-E-Michigan-Ave-85032/home/27257971,ARMLS,6891133,N,Y,33.653207,-111.9843653
MLS Listing,,Single Family Residential,3425 E Rosemonte Dr,Phoenix,AZ,85050,615000,3,2.0,THE VISTAS AT NORTH GATE,1971,7334,1991,21,312,,Active,,,https://www.redfin.com/AZ/Phoenix/3425-E-Rosemonte-Dr-85050/home/28119054,ARMLS,6889771,N,Y,33.6571382,-112.0081163
MLS Listing,,Single Family Residential,4803 W Beautiful Ln,Laveen,AZ,85339,378000,4,2.5,CHEATHAM FARMS UNIT 1 AMD,2207,7713,2005,22,171,72,Active,,,https://www.redfin.com/AZ/Laveen/4803-W-Beautiful-Ln-85339/home/28277923,ARMLS,6886890,N,Y,33.3758453,-112.1620699
MLS Listing,,Single Family Residential,1129 E Desert Hills Estate Dr,Phoenix,AZ,85086,895000,4,3.5,BASCOM HILLS,2410,54942,2020,28,371,,Active,,,https://www.redfin.com/AZ/Phoenix/1129-E-Desert-Hills-Estate-Dr-85086/home/171974227,ARMLS,6888465,N,Y,33.8323921,-112.0571229
MLS Listing,,Single Family Residential,10924 S 55th Ln,Laveen,AZ,85339,429000,4,2.0,ELLISON TRAILS,1813,5914,2022,29,237,118,Active,,,https://www.redfin.com/AZ/Laveen/10924-S-55th-Ln-85339/home/173000662,ARMLS,6887932,N,Y,33.3471167,-112.1796978
MLS Listing,,Condo/Co-op,1017 E Maryland Ave #139,Phoenix,AZ,85014,334900,2,2.0,MIRASOL CONDOMINIUMS,1008,1015,1985,34,332,235,Active,,,https://www.redfin.com/AZ/Phoenix/1017-E-Maryland-Ave-85014/unit-139/home/27429209,ARMLS,6885302,N,Y,33.5307619,-112.0598514
MLS Listing,,Single Family Residential,6846 S 26th Pl,Phoenix,AZ,85042,524900,4,3.0,FAIRWAYS AT THE LEGACY UNIT 2 REPLAT,2548,5175,2000,34,206,169,Active,,,https://www.redfin.com/AZ/Phoenix/6846-S-26th-Pl-85042/home/27791427,ARMLS,6885898,N,Y,33.3844724,-112.0256916
MLS Listing,,Single Family Residential,5216 E Half Moon Dr,Phoenix,AZ,85044,399950,2,2.0,AHWATUKEE T-1 2ND REPLAT,1084,3990,1983,34,369,303,Active,,,https://www.redfin.com/AZ/Phoenix/5216-E-Half-Moon-Dr-85044/home/28421158,ARMLS,6885384,N,Y,33.3354669,-111.9736669
MLS Listing,,Single Family Residential,902 E Wahalla Ln,Phoenix,AZ,85024,430000,3,2.0,COUNTRY HILLS AMD,1211,4642,1984,34,355,,Active,,,https://www.redfin.com/AZ/Phoenix/902-E-Wahalla-Ln-85024/home/27885986,ARMLS,6885256,N,Y,33.6674767,-112.0611029
MLS Listing,,Condo/Co-op,3131 N Central Ave #7004,Phoenix,AZ,85012,475000,1,1.5,EDISON MIDTOWN CONDOMINIUMS,808,867,2018,35,588,371,Active,,,https://www.redfin.com/AZ/Phoenix/3131-N-Central-Ave-85012/unit-7004/home/120135247,ARMLS,6885532,N,Y,33.4850941,-112.0733931
MLS Listing,,Single Family Residential,3644 W Maryland Ave,Phoenix,AZ,85019,339000,3,2.0,WEST PLAZA 9 LOT 1249-1410,1416,6713,1959,35,239,,Active,August-2-2025 10:00 AM,August-2-2025 01:00 PM,https://www.redfin.com/AZ/Phoenix/3644-W-Maryland-Ave-85019/home/27729378,ARMLS,6876718,N,Y,33.5314505,-112.1381398
MLS Listing,,Single Family Residential,3426 W Tonto St,Phoenix,AZ,85009,360000,3,2.0,TIERRA VERDE,1528,14210,1950,43,236,,Active,,,https://www.redfin.com/AZ/Phoenix/3426-W-Tonto-St-85009/home/27625076,ARMLS,6876755,N,Y,33.4388042,-112.1336835
MLS Listing,,Single Family Residential,37516 N 34th Dr,Phoenix,AZ,85086,720000,3,2.0,No Subdivision,2209,54610,2001,49,326,,Active,,,https://www.redfin.com/AZ/Phoenix/37516-N-34th-Dr-85086/home/27622254,ARMLS,6879189,N,Y,33.8255228,-112.1345874
MLS Listing,,Single Family Residential,4345 E Annette Dr,Phoenix,AZ,85032,660000,4,2.0,VILLA THERESA AMENDED,2065,10571,2000,49,320,,Active,,,https://www.redfin.com/AZ/Phoenix/4345-E-Annette-Dr-85032/home/27999969,ARMLS,6879127,N,Y,33.6536632,-111.9875232
MLS Listing,,Townhouse,1174 E Belmont Ave,Phoenix,AZ,85020,399000,3,2.0,TORRE BLANCA UNIT 1 AMD,1334,1886,1974,52,299,354,Active,,,https://www.redfin.com/AZ/Phoenix/1174-E-Belmont-Ave-85020/home/27512648,ARMLS,6877676,N,Y,33.5491904,-112.0571343
MLS Listing,,Townhouse,16225 N 30th St #11,Phoenix,AZ,85032,189900,2,1.5,PARADISE GARDEN VILLAS,968,425,1984,63,196,268,Active,,,https://www.redfin.com/AZ/Phoenix/16225-N-30th-St-85032/unit-11/home/27505642,ARMLS,6863210,N,Y,33.6345588,-112.01706
MLS Listing,,Single Family Residential,4254 E Valencia Dr,Phoenix,AZ,85042,875000,4,4.0,LEGACY MOUNTAIN VILLAS,2903,10998,2017,63,301,125,Active,,,https://www.redfin.com/AZ/Phoenix/4254-E-Valencia-Dr-85042/home/167697410,ARMLS,6872734,N,Y,33.377521,-111.991316
MLS Listing,,Townhouse,4236 N 27th St #37,Phoenix,AZ,85016,579000,3,3.5,BILTMORE LIVING TOWNHOMES CONDOMINIUM UNITS 1-40,1816,768,2018,63,319,336,Active,,,https://www.redfin.com/AZ/Phoenix/4236-N-27th-St-85016/unit-37/home/120144249,ARMLS,6872681,N,Y,33.4978209,-112.0243879
MLS Listing,,Condo/Co-op,3150 E Beardsley Rd #1091,Phoenix,AZ,85050,369000,3,2.5,LOS PASEOS CONDOMINIUMS,1361,95,2001,73,271,300,Active,,,https://www.redfin.com/AZ/Phoenix/3150-E-Beardsley-Rd-85050/unit-1091/home/27856028,ARMLS,6868385,N,Y,33.6700354,-112.0141259
MLS Listing,,Single Family Residential,5031 W Grandview Rd,Glendale,AZ,85306,400000,2,2.0,VISTA NORTH 9,1267,8666,1976,77,316,,Active,,,https://www.redfin.com/AZ/Glendale/5031-W-Grandview-Rd-85306/home/28408946,ARMLS,6865523,N,Y,33.6347715,-112.16731
MLS Listing,,Condo/Co-op,424 S 2nd St #306,Phoenix,AZ,85004,405000,1,1.5,DOWNTOWN PHOENIX LOFTS CONDOMINIUM,1114,121,2004,78,364,265,Active,,,https://www.redfin.com/AZ/Phoenix/424-S-2nd-St-85004/unit-306/home/27846264,ARMLS,6866042,N,Y,33.443356,-112.071725
MLS Listing,,Single Family Residential,5025 N 20th Ave,Phoenix,AZ,85015,400000,3,3.0,CHESTERFIELD,1844,6739,1953,84,217,,Active,,,https://www.redfin.com/AZ/Phoenix/5025-N-20th-Ave-85015/home/27522366,ARMLS,6863249,N,Y,33.5105115,-112.1022196
MLS Listing,,Single Family Residential,42711 N 45th Dr,Phoenix,AZ,85087,735000,6,3.0,ANTHEM WEST UNIT 2,3711,9987,2006,90,198,100,Active,,,https://www.redfin.com/AZ/New-River/42711-N-45th-Dr-85087/home/28228979,ARMLS,6860523,N,Y,33.8726035,-112.1566425
MLS Listing,,Single Family Residential,22232 N 48th St,Phoenix,AZ,85054,679000,3,2.0,DESERT RIDGE PARCEL 4.17,1937,6867,1997,92,351,48,Active,,,https://www.redfin.com/AZ/Phoenix/22232-N-48th-St-85054/home/27542806,ARMLS,6859117,N,Y,33.6901432,-111.9715274
MLS Listing,,Single Family Residential,21602 N 36th St,Phoenix,AZ,85050,1119000,5,4.5,DESERT RIDGE SUPERBLOCK 11 PARCEL 5,3489,7055,2013,97,321,205,Active,,,https://www.redfin.com/AZ/Phoenix/21602-N-36th-St-85050/home/27208720,ARMLS,6855826,N,Y,33.6824138,-112.0044617
MLS Listing,,Single Family Residential,7131 N 40th St,Paradise Valley,AZ,85253,2900000,2,4.0,"CLEARWATER HILLS 2 LOTS 197-198, 201-206",4571,62611,1970,98,634,,Active,,,https://www.redfin.com/AZ/Paradise-Valley/7131-N-40th-St-85253/home/27132178,ARMLS,6856303,N,Y,33.5417319,-111.9942915
MLS Listing,,Single Family Residential,2335 E Allen St,Phoenix,AZ,85042,965000,5,3.5,MANDALAY AT SOUTH MOUNTAIN PHASE 2,3892,12128,2006,98,248,240,Active,,,https://www.redfin.com/AZ/Phoenix/2335-E-Allen-St-85042/home/27354623,ARMLS,6849964,N,Y,33.36808,-112.0319579
MLS Listing,,Single Family Residential,16235 S 39th Pl,Phoenix,AZ,85048,550000,3,2.0,LAKEWOOD PARCEL 6 REPLAT,1832,8568,1988,105,300,36,Active,,,https://www.redfin.com/AZ/Phoenix/16235-S-39th-Pl-85048/home/27008515,ARMLS,6851949,N,Y,33.2982684,-111.9975766
MLS Listing,,Single Family Residential,43 E Desert Hills Dr,Phoenix,AZ,85086,974900,4,3.0,Desert Hills Custom,3058,43569,2004,105,319,,Active,,,https://www.redfin.com/AZ/Phoenix/43-E-Desert-Hills-Dr-85086/home/28235453,ARMLS,6853262,N,Y,33.8421776,-112.0721973
MLS Listing,,Single Family Residential,6032 E Thunder Hawk Rd,Cave Creek,AZ,85331,1850000,4,3.5,LONE MOUNTAIN,4105,18222,2017,105,451,136,Active,,,https://www.redfin.com/AZ/Cave-Creek/6032-E-Thunder-Hawk-Rd-85331/home/27368236,ARMLS,6852371,N,Y,33.7790841,-111.9507738
MLS Listing,,Single Family Residential,3419 W Via Montoya Dr,Phoenix,AZ,85027,520000,3,2.5,TERRACINA,2346,6510,1998,108,222,33,Active,,,https://www.redfin.com/AZ/Phoenix/3419-W-Via-Montoya-Dr-85027/home/26962454,ARMLS,6851300,N,Y,33.6872798,-112.1319216
MLS Listing,,Single Family Residential,9623 S 38th Ln,Laveen,AZ,85339,576900,4,3.0,DOBBINS VILLAGE AMD,2646,7212,2023,111,218,118,Active,,,https://www.redfin.com/AZ/Laveen/9623-S-38th-Ln-85339/home/185605951,ARMLS,6846627,N,Y,33.358678,-112.1419575
MLS Listing,,Single Family Residential,19645 N 3rd Ave,Phoenix,AZ,85027,464900,3,2.0,NORTH VALLEY VIEW UNIT 3 LOT 1-190,1730,6920,1985,118,269,,Active,,,https://www.redfin.com/AZ/Phoenix/19645-N-3rd-Ave-85027/home/28057449,ARMLS,6846491,N,Y,33.664989,-112.077816
MLS Listing,,Single Family Residential,3107 S 74th Ln,Phoenix,AZ,85043,405000,3,2.0,MOSAIC AT ESTRELLA VILLAGE,1907,5625,2006,120,212,94,Active,,,https://www.redfin.com/AZ/Phoenix/3107-S-74th-Ln-85043/home/28209226,ARMLS,6844856,N,Y,33.4202298,-112.2203553
MLS Listing,,Single Family Residential,8046 W Agora Ln,Phoenix,AZ,85043,390000,4,3.0,TUSCANO PCD PHASE 2 PARCEL A,2091,2655,2020,126,187,136,Active,,,https://www.redfin.com/AZ/Phoenix/8046-W-Agora-Ln-85043/home/27146894,ARMLS,6841872,N,Y,33.4126375,-112.2339696
MLS Listing,,Condo/Co-op,17850 N 68th St #1037,Phoenix,AZ,85054,560000,2,2.0,MONTEREY RIDGE CONDOMINIUM AMD,1372,1303,2021,128,408,549,Active,August-2-2025 10:30 AM,August-2-2025 12:30 PM,https://www.redfin.com/AZ/Phoenix/17850-N-68th-St-85054/unit-1037/home/27191383,ARMLS,6840859,N,Y,33.648664,-111.9344188
MLS Listing,,Single Family Residential,6618 S 54th Ln,Laveen,AZ,85339,555000,5,3.0,LAVEEN CROSSING UNIT 2,4040,8589,2006,132,137,84,Active,,,https://www.redfin.com/AZ/Laveen/6618-S-54th-Ln-85339/home/28189016,ARMLS,6837831,N,Y,33.3860953,-112.1765641
MLS Listing,,Single Family Residential,3025 W Night Owl Ln,Phoenix,AZ,85085,675000,3,2.5,STONELEDGE AT NORTH CANYON,2582,8418,2017,167,261,102,Active,,,https://www.redfin.com/AZ/Phoenix/3025-W-Night-Owl-Ln-85085/home/95460837,ARMLS,6820929,N,Y,33.7952901,-112.124763
MLS Listing,,Condo/Co-op,1 E Lexington Ave #302,Phoenix,AZ,85012,395000,1,1.0,ONE LEXINGTON AVE CONDOMINIUMS AKA CENTURY PLAZA C,825,825,2008,1,479,625,Active,,,https://www.redfin.com/AZ/Phoenix/1-E-Lexington-Ave-85012/unit-302/home/28412270,ARMLS,6899844,N,Y,33.4860322,-112.073272
MLS Listing,,Single Family Residential,10833 W Marshall Ave,Phoenix,AZ,85037,475000,3,2.0,CAMELBACK RANCH,1926,6063,2021,1,247,137,Active,,,https://www.redfin.com/AZ/Phoenix/10833-W-Marshall-Ave-85037/home/172957579,ARMLS,6899845,N,Y,33.5158809,-112.2931548
MLS Listing,,Single Family Residential,1617 E Honda Bow Rd,New River,AZ,85087,975000,3,2.0,Greer Ranch,3200,54538,2020,1,305,,Active,,,https://www.redfin.com/AZ/Phoenix/1617-E-Honda-Bow-Rd-85087/home/27823882,ARMLS,6899833,N,Y,33.87122,-112.047018
MLS Listing,,Mobile/Manufactured Home,13004 N 19th Pl,Phoenix,AZ,85022,425000,3,2.0,HACIENDA DEL SOL 1,1285,6179,2025,1,331,,Active,,,https://www.redfin.com/AZ/Phoenix/13004-N-19th-Pl-85022/home/27807960,ARMLS,6895461,N,Y,33.6043599,-112.0412224
MLS Listing,,Single Family Residential,7724 W Encinas Ln,Phoenix,AZ,85043,539900,4,2.0,ESTRELLA VILLAGE MANOR,2198,8153,2004,1,246,96,Active,,,https://www.redfin.com/AZ/Phoenix/7724-W-Encinas-Ln-85043/home/28017323,ARMLS,6899819,N,Y,33.4111081,-112.2266345
MLS Listing,,Single Family Residential,3538 E Glenrosa Ave,Phoenix,AZ,85018,1899999,4,3.5,Phoenix,3156,9370,2019,1,602,,Active,,,https://www.redfin.com/AZ/Phoenix/3538-E-Glenrosa-Ave-85018/home/171484151,ARMLS,6899812,N,Y,33.4991042,-112.0044373
MLS Listing,,Single Family Residential,8818 W Virginia Ave,Phoenix,AZ,85037,395000,3,2.0,WESTRIDGE SHADOWS,1480,6116,1986,1,267,,Active,,,https://www.redfin.com/AZ/Phoenix/8818-W-Virginia-Ave-85037/home/27934998,ARMLS,6899809,N,Y,33.4759397,-112.2495555
MLS Listing,,Condo/Co-op,3131 W Cochise Dr #114,Phoenix,AZ,85051,169000,2,1.0,POINTS WEST CONDOMINIUM,744,817,1983,1,227,286,Active,,,https://www.redfin.com/AZ/Phoenix/3131-W-Cochise-Dr-85051/unit-114/home/28334772,ARMLS,6899791,N,Y,33.5802953,-112.1281057
MLS Listing,,Single Family Residential,4411 N 56th Dr,Phoenix,AZ,85031,460000,4,3.0,MARYVALE TERRACE 13 LOTS 2198-2350,1664,7510,1957,1,276,,Active,,,https://www.redfin.com/AZ/Phoenix/4411-N-56th-Dr-85031/home/26943675,ARMLS,6899775,N,Y,33.5015372,-112.180252
MLS Listing,,Single Family Residential,4121 N 79th Dr,Phoenix,AZ,85033,364999,4,2.0,LIFESTYLE RANCHOS,1332,6752,1980,1,274,,Active,,,https://www.redfin.com/AZ/Phoenix/4121-N-79th-Dr-85033/home/28037425,ARMLS,6899767,N,Y,33.4952651,-112.2293872
MLS Listing,,Single Family Residential,34306 N 6th Dr,Phoenix,AZ,85085,1575000,4,4.0,Phoenix,3060,43639,2022,1,515,,Active,,,https://www.redfin.com/AZ/Phoenix/34306-N-6th-Dr-85085/home/27649974,ARMLS,6899759,N,Y,33.7963477,-112.0824162
MLS Listing,,Single Family Residential,7426 S 76th Dr,Laveen,AZ,85339,494990,5,3.0,Laveen Springs,2082,4859,2025,1,238,92,Active,,,https://www.redfin.com/AZ/Laveen/7426-S-76th-Dr-85339/home/185676292,ARMLS,6899747,N,Y,33.378999,-112.222632
MLS Listing,,Single Family Residential,7508 S 76th Dr,Laveen,AZ,85339,449649,4,2.0,Laveen Springs,1604,4855,2025,1,280,92,Active,,,https://www.redfin.com/AZ/Laveen/7508-S-76th-Dr-85339/home/185676286,ARMLS,6899734,N,Y,33.378064,-112.222628
MLS Listing,,Single Family Residential,11533 W Piccadilly Rd,Avondale,AZ,85392,407500,3,2.0,GARDEN LAKES PARCEL 6 LOT 1-148 TR A-G,1798,5415,1995,1,227,76,Active,,,https://www.redfin.com/AZ/Avondale/11533-W-Piccadilly-Rd-85392/home/28005087,ARMLS,6899735,N,Y,33.4912251,-112.3079542
MLS Listing,,Single Family Residential,25410 N 46th Ln,Phoenix,AZ,85083,1100000,3,2.5,MOSIER PROPERTY AMD,3364,22071,2003,1,327,80,Active,,,https://www.redfin.com/AZ/Phoenix/25410-N-46th-Ln-85083/home/27946572,ARMLS,6899728,N,Y,33.7171938,-112.1606753
MLS Listing,,Mobile/Manufactured Home,303 E South Mountain Ave #17,Phoenix,AZ,85042,67000,3,2.0,Casa De Francisco,900,900,1998,1,74,,Active,,,https://www.redfin.com/AZ/Phoenix/303-E-South-Mountain-Ave-85042/unit-17/home/196756691,ARMLS,6899717,N,Y,33.3687683,-112.0695272
MLS Listing,,Single Family Residential,4305 E Flower St,Phoenix,AZ,85018,669000,4,1.75,Dennis Manor,1755,7009,1954,1,381,,Active,,,https://www.redfin.com/AZ/Phoenix/4305-E-Flower-St-85018/home/27550511,ARMLS,6899706,N,Y,33.4859575,-111.9887921
MLS Listing,,Single Family Residential,3724 W Bloomfield Rd,Phoenix,AZ,85029,324000,3,2.5,SWEETWATER SUBDIVISION UNIT 3,1690,7054,1971,1,192,,Active,,,https://www.redfin.com/AZ/Phoenix/3724-W-Bloomfield-Rd-85029/home/27837460,ARMLS,6899694,N,Y,33.5985222,-112.1394548
MLS Listing,,Single Family Residential,20829 N 23rd Pl,Phoenix,AZ,85024,369900,3,2.0,PREMIERE AT CAVE CREEK UNIT ONE,1522,5428,1994,1,243,40,Active,,,https://www.redfin.com/AZ/Phoenix/20829-N-23rd-Pl-85024/home/28004543,ARMLS,6899693,N,Y,33.6760959,-112.0315157
MLS Listing,,Single Family Residential,3910 W Michigan Ave,Glendale,AZ,85308,413000,3,2.0,WILLOW CREEK,1500,9858,1980,1,275,,Active,August-2-2025 10:00 AM,August-2-2025 01:00 PM,https://www.redfin.com/AZ/Glendale/3910-W-Michigan-Ave-85308/home/27234317,ARMLS,6899688,N,Y,33.6511924,-112.1438588
MLS Listing,,Single Family Residential,5210 N 18th St,Phoenix,AZ,85016,974999,4,3.0,Huntcroft,3530,10555,1955,1,276,,Active,,,https://www.redfin.com/AZ/Phoenix/5210-N-18th-St-85016/home/143551132,ARMLS,6899684,N,Y,33.5130623,-112.0434951
MLS Listing,,Single Family Residential,118 W Bluefield Ave,Phoenix,AZ,85023,400000,3,2.0,DEER VALLEY ESTATES UNIT 10-A,1367,7066,1983,1,293,,Active,,,https://www.redfin.com/AZ/Phoenix/118-W-Bluefield-Ave-85023/home/27560499,ARMLS,6898808,N,Y,33.6529402,-112.0755706
MLS Listing,,Townhouse,5640 E Bell Rd #1081,Scottsdale,AZ,85254,495000,2,2.5,LAS HADAS VILLAS CONDOMINIUMS AMD,1248,808,1985,1,397,231,Active,July-31-2025 01:30 PM,July-31-2025 05:30 PM,https://www.redfin.com/AZ/Scottsdale/5640-E-Bell-Rd-85254/unit-1081/home/27100366,ARMLS,6899667,N,Y,33.6416412,-111.959797
MLS Listing,,Single Family Residential,4923 W Weeping Willow Way,Laveen,AZ,85339,624900,5,3.0,LAVEEN VISTAS PARCEL 2 PHASE 1,2743,7655,2024,1,228,108,Active,,,https://www.redfin.com/AZ/Laveen/4923-W-Weeping-Willow-Way-85339/home/179283392,ARMLS,6899660,N,Y,33.3495551,-112.1654862
MLS Listing,,Single Family Residential,4818 N 79th Ave,Phoenix,AZ,85033,360000,4,2.0,PONDEROSA HOMES WEST UNIT ONE,1445,7140,1973,1,249,,Active,,,https://www.redfin.com/AZ/Phoenix/4818-N-79th-Ave-85033/home/27359990,ARMLS,6899655,N,Y,33.5083008,-112.2289561
MLS Listing,,Single Family Residential,2827 E Robin Ln,Phoenix,AZ,85050,960000,2,2.5,SKY CROSSING-PARCEL 1A,2000,5775,2020,1,480,301,Active,,,https://www.redfin.com/AZ/Phoenix/2827-E-Robin-Ln-85050/home/167625389,ARMLS,6899653,N,Y,33.6906669,-112.0217481
MLS Listing,,Single Family Residential,3443 E Everett Dr,Phoenix,AZ,85032,499900,3,2.0,PARADISE VALLEY OASIS NO 10 LOT 1-311 & TR A,1104,6537,1977,1,453,,Active,August-2-2025 09:00 AM,August-2-2025 04:00 PM,https://www.redfin.com/AZ/Phoenix/3443-E-Everett-Dr-85032/home/169143817,ARMLS,6898704,N,Y,33.6196313,-112.0073596
MLS Listing,,Single Family Residential,5338 N 21st Ave,Phoenix,AZ,85015,740000,7,5.5,CAMELBACK VISTA,3071,8663,2019,1,241,,Active,,,https://www.redfin.com/AZ/Phoenix/5338-N-21st-Ave-85015/home/27208578,ARMLS,6899615,N,Y,33.5164989,-112.1045282
MLS Listing,,Single Family Residential,41133 N Prosperity Way,Anthem,AZ,85086,790000,4,2.5,ANTHEM PARKSIDE,2738,16858,1999,1,289,100,Active,August-8-2025 04:30 PM,August-8-2025 06:30 PM,https://www.redfin.com/AZ/Anthem/41133-N-Prosperity-Way-85086/home/27068299,ARMLS,6898353,N,Y,33.8588319,-112.1222729
MLS Listing,,Single Family Residential,2616 E North Ln,Phoenix,AZ,85028,1350000,4,3.5,DESERT VISTA 3,3431,11382,2025,1,393,,Active,,,https://www.redfin.com/AZ/Phoenix/2616-E-North-Ln-85028/home/27396260,ARMLS,6895744,N,Y,33.5811877,-112.0254822
MLS Listing,,Single Family Residential,32308 N 58th Pl,Cave Creek,AZ,85331,1425000,4,3.0,LONE MOUNTAIN,3036,13530,2011,1,469,136,Active,August-2-2025 12:00 PM,August-2-2025 03:00 PM,https://www.redfin.com/AZ/Cave-Creek/32308-N-58th-Pl-85331/home/27092715,ARMLS,6899611,N,Y,33.7787115,-111.9556683
MLS Listing,,Single Family Residential,9029 W Mulberry Dr,Phoenix,AZ,85037,408000,4,2.0,YOUNG AMERICA WEST,1521,5672,1985,1,268,,Active,,,https://www.redfin.com/AZ/Phoenix/9029-W-Mulberry-Dr-85037/home/28206101,ARMLS,6899610,N,Y,33.4860057,-112.254368
MLS Listing,,Single Family Residential,4243 N 15th Dr,Phoenix,AZ,85015,565000,4,2.0,BEL AIR BLK 10_& 11,1559,8442,1949,1,362,,Active,August-2-2025 10:00 AM,August-2-2025 12:00 PM,https://www.redfin.com/AZ/Phoenix/4243-N-15th-Dr-85015/home/26963911,ARMLS,6899607,N,Y,33.498053,-112.0921394
MLS Listing,,Single Family Residential,9802 S 44th St,Phoenix,AZ,85044,460000,3,2.0,ALISO CANYON,1326,5293,1986,1,347,,Active,,,https://www.redfin.com/AZ/Phoenix/9802-S-44th-St-85044/home/28082467,ARMLS,6899604,N,Y,33.3583923,-111.9830525
MLS Listing,,Single Family Residential,7008 S 46th St,Phoenix,AZ,85042,410000,3,2.0,KNOELL GARDEN GROVES,1334,14070,1979,1,307,,Active,,,https://www.redfin.com/AZ/Phoenix/7008-S-46th-St-85042/home/27444860,ARMLS,6899603,N,Y,33.3835144,-111.982128
MLS Listing,,Condo/Co-op,535 W Thomas Rd #203,Phoenix,AZ,85013,120000,1,1.0,LOFTS ON THOMAS CONDOMINIUM,847,772,2008,1,142,412,Active,August-2-2025 03:00 PM,August-2-2025 05:00 PM,https://www.redfin.com/AZ/Phoenix/535-W-Thomas-Rd-85013/unit-203/home/62191795,ARMLS,6899598,N,Y,33.4799929,-112.0820336
MLS Listing,,Single Family Residential,4542 N 111th Dr,Phoenix,AZ,85037,529000,5,3.0,CAMELBACK RANCH UNIT 2,3117,7500,2006,1,170,65,Active,,,https://www.redfin.com/AZ/Phoenix/4542-N-111th-Dr-85037/home/27556595,ARMLS,6899599,N,Y,33.5019322,-112.2973023
MLS Listing,,Single Family Residential,19813 N 47th Ave,Glendale,AZ,85308,400000,3,2.0,OVERLAND HILLS,1459,4533,1988,1,274,43,Active,,,https://www.redfin.com/AZ/Glendale/19813-N-47th-Ave-85308/home/27909115,ARMLS,6899589,N,Y,33.665451,-112.160792
MLS Listing,,Condo/Co-op,17017 N 12th St #2124,Phoenix,AZ,85022,185000,1,1.0,CORDILLERA CONDOMINIUM,849,863,1996,1,218,275,Active,,,https://www.redfin.com/AZ/Phoenix/17017-N-12th-St-85022/unit-2124/home/27303607,ARMLS,6899583,N,Y,33.6414209,-112.0563938
MLS Listing,,Single Family Residential,3705 W Luke Ave,Phoenix,AZ,85019,360000,3,2.0,COUNTRY LIFE HOMES UNIT 3,1430,6151,1957,1,252,,Active,,,https://www.redfin.com/AZ/Phoenix/3705-W-Luke-Ave-85019/home/27518749,ARMLS,6899570,N,Y,33.5176693,-112.139074
MLS Listing,,Single Family Residential,1787 N 94th Ave,Phoenix,AZ,85037,395000,4,3.5,SHEELY FARMS PARCEL 3,2253,4425,2003,1,175,73,Active,,,https://www.redfin.com/AZ/Phoenix/1787-N-94th-Ave-85037/home/27948225,ARMLS,6899569,N,Y,33.4664479,-112.2616033
MLS Listing,,Single Family Residential,3815 W Ranier Ct,Anthem,AZ,85086,475000,4,2.0,ANTHEM UNIT 61,1827,5695,2005,1,260,100,Active,August-2-2025 12:00 PM,August-2-2025 04:00 PM,https://www.redfin.com/AZ/Anthem/3815-W-Ranier-Ct-85086/home/28145254,ARMLS,6899555,N,Y,33.8730188,-112.1413391
MLS Listing,,Single Family Residential,1951 E Janice Way,Phoenix,AZ,85022,749900,4,2.5,LOOKOUT MOUNTAIN VIEWS UNIT 4,2093,11889,1986,1,358,,Active,,,https://www.redfin.com/AZ/Phoenix/1951-E-Janice-Way-85022/home/28277587,ARMLS,6882684,N,Y,33.6235265,-112.0411502
MLS Listing,,Single Family Residential,3479 E Presidio Rd,Phoenix,AZ,85032,385000,3,2.0,PARADISE VALLEY OASIS 2 LOTS 77-191 & TR A,1110,7089,1961,1,347,,Active,July-31-2025 08:00 AM,July-31-2025 07:00 PM,https://www.redfin.com/AZ/Phoenix/3479-E-Presidio-Rd-85032/home/27533529,ARMLS,6899540,N,Y,33.609881,-112.0058066
MLS Listing,,Single Family Residential,4111 E Pleasant Ln,Phoenix,AZ,85042,399900,3,2.0,BRAEMAR SOUTH,1735,7074,1973,1,230,,Active,,,https://www.redfin.com/AZ/Phoenix/4111-E-Pleasant-Ln-85042/home/28019863,ARMLS,6899532,N,Y,33.3912049,-111.992794
MLS Listing,,Single Family Residential,3720 E Tierra Buena Ln,Phoenix,AZ,85032,1395000,4,4.0,ROBINHOOD ACRES,2783,18399,2016,1,501,,Active,,,https://www.redfin.com/AZ/Phoenix/3720-E-Tierra-Buena-Ln-85032/home/27111263,ARMLS,6896013,N,Y,33.6301879,-112.0020924
MLS Listing,,Single Family Residential,21829 N 40th Pl,Phoenix,AZ,85050,494999,3,2.5,FIESTA AT DESERT RIDGE,1269,2673,1998,1,390,140,Active,,,https://www.redfin.com/AZ/Phoenix/21829-N-40th-Pl-85050/home/28009895,ARMLS,6899519,N,Y,33.685059,-111.9874104
MLS Listing,,Single Family Residential,12018 N 41st Ave,Phoenix,AZ,85029,435000,3,2.0,FAIRWOOD UNIT 5,1632,9416,1975,1,267,,Active,,,https://www.redfin.com/AZ/Phoenix/12018-N-41st-Ave-85029/home/27740303,ARMLS,6899103,N,Y,33.5951553,-112.1481266
MLS Listing,,Single Family Residential,3501 E Carol Ann Way,Phoenix,AZ,85032,699999,5,2.0,BELLA TERRA,1980,17640,1981,1,354,,Active,,,https://www.redfin.com/AZ/Phoenix/3501-E-Carol-Ann-Way-85032/home/27071980,ARMLS,6899503,N,Y,33.6292169,-112.0065788
MLS Listing,,Single Family Residential,7748 W Minnezona Ave,Phoenix,AZ,85033,400000,3,2.0,MARLBOROUGH COUNTRY UNIT 11,1217,9034,1983,1,329,,Active,August-2-2025 10:00 AM,August-2-2025 02:00 PM,https://www.redfin.com/AZ/Phoenix/7748-W-Minnezona-Ave-85033/home/28323713,ARMLS,6896391,N,Y,33.502262,-112.2274627
MLS Listing,,Single Family Residential,1518 W Wahalla Ln,Phoenix,AZ,85027,415000,3,2.0,DESERT VALLEY ESTATES 4,1320,7497,1974,1,314,,Active,,,https://www.redfin.com/AZ/Phoenix/1518-W-Wahalla-Ln-85027/home/27238221,ARMLS,6899496,N,Y,33.6671861,-112.0924852
MLS Listing,,Single Family Residential,1614 Palmcroft Dr SW,Phoenix,AZ,85007,1700000,4,3.0,PALMCROFT 1 THRU 123,4142,12009,1931,1,410,,Active,August-2-2025 11:00 AM,August-2-2025 03:00 PM,https://www.redfin.com/AZ/Phoenix/1614-Palmcroft-Dr-SW-85007/home/27494532,ARMLS,6899486,N,Y,33.4665369,-112.0856158
MLS Listing,,Single Family Residential,4327 E Desert Sky Ct,Cave Creek,AZ,85331,519000,3,2.0,DOVE VALLEY RANCH PARCEL G,1511,5850,1999,1,343,63,Active,,,https://www.redfin.com/AZ/Cave-Creek/4327-E-Desert-Sky-Ct-85331/home/28286525,ARMLS,6899484,N,Y,33.7875333,-111.9880898
MLS Listing,,Single Family Residential,2902 E Windmere Dr,Phoenix,AZ,85048,369000,3,2.0,MIRAGE,1288,11583,1989,1,286,35,Active,,,https://www.redfin.com/AZ/Phoenix/2902-E-Windmere-Dr-85048/home/26968967,ARMLS,6899479,N,Y,33.3037028,-112.0207275
MLS Listing,,Townhouse,15610 N 29th St #4,Phoenix,AZ,85032,315000,3,2.0,SUNSET SHADOWS 3,1110,1855,1984,1,284,260,Active,,,https://www.redfin.com/AZ/Phoenix/15610-N-29th-St-85032/unit-4/home/27500587,ARMLS,6899462,N,Y,33.6284785,-112.0201442
MLS Listing,,Single Family Residential,4427 W Kimberly Way,Glendale,AZ,85308,409000,3,2.0,VILLAGE AT CANYON VIEW,1638,5584,1983,1,250,53,Active,,,https://www.redfin.com/AZ/Glendale/4427-W-Kimberly-Way-85308/home/28296518,ARMLS,6899457,N,Y,33.6576038,-112.1557252
MLS Listing,,Single Family Residential,4041 N 56th Ave,Phoenix,AZ,85031,369900,3,2.0,MARYVALE TERRACE,1653,8468,1956,1,224,,Active,,,https://www.redfin.com/AZ/Phoenix/4041-N-56th-Ave-85031/home/27221972,ARMLS,6885860,N,Y,33.4947283,-112.179232
MLS Listing,,Single Family Residential,5321 W Hubbell St,Phoenix,AZ,85035,399900,3,2.0,WEDGEWOOD PARK 9,1308,6403,1973,1,306,,Active,,,https://www.redfin.com/AZ/Phoenix/5321-W-Hubbell-St-85035/home/27402540,ARMLS,6897978,N,Y,33.4702105,-112.1747122
MLS Listing,,Condo/Co-op,1620 E Cambridge Ave #3,Phoenix,AZ,85006,150000,1,1.0,CAMBRIDGE CONDOMINIUM UNIT 1-14,644,705,1986,1,233,225,Active,,,https://www.redfin.com/AZ/Phoenix/1620-E-Cambridge-Ave-85006/unit-3/home/28151993,ARMLS,6899440,N,Y,33.4782925,-112.0464726
MLS Listing,,Townhouse,7722 W Pipestone Pl,Phoenix,AZ,85035,299999,3,3.0,VINSANTO,1768,1392,2013,1,170,158,Active,August-2-2025 01:00 AM,August-2-2025 03:00 PM,https://www.redfin.com/AZ/Phoenix/7722-W-Pipestone-Pl-85035/home/27323510,ARMLS,6899431,N,Y,33.4725784,-112.2254629
MLS Listing,,Single Family Residential,3226 E Topeka Dr,Phoenix,AZ,85050,425000,2,2.0,TURTLE ROCK 7 AMD,1228,3766,1991,1,346,42,Active,August-1-2025 11:30 AM,August-1-2025 01:30 PM,https://www.redfin.com/AZ/Phoenix/3226-E-Topeka-Dr-85050/home/28217229,ARMLS,6899422,N,Y,33.6605044,-112.0118143
MLS Listing,,Single Family Residential,5536 E Seven Palms Dr,Cave Creek,AZ,85331,685000,3,2.0,Cave Creek,1504,44597,1978,1,455,,Active,,,https://www.redfin.com/AZ/Cave-Creek/5536-E-Seven-Palms-Dr-85331/home/110390840,ARMLS,6899421,N,Y,33.7923826,-111.9615096
MLS Listing,,Condo/Co-op,14203 N 19th Ave #2029,Phoenix,AZ,85023,219999,2,2.0,SUNGATE AT MOON MOUNTAIN CONDOMINIUM,914,845,1981,1,241,337,Active,,,https://www.redfin.com/AZ/Phoenix/14203-N-19th-Ave-85023/unit-2029/home/27766060,ARMLS,6899400,N,Y,33.6153214,-112.0983804
MLS Listing,,Single Family Residential,5464 W Fulton St,Phoenix,AZ,85043,335000,3,2.5,RIVERBEND UNIT B,1411,2016,2020,1,237,119,Active,,,https://www.redfin.com/AZ/Maricopa/5464-W-Fulton-ST-85138/home/171157151,ARMLS,6899396,N,Y,33.41474,-112.177127
MLS Listing,,Single Family Residential,2057 N 34th Pl,Phoenix,AZ,85008,359900,2,1.0,Westward Ho Manor 7,1247,7187,1951,1,289,,Active,,,https://www.redfin.com/AZ/Phoenix/2057-N-34th-Pl-85008/home/27515662,ARMLS,6898232,N,Y,33.4714172,-112.0077487
MLS Listing,,Condo/Co-op,1326 N Central Ave #413,Phoenix,AZ,85004,599000,2,2.0,ARTISAN LOFTS ON CENTRAL PHASE 1 CONDOMINIUM,1491,836,2004,1,402,694,Active,,,https://www.redfin.com/AZ/Phoenix/1326-N-Central-Ave-85004/unit-413/home/28007907,ARMLS,6898329,N,Y,33.4632407,-112.0745109
MLS Listing,,Single Family Residential,3528 W Encanto Blvd,Phoenix,AZ,85009,355000,4,2.0,FAIRFIELD,1258,7566,1951,1,282,,Active,,,https://www.redfin.com/AZ/Phoenix/3528-W-Encanto-Blvd-85009/home/28390812,ARMLS,6892589,N,Y,33.4734383,-112.1356098
MLS Listing,,Single Family Residential,2828 W Northview Ave,Phoenix,AZ,85051,485000,3,2.0,ORANGELAND SUBDIVISION,2264,11112,1985,1,214,,Active,,,https://www.redfin.com/AZ/Phoenix/2828-W-Northview-Ave-85051/home/27946249,ARMLS,6898296,N,Y,33.5433811,-112.1204946
MLS Listing,,Single Family Residential,2803 E Sherran Ln,Phoenix,AZ,85016,1575000,3,3.0,Custom,3034,14370,2011,1,519,,Active,,,https://www.redfin.com/AZ/Phoenix/2803-E-Sherran-Ln-85016/home/27956975,ARMLS,6890972,N,Y,33.489309,-112.0209441
MLS Listing,,Single Family Residential,17606 N 17th Pl #1009,Phoenix,AZ,85022,389900,2,2.0,VILLAGES AT GROVERS CONDOMINIUM,1344,2231,1997,1,290,139,Active,August-3-2025 11:00 AM,August-3-2025 03:00 PM,https://www.redfin.com/AZ/Phoenix/17606-N-17th-Pl-85022/unit-1009/home/27586976,ARMLS,6897931,N,Y,33.6452796,-112.0445257
MLS Listing,,Single Family Residential,8112 N 10th Pl,Phoenix,AZ,85020,950000,3,3.0,VILLAS NORTE,2682,11526,1996,1,354,225,Active,August-2-2025 12:00 PM,August-2-2025 04:00 PM,https://www.redfin.com/AZ/Phoenix/8112-N-10th-Pl-85020/home/27990463,ARMLS,6897910,N,Y,33.5553959,-112.0604219
MLS Listing,,Single Family Residential,23219 N 21st Pl,Phoenix,AZ,85024,639000,3,2.5,BOULDER CREEK AT DESERT FOOTHILLS,2009,4925,1999,1,318,49,Active,,,https://www.redfin.com/AZ/Phoenix/23219-N-21st-Pl-85024/home/27454035,ARMLS,6898213,N,Y,33.6969825,-112.0368918
MLS Listing,,Single Family Residential,1136 E Forest Hills Dr,Phoenix,AZ,85022,1950000,3,2.5,LOOKOUT MOUNTAIN PHASE 5,3678,17729,1988,1,530,,Active,,,https://www.redfin.com/AZ/Phoenix/1136-E-Forest-Hills-Dr-85022/home/27459035,ARMLS,6897687,N,Y,33.6208266,-112.0574149
MLS Listing,,Single Family Residential,4037 E Oak St,Phoenix,AZ,85008,1500000,4,3.0,VENTURA MANOR,2565,33071,1953,1,585,,Active,,,https://www.redfin.com/AZ/Phoenix/4037-E-Oak-St-85008/home/27677766,ARMLS,6898811,N,Y,33.4727804,-111.9937933
MLS Listing,,Single Family Residential,8511 N 27th Dr,Phoenix,AZ,85051,325000,3,2.0,ALTA VISTA 5,1180,6203,1954,1,275,,Active,,,https://www.redfin.com/AZ/Phoenix/8511-N-27th-Dr-85051/home/176340532,ARMLS,6899300,N,Y,33.5608966,-112.1176446
MLS Listing,,Single Family Residential,2351 W Hunter Ct,Phoenix,AZ,85085,545000,3,2.5,NORTH GATEWAY PCD FUNCTIONAL UNIT 1 PARCEL 4,2325,4500,2006,1,234,60,Active,,,https://www.redfin.com/AZ/Phoenix/2351-W-Hunter-Ct-85085/home/27692804,ARMLS,6896644,N,Y,33.7485321,-112.1106629
MLS Listing,,Single Family Residential,711 W Northern Ave,Phoenix,AZ,85021,850000,4,3.0,NORTH VISTA,2451,13369,1959,1,347,,Active,,,https://www.redfin.com/AZ/Phoenix/711-W-Northern-Ave-85021/home/27546173,ARMLS,6898377,N,Y,33.5525918,-112.0833089
MLS Listing,,Single Family Residential,3635 W Mccauley Ct,Anthem,AZ,85086,420000,3,2.5,Anthem Parkside Paseo,1871,2533,2006,1,224,161,Active,,,https://www.redfin.com/AZ/Phoenix/3635-W-McCauley-Ct-85086/home/28247616,ARMLS,6899317,N,Y,33.8618846,-112.1383326
MLS Listing,,Single Family Residential,4147 E Sahuaro Dr,Phoenix,AZ,85028,825000,4,3.0,NORTH SHEA ESTATES LOT 1-81 TR A-G,2342,5171,1987,1,352,200,Active,,,https://www.redfin.com/AZ/Phoenix/4147-E-Sahuaro-Dr-85028/home/26906118,ARMLS,6899038,N,Y,33.5846089,-111.9912939
MLS Listing,,Single Family Residential,7704 S 53rd Dr S,Laveen,AZ,85339,520000,5,3.5,Estrella Mountain Village,3138,11935,2007,1,166,95,Active,,,https://www.redfin.com/AZ/Laveen/7704-S-53rd-Dr-85339/home/28302463,ARMLS,6896658,N,Y,33.3766078,-112.1740537
MLS Listing,,Single Family Residential,2615 N 29th Pl,Phoenix,AZ,85008,385000,2,1.0,"MOTT ADD BLKS 1, 4",940,11504,1949,1,410,,Active,August-3-2025 12:00 PM,August-3-2025 03:00 PM,https://www.redfin.com/AZ/Phoenix/2615-N-29th-Pl-85008/home/28027164,ARMLS,6899250,N,Y,33.4775034,-112.0181037
MLS Listing,,Single Family Residential,3315 W Florimond Rd,Phoenix,AZ,85086,495000,3,2.5,TRAMONTO PARCEL W-14,1958,4416,2007,1,253,37,Active,,,https://www.redfin.com/AZ/Phoenix/3315-W-Florimond-Rd-85086/home/27318496,ARMLS,6894542,N,Y,33.8038938,-112.1310304
MLS Listing,,Single Family Residential,1009 E Chipman Rd,Phoenix,AZ,85040,310000,2,1.0,CHIPMAN ESTATES,800,3620,1983,1,388,,Active,,,https://www.redfin.com/AZ/Phoenix/1009-E-Chipman-Rd-85040/home/56295765,ARMLS,6898543,N,Y,33.402187,-112.0585589
MLS Listing,,Townhouse,7141 N 16th St #209,Phoenix,AZ,85020,249999,1,1.0,GREENVIEW CONDOMINIUMS,837,795,1970,1,299,585,Active,,,https://www.redfin.com/AZ/Phoenix/7141-N-16th-St-85020/unit-209/home/27745102,ARMLS,6898781,N,Y,33.5404468,-112.0465381
MLS Listing,,Single Family Residential,31314 N 1st Pl,Phoenix,AZ,85085,799000,4,3.5,GATEWAY AT SONORAN PRESERVE,3321,7800,2018,1,241,139,Active,August-2-2025 11:00 AM,August-2-2025 02:00 PM,https://www.redfin.com/AZ/Phoenix/31314-N-1st-Pl-85085/home/144328937,ARMLS,6895401,N,Y,33.7688881,-112.0724848
MLS Listing,,Single Family Residential,1150 E Garfield St,Phoenix,AZ,85006,435000,3,2.0,SUNNY SIDE TRACT,903,6875,1916,1,482,,Active,,,https://www.redfin.com/AZ/Phoenix/1150-E-Garfield-St-85006/home/28176610,ARMLS,6897266,N,Y,33.4579387,-112.0567837
MLS Listing,,Single Family Residential,7405 W Monte Vista Rd,Phoenix,AZ,85035,275000,2,1.0,MARYVALE TERRACE 47,840,6360,1974,1,327,,Active,,,https://www.redfin.com/AZ/Phoenix/7405-W-Monte-Vista-Rd-85035/home/28324127,ARMLS,6877526,N,Y,33.4706295,-112.2188542
MLS Listing,,Condo/Co-op,6125 N Central Ave #3,Phoenix,AZ,85012,550000,2,2.0,CENTRAL PARKWAY CONDO D/P 5584-514 AMD 15-454275/,1933,1446,1965,1,285,485,Active,,,https://www.redfin.com/AZ/Phoenix/6125-N-Central-Ave-85012/unit-3/home/28256803,ARMLS,6899370,N,Y,33.5261643,-112.0723917
MLS Listing,,Single Family Residential,10032 N 42nd Ave,Phoenix,AZ,85051,474900,3,1.75,NEWCASTLE VILLAGE UNIT 3,1546,10581,1970,1,307,,Active,,,https://www.redfin.com/AZ/Phoenix/10032-N-42nd-Ave-85051/home/27861998,ARMLS,6899364,N,Y,33.5775989,-112.1497513
MLS Listing,,Single Family Residential,8717 W Wilshire Dr,Phoenix,AZ,85037,345000,4,2.0,WESTRIDGE SHADOWS,1822,6586,1988,1,189,,Active,,,https://www.redfin.com/AZ/Phoenix/8717-W-Wilshire-Dr-85037/home/27781725,ARMLS,6899330,N,Y,33.4755484,-112.2474839
MLS Listing,,Condo/Co-op,12212 N Paradise Village Pkwy #109,Phoenix,AZ,85032,289000,1,1.0,ANASAZI VILLAGE CONDOMINIUMS,850,978,1983,1,340,,Active,,,https://www.redfin.com/AZ/Phoenix/12212-N-Paradise-Village-Pkwy-S-85032/unit-109/home/27784095,ARMLS,6899325,N,Y,33.5966294,-111.9870968
MLS Listing,,Single Family Residential,2927 W Lawrence Ln,Phoenix,AZ,85051,365000,3,1.75,ALTA VISTA 7,1176,6521,1954,1,310,,Active,,,https://www.redfin.com/AZ/Phoenix/2927-W-Lawrence-Ln-85051/home/27884568,ARMLS,6899318,N,Y,33.5641426,-112.1224856
MLS Listing,,Townhouse,4644 N 26th Dr,Phoenix,AZ,85017,239000,3,1.5,VILLA CHARME 4 TOWNHOUSES,1196,2161,1972,1,200,270,Active,,,https://www.redfin.com/AZ/Phoenix/4644-N-26th-Dr-85017/home/27915919,ARMLS,6899315,N,Y,33.5054307,-112.1157176
MLS Listing,,Single Family Residential,2533 W Kit Carson Trl,Anthem,AZ,85086,562000,4,3.0,Anthem Unit 25,2348,6371,2002,1,239,100,Active,,,https://www.redfin.com/AZ/Phoenix/2533-W-Kit-Carson-Trl-85086/home/27903104,ARMLS,6899313,N,Y,33.8500496,-112.1134238
MLS Listing,,Single Family Residential,10617 W Nez Perce St,Tolleson,AZ,85353,380000,3,2.0,ESTRELLA PARK,1687,5500,2003,1,225,65,Active,,,https://www.redfin.com/AZ/Tolleson/10617-W-Nez-Perce-St-85353/home/27971728,ARMLS,6899299,N,Y,33.4303324,-112.2881656
MLS Listing,,Single Family Residential,1535 W Quail Track Dr,Phoenix,AZ,85085,1200000,5,3.5,DYNAMITE MOUNTAIN RANCH PHASE 2 SECTION 31 PARCEL,4604,10835,2014,1,261,165,Active,,,https://www.redfin.com/AZ/Phoenix/1535-W-Quail-Track-Dr-85085/home/95457574,ARMLS,6899276,N,Y,33.7306316,-112.0927846
MLS Listing,,Single Family Residential,4809 E Red Range Way,Cave Creek,AZ,85331,835000,4,2.0,DOVE VALLEY ESTATES,2410,11250,1998,1,346,78,Active,August-2-2025 10:00 AM,August-2-2025 11:00 AM,https://www.redfin.com/AZ/Cave-Creek/4809-E-Red-Range-Way-85331/home/28204578,ARMLS,6899268,N,Y,33.7878925,-111.9767861
MLS Listing,,Single Family Residential,18025 N 20th Pkwy,Phoenix,AZ,85023,449995,3,1.75,GREEN MEADOWS,1824,8864,1972,1,247,,Active,,,https://www.redfin.com/AZ/Phoenix/18025-N-20th-Pkwy-85023/home/27907730,ARMLS,6893295,N,Y,33.6507877,-112.1044086
MLS Listing,,Condo/Co-op,15402 N 28th St #112,Phoenix,AZ,85032,195000,2,2.0,GARDEN CLUB CONDOMINIUMS,946,936,1984,1,206,255,Active,,,https://www.redfin.com/AZ/Phoenix/15402-N-28th-St-85032/unit-112/home/27817960,ARMLS,6899257,N,Y,33.6266026,-112.0222505
MLS Listing,,Single Family Residential,3232 W Saint Anne Ave,Phoenix,AZ,85041,425000,3,2.5,SOUTHERN VIEWS,2452,5455,2005,1,173,64,Active,,,https://www.redfin.com/AZ/Phoenix/3232-W-Saint-Anne-Ave-85041/home/27801023,ARMLS,6899238,N,Y,33.3871503,-112.1291192
MLS Listing,,Townhouse,4901 E Kelton Ln #1067,Scottsdale,AZ,85254,345000,2,1.0,Discovery At Tatum Place,784,784,1984,1,440,271,Active,,,https://www.redfin.com/AZ/Scottsdale/4901-E-Kelton-Ln-85254/unit-1067/home/27553532,ARMLS,6899237,N,Y,33.6372241,-111.9773313
MLS Listing,,Single Family Residential,3019 W Libby St,Phoenix,AZ,85053,395000,3,2.0,UNION HILLS MANOR 2 LOT 170-331,1600,8667,1978,1,247,,Active,,,https://www.redfin.com/AZ/Phoenix/3019-W-Libby-St-85053/home/27232184,ARMLS,6899231,N,Y,33.6476882,-112.1246137
MLS Listing,,Townhouse,13210 N 26th Dr,Phoenix,AZ,85029,295000,2,2.0,VALLE VENADO 5 LOT 329-382 TR A-E,1107,2206,1985,1,266,252,Active,,,https://www.redfin.com/AZ/Phoenix/13210-N-26th-Dr-85029/home/27010166,ARMLS,6899223,N,Y,33.6067048,-112.1156429
MLS Listing,,Single Family Residential,4420 W Calavar Rd,Glendale,AZ,85306,429000,3,2.0,THUNDERBIRD SHADOWS,1357,8034,1977,1,316,,Active,August-2-2025 10:00 AM,August-2-2025 01:00 PM,https://www.redfin.com/AZ/Glendale/4420-W-Calavar-Rd-85306/home/27695052,ARMLS,6897824,N,Y,33.6127318,-112.1543155
MLS Listing,,Single Family Residential,9510 N 43rd Dr,Glendale,AZ,85302,375000,3,2.0,CONTINENTAL MEADOWS NORTH UNIT 5,1296,10158,1971,1,289,,Active,,,https://www.redfin.com/AZ/Glendale/9510-N-43rd-Dr-85302/home/27349807,ARMLS,6899197,N,Y,33.5717213,-112.1524992
MLS Listing,,Mobile/Manufactured Home,2650 W Union Hills Dr #74,Phoenix,AZ,85027,70000,2,2.0,Friendly Village of Orangewood,1440,,1970,1,49,,Active,,,https://www.redfin.com/AZ/Phoenix/2650-W-Union-Hills-Dr-85027/unit-74/home/167155652,ARMLS,6899199,N,Y,33.6561539,-112.1167532
MLS Listing,,Single Family Residential,4042 W Avenida Del Sol --,Glendale,AZ,85310,475000,4,3.0,PALM ESTATES LOT 134 TR A-C,2099,5767,1988,1,226,20,Active,,,https://www.redfin.com/AZ/Glendale/4042-W-Avenida-del-Sol-85310/home/27396191,ARMLS,6899187,N,Y,33.7018756,-112.1463785
MLS Listing,,Single Family Residential,2526 W Mobile Ln,Phoenix,AZ,85041,389999,3,2.0,WESTON PARK UNIT 1,1548,4950,2003,1,252,62,Active,,,https://www.redfin.com/AZ/Phoenix/2526-W-Mobile-Ln-85041/home/27968762,ARMLS,6899189,N,Y,33.4004388,-112.1131213
MLS Listing,,Single Family Residential,11807 S Tonalea Dr,Phoenix,AZ,85044,889000,3,2.0,Ahwatukee E-2,2569,18417,1983,1,346,48,Active,,,https://www.redfin.com/AZ/Phoenix/11807-S-Tonalea-Dr-85044/home/27886448,ARMLS,6899185,N,Y,33.3392142,-112.003551
MLS Listing,,Condo/Co-op,4714 E Belleview St,Phoenix,AZ,85008,205000,2,1.0,VILLA VERDE CONDOMINUM,880,852,1972,1,233,,Active,,,https://www.redfin.com/AZ/Phoenix/4714-E-Belleview-St-85008/home/195960609,ARMLS,6899179,N,Y,33.4612938,-111.9808239
MLS Listing,,Single Family Residential,10432 W Devonshire Ave,Phoenix,AZ,85037,330000,2,2.0,VILLA DE PAZ 1,1156,5001,1978,1,285,,Active,,,https://www.redfin.com/AZ/Phoenix/10432-W-Devonshire-Ave-85037/home/27860164,ARMLS,6899176,N,Y,33.4956891,-112.2844368
MLS Listing,,Single Family Residential,4944 E Windrose Dr,Scottsdale,AZ,85254,1275000,4,2.0,GREENBRIER EAST UNIT 2,2320,10090,1977,1,550,,Active,August-2-2025 11:00 AM,August-2-2025 03:00 PM,https://www.redfin.com/AZ/Scottsdale/4944-E-Windrose-Dr-85254/home/27546732,ARMLS,6894296,N,Y,33.6028955,-111.9738228
MLS Listing,,Single Family Residential,6768 E Gelding Dr,Scottsdale,AZ,85254,1100000,5,3.0,UDC KIERLAND PARCEL 14,2770,6313,1996,1,397,43,Active,August-2-2025 12:00 PM,August-2-2025 03:00 PM,https://www.redfin.com/AZ/Scottsdale/6768-E-Gelding-Dr-85254/home/27927098,ARMLS,6898165,N,Y,33.6173655,-111.9354147
MLS Listing,,Single Family Residential,2305 E South Mountain Ave,Phoenix,AZ,85042,1975000,4,4.5,NO HOA,4022,42542,2025,1,491,,Active,August-2-2025 12:00 PM,August-2-2025 03:00 PM,https://www.redfin.com/AZ/Phoenix/2305-E-South-Mountain-Ave-85042/home/183170116,ARMLS,6899149,N,Y,33.370226,-112.0340684
MLS Listing,,Multi-Family (2-4 Unit),4429 S 8th St,Phoenix,AZ,85040,400000,,,BROADWAY PARK,,,2003,1,,,Active,,,https://www.redfin.com/AZ/Phoenix/4429-S-8th-St-85040/home/28208465,ARMLS,6899143,N,Y,33.4055771,-112.062052
MLS Listing,,Single Family Residential,6948 W Monte Vista Rd,Phoenix,AZ,85035,348000,3,1.0,SKYVIEW NORTH UNIT FIVE,1432,6512,1978,1,243,,Active,,,https://www.redfin.com/AZ/Phoenix/6948-W-Monte-Vista-Rd-85035/home/27983185,ARMLS,6899130,N,Y,33.4717936,-112.2095719
MLS Listing,,Condo/Co-op,2629 W Ocotillo Rd #3,Phoenix,AZ,85017,178000,2,1.0,LOMA LINDA CONDOMINIUM,880,887,1979,1,202,286,Active,,,https://www.redfin.com/AZ/Phoenix/2629-W-Ocotillo-Rd-85017/unit-3/home/27385685,ARMLS,6899096,N,Y,33.5342979,-112.1154822
MLS Listing,,Multi-Family (2-4 Unit),2107 W Glenrosa Ave,Phoenix,AZ,85015,700000,3,4.0,Phoenix,,7869,2009,1,,,Active,,,https://www.redfin.com/AZ/Phoenix/2107-W-Glenrosa-Ave-85015/home/28016746,ARMLS,6899100,N,Y,33.498381,-112.1045121
MLS Listing,,Mobile/Manufactured Home,18020 N 1st St,Phoenix,AZ,85022,316000,4,3.0,SEVEN PALMS MOBILE HOME ESTATES UNIT 3,1536,7813,1977,1,206,30,Active,,,https://www.redfin.com/AZ/Phoenix/18020-N-1st-St-85022/home/27234622,ARMLS,6899091,N,Y,33.649793,-112.0738059
MLS Listing,,Townhouse,377 E Windsor Ave #14,Phoenix,AZ,85004,769325,2,2.5,PARK 7 ON WINDSOR,1881,1460,2024,1,409,295,Active,August-1-2025 11:00 AM,August-1-2025 03:00 PM,https://www.redfin.com/AZ/Phoenix/377-E-Windsor-Ave-85004/unit-14/home/190574154,ARMLS,6899093,N,Y,33.4777973,-112.065955
MLS Listing,,Multi-Family (2-4 Unit),7338 N 43rd Ave,Glendale,AZ,85301,4300000,,,Glendale,,,1983,1,,,Active,,,https://www.redfin.com/AZ/Glendale/7338-N-43rd-Ave-85301/home/27526886,ARMLS,6899094,N,Y,33.5444726,-112.151772
MLS Listing,,Single Family Residential,9815 W Cheery Lynn Rd,Phoenix,AZ,85037,534190,4,3.0,WESTERN GARDEN DISCOVERY,2105,5545,2025,1,254,248,Active,,,https://www.redfin.com/AZ/Phoenix/9815-W-Cheery-Lynn-Rd-85037/home/194222069,ARMLS,6899081,N,Y,33.4832722,-112.270516
MLS Listing,,Townhouse,8821 S 48th St #2,Phoenix,AZ,85044,269999,2,1.5,POINTE SOUTH MOUNTAIN UNIT 4 LT 363-551 TR A-G,1015,1150,1984,1,266,450,Active,,,https://www.redfin.com/AZ/Phoenix/8821-S-48th-St-85044/unit-2/home/27260037,ARMLS,6899082,N,Y,33.365992,-111.9736602
MLS Listing,,Townhouse,22125 N 29th Ave #158,Phoenix,AZ,85027,280000,2,2.5,BERKANA AT ADOBE MOUNTAIN CONDOMINIUM,1322,789,2008,1,212,309,Active,,,https://www.redfin.com/AZ/Phoenix/22125-N-29th-Ave-85027/unit-158/home/28352562,ARMLS,6899077,N,Y,33.6870847,-112.1211085
MLS Listing,,Single Family Residential,40722 N Harbour Town Ct,Anthem,AZ,85086,1199000,4,3.0,ANTHEM UNIT 24,2792,8320,2003,1,429,499,Active,August-2-2025 11:00 AM,August-2-2025 02:00 PM,https://www.redfin.com/AZ/Anthem/40722-N-Harbour-Town-Ct-85086/home/27963954,ARMLS,6899066,N,Y,33.8546426,-112.1031745
MLS Listing,,Single Family Residential,9526 W Catalina Dr,Phoenix,AZ,85037,479990,5,2.5,WESTERN GARDEN CREST,2129,4535,2025,1,225,248,Active,,,https://www.redfin.com/AZ/Phoenix/9526-W-Catalina-Dr-85037/home/194221672,ARMLS,6899056,N,Y,33.4810823,-112.2652386
MLS Listing,,Single Family Residential,9048 N 37th Ave,Phoenix,AZ,85051,400000,3,2.0,PARKWOOD SUBDIVISION - UNIT NO. 1,1650,8063,1967,1,242,,Active,,,https://www.redfin.com/AZ/Phoenix/9048-N-37th-Ave-85051/home/28101443,ARMLS,6899050,N,Y,33.5692767,-112.1390826
MLS Listing,,Single Family Residential,1119 W Roma Ave,Phoenix,AZ,85013,625000,4,2.0,Melrose Manor,1605,9348,1947,1,389,,Active,August-2-2025 11:00 AM,August-2-2025 02:00 PM,https://www.redfin.com/AZ/Phoenix/1119-W-Roma-Ave-85013/home/27209160,ARMLS,6899048,N,Y,33.5001934,-112.0884291
MLS Listing,,Single Family Residential,4224 E Maya Way,Cave Creek,AZ,85331,699000,4,3.0,TATUM HIGHLANDS PARCEL 2 NORTH,2181,6089,1996,1,320,45,Active,,,https://www.redfin.com/AZ/Cave-Creek/4224-E-Maya-Way-85331/home/27940062,ARMLS,6899045,N,Y,33.7299078,-111.9901263
MLS Listing,,Single Family Residential,9525 W Verde Ln,Phoenix,AZ,85037,439490,3,2.0,WESTERN GARDEN CREST,1609,4732,2025,1,273,248,Active,,,https://www.redfin.com/AZ/Phoenix/9525-W-Verde-Ln-85037/home/194221595,ARMLS,6899044,N,Y,33.4798525,-112.2650807
MLS Listing,,Single Family Residential,2949 E Wier Ave,Phoenix,AZ,85040,375000,3,2.0,"WIER ESTATES LOTS 11-32, 53-74",1454,7149,2002,1,258,,Active,,,https://www.redfin.com/AZ/Phoenix/2949-E-Wier-Ave-85040/home/27868514,ARMLS,6899031,N,Y,33.4031255,-112.0160542
MLS Listing,,Condo/Co-op,1701 E Colter St #148,Phoenix,AZ,85016,410000,2,2.0,BILTMORE SQUARE,999,937,2003,1,410,322,Active,,,https://www.redfin.com/AZ/Phoenix/1701-E-Colter-St-85016/unit-148/home/27660391,ARMLS,6899016,N,Y,33.5123969,-112.0453388
MLS Listing,,Single Family Residential,2837 N 71st Ave,Phoenix,AZ,85035,355000,3,1.0,MARYVALE TERRACE NO. 58-A,1200,6116,1981,1,296,,Active,,,https://www.redfin.com/AZ/Phoenix/2837-N-71st-Ave-85035/home/28381683,ARMLS,6899013,N,Y,33.4796908,-112.2116929
MLS Listing,,Multi-Family (2-4 Unit),6605 W Pasadena Ave,Glendale,AZ,85301,620000,,,GLENWOOD PLAZA AMD,,,1971,1,,,Active,,,https://www.redfin.com/AZ/Glendale/6605-W-Pasadena-Ave-85301/home/27858687,ARMLS,6898971,N,Y,33.5108599,-112.2013331
MLS Listing,,Single Family Residential,2752 W Royal Palm Rd,Phoenix,AZ,85051,345000,3,2.0,ALTA VISTA 1,1092,8176,1952,1,316,,Active,,,https://www.redfin.com/AZ/Phoenix/2752-W-Royal-Palm-Rd-85051/home/28250587,ARMLS,6898968,N,Y,33.5559918,-112.119583
MLS Listing,,Single Family Residential,9336 W Pioneer St,Tolleson,AZ,85353,498000,4,3.0,COUNTRY PLACE DEVELOPMENT UNIT 36,2348,5964,2005,1,212,1,Active,,,https://www.redfin.com/AZ/Tolleson/9336-W-Pioneer-St-85353/home/27518579,ARMLS,6898969,N,Y,33.4164354,-112.2604036
MLS Listing,,Townhouse,727 E Portland St #6,Phoenix,AZ,85006,520000,2,2.0,PORTLAND 38 CONDOMINIUM,1444,563,2007,1,360,330,Active,,,https://www.redfin.com/AZ/Phoenix/727-E-Portland-St-85006/unit-6/home/27247072,ARMLS,6895118,N,Y,33.4596745,-112.0637075
MLS Listing,,Single Family Residential,1809 W State Ave,Phoenix,AZ,85021,399900,4,2.0,WESTWOOD HEIGHTS LOTS 71-130,1491,8972,1955,1,268,,Active,,,https://www.redfin.com/AZ/Phoenix/1809-W-State-Ave-85021/home/27264414,ARMLS,6894849,N,Y,33.5437328,-112.0979146
MLS Listing,,Multi-Family (2-4 Unit),3364 W Harmont Dr,Phoenix,AZ,85051,720000,,,NORTHERN LANAI UNIT 1,,,1974,1,,,Active,,,https://www.redfin.com/AZ/Phoenix/3364-W-Harmont-Dr-85051/home/28106797,ARMLS,6898966,N,Y,33.5560495,-112.1318671
MLS Listing,,Multi-Family (2-4 Unit),3319 W Harmont Dr,Phoenix,AZ,85051,720000,,,NORTHERN LANAI UNIT 1,,,1974,1,,,Active,,,https://www.redfin.com/AZ/Phoenix/3319-W-Harmont-Dr-85051/home/28057906,ARMLS,6898962,N,Y,33.5545558,-112.1310252
MLS Listing,,Single Family Residential,4931 S 11th Pl,Phoenix,AZ,85040,475000,4,2.0,ROMLEY ESTATES,1470,4615,2019,1,323,,Active,,,https://www.redfin.com/AZ/Phoenix/4931-S-11th-Pl-85040/home/167216510,ARMLS,6893418,N,Y,33.4016552,-112.0568049
MLS Listing,,Townhouse,28138 N 28th Ln,Phoenix,AZ,85085,399900,2,2.5,17 NORTH,1455,1200,2025,1,275,175,Active,August-2-2025 10:00 AM,August-2-2025 01:00 PM,https://www.redfin.com/AZ/Phoenix/28138-N-28th-Ln-85085/home/183168715,ARMLS,6898951,N,Y,33.739662,-112.12074
MLS Listing,,Single Family Residential,21 W Beryl Ave,Phoenix,AZ,85021,749900,3,2.0,MOUNT CENTRAL PLACE LT 1-81 TR A-L N & M C PARK,1917,3884,1986,1,391,133,Active,,,https://www.redfin.com/AZ/Phoenix/21-W-Beryl-Ave-85021/home/28309265,ARMLS,6898952,N,Y,33.5791209,-112.0713782
MLS Listing,,Multi-Family (2-4 Unit),2822 E Kathleen Rd,Phoenix,AZ,85032,635000,,,GREENWAY MANOR,,,1982,1,,,Active,,,https://www.redfin.com/AZ/Phoenix/2822-E-Kathleen-Rd-85032/home/27729317,ARMLS,6898947,N,Y,33.6309332,-112.0208698
MLS Listing,,Multi-Family (2-4 Unit),2813 E Monte Cristo Ave,Phoenix,AZ,85032,635000,,,GREENWAY MANOR,,,1982,1,,,Active,,,https://www.redfin.com/AZ/Phoenix/2813-E-Monte-Cristo-Ave-85032/home/28144206,ARMLS,6898938,N,Y,33.6318931,-112.021544
MLS Listing,,Mobile/Manufactured Home,16416 N 33rd St,Phoenix,AZ,85032,290000,2,2.0,PALM LAKES VILLAGE UNIT 1,1188,6273,2020,1,244,88,Active,August-2-2025 10:00 AM,August-2-2025 01:00 PM,https://www.redfin.com/AZ/Phoenix/16416-N-33rd-St-85032/home/27241712,ARMLS,6898932,N,Y,33.6358938,-112.0113361
MLS Listing,,Single Family Residential,4936 W Highland Ave,Phoenix,AZ,85031,249900,3,2.0,Maryvale Terrace,1576,7275,1955,1,159,,Active,,,https://www.redfin.com/AZ/Phoenix/4936-W-Highland-Ave-85031/home/27487402,ARMLS,6897335,N,Y,33.5060806,-112.1660007
MLS Listing,,Single Family Residential,3906 E Taro Ln,Phoenix,AZ,85050,679000,3,2.5,TROVARE UNIT 2,2216,5479,1996,1,306,63,Active,August-2-2025 12:00 PM,August-2-2025 03:00 PM,https://www.redfin.com/AZ/Phoenix/3906-E-Taro-Ln-85050/home/28054222,ARMLS,6896797,N,Y,33.6603766,-111.9983784
MLS Listing,,Condo/Co-op,920 E Devonshire Ave #2009,Phoenix,AZ,85014,350000,3,2.0,900 DEVONSHIRE CONDOMINIUMS AMD,1248,1248,2004,1,280,356,Active,,,https://www.redfin.com/AZ/Phoenix/920-E-Devonshire-Ave-85014/unit-2009/home/194008940,ARMLS,6898052,N,Y,33.4975401,-112.0617968
MLS Listing,,Townhouse,16825 N 14th St #12,Phoenix,AZ,85022,310000,2,2.5,VIA BELLEZZA CONDOMINIUM,1144,1238,2007,1,271,253,Active,,,https://www.redfin.com/AZ/Phoenix/16825-N-14th-St-85022/unit-12/home/28215043,ARMLS,6898399,N,Y,33.6382353,-112.0522351
MLS Listing,,Single Family Residential,3739 E Yale St,Phoenix,AZ,85008,495000,3,2.0,NORTH EAST VILLAGE 1,1457,6020,1955,1,340,,Active,August-2-2025 11:00 AM,August-2-2025 02:00 PM,https://www.redfin.com/AZ/Phoenix/3739-E-Yale-St-85008/home/27227909,ARMLS,6898413,N,Y,33.4761561,-112.0005722
MLS Listing,,Single Family Residential,6221 N 31st Ave,Phoenix,AZ,85017,379900,3,2.0,WEST PLAZA 7,1746,6957,1958,2,218,,Active,,,https://www.redfin.com/AZ/Phoenix/6221-N-31st-Ave-85017/home/26960872,ARMLS,6898891,N,Y,33.5284719,-112.1253215
MLS Listing,,Single Family Residential,6625 W Cavedale Dr,Phoenix,AZ,85083,625000,3,2.0,EAGLE HIGHLANDS NORTH,2078,6519,2002,2,301,75,Active,,,https://www.redfin.com/AZ/Phoenix/6625-W-Cavedale-Dr-85083/home/28114866,ARMLS,6898867,N,Y,33.7264092,-112.2025881
MLS Listing,,Townhouse,18814 N 33rd Dr #2,Phoenix,AZ,85027,270000,2,1.5,GRANVILLE,1200,918,1984,2,225,247,Active,,,https://www.redfin.com/AZ/Phoenix/18814-N-33rd-Dr-85027/unit-2/home/27409262,ARMLS,6898868,N,Y,33.6566158,-112.1312151
MLS Listing,,Single Family Residential,1802 N 36th Ave,Phoenix,AZ,85009,335000,3,2.0,TOWN HOUSE PARK,988,5901,1953,2,339,,Active,August-2-2025 11:00 AM,August-2-2025 02:00 PM,https://www.redfin.com/AZ/Phoenix/1802-N-36th-Ave-85009/home/27408177,ARMLS,6898861,N,Y,33.468007,-112.1368344
MLS Listing,,Single Family Residential,8514 N 38th Dr,Phoenix,AZ,85051,365000,4,2.0,SUNSET GARDENS 3,1288,6691,1962,2,283,,Active,August-3-2025 11:00 AM,August-3-2025 01:00 PM,https://www.redfin.com/AZ/Phoenix/8514-N-38th-Dr-85051/home/28375475,ARMLS,6898855,N,Y,33.5616554,-112.1423426
MLS Listing,,Single Family Residential,41713 N Ericson Ct,Anthem,AZ,85086,340000,3,2.5,ANTHEM UNIT 101,1469,2100,2006,2,231,161,Active,,,https://www.redfin.com/AZ/Anthem/41713-N-Ericson-Ct-85086/home/28193583,ARMLS,6898843,N,Y,33.8635628,-112.1397157
MLS Listing,,Condo/Co-op,19360 N 73rd St #1052,Scottsdale,AZ,85255,930000,2,2.5,Atavia Condominiums,1637,1637,2025,2,568,625,Active,,,https://www.redfin.com/AZ/Scottsdale/19360-N-73rd-St-85255/unit-1052/home/196687316,ARMLS,6898829,N,Y,33.7029421,-111.9236974
MLS Listing,,Townhouse,1227 E Townley Ave,Phoenix,AZ,85020,255000,3,1.5,CASAS DEL NORTE,1023,776,1973,2,249,242,Active,,,https://www.redfin.com/AZ/Phoenix/1227-E-Townley-Ave-85020/home/27947405,ARMLS,6898827,N,Y,33.5654523,-112.0558122
MLS Listing,,Single Family Residential,3554 W Townley Ave,Phoenix,AZ,85051,350000,3,2.0,WISHING WELL VILLAGE 2 LOTS 137-172,1691,10781,1961,2,207,,Active,,,https://www.redfin.com/AZ/Phoenix/3554-W-Townley-Ave-85051/home/28289841,ARMLS,6898787,N,Y,33.5659621,-112.1374959
MLS Listing,,Condo/Co-op,3830 E Lakewood Pkwy #1125,Phoenix,AZ,85048,300000,2,2.0,PORTOFINO CONDOMINIUM,997,1056,1995,2,301,310,Active,,,https://www.redfin.com/AZ/Phoenix/3830-E-Lakewood-Pkwy-E-85048/unit-1125/home/28172399,ARMLS,6898772,N,Y,33.3031823,-112.0002746
MLS Listing,,Single Family Residential,3602 W Campo Bello Dr,Glendale,AZ,85308,469999,3,2.0,WOODRIDGE UNIT 4,1595,8947,1980,2,295,,Active,,,https://www.redfin.com/AZ/Glendale/3602-W-Campo-Bello-Dr-85308/home/27948883,ARMLS,6898770,N,Y,33.6439424,-112.1362835
MLS Listing,,Single Family Residential,6403 E Monte Cristo Ave,Scottsdale,AZ,85254,1125000,3,2.0,"KIERLAND PARCELS 10A,10C & 11",2589,9243,1998,2,435,43,Active,August-2-2025 02:00 PM,August-2-2025 04:00 PM,https://www.redfin.com/AZ/Scottsdale/6403-E-Monte-Cristo-Ave-85254/home/27542293,ARMLS,6897734,N,Y,33.6305198,-111.9426022
MLS Listing,,Single Family Residential,2354 E Sahuaro Dr E,Phoenix,AZ,85028,689000,4,2.0,Desert Vista Unit 5,2172,469576800,1977,2,317,,Active,,,https://www.redfin.com/AZ/Phoenix/2354-E-Sahuaro-Dr-85028/home/27395784,ARMLS,6898760,N,Y,33.5839898,-112.0312938
MLS Listing,,Single Family Residential,10217 W Marguerite Ave,Tolleson,AZ,85353,489850,3,2.5,FARMINGTON GLEN,2594,5500,2016,2,189,87,Active,,,https://www.redfin.com/AZ/Tolleson/10217-W-Marguerite-Ave-85353/home/28414460,ARMLS,6898749,N,Y,33.4042342,-112.2789934
MLS Listing,,Single Family Residential,4933 N 108th Ave,Phoenix,AZ,85037,340000,3,2.5,CAMELBACK RANCH DEV UNIT 4,1902,3823,2009,2,179,65,Active,,,https://www.redfin.com/AZ/Phoenix/4933-N-108th-Ave-85037/home/28381965,ARMLS,6898731,N,Y,33.5073839,-112.292543
MLS Listing,,Single Family Residential,5622 W Top Hand Trl,Laveen,AZ,85339,480000,5,3.0,TIERRA MONTANA PARCEL 6,2972,5175,2024,2,162,121,Active,,,https://www.redfin.com/AZ/Laveen/5622-W-Top-Hand-Trl-85339/home/95456662,ARMLS,6898675,N,Y,33.342005,-112.180669
MLS Listing,,Single Family Residential,14436 N 34th Pl,Phoenix,AZ,85032,479800,4,1.75,PARADISE VALLEY OASIS NO. 10,1350,6391,1977,2,355,,Active,,,https://www.redfin.com/AZ/Phoenix/14436-N-34th-Pl-85032/home/28398046,ARMLS,6898668,N,Y,33.618499,-112.0073494
MLS Listing,,Single Family Residential,4723 W Buckskin Trl,Phoenix,AZ,85083,530000,3,2.5,VINTAGE AT HAPPY VALLEY ESTATES,2064,6601,2012,2,257,147,Active,,,https://www.redfin.com/AZ/Phoenix/4723-W-Buckskin-Trl-85083/home/40414877,ARMLS,6898660,N,Y,33.712982,-112.162157
MLS Listing,,Multi-Family (2-4 Unit),1110 S Montezuma Ave,Phoenix,AZ,85003,675000,,,"MONTGOMERY ADD BLKS 23-26, 31-34, 39-42, 47-50",,,2020,2,,,Active,,,https://www.redfin.com/AZ/Phoenix/1110-S-Montezuma-Ave-85003/home/28217328,ARMLS,6898641,N,Y,33.436646,-112.0786444
MLS Listing,,Townhouse,1910 W Belmont Ave #34,Phoenix,AZ,85021,375000,3,2.5,ORANGEWOOD VILLAGE CONDOMINIUMS,2400,1050,1973,2,156,900,Active,,,https://www.redfin.com/AZ/Phoenix/1910-W-Belmont-Ave-85021/unit-34/home/143513383,ARMLS,6895587,N,Y,33.54933,-112.100127
MLS Listing,,Multi-Family (2-4 Unit),1106 S Montezuma Ave,Phoenix,AZ,85003,675000,4,2.0,"MONTGOMERY ADD BLKS 23-26, 31-34, 39-42, 47-50",,,2021,2,,,Active,,,https://www.redfin.com/AZ/Phoenix/1106-S-Montezuma-Ave-85003/home/179279826,ARMLS,6898632,N,Y,33.4367744,-112.0786502
MLS Listing,,Vacant Land,22319 N Cave Creek Rd Unit -,Phoenix,AZ,85024,1,,,Phoenix,,5227200,,2,,,Active,,,https://www.redfin.com/AZ/Phoenix/22319-N-Cave-Creek-Rd-85024/Unit/home/186484218,ARMLS,6898628,N,Y,33.6901383,-112.0310359
MLS Listing,,Single Family Residential,40605 N Shadow Creek Way,Anthem,AZ,85086,1199000,5,4.5,ANTHEM UNIT 23,4911,16652,2003,2,244,100,Active,August-2-2025 11:00 AM,August-2-2025 03:00 PM,https://www.redfin.com/AZ/Anthem/40605-N-Shadow-Creek-Way-85086/home/28002519,ARMLS,6893391,N,Y,33.8535782,-112.1071585
MLS Listing,,Single Family Residential,8530 W Berkeley Rd,Phoenix,AZ,85037,360000,4,2.0,PALM RIDGE,1679,9104,1998,2,214,,Active,,,https://www.redfin.com/AZ/Phoenix/8530-W-Berkeley-Rd-85037/home/27423792,ARMLS,6898610,N,Y,33.4682023,-112.2444792
MLS Listing,,Single Family Residential,7937 W Williams St,Phoenix,AZ,85043,374900,3,2.5,TUSCANO PHASE 1,1921,5293,2005,2,195,56,Active,August-2-2025 11:00 AM,August-2-2025 02:00 PM,https://www.redfin.com/AZ/Phoenix/7937-W-Williams-St-85043/home/28110782,ARMLS,6898607,N,Y,33.4208758,-112.2314751
MLS Listing,,Single Family Residential,3756 W Malapai Dr,Phoenix,AZ,85051,449000,3,2.0,MELROSE GARDENS NW UNIT 6 AMD,2048,9370,1972,2,219,,Active,,,https://www.redfin.com/AZ/Phoenix/3756-W-Malapai-Dr-85051/home/28157156,ARMLS,6898604,N,Y,33.5759487,-112.1403029
MLS Listing,,Single Family Residential,37215 N 11th Ave Unit B2,Phoenix,AZ,85086,1095000,4,2.5,Phoenix,2314,46284,2021,2,473,,Active,,,https://www.redfin.com/AZ/Phoenix/37215-N-11th-Ave-85086/unit-B2/home/173905585,ARMLS,6898595,N,Y,33.822876,-112.0863496
MLS Listing,,Single Family Residential,3017 W Gran Paradiso Dr,Phoenix,AZ,85086,569000,3,2.0,TRAMONTO PARCEL W-17,2258,6355,2004,2,252,93,Active,,,https://www.redfin.com/AZ/Phoenix/3017-W-Gran-Paradiso-Dr-85086/home/28344170,ARMLS,6898572,N,Y,33.8048618,-112.1253772
MLS Listing,,Single Family Residential,205 E Tanya Rd,Phoenix,AZ,85086,679900,3,2.0,ESTATES NORTH,1876,45653,1997,2,362,,Active,,,https://www.redfin.com/AZ/Phoenix/205-E-Tanya-Rd-85086/home/27595465,ARMLS,6898568,N,Y,33.838763,-112.0699544
MLS Listing,,Single Family Residential,2054 W Chambers St,Phoenix,AZ,85041,334900,4,2.0,PARK PHOENIX 2,1380,6621,1962,2,243,,Active,,,https://www.redfin.com/AZ/Phoenix/2054-W-Chambers-St-85041/home/28316428,ARMLS,6898567,N,Y,33.3969896,-112.1025911
MLS Listing,,Townhouse,7576 W Darrow St,Laveen,AZ,85339,344990,2,2.5,Laveen Place,1456,1560,2024,2,237,219,Active,,,https://www.redfin.com/AZ/Laveen/7576-W-Darrow-St-85339/home/185676115,ARMLS,6898559,N,Y,33.378926,-112.221464
MLS Listing,,Single Family Residential,3926 E Cortez St,Phoenix,AZ,85028,650000,3,2.0,CAVALIER ESTATES 6,1906,10916,1970,2,341,,Active,,,https://www.redfin.com/AZ/Phoenix/3926-E-Cortez-St-85028/home/27217814,ARMLS,6898546,N,Y,33.5925917,-111.997191
MLS Listing,,Townhouse,7580 W Darrow St,Laveen,AZ,85339,344990,2,2.5,Laveen Place,1321,2028,2024,2,261,219,Active,,,https://www.redfin.com/AZ/Laveen/7580-W-Darrow-St-85339/home/185676116,ARMLS,6898544,N,Y,33.378925,-112.22154
MLS Listing,,Condo/Co-op,17017 N 12th St #1080,Phoenix,AZ,85022,275000,2,2.0,CORDILLERA CONDOMINIUM,997,928,1996,2,276,275,Active,August-2-2025 10:00 AM,August-2-2025 01:00 PM,https://www.redfin.com/AZ/Phoenix/17017-N-12th-St-85022/unit-1080/home/27326713,ARMLS,6898520,N,Y,33.6414209,-112.0563938
MLS Listing,,Single Family Residential,5006 W Swayback Pass,Phoenix,AZ,85083,965000,5,3.0,STETSON VALLEY PARCELS 7 8 9 10,4879,10000,2006,2,198,98,Active,,,https://www.redfin.com/AZ/Phoenix/5006-W-Swayback-Pass-85083/home/28205896,ARMLS,6898481,N,Y,33.7180504,-112.1678115
MLS Listing,,Single Family Residential,6408 W Prickly Pear Trl,Phoenix,AZ,85083,469900,3,2.0,EAGLE RIDGE,1566,6380,1998,2,300,25,Active,,,https://www.redfin.com/AZ/Phoenix/6408-W-Prickly-Pear-Trl-85083/home/28096075,ARMLS,6898474,N,Y,33.7201047,-112.1977606
MLS Listing,,Single Family Residential,2449 W Lewis And Clark Trl,Phoenix,AZ,85086,439000,3,2.0,ANTHEM UNIT 35,1230,5228,2002,2,357,100,Active,,,https://www.redfin.com/AZ/Phoenix/2449-W-Lewis-and-Clark-Trl-85086/home/28340513,ARMLS,6895199,N,Y,33.8485743,-112.1113921
MLS Listing,,Single Family Residential,8928 W Coronado Rd,Phoenix,AZ,85037,380000,4,2.0,WESTPOINT LOT 1-107 TR A,1707,5998,1990,2,223,,Active,August-2-2025 10:00 AM,August-2-2025 02:00 PM,https://www.redfin.com/AZ/Phoenix/8928-W-Coronado-Rd-85037/home/27982353,ARMLS,6898312,N,Y,33.4668371,-112.2520529
MLS Listing,,Single Family Residential,14616 N 28th Pl,Phoenix,AZ,85032,760000,4,2.0,CIMARRON RIDGE 4,2541,14036,1979,2,299,,Active,,,https://www.redfin.com/AZ/Phoenix/14616-N-28th-Pl-85032/home/27550371,ARMLS,6898434,N,Y,33.6194993,-112.0212324
MLS Listing,,Single Family Residential,20611 N 21st Dr,Phoenix,AZ,85027,324000,3,2.0,ROSE GARDEN PLACE UNIT 2,1066,10266,1982,2,304,,Active,,,https://www.redfin.com/AZ/Phoenix/20611-N-21st-Dr-85027/home/27523277,ARMLS,6898291,N,Y,33.6730646,-112.1053425
MLS Listing,,Single Family Residential,6829 N 14th St,Phoenix,AZ,85014,1348500,3,2.5,HOPI VISTA,2701,8682,2005,2,499,,Active,,,https://www.redfin.com/AZ/Phoenix/6829-N-14th-St-85014/home/28016529,ARMLS,6898048,N,Y,33.5375033,-112.0510799
MLS Listing,,Townhouse,4252 N 68th Ln,Phoenix,AZ,85033,199000,2,1.0,HALLCRAFT VILLAS WEST 4 CONDOMINIUM,1008,801,1973,2,197,285,Active,,,https://www.redfin.com/AZ/Phoenix/4252-N-68th-Ln-85033/home/27667694,ARMLS,6892338,N,Y,33.4979575,-112.2072774
MLS Listing,,Single Family Residential,10101 W Cordes Rd,Tolleson,AZ,85353,489900,4,2.0,COUNTRY PLACE PARCELS 1 & 10,2034,8675,2003,2,241,84,Active,,,https://www.redfin.com/AZ/Tolleson/10101-W-Cordes-Rd-85353/home/27945991,ARMLS,6898175,N,Y,33.4195527,-112.2767766
MLS Listing,,Single Family Residential,3740 E Mercer Ln,Phoenix,AZ,85028,649900,4,2.0,BROADMOOR HILLS UNIT 5,1792,10439,1972,2,363,,Active,August-3-2025 12:00 PM,August-3-2025 04:00 PM,https://www.redfin.com/AZ/Phoenix/3740-E-Mercer-Ln-85028/home/28005641,ARMLS,6896826,N,Y,33.5851985,-112.0006968
MLS Listing,,Condo/Co-op,4419 N 27 St #25,Phoenix,AZ,85016,315000,2,1.0,MONTEREY CONDOMINIUMS AMD,910,904,1964,3,346,383,Active,,,https://www.redfin.com/AZ/Phoenix/4419-N-27th-St-85016/unit-25/home/28269343,ARMLS,6895819,N,Y,33.5012646,-112.0234998
MLS Listing,,Single Family Residential,1620 W Silver Pine Dr,Phoenix,AZ,85086,1325000,3,3.5,ANTHEM UNIT 46,3736,13505,2004,3,355,526,Active,August-2-2025 11:30 AM,August-2-2025 02:30 PM,https://www.redfin.com/AZ/Phoenix/1620-W-Silver-Pine-Dr-85086/home/28041972,ARMLS,6895718,N,Y,33.8666161,-112.0941423
MLS Listing,,Single Family Residential,3614 W Las Palmaritas Dr,Phoenix,AZ,85051,365000,3,2.0,STARDUST SKIES 1,1023,7000,1962,3,357,,Active,,,https://www.redfin.com/AZ/Phoenix/3614-W-Las-Palmaritas-Dr-85051/home/28288086,ARMLS,6898412,N,Y,33.5579978,-112.1371451
MLS Listing,,Vacant Land,Lot 2 N 16th St #2,Phoenix,AZ,85086,199999,,,Phoenix,,43569,,3,,,Active,,,https://www.redfin.com/AZ/Phoenix/2-N-16th-St-85034/unit-2/home/195195130,ARMLS,6898403,N,Y,33.4483555,-112.0478512
MLS Listing,,Townhouse,8805 S 51st St #2,Phoenix,AZ,85044,430498,2,3.0,POINTE SOUTH MOUNTAIN UNIT FIVE LT 1-102 A-Z AA-MM,1435,2004,1993,3,300,370,Active,,,https://www.redfin.com/AZ/Phoenix/8805-S-51st-St-85044/unit-2/home/27631506,ARMLS,6898374,N,Y,33.366116,-111.9715776
MLS Listing,,Single Family Residential,11227 W College Dr,Phoenix,AZ,85037,420000,3,2.5,CAMELBACK RANCH UNIT 1,2221,5635,2007,3,189,67,Active,,,https://www.redfin.com/AZ/Phoenix/11227-W-College-Dr-85037/home/27754211,ARMLS,6898087,N,Y,33.5068717,-112.3015384
MLS Listing,,Single Family Residential,8837 W Coolidge St,Phoenix,AZ,85037,330000,3,1.75,SUNRISE TERRACE 9 LOT 1-279 TR A,1520,7218,1983,3,217,,Active,,,https://www.redfin.com/AZ/Phoenix/8837-W-Coolidge-St-85037/home/27401331,ARMLS,6898365,N,Y,33.5046555,-112.2505597
MLS Listing,,Single Family Residential,15407 S 38th St,Phoenix,AZ,85044,634900,4,2.0,SAGUARO POINT,2240,7597,1985,3,283,30,Active,,,https://www.redfin.com/AZ/Phoenix/15407-S-38th-St-85044/home/27539807,ARMLS,6898342,N,Y,33.3079533,-112.0047
MLS Listing,,Vacant Land,8020 S 19th Ave Unit -,Phoenix,AZ,85041,3700000,,,Phoenix,,248597,,3,,,Active,,,https://www.redfin.com/AZ/Phoenix/8020-S-19th-Ave-85041/Unit/home/182326421,ARMLS,6898343,N,Y,33.373525,-112.1007654
MLS Listing,,Townhouse,5704 E Aire Libre Ave #1248,Scottsdale,AZ,85254,339900,2,2.5,DISCOVERY AT TATUM PLACE 2A AMD,1088,501,1986,3,312,268,Active,,,https://www.redfin.com/AZ/Scottsdale/5704-E-Aire-Libre-Ave-85254/unit-1248/home/28392232,ARMLS,6898340,N,Y,33.6379074,-111.9549937
MLS Listing,,Single Family Residential,13258 N 39th St,Phoenix,AZ,85032,575000,3,2.0,PARADISE VALLEY OASIS NO. 6 AMD LOTS 827 THRU 1252,1240,6795,1972,3,464,,Active,August-2-2025 11:00 AM,August-2-2025 02:00 PM,https://www.redfin.com/AZ/Phoenix/13258-N-39th-St-85032/home/27532718,ARMLS,6894978,N,Y,33.6079452,-111.997956
MLS Listing,,Townhouse,4943 E Indian School Rd #4,Phoenix,AZ,85018,359900,3,2.0,CASA ARCADIA CONDOMINIUM,1196,900,1963,3,301,235,Active,,,https://www.redfin.com/AZ/Phoenix/4943-E-Indian-School-Rd-85018/unit-4/home/28408468,ARMLS,6898317,N,Y,33.4940534,-111.9741635
MLS Listing,,Single Family Residential,7504 S 76th Dr,Laveen,AZ,85339,429474,3,2.0,Laveen Springs,1416,4860,2025,3,303,92,Active,,,https://www.redfin.com/AZ/Laveen/7504-S-76th-Dr-85339/home/185676287,ARMLS,6898267,N,Y,33.378188,-112.222628
MLS Listing,,Single Family Residential,3402 W Crocus Dr,Phoenix,AZ,85053,520000,4,3.0,DEERVIEW UNIT 4,2360,9291,1969,3,220,,Active,,,https://www.redfin.com/AZ/Phoenix/3402-W-Crocus-Dr-85053/home/26894543,ARMLS,6898253,N,Y,33.6154471,-112.1309822
MLS Listing,,Single Family Residential,7446 S 76th Dr,Laveen,AZ,85339,494990,4,3.0,Laveen Springs,2082,4860,2025,3,238,92,Active,,,https://www.redfin.com/AZ/Laveen/7446-S-76th-Dr-85339/home/185676288,ARMLS,6898248,N,Y,33.378311,-112.222629
MLS Listing,,Mobile/Manufactured Home,2523 E Contention Mine Rd #41,Phoenix,AZ,85032,55000,2,2.0,El Camino Mobile Home Park,1024,,1996,3,54,,Active,,,https://www.redfin.com/AZ/Phoenix/2523-E-Contention-Mine-Rd-85022/unit-41/home/196657540,ARMLS,6898226,N,Y,33.645452,-112.0300234
MLS Listing,,Single Family Residential,5419 E Everett Dr,Scottsdale,AZ,85254,1649500,3,3.0,RYAN ESTATES 2,2501,13838,1981,3,660,,Active,,,https://www.redfin.com/AZ/Scottsdale/5419-E-Everett-Dr-85254/home/27944387,ARMLS,6898219,N,Y,33.6193586,-111.963687
MLS Listing,,Single Family Residential,26425 N 24th Gln,Phoenix,AZ,85085,609990,3,2.5,NORTERRA PARCEL 24,1964,3479,2025,3,311,235,Active,,,https://www.redfin.com/AZ/Phoenix/26425-N-24th-Gln-85085/home/194253499,ARMLS,6898199,N,Y,33.724861,-112.112738
MLS Listing,,Single Family Residential,6040 S 3rd Ave,Phoenix,AZ,85041,350000,4,2.0,Southland Unit 1,1446,7575,1947,3,242,,Active,,,https://www.redfin.com/AZ/Phoenix/6040-S-3rd-Ave-85041/home/27387293,ARMLS,6898184,N,Y,33.3907294,-112.0768144
MLS Listing,,Single Family Residential,1216 W Rovey Ave,Phoenix,AZ,85013,400000,2,2.5,DEL MONTE ESTATES,1667,9713,1955,3,240,,Active,August-1-2025 02:00 PM,August-1-2025 03:30 PM,https://www.redfin.com/AZ/Phoenix/1216-W-Rovey-Ave-85013/home/27209900,ARMLS,6898173,N,Y,33.5250888,-112.0886285
MLS Listing,,Single Family Residential,4509 W Desert Hills Dr,Glendale,AZ,85304,445000,4,2.0,HORIZONS WEST,2106,8943,1978,3,211,,Active,,,https://www.redfin.com/AZ/Glendale/4509-W-Desert-Hills-Dr-85304/home/27552673,ARMLS,6898160,N,Y,33.5956265,-112.1550475
MLS Listing,,Single Family Residential,4601 W Redfield Rd,Glendale,AZ,85306,455000,4,2.0,GOLDWATER WEST,1974,9251,1978,3,230,,Active,,,https://www.redfin.com/AZ/Glendale/4601-W-Redfield-Rd-85306/home/27675609,ARMLS,6898142,N,Y,33.6134506,-112.1579197
MLS Listing,,Single Family Residential,4033 W Berridge Ln,Phoenix,AZ,85019,380000,3,1.75,West Plaza 2,2017,6482,1957,3,188,,Active,,,https://www.redfin.com/AZ/Phoenix/4033-W-Berridge-Ln-85019/home/27641552,ARMLS,6898116,N,Y,33.5252605,-112.1461465
MLS Listing,,Single Family Residential,926 W Angela Dr,Phoenix,AZ,85023,425000,3,2.0,DEER VALLEY ESTATES UNIT 3 LOTS 1 THROUGH 201,1342,10031,1977,3,317,,Active,,,https://www.redfin.com/AZ/Phoenix/926-W-Angela-Dr-85023/home/27236987,ARMLS,6898088,N,Y,33.6452772,-112.0859248
MLS Listing,,Condo/Co-op,3848 N 3rd Ave #3041,Phoenix,AZ,85013,215000,1,1.0,HAWTHORNE CONDOMINIUMS,821,1061,1996,3,262,214,Active,,,https://www.redfin.com/AZ/Phoenix/3848-N-3rd-Ave-85013/unit-3041/home/28189529,ARMLS,6898080,N,Y,33.4930406,-112.0787186
MLS Listing,,Single Family Residential,3915 W Voltaire Ave,Phoenix,AZ,85029,380000,4,2.0,SUN-RAY MANOR,1859,9495,1980,3,204,,Active,,,https://www.redfin.com/AZ/Phoenix/3915-W-Voltaire-Ave-85029/home/27003320,ARMLS,6898060,N,Y,33.6082098,-112.1432572
MLS Listing,,Single Family Residential,4316 E Ludlow Dr,Phoenix,AZ,85032,725000,3,2.0,SHADOWRIDGE 3,1842,11270,1981,3,394,,Active,,,https://www.redfin.com/AZ/Phoenix/4316-E-Ludlow-Dr-85032/home/27377555,ARMLS,6898058,N,Y,33.6125481,-111.9889748
MLS Listing,,Single Family Residential,2039 N 77th Dr,Phoenix,AZ,85035,330000,3,2.5,VINSANTO,1537,2129,2017,3,215,158,Active,August-2-2025 11:00 AM,August-2-2025 01:00 PM,https://www.redfin.com/AZ/Phoenix/2039-N-77th-Dr-85035/home/27323549,ARMLS,6892938,N,Y,33.4705253,-112.2249196
MLS Listing,,Townhouse,16013 S Desert Foothills Pkwy #1076,Phoenix,AZ,85048,405000,3,2.0,San Simeon,1528,1528,1997,3,265,211,Active,,,https://www.redfin.com/AZ/Phoenix/16013-S-Desert-Foothills-Pkwy-85048/unit-1076/home/28323326,ARMLS,6897751,N,Y,33.3002778,-112.0582662
MLS Listing,,Single Family Residential,521 E Mountain View Rd,Phoenix,AZ,85020,449000,3,2.5,TENGEN PLACE ADDITION,1549,6600,2004,3,290,,Active,August-2-2025 09:00 AM,August-2-2025 01:00 PM,https://www.redfin.com/AZ/Phoenix/521-E-Mountain-View-Rd-85020/home/27652299,ARMLS,6898037,N,Y,33.5747653,-112.0663253
MLS Listing,,Single Family Residential,5714 N 14th St,Phoenix,AZ,85014,699000,3,2.0,MCADAMS MANOR,1879,6930,1952,3,372,,Active,August-2-2025 10:00 AM,August-2-2025 02:00 PM,https://www.redfin.com/AZ/Phoenix/5714-N-14th-St-85014/home/27509594,ARMLS,6886970,N,Y,33.5206783,-112.0521362
MLS Listing,,Single Family Residential,4656 N 101st Ave,Phoenix,AZ,85037,387000,3,2.0,VILLA DE PAZ UNIT 7,1628,8420,1983,3,238,,Active,,,https://www.redfin.com/AZ/Phoenix/4656-N-101st-Ave-85037/home/27622166,ARMLS,6897958,N,Y,33.5046418,-112.2784512
MLS Listing,,Single Family Residential,1550 E Saint Anne Ave,Phoenix,AZ,85042,350000,3,2.0,SOUTH RANCH 2 AMD,1245,5380,1997,3,281,63,Active,,,https://www.redfin.com/AZ/Phoenix/1550-E-Saint-Anne-Ave-85042/home/28175952,ARMLS,6897719,N,Y,33.3876066,-112.0475208
MLS Listing,,Single Family Residential,16239 S 40th Pl,Phoenix,AZ,85048,439000,3,2.0,VISTA NORTE 2 LOT 1-69 TR A-G,1350,5528,1992,3,325,25,Active,,,https://www.redfin.com/AZ/Phoenix/16239-S-40th-Pl-85048/home/27890095,ARMLS,6894854,N,Y,33.2985214,-111.9965341
MLS Listing,,Single Family Residential,3401 E Paradise Ln,Phoenix,AZ,85032,615000,4,2.0,Phoenix,1889,26049,1979,4,326,,Active,,,https://www.redfin.com/AZ/Phoenix/3401-E-Paradise-Ln-85032/home/28356804,ARMLS,6898038,N,Y,33.6332783,-112.0087481
MLS Listing,,Single Family Residential,914 W Sahuaro Dr,Phoenix,AZ,85029,389900,4,3.5,SADDLE ROCK HILLS,1025,9485,1955,4,380,,Active,,,https://www.redfin.com/AZ/Phoenix/914-W-Sahuaro-Dr-85029/home/28124547,ARMLS,6898029,N,Y,33.5842514,-112.0841057
MLS Listing,,Single Family Residential,3210 W Belmont Ave,Phoenix,AZ,85051,365000,4,2.0,SANDS WEST UNIT 3,2002,8642,1966,4,182,,Active,,,https://www.redfin.com/AZ/Phoenix/3210-W-Belmont-Ave-85051/home/27207203,ARMLS,6827977,N,Y,33.5500868,-112.1284558
MLS Listing,,Vacant Land,1682 E Desert Willow Dr #4,Phoenix,AZ,85048,850000,,,FOOTHILLS PARCEL 8C AKA TAPESTRY CANYON,,77127,,4,,194,Active,,,https://www.redfin.com/AZ/Phoenix/1682-E-Desert-Willow-Dr-85048/unit-4/home/78434315,ARMLS,6897962,N,Y,33.317081,-112.049056
MLS Listing,,Single Family Residential,8504 W Windsor Ave,Phoenix,AZ,85037,375000,4,2.0,AMBERLEA UNIT 1 PHASE 1,1544,7096,1993,4,243,,Active,,,https://www.redfin.com/AZ/Phoenix/8504-W-Windsor-Ave-85037/home/27960521,ARMLS,6897960,N,Y,33.4781037,-112.2427644
MLS Listing,,Single Family Residential,4346 W Mescal St,Glendale,AZ,85304,360000,3,2.0,KNOELL NORTH 8,1260,6172,1972,4,286,,Active,,,https://www.redfin.com/AZ/Glendale/4346-W-Mescal-St-85304/home/27276111,ARMLS,6874768,N,Y,33.5865173,-112.153327
MLS Listing,,Single Family Residential,3833 W Phelps Rd,Phoenix,AZ,85053,530000,3,2.0,BRANDYWINE,1829,10141,1979,4,290,,Active,,,https://www.redfin.com/AZ/Phoenix/3833-W-Phelps-Rd-85053/home/26872119,ARMLS,6897952,N,Y,33.6370499,-112.1420392
MLS Listing,,Single Family Residential,2601 N 27th St #4,Phoenix,AZ,85008,670000,3,2.5,IMAGINE COMMUNITIES PHASE 1,2049,2332,2022,4,327,200,Active,,,https://www.redfin.com/AZ/Phoenix/2601-N-27th-St-85008/unit-4/home/173682296,ARMLS,6897943,N,Y,33.476897,-112.0231278
MLS Listing,,Single Family Residential,5611 E Calle Camelia --,Phoenix,AZ,85018,2200000,5,3.0,CASA LINDA 2,2460,19563,1958,4,894,,Active,,,https://www.redfin.com/AZ/Phoenix/5611-E-Calle-Camelia-85018/home/27159232,ARMLS,6897928,N,Y,33.4913775,-111.9599987
MLS Listing,,Condo/Co-op,4540 N 44th St #42,Phoenix,AZ,85018,359000,1,1.0,PALMA VIVA CONDOMINIUMS REPLAT,636,33,1979,4,564,226,Active,August-2-2025 11:00 AM,August-2-2025 01:00 PM,https://www.redfin.com/AZ/Phoenix/4540-N-44th-St-85018/unit-42/home/26915277,ARMLS,6897913,N,Y,33.5032928,-111.9880012
MLS Listing,,Single Family Residential,2112 N 25th Pl,Phoenix,AZ,85008,479000,3,3.0,VEL RU,882,7536,1915,4,543,,Active,,,https://www.redfin.com/AZ/Phoenix/2112-N-25th-Pl-85008/home/27515496,ARMLS,6897925,N,Y,33.4708952,-112.026841
MLS Listing,,Single Family Residential,9247 N 24th Way,Phoenix,AZ,85028,2999900,6,5.5,"PHOENIX HILLSIDE ESTATES LOT 1-17 TR A,B",6165,37147,1998,4,487,100,Active,,,https://www.redfin.com/AZ/Phoenix/9247-N-24th-Way-85028/home/28270224,ARMLS,6887917,N,Y,33.5705048,-112.0297664
MLS Listing,,Single Family Residential,2521 N 47th Dr,Phoenix,AZ,85035,345000,4,2.0,WEDGEWOOD PARK,1350,5942,1964,4,256,,Active,August-2-2025 11:00 AM,August-2-2025 03:00 PM,https://www.redfin.com/AZ/Phoenix/2521-N-47th-Dr-85035/home/28367702,ARMLS,6897917,N,Y,33.4757794,-112.1606001
MLS Listing,,Townhouse,8813 N 8th St #204,Phoenix,AZ,85020,189999,2,1.75,CONTINENTAL PLAZA PHASE 1,902,,1981,4,211,190,Active,,,https://www.redfin.com/AZ/Phoenix/8813-N-8th-St-85020/unit-204/home/143454965,ARMLS,6897916,N,Y,33.5646306,-112.0633096
MLS Listing,,Single Family Residential,1949 E Aire Libre Ave,Phoenix,AZ,85022,420000,4,3.0,GREENWAY HILLS LOT 1-59 TR A,2200,5459,1994,4,191,83,Active,August-2-2025 10:00 AM,August-2-2025 02:00 PM,https://www.redfin.com/AZ/Phoenix/1949-E-Aire-Libre-Ave-85022/home/28394145,ARMLS,6888114,N,Y,33.6366478,-112.0396989
MLS Listing,,Single Family Residential,3428 E Louise Dr,Phoenix,AZ,85050,1500000,4,3.5,SKY CROSSING PARCEL 17,3568,6375,2020,4,420,145,Active,August-2-2025 10:00 AM,August-2-2025 12:00 PM,https://www.redfin.com/AZ/Phoenix/3428-E-Louise-Dr-85050/home/172992190,ARMLS,6895437,N,Y,33.6859152,-112.0083504
MLS Listing,,Condo/Co-op,810 E Colter St #11,Phoenix,AZ,85014,250000,2,2.0,IMPERIAL PLAZA CONDOMINIUM,1008,1064,1962,5,248,339,Active,,,https://www.redfin.com/AZ/Phoenix/810-E-Colter-St-85014/unit-11/home/28120893,ARMLS,6897891,N,Y,33.5134248,-112.0635348
MLS Listing,,Townhouse,3511 E Baseline Rd #1049,Phoenix,AZ,85042,229000,2,1.5,Shadow Mountain Villas condominium AMD,890,522,1986,5,257,225,Active,,,https://www.redfin.com/AZ/Phoenix/3511-E-Baseline-Rd-85042/unit-1049/home/27335637,ARMLS,6897889,N,Y,33.3764196,-112.0071176
MLS Listing,,Condo/Co-op,2950 W Louise Dr #207,Phoenix,AZ,85027,269000,2,2.0,CASITAS MONTANA CONDOMINIUMS,966,966,2005,5,278,345,Active,,,https://www.redfin.com/AZ/Phoenix/2950-W-Louise-Dr-85027/unit-207/home/27729384,ARMLS,6896425,N,Y,33.6862019,-112.1231578
MLS Listing,,Townhouse,2511 W Pershing Ave,Phoenix,AZ,85029,309000,3,2.0,VALLE VENADO 4,1194,2147,1983,5,259,252,Active,,,https://www.redfin.com/AZ/Phoenix/2511-W-Pershing-Ave-85029/home/28406330,ARMLS,6897887,N,Y,33.6064629,-112.1127279
MLS Listing,,Single Family Residential,2946 W Villa Maria Dr,Phoenix,AZ,85053,380000,3,2.0,UNION HILLS MANOR,1400,6872,1976,5,271,,Active,,,https://www.redfin.com/AZ/Phoenix/2946-W-Villa-Maria-Dr-85053/home/27482129,ARMLS,6897884,N,Y,33.6519773,-112.1233907
MLS Listing,,Townhouse,719 E Orangewood Ave,Phoenix,AZ,85020,495000,3,2.0,NORTHRIDGE VILLAGE,1963,4095,1979,5,252,399,Active,,,https://www.redfin.com/AZ/Phoenix/719-E-Orangewood-Ave-85020/home/27989534,ARMLS,6897058,N,Y,33.545326,-112.064299
MLS Listing,,Single Family Residential,1626 N 69th Ave,Phoenix,AZ,85035,320000,3,1.75,MARYVALE TERRACE 41,1744,10376,1976,5,183,,Active,,,https://www.redfin.com/AZ/Phoenix/1626-N-69th-Ave-85035/home/27792720,ARMLS,6897837,N,Y,33.466731,-112.2086074
MLS Listing,,Single Family Residential,4242 N 11th Pl,Phoenix,AZ,85014,349000,3,2.0,DEVONSHIRE MANOR,1591,6290,1950,5,219,,Active,,,https://www.redfin.com/AZ/Phoenix/4242-N-11th-Pl-85014/home/27295961,ARMLS,6897833,N,Y,33.4979207,-112.0580002
MLS Listing,,Condo/Co-op,215 E Mckinley St #201,Phoenix,AZ,85004,275000,1,1.0,MCKINLEY CONDOMINIUMS AMD,558,563,2007,5,493,283,Active,,,https://www.redfin.com/AZ/Phoenix/215-E-McKinley-St-85004/unit-201/home/27068315,ARMLS,6897826,N,Y,33.4564179,-112.0703886
MLS Listing,,Townhouse,3036 N 32nd St #314,Phoenix,AZ,85018,349000,2,1.0,SPANISH GARDENS NORTH,936,1319,1970,5,373,259,Active,,,https://www.redfin.com/AZ/Phoenix/3036-N-32nd-St-85018/unit-314/home/27575904,ARMLS,6897816,N,Y,33.4835499,-112.013506
MLS Listing,,Single Family Residential,14439 N 32nd Pl,Phoenix,AZ,85032,349900,3,1.0,PARADISE VALLEY OASIS NO. 10,1096,7436,1977,5,319,,Active,,,https://www.redfin.com/AZ/Phoenix/14439-N-32nd-Pl-85032/home/27519791,ARMLS,6897781,N,Y,33.6184799,-112.0116844
MLS Listing,,Single Family Residential,1230 E Rowlands Ln,Phoenix,AZ,85022,459900,2,2.0,HILLCREST 9,1232,7951,1980,5,373,42,Active,,,https://www.redfin.com/AZ/Phoenix/1230-E-Rowlands-Ln-85022/home/27240320,ARMLS,6897778,N,Y,33.6168986,-112.0552823
MLS Listing,,Single Family Residential,3612 W Flower St,Phoenix,AZ,85019,315000,3,1.5,DEL MONTE VILLAGE 8 LOTS 102-171,1185,7192,1961,5,266,,Active,,,https://www.redfin.com/AZ/Phoenix/3612-W-Flower-St-85019/home/27505781,ARMLS,6897772,N,Y,33.4864265,-112.1372518
MLS Listing,,Townhouse,2121 W Sonoran Desert Dr #35,Phoenix,AZ,85085,424000,2,2.0,VALLE NORTE CONDOMINIUM,1483,1483,2024,5,286,429,Active,August-2-2025 10:00 AM,August-2-2025 05:00 PM,https://www.redfin.com/AZ/Phoenix/2121-W-Sonoran-Desert-Dr-85085/unit-35/home/188221785,ARMLS,6897773,N,Y,33.7684671,-112.1051569
MLS Listing,,Single Family Residential,2338 W Mandalay Ln,Phoenix,AZ,85023,555000,4,2.0,CANYON CREEK DEER VALLEY UNIT 2,1866,11762,1974,5,297,,Active,,,https://www.redfin.com/AZ/Phoenix/2338-W-Mandalay-Ln-85023/home/27607463,ARMLS,6889668,N,Y,33.6196854,-112.1111471
MLS Listing,,Condo/Co-op,8847 N 8th St #205,Phoenix,AZ,85020,238000,2,2.0,CONTINENTAL PLAZA PHASE 1,1104,1050,1981,5,216,190,Active,,,https://www.redfin.com/AZ/Phoenix/8847-N-8th-St-85020/unit-205/home/143513229,ARMLS,6897760,N,Y,33.5658037,-112.063263
MLS Listing,,Single Family Residential,4928 E Palm Ln,Phoenix,AZ,85008,499000,3,2.0,ORANGEDALE MANOR,1720,6525,1955,5,290,,Active,,,https://www.redfin.com/AZ/Phoenix/4928-E-Palm-Ln-85008/home/27977061,ARMLS,6897107,N,Y,33.4690703,-111.9747124
MLS Listing,,Single Family Residential,8663 W Monterey Way,Phoenix,AZ,85037,394990,4,3.0,CONTEMPO DEL ESTE,1634,6003,1977,5,242,,Active,,,https://www.redfin.com/AZ/Phoenix/8663-W-Monterey-Way-85037/home/27281595,ARMLS,6897753,N,Y,33.48474,-112.2460406
MLS Listing,,Single Family Residential,3140 W Alvarado Rd,Phoenix,AZ,85009,310000,3,3.0,NORTHWEST HOMESITES 2 BLKS 15-19,1092,6055,1948,5,284,,Active,,,https://www.redfin.com/AZ/Phoenix/3140-W-Alvarado-Rd-85009/home/27887434,ARMLS,6897267,N,Y,33.4718677,-112.1275625
MLS Listing,,Townhouse,3935 E Rough Rider Rd #1191,Phoenix,AZ,85050,519000,2,2.0,VILLAGES AT AVIANO CONDOMINIUM,1940,78,2007,5,268,461,Active,,,https://www.redfin.com/AZ/Phoenix/3935-E-Rough-Rider-Rd-85050/unit-1191/home/28356153,ARMLS,6897731,N,Y,33.6874994,-111.9902846
MLS Listing,,Single Family Residential,10228 N 55th Pl,Paradise Valley,AZ,85253,2750000,5,3.0,PROMONTORY,4169,10894,1992,5,660,28,Active,,,https://www.redfin.com/AZ/Paradise-Valley/10228-N-55th-Pl-85253/home/27929402,ARMLS,6897724,N,Y,33.5803756,-111.9623867
MLS Listing,,Single Family Residential,14014 N 30th St,Phoenix,AZ,85032,749900,5,3.0,28TH STREET AND THUNDERBIRD ROAD LOT 1-146 TR A-F,3009,11646,1991,5,249,32,Active,,,https://www.redfin.com/AZ/Phoenix/14014-N-30th-St-85032/home/27992352,ARMLS,6897717,N,Y,33.6142513,-112.0182908
MLS Listing,,Townhouse,3511 E Baseline Rd #1117,Phoenix,AZ,85042,259900,2,2.0,SHADOW MOUNTAIN VILLAS CONDOMINIUM AMD,826,887,1986,5,315,225,Active,,,https://www.redfin.com/AZ/Phoenix/3511-E-Baseline-Rd-85042/unit-1117/home/27335596,ARMLS,6897693,N,Y,33.3764196,-112.0071176
MLS Listing,,Single Family Residential,2187 W Burnside Trl,Phoenix,AZ,85085,625000,4,2.0,COPPERLEAF PARCEL 1,1797,6955,2023,5,348,187,Active,,,https://www.redfin.com/AZ/Phoenix/2187-W-Burnside-Trl-85085/home/177293426,ARMLS,6897689,N,Y,33.7772382,-112.1067549
MLS Listing,,Single Family Residential,4650 E Southern Ave,Phoenix,AZ,85042,250000,2,1.0,PATIO HOMES EAST 4,952,6364,1971,5,263,,Active,,,https://www.redfin.com/AZ/Phoenix/4650-E-Southern-Ave-85042/home/27631060,ARMLS,6897686,N,Y,33.393046,-111.980526
MLS Listing,,Condo/Co-op,10030 W Indian School Rd #255,Phoenix,AZ,85037,265000,2,2.0,DESERT BREEZE VILLAS CONDOMINIUM,1037,1104,1999,5,256,285,Active,,,https://www.redfin.com/AZ/Phoenix/10030-W-Indian-School-Rd-85037/unit-255/home/28170557,ARMLS,6897681,N,Y,33.4943619,-112.2777585
MLS Listing,,Single Family Residential,3111 N 34th St,Phoenix,AZ,85018,779000,4,2.0,PARK VISTA,1391,6560,1950,5,560,,Active,,,https://www.redfin.com/AZ/Phoenix/3111-N-34th-St-85018/home/28156159,ARMLS,6897567,N,Y,33.4846464,-112.0078875
MLS Listing,,Single Family Residential,7018 S 41st Pl,Phoenix,AZ,85042,355000,3,2.0,CIMARRON AMD,1216,4626,1983,5,292,100,Active,,,https://www.redfin.com/AZ/Phoenix/7018-S-41st-Pl-85042/home/27528212,ARMLS,6896417,N,Y,33.3829612,-111.992774
MLS Listing,,Townhouse,1717 E Morten Ave #12,Phoenix,AZ,85020,740000,3,2.5,POINTE 16,1813,1254,2017,5,408,341,Active,,,https://www.redfin.com/AZ/Phoenix/1717-E-Morten-Ave-85020/unit-12/home/144015682,ARMLS,6897359,N,Y,33.5461314,-112.0446388
MLS Listing,,Single Family Residential,3838 E Devonshire Ave,Phoenix,AZ,85018,2100000,4,3.5,KACHINA GARDENS,3007,9091,2018,5,698,,Active,August-1-2025 03:00 PM,August-1-2025 05:00 PM,https://www.redfin.com/AZ/Phoenix/3838-E-Devonshire-Ave-85018/home/27269501,ARMLS,6897672,N,Y,33.4971381,-111.9980865
MLS Listing,,Single Family Residential,12222 S Paiute St,Phoenix,AZ,85044,410000,2,2.0,AHWATUKEE RT-2 AMD,1004,3920,1979,5,408,291,Active,,,https://www.redfin.com/AZ/Phoenix/12222-S-Paiute-St-85044/home/26958772,ARMLS,6896449,N,Y,33.3353286,-111.9822751
MLS Listing,,Single Family Residential,4338 E Brookwood Ct,Phoenix,AZ,85048,500000,3,2.5,NEWPORT AT MOUNTAINSIDE AMD LOT 1-109,1863,4652,1990,5,268,26,Active,August-2-2025 11:00 AM,August-2-2025 01:00 PM,https://www.redfin.com/AZ/Phoenix/4338-E-Brookwood-Ct-85048/home/26854950,ARMLS,6897626,N,Y,33.3033412,-111.9898602
MLS Listing,,Single Family Residential,3241 N 27th Pl,Phoenix,AZ,85016,779900,4,2.0,PHOENIX HOMESTEADS TR 2,2003,9997,1951,5,389,,Active,,,https://www.redfin.com/AZ/Phoenix/3241-N-27th-Pl-85016/home/196619174,ARMLS,6897677,N,Y,33.4872962,-112.0224095
MLS Listing,,Single Family Residential,6714 W Windsor Ave,Phoenix,AZ,85035,375000,4,2.0,Maryvale Terrace,1350,8468,1980,6,278,,Active,,,https://www.redfin.com/AZ/Phoenix/6714-W-Windsor-Ave-85035/home/27829367,ARMLS,6897674,N,Y,33.4782985,-112.2040808
MLS Listing,,Single Family Residential,3526 E Piccadilly Rd,Phoenix,AZ,85018,749900,4,2.0,MONTE VISTA TERRACE,1892,6390,1950,6,396,,Active,,,https://www.redfin.com/AZ/Phoenix/3526-E-Piccadilly-Rd-85018/home/28308903,ARMLS,6897665,N,Y,33.4938918,-112.0052764
MLS Listing,,Single Family Residential,37325 N 29th Ave,Phoenix,AZ,85086,1380000,6,4.5,Calle Cima De Montoya,5097,104562,2001,6,271,,Active,,,https://www.redfin.com/AZ/Phoenix/37325-N-29th-Ave-85086/home/27297814,ARMLS,6897656,N,Y,33.8231877,-112.1215777
MLS Listing,,Single Family Residential,4507 W Summerside Rd,Laveen,AZ,85339,625000,4,3.0,DOBBINS POINT,2894,12381,2005,6,216,125,Active,,,https://www.redfin.com/AZ/Laveen/4507-W-Summerside-Rd-85339/home/28317641,ARMLS,6897644,N,Y,33.3563673,-112.1566115
MLS Listing,,Single Family Residential,7904 S 74th Ave,Laveen,AZ,85339,469900,4,2.5,LAVEEN MEADOWS PARCEL 2,2252,6000,2006,6,209,60,Active,,,https://www.redfin.com/AZ/Laveen/7904-S-74th-Ave-85339/home/26873212,ARMLS,6897629,N,Y,33.3733637,-112.2175773
MLS Listing,,Single Family Residential,513 W Wescott Dr,Phoenix,AZ,85027,380000,3,2.0,North Valley View,1387,7152,1983,6,274,,Active,,,https://www.redfin.com/AZ/Phoenix/513-W-Wescott-Dr-85027/home/27477597,ARMLS,6897630,N,Y,33.6580866,-112.081078
MLS Listing,,Single Family Residential,9926 S 7th Pl,Phoenix,AZ,85042,950000,4,3.5,VISTAL PHASE 2B,3144,9100,2022,6,302,190,Active,,,https://www.redfin.com/AZ/Phoenix/9926-S-7th-Pl-85042/home/173723242,ARMLS,6897619,N,Y,33.3570284,-112.065452
MLS Listing,,Single Family Residential,6712 E Beverly Ln,Scottsdale,AZ,85254,919000,3,2.0,COUNTRY TRACE,1640,8320,1983,6,560,19,Active,,,https://www.redfin.com/AZ/Scottsdale/6712-E-Beverly-Ln-85254/home/27574234,ARMLS,6897614,N,Y,33.6343793,-111.9365296
MLS Listing,,Single Family Residential,5921 E Sierra Sunset Trl,Cave Creek,AZ,85331,1085000,3,3.0,LONE MOUNTAIN,3036,13161,2013,6,357,136,Active,,,https://www.redfin.com/AZ/Cave-Creek/5921-E-Sierra-Sunset-Trl-85331/home/27367598,ARMLS,6897592,N,Y,33.7797592,-111.954119
MLS Listing,,Condo/Co-op,2300 E Campbell Ave #308,Phoenix,AZ,85016,639000,2,2.5,CONTOUR CONDOMINIUMS,1589,1608,2017,6,402,818,Active,,,https://www.redfin.com/AZ/Phoenix/2300-E-Campbell-Ave-85016/unit-308/home/185434950,ARMLS,6897583,N,Y,33.5032218,-112.0326397
MLS Listing,,Townhouse,1180 E Belmont Ave,Phoenix,AZ,85020,255000,2,2.0,TORRE BLANCA UNIT 1 AMD,807,2235,1974,6,316,354,Active,,,https://www.redfin.com/AZ/Phoenix/1180-E-Belmont-Ave-85020/home/27469798,ARMLS,6897564,N,Y,33.54897,-112.05681
MLS Listing,,Single Family Residential,2432 W Silver Sage Ln W,Phoenix,AZ,85085,514900,3,1.75,DYNAMITE MOUNTAIN RANCH SECTION A3,1522,4750,2005,6,338,52,Active,,,https://www.redfin.com/AZ/Phoenix/2432-W-Silver-Sage-Ln-85085/home/26856083,ARMLS,6897547,N,Y,33.7413843,-112.1119893
MLS Listing,,Single Family Residential,4114 E Roma Ave,Phoenix,AZ,85018,2395000,5,4.5,DATELAND HOMES LOTS 1-88,4085,6416,2025,6,586,,Active,,,https://www.redfin.com/AZ/Phoenix/4114-E-Roma-Ave-85018/home/27885166,ARMLS,6883114,N,Y,33.5011318,-111.9925994
MLS Listing,,Single Family Residential,3533 E Suncrest Ct,Phoenix,AZ,85044,2295000,6,5.0,AHWATUKEE CUSTOM ESTATES 5,4842,25008,1987,6,474,38,Active,,,https://www.redfin.com/AZ/Phoenix/3533-E-Suncrest-Ct-85044/home/27245826,ARMLS,6897509,N,Y,33.3331717,-112.0072605
MLS Listing,,Townhouse,2827 E Waltann Ln #3,Phoenix,AZ,85032,225000,2,1.0,SUNSET SHADOWS 3,780,1018,1983,6,288,260,Active,,,https://www.redfin.com/AZ/Phoenix/2827-E-Waltann-Ln-85032/unit-3/home/27606889,ARMLS,6897512,N,Y,33.6282908,-112.0215894
MLS Listing,,Single Family Residential,4750 E White Aster St,Phoenix,AZ,85044,490000,3,2.0,DESERT BREEZE LOT 1-188 TR A & DRAINAGEWAY,1873,5619,1993,6,262,,Active,,,https://www.redfin.com/AZ/Phoenix/4750-E-White-Aster-St-85044/home/27294562,ARMLS,6897506,N,Y,33.3084884,-111.9822509
MLS Listing,,Single Family Residential,3513 W Granada Rd,Phoenix,AZ,85009,339900,3,2.0,MCDOWELL HOMESITES,1176,7854,1942,6,289,,Active,,,https://www.redfin.com/AZ/Phoenix/3513-W-Granada-Rd-85009/home/28389724,ARMLS,6897494,N,Y,33.4684549,-112.1350832
MLS Listing,,Single Family Residential,211 W Kaler Dr,Phoenix,AZ,85021,2890000,5,5.0,MADISON MEADOWS,5996,17677,1979,6,482,,Active,,,https://www.redfin.com/AZ/Phoenix/211-W-Kaler-Dr-85021/home/27755048,ARMLS,6897497,N,Y,33.5469997,-112.0774709
MLS Listing,,Multi-Family (2-4 Unit),3311 N 32nd St,Phoenix,AZ,85018,1195000,6,6.0,VALENCIA ACRES,,,1965,6,,,Active,,,https://www.redfin.com/AZ/Phoenix/3311-N-32nd-St-85018/home/27984017,ARMLS,6897503,N,Y,33.4865784,-112.0125888
MLS Listing,,Single Family Residential,3340 W Ironwood Dr,Phoenix,AZ,85051,440000,4,2.0,CONTINENTAL MEADOWS NORTH 2,1770,8337,1970,6,249,,Active,,,https://www.redfin.com/AZ/Phoenix/3340-W-Ironwood-Dr-85051/home/26974593,ARMLS,6897498,N,Y,33.5766898,-112.1315705
MLS Listing,,Single Family Residential,3235 W Casitas Del Rio Dr,Phoenix,AZ,85027,549999,3,2.0,ADOBE HIGHLANDS,1611,10058,2000,6,341,12,Active,,,https://www.redfin.com/AZ/Phoenix/3235-W-Casitas-del-Rio-Dr-85027/home/28035604,ARMLS,6897493,N,Y,33.6975346,-112.1295648
MLS Listing,,Single Family Residential,4147 W Crocus Dr,Phoenix,AZ,85053,465000,4,2.0,GLENAIRE UNIT 1 AMD,1806,8119,1973,6,257,,Active,,,https://www.redfin.com/AZ/Phoenix/4147-W-Crocus-Dr-85053/home/28344171,ARMLS,6895027,N,Y,33.6152636,-112.1479011
MLS Listing,,Single Family Residential,1628 W Bluefield Ave,Phoenix,AZ,85023,410000,4,2.0,Desert Valley Estates Unit 3,1734,7861,1973,6,236,,Active,August-2-2025 01:00 PM,August-2-2025 02:00 PM,https://www.redfin.com/AZ/Phoenix/1628-W-Bluefield-Ave-85023/home/26868851,ARMLS,6897465,N,Y,33.6526291,-112.0953064
MLS Listing,,Townhouse,21320 N 56th St #2012,Phoenix,AZ,85054,500000,2,2.0,BELLA MONTE AT DESERT RIDGE CONDOMINIUM AMD,1408,1392,2014,6,355,403,Active,August-3-2025 01:00 PM,August-3-2025 03:00 PM,https://www.redfin.com/AZ/Phoenix/21320-N-56th-St-85054/unit-2012/home/27344034,ARMLS,6897455,N,Y,33.6802088,-111.9634662
MLS Listing,,Single Family Residential,9018 N 39th Ave,Phoenix,AZ,85051,384900,3,2.0,NEWCASTLE VILLAGE,1545,8250,1971,6,249,,Active,,,https://www.redfin.com/AZ/Phoenix/9018-N-39th-Ave-85051/home/27944252,ARMLS,6895936,N,Y,33.5682143,-112.1431794
MLS Listing,,Single Family Residential,4435 W Weldon Ave,Phoenix,AZ,85031,320000,3,2.0,SIESTA VILLAGE 4,975,6307,1957,6,328,,Active,,,https://www.redfin.com/AZ/Phoenix/4435-W-Weldon-Ave-85031/home/28104917,ARMLS,6897446,N,Y,33.4918642,-112.1555375
MLS Listing,,Single Family Residential,3441 W Windrose Dr,Phoenix,AZ,85029,245000,3,2.0,WESTOWN 5 LOT 665-823,1092,6671,1960,6,224,,Active,,,https://www.redfin.com/AZ/Phoenix/3441-W-Windrose-Dr-85029/home/196010300,ARMLS,6876779,N,Y,33.6012927,-112.1336023
MLS Listing,,Single Family Residential,3330 W Desert Dawn Dr,Phoenix,AZ,85083,1420000,5,4.0,DESERT DAWN ESTATES,3778,18404,2025,6,376,222,Active,,,https://www.redfin.com/AZ/Phoenix/3330-W-Desert-Dawn-Dr-85083/home/177293884,ARMLS,6897435,N,Y,33.729905,-112.131814
MLS Listing,,Single Family Residential,5015 E Shomi St,Phoenix,AZ,85044,465000,4,2.0,AHWATUKEE FS-6,1714,8006,1981,6,271,22,Active,August-1-2025 02:00 PM,August-1-2025 06:00 PM,https://www.redfin.com/AZ/Phoenix/5015-E-Shomi-St-85044/home/27053582,ARMLS,6881723,N,Y,33.3282871,-111.9769719
MLS Listing,,Single Family Residential,19426 N 11th St,Phoenix,AZ,85024,389000,2,1.0,COUNTRY PLACE 2,1070,8580,1983,6,364,,Active,,,https://www.redfin.com/AZ/Phoenix/19426-N-11th-St-85024/home/28371033,ARMLS,6897425,N,Y,33.663034,-112.058184
