SALE TYPE,SOLD DATE,PROPERTY TYPE,ADDRESS,CITY,STATE OR PROVINCE,ZIP OR POSTAL CODE,PRICE,BEDS,BATHS,LOCATION,SQUARE FEET,LOT SIZE,YEAR BUILT,DAYS ON MARKET,$/SQUARE FEET,HOA/MONTH,STATUS,NEXT OPEN HOUSE START TIME,NEXT OPEN HOUSE END TIME,URL (SEE https://www.redfin.com/buy-a-home/comparative-market-analysis FOR INFO ON PRICING),SOURCE,MLS#,FAVORITE,INTERESTED,LATITUDE,LONGITUDE
"In accordance with local MLS rules, some MLS listings are not included in the download"
MLS Listing,,Condo/Co-op,500 Brickell Ave #4101,Miami,FL,33131,1045000,3,3.0,500 BRICKELL EAST CONDO,1494,,2008,10,699,2097,Active,,,https://www.redfin.com/FL/Miami/500-Brickell-Ave-33131/unit-4101/home/43406176,MARMLS,A11829007,N,Y,25.7683402,-80.19061
MLS Listing,,Townhouse,10273 SW 162nd Ct,Miami,FL,33196,544995,3,2.0,FOREST LAKES COUNTRY GARD,1315,,1999,14,414,100,Active,,,https://www.redfin.com/FL/Miami/10273-SW-162nd-Ct-33196/home/43186660,MARMLS,A11837823,N,Y,25.6707012,-80.4577493
MLS Listing,,Condo/Co-op,650 NE 64th St Unit G210,Miami,FL,33138,310000,1,1.0,NIRVANA CONDO NO FIVE CON,770,,1983,14,403,940,Active,,,https://www.redfin.com/FL/Miami/650-NE-64th-St-33138/unit-G210/home/43315147,MARMLS,A11833407,N,Y,25.8347335,-80.182882
MLS Listing,,Single Family Residential,14651 SW 93rd Ln,Miami,FL,33186,699000,6,4.5,PANACHE SEC 4,1938,6290,1988,17,361,74,Active,,,https://www.redfin.com/FL/Miami/14651-SW-93rd-Ln-33186/home/43181678,MARMLS,A11838263,N,Y,25.6800017,-80.4306779
MLS Listing,,Single Family Residential,11100 NE 12th Ave,Miami,FL,33161,679000,3,2.0,BISCAYNE BLVD PARK,988,6500,1952,21,687,,Active,,,https://www.redfin.com/FL/Miami/11100-NE-12th-Ave-33161/home/43016673,MARMLS,A11836412,N,Y,25.8783852,-80.1740387
MLS Listing,,Condo/Co-op,3615 Thomas Ave #16,Miami,FL,33133,270000,1,1.0,THOMAS GROVE CONDO,467,,1953,24,578,275,Active,,,https://www.redfin.com/FL/Miami/3615-Thomas-Ave-33133/unit-16/home/43365842,MARMLS,A11830489,N,Y,25.7272122,-80.2515384
MLS Listing,,Condo/Co-op,488 NE 18th St #1503,Miami,FL,33132,525000,1,1.5,ARIA ON THE BAY CONDO,759,,2018,28,692,835,Active,,,https://www.redfin.com/FL/Miami/488-NE-18th-St-33132/unit-1503/home/110130592,MARMLS,A11830437,N,Y,25.7936439,-80.1870717
MLS Listing,,Condo/Co-op,900 Brickell Key Blvd #3103,Miami,FL,33131,4490000,5,5.5,ASIA CONDO,3398,,2008,30,1321,6298,Active,,,https://www.redfin.com/FL/Miami/900-Brickell-Key-Blvd-33131/unit-3103/home/43420788,MARMLS,A11828779,N,Y,25.7692633,-80.1858516
MLS Listing,,Single Family Residential,16306 SW 100th Ter,Miami,FL,33196,589950,3,2.5,FOREST LAKES GARDENS SEC,1677,3085,1997,59,352,110,Active,,,https://www.redfin.com/FL/Miami/16306-SW-100th-Ter-33196/home/43179719,MARMLS,A11812150,N,Y,25.6725184,-80.4597269
MLS Listing,,Townhouse,1456 SW 134th Pl,Miami,FL,33184,474000,2,2.5,TAMIAMI LAKES TOWNHOUSES,1755,,1981,59,270,118,Active,,,https://www.redfin.com/FL/Miami/1456-SW-134th-Pl-33184/home/43109916,MARMLS,A11813693,N,Y,25.7546674,-80.4140584
MLS Listing,,Condo/Co-op,55 SW 9th St #1510,Miami,FL,33130,534950,1,1.5,BRICKELL HEIGHTS WEST CON,776,,2017,59,689,1246,Active,,,https://www.redfin.com/FL/Miami/55-SW-9th-St-33130/unit-1510/home/79135121,MARMLS,A11812848,N,Y,25.7656606,-80.1943935
MLS Listing,,Condo/Co-op,1900 N Bayshore Dr #603,Miami,FL,33132,749000,2,2.0,QUANTUM ON THE BAY CONDO,1332,,2008,60,562,1300,Active,,,https://www.redfin.com/FL/Miami/1900-N-Bayshore-Dr-33132/unit-603/home/43475080,MARMLS,A11813522,N,Y,25.794759,-80.187277
MLS Listing,,Single Family Residential,6545 NW 6th Ave,Miami,FL,33150,365000,2,1.0,FOREST PARK,650,7100,1945,63,562,,Active,,,https://www.redfin.com/FL/Miami/6545-NW-6th-Ave-33150/home/42687573,MARMLS,A11810664,N,Y,25.835848,-80.2069394
MLS Listing,,Condo/Co-op,1300 Brickell Bay Dr #2402,Miami,FL,33131,825000,2,2.0,BRICKELLHOUSE CONDO,1012,,2014,101,815,1000,Active,,,https://www.redfin.com/FL/Miami/1300-Brickell-Bay-Dr-33131/unit-2402/home/55273254,MARMLS,A11786452,N,Y,25.760372,-80.190197
MLS Listing,,Single Family Residential,3025 NW 18th St,Miami,FL,33125,535000,2,1.0,KENSINGTON,1424,4840,1955,137,376,,Active,,,https://www.redfin.com/FL/Miami/3025-NW-18th-St-33125/home/42717285,MARMLS,A11761300,N,Y,25.7914167,-80.244368
MLS Listing,,Condo/Co-op,601 NE 1st Ave #2506,Miami,FL,33132,425000,0,1.0,79,374,,2024,143,1136,948,Active,,,https://www.redfin.com/FL/Miami/601-NE-1st-Ave-33132/unit-2506/home/192288258,MARMLS,A11756645,N,Y,25.78025,-80.1914734
MLS Listing,,Townhouse,12693 NW 24th Ave,Miami,FL,33167,569500,3,2.5,GOLF PARK SEC 1,1695,,2022,163,336,275,Active,,,https://www.redfin.com/FL/Miami/12693-NW-24th-Ave-33167/home/185383872,MARMLS,A11745823,N,Y,25.8908941,-80.2384571
MLS Listing,,Condo/Co-op,1300 S Miami Ave #3408,Miami,FL,33130,629000,1,1.5,1300 S MIAMI AVENUE CONDO,649,,2016,174,969,980,Active,,,https://www.redfin.com/FL/Miami/1300-S-Miami-Ave-33130/unit-3408/home/56742796,MARMLS,A11738324,N,Y,25.7612309,-80.1936742
MLS Listing,,Condo/Co-op,79 SW 12th St Unit 3809S,Miami,FL,33130,649900,2,2.0,THE AXIS ON BRICKELL COND,1106,,2008,198,588,1090,Active,,,https://www.redfin.com/FL/Miami/79-SW-12th-St-33130/unit-3809S/home/43448351,MARMLS,A11715767,N,Y,25.7626729,-80.19472
MLS Listing,,Single Family Residential,2380 SW 7th St,Miami,FL,33135,699500,4,2.0,BEATRICE SUB,1737,7370,1951,311,403,,Active,,,https://www.redfin.com/FL/Miami/2380-SW-7th-St-33135/home/42729995,MARMLS,A11661140,N,Y,25.7660001,-80.2343671
MLS Listing,,Condo/Co-op,1000 Quayside Ter #308,Miami,FL,33138,411000,2,1.5,TOWERS OF QUAYSIDE CONDO,1200,,1981,1,343,1890,Active,,,https://www.redfin.com/FL/Miami/1000-Quayside-Ter-33138/unit-308/home/43017358,MARMLS,A11850390,N,Y,25.87377,-80.168353
MLS Listing,,Condo/Co-op,14020 SW 91st Ter #14020,Miami,FL,33186,255000,1,1.0,PARC VISTA CONDO,862,,1987,1,296,408,Active,,,https://www.redfin.com/FL/Miami/14020-SW-91st-Ter-33186/unit-14020/home/43299701,MARMLS,A11849791,N,Y,25.681053,-80.419631
MLS Listing,,Single Family Residential,774 NW 74th St,Miami,FL,33150,475000,3,2.0,STEPHEN MANOR,822,5000,1940,1,578,,Active,,,https://www.redfin.com/FL/Miami/774-NW-74th-St-33150/home/43039372,MARMLS,A11850595,N,Y,25.8424372,-80.2105409
MLS Listing,,Condo/Co-op,1201 NE 191st St Unit G216,Miami,FL,33179,259000,2,2.0,ROLLING GREEN CONDO G,1156,,1970,1,224,630,Active,,,https://www.redfin.com/FL/Miami/1201-NE-191st-St-33179/unit-G216/home/43001528,MARMLS,A11846693,N,Y,25.951576,-80.176277
MLS Listing,,Single Family Residential,745 NW 144th St,Miami,FL,33168,476000,2,2.0,Biscayne Gardens Sec F Pt,872,8175,1952,1,546,,Active,,,https://www.redfin.com/FL/Miami/745-NW-144th-St-33168/home/43000059,Beaches MLS,F10517886,N,Y,25.9066662,-80.2128505
MLS Listing,,Single Family Residential,427 NE 160th St,Miami,FL,33162,540000,3,2.0,Fulford Highlands Add 03,1822,9450,1958,1,296,,Active,August-9-2025 11:00 AM,August-9-2025 03:00 PM,https://www.redfin.com/FL/Miami/427-NE-160th-St-33162/home/43015476,Beaches MLS,F10518065,N,Y,25.9220592,-80.1914167
MLS Listing,,Condo/Co-op,460 W Park Dr #106,Miami,FL,33172,269000,2,1.0,WEST LAKE VILLAGE II COND,981,,1979,1,274,206,Active,,,https://www.redfin.com/FL/Miami/460-W-Park-Dr-33172/unit-106/home/43056814,MARMLS,A11849955,N,Y,25.7729972,-80.3671196
MLS Listing,,Condo/Co-op,700 NE 24 St #2803,Miami,FL,33137,2200000,3,3.5,ARIA RESERVE,1648,,2025,1,1335,1572,Active,,,https://www.redfin.com/FL/Miami/700-NE-24th-St-33137/unit-2803/home/196735542,MARMLS,A11850018,N,Y,25.8001662,-80.1859131
MLS Listing,,Single Family Residential,2520 SW 13th St,Miami,FL,33145,1060000,5,3.0,NEW SILVER CREST,1925,6900,1939,1,551,,Active,,,https://www.redfin.com/FL/Miami/2520-SW-13th-St-33145/home/42747393,MARMLS,A11850554,N,Y,25.7603769,-80.2370929
MLS Listing,,Townhouse,9751 SW 92nd Ter,Miami,FL,33176,650000,3,2.5,CHERRY GROVE TOWNHOUSES W,1632,,1972,1,398,,Active,,,https://www.redfin.com/FL/Miami/9751-SW-92nd-Ter-33176/home/43464011,MARMLS,A11850523,N,Y,25.683505,-80.3530102
MLS Listing,,Condo/Co-op,1581 Brickell Ave #506,Miami,FL,33129,1490000,3,3.5,VILLA REGINA CONDO,2403,,1982,1,620,3000,Active,,,https://www.redfin.com/FL/Miami/1581-Brickell-Ave-33129/unit-506/home/42756499,MARMLS,A11850530,N,Y,25.7564058,-80.1933295
MLS Listing,,Condo/Co-op,7340 SW 82nd St Unit C204,Miami,FL,33143,189000,1,1.0,VILLAGE AT DADELAND CONDO,700,,1968,1,270,567,Active,,,https://www.redfin.com/FL/Miami/7340-SW-82nd-St-33143/unit-C204/home/43320978,MARMLS,A11850507,N,Y,25.693099,-80.3124569
MLS Listing,,Condo/Co-op,601 NE 36th St #2201,Miami,FL,33137,919500,2,2.5,BLUE CONDO,1449,,2005,1,635,2064,Active,,,https://www.redfin.com/FL/Miami/601-NE-36th-St-33137/unit-2201/home/43329074,MARMLS,A11849929,N,Y,25.811289,-80.1864315
MLS Listing,,Vacant Land,6020 NW 13th Ave,Miami,FL,33142,4775000,,,ORCHARD VILLA EXTENSION,,13300,,1,,,Active,,,https://www.redfin.com/FL/Miami/6020-NW-13th-Ave-33142/home/42681564,MARMLS,A11849210,N,Y,25.8307751,-80.2190165
MLS Listing,,Condo/Co-op,9255 SW 125th Ave Unit 304R,Miami,FL,33186,325000,2,2.0,KENLAND POINTE CONDO IV,1340,,1984,1,243,873,Active,,,https://www.redfin.com/FL/Miami/9255-SW-125th-Ave-33186/unit-304R/home/43176392,MARMLS,A11850498,N,Y,25.6819069,-80.3976564
MLS Listing,,Condo/Co-op,9120 Fontainebleau Blvd #404,Miami,FL,33172,249000,1,1.0,PARKSIDE NO 1 CONDO,776,,1975,1,321,253,Active,,,https://www.redfin.com/FL/Miami/9120-Fontainebleau-Blvd-33172/unit-404/home/43054305,MARMLS,A11849623,N,Y,25.772706,-80.3444216
MLS Listing,,Mobile/Manufactured Home,9674 NW 10th Ave,Miami,FL,33150,328000,6,6.0,TWIN LAKES PROPERTIES,,3136,2023,1,,950,Active,,,https://www.redfin.com/FL/Miami/9674-NW-10th-Ave-33150/home/45426275,MARMLS,A11848955,N,Y,25.8636313,-80.2145728
MLS Listing,,Vacant Land,818 NW 3rd St,Miami,FL,33128,990000,,,BRICKELL RIVERVIEW,,7500,,1,,,Active,,,https://www.redfin.com/FL/Miami/818-NW-3rd-St-33128/home/42759698,MARMLS,A11849712,N,Y,25.7764364,-80.2082909
MLS Listing,,Single Family Residential,9517 SW 148th Ave Cir E,Miami,FL,33196,610000,3,2.0,HAMMOCKS SEC 2,1497,4045,1982,1,407,97,Active,,,https://www.redfin.com/FL/Miami/9517-SW-148th-Avenue-Cir-E-33196/home/43181984,MARMLS,A11850330,N,Y,25.678206,-80.433325
MLS Listing,,Condo/Co-op,1800 N Bayshore Dr #3808,Miami,FL,33132,397500,1,1.0,1800 CLUB CONDO,839,,2007,1,474,652,Active,,,https://www.redfin.com/FL/Miami/1800-N-Bayshore-Dr-33132/unit-3808/home/43452638,MARMLS,A11849500,N,Y,25.7941403,-80.1870945
MLS Listing,,Single Family Residential,10651 SW 76th Ave,Pinecrest,FL,33156,2350000,4,3.0,PAMPA ESTATES,3444,16181,1984,1,682,,Active,,,https://www.redfin.com/FL/Pinecrest/10651-SW-76th-Ave-33156/home/42906224,MARMLS,A11849202,N,Y,25.6714403,-80.3174364
MLS Listing,,Single Family Residential,227 NE 2nd St #2309,Miami,FL,33132,409000,1,1.0,MAP OF MIAMI DADE CO. FL.,549,,2022,1,745,903,Active,,,https://www.redfin.com/FL/Miami/227-NE-2nd-St-33132/unit-2309/home/184157819,MARMLS,A11850091,N,Y,25.7765046,-80.189686
MLS Listing,,Condo/Co-op,55 SE 6th St #2902,Miami,FL,33131,770000,2,2.0,500 BRICKELL WEST CONDO,1123,,2008,1,686,1662,Active,,,https://www.redfin.com/FL/Miami/55-SE-6th-St-33131/unit-2902/home/42678082,MARMLS,A11849714,N,Y,25.7683348,-80.191395
MLS Listing,,Vacant Land,2503 NW 87th St,Miami,FL,33147,1700000,,,REV PL OF PORTS OF OXFORD,,9311,,1,,,Active,,,https://www.redfin.com/FL/Miami/2503-NW-87th-St-33147/home/43034492,MARMLS,A11850443,N,Y,25.8536803,-80.240108
MLS Listing,,Condo/Co-op,10851 SW 2nd St Unit K105,Sweetwater,FL,33174,278000,2,1.0,WEST FLAGLER HERITAGE NO,720,,1975,1,386,585,Active,,,https://www.redfin.com/FL/Miami/10851-SW-2nd-St-33174/unit-K105/home/42921179,MARMLS,A11846431,N,Y,25.7671025,-80.3718503
MLS Listing,,Condo/Co-op,1080 Brickell Ave #4107,Miami,FL,33131,595000,1,1.0,THE BOND,748,,2016,1,795,1225,Active,,,https://www.redfin.com/FL/Miami/1080-Brickell-Ave-33131/unit-4107/home/56743229,MARMLS,A11850149,N,Y,25.7627976,-80.19265
MLS Listing,,Single Family Residential,14450 SW 188th St,Miami,FL,33177,1387500,3,2.0,North Redland,2350,106286,1979,1,590,,Active,,,https://www.redfin.com/FL/Miami/14450-SW-188th-St-33177/home/43228109,MARMLS,A11850379,N,Y,25.5915751,-80.4269415
MLS Listing,,Condo/Co-op,,Miami,FL,33130,799000,2,2.0,,809,,2023,1,988,930,Active,,,https://www.redfin.com/FL/Miami/Undisclosed-address-33130/home/144531450,MARMLS,A11850400,N,Y,25.7655667,-80.1981433
MLS Listing,,Single Family Residential,10333 SW 6th St,Sweetwater,FL,33174,995000,4,2.0,GRAND CANAL SUB,1695,6000,1976,1,587,,Active,,,https://www.redfin.com/FL/Miami/10333-SW-6th-St-33174/home/42917574,MARMLS,A11849635,N,Y,25.7638633,-80.3633316
MLS Listing,,Single Family Residential,636 SW 88th Pl E,Miami,FL,33174,715000,4,3.0,Poinciana Pointe Ph 03,1881,7113,1987,1,380,130,Active,,,https://www.redfin.com/FL/Miami/636-SW-88th-Pl-E-33174/home/43050335,Beaches MLS,F10517687,N,Y,25.7625035,-80.3385618
MLS Listing,,Single Family Residential,451 SW 25th Rd,Miami,FL,33129,1350000,2,2.0,BRICKELL HAMMOCK UNIT NO,1575,6350,1940,1,857,,Active,August-3-2025 12:00 PM,August-3-2025 02:00 PM,https://www.redfin.com/FL/Miami/451-SW-25th-Rd-33129/home/42761076,MARMLS,A11849816,N,Y,25.7581452,-80.2086811
MLS Listing,,Condo/Co-op,488 NE 18th St #3204,Miami,FL,33132,570000,1,1.5,ARIA ON THE BAY CONDO,745,,2018,1,765,765,Active,,,https://www.redfin.com/FL/Miami/488-NE-18th-St-33132/unit-3204/home/110130819,MARMLS,A11849297,N,Y,25.7936439,-80.1870717
MLS Listing,,Condo/Co-op,11217 SW 88th St Unit 202C,Miami,FL,33176,249900,1,1.0,PINE GROVE CONDO,736,,1969,1,340,390,Active,,,https://www.redfin.com/FL/Miami/11217-N-Kendall-Dr-33176/unit-202C/home/43091690,MARMLS,A11846521,N,Y,25.6883971,-80.3749271
MLS Listing,,Condo/Co-op,485 Brickell Ave #3711,Miami,FL,33131,677000,1,1.0,ICON BRICKELL CONDO NO 3,876,,2009,1,773,2444,Active,,,https://www.redfin.com/FL/Miami/485-Brickell-Ave-33131/unit-3711/home/42677920,MARMLS,A11848857,N,Y,25.7686625,-80.188727
MLS Listing,,Single Family Residential,4875 SW 92nd Ave,Miami,FL,33165,900000,4,2.0,Miller Heights Sec 02,1893,7500,1960,1,475,,Pre On-Market,,,https://www.redfin.com/FL/Miami/4875-SW-92nd-Ave-33165/home/43081562,Beaches MLS,F10517478,N,Y,25.723018,-80.3440578
MLS Listing,,Condo/Co-op,,Miami,FL,33137,2975000,4,5.5,,2686,,2025,1,1108,1502,Active,,,https://www.redfin.com/FL/Miami/Undisclosed-address-33137/home/196751333,MARMLS,A11849160,N,Y,25.8001662,-80.1859131
MLS Listing,,Multi-Family (2-4 Unit),2223 NW 32nd St,Miami,FL,33142,690000,7,7.0,EVERGREEN LAWNS,1949,,1935,1,354,,Active,,,https://www.redfin.com/FL/Miami/2223-NW-32nd-St-33142/home/42688342,MARMLS,A11849835,N,Y,25.8058013,-80.2324501
MLS Listing,,Condo/Co-op,16450 NW 2nd Ave #404,Miami,FL,33169,135000,0,1.0,GOLDEN GATE APARTMENTS CO,385,,1970,1,351,364,Active,,,https://www.redfin.com/FL/Miami/16450-NW-2nd-Ave-33169/unit-404/home/43316490,MARMLS,A11848467,N,Y,25.9258499,-80.2049493
MLS Listing,,Single Family Residential,1824 SW 100th Ave,Miami,FL,33165,899000,3,2.0,WESTBROOKE 1ST ADDN,2043,8653,1965,1,440,,Active,,,https://www.redfin.com/FL/Miami/1824-SW-100th-Ave-33165/home/43057419,MARMLS,A11850303,N,Y,25.7520268,-80.3586295
MLS Listing,,Vacant Land,19000 SW 177th Ave,Miami,FL,33187,13000000,,,KROME AVE 27.61 ACRE LAND,,1202865,,1,,,Active,,,https://www.redfin.com/FL/Miami/19000-SW-177th-Ave-33187/home/168217576,MARMLS,A11845051,N,Y,25.589115,-80.479475
MLS Listing,,Condo/Co-op,10 SW South River Dr #708,Miami,FL,33130,349000,1,1.0,NEO CONDO,696,,2003,1,501,309,Active,,,https://www.redfin.com/FL/Miami/10-SW-South-River-Dr-33130/unit-708/home/43285106,MARMLS,A11850217,N,Y,25.7733792,-80.2020259
MLS Listing,,Condo/Co-op,200 SE 15th Rd Unit 4E,Miami,FL,33129,415000,1,1.5,BRICKELL HARBOUR CONDO,612,,1974,1,678,1030,Active,,,https://www.redfin.com/FL/Miami/200-SE-15th-Rd-33129/unit-4E/home/42756416,MARMLS,A11849682,N,Y,25.7567548,-80.1912817
MLS Listing,,Vacant Land,2200 NW 11th St,Miami,FL,33125,450000,,,RIVERSIDE FARMS,,4834,,1,,,Active,,,https://www.redfin.com/FL/Miami/2200-NW-11th-St-33125/home/194028802,MARMLS,A11850286,N,Y,25.7830235,-80.2314887
MLS Listing,,Single Family Residential,10351 SW 49th St,Miami,FL,33165,1070000,3,2.0,HEFTLER HOMES SEC 3,2120,13102,1959,1,505,,Active,,,https://www.redfin.com/FL/Miami/10351-SW-49th-St-33165/home/43081934,MARMLS,A11850125,N,Y,25.7222143,-80.3624068
MLS Listing,,Single Family Residential,12812 SW 47th Ter,Miami,FL,33175,900000,3,2.5,ROYALE GREEN SEC 2,2065,7500,1971,1,436,,Active,,,https://www.redfin.com/FL/Miami/12812-SW-47th-Ter-33175/home/43125059,MARMLS,A11850204,N,Y,25.7212574,-80.4016465
MLS Listing,,Single Family Residential,10521 SW 67th St,Miami,FL,33173,820000,3,2.5,JACARANDAS AT SUNSET REV,2248,6970,1993,1,365,,Active,August-2-2025 11:00 AM,August-2-2025 01:00 PM,https://www.redfin.com/FL/Miami/10521-SW-67th-St-33173/home/43090147,MARMLS,A11850132,N,Y,25.70551,-80.365177
MLS Listing,,Condo/Co-op,9040 SW 125th Ave Unit D407,Miami,FL,33186,299000,2,2.0,KENLAND BEND SOUTH CONDO,1200,,1981,1,249,609,Active,,,https://www.redfin.com/FL/Miami/9040-SW-125th-Ave-33186/unit-D407/home/43177351,MARMLS,A11850218,N,Y,25.6818417,-80.3992364
MLS Listing,,Condo/Co-op,800 NE 195th St #215,Miami,FL,33179,237777,2,2.0,CANONGATE CONDO NO ONE,1470,,1969,1,162,797,Active,,,https://www.redfin.com/FL/Miami/800-NE-195th-St-33179/unit-215/home/43013635,MARMLS,A11850186,N,Y,25.9539587,-80.1843522
MLS Listing,,Condo/Co-op,234 NE 3rd St #1105,Miami,FL,33132,295000,1,1.0,THE LOFT DOWNTOWN CONDO,685,,2005,1,431,825,Active,,,https://www.redfin.com/FL/Miami/234-NE-3rd-St-33132/unit-1105/home/43327216,MARMLS,A11850017,N,Y,25.776895,-80.1897078
MLS Listing,,Single Family Residential,4311 SW 95th Ct,Miami,FL,33165,1050000,4,2.0,El Dorado Plains,2494,13700,1976,1,421,,Active,,,https://www.redfin.com/FL/Miami/4311-SW-95th-Ct-33165/home/43081671,MARMLS,A11848899,N,Y,25.728389,-80.3492595
MLS Listing,,Condo/Co-op,2525 SW 3rd Ave #807,Miami,FL,33129,615000,2,2.0,Nordica Condo,1021,,2007,1,602,1209,Active,,,https://www.redfin.com/FL/Miami/2525-SW-3rd-Ave-33129/unit-807/home/43386966,Beaches MLS,RX-11111821,N,Y,25.7554352,-80.2075256
MLS Listing,,Condo/Co-op,1750 N Bayshore Dr #3801,Miami,FL,33132,679000,2,2.0,OPERA TOWER CONDO,1048,,2008,1,648,1225,Active,,,https://www.redfin.com/FL/Miami/1750-N-Bayshore-Dr-33132/unit-3801/home/43443120,MARMLS,A11850157,N,Y,25.7925085,-80.1871286
MLS Listing,,Condo/Co-op,2030 S Douglas Rd #511,Coral Gables,FL,33134,650000,2,2.0,THE MINORCA CONDO,1337,,2005,1,486,1012,Active,,,https://www.redfin.com/FL/Coral-Gables/2030-S-Douglas-Rd-33134/unit-511/home/43331900,MARMLS,A11848692,N,Y,25.7537543,-80.2553061
MLS Listing,,Single Family Residential,2238 NW 58th St,Miami,FL,33142,480000,4,2.0,GORRAY PARK,1255,5640,1962,1,382,,Active,August-2-2025 01:00 PM,August-2-2025 03:00 PM,https://www.redfin.com/FL/Miami/2238-NW-58th-St-33142/home/43039177,MARMLS,A11849491,N,Y,25.8275809,-80.2338893
MLS Listing,,Condo/Co-op,11309 SW 200th St Unit C213,Miami,FL,33157,210000,2,2.0,CARIBBEAN GARDENS CONDO,840,,1973,1,250,494,Active,,,https://www.redfin.com/FL/Miami/11309-SW-200th-St-33157/unit-213C/home/43216207,MARMLS,A11850148,N,Y,25.5823289,-80.3747965
MLS Listing,,Condo/Co-op,2127 Brickell Ave #1005,Miami,FL,33129,1499000,2,2.0,BRISTOL TOWER CONDO,1700,,1993,1,882,2773,Active,,,https://www.redfin.com/FL/Miami/2127-Brickell-Ave-33129/unit-1005/home/42764443,MARMLS,A11846964,N,Y,25.7522382,-80.1993541
MLS Listing,,Condo/Co-op,2525 SW 3rd Ave Ph -04,Miami,FL,33129,410000,1,1.0,Nordica Condo,693,,2007,1,592,866,Active,,,https://www.redfin.com/FL/Miami/2525-SW-3rd-Ave-33129/unit-4/home/43387515,MARMLS,A11849450,N,Y,25.7554352,-80.2075256
MLS Listing,,Single Family Residential,278 NE 116th St,Miami,FL,33161,875000,3,2.0,TRESULEE,1680,8400,1970,1,521,,Active,,,https://www.redfin.com/FL/Miami/278-NE-116th-St-33161/home/43017912,MARMLS,A11850089,N,Y,25.8812506,-80.1921808
MLS Listing,,Condo/Co-op,2505 NE 193rd St #4204,Aventura,FL,33180,430000,2,2.5,Aventura Village,1325,,2020,1,325,1047,Active,,,https://www.redfin.com/FL/Miami/2505-NE-193rd-St-33180/unit-4204/home/175110830,MARMLS,A11850075,N,Y,25.9541406,-80.1509024
MLS Listing,,Condo/Co-op,9682 Fontainebleau Blvd #401,Miami,FL,33172,260000,1,1.0,GOLFVIEW CLUB FONTAINEBLE,758,,1974,1,343,260,Active,,,https://www.redfin.com/FL/Miami/9682-Fontainebleau-Blvd-33172/unit-401/home/43053822,MARMLS,A11850102,N,Y,25.7735993,-80.3523424
MLS Listing,,Single Family Residential,15835 SW 144th Ct,Miami,FL,33177,659900,4,2.0,AMERICAN HOMES 1ST ADDN,1785,4675,1991,1,370,,Active,,,https://www.redfin.com/FL/Miami/15835-SW-144th-Ct-33177/home/43202474,MARMLS,A11839021,N,Y,25.6198006,-80.4269364
MLS Listing,,Single Family Residential,4471 SW 154th Ct,Miami,FL,33185,779900,4,2.0,IMPERIAL GROUP,2086,4871,1993,1,374,150,Active,August-3-2025 11:00 AM,August-3-2025 02:00 PM,https://www.redfin.com/FL/Miami/4471-SW-154th-Ct-33185/home/43460357,MARMLS,A11849888,N,Y,25.7239063,-80.4443856
MLS Listing,,Single Family Residential,10420 SW 98th St,Miami,FL,33176,975000,3,2.0,KENDALE SEC 2,1874,9957,1966,1,520,,Active,August-2-2025 11:00 AM,August-2-2025 01:00 PM,https://www.redfin.com/FL/Miami/10420-SW-98th-St-33176/home/43151077,MARMLS,A11848969,N,Y,25.6779065,-80.3645383
MLS Listing,,Condo/Co-op,801 Brickell Bay Dr #970,Miami,FL,33131,450000,2,2.5,FOUR AMBASSADORS CONDO,990,,1968,1,455,943,Active,,,https://www.redfin.com/FL/Miami/801-Brickell-Bay-Dr-33131/unit-970/home/42766947,MARMLS,A11849957,N,Y,25.7641968,-80.1889886
MLS Listing,,Condo/Co-op,10835 SW 112th Ave #311,Miami,FL,33176,239000,1,1.5,GARDENS OF KENDALL SO CON,787,,1981,1,304,531,Pre On-Market,,,https://www.redfin.com/FL/Miami/10835-SW-112th-Ave-33176/unit-311/home/43148809,MARMLS,A11837845,N,Y,25.6674303,-80.3729671
MLS Listing,,Townhouse,6443 SW 152nd Pl Unit 6-43,Miami,FL,33193,370000,2,2.0,WESTWIND LAKES GARDEN HOM,840,,1987,1,440,550,Active,,,https://www.redfin.com/FL/Miami/6443-SW-152nd-Pl-33193/unit-6-43/home/43139181,MARMLS,A11850070,N,Y,25.7055501,-80.4435511
MLS Listing,,Condo/Co-op,650 NE 32nd St #606,Miami,FL,33137,935000,2,2.0,Paraiso Bay Condo,1067,,2018,1,876,581,Active,,,https://www.redfin.com/FL/Miami/650-NE-32nd-St-33137/unit-606/home/56745483,Beaches MLS,RX-11111769,N,Y,25.806902,-80.1862491
MLS Listing,,Condo/Co-op,690 SW 1st Ct #1005,Miami,FL,33130,430000,1,1.5,NEO VERTIKA CONDO,795,,2006,1,541,892,Active,,,https://www.redfin.com/FL/Miami/690-SW-1st-Ct-33130/unit-1005/home/43356461,MARMLS,A11849668,N,Y,25.7678407,-80.1961981
MLS Listing,,Vacant Land,196XX SW 206 St,Unincorporated Dade,FL,33187,499990,,,Redland,,55757,,1,,,Active,,,https://www.redfin.com/FL/Unknown/196XX-SW-206th-St-33187/home/196541918,MARMLS,A11842704,N,Y,25.5741092,-80.4904586
MLS Listing,,Single Family Residential,7315 SW 39th Ter,Miami,FL,33155,699000,3,1.0,Central Miami Pt 06,1222,7500,1951,1,572,,Active,August-2-2025 12:00 PM,August-2-2025 03:00 PM,https://www.redfin.com/FL/Miami/7315-SW-39th-Ter-33155/home/43068689,Beaches MLS,F10511979,N,Y,25.7340446,-80.313237
MLS Listing,,Condo/Co-op,447 NW 83rd St #447,Miami,FL,33150,399000,4,2.0,SUNSET PALM VILLAS CONDO,1410,,1958,1,283,350,Active,,,https://www.redfin.com/FL/Miami/447-NW-83rd-St-33150/unit-447/home/43283658,MARMLS,A11850025,N,Y,25.852077,-80.2033639
MLS Listing,,Condo/Co-op,88 SW 7th St #2104,Miami,FL,33130,1039000,2,2.5,RISE CONDO,1383,,2016,1,751,1287,Active,,,https://www.redfin.com/FL/Miami/88-SW-7th-St-33130/unit-2104/home/110142282,MARMLS,A11849950,N,Y,25.7668601,-80.1942845
MLS Listing,,Single Family Residential,1941 SW 18 St,Miami,FL,33145,975000,4,3.0,PORTER MANOR,1766,7480,1939,1,552,,Active,,,https://www.redfin.com/FL/Miami/1941-SW-18th-St-33145/home/42746595,MARMLS,A11839316,N,Y,25.7553162,-80.2271863
MLS Listing,,Condo/Co-op,1300 S Miami Ave #1706,Miami,FL,33130,990000,3,2.5,1300 S MIAMI AVENUE CONDO,1154,,2016,1,858,1223,Active,,,https://www.redfin.com/FL/Miami/1300-S-Miami-Ave-33130/unit-1706/home/56742553,MARMLS,A11849915,N,Y,25.7612309,-80.1936742
MLS Listing,,Single Family Residential,22037 SW 129th Ave,Miami,FL,33170,750000,3,2.0,ESTATE HOMES FIRST ADDITI,1433,12500,2001,1,523,,Active,,,https://www.redfin.com/FL/Miami/22037-SW-129th-Ave-33170/home/43248952,MARMLS,A11849335,N,Y,25.5620059,-80.4006092
MLS Listing,,Single Family Residential,17140 NW Miami Ct,Miami,FL,33169,450000,3,2.0,PARKWAY ESTATES,1236,10275,1964,1,364,,Active,,,https://www.redfin.com/FL/Miami/17140-NW-Miami-Ct-33169/home/42993270,MARMLS,A11849704,N,Y,25.9325671,-80.2015729
MLS Listing,,Townhouse,14124 Kendale Lakes Cir,Miami,FL,33183,425000,3,2.5,KENDALE LAKES NORTH SEC 7,1628,,1975,1,261,150,Active,,,https://www.redfin.com/FL/Miami/14124-Kendale-Lks-Cir-33183/home/43129610,MARMLS,A11849687,N,Y,25.7077635,-80.4222205
MLS Listing,,Single Family Residential,2619 SW 5th St,Miami,FL,33135,1175000,4,2.0,BEACON MANOR,2582,5250,1925,1,455,,Active,,,https://www.redfin.com/FL/Miami/2619-SW-5th-St-33135/home/42738418,MARMLS,A11846180,N,Y,25.7678954,-80.2383306
MLS Listing,,Multi-Family (2-4 Unit),3016-20 SW 26th St,Miami,FL,33133,614999,4,3.0,THE PINES,1452,,1948,1,424,,Active,,,https://www.redfin.com/FL/Miami/3016-SW-26th-St-33133/home/42758078,MARMLS,A11847869,N,Y,25.7431033,-80.2424118
MLS Listing,,Condo/Co-op,700 NE 24th St #4402,Miami,FL,33137,2199000,2,3.0,ARIA RESERVE SOUTH,1542,,2025,1,1426,,Active,,,https://www.redfin.com/FL/Miami/700-NE-24th-St-33137/unit-4402/home/196704370,MARMLS,A11849857,N,Y,25.8001662,-80.1859131
MLS Listing,,Single Family Residential,13402 SW 116th Pl,Miami,FL,33176,598000,4,2.0,EDGEWATER PARK,1414,5820,1990,1,423,118,Active,,,https://www.redfin.com/FL/Miami/13402-SW-116th-Pl-33176/home/43433705,MARMLS,A11849322,N,Y,25.6435516,-80.3826102
MLS Listing,,Single Family Residential,12897 SW 234th St,Homestead,FL,33032,498000,3,3.0,Siena Reserve,1328,,2023,1,375,150,Active,,,https://www.redfin.com/FL/Homestead/12897-SW-234th-St-33032/home/183147023,MARMLS,A11849872,N,Y,25.549596,-80.400476
MLS Listing,,Single Family Residential,7682 SW 157th Ct,Miami,FL,33193,649000,4,3.0,ADRIAN HOMES AT LAGO MAR,2054,4750,1993,1,316,38,Active,,,https://www.redfin.com/FL/Miami/7682-SW-157th-Ct-33193/home/43136540,MARMLS,A11847013,N,Y,25.6942131,-80.4471551
MLS Listing,,Single Family Residential,1735 NW 126th St,Miami,FL,33167,425000,3,1.0,RANDALL PARK,851,7417,1952,1,499,,Active,,,https://www.redfin.com/FL/Miami/1735-NW-126th-St-33167/home/43001012,MARMLS,A11841210,N,Y,25.8898595,-80.2280698
MLS Listing,,Condo/Co-op,1155 Brickell Bay Dr #902,Miami,FL,33131,1060000,3,2.0,THE MARK ON BRICKELL COND,1470,,2001,1,721,2260,Active,,,https://www.redfin.com/FL/Miami/1155-Brickell-Bay-Dr-33131/unit-902/home/43275102,MARMLS,A11845489,N,Y,25.762161,-80.189107
MLS Listing,,Townhouse,16406 SW 72nd Ter,Miami,FL,33193,525000,3,2.5,CONTINENTAL HOMES TOWNHOU,1667,,1998,1,315,126,Pre On-Market,,,https://www.redfin.com/FL/Miami/16406-SW-72nd-Ter-33193/home/43137021,MARMLS,A11849804,N,Y,25.6978715,-80.4588339
MLS Listing,,Townhouse,13381 SW 115th Ter #13381,Miami,FL,33186,589000,4,3.0,CROSSINGS TWNHSE SEC 1,1914,,1978,1,308,260,Active,,,https://www.redfin.com/FL/Miami/13381-SW-115th-Ter-33186/unit-13381/home/61551443,MARMLS,A11848703,N,Y,25.6610329,-80.4112434
MLS Listing,,Condo/Co-op,1450 NE 191st St #404,Miami,FL,33179,169000,1,1.5,SIXTH HORIZONS CONDO,954,,1967,1,177,,Active,,,https://www.redfin.com/FL/Miami/1450-NE-191st-St-33179/unit-404/home/43007335,MARMLS,A11849764,N,Y,25.950614,-80.1716773
MLS Listing,,Single Family Residential,14251 SW 36th St,Miami,FL,33175,1300000,4,4.0,P.I. ESTATES,2644,7690,1990,1,492,,Active,,,https://www.redfin.com/FL/Miami/14251-SW-36th-St-33175/home/43118024,MARMLS,A11849642,N,Y,25.7343404,-80.4252665
MLS Listing,,Single Family Residential,13930 Jefferson St,Miami,FL,33176,492000,3,1.0,Richmond Heights Rep,1404,7500,1959,1,350,,Active,,,https://www.redfin.com/FL/Miami/13930-Jefferson-St-33176/home/43159884,Beaches MLS,F10516935,N,Y,25.638579,-80.3809179
MLS Listing,,Townhouse,12724 SW 133rd St,Miami,FL,33186,535000,3,2.5,COURTS AT TUSCANY,1670,,2005,1,320,135,Active,,,https://www.redfin.com/FL/Miami/12724-SW-133rd-St-33186/home/43316409,MARMLS,A11849767,N,Y,25.6440474,-80.3994782
MLS Listing,,Single Family Residential,1411 SW 82nd Ct,Miami,FL,33144,835000,4,2.0,WESTCHESTER PART 1,1722,7500,1958,1,485,,Active,,,https://www.redfin.com/FL/Miami/1411-SW-82nd-Ct-33144/home/43060829,MARMLS,A11849757,N,Y,25.7565719,-80.3283924
MLS Listing,,Single Family Residential,5051 SW 163rd Ct,Miami,FL,33185,980000,4,3.0,LAROC ESTATES,2795,6000,2003,1,351,,Active,,,https://www.redfin.com/FL/Miami/5051-SW-163rd-Ct-33185/home/43280006,MARMLS,A11849513,N,Y,25.7179878,-80.4574662
MLS Listing,,Multi-Family (2-4 Unit),1400 NE 148th St,Miami,FL,33161,980000,13,11.0,ARCH CREEKS ESTATES,2563,,1952,1,382,,Active,,,https://www.redfin.com/FL/Miami/1400-NE-148th-St-33161/home/43017847,MARMLS,A11846454,N,Y,25.9115414,-80.1711059
MLS Listing,,Condo/Co-op,10900 SW 104th St #323,Miami,FL,33176,245000,2,1.5,THE BERKELEY CONDO,1350,,1973,1,181,848,Active,,,https://www.redfin.com/FL/Miami/10900-SW-104th-St-33176/unit-323/home/43289551,MARMLS,A11849724,N,Y,25.6714834,-80.3716367
MLS Listing,,Single Family Residential,16247 SW 46th Ter,Miami,FL,33185,887000,4,3.0,PARK LAKES SEC 2,2342,3313,2000,1,379,170,Active,,,https://www.redfin.com/FL/Miami/16247-SW-46th-Ter-33185/home/43253355,MARMLS,A11849718,N,Y,25.7207969,-80.4565888
MLS Listing,,Condo/Co-op,450 SW 3rd St #10,Miami,FL,33130,270000,1,1.5,VARADERO EN LA PEQUENA,555,,2006,1,486,400,Active,,,https://www.redfin.com/FL/Miami/450-SW-3rd-St-33130/unit-10/home/43368287,MARMLS,A11849212,N,Y,25.7706875,-80.2020765
MLS Listing,,Condo/Co-op,5050 NW 7th St #720,Miami,FL,33126,180000,1,1.0,5050 CONDO,624,,1973,1,288,302,Active,,,https://www.redfin.com/FL/Miami/5050-NW-7th-St-33126/unit-720/home/42748900,MARMLS,A11842999,N,Y,25.777901,-80.277524
MLS Listing,,Single Family Residential,7315 SW 127th Ct,Miami,FL,33183,715000,4,3.0,WINSTON PARK UNIT THREE,1612,7875,1974,1,444,53,Pre On-Market,,,https://www.redfin.com/FL/Miami/7315-SW-127th-Ct-33183/home/43146061,MARMLS,A11849428,N,Y,25.699177,-80.3987348
MLS Listing,,Multi-Family (2-4 Unit),600 NW 25th Ct,Miami,FL,33125,1450000,8,4.0,AUSTIN HEIGHTS,3628,,1925,1,400,,Active,,,https://www.redfin.com/FL/Miami/600-NW-25th-Ct-33125/home/42736173,MARMLS,A11848143,N,Y,25.7787011,-80.2381217
MLS Listing,,Condo/Co-op,570 NW 109th Ave #1204,Miami,FL,33172,440000,3,2.5,PATIO GRANDE II TOWNHOMES,1610,,1986,1,273,289,Active,,,https://www.redfin.com/FL/Miami/570-NW-109th-Ave-33172/unit-1204/home/43419613,MARMLS,A11849688,N,Y,25.7742831,-80.3747221
MLS Listing,,Condo/Co-op,31 SE 6th St #702,Miami,FL,33131,570000,2,2.0,MYBRICKELL CONDO,1016,,2014,1,561,1693,Active,,,https://www.redfin.com/FL/Miami/31-SE-6th-St-33131/unit-702/home/79134425,MARMLS,A11849679,N,Y,25.7686062,-80.1918903
MLS Listing,,Single Family Residential,415 Garlenda Ave,Coral Gables,FL,33146,1999000,3,3.0,CORAL GABLES RIVIERA SEC,1771,10000,1952,1,1129,,Active,,,https://www.redfin.com/FL/Coral-Gables/415-Garlenda-Ave-33146/home/42811715,MARMLS,A11849673,N,Y,25.7106394,-80.261716
MLS Listing,,Townhouse,2610 NE 213th St #109,Miami,FL,33180,469900,3,2.5,WEITZER AVENTURA PLACE CO,1500,,2018,1,313,630,Active,,,https://www.redfin.com/FL/Miami/2610-NE-213th-St-33180/unit-109/home/118782722,MARMLS,A11849566,N,Y,25.9727231,-80.1496967
MLS Listing,,Multi-Family (2-4 Unit),3310 SW 1st Ave,Miami,FL,33145,799000,4,7.0,EAST SHENANDOAH,1958,,1949,1,408,,Active,,,https://www.redfin.com/FL/Miami/3310-SW-1st-Ave-33145/home/42763995,MARMLS,A11849672,N,Y,25.7498002,-80.213627
MLS Listing,,Condo/Co-op,1331 Brickell Bay Dr #208,Miami,FL,33131,1185000,2,2.0,JADE RESIDENCES AT BRICKE,1460,,2004,1,812,3230,Active,,,https://www.redfin.com/FL/Miami/1331-Brickell-Bay-Dr-33131/unit-208/home/43441504,MARMLS,A11848888,N,Y,25.7599996,-80.1891629
MLS Listing,,Condo/Co-op,601 NE 36th St #807,Miami,FL,33137,689000,2,2.5,BLUE CONDO,1158,,2005,1,595,1681,Active,,,https://www.redfin.com/FL/Miami/601-NE-36th-St-33137/unit-807/home/43327800,MARMLS,A11849616,N,Y,25.811289,-80.1864315
MLS Listing,,Single Family Residential,5203 SW 128th Pl,Miami,FL,33175,700000,4,3.0,ROYALE GREEN SEC 3,1775,8000,1972,1,394,,Active,,,https://www.redfin.com/FL/Miami/5203-SW-128th-Pl-33175/home/43125697,MARMLS,A11846412,N,Y,25.7177861,-80.40245
MLS Listing,,Single Family Residential,3039 NW 51st Ter,Miami,FL,33142,659000,4,3.0,CAUSEWAY PARK,1785,4600,2005,1,369,,Active,,,https://www.redfin.com/FL/Miami/3039-NW-51st-Ter-33142/home/43046002,MARMLS,A11849611,N,Y,25.821482,-80.2455851
MLS Listing,,Condo/Co-op,481 NE 29th St #705,Miami,FL,33137,550000,2,2.0,EMILIA CONDO,848,,2018,1,649,904,Active,,,https://www.redfin.com/FL/Miami/481-NE-29th-St-33137/unit-705/home/145576290,MARMLS,A11849594,N,Y,25.804544,-80.1873565
MLS Listing,,Townhouse,7872 SW 102nd Ln,Miami,FL,33156,487777,2,2.5,DADELAND COVE SEC 2,1152,,1995,1,423,656,Active,,,https://www.redfin.com/FL/Miami/7872-SW-102nd-Ln-33156/home/43142525,MARMLS,A11848655,N,Y,25.6746538,-80.3222598
MLS Listing,,Townhouse,14654 SW 126th Pl,Miami,FL,33186,415000,2,2.0,VILLAS OF DEERWOOD REPLAT,1251,,1999,1,332,225,Active,,,https://www.redfin.com/FL/Miami/14654-SW-126th-Pl-33186/home/43203205,MARMLS,A11847406,N,Y,25.6313319,-80.397358
MLS Listing,,Condo/Co-op,17001 NE 13th Ave #205,Miami,FL,33162,65000,1,1.0,Mar-len Gardens NO 5 Corp-co-op,688,,1964,1,94,435,Active,,,https://www.redfin.com/FL/Miami/17001-NE-13th-Ave-33162/unit-205/home/43006711,Beaches MLS,RX-11111556,N,Y,25.932042,-80.1739206
MLS Listing,,Condo/Co-op,888 S Douglas Rd #1415,Coral Gables,FL,33134,525000,2,2.0,PUERTA DE PALMAS CONDO,1126,,2007,1,466,1500,Active,,,https://www.redfin.com/FL/Coral-Gables/888-S-Douglas-Rd-33134/unit-1415/home/43381757,MARMLS,A11849444,N,Y,25.7632573,-80.2557039
MLS Listing,,Condo/Co-op,501 NE 31st St #608,Miami,FL,33137,671900,2,2.0,PARAISO BAYVIEWS CONDO,1084,,2018,1,620,1513,Active,,,https://www.redfin.com/FL/Miami/501-NE-31st-St-33137/unit-608/home/79137689,MARMLS,A11849565,N,Y,25.8069678,-80.1872681
MLS Listing,,Single Family Residential,17360 SW 232nd St,Miami,FL,33170,140000,3,2.0,Redlands Mobile Home Park,,,2000,1,,745,Active,,,https://www.redfin.com/FL/Miami/17360-SW-232nd-St-33170/home/79142910,MARMLS,A11848621,N,Y,25.5484004,-80.4737402
MLS Listing,,Townhouse,13501 SW 62nd St #1,Miami,FL,33183,499000,3,3.0,Lambiance Townhomes Kenda,1637,,1988,1,305,338,Active,,,https://www.redfin.com/FL/Miami/13501-SW-62nd-St-33183/unit-1/home/193506689,Beaches MLS,F10517482,N,Y,25.7100923,-80.4120221
MLS Listing,,Single Family Residential,7900 SW 70th St,Miami,FL,33143,3999999,6,7.0,MILONGOS SUBDIVISION,4552,30361,2024,1,879,,Active,,,https://www.redfin.com/FL/South-Miami/7900-SW-70th-St-33143/home/171032348,MARMLS,A11849483,N,Y,25.7045317,-80.3221881
MLS Listing,,Single Family Residential,17131 NW Miami Ct,Miami,FL,33169,495000,3,2.0,Parkway Estates,1370,7500,1957,1,361,,Active,,,https://www.redfin.com/FL/Miami/17131-NW-Miami-Ct-33169/home/42985299,Beaches MLS,RX-11111548,N,Y,25.9323127,-80.2011368
MLS Listing,,Single Family Residential,15360 SW 55th Ter,Miami,FL,33185,680000,4,2.0,LAKES OF THE MEADOW SEC 4,1779,7500,1988,1,382,125,Active,,,https://www.redfin.com/FL/Miami/15360-SW-55th-Ter-33185/home/43119272,MARMLS,A11842811,N,Y,25.7139354,-80.4419161
MLS Listing,,Single Family Residential,1521 NW 51st St,Miami,FL,33142,325000,3,2.0,FAIRHAVEN GARDENS,1053,5500,1929,1,309,,Active,,,https://www.redfin.com/FL/Miami/1521-NW-51st-St-33142/home/43407420,MARMLS,A11841215,N,Y,25.8217641,-80.222742
MLS Listing,,Single Family Residential,1080 NE 86th,Miami Beach,FL,33138,1600000,2,2.5,DAVIS HARBOR RESUB PB 47-6,1496,9000,1951,1,1070,,Active,,,https://www.redfin.com/FL/Miami/1080-NE-86th-St-33138/home/42722683,MARMLS,A11844985,N,Y,25.8543489,-80.1749988
MLS Listing,,Single Family Residential,470 NE 113th St,Miami,FL,33161,975000,3,2.0,TUTTLES SUB @ Tresulee,2302,18162,1951,1,424,,Active,August-2-2025 01:00 PM,August-2-2025 04:00 PM,https://www.redfin.com/FL/Miami/470-NE-113th-St-33161/home/43018738,MARMLS,A11849018,N,Y,25.8789166,-80.1889917
MLS Listing,,Single Family Residential,16548 SW 43rd Ln,Miami,FL,33185,799990,5,3.0,INTERLAKEN,2565,5000,2013,1,312,55,Active,,,https://www.redfin.com/FL/Miami/16548-SW-43rd-Ln-33185/home/56741451,MARMLS,A11849374,N,Y,25.724325,-80.4623285
MLS Listing,,Single Family Residential,15404 SW 104th Ave,Miami,FL,33157,599900,4,2.0,FAIRWAY ESTS SEC FIVE,1196,7500,1972,1,502,,Active,,,https://www.redfin.com/FL/Miami/15404-SW-104th-Ave-33157/home/43171610,MARMLS,A11848225,N,Y,25.6258321,-80.3642773
MLS Listing,,Condo/Co-op,3900 Biscayne Blvd Unit N-805,Miami,FL,33137,625000,1,1.0,QUADRO CONDO,728,,2019,1,859,1096,Active,,,https://www.redfin.com/FL/Miami/3900-Biscayne-Blvd-33137/unit-N805/home/171961225,MARMLS,A11829757,N,Y,25.81385,-80.1895382
MLS Listing,,Condo/Co-op,3900 Biscayne Blvd Unit S-818,Miami,FL,33137,610000,1,1.0,QUADRO CONDO,744,,2019,1,820,1166,Active,,,https://www.redfin.com/FL/Miami/3900-Biscayne-Blvd-33137/unit-S818/home/171961181,MARMLS,A11829786,N,Y,25.81385,-80.1895382
MLS Listing,,Single Family Residential,5658 SW 1st St,Miami,FL,33134,689000,3,2.0,AMENDED PLAT OF FLAGLER T,1376,6900,1940,1,501,,Active,,,https://www.redfin.com/FL/Coral-Gables/5658-SW-1st-St-33134/home/42735351,MARMLS,A11849339,N,Y,25.7697294,-80.2874041
MLS Listing,,Townhouse,13659 SW 157th Ct #13659,Miami,FL,33196,580000,3,3.5,Century Gardens South,1948,,2023,1,298,137,Active,August-2-2025 12:00 PM,August-2-2025 03:00 PM,https://www.redfin.com/FL/Miami/13659-SW-157th-Ct-33196/home/185397505,Beaches MLS,F10517571,N,Y,25.638877,-80.447918
MLS Listing,,Single Family Residential,15020 NE 7th Ave,Miami,FL,33161,789000,4,3.0,RYMER SUB,2063,9200,1956,1,382,,Active,August-3-2025 02:00 PM,August-3-2025 04:00 PM,https://www.redfin.com/FL/Miami/15020-NE-7th-Ave-33161/home/43012925,MARMLS,A11849418,N,Y,25.9135326,-80.1853488
MLS Listing,,Condo/Co-op,9440 W Flagler St #203,Miami,FL,33174,285000,2,2.0,VERSIALLES GARDENS II CON,1086,,1976,1,262,399,Active,,,https://www.redfin.com/FL/Miami/9440-W-Flagler-St-33174/unit-203/home/43051168,MARMLS,A11848537,N,Y,25.7676282,-80.3503068
MLS Listing,,Condo/Co-op,601 NE 36th St #710,Miami,FL,33137,610000,2,2.5,BLUE CONDO,1174,,2005,1,520,1347,Active,,,https://www.redfin.com/FL/Miami/601-NE-36th-St-33137/unit-710/home/43335333,MARMLS,A11848837,N,Y,25.811289,-80.1864315
MLS Listing,,Condo/Co-op,2451 Brickell Ave Unit 5E,Miami,FL,33129,1477000,3,3.0,BRICKELL TOWNHOUSE CONDO,2189,,1963,1,675,2247,Pre On-Market,,,https://www.redfin.com/FL/Miami/2451-Brickell-Ave-33129/unit-5E/home/42762319,MARMLS,A11849188,N,Y,25.7500121,-80.2007274
MLS Listing,,Townhouse,23056 SW 129th Ct,Miami,FL,33170,500000,3,2.5,KENDALL ASSEMBLAGE NORTH,1442,,2024,1,347,180,Active,,,https://www.redfin.com/FL/Miami/23056-SW-129th-Ct-33170/home/183146601,MARMLS,A11848721,N,Y,25.552667,-80.401428
MLS Listing,,Condo/Co-op,1451 Brickell Ave #1404,Miami,FL,33131,775000,1,1.5,ECHO BRICKELL CONDO,748,,2017,1,1036,1776,Active,,,https://www.redfin.com/FL/Miami/1451-Brickell-Ave-33131/unit-1404/home/56742942,MARMLS,A11848874,N,Y,25.758106,-80.1924314
MLS Listing,,Single Family Residential,3648 Loquat Ave,Coconut Grove,FL,33133,3300000,4,4.5,COCO GVE PK 2 AMD,2934,5250,2019,1,1125,,Active,,,https://www.redfin.com/FL/Miami/3648-Loquat-Ave-33133/home/42757173,MARMLS,A11848174,N,Y,25.723412,-80.2519985
MLS Listing,,Condo/Co-op,4250 Biscayne Blvd #1101,Miami,FL,33137,689000,2,2.0,Baltus House,1062,,2015,1,649,1901,Active,,,https://www.redfin.com/FL/Miami/4250-Biscayne-Blvd-33137/unit-1101/home/110129558,Beaches MLS,F10513484,N,Y,25.8156542,-80.1891609
MLS Listing,,Condo/Co-op,540 Brickell Key Dr #730,Miami,FL,33131,249000,0,1.0,BRICKELL KEY II CONDO,370,,1991,1,673,611,Active,,,https://www.redfin.com/FL/Miami/540-Brickell-Key-Dr-33131/unit-730/home/42759645,MARMLS,A11845948,N,Y,25.7676069,-80.1841173
MLS Listing,,Condo/Co-op,350 S Miami Ave #2509,Miami,FL,33130,379000,1,1.0,WIND CONDO,740,,2008,1,512,848,Active,,,https://www.redfin.com/FL/Miami/350-S-Miami-Ave-33130/unit-2509/home/43394588,MARMLS,A11848376,N,Y,25.7704567,-80.1942331
MLS Listing,,Single Family Residential,168 NW 39th St,Miami,FL,33127,1000000,2,2.0,PRINCESS PARK,1253,5500,1950,1,798,,Active,,,https://www.redfin.com/FL/Miami/168-NW-39th-St-33127/home/42692194,MARMLS,A11849387,N,Y,25.8123589,-80.1988921
MLS Listing,,Condo/Co-op,1000 Quayside Ter #1606,Miami,FL,33138,500000,2,2.0,TOWERS OF QUAYSIDE CONDO,1520,,1981,1,329,1624,Active,,,https://www.redfin.com/FL/Miami/1000-Quayside-Ter-33138/unit-1606/home/43018874,MARMLS,A11849382,N,Y,25.87377,-80.168353
MLS Listing,,Single Family Residential,3101 SW 103rd Ct,Miami,FL,33165,699000,3,1.5,LEE MANOR 3RD ADDN,1713,7800,1956,1,408,,Active,,,https://www.redfin.com/FL/Miami/3101-SW-103rd-Ct-33165/home/43074584,MARMLS,A11848974,N,Y,25.7406429,-80.3621458
MLS Listing,,Single Family Residential,221 NW 75th St,Miami,FL,33150,425000,3,1.0,CROSEL HEIGHTS,1160,3938,1939,1,366,,Active,,,https://www.redfin.com/FL/Miami/221-NW-75th-St-33150/home/42681852,MARMLS,A11849373,N,Y,25.8437903,-80.2014294
MLS Listing,,Single Family Residential,12201 SW 191st Ter,Miami,FL,33177,569000,3,2.0,SOUTH MIAMI HEIGHTS ADDN,1476,8123,1958,1,386,,Active,,,https://www.redfin.com/FL/Miami/12201-SW-191st-Ter-33177/home/43221350,MARMLS,A11849372,N,Y,25.5888328,-80.3892422
MLS Listing,,Single Family Residential,9755 SW 161st St,Miami,FL,33157,850000,4,2.0,PALMETTO COUNTRY CLUB EST,1974,12108,1960,2,431,,Active,August-2-2025 11:00 AM,August-2-2025 12:30 PM,https://www.redfin.com/FL/Miami/9755-SW-161st-St-33157/home/43168777,MARMLS,A11847156,N,Y,25.6203656,-80.3506777
MLS Listing,,Condo/Co-op,10451 SW 157th Pl #305,Miami,FL,33196,309990,2,2.0,ROYAL PALM PLACE,1084,,1990,2,286,562,Active,,,https://www.redfin.com/FL/Miami/10451-SW-157th-Pl-33196/unit-305/home/43314393,MARMLS,A11849348,N,Y,25.6683263,-80.4510966
MLS Listing,,Single Family Residential,14701 SW 159th Ct,Miami,FL,33196,769000,7,3.5,CORSICA PLACE,2962,6000,1999,2,260,,Active,,,https://www.redfin.com/FL/Miami/14701-SW-159th-Ct-33196/home/43200004,MARMLS,A11849352,N,Y,25.6297596,-80.4516653
MLS Listing,,Townhouse,12316 SW 92nd Ter,Miami,FL,33186,574900,3,3.0,KENLAND COURT,1780,,1982,2,323,150,Active,,,https://www.redfin.com/FL/Miami/12316-SW-92nd-Ter-33186/home/43179519,MARMLS,A11849251,N,Y,25.6815065,-80.3953461
MLS Listing,,Townhouse,12871 SW 134th Ter,Miami,FL,33186,510000,3,2.5,COURTS AT TUSCANY,1670,,2005,2,305,139,Active,,,https://www.redfin.com/FL/Miami/12871-SW-134th-Ter-33186/home/43448641,MARMLS,A11849266,N,Y,25.6428141,-80.402261
MLS Listing,,Single Family Residential,250 NW 61st Ave,Miami,FL,33126,614600,3,2.0,WEST FLAGLER PK SEC B,1172,4636,1960,2,524,,Active,,,https://www.redfin.com/FL/Miami/250-NW-61st-Ave-33126/home/42726048,MARMLS,A11849333,N,Y,25.7734112,-80.2956072
MLS Listing,,Single Family Residential,16884 SW 142nd Ct,Miami,FL,33177,600000,3,2.0,MARALEX HOMES,1539,4986,1997,2,390,,Active,,,https://www.redfin.com/FL/Miami/16884-SW-142nd-Ct-33177/home/43210478,MARMLS,A11848476,N,Y,25.6101178,-80.4238502
MLS Listing,,Condo/Co-op,13700 SW 62nd St #213,Miami,FL,33183,315000,3,2.0,KENDALL HEIGHTS CONDO,1262,,1973,2,250,606,Active,,,https://www.redfin.com/FL/Miami/13700-SW-62nd-St-33183/unit-213/home/43132357,MARMLS,A11849317,N,Y,25.7083082,-80.4155393
MLS Listing,,Single Family Residential,"8500 SW 109th Ave, Unit #6-105",Miami,FL,33173,309990,3,2.0,COURTYARDS AT KENDALL CON,1442,,1969,2,215,937,Active,,,https://www.redfin.com/FL/Miami/8500-SW-109th-Ave-33173/home/190307191,MARMLS,A11846475,N,Y,25.6896373,-80.3711772
MLS Listing,,Townhouse,,Miami,FL,33185,612500,3,2.5,,1464,,2009,2,418,62,Active,,,https://www.redfin.com/FL/Miami/Undisclosed-address-33185/home/43367535,MARMLS,A11849309,N,Y,25.7461103,-80.4335597
MLS Listing,,Condo/Co-op,851 NE 1st Ave #505,Miami,FL,33132,475000,0,1.0,PARAMOUNT MIAMI WORLDCENT,666,,2019,2,713,908,Active,,,https://www.redfin.com/FL/Miami/851-NE-1st-Ave-33132/unit-505/home/171960150,MARMLS,A11849100,N,Y,25.7824532,-80.1918359
MLS Listing,,Single Family Residential,,Miami,FL,33167,489900,3,1.0,,950,7450,1956,2,516,,Active,,,https://www.redfin.com/FL/Miami/Undisclosed-address-33167/home/43003674,MARMLS,A11848525,N,Y,25.8766768,-80.2246743
MLS Listing,,Single Family Residential,21130 NE 26th Ave,Miami,FL,33180,715000,3,2.0,SUNSWEPT ISLE,1425,7500,1959,2,502,,Active,,,https://www.redfin.com/FL/Miami/21130-NE-26th-Ave-33180/home/42956493,MARMLS,A11849250,N,Y,25.971331,-80.1502618
MLS Listing,,Condo/Co-op,900 NE 195th St #620,Miami,FL,33179,320000,3,2.0,CHANTILLY CONDO,1680,,1981,2,190,910,Active,,,https://www.redfin.com/FL/Miami/900-NE-195th-St-33179/unit-620/home/43016451,MARMLS,A11847754,N,Y,25.9540859,-80.1826114
MLS Listing,,Condo/Co-op,8800 SW 123rd Ct Unit J210,Miami,FL,33186,220000,2,2.0,KENLAND BEND NORTH CONDO,1200,,1981,2,183,502,Active,,,https://www.redfin.com/FL/Miami/8800-SW-123rd-Ct-33186/unit-J210/home/43177213,MARMLS,A11849229,N,Y,25.6846238,-80.3966238
MLS Listing,,Multi-Family (2-4 Unit),1277 NW 58th St,Miami,FL,33142,960000,8,4.0,ORCHARD VILLA EXTENSION,3024,,1958,2,317,,Active,,,https://www.redfin.com/FL/Miami/1277-NW-58th-St-33142/home/42682014,MARMLS,A11845501,N,Y,25.8285119,-80.218117
MLS Listing,,Condo/Co-op,10581 SW 155th Ct #1224,Miami,FL,33196,299000,2,2.0,BISCAYNE BEACH CLUB CONDO,979,,1989,2,305,450,Active,,,https://www.redfin.com/FL/Miami/10581-SW-155th-Ct-33196/unit-1224/home/43382017,MARMLS,A11849216,N,Y,25.6690294,-80.4479237
MLS Listing,,Multi-Family (2-4 Unit),1574 NW 58th St,Miami,FL,33142,610000,7,4.0,FLORAL PK 1ST AMD,1440,,1959,2,424,,Active,,,https://www.redfin.com/FL/Miami/1574-NW-58th-St-33142/home/42681451,MARMLS,A11849198,N,Y,25.8279127,-80.2236533
MLS Listing,,Multi-Family (2-4 Unit),128 NW 53rd St,Miami,FL,33127,899000,3,1.0,RAILWAY SHOPS ADDN 2ND AM,2589,,1930,2,347,,Active,,,https://www.redfin.com/FL/Miami/128-NW-53rd-St-33127/home/42690027,MARMLS,A11849204,N,Y,25.8240221,-80.1985458
MLS Listing,,Single Family Residential,6020 SW 46th St,Miami,FL,33155,1350000,3,2.0,RIVIERA ESTATES 2ND ADDN,1400,10450,1948,2,964,,Active,August-3-2025 02:00 AM,August-3-2025 04:00 AM,https://www.redfin.com/FL/Miami/6020-SW-46th-St-33155/home/43085861,MARMLS,A11848282,N,Y,25.7280461,-80.2926468
MLS Listing,,Condo/Co-op,2415 NW 16th St Rd Unit 303-1,Miami,FL,33125,297000,2,2.0,RIVER RUN SOUTH CONDO,865,,2006,2,343,550,Active,,,https://www.redfin.com/FL/Miami/2415-NW-16th-Street-Rd-33125/unit-303-1/home/196183000,MARMLS,A11849052,N,Y,25.7898916,-80.2364467
MLS Listing,,Multi-Family (2-4 Unit),801 NW 109th St,Miami,FL,33168,645000,6,3.0,PINEWOOD PARK EXTENSION,1568,,1951,2,411,,Active,,,https://www.redfin.com/FL/Miami/801-NW-109th-St-33168/home/43003053,MARMLS,A11848859,N,Y,25.8748597,-80.2123739
MLS Listing,,Single Family Residential,11220 SW 95th St,Miami,FL,33176,4799000,4,5.0,0,5943,38463,2025,2,808,,Active,August-2-2025 11:00 AM,August-2-2025 01:00 PM,https://www.redfin.com/FL/Miami/11220-SW-95th-St-33176/home/43150951,MARMLS,A11849070,N,Y,25.6799712,-80.3768099
MLS Listing,,Condo/Co-op,999 SW 1st Ave #2801,Miami,FL,33130,455000,1,1.0,NINE AT MARY BRICKELL VIL,760,,2015,2,599,809,Active,,,https://www.redfin.com/FL/Miami/999-SW-1st-Ave-33130/unit-2801/home/108598114,MARMLS,A11849140,N,Y,25.7646567,-80.19497
MLS Listing,,Condo/Co-op,9301 SW 92nd Ave Unit A210,Miami,FL,33176,255000,1,1.0,WISPERWOOD VILLAGE CONDO,670,,1977,2,381,510,Active,,,https://www.redfin.com/FL/Miami/9301-SW-92nd-Ave-33176/unit-A210/home/43300812,MARMLS,A11849134,N,Y,25.6832529,-80.3427164
MLS Listing,,Condo/Co-op,1631 NE 114th St #112,Miami,FL,33181,329900,2,2.0,LIDO BAY,1140,,1963,2,289,1045,Active,,,https://www.redfin.com/FL/Miami/1631-NE-114th-St-33181/unit-112/home/43020769,MARMLS,A11849038,N,Y,25.8813986,-80.1653493
MLS Listing,,Condo/Co-op,13000 SW 92nd Ave Unit B114,Miami,FL,33176,238000,1,1.0,BRIARWINDS CONDO PH II,620,,1981,2,384,528,Active,,,https://www.redfin.com/FL/Miami/13000-SW-92nd-Ave-33176/unit-B114/home/43154836,MARMLS,A11844063,N,Y,25.6488875,-80.3436647
MLS Listing,,Condo/Co-op,3470 E Coast Ave Ph 207,Miami,FL,33137,3050000,3,3.0,TWO MIDTOWN MIAMI CONDO,2928,,2007,2,1042,4000,Active,,,https://www.redfin.com/FL/Miami/3470-E-Coast-Ave-33137/unit-207/home/43474752,MARMLS,A11849063,N,Y,25.8093887,-80.1919957
MLS Listing,,Condo/Co-op,8415 SW 107th Ave Unit 219W,Miami,FL,33173,295000,2,2.0,KENDALL ACRES WEST CONDO,985,,1983,2,299,504,Active,,,https://www.redfin.com/FL/Miami/8415-SW-107th-Ave-33173/unit-219W/home/43426506,MARMLS,A11848862,N,Y,25.6893957,-80.3641396
MLS Listing,,Condo/Co-op,1000 Brickell Plz #1906,Miami,FL,33131,799000,1,1.5,BRICKELL FLATIRON CONDO,823,,2019,2,971,1254,Active,,,https://www.redfin.com/FL/Miami/1000-Brickell-Plz-33131/unit-1906/home/79135887,MARMLS,A11849080,N,Y,25.7642643,-80.192725
MLS Listing,,Condo/Co-op,1700 NW N River Dr #704,Miami,FL,33125,390000,2,2.0,RIVER RUN CONDO PH I,1020,,1982,2,382,823,Active,,,https://www.redfin.com/FL/Miami/1700-NW-North-River-Dr-33125/unit-704/home/43424960,MARMLS,A11848930,N,Y,25.7872203,-80.2237983
MLS Listing,,Condo/Co-op,520 Brickell Key Dr Unit A619,Miami,FL,33131,636000,2,2.0,BRICKELL KEY ONE CONDO,1223,,1982,2,520,1603,Active,,,https://www.redfin.com/FL/Miami/520-Brickell-Key-Dr-33131/unit-A619/home/42771114,MARMLS,A11847257,N,Y,25.7672742,-80.1849455
MLS Listing,,Single Family Residential,19027 NE 18th Ave,Miami,FL,33179,1475000,4,3.0,GREYKNOLL ESTATES,2589,15000,1959,2,570,,Active,,,https://www.redfin.com/FL/Miami/19027-NE-18th-Ave-33179/home/42997842,MARMLS,A11848935,N,Y,25.951343,-80.165043
MLS Listing,,Single Family Residential,3753 Washington Ave,Miami,FL,33133,1300000,3,2.0,ST ALBANS PARK,1681,3500,1960,2,773,,Active,,,https://www.redfin.com/FL/Miami/3753-Washington-Ave-33133/home/42754369,MARMLS,A11849026,N,Y,25.7273109,-80.2543696
MLS Listing,,Single Family Residential,3175 Washington St,Miami,FL,33133,4200000,3,2.5,RHODES AMD NEW BISC,2469,6116,2016,2,1701,,Active,,,https://www.redfin.com/FL/Miami/3175-Washington-St-33133/home/144628112,MARMLS,A11848984,N,Y,25.7348972,-80.2341308
MLS Listing,,Condo/Co-op,1155 Brickell Bay Dr #906,Miami,FL,33131,489000,1,1.0,THE MARK ON BRICKELL COND,750,,2001,2,652,1160,Active,,,https://www.redfin.com/FL/Miami/1155-Brickell-Bay-Dr-33131/unit-906/home/43435778,MARMLS,A11848989,N,Y,25.762161,-80.189107
MLS Listing,,Single Family Residential,57 NW 68th St,Miami,FL,33150,670000,2,1.0,Edison Heights Sec D,1968,5832,1948,2,340,,Active,,,https://www.redfin.com/FL/Miami/57-NW-68th-St-33150/home/42682828,Beaches MLS,F10517611,N,Y,25.8372719,-80.1982411
MLS Listing,,Single Family Residential,1669 NW 70 St,Miami,FL,33147,350000,3,2.0,NORTH LIBERTY CITY,672,2700,1945,2,521,,Active,,,https://www.redfin.com/FL/Miami/1669-NW-70th-St-33147/home/42685099,MARMLS,A11848104,N,Y,25.8386751,-80.224572
MLS Listing,,Condo/Co-op,92 SW 3rd St #3608,Miami,FL,33130,439000,1,1.5,MINT CONDO,754,,2010,2,582,900,Active,,,https://www.redfin.com/FL/Miami/92-SW-3rd-St-33130/unit-3608/home/43446302,MARMLS,A11849004,N,Y,25.7695957,-80.1951631
MLS Listing,,Single Family Residential,1955 NW 53rd St,Miami,FL,33142,470000,3,2.0,FLORAL PK,1106,5500,1941,2,425,,Active,,,https://www.redfin.com/FL/Miami/1955-NW-53rd-St-33142/home/43037358,MARMLS,A11841614,N,Y,25.8237743,-80.2299856
MLS Listing,,Condo/Co-op,8820 SW 132nd Pl Unit 302d-S,Miami,FL,33186,350000,2,2.0,Calusa Club Vilg Bldg D SO Condo,939,,1984,2,373,476,Pre On-Market,,,https://www.redfin.com/FL/Miami/8820-SW-132nd-Pl-33186/unit-302d-S/home/190500739,Beaches MLS,RX-11111269,N,Y,25.6848967,-80.4082653
MLS Listing,,Condo/Co-op,22427 SW 125th Ave,Miami,FL,33170,629990,5,4.0,CHLOE'S ESTATES,,,2025,2,,,Active,August-1-2025 11:00 AM,August-1-2025 02:00 PM,https://www.redfin.com/FL/Goulds/22427-SW-125th-Ave-33170/home/196684300,MARMLS,A11848952,N,Y,25.5585326,-80.3944484
MLS Listing,,Single Family Residential,16402 SW 111th Ave,Miami,FL,33157,635000,3,2.0,PINE LAKE SEC 1,1709,7579,1979,2,372,,Active,,,https://www.redfin.com/FL/Miami/16402-SW-111th-Ave-33157/home/43169963,MARMLS,A11848909,N,Y,25.6162397,-80.3736155
MLS Listing,,Condo/Co-op,9001 SW 77th Ave Unit C810,Miami,FL,33156,269999,2,2.0,DADELAND PLACE CONDO,1141,,1971,2,237,743,Active,,,https://www.redfin.com/FL/Miami/9001-SW-77th-Ave-33156/unit-C810/home/43469963,MARMLS,A11848872,N,Y,25.6862779,-80.3182928
MLS Listing,,Single Family Residential,11761 SW 226th Ter,Miami,FL,33170,939000,5,4.5,GOULDS ESTATES SEC 1,3200,11200,2012,2,293,,Active,,,https://www.redfin.com/FL/Miami/11761-SW-226th-Ter-33170/home/45425655,MARMLS,A11848861,N,Y,25.5568523,-80.3815332
MLS Listing,,Condo/Co-op,280 SW 20th Rd #902,Miami,FL,33129,549500,2,2.0,MARQUIS I OF CORAL WAY CO,1358,,2005,2,405,808,Active,,,https://www.redfin.com/FL/Miami/280-SW-20th-Rd-33129/unit-902/home/43315130,MARMLS,A11848474,N,Y,25.7584296,-80.203154
MLS Listing,,Condo/Co-op,15600 NW 7th Ave #511,Miami,FL,33169,169000,1,1.0,PARKWAY TOWERS BLDG 1 CON,840,,1972,2,201,398,Active,,,https://www.redfin.com/FL/Miami/15600-NW-7th-Ave-33169/unit-511/home/43466130,MARMLS,A11848841,N,Y,25.9179247,-80.2126746
MLS Listing,,Condo/Co-op,9001 SW 77th Ave Unit C304,Miami,FL,33156,234999,1,1.0,DADELAND PLACE CONDO,699,,1971,2,336,743,Active,,,https://www.redfin.com/FL/Miami/9001-SW-77th-Ave-33156/unit-C304/home/43470987,MARMLS,A11848840,N,Y,25.6862779,-80.3182928
MLS Listing,,Single Family Residential,1933 NW 85th St,Miami,FL,33147,499900,3,2.0,EVERGLADES AVE HEIGHTS AD,1200,4350,2017,2,417,,Active,,,https://www.redfin.com/FL/Miami/1933-NW-85th-St-33147/home/145582879,MARMLS,A11848831,N,Y,25.8521113,-80.2304975
MLS Listing,,Single Family Residential,2160 NW 45th St,Miami,FL,33142,525000,3,2.0,GREENACRES,1184,5550,1972,2,443,,Active,August-3-2025 12:00 PM,August-3-2025 02:00 PM,https://www.redfin.com/FL/Miami/2160-NW-45th-St-33142/home/43041582,MARMLS,A11848503,N,Y,25.8158582,-80.2317109
MLS Listing,,Condo/Co-op,15600 NW 7th Ave #301,Miami,FL,33169,148000,1,1.0,PARKWAY TOWERS BLDG 1 CON,840,,1972,2,176,382,Active,,,https://www.redfin.com/FL/Miami/15600-NW-7th-Ave-33169/unit-301/home/42994279,MARMLS,A11848722,N,Y,25.9179247,-80.2126746
MLS Listing,,Multi-Family (2-4 Unit),7200 SW 22nd St,Miami,FL,33155,1100000,,,CORAL TERR SEC NO 2,2150,,1966,2,512,,Active,,,https://www.redfin.com/FL/Miami/7200-SW-22nd-St-33155/home/43065345,MARMLS,A11848821,N,Y,25.7501825,-80.311953
MLS Listing,,Townhouse,14355 SW 97th Ln,Miami,FL,33186,464900,3,2.5,KENDALL CENTER,1592,,1987,2,292,165,Active,,,https://www.redfin.com/FL/Miami/14355-SW-97th-Ln-33186/home/43175357,MARMLS,A11848557,N,Y,25.6768965,-80.4245192
MLS Listing,,Single Family Residential,1051 NE 86th St,Miami,FL,33138,3000000,2,3.0,DAVIS HARBOR,2043,11104,1951,2,1468,,Active,,,https://www.redfin.com/FL/Miami/1051-NE-86th-St-33138/home/42723680,MARMLS,A11848715,N,Y,25.8547143,-80.1754311
MLS Listing,,Condo/Co-op,14014 SW 91st Ter #14014,Miami,FL,33186,339000,2,2.0,PARC VISTA CONDO,1312,,1987,2,258,621,Active,,,https://www.redfin.com/FL/Miami/14014-SW-91st-Ter-33186/unit-14014/home/43449095,MARMLS,A11848650,N,Y,25.681053,-80.419631
MLS Listing,,Single Family Residential,14152 SW 154th Ct,Miami,FL,33196,727000,4,2.5,OAK CREEK NORTH,2515,5050,1999,2,289,90,Active,,,https://www.redfin.com/FL/Miami/14152-SW-154th-Ct-33196/home/43191600,MARMLS,A11848679,N,Y,25.6346072,-80.4438867
MLS Listing,,Single Family Residential,,Miami,FL,33145,1299000,3,2.0,,1541,12250,1928,2,843,,Active,,,https://www.redfin.com/FL/Miami/Undisclosed-address-33145/home/42744275,MARMLS,A11848770,N,Y,25.7469201,-80.2473886
MLS Listing,,Condo/Co-op,2475 Brickell Ave #2203,Miami,FL,33129,495000,1,1.0,THE METROPOLITAN CONDO,850,,2001,2,582,1112,Active,,,https://www.redfin.com/FL/Miami/2475-Brickell-Ave-33129/unit-2203/home/43265126,MARMLS,A11848541,N,Y,25.7503907,-80.2020537
MLS Listing,,Condo/Co-op,9143 SW 77th Ave Unit B803,Miami,FL,33156,299999,3,2.0,DADELAND PLACE CONDO,1230,,1971,2,244,743,Active,,,https://www.redfin.com/FL/Miami/9143-SW-77th-Ave-33156/unit-B803/home/43475034,MARMLS,A11848795,N,Y,25.6858223,-80.3179691
MLS Listing,,Single Family Residential,,Miami,FL,33167,625900,3,2.5,,1840,3200,2023,2,340,167,Active,,,https://www.redfin.com/FL/Miami/Undisclosed-address-33167/home/180611258,MARMLS,A11848782,N,Y,25.8927228,-80.2376866
MLS Listing,,Single Family Residential,13564 SW 108th St Cir N,Miami,FL,33186,559000,2,2.0,"CROSSINGS SEC 4, THE",1173,4490,1980,2,477,260,Active,,,https://www.redfin.com/FL/Miami/13564-SW-108th-Street-Cir-N-33186/home/43184873,MARMLS,A11848168,N,Y,25.66816,-80.414423
MLS Listing,,Single Family Residential,12431 SW 195th Ter,Miami,FL,33177,765000,3,2.0,Duke Estates,,,1983,2,,,Active,,,https://www.redfin.com/FL/Miami/12431-SW-195th-Ter-33177/home/43221250,MARMLS,A11847356,N,Y,25.5851757,-80.3943959
MLS Listing,,Vacant Land,11711 SW 228th St,Goulds,FL,33170,299000,,,GOULDS ESTATES SEC 1,,10000,,2,,,Active,,,https://www.redfin.com/FL/Goulds/11711-SW-228th-St-33170/home/196682555,MARMLS,A11847876,N,Y,25.5554782,-80.3805506
MLS Listing,,Single Family Residential,5636 NW 4th Ave,Miami,FL,33127,565000,3,2.0,BUENA VISTA GARDENS,984,6250,1940,2,574,,Active,August-2-2025 01:00 PM,August-2-2025 03:00 PM,https://www.redfin.com/FL/Miami/5636-NW-4th-Ave-33127/home/42687876,MARMLS,A11848756,N,Y,25.8275366,-80.203263
MLS Listing,,Townhouse,11308 SW 114th Cir Ter,Miami,FL,33176,470000,2,2.0,KILLIAN PINES TOWNHOUSES,1080,,1977,2,435,69,Active,,,https://www.redfin.com/FL/Miami/11308-SW-114th-Circle-Ter-33176/home/196682445,MARMLS,A11848693,N,Y,25.6625757,-80.3784569
MLS Listing,,Condo/Co-op,540 Brickell Key Dr #1524,Miami,FL,33131,415000,1,1.5,BRICKELL KEY II CONDO,640,,1991,2,648,821,Active,,,https://www.redfin.com/FL/Miami/540-Brickell-Key-Dr-33131/unit-1524/home/42771658,MARMLS,A11848097,N,Y,25.7681849,-80.1840249
MLS Listing,,Single Family Residential,10471 SW 141st Dr,Miami,FL,33176,550000,3,1.0,7TH ADDN TO RICHMOND HEIG,2418,7500,1972,2,227,,Active,,,https://www.redfin.com/FL/Miami/10471-SW-141st-Dr-33176/home/43155609,MARMLS,A11845887,N,Y,25.6363413,-80.3637677
MLS Listing,,Condo/Co-op,999 SW 1st Ave #2717,Miami,FL,33130,975000,3,2.0,NINE AT MARY BRICKELL VIL,1438,,2015,3,678,1641,Active,,,https://www.redfin.com/FL/Miami/999-SW-1st-Ave-33130/unit-2717/home/110131004,MARMLS,A11848657,N,Y,25.7646567,-80.19497
MLS Listing,,Multi-Family (2-4 Unit),1858 SW 5th St,Miami,FL,33135,625000,4,4.0,HELMS FIRST ADDN,1026,,1938,3,609,,Active,,,https://www.redfin.com/FL/Miami/1858-SW-5th-St-33135/home/42738585,MARMLS,A11848656,N,Y,25.768076,-80.2257485
MLS Listing,,Single Family Residential,10445 SW 226th St,Cutler Bay,FL,33190,769900,5,3.0,ENCLAVE AT BLACK POINT MA,3256,5000,2013,3,236,67,Active,,,https://www.redfin.com/FL/Cutler-Bay/10445-SW-226th-St-33190/home/43363133,MARMLS,A11837988,N,Y,25.5575535,-80.3615458
MLS Listing,,Vacant Land,14287 SW 192nd Ave,Unincorporated Dade,FL,33196,1490000,,,23 55 38 10 AC S1/2,,435600,,3,,,Active,,,https://www.redfin.com/FL/Miami/14287-SW-192nd-Ave-33196/home/147280695,MARMLS,A11829337,N,Y,25.6312123,-80.5032725
MLS Listing,,Single Family Residential,8424 SW 102nd Pl,Miami,FL,33173,799000,4,2.0,Heftler Homes Sunset Park,1933,13500,1969,3,413,,Active,,,https://www.redfin.com/FL/Miami/8424-SW-102nd-Pl-33173/home/43094163,Beaches MLS,F10515843,N,Y,25.6903541,-80.3592964
MLS Listing,,Multi-Family (2-4 Unit),5130 NW 5th Ave,Miami,FL,33127,2000000,6,5.0,RAILWAY SHOPS ADDN 2ND AM,2700,,2023,3,741,,Active,,,https://www.redfin.com/FL/Miami/5130-NW-5th-Ave-33127/home/42692794,MARMLS,A11848580,N,Y,25.8228046,-80.2043089
MLS Listing,,Multi-Family (2-4 Unit),5140 NW 5th Ave,Miami,FL,33127,2000000,6,5.0,RAILWAY SHOPS ADDN 2ND AM,2700,,2023,3,741,,Active,,,https://www.redfin.com/FL/Miami/5140-NW-5th-Ave-33127/home/193777696,MARMLS,A11848576,N,Y,25.8229483,-80.2043154
MLS Listing,,Vacant Land,2801 NW 102nd St,Miami,FL,33165,4950000,,,THE TROPICS AMD,,41873,,3,,,Active,,,https://www.redfin.com/FL/Miami/2801-NW-102nd-St-33147/home/45431371,MARMLS,A11848567,N,Y,25.8678366,-80.2441388
MLS Listing,,Condo/Co-op,10611 SW 113th Pl Unit 93-C,Miami,FL,33176,414900,2,1.5,GREENGLADES CONDO NO 17,1100,,1977,3,377,680,Active,August-2-2025 12:30 PM,August-2-2025 02:30 PM,https://www.redfin.com/FL/Miami/10611-SW-113th-Pl-33176/unit-93C/home/43155245,MARMLS,A11847973,N,Y,25.6694252,-80.3776562
MLS Listing,,Condo/Co-op,88 SW 7th St #2603,Miami,FL,33130,1130800,2,2.0,RISE CONDO,1281,,2016,3,883,2101,Active,,,https://www.redfin.com/FL/Miami/88-SW-7th-St-33130/unit-2603/home/110141863,MARMLS,A11845436,N,Y,25.7668601,-80.1942845
MLS Listing,,Condo/Co-op,200 Biscayne Boulevard Way #4801,Miami,FL,33131,2450000,2,2.5,EPIC WEST CONDO,2457,,2008,3,997,3483,Active,,,https://www.redfin.com/FL/Miami/200-Biscayne-Boulevard-Way-33131/unit-4801/home/43412284,MARMLS,A11847984,N,Y,25.7704305,-80.1891629
MLS Listing,,Townhouse,12625 NW 23rd Pl,Miami,FL,33167,585000,3,2.5,GOLF PARK SEC 1,1331,,2023,3,440,280,Active,,,https://www.redfin.com/FL/Miami/12625-NW-23rd-Pl-33167/home/184307219,MARMLS,A11848528,N,Y,25.8900205,-80.2383856
MLS Listing,,Condo/Co-op,4550 NW 9th St Unit 709E,Miami,FL,33126,205000,1,1.0,YOLANDA VILLAS CONDO,605,,1972,3,339,442,Active,,,https://www.redfin.com/FL/Miami/4550-NW-9th-St-33126/unit-709E/home/190088870,MARMLS,A11848553,N,Y,25.779874,-80.2705875
MLS Listing,,Single Family Residential,2217 Red Rd,Coral Gables,FL,33155,956000,4,3.0,CORAL GABLES SEC E,,5750,1925,3,,,Active,,,https://www.redfin.com/FL/Miami/2217-Red-Rd-33155/home/42799955,MARMLS,A11848518,N,Y,25.749605,-80.287068
MLS Listing,,Single Family Residential,13838 SW 41 Ter,Miami,FL,33175,900000,4,2.5,Bird Gardens Sub,2297,,1998,3,392,,Active,August-2-2025 12:00 PM,August-2-2025 03:00 PM,https://www.redfin.com/FL/Miami/13838-SW-41st-Ter-33175/home/43117711,Beaches MLS,RX-11110388,N,Y,25.7297621,-80.4190251
MLS Listing,,Condo/Co-op,480 NE 30th St Unit L106,Miami,FL,33137,495000,1,1.5,PLATINUM CONDO,890,,2007,3,556,930,Pre On-Market,,,https://www.redfin.com/FL/Miami/480-NE-30th-St-33137/unit-L106/home/43361218,MARMLS,A11848497,N,Y,25.8051933,-80.1869382
MLS Listing,,Condo/Co-op,1700 NW N River Dr #708,Miami,FL,33125,349000,2,2.0,RIVER RUN CONDO PH I,883,,1982,3,395,665,Active,,,https://www.redfin.com/FL/Miami/1700-NW-North-River-Dr-33125/unit-708/home/42713733,MARMLS,A11847870,N,Y,25.7872203,-80.2237983
MLS Listing,,Condo/Co-op,88 SW 7th St #2305,Miami,FL,33130,1126700,2,2.0,RISE CONDO,1200,,2016,3,939,1967,Active,,,https://www.redfin.com/FL/Miami/88-SW-7th-St-33130/unit-2305/home/110142006,MARMLS,A11845427,N,Y,25.7668601,-80.1942845
MLS Listing,,Single Family Residential,1445 NW 116th Ter,Miami,FL,33167,580000,3,3.0,GUNTON HEIGHTS,1412,6240,1955,3,411,,Active,,,https://www.redfin.com/FL/Miami/1445-NW-116th-Ter-33167/home/43006346,MARMLS,A11843817,N,Y,25.8812018,-80.2235182
MLS Listing,,Single Family Residential,13315 SW 61st St,Miami,FL,33183,670000,4,3.0,MILLER HOMES,1682,3440,1988,3,398,,Active,August-3-2025 12:00 PM,August-3-2025 04:00 PM,https://www.redfin.com/FL/Miami/13315-SW-61st-St-33183/home/43128671,MARMLS,A11848542,N,Y,25.7109893,-80.4094211
MLS Listing,,Single Family Residential,445 SW 62nd Ct,Miami,FL,33144,850000,5,3.0,FAIR LAWN TERRACE,1941,7980,1947,3,438,,Active,August-3-2025 02:00 PM,August-3-2025 04:00 PM,https://www.redfin.com/FL/Miami/445-SW-62nd-Ct-33144/home/42729692,MARMLS,A11848526,N,Y,25.7664724,-80.2967663
MLS Listing,,Single Family Residential,545 NW 45th St,Miami,FL,33127,979000,3,2.0,BAY VISTA PARK AMD PL,1470,5450,1932,3,666,,Active,,,https://www.redfin.com/FL/Miami/545-NW-45th-St-33127/home/42690413,MARMLS,A11848529,N,Y,25.8170108,-80.2046857
MLS Listing,,Single Family Residential,6525 SW 32nd St,Miami,FL,33155,854000,3,2.0,CORAL VILLAS REV,1756,7500,1954,3,486,,Active,,,https://www.redfin.com/FL/Miami/6525-SW-32nd-St-33155/home/43069954,MARMLS,A11848328,N,Y,25.7406131,-80.3020593
MLS Listing,,Townhouse,918 SW 7th Ave Unit 3-2,Miami,FL,33130,307000,2,1.5,LITTLE HAVANA TOWNHOMES S,814,,1985,3,377,500,Active,,,https://www.redfin.com/FL/Miami/918-SW-7th-Ave-33130/unit-3-2/home/42761082,MARMLS,A11848487,N,Y,25.7647993,-80.205942
MLS Listing,,Single Family Residential,11512 SW 6th St,Sweetwater,FL,33174,525000,3,2.0,UNIVERSITY COURTS SUB,1090,2106,1989,3,482,,Active,,,https://www.redfin.com/FL/Miami/11512-SW-6th-St-33174/home/42926713,MARMLS,A11847792,N,Y,25.7627746,-80.3830653
MLS Listing,,Vacant Land,7880 NE Bayshore Ct,Miami,FL,33138,1998000,,,HAYNSWORTH VILLAGE,,13838,,3,,,Active,,,https://www.redfin.com/FL/Miami/7880-N-Bayshore-Dr-33138/home/45070983,MARMLS,A11848496,N,Y,25.847528,-80.1734649
MLS Listing,,Single Family Residential,1930 SW 25th St,Miami,FL,33133,2590000,4,4.5,SILVER BLUFF EST-SEC B,2800,7150,2025,3,925,,Active,August-2-2025 12:00 PM,August-2-2025 02:00 PM,https://www.redfin.com/FL/Miami/1930-SW-25th-St-33133/home/42754771,MARMLS,A11845938,N,Y,25.7453916,-80.2265153
MLS Listing,,Multi-Family (2-4 Unit),97 NW 27th St,Miami,FL,33127,4250000,,100.0,DONMOORE VILLA AMD PL,5538,,1937,3,767,,Active,,,https://www.redfin.com/FL/Miami/97-NW-27th-St-33127/home/42697313,MARMLS,A11848465,N,Y,25.8023882,-80.1968877
MLS Listing,,Single Family Residential,20251 W Oak Haven Cir,Miami,FL,33179,2100000,5,6.0,OAK HAVEN SUB SEC 3,4685,3917,1985,3,448,1060,Active,,,https://www.redfin.com/FL/Miami/20251-W-Oak-Haven-Cir-33179/home/42953106,MARMLS,A11848329,N,Y,25.961796,-80.164359
MLS Listing,,Single Family Residential,20735 SW 120th Ct,Miami,FL,33177,595000,3,2.0,SOUTH RIDGE HEIGHTS 2ND S,1351,8251,1980,3,440,,Active,August-2-2025 12:00 PM,August-2-2025 02:00 PM,https://www.redfin.com/FL/Miami/20735-SW-120th-Ct-33177/home/43228039,MARMLS,A11848445,N,Y,25.5737379,-80.3863373
MLS Listing,,Multi-Family (2-4 Unit),266 NW 32nd St,Miami,FL,33127,1475000,2,1.0,266 NW 32nd St,1343,,1938,3,1098,,Active,,,https://www.redfin.com/FL/Miami/266-NW-32nd-St-33127/home/42689740,MARMLS,A11848447,N,Y,25.8063962,-80.2006652
MLS Listing,,Single Family Residential,20216 SW 129th Ave,Miami,FL,33177,750999,4,2.5,COUNTRYSIDE,2256,7806,2004,3,333,,Active,,,https://www.redfin.com/FL/Miami/20216-SW-129th-Ave-33177/home/43289499,MARMLS,A11848436,N,Y,25.5787728,-80.4012228
MLS Listing,,Condo/Co-op,60 SW 13th St #3401,Miami,FL,33130,785000,2,3.0,INFINITY AT BRICKELL COND,1288,,2008,3,609,1891,Active,,,https://www.redfin.com/FL/Miami/60-SW-13th-St-33130/unit-3401/home/43450088,MARMLS,A11848434,N,Y,25.7611184,-80.1944333
MLS Listing,,Single Family Residential,340 SW 25th Rd,Miami,FL,33129,1450000,4,4.0,BRICKELL HAMMOCK UNIT NO,2229,7452,1938,3,651,,Active,,,https://www.redfin.com/FL/Miami/340-SW-25th-Rd-33129/home/42761161,MARMLS,A11832374,N,Y,25.7566143,-80.208214
MLS Listing,,Single Family Residential,2710 SW 31st Ave,Miami,FL,33133,1490000,5,5.0,SOUTH BAY ESTATES,2900,8400,1978,3,514,,Active,,,https://www.redfin.com/FL/Miami/2710-SW-31st-Ave-33133/home/42753931,MARMLS,A11848383,N,Y,25.7415202,-80.2438284
MLS Listing,,Condo/Co-op,1451 Brickell Ave #2505,Miami,FL,33131,1550000,2,2.0,ECHO BRICKELL CONDO,1148,,2017,3,1350,2700,Active,,,https://www.redfin.com/FL/Miami/1451-Brickell-Ave-33131/unit-2505/home/56743019,MARMLS,A11848393,N,Y,25.758106,-80.1924314
MLS Listing,,Single Family Residential,1030 NE 202nd Ter,Miami,FL,33179,669999,2,2.0,SKY LAKE VILLAS FIRST ADD,1668,4867,1980,3,402,350,Active,,,https://www.redfin.com/FL/Miami/1030-NE-202nd-Ter-33179/home/42952335,MARMLS,A11848391,N,Y,25.960219,-80.1820794
MLS Listing,,Condo/Co-op,950 Brickell Bay Dr #803,Miami,FL,33131,415000,1,1.0,THE PLAZA 851 BRICKELL CO,692,,2008,3,600,799,Active,,,https://www.redfin.com/FL/Miami/950-Brickell-Bay-Dr-33131/unit-803/home/43399354,MARMLS,A11848312,N,Y,25.7648124,-80.1901646
MLS Listing,,Single Family Residential,8260 NW 10th St #7,Miami,FL,33126,395000,2,2.5,LES JARDINS CONDO,1250,,1996,3,316,259,Active,,,https://www.redfin.com/FL/Miami/8260-NW-10th-St-33126/unit-7/home/43460124,MARMLS,A11848380,N,Y,25.779947,-80.3298358
MLS Listing,,Condo/Co-op,8459 NW 4th Ct #8459,Miami,FL,33150,150000,2,1.0,SUNSET PALM VILLAS CONDO,930,,1958,3,161,242,Active,,,https://www.redfin.com/FL/Miami/8459-NW-4th-Ct-33150/unit-8459/home/43261191,MARMLS,A11848345,N,Y,25.8520767,-80.2033639
MLS Listing,,Condo/Co-op,133 NE 2nd Ave #2015,Miami,FL,33132,319000,1,1.0,THE LOFT DOWNTOWN II COND,651,,2007,3,490,,Active,,,https://www.redfin.com/FL/Miami/133-NE-2nd-Ave-33132/unit-2015/home/43390634,MARMLS,A11848357,N,Y,25.7759537,-80.1901927
MLS Listing,,Single Family Residential,185 SW 130th Ave,Miami,FL,33184,4399000,6,7.0,SWEETWATER ESTS SUB,6423,35774,1989,3,685,,Active,,,https://www.redfin.com/FL/Miami/185-SW-130th-Ave-33184/home/43100053,MARMLS,A11843366,N,Y,25.765904,-80.4066132
MLS Listing,,Condo/Co-op,483 NW 19th St #362,Miami,FL,33136,240000,2,1.0,TOWN PARK PLAZA NORTH CON,782,,1973,3,307,430,Active,,,https://www.redfin.com/FL/Miami/483-NW-19th-St-33136/unit-362/home/43308709,MARMLS,A11846584,N,Y,25.794442,-80.2036784
MLS Listing,,Condo/Co-op,1100 S Miami Ave #1609,Miami,FL,33130,520000,1,1.0,1100 MILLECENTO RESIDENCE,769,,2015,3,676,800,Active,,,https://www.redfin.com/FL/Miami/1100-S-Miami-Ave-33130/unit-1609/home/55273106,MARMLS,A11848284,N,Y,25.7633139,-80.1935024
MLS Listing,,Townhouse,4220 SW 166th Ct,Miami,FL,33185,599000,3,2.5,CENTURY TOWNHOMES AT BIRD,2104,,2016,3,285,169,Active,August-2-2025 12:00 PM,August-2-2025 02:00 PM,https://www.redfin.com/FL/Miami/4220-SW-166th-Ct-33185/home/108008255,MARMLS,A11847470,N,Y,25.7271682,-80.4634068
MLS Listing,,Single Family Residential,298 NW 104th St,Miami,FL,33150,649999,3,2.0,WEST MIAMI SHORES SEC B,1406,6000,1950,3,462,,Active,,,https://www.redfin.com/FL/Miami/298-NW-104th-St-33150/home/43007039,Stellar MLS as Distributed by MLS Grid,O6329861,N,Y,25.8700807,-80.2038729
MLS Listing,,Single Family Residential,14310 SW 175th Ter,Miami,FL,33177,645000,4,2.0,WEITZER SERENA LAKES WEST,1652,4176,1996,3,390,,Active,,,https://www.redfin.com/FL/Miami/14310-SW-175th-Ter-33177/home/43209282,MARMLS,A11848241,N,Y,25.6040597,-80.4240023
MLS Listing,,Condo/Co-op,10 SW South River Dr #1614,Miami,FL,33130,450000,2,2.0,NEO CONDO,1174,,2004,3,383,1264,Active,,,https://www.redfin.com/FL/Miami/10-SW-South-River-Dr-33130/unit-1614/home/43302108,MARMLS,A11848203,N,Y,25.7733792,-80.2020259
MLS Listing,,Condo/Co-op,429 NW 83rd St #429,Miami,FL,33150,250000,4,3.0,SUNSET PALM VILLAS CONDO,1660,,1958,3,151,432,Active,,,https://www.redfin.com/FL/Miami/429-NW-83rd-St-33150/unit-429/home/43273652,MARMLS,A11848257,N,Y,25.8511298,-80.2037744
MLS Listing,,Single Family Residential,1361 NW 55th St,Miami,FL,33142,539900,3,2.0,ORCHARD VILLA,1077,5250,1946,3,501,,Active,,,https://www.redfin.com/FL/Miami/1361-NW-55th-St-33142/home/42685157,MARMLS,A11847923,N,Y,25.8255288,-80.2195612
MLS Listing,,Condo/Co-op,700 NE 24th St #3502,Miami,FL,33137,2850000,2,3.0,ARIA RESERVE,1792,,2025,3,1590,835,Active,,,https://www.redfin.com/FL/Miami/700-NE-24th-St-33137/unit-3502/home/196653216,MARMLS,A11847872,N,Y,25.8001662,-80.1859131
MLS Listing,,Condo/Co-op,350 S Miami Ave #1907,Miami,FL,33130,390000,1,1.0,WIND CONDO,768,,2008,3,508,862,Active,,,https://www.redfin.com/FL/Miami/350-S-Miami-Ave-33130/unit-1907/home/43410649,MARMLS,A11847522,N,Y,25.7704567,-80.1942331
MLS Listing,,Single Family Residential,5045 SW 67th Ave,South Miami,FL,33155,3450000,5,5.5,BLUE HGTS,5693,14375,2005,3,606,,Active,,,https://www.redfin.com/FL/Miami/5045-SW-67th-Ave-33155/home/42891365,MARMLS,A11848231,N,Y,25.7231702,-80.3022025
MLS Listing,,Single Family Residential,7820 SW 97th Pl,Miami,FL,33173,875000,3,2.5,HEFTLER HOMES SUNSET PARK,1886,10040,1960,3,464,,Active,August-2-2025 12:00 PM,August-2-2025 03:00 PM,https://www.redfin.com/FL/Miami/7820-SW-97th-Pl-33173/home/43094004,MARMLS,A11847630,N,Y,25.6954207,-80.3518355
MLS Listing,,Single Family Residential,11410 NE 13th Ave,Miami,FL,33161,565000,4,2.0,BAYVIEW ACRES,1679,6000,1956,3,337,,Active,,,https://www.redfin.com/FL/Miami/11410-NE-13th-Ave-33161/home/43017502,MARMLS,A11848170,N,Y,25.8807938,-80.1719216
MLS Listing,,Condo/Co-op,321 NE 26th St #709,Miami,FL,33137,358000,1,1.0,26 EDGEWATER CONDO,560,,2018,3,639,595,Active,,,https://www.redfin.com/FL/Miami/321-NE-26th-St-33137/unit-709/home/103702003,MARMLS,A11847478,N,Y,25.8018869,-80.1887042
MLS Listing,,Condo/Co-op,300 Biscayne Blvd Way #4502,Miami,FL,33131,3850000,3,3.5,Aston Martin,2422,,2024,3,1590,4139,Active,,,https://www.redfin.com/FL/Miami/300-Biscayne-Boulevard-Way-33131/unit-4502/home/196651167,MARMLS,A11848067,N,Y,25.7707769,-80.1875213
MLS Listing,,Condo/Co-op,700 NE 26th Ter #1101,Miami,FL,33137,2950000,3,4.5,ESCOTTONIA PARK,2368,,2023,3,1246,4050,Active,,,https://www.redfin.com/FL/Miami/700-NE-26th-Ter-33137/unit-1101/home/187456450,MARMLS,A11847962,N,Y,25.802195,-80.1857928
MLS Listing,,Single Family Residential,2401 NW 91st St,Miami,FL,33147,395000,2,1.0,GULFAIR ESTATES,786,8480,1945,3,503,,Active,,,https://www.redfin.com/FL/Miami/2401-NW-91st-St-33147/home/43030946,MARMLS,A11847665,N,Y,25.8573617,-80.2382881
MLS Listing,,Condo/Co-op,90 SW 3rd St Unit TH506,Miami,FL,33130,660000,1,2.0,IVY CONDO,1172,,2008,3,563,1234,Active,,,https://www.redfin.com/FL/Miami/90-SW-3rd-St-33130/unit-TH506/home/43403048,MARMLS,A11848106,N,Y,25.7703648,-80.1952141
MLS Listing,,Condo/Co-op,3131 NE 7th Ave #2801,Miami,FL,33137,2099000,3,3.5,ONE PARAISO CONDO,1634,,2018,3,1285,2497,Active,,,https://www.redfin.com/FL/Miami/3131-NE-7th-Ave-33137/unit-2801/home/79132323,MARMLS,A11841781,N,Y,25.8070469,-80.1855776
MLS Listing,,Condo/Co-op,2000 Towerside Ter Unit TS4,Miami,FL,33138,499000,2,2.0,TOWERS OF QUAYSIDE CONDO,1312,,1981,3,380,2372,Active,,,https://www.redfin.com/FL/Miami/2000-Towerside-Ter-33138/unit-TS4/home/43011688,MARMLS,A11847774,N,Y,25.8729847,-80.1696793
MLS Listing,,Condo/Co-op,1368 NW 24th Ave #1368,Miami,FL,33125,345000,3,2.0,FERN ISLE GARDENS CONDO,1160,,1995,3,297,330,Active,,,https://www.redfin.com/FL/Miami/1368-NW-24th-Ave-33125/unit-1368/home/42722709,MARMLS,A11848078,N,Y,25.785312,-80.235921
MLS Listing,,Single Family Residential,22610 SW 129th Ave,Miami,FL,33170,800000,5,4.5,VENTURE HOMES,2638,7877,2023,3,303,,Active,,,https://www.redfin.com/FL/Miami/22610-SW-129th-Ave-33170/home/179463404,MARMLS,A11847258,N,Y,25.5566704,-80.400975
MLS Listing,,Single Family Residential,1790 NW 85th St,Miami,FL,33147,385000,2,1.0,KIRKTON LAWNS,1098,7150,1950,3,351,,Active,,,https://www.redfin.com/FL/Miami/1790-NW-85th-St-33147/home/43423256,MARMLS,A11848046,N,Y,25.8522786,-80.2273348
MLS Listing,,Townhouse,12935 SW 135th Ter,Miami,FL,33186,530000,3,2.5,COURTS AT TUSCANY WEST,1670,,2006,3,317,139,Active,,,https://www.redfin.com/FL/Miami/12935-SW-135th-Ter-33186/home/43350097,MARMLS,A11848011,N,Y,25.6418196,-80.4033312
MLS Listing,,Single Family Residential,81 NW 44th St,Miami,FL,33127,945000,4,2.5,BUENA VISTA HEIGHTS ADDN,1348,3500,1935,3,701,,Active,,,https://www.redfin.com/FL/Miami/81-NW-44th-St-33127/home/42690676,MARMLS,A11848034,N,Y,25.8161911,-80.1972421
MLS Listing,,Condo/Co-op,2921 SW 10th St #23,Miami,FL,33135,295000,2,1.0,MARILYNS CONDO,760,,1993,3,388,275,Active,,,https://www.redfin.com/FL/Miami/2921-SW-10th-St-33135/unit-23/home/42745459,MARMLS,A11847965,N,Y,25.7637436,-80.2412365
MLS Listing,,Single Family Residential,13866 SW 151st Ave,Miami,FL,33196,527500,3,2.0,BRIGHTONS MEADOW LANDINGS,1174,3200,1998,3,449,27,Active,August-2-2025 12:30 PM,August-2-2025 05:30 PM,https://www.redfin.com/FL/Miami/13866-SW-151st-Ave-33196/home/43198086,MARMLS,A11848007,N,Y,25.6377478,-80.4387151
MLS Listing,,Condo/Co-op,2900 NE 7th Ave #2103,Miami,FL,33137,1050000,2,3.0,BISCAYNE BEACH CONDO,1137,,2017,3,923,1792,Active,,,https://www.redfin.com/FL/Miami/2900-NE-7th-Ave-33137/unit-2103/home/79132090,MARMLS,A11847595,N,Y,25.8050036,-80.1856321
MLS Listing,,Townhouse,8218 SW 82nd Ct,Miami,FL,33143,605000,2,2.5,KINGS CREEK,1282,,1974,3,472,235,Active,August-2-2025 12:00 PM,August-2-2025 02:00 PM,https://www.redfin.com/FL/Miami/8218-SW-82nd-Ct-33143/home/43097610,MARMLS,A11846846,N,Y,25.6930078,-80.327199
MLS Listing,,Condo/Co-op,121 NE 34th St #2208,Miami,FL,33137,1250888,3,3.5,3401 MIDTOWN CONDO,1435,,2018,3,872,2300,Active,,,https://www.redfin.com/FL/Miami/121-NE-34th-St-33137/unit-2208/home/79137234,MARMLS,A11846435,N,Y,25.8085215,-80.1924866
MLS Listing,,Single Family Residential,19810 NE 22nd Ave,Miami,FL,33180,1476000,5,3.0,HIGHLAND WOODS SEC 1,2837,,1959,3,520,,Active,,,https://www.redfin.com/FL/Miami/19810-NE-22nd-Ave-33180/home/43005274,MARMLS,A11847822,N,Y,25.958686,-80.1576034
MLS Listing,,Townhouse,13318 SW 152nd St #3202,Miami,FL,33177,333000,3,2.0,VISTA ALEGRE TOWNHOMES VI,1130,,1999,3,295,389,Active,,,https://www.redfin.com/FL/Miami/13318-SW-152nd-St-33177/unit-3202/home/43259587,MARMLS,A11845038,N,Y,25.626114,-80.409092
MLS Listing,,Single Family Residential,20600 NE 22nd Ct,Aventura,FL,33180,1890000,5,3.5,HIGHLAND OAK GDNS SEC 1,2837,9200,1966,3,666,,Active,,,https://www.redfin.com/FL/Miami/20600-NE-22nd-Ct-33180/home/42958771,MARMLS,A11845898,N,Y,25.9660496,-80.1575786
MLS Listing,,Single Family Residential,3600 NW 19th Ter,Miami,FL,33125,685000,3,2.0,GRAPELAND HEIGHTS SEC 2,1688,7020,1950,3,406,,Active,,,https://www.redfin.com/FL/Miami/3600-NW-19th-Ter-33125/home/42716395,MARMLS,A11846752,N,Y,25.7929962,-80.2541316
MLS Listing,,Single Family Residential,5770 SW 39th St,Miami,FL,33155,829000,3,2.0,BREEZESWEPT MANOR,1544,7725,1953,3,537,,Active,,,https://www.redfin.com/FL/Miami/5770-SW-39th-St-33155/home/43066096,MARMLS,A11847020,N,Y,25.735217,-80.2882714
MLS Listing,,Single Family Residential,15464 SW 68th Ln,Miami,FL,33193,479500,2,2.0,WESTWIND LAKES TWIN VILLA,1101,4620,1985,3,436,,Active,August-2-2025 11:00 AM,August-2-2025 02:00 PM,https://www.redfin.com/FL/Miami/15464-SW-68th-Ln-33193/home/43137239,MARMLS,A11847933,N,Y,25.7006411,-80.4442608
MLS Listing,,Condo/Co-op,1200 Brickell Bay Dr #3309,Miami,FL,33131,750000,2,2.0,THE CLUB AT BRICKELL BAY,1183,,2005,3,634,980,Active,,,https://www.redfin.com/FL/Miami/1200-Brickell-Bay-Dr-33131/unit-3309/home/43312322,MARMLS,A11847938,N,Y,25.7618458,-80.1902215
MLS Listing,,Townhouse,2357 NW 122nd Ter,Miami,FL,33167,519000,3,3.0,GOLF PARK SEC 1,1483,,2023,3,350,300,Active,,,https://www.redfin.com/FL/Miami/2357-NW-122nd-Ter-33167/home/185363536,MARMLS,A11847930,N,Y,25.886345,-80.238392
MLS Listing,,Townhouse,12765 SW 229th Ter,Miami,FL,33170,439900,3,2.5,D & B SUBDIVISION,1331,,2020,4,331,85,Active,,,https://www.redfin.com/FL/Miami/12765-SW-229th-Ter-33170/home/171992334,MARMLS,A11847882,N,Y,25.5538535,-80.3977856
MLS Listing,,Condo/Co-op,4242 NW 2nd St #804,Miami,FL,33126,535000,3,2.0,KEYSTONE PARK CONDO,1270,,2006,4,421,543,Active,August-2-2025 11:30 AM,August-2-2025 01:30 PM,https://www.redfin.com/FL/Miami/4242-NW-2nd-St-33126/unit-804/home/43378666,MARMLS,A11845681,N,Y,25.7731408,-80.2646265
MLS Listing,,Condo/Co-op,8950 NE 8th Ave #314,Miami,FL,33138,205000,1,1.0,South Shore Condo,608,,1974,4,337,540,Active,,,https://www.redfin.com/FL/Miami/8950-NE-8th-Ave-33138/unit-314/home/43042904,Beaches MLS,F10517165,N,Y,25.857519,-80.1817088
MLS Listing,,Single Family Residential,4241 Palm Ln,Miami,FL,33137,24900000,6,7.0,BAY POINT,5715,15300,2024,4,4357,393,Active,,,https://www.redfin.com/FL/Miami/4241-Palm-Ln-33137/home/45071009,MARMLS,A11842186,N,Y,25.8181228,-80.1830331
MLS Listing,,Condo/Co-op,9285 SW 125th Ave #103,Miami,FL,33186,340000,3,2.0,KENLAND POINTE CONDO IV,1150,,1984,4,296,749,Active,,,https://www.redfin.com/FL/Miami/9285-SW-125th-Ave-33186/unit-103/home/43176414,MARMLS,A11847643,N,Y,25.68102,-80.3980912
MLS Listing,,Townhouse,12811 NW 23rd Pl,Miami,FL,33167,545000,4,2.5,GOLF PARK SEC 1,1820,,2023,4,299,280,Active,,,https://www.redfin.com/FL/Miami/12811-NW-23rd-Pl-33167/home/181290175,MARMLS,A11847815,N,Y,25.891432,-80.237527
MLS Listing,,Single Family Residential,15305 SW 209th Ave,Miami,FL,33187,1100000,6,3.0,Miami,1845,54886,1980,4,596,,Active,,,https://www.redfin.com/FL/Miami/15305-SW-209th-Ave-33187/home/43177881,MARMLS,A11847806,N,Y,25.6218881,-80.53103
MLS Listing,,Single Family Residential,13925 SW 26th Ter,Miami,FL,33175,850000,4,2.5,MARFE SUB,2058,8126,1989,4,413,,Active,,,https://www.redfin.com/FL/Miami/13925-SW-26th-Ter-33175/home/43120018,MARMLS,A11847786,N,Y,25.7430834,-80.4211117
MLS Listing,,Condo/Co-op,488 NE 18th St #1508,Miami,FL,33132,639000,1,2.0,ARIA ON THE BAY CONDO,888,,2018,4,720,949,Active,,,https://www.redfin.com/FL/Miami/488-NE-18th-St-33132/unit-1508/home/110133036,MARMLS,A11847783,N,Y,25.7936439,-80.1870717
MLS Listing,,Single Family Residential,3500 SW 121st Ave,Miami,FL,33175,895000,4,2.0,SOUTHERN ESTS 2ND ADDN,1608,7800,1961,4,557,,Active,,,https://www.redfin.com/FL/Miami/3500-SW-121st-Ave-33175/home/43113509,MARMLS,A11847759,N,Y,25.7361173,-80.3912555
MLS Listing,,Townhouse,2970 Day Ave #3201,Miami,FL,33133,949000,2,2.5,PEPPERTREE VILLAGE TH CON,1275,,1978,4,744,750,Active,,,https://www.redfin.com/FL/Miami/2970-Day-Ave-33133/unit-3201/home/42756640,MARMLS,A11847755,N,Y,25.7315836,-80.24119
MLS Listing,,Condo/Co-op,398 NE 5th St #4417,Miami,FL,33132,1450000,3,3.0,MAP OF MIAMI DADE CO. FL.,1043,,2022,4,1390,1511,Active,,,https://www.redfin.com/FL/Miami/398-NE-5th-St-33132/unit-4417/home/185391363,MARMLS,A11847734,N,Y,25.7788802,-80.1890556
MLS Listing,,Condo/Co-op,1200 Brickell Bay Dr #3414,Miami,FL,33131,485000,1,1.0,THE CLUB AT BRICKELL BAY,818,,2005,4,593,701,Active,,,https://www.redfin.com/FL/Miami/1200-Brickell-Bay-Dr-33131/unit-3414/home/43303339,MARMLS,A11847748,N,Y,25.7618458,-80.1902215
MLS Listing,,Vacant Land,4760 NW 16 Th Ave,Miami,FL,33142,229000,,,NO MIAMI EST SEC 3,,5250,,4,,,Active,,,https://www.redfin.com/FL/Miami/4760-NW-16th-Ave-33142/home/196626027,MARMLS,A11847239,N,Y,25.819017,-80.2237773
MLS Listing,,Condo/Co-op,1750 N Bayshore Dr #5011,Miami,FL,33132,349000,1,1.0,Opera Tower Condominium,791,,2008,4,441,1556,Active,,,https://www.redfin.com/FL/Miami/1750-N-Bayshore-Dr-33132/unit-5011/home/43452053,Beaches MLS,F10517259,N,Y,25.7925085,-80.1871286
MLS Listing,,Condo/Co-op,485 Brickell Ave #3503,Miami,FL,33131,740000,1,1.0,ICON BRICKELL CONDO NO 3,790,,2009,4,937,1333,Active,,,https://www.redfin.com/FL/Miami/485-Brickell-Ave-33131/unit-3503/home/42677487,MARMLS,A11847728,N,Y,25.7686625,-80.188727
MLS Listing,,Condo/Co-op,11111 Biscayne Blvd Unit 20E,Miami,FL,33181,374500,2,2.0,JOCKEY CLUB CONDO,1377,,1968,4,272,1860,Active,,,https://www.redfin.com/FL/Miami/11111-Biscayne-Blvd-33181/unit-20E/home/43422364,MARMLS,A11842271,N,Y,25.8792526,-80.1650069
MLS Listing,,Single Family Residential,1621 SW 23rd Ave,Miami,FL,33145,775000,2,2.0,VEDADO,1274,6524,1955,4,608,,Active,,,https://www.redfin.com/FL/Miami/1621-SW-23rd-Ave-33145/home/42747273,MARMLS,A11847536,N,Y,25.7575396,-80.2322631
MLS Listing,,Condo/Co-op,71 NW 76th St #5,Miami,FL,33150,140000,1,1.0,PRESTIGE APTS INC CO-OP,551,,1961,4,254,250,Active,,,https://www.redfin.com/FL/Miami/71-NW-76th-St-33150/unit-5/home/42680505,MARMLS,A11847711,N,Y,25.844742,-80.1982683
MLS Listing,,Condo/Co-op,17255 SW 95th Ave #462,Palmetto Bay,FL,33157,190000,1,1.0,VILLAGE HOMES & CONDOS AT,664,,1971,4,286,461,Active,,,https://www.redfin.com/FL/Palmetto-Bay/17255-SW-95th-Ave-33157/unit-462/home/43362388,MARMLS,A11847699,N,Y,25.5817133,-80.3685106
MLS Listing,,Condo/Co-op,8500 SW 109th Ave Unit 6-112,Miami,FL,33173,315000,3,2.0,COURTYARDS AT KENDALL CON,1442,,1969,5,218,936,Active,,,https://www.redfin.com/FL/Miami/8500-SW-109th-Ave-33173/unit-6-112/home/43343649,MARMLS,A11845142,N,Y,25.6896516,-80.3707248
MLS Listing,,Condo/Co-op,1435 Brickell Ave #3512,Miami,FL,33131,1750000,2,2.5,MILLENNIUM TOWER CONDOMIN,1747,,2003,5,1002,3451,Active,,,https://www.redfin.com/FL/Miami/1435-Brickell-Ave-33131/unit-3512/home/43303317,MARMLS,A11847678,N,Y,25.7589433,-80.1918799
MLS Listing,,Single Family Residential,4118 Ventura Ave,Miami,FL,33133,1499000,2,1.5,UTOPIA,1328,5350,1965,5,1129,,Active,,,https://www.redfin.com/FL/Miami/4118-Ventura-Ave-33133/home/42762216,MARMLS,A11847672,N,Y,25.718135,-80.2597509
MLS Listing,,Single Family Residential,13920 Kendale Lakes Blvd,Miami,FL,33183,889900,3,2.0,KENDALE LAKES SEC ONE,1529,13651,1970,5,582,,Active,,,https://www.redfin.com/FL/Miami/13920-SW-82nd-St-33183/home/43143808,MARMLS,A11821396,N,Y,25.6921908,-80.4201661
MLS Listing,,Single Family Residential,8626 SW 94th St,Miami,FL,33156,988000,4,3.0,CHERRY GROVE CLUB ESTATES,1994,4217,1978,5,495,880,Active,,,https://www.redfin.com/FL/Miami/8626-SW-94th-St-33156/home/43142691,MARMLS,A11847675,N,Y,25.6818864,-80.3347303
MLS Listing,,Single Family Residential,11727 SW 93rd Ter,Miami,FL,33186,687400,3,2.0,POINCIANA AT KENDALL 1ST,1668,5125,1990,5,412,150,Active,,,https://www.redfin.com/FL/Miami/11727-SW-93rd-Ter-33186/home/43177686,MARMLS,A11847633,N,Y,25.6816596,-80.3851514
MLS Listing,,Single Family Residential,19311 SW 118th Ave,Miami,FL,33177,700000,4,2.0,SOUTH MIAMI HEIGHTS ADDN,1886,8700,1969,5,371,,Active,,,https://www.redfin.com/FL/Miami/19311-SW-118th-Ave-33177/home/43227873,MARMLS,A11847636,N,Y,25.5872002,-80.382545
MLS Listing,,Condo/Co-op,7505 SW 82nd St #314,Miami,FL,33143,265000,2,1.0,DADELAND PARK CONDO,832,,1967,5,319,760,Active,,,https://www.redfin.com/FL/Miami/7505-SW-82nd-St-33143/unit-314/home/43102581,MARMLS,A11847218,N,Y,25.6941257,-80.3162893
MLS Listing,,Multi-Family (2-4 Unit),760 NW 32nd St,Miami,FL,33127,1995000,11,6.0,Suwannee Park,2837,,1930,5,703,,Active,,,https://www.redfin.com/FL/Miami/760-NW-32nd-St-33127/home/42696954,Beaches MLS,F10515460,N,Y,25.8061757,-80.2090855
MLS Listing,,Townhouse,14711 SW 61st Ter,Miami,FL,33193,519000,3,2.0,SOMERSET VILLAS,1202,,1988,5,432,110,Active,,,https://www.redfin.com/FL/Miami/14711-SW-61st-Ter-33193/home/43135962,MARMLS,A11847069,N,Y,25.7092087,-80.4328448
MLS Listing,,Condo/Co-op,60 SW 13th St #1605,Miami,FL,33130,418000,1,1.5,INFINITY AT BRICKELL COND,595,,2008,5,703,920,Active,,,https://www.redfin.com/FL/Miami/60-SW-13th-St-33130/unit-1605/home/43421039,MARMLS,A11847326,N,Y,25.7611184,-80.1944333
MLS Listing,,Condo/Co-op,4855 NW 7th St Unit 401-6,Miami,FL,33126,249900,2,2.0,SUNSET VILLAS PHASE II,782,,1973,5,320,350,Active,,,https://www.redfin.com/FL/Miami/4855-NW-7th-St-33126/unit-401-6/home/192251143,MARMLS,A11845446,N,Y,25.7790183,-80.2750511
MLS Listing,,Condo/Co-op,,Miami,FL,33172,195000,1,1.0,,580,,1973,5,336,320,Active,,,https://www.redfin.com/FL/Miami/Undisclosed-address-33172/home/43058074,MARMLS,A11840535,N,Y,25.7713416,-80.3701926
MLS Listing,,Single Family Residential,13020 SW 70th Ave,Pinecrest,FL,33156,2250000,5,4.0,JANEMARY ESTATES,3847,15246,1967,5,585,,Active,,,https://www.redfin.com/FL/Pinecrest/13020-SW-70th-Ave-33156/home/43424676,MARMLS,A11847582,N,Y,25.6496627,-80.3081008
MLS Listing,,Single Family Residential,16175 SW 136th Ter,Miami,FL,33196,749900,4,3.0,CRESTVIEW WEST,2597,5407,2016,5,289,150,Active,August-1-2025 04:00 PM,August-1-2025 08:00 PM,https://www.redfin.com/FL/Miami/16175-SW-136th-Ter-33196/home/113410900,MARMLS,A11832193,N,Y,25.6393858,-80.4558869
MLS Listing,,Townhouse,16349 SW 46th Ter,Miami,FL,33185,670000,4,2.0,PARK LAKES SEC 2,1909,,2001,5,351,170,Active,,,https://www.redfin.com/FL/Miami/16349-SW-46th-Ter-33185/home/43261386,MARMLS,A11847565,N,Y,25.7209532,-80.4582642
MLS Listing,,Condo/Co-op,999 SW 1st Ave #1402,Miami,FL,33130,788000,2,2.0,NINE AT MARY BRICKELL VIL,1118,,2015,5,705,1273,Active,,,https://www.redfin.com/FL/Miami/999-SW-1st-Ave-33130/unit-1402/home/82422798,MARMLS,A11845731,N,Y,25.7646567,-80.19497
MLS Listing,,Condo/Co-op,690 SW 1st Ct #1010,Miami,FL,33130,460000,1,1.5,NEO VERTIKA CONDO,795,,2006,5,579,982,Active,,,https://www.redfin.com/FL/Miami/690-SW-1st-Ct-33130/unit-1010/home/43364913,MARMLS,A11838504,N,Y,25.7678407,-80.1961981
MLS Listing,,Condo/Co-op,,Miami,FL,33179,225000,2,2.0,,978,,1984,5,230,671,Active,,,https://www.redfin.com/FL/Miami/Undisclosed-address-33179/home/42957164,MARMLS,A11847542,N,Y,25.9611756,-80.195829
