SALE TYPE,SOLD DATE,PROPERTY TYPE,ADDRESS,CITY,STATE OR PROVINCE,ZIP OR POSTAL CODE,PRICE,BEDS,BATHS,LOCATION,SQUARE FEET,LOT SIZE,YEAR BUILT,DAYS ON MARKET,$/SQUARE FEET,HOA/MONTH,STATUS,NEXT OPEN HOUSE START TIME,NEXT OPEN HOUSE END TIME,URL (SEE https://www.redfin.com/buy-a-home/comparative-market-analysis FOR INFO ON PRICING),SOURCE,MLS#,FAVORITE,INTERESTED,LATITUDE,LONGITUDE
"In accordance with local MLS rules, some MLS listings are not included in the download"
MLS Listing,,Condo/Co-op,3456 S Ocean Blvd #203,Palm Beach,FL,33480,819000,2,2.0,Claridges I Condo,1490,,1973,1,550,1481,Active,,,https://www.redfin.com/FL/Palm-Beach/3456-S-Ocean-Blvd-33480/unit-203/home/112364017,Beaches MLS,RX-11112119,N,Y,26.5948359,-80.0373038
MLS Listing,,Condo/Co-op,3100 S Ocean Blvd Unit 404n,Palm Beach,FL,33480,4395000,2,2.5,Palm Beach Hampton Condo,2244,,1985,1,1959,3434,Active,,,https://www.redfin.com/FL/Palm-Beach/3100-S-Ocean-Blvd-33480/unit-404N/home/42448920,Beaches MLS,RX-11112101,N,Y,26.6097718,-80.0371376
MLS Listing,,Condo/Co-op,3555 S Ocean Blvd #515,South Palm Beach,FL,33480,595000,2,2.0,Thirty Five Sixty Condo,1308,,1982,1,455,1594,Active,,,https://www.redfin.com/FL/Palm-Beach/3555-S-Ocean-Blvd-33480/unit-515/home/42470382,Beaches MLS,RX-11112018,N,Y,26.6119752,-80.0385932
MLS Listing,,Single Family Residential,6 Via Vizcaya,Palm Beach,FL,33480,13795000,4,4.5,Via Vizcaya,3862,21383,1950,3,3572,,Active,,,https://www.redfin.com/FL/Palm-Beach/6-Via-Vizcaya-33480/home/42442282,Beaches MLS,RX-11111175,N,Y,26.6849606,-80.0366309
MLS Listing,,Single Family Residential,235 Sunrise Ave #2008,Palm Beach,FL,33480,299000,1,1.0,Palm Beach Hotel Condo,278,,1925,4,1076,866,Active,,,https://www.redfin.com/FL/Palm-Beach/235-Sunrise-Ave-33480/unit-2008/home/42432847,Beaches MLS,RX-11111112,N,Y,26.720382,-80.0393022
MLS Listing,,Single Family Residential,235 Sunrise Ave Unit Mze 1104,Palm Beach,FL,33480,399000,1,1.0,Palm Beach Hotel Condo,558,,1925,4,715,1732,Active,,,https://www.redfin.com/FL/Palm-Beach/235-Sunrise-Ave-33480/unit-Mz-E-1104/home/169565491,Beaches MLS,RX-11111111,N,Y,26.7204946,-80.0391888
MLS Listing,,Condo/Co-op,3450 S Ocean Blvd #224,Palm Beach,FL,33480,350000,1,1.5,Patrician of Palm Beach,1008,,1971,5,347,1378,Active,,,https://www.redfin.com/FL/Palm-Beach/3450-S-Ocean-Blvd-33480/unit-224/home/177457583,Beaches MLS,RX-11110742,N,Y,26.5948341,-80.037302
MLS Listing,,Condo/Co-op,2774 S Ocean Blvd #412,Palm Beach,FL,33480,1989000,2,2.0,Ambassador South Dev Corp,1344,319846,1968,6,1480,2786,Active,,,https://www.redfin.com/FL/Palm-Beach/2774-S-Ocean-Blvd-33480/unit-412/home/42434827,Beaches MLS,RX-11110652,N,Y,26.6211084,-80.0376623
MLS Listing,,Condo/Co-op,235 Sunrise Ave #3265,Palm Beach,FL,33480,350000,1,1.0,Palm Beach Hotel Condo,271,,1925,7,1292,871,Active,,,https://www.redfin.com/FL/Palm-Beach/235-Sunrise-Ave-33480/unit-3265/home/42434778,Beaches MLS,RX-11104974,N,Y,26.720382,-80.0393022
MLS Listing,,Condo/Co-op,340 S Ocean Blvd Unit 4e,Palm Beach,FL,33480,3750000,2,2.0,Lowell House Condo,2076,,1967,9,1806,3915,Active,,,https://www.redfin.com/FL/Palm-Beach/340-S-Ocean-Blvd-33480/unit-4e/home/196554408,Beaches MLS,RX-11109803,N,Y,26.7035369,-80.0336692
MLS Listing,,Condo/Co-op,381 S Lake Dr #8,Palm Beach,FL,33480,1350000,2,1.0,Nassau Square Apts Inc,734,18650,1949,9,1839,736,Active,,,https://www.redfin.com/FL/Palm-Beach/381-S-Lake-Dr-33480/unit-8/home/42436093,Beaches MLS,RX-11108703,N,Y,26.7024265,-80.043361
MLS Listing,,Condo/Co-op,2780 S Ocean Blvd #311,Palm Beach,FL,33480,1200000,2,2.0,Ambassador II Corp,1294,180559,1968,10,927,2147,Active,,,https://www.redfin.com/FL/Palm-Beach/2780-S-Ocean-Blvd-33480/unit-311/home/42441835,Beaches MLS,RX-11109473,N,Y,26.6196761,-80.0376455
MLS Listing,,Condo/Co-op,455 Worth Ave #209,Palm Beach,FL,33480,1575000,1,1.0,Four 55 Worth Ave Corp,750,,1971,11,2100,1500,Active,,,https://www.redfin.com/FL/Palm-Beach/455-Worth-Ave-33480/unit-209/home/42433645,Beaches MLS,RX-11109139,N,Y,26.7015736,-80.0433666
MLS Listing,,Condo/Co-op,300 S Ocean Blvd Unit 3f,Palm Beach,FL,33480,2300000,1,2.0,Three Hundred Ocean Blvd Apts Inc,1397,51635,1960,12,1646,3728,Active,,,https://www.redfin.com/FL/Palm-Beach/300-S-Ocean-Blvd-33480/unit-3F/home/42435425,Beaches MLS,RX-11109065,N,Y,26.7047989,-80.033751
MLS Listing,,Condo/Co-op,300 S Ocean Blvd Unit 3g,Palm Beach,FL,33480,2300000,2,2.0,Three Hundred Ocean Blvd Apts Inc,1395,51635,1960,12,1649,3728,Active,,,https://www.redfin.com/FL/Palm-Beach/300-S-Ocean-Blvd-33480/unit-3G/home/42433457,Beaches MLS,RX-11109061,N,Y,26.7047989,-80.033751
MLS Listing,,Condo/Co-op,3456 S Ocean Blvd #104,Palm Beach,FL,33480,779000,2,2.0,Claridges I Condo,1253,,1973,15,622,1481,Active,,,https://www.redfin.com/FL/Palm-Beach/3456-S-Ocean-Blvd-33480/unit-104/home/195514385,Beaches MLS,RX-11108425,N,Y,26.5948359,-80.0373038
MLS Listing,,Condo/Co-op,170 N Ocean Blvd #206,Palm Beach,FL,33480,1750000,2,2.0,Ocean Towers North Cond Decl Filed 1-8-80,1395,,1968,17,1254,2077,Active,,,https://www.redfin.com/FL/Palm-Beach/170-N-Ocean-Blvd-33480/unit-206/home/42432140,Beaches MLS,RX-11107597,N,Y,26.7210612,-80.0352051
MLS Listing,,Condo/Co-op,3390 S Ocean Blvd #2010,Palm Beach,FL,33480,1700000,3,3.0,Emeraude Condo,2145,,1982,18,793,2103,Active,,,https://www.redfin.com/FL/Palm-Beach/3390-S-Ocean-Blvd-33480/unit-2010/home/42437632,Beaches MLS,RX-11107089,N,Y,26.599173,-80.0373776
MLS Listing,,Condo/Co-op,2560 S Ocean Blvd #416,Palm Beach,FL,33480,600000,2,2.0,2560 South Ocean Boulevard Condo,1178,,1970,21,509,760,Active,,,https://www.redfin.com/FL/Palm-Beach/2560-S-Ocean-Blvd-33480/unit-416/home/42614148,Beaches MLS,RX-11106684,N,Y,26.6275022,-80.0394987
MLS Listing,,Condo/Co-op,3450 S Ocean Blvd #6180,Palm Beach,FL,33480,449999,2,2.0,Patrician Of Palm Beach C,1293,,1971,22,348,1176,Active,,,https://www.redfin.com/FL/Palm-Beach/3450-S-Ocean-Blvd-33480/unit-6180/home/42440642,Beaches MLS,F10513128,N,Y,26.5954864,-80.0378277
MLS Listing,,Condo/Co-op,2780 S Ocean Blvd #112,Palm Beach,FL,33480,1150000,2,2.0,Ambassador II Corp 2780 S Ocean Blvd Palm Beach FL,1344,,1958,22,856,2147,Active,,,https://www.redfin.com/FL/Palm-Beach/2780-S-Ocean-Blvd-33480/unit-112/home/42438850,Beaches MLS,RX-11106330,N,Y,26.6196761,-80.0376455
MLS Listing,,Condo/Co-op,3450 S Ocean Blvd #602,Palm Beach,FL,33480,399900,1,1.0,Patrician OF Palm Beach Condo,924,,1971,22,433,1176,Active,,,https://www.redfin.com/FL/Palm-Beach/3450-S-Ocean-Blvd-33480/unit-602/home/104388232,Beaches MLS,RX-11106278,N,Y,26.594835,-80.0373029
MLS Listing,,Single Family Residential,145 Clarendon Ave,Palm Beach,FL,33480,18900000,5,5.0,Vita Serena,4237,24164,1951,24,4461,,Active,,,https://www.redfin.com/FL/Palm-Beach/145-Clarendon-Ave-33480/home/42442273,Beaches MLS,RX-11105773,N,Y,26.6838285,-80.0372479
MLS Listing,,Condo/Co-op,235 Sunrise Ave #3220,Palm Beach,FL,33480,450000,1,1.0,Palm Beach Hotel Condo,389,,1925,24,1157,1167,Active,,,https://www.redfin.com/FL/Palm-Beach/235-Sunrise-Ave-33480/unit-3220/home/42433798,Beaches MLS,RX-11104973,N,Y,26.720382,-80.0393022
MLS Listing,,Condo/Co-op,3230 S Ocean Blvd Unit C-605,Palm Beach,FL,33480,544900,2,2.0,LA Renaissance,1176,,1968,25,463,1263,Active,,,https://www.redfin.com/FL/Palm-Beach/3230-S-Ocean-Blvd-33480/unit-C605/home/42439657,Beaches MLS,RX-11105470,N,Y,26.6037292,-80.0377702
MLS Listing,,Townhouse,355 Cocoanut Row #2,Palm Beach,FL,33480,8900000,3,3.0,Palm Beach,2730,,1971,25,3260,,Active,,,https://www.redfin.com/FL/Palm-Beach/355-Cocoanut-Row-33480/unit-2/home/42442249,PBBOR,25-1030,N,Y,26.7036325,-80.0408262
MLS Listing,,Condo/Co-op,2275 S Ocean Blvd Unit 205/206a,Palm Beach,FL,33480,5299000,3,2.5,Reef Condo,3459,,1974,28,1532,4638,Active,,,https://www.redfin.com/FL/Palm-Beach/2275-S-Ocean-Blvd-33480/unit-205-206a/home/196262273,Beaches MLS,RX-11104679,N,Y,26.6374948,-80.0385018
MLS Listing,,Condo/Co-op,3170 S Ocean Blvd S #305,Palm Beach,FL,33480,3497000,3,3.0,Enclave OF Palm Beach Condo,2950,,1985,28,1185,4355,Active,,,https://www.redfin.com/FL/Palm-Beach/3170-S-Ocean-Blvd-33480/unit-S305/home/42439848,Beaches MLS,RX-11100597,N,Y,26.6053629,-80.0377601
MLS Listing,,Condo/Co-op,170 N Ocean Blvd #312,Palm Beach,FL,33480,1450000,1,1.5,Ocean Towers North Condo,868,,1968,29,1671,1380,Active,,,https://www.redfin.com/FL/Palm-Beach/170-N-Ocean-Blvd-33480/unit-312/home/42430650,Beaches MLS,RX-11104609,N,Y,26.7210612,-80.0352051
MLS Listing,,Vacant Land,324 Eden Rd,Palm Beach,FL,33480,9495000,,,Eden Properties,,14031,,30,,,Active,,,https://www.redfin.com/FL/Palm-Beach/324-Eden-Rd-33480/home/42432645,Beaches MLS,RX-11104227,N,Y,26.7490335,-80.039928
MLS Listing,,Single Family Residential,274 Monterey Rd,Palm Beach,FL,33480,8350000,3,3.0,Gregory Addn,2877,13500,1950,30,2902,,Active,,,https://www.redfin.com/FL/Palm-Beach/274-Monterey-Rd-33480/home/42438690,Beaches MLS,RX-11104223,N,Y,26.7526358,-80.0399208
MLS Listing,,Condo/Co-op,2295 S Ocean Blvd #215,Palm Beach,FL,33480,675000,2,2.0,Twenty Two Ninety Five South Ocean Blvd,1460,271297,1969,31,462,1905,Active,,,https://www.redfin.com/FL/Palm-Beach/2295-S-Ocean-Blvd-33480/unit-215/home/42644764,Beaches MLS,RX-11103949,N,Y,26.6365608,-80.0383664
MLS Listing,,Single Family Residential,748 Island Dr,Palm Beach,FL,33480,32000000,5,5.0,Everglades Island 2,4153,20909,1952,31,7705,,Active,,,https://www.redfin.com/FL/Palm-Beach/748-Island-Dr-33480/home/42433654,Beaches MLS,RX-11103870,N,Y,26.6901605,-80.0433721
MLS Listing,,Condo/Co-op,2860 S Ocean Blvd #205,Palm Beach,FL,33480,749000,2,2.0,LA Palma Condo,1400,,1971,33,535,1727,Active,,,https://www.redfin.com/FL/Palm-Beach/2860-S-Ocean-Blvd-33480/unit-205/home/42442920,Beaches MLS,RX-11103445,N,Y,26.6166509,-80.0396142
MLS Listing,,Single Family Residential,1150 N Ocean Way,Palm Beach,FL,33480,18000000,6,7.5,EL Encanto,6150,24979,2027,39,2927,,Active,,,https://www.redfin.com/FL/Palm-Beach/1150-N-Ocean-Way-33480/home/42431343,Beaches MLS,RX-11101768,N,Y,26.7547706,-80.0377859
MLS Listing,,Condo/Co-op,3360 S Ocean Blvd Unit 1dii,Palm Beach,FL,33480,1995000,3,2.5,Thirty-three Sixty Condo,2119,,1980,42,941,2231,Active,,,https://www.redfin.com/FL/Palm-Beach/3360-S-Ocean-Blvd-33480/unit-1dii/home/195005437,Beaches MLS,RX-11101339,N,Y,26.6006248,-80.0373679
MLS Listing,,Condo/Co-op,3475 S Ocean Blvd #6140,Palm Beach,FL,33480,445000,2,2.0,LA Bonne Vie Condo,1395,,1967,42,319,1664,Active,,,https://www.redfin.com/FL/Palm-Beach/3475-S-Ocean-Blvd-33480/unit-6140/home/42439445,Beaches MLS,RX-11101198,N,Y,26.5937213,-80.0374901
MLS Listing,,Condo/Co-op,2660 S Ocean Blvd Unit 603n,Palm Beach,FL,33480,2998000,3,3.0,Beach Point Condo,2600,,1979,43,1153,2771,Active,,,https://www.redfin.com/FL/Palm-Beach/2660-S-Ocean-Blvd-33480/unit-603N/home/42642720,Beaches MLS,RX-11100984,N,Y,26.6239924,-80.037641
MLS Listing,,Vacant Land,254 N Woods Rd,Palm Beach,FL,33480,9900000,,,Woods Landing 3,,15000,,43,,,Active,,,https://www.redfin.com/FL/Palm-Beach/254-N-Woods-Rd-33480/home/42437453,Beaches MLS,RX-11100717,N,Y,26.7350814,-80.0388246
MLS Listing,,Condo/Co-op,3475 S Ocean Blvd #611,Palm Beach,FL,33480,309999,1,2.0,LA BONNE VIE CONDO,891,,1967,44,348,1137,Active,,,https://www.redfin.com/FL/Palm-Beach/3475-S-Ocean-Blvd-33480/unit-611/home/196127658,MARMLS,A11819730,N,Y,26.5937213,-80.0374901
MLS Listing,,Condo/Co-op,2 N Breakers Row Unit N25,Palm Beach,FL,33480,9250000,3,3.5,Two North Breakers Row Condo,3084,,1986,45,2999,13577,Active,,,https://www.redfin.com/FL/Palm-Beach/2-N-Breakers-Row-33480/unit-N25/home/42433117,Beaches MLS,RX-11100295,N,Y,26.7178038,-80.0352085
MLS Listing,,Single Family Residential,211 Park Ave,Palm Beach,FL,33480,6900000,4,3.0,Jeanette Court,2130,4141,1920,45,3239,,Active,,,https://www.redfin.com/FL/Palm-Beach/211-Park-Ave-33480/home/42433009,Beaches MLS,RX-11100272,N,Y,26.7211511,-80.038418
MLS Listing,,Condo/Co-op,100 Royal Palm Way Unit F1,Palm Beach,FL,33480,5895000,3,2.5,One Royal Palm Way Condo,2123,,1969,45,2777,4695,Active,,,https://www.redfin.com/FL/Palm-Beach/100-Royal-Palm-Way-33480/unit-F1/home/42437078,Beaches MLS,RX-11100207,N,Y,26.7052088,-80.0339235
MLS Listing,,Condo/Co-op,3360 S Ocean Blvd Unit 2eii,Palm Beach,FL,33480,1450000,2,2.0,Thirty-three Sixty Condo,1740,,1980,45,833,2231,Active,,,https://www.redfin.com/FL/Palm-Beach/3360-S-Ocean-Blvd-33480/unit-2eii/home/194223112,Beaches MLS,RX-11100128,N,Y,26.6006248,-80.0373679
MLS Listing,,Condo/Co-op,2860 S Ocean Blvd #402,Palm Beach,FL,33480,670000,1,1.5,La Palma Condominium,1180,,1974,45,568,1519,Active,,,https://www.redfin.com/FL/Palm-Beach/2860-S-Ocean-Blvd-33480/unit-402/home/42442431,Beaches MLS,RX-11100105,N,Y,26.6166509,-80.0396142
MLS Listing,,Condo/Co-op,3440 S Ocean Blvd Unit 107s,Palm Beach,FL,33480,635000,2,2.0,Halcyon OF Palm Beach,1457,,1980,45,436,1460,Active,,,https://www.redfin.com/FL/Palm-Beach/3440-S-Ocean-Blvd-33480/unit-107S/home/42439739,Beaches MLS,RX-11100002,N,Y,26.5966352,-80.0379086
MLS Listing,,Condo/Co-op,3200 S Ocean Blvd Unit A101,Palm Beach,FL,33480,1100000,2,2.0,Thirty Two Hundred Condo,1476,,1977,47,745,1836,Active,,,https://www.redfin.com/FL/Palm-Beach/3200-S-Ocean-Blvd-33480/unit-A101/home/42441154,Beaches MLS,RX-11099532,N,Y,26.6043265,-80.0372225
MLS Listing,,Condo/Co-op,2778 S Ocean Blvd Unit 307n,Palm Beach,FL,33480,1475000,2,2.0,Sutton Place Condo,1830,,1981,49,806,2123,Active,,,https://www.redfin.com/FL/Palm-Beach/2778-S-Ocean-Blvd-33480/unit-307N/home/42434733,Beaches MLS,RX-11099240,N,Y,26.620004,-80.0394521
MLS Listing,,Condo/Co-op,2100 S Ocean Blvd S Unit 206 S,Palm Beach,FL,33480,4200000,2,2.5,2100 Condo At Sloans Curve,2494,,1980,50,1684,3338,Active,,,https://www.redfin.com/FL/Palm-Beach/2100-S-Ocean-Blvd-33480/unit-206S/home/42441211,Beaches MLS,RX-11098796,N,Y,26.6422925,-80.038181
MLS Listing,,Condo/Co-op,3400 S Ocean Blvd Unit 4ai,Palm Beach,FL,33480,1495000,2,2.0,Atriums,1740,,1979,52,859,1751,Active,,,https://www.redfin.com/FL/Palm-Beach/3400-S-Ocean-Blvd-33480/unit-4ai/home/192359390,Beaches MLS,RX-11098163,N,Y,26.59768,-80.0374028
MLS Listing,,Townhouse,220 Brazilian Ave #1,Palm Beach,FL,33480,16950000,4,6.5,Palm Beach,4209,8712,2022,53,4027,,Active,,,https://www.redfin.com/FL/Palm-Beach/220-Brazilian-Ave-33480/unit-1/home/196028521,PBBOR,25-798,N,Y,26.7040203,-80.0372936
MLS Listing,,Single Family Residential,255 Emerald Ln,Palm Beach,FL,33480,25495000,5,6.5,Palm Beach,8200,18983,2020,53,3109,,Active,,,https://www.redfin.com/FL/Palm-Beach/255-Emerald-Ln-33480/home/42439887,PBBOR,25-558,N,Y,26.7276667,-80.040141
MLS Listing,,Townhouse,160 Sunset Ave #160,Palm Beach,FL,33480,13900000,4,5.5,Palm Beach,4530,6970,2004,53,3068,,Active,,,https://www.redfin.com/FL/Palm-Beach/160-Sunset-Ave-33480/unit-160/home/196028518,PBBOR,25-692,N,Y,26.7188427,-80.0368569
MLS Listing,,Condo/Co-op,2 N Breakers Row Unit S-T2,Palm Beach,FL,33480,6600000,3,3.5,Palm Beach,3013,,1986,53,2191,,Active,,,https://www.redfin.com/FL/Palm-Beach/2-N-Breakers-Row-33480/unit-S-T2/home/196028516,PBBOR,23-1954,N,Y,26.7178065,-80.0352193
MLS Listing,,Vacant Land,965 N Ocean Blvd,Palm Beach,FL,33480,67495000,,,Palm Beach,,54014,,53,,,Active,,,https://www.redfin.com/FL/Palm-Beach/965-N-Ocean-Blvd-33480/home/42431144,PBBOR,23-752,N,Y,26.7481234,-80.0362465
MLS Listing,,Vacant Land,251 Bradley Pl,Palm Beach,FL,33480,5950000,,,Orange Grove Park,,7405,,53,,,Active,,,https://www.redfin.com/FL/Palm-Beach/251-Bradley-Pl-33480/home/42575086,PBBOR,25-493,N,Y,26.7237229,-80.0407057
MLS Listing,,Condo/Co-op,3400 S Ocean Blvd Unit 4Ci,Palm Beach,FL,33480,2195000,2,2.0,Palm Beach,1811,,1979,53,1212,,Active,,,https://www.redfin.com/FL/Palm-Beach/3400-S-Ocean-Blvd-33480/unit-4c-I/home/195527593,PBBOR,24-1665,N,Y,26.59768,-80.0374028
MLS Listing,,Condo/Co-op,145 Peruvian Ave #101,Palm Beach,FL,33480,6700000,3,3.0,Palm Beach,2297,,1980,53,2917,,Active,,,https://www.redfin.com/FL/Palm-Beach/145-Peruvian-Ave-33480/unit-101/home/196028513,PBBOR,25-158,N,Y,26.7018552,-80.0352233
MLS Listing,,Condo/Co-op,3475 S Ocean Blvd #315,Palm Beach,FL,33480,649000,2,2.0,Palm Beach,1395,,1967,53,465,,Active,,,https://www.redfin.com/FL/Palm-Beach/3475-S-Ocean-Blvd-33480/unit-315/home/196028511,PBBOR,24-1858,N,Y,26.5937213,-80.0374901
MLS Listing,,Single Family Residential,200 Bermuda Ln,Palm Beach,FL,33480,8900000,2,3.0,Bermuda Lane,2397,,1958,53,3713,,Active,,,https://www.redfin.com/FL/Palm-Beach/200-Bermuda-Ln-33480/home/42432537,PBBOR,25-219,N,Y,26.7346745,-80.0368439
MLS Listing,,Condo/Co-op,2 N Breakers Row N Ph 4,Palm Beach,FL,33480,16500000,3,5.5,Palm Beach,3560,,1986,53,4635,,Active,,,https://www.redfin.com/FL/Palm-Beach/2-N-Breakers-Row-33480/unit-4/home/177023661,PBBOR,24-1920,N,Y,26.7176485,-80.0345929
MLS Listing,,Condo/Co-op,2773 S Ocean Blvd #2090,Palm Beach,FL,33480,1295000,2,2.0,Palm Beach,1457,,1973,53,889,,Active,,,https://www.redfin.com/FL/Palm-Beach/2773-S-Ocean-Blvd-33480/unit-2090/home/42436916,PBBOR,25-763,N,Y,26.6211054,-80.039837
MLS Listing,,Condo/Co-op,150 Bradley Pl #0606,Palm Beach,FL,33480,4195000,2,2.0,Palm Beach,1501,,1926,53,2795,,Active,,,https://www.redfin.com/FL/Palm-Beach/150-Bradley-Pl-33480/unit-606/home/42433447,PBBOR,25-145,N,Y,26.7204848,-80.0415784
MLS Listing,,Single Family Residential,160 Clarendon Ave,Palm Beach,FL,33480,48850000,5,7.0,Lucom Addition,8862,,1999,53,5512,,Active,,,https://www.redfin.com/FL/Palm-Beach/160-Clarendon-Ave-33480/home/42437299,PBBOR,23-2081,N,Y,26.6832059,-80.0375659
MLS Listing,,Condo/Co-op,2 N Breakers Row Unit N-45,Palm Beach,FL,33480,7900000,2,2.5,Palm Beach,3013,,1986,53,2622,,Active,,,https://www.redfin.com/FL/Palm-Beach/2-N-Breakers-Row-33480/unit-N45/home/42433108,PBBOR,23-1955,N,Y,26.7178038,-80.0352085
MLS Listing,,Condo/Co-op,330 Cocoanut Row #0012,Palm Beach,FL,33480,3395000,3,2.0,Palm Beach,1540,,1982,53,2205,,Active,,,https://www.redfin.com/FL/Palm-Beach/330-Cocoanut-Row-33480/unit-12/home/42436537,PBBOR,25-564,N,Y,26.7040851,-80.0413111
MLS Listing,,Condo/Co-op,130 Sunrise Ave #2150,Palm Beach,FL,33480,2650000,2,2.5,Palm Beach,1673,,1977,53,1584,,Active,,,https://www.redfin.com/FL/Palm-Beach/130-Sunrise-Ave-33480/unit-2150/home/42434244,PBBOR,25-45,N,Y,26.7195877,-80.0362736
MLS Listing,,Condo/Co-op,44 Cocoanut Row Unit 310 B,Palm Beach,FL,33480,7950000,3,4.5,Palm Beach,,,1956,53,,,Active,,,https://www.redfin.com/FL/Palm-Beach/44-Cocoanut-Row-33480/unit-310-B/home/196028502,PBBOR,25-543,N,Y,26.7150645,-80.0420943
MLS Listing,,Townhouse,180 Sunset Ave Unit N/A,Palm Beach,FL,33480,13900000,3,4.5,Palm Beach,3702,8276,2016,53,3755,,Active,,,https://www.redfin.com/FL/Palm-Beach/180-Sunset-Ave-33480/unit-N-A/home/196028501,PBBOR,25-31,N,Y,26.718865,-80.037387
MLS Listing,,Condo/Co-op,235 Sunrise Ave #2260,Palm Beach,FL,33480,745000,2,2.0,Palm Beach,561,,1925,53,1328,,Active,,,https://www.redfin.com/FL/Palm-Beach/235-Sunrise-Ave-33480/unit-2260/home/42440346,PBBOR,24-135,N,Y,26.720382,-80.0393022
MLS Listing,,Condo/Co-op,2 N Breakers Row Unit S22/23,Palm Beach,FL,33480,17850000,3,5.0,Palm Beach,5770,,1986,53,3094,,Active,,,https://www.redfin.com/FL/Palm-Beach/2-N-Breakers-Row-33480/unit-S22/home/42433101,PBBOR,24-1908,N,Y,26.7178038,-80.0352085
MLS Listing,,Townhouse,307 Everglade Ave Unit N/A,Palm Beach,FL,33480,9250000,3,3.5,Palm Beach,3339,,1992,53,2770,,Active,,,https://www.redfin.com/FL/Palm-Beach/307-Everglade-Ave-33480/unit-N-A/home/196028491,PBBOR,25-911,N,Y,26.723052,-80.04174
MLS Listing,,Single Family Residential,143 E Inlet Dr,Palm Beach,FL,33480,36500000,6,7.5,Sea Isle Est,4675,54014,1960,56,7807,,Active,,,https://www.redfin.com/FL/Palm-Beach/143-E-Inlet-Dr-33480/home/42437441,Beaches MLS,RX-11097319,N,Y,26.7707978,-80.0373043
MLS Listing,,Townhouse,307 Everglade Ave,Palm Beach,FL,33480,9250000,3,3.5,Villa Plati Townhomes,3359,1634,1992,57,2754,4127,Active,,,https://www.redfin.com/FL/Palm-Beach/307-Everglade-Ave-33480/home/42443679,Beaches MLS,RX-11096945,N,Y,26.723052,-80.04174
MLS Listing,,Vacant Land,226 List Rd,Palm Beach,FL,33480,8895000,,,List Add NO 2 IN,3657,12710,,57,2432,,Active,,,https://www.redfin.com/FL/Palm-Beach/226-List-Rd-33480/home/42432741,Beaches MLS,RX-11096843,N,Y,26.7512587,-80.0380789
MLS Listing,,Single Family Residential,142 Casa Bendita,Palm Beach,FL,33480,22000000,4,6.5,Casa Bendita,6493,25756,1962,57,3388,,Active,,,https://www.redfin.com/FL/Palm-Beach/142-Casa-Bendita-33480/home/42583289,Beaches MLS,RX-11096836,N,Y,26.7297853,-80.0371821
MLS Listing,,Condo/Co-op,2160 Ibis Isle Rd #9,Palm Beach,FL,33480,2595000,4,2.5,Chateau Cheverny Ibis Isle Condo,2750,,1969,59,944,1934,Active,,,https://www.redfin.com/FL/Palm-Beach/2160-Ibis-Isle-Rd-33480/unit-9/home/183148281,Beaches MLS,RX-11096127,N,Y,26.6407957,-80.0420822
MLS Listing,,Condo/Co-op,2860 S Ocean Blvd #415,Palm Beach,FL,33480,599000,2,2.0,LA Palma Condo,1210,,1971,59,495,966,Active,,,https://www.redfin.com/FL/Palm-Beach/2860-S-Ocean-Blvd-33480/unit-415/home/42441934,Beaches MLS,RX-11096125,N,Y,26.6166509,-80.0396142
MLS Listing,,Condo/Co-op,2760 S Ocean Blvd #416,Palm Beach,FL,33480,595000,2,2.0,Regency OF Palm Beach Inc,1358,147025,1969,59,438,1955,Active,,,https://www.redfin.com/FL/Palm-Beach/2760-S-Ocean-Blvd-33480/unit-416/home/42437103,Beaches MLS,RX-11096122,N,Y,26.6220905,-80.0395999
MLS Listing,,Single Family Residential,240 El Dorado Ln,Palm Beach,FL,33480,6995000,4,3.0,EL Dorado Park,2795,10454,1960,59,2503,,Active,,,https://www.redfin.com/FL/Palm-Beach/240-El-Dorado-Ln-33480/home/42432015,Beaches MLS,RX-11096108,N,Y,26.7390785,-80.0384341
MLS Listing,,Condo/Co-op,3475 S Ocean Blvd #1130,Palm Beach,FL,33480,325000,1,1.5,LA BONNE VIE CONDO,891,,1967,61,365,1137,Active,,,https://www.redfin.com/FL/Palm-Beach/3475-S-Ocean-Blvd-33480/unit-1130/home/42440480,MARMLS,A11813209,N,Y,26.5937213,-80.0374901
MLS Listing,,Condo/Co-op,3300 S Ocean Blvd Unit 103 S,Palm Beach,FL,33480,1490000,3,3.0,Meridian OF Palm Beach Condo,2242,,1981,61,665,2965,Active,,,https://www.redfin.com/FL/Palm-Beach/3300-S-Ocean-Blvd-33480/unit-103S/home/42439303,Beaches MLS,RX-11095356,N,Y,26.6017683,-80.0371844
MLS Listing,,Condo/Co-op,3450 S Ocean Blvd #324,Palm Beach,FL,33480,339900,1,1.5,Patrician OF Palm Beach Condo,1008,,1971,62,337,1378,Active,,,https://www.redfin.com/FL/Palm-Beach/3450-S-Ocean-Blvd-33480/unit-324/home/101338626,Beaches MLS,RX-11095418,N,Y,26.594835,-80.0373029
MLS Listing,,Condo/Co-op,354 Chilean Ave Unit 3e,Palm Beach,FL,33480,1700000,1,1.0,Island House Condo,782,,1983,66,2174,1588,Active,,,https://www.redfin.com/FL/Palm-Beach/354-Chilean-Ave-33480/unit-3e/home/183839560,Beaches MLS,RX-11094059,N,Y,26.7022819,-80.0407597
MLS Listing,,Condo/Co-op,3300 S Ocean Blvd Unit 101 S,Palm Beach,FL,33480,1400000,2,2.0,Meridian OF Palm Beach Condo,1902,,1981,72,736,2167,Active,,,https://www.redfin.com/FL/Palm-Beach/3300-S-Ocean-Blvd-33480/unit-101S/home/42439306,Beaches MLS,RX-11092714,N,Y,26.6017683,-80.0371844
MLS Listing,,Single Family Residential,112 Algoma Rd,Palm Beach,FL,33480,12500000,4,4.0,None Given,2493,,1952,73,5014,,Active,,,https://www.redfin.com/FL/Palm-Beach/112-Algoma-Rd-33480/home/42435753,Beaches MLS,RX-11092372,N,Y,26.6794658,-80.0363267
MLS Listing,,Condo/Co-op,2780 S Ocean Blvd #707,Palm Beach,FL,33480,525000,1,1.0,Ambassador II,841,,1968,74,624,1804,Active,,,https://www.redfin.com/FL/Palm-Beach/2780-S-Ocean-Blvd-33480/unit-707/home/42437378,Beaches MLS,RX-11092103,N,Y,26.6196761,-80.0376455
MLS Listing,,Single Family Residential,1285 N Ocean Blvd,Palm Beach,FL,33480,49900000,7,9.0,Bello Lido Resub,5637,14575,2025,76,8852,,Active,,,https://www.redfin.com/FL/Palm-Beach/1285-N-Ocean-Blvd-33480/home/42608091,Beaches MLS,RX-11091524,N,Y,26.7589259,-80.037174
MLS Listing,,Condo/Co-op,44 Cocoanut Row Unit 507a,Palm Beach,FL,33480,1775000,2,1.5,Palm Beach Towers Condo,1172,,1956,77,1515,1673,Active,,,https://www.redfin.com/FL/Palm-Beach/44-Cocoanut-Row-33480/unit-507A/home/42439440,Beaches MLS,RX-11091397,N,Y,26.7150645,-80.0420943
MLS Listing,,Condo/Co-op,389 S Lake Dr Unit 4h,Palm Beach,FL,33480,1750000,2,2.0,Three Eighty Nine Corp Lessee 389 S Lake DR Palm Beach FL,1577,,1967,77,1110,2787,Active,,,https://www.redfin.com/FL/Palm-Beach/389-S-Lake-Dr-33480/unit-4H/home/42435008,Beaches MLS,RX-11091330,N,Y,26.7020634,-80.0431447
MLS Listing,,Single Family Residential,301 Australian Ave #305,Palm Beach,FL,33480,1495000,1,1.0,Brazilian Court Hotel And Condominium,376,,1935,78,3976,1454,Active,,,https://www.redfin.com/FL/Palm-Beach/301-Australian-Ave-33480/unit-305/home/64096755,Beaches MLS,RX-11091096,N,Y,26.704157,-80.0391449
MLS Listing,,Single Family Residential,301 Australian Ave #301,Palm Beach,FL,33480,2950000,2,2.0,Brazilian Court Hotel And Condo,1114,,1935,78,2648,4237,Active,,,https://www.redfin.com/FL/Palm-Beach/301-Australian-Ave-33480/unit-301/home/64096783,Beaches MLS,RX-11091095,N,Y,26.704157,-80.0391449
MLS Listing,,Single Family Residential,218 El Brillo Way,Palm Beach,FL,33480,23900000,4,5.5,EL Bravo Park,4993,22888,1950,78,4787,,Active,,,https://www.redfin.com/FL/Palm-Beach/218-El-Brillo-Way-33480/home/42434721,Beaches MLS,RX-11090856,N,Y,26.6933425,-80.0368472
MLS Listing,,Single Family Residential,126 Peruvian Ave,Palm Beach,FL,33480,8495000,7,7.0,Royal Park,3547,6268,1920,78,2395,,Active,,,https://www.redfin.com/FL/Palm-Beach/126-Peruvian-Ave-33480/home/42667722,Beaches MLS,RX-11090765,N,Y,26.7013744,-80.0343855
MLS Listing,,Single Family Residential,1350 N Lake Way,Palm Beach,FL,33480,84000000,7,10.5,Eden Villa,13375,35631,2013,80,6280,,Active,,,https://www.redfin.com/FL/Palm-Beach/1350-N-Lake-Way-33480/home/42609091,Beaches MLS,RX-11090300,N,Y,26.7630499,-80.0408505
MLS Listing,,Condo/Co-op,235 Sunrise Ave #2038,Palm Beach,FL,33480,365000,1,1.0,Palm Beach Hotel Condo,271,,1925,80,1347,856,Active,,,https://www.redfin.com/FL/Palm-Beach/235-Sunrise-Ave-33480/unit-2038/home/42434870,Beaches MLS,RX-11090100,N,Y,26.720382,-80.0393022
MLS Listing,,Condo/Co-op,3360 S Ocean Blvd Unit 5fii,Palm Beach,FL,33480,2475000,3,2.5,Thirty-three Sixty Condo,2119,,1980,81,1168,2232,Active,,,https://www.redfin.com/FL/Palm-Beach/3360-S-Ocean-Blvd-33480/unit-5-F-Ii/home/195520207,Beaches MLS,RX-11089941,N,Y,26.6006248,-80.0373679
MLS Listing,,Condo/Co-op,44 Cocoanut Row Unit 626b,Palm Beach,FL,33480,1990000,1,1.0,Palm Beach Towers Condo,1022,,1956,84,1947,1949,Active,,,https://www.redfin.com/FL/Palm-Beach/44-Cocoanut-Row-33480/unit-626B/home/42440284,Beaches MLS,RX-11089273,N,Y,26.7150645,-80.0420943
MLS Listing,,Condo/Co-op,2860 S Ocean Blvd #202,Palm Beach,FL,33480,510000,1,1.5,LA Palma Condo,1180,,1971,84,432,1519,Active,,,https://www.redfin.com/FL/Palm-Beach/2860-S-Ocean-Blvd-33480/unit-202/home/42435441,Beaches MLS,RX-11089069,N,Y,26.6166509,-80.0396142
MLS Listing,,Condo/Co-op,250 Bradley Pl #408,Palm Beach,FL,33480,5495000,3,2.5,Lake Towers Condo,1653,,1963,86,3324,2240,Active,,,https://www.redfin.com/FL/Palm-Beach/250-Bradley-Pl-33480/unit-408/home/42442212,Beaches MLS,RX-11088487,N,Y,26.7237237,-80.0411548
MLS Listing,,Condo/Co-op,3230 S Ocean Blvd Unit D511,Palm Beach,FL,33480,849000,2,2.0,LA Renaissance Direct Ocean,1176,,1968,86,722,1382,Active,,,https://www.redfin.com/FL/Palm-Beach/3230-S-Ocean-Blvd-33480/unit-D511/home/42441646,Beaches MLS,RX-11088469,N,Y,26.6037292,-80.0377702
MLS Listing,,Condo/Co-op,2840 S Ocean Blvd #5170,Palm Beach,FL,33480,345000,2,2.0,Royal Saxon Inc,946,161921,1968,86,365,994,Active,,,https://www.redfin.com/FL/Palm-Beach/2840-S-Ocean-Blvd-33480/unit-5170/home/42444536,Beaches MLS,RX-11088364,N,Y,26.6179909,-80.039786
MLS Listing,,Townhouse,220 Brazilian Ave Unit West Unit,Palm Beach,FL,33480,16950000,4,6.5,Royal Park Add TO P B,4209,8560,2022,87,4027,,Active,,,https://www.redfin.com/FL/Palm-Beach/220-Brazilian-Ave-33480/unit-West-Unit/home/184196471,Beaches MLS,RX-11088161,N,Y,26.7040203,-80.0372936
MLS Listing,,Condo/Co-op,354 Chilean Ave Unit 4d,Palm Beach,FL,33480,3199000,2,2.0,Island House Condo,1225,,1983,92,2611,1987,Active,,,https://www.redfin.com/FL/Palm-Beach/354-Chilean-Ave-33480/unit-4D/home/184291276,Beaches MLS,RX-11086638,N,Y,26.7022863,-80.040759
MLS Listing,,Condo/Co-op,3300 S Ocean Blvd Unit 108s,Palm Beach,FL,33480,2795000,2,2.5,Meridian OF Palm Beach Condo,2072,,1981,92,1349,3313,Active,,,https://www.redfin.com/FL/Palm-Beach/3300-S-Ocean-Blvd-33480/unit-108S/home/42441294,Beaches MLS,RX-11086555,N,Y,26.6017683,-80.0371844
MLS Listing,,Condo/Co-op,2773 S Ocean Blvd #209,Palm Beach,FL,33480,1295000,2,2.0,Carlyle House Condo,1457,,1973,93,889,2126,Active,,,https://www.redfin.com/FL/Palm-Beach/2773-S-Ocean-Blvd-33480/unit-209/home/195781864,Beaches MLS,RX-11086347,N,Y,26.621203,-80.0395377
MLS Listing,,Single Family Residential,142 Seabreeze Ave,Palm Beach,FL,33480,13495000,5,3.5,Poinciana Park,2958,,1925,93,4562,,Active,,,https://www.redfin.com/FL/Palm-Beach/142-Seabreeze-Ave-33480/home/42443094,Beaches MLS,RX-11086120,N,Y,26.7083161,-80.0353698
MLS Listing,,Condo/Co-op,2774 S Ocean Blvd #106,Palm Beach,FL,33480,429000,1,1.0,Ambassador South Dev Corp,842,319846,1968,94,510,2263,Active,,,https://www.redfin.com/FL/Palm-Beach/2774-S-Ocean-Blvd-33480/unit-106/home/42436791,Beaches MLS,RX-11085990,N,Y,26.6211084,-80.0376623
MLS Listing,,Condo/Co-op,2773 S Ocean Blvd Ph -C,Palm Beach,FL,33480,2995000,3,3.0,Carlyle House Condo,2163,,1973,95,1385,4252,Active,,,https://www.redfin.com/FL/Palm-Beach/2773-S-Ocean-Blvd-33480/unit-C/home/42438602,Beaches MLS,RX-11085426,N,Y,26.6211054,-80.039837
MLS Listing,,Condo/Co-op,235 Sunrise Ave #1050,Palm Beach,FL,33480,475000,1,1.0,Palm Beach Hotel Condo,550,,1925,96,864,1559,Active,,,https://www.redfin.com/FL/Palm-Beach/235-Sunrise-Ave-33480/unit-1050/home/185303494,Beaches MLS,RX-11085258,N,Y,26.720382,-80.0393022
MLS Listing,,Condo/Co-op,235 Sunrise Ave #1051,Palm Beach,FL,33480,425000,1,1.0,Palm Beach Hotel Condo,550,,1925,96,773,1559,Active,,,https://www.redfin.com/FL/Palm-Beach/235-Sunrise-Ave-33480/unit-1051/home/195539778,Beaches MLS,RX-11085259,N,Y,26.720382,-80.0393022
MLS Listing,,Condo/Co-op,2778 S Ocean Blvd Unit 306s,Palm Beach,FL,33480,899000,2,2.0,Sutton Place Condo,1780,,1981,97,505,2123,Active,,,https://www.redfin.com/FL/Palm-Beach/2778-S-Ocean-Blvd-33480/unit-306S/home/42444307,Beaches MLS,RX-11084536,N,Y,26.620004,-80.0394521
MLS Listing,,Condo/Co-op,3440 S Ocean Blvd E Unit 205s,Palm Beach,FL,33480,1395000,2,2.0,Halcyon of Palm Beach,1885,4800,1980,100,740,2649,Active,,,https://www.redfin.com/FL/Palm-Beach/3440-S-Ocean-Blvd-33480/unit-205S/home/42442724,Beaches MLS,RX-11083295,N,Y,26.5966352,-80.0379086
MLS Listing,,Single Family Residential,230 Plantation Rd,Palm Beach,FL,33480,7950000,4,3.5,East Shore,2821,11798,1951,101,2818,,Active,,,https://www.redfin.com/FL/Palm-Beach/230-Plantation-Rd-33480/home/42431507,Beaches MLS,RX-11083844,N,Y,26.7355248,-80.0380188
MLS Listing,,Condo/Co-op,2000 S Ocean Blvd Unit 304n & Cabana 8e,Palm Beach,FL,33480,3995000,3,3.5,Two Thousand Condo at Sloans Curve,3280,,1981,104,1218,4394,Active,,,https://www.redfin.com/FL/Palm-Beach/2000-S-Ocean-Blvd-33480/unit-304N/home/42653306,Beaches MLS,RX-11082981,N,Y,26.6443593,-80.0379546
MLS Listing,,Single Family Residential,175 Sunset Ave,Palm Beach,FL,33480,12850000,4,5.5,Floral Park,4738,8712,1990,106,2712,,Active,,,https://www.redfin.com/FL/Palm-Beach/175-Sunset-Ave-33480/home/42554671,Beaches MLS,RX-11082512,N,Y,26.7192276,-80.0372239
MLS Listing,,Condo/Co-op,2760 S Ocean Blvd #116,Palm Beach,FL,33480,1760000,2,2.0,N/a,1358,,1969,106,1296,2150,Active,,,https://www.redfin.com/FL/Palm-Beach/2760-S-Ocean-Blvd-33480/unit-116/home/42439058,Beaches MLS,RX-11082406,N,Y,26.6220905,-80.0395999
MLS Listing,,Townhouse,160 Sunset Ave,Palm Beach,FL,33480,13900000,4,5.5,Floral Park,4530,6750,2004,107,3068,,Active,,,https://www.redfin.com/FL/Palm-Beach/160-Sunset-Ave-33480/home/42557186,Beaches MLS,RX-11081933,N,Y,26.7188427,-80.0368569
MLS Listing,,Condo/Co-op,2840 S Ocean 5110 Blvd #511,Palm Beach,FL,33480,320000,1,1.0,Royal Saxon Inc,724,,1968,108,442,784,Active,,,https://www.redfin.com/FL/Palm-Beach/2840-S-Ocean-Blvd-33480/unit-511/home/182962042,Beaches MLS,RX-11081785,N,Y,26.6179909,-80.039786
MLS Listing,,Condo/Co-op,3460 S Ocean Blvd #3140,Palm Beach,FL,33480,649999,2,2.0,Claridges II Condo,1392,,1973,108,467,1076,Active,,,https://www.redfin.com/FL/Palm-Beach/3460-S-Ocean-Blvd-33480/unit-3140/home/42441675,Beaches MLS,RX-11081359,N,Y,26.5948543,-80.0382889
MLS Listing,,Condo/Co-op,170 N Ocean Blvd #305,Palm Beach,FL,33480,1400000,1,1.5,Ocean Towers North Condo,972,,1968,109,1440,1403,Active,,,https://www.redfin.com/FL/Palm-Beach/170-N-Ocean-Blvd-33480/unit-305/home/42642154,Beaches MLS,RX-11081360,N,Y,26.7210612,-80.0352051
MLS Listing,,Condo/Co-op,3450 S Ocean Blvd #5150,South Palm Beach,FL,33480,679900,2,2.0,Patrician OF Palm Beach Condo,1548,,1971,111,439,1881,Active,,,https://www.redfin.com/FL/Palm-Beach/3450-S-Ocean-Blvd-33480/unit-5150/home/42442108,Beaches MLS,RX-11080946,N,Y,26.5954864,-80.0378277
MLS Listing,,Condo/Co-op,350 S Ocean Blvd #107,Palm Beach,FL,33480,3200000,2,2.0,Three Fifty Condo,1234,,1975,112,2593,1533,Active,,,https://www.redfin.com/FL/Palm-Beach/350-S-Ocean-Blvd-33480/unit-107/home/195337914,Beaches MLS,RX-11080575,N,Y,26.7029778,-80.0334945
MLS Listing,,Condo/Co-op,2773 S Ocean Blvd #5140,Palm Beach,FL,33480,1195000,2,2.0,Carlyle House,1457,,1973,114,820,2500,Active,,,https://www.redfin.com/FL/Palm-Beach/2773-S-Ocean-Blvd-33480/unit-5140/home/42436401,Beaches MLS,RX-11079938,N,Y,26.6211054,-80.039837
MLS Listing,,Condo/Co-op,434 Chilean Ave Unit 2b,Palm Beach,FL,33480,3995000,2,2.0,Eliot House Condo,1316,,1980,114,3036,2399,Active,,,https://www.redfin.com/FL/Palm-Beach/434-Chilean-Ave-33480/unit-2B/home/42564472,Beaches MLS,RX-11079825,N,Y,26.7023458,-80.0425248
MLS Listing,,Condo/Co-op,3400 S Ocean Blvd Unit 7d1,Palm Beach,FL,33480,2598000,3,2.5,Atriums OF Palm Beach Cond Decl Filed 2-22-79 Or3012p994 Amend 3053p289,2277,,1979,114,1141,2297,Active,,,https://www.redfin.com/FL/Palm-Beach/3400-S-Ocean-Blvd-33480/unit-7d1/home/195307913,Beaches MLS,RX-11079762,N,Y,26.59768,-80.0374028
MLS Listing,,Single Family Residential,3 S Lake Trl,Palm Beach,FL,33480,36500000,3,3.0,Hill Sub,2572,30353,1920,115,14191,,Active,,,https://www.redfin.com/FL/Palm-Beach/3-S-Lake-Trl-33480/home/42435797,Beaches MLS,RX-11079637,N,Y,26.7121505,-80.0419786
MLS Listing,,Condo/Co-op,3230 S Ocean Blvd Unit E610,Palm Beach,FL,33480,595000,2,2.0,LA Renaissance,1176,,1968,115,506,1170,Active,,,https://www.redfin.com/FL/Palm-Beach/3230-S-Ocean-Blvd-33480/unit-E610/home/42442150,Beaches MLS,RX-11079566,N,Y,26.6037292,-80.0377702
MLS Listing,,Condo/Co-op,250 Bradley Pl #307,Palm Beach,FL,33480,2595000,2,2.0,Lake Towers Condo,1227,,1963,115,2115,1650,Active,,,https://www.redfin.com/FL/Palm-Beach/250-Bradley-Pl-33480/unit-307/home/42435689,Beaches MLS,RX-11079472,N,Y,26.7237237,-80.0411548
MLS Listing,,Single Family Residential,318 Australian Ave,Palm Beach,FL,33480,9995000,3,3.0,Royal Park,2054,,1918,115,4866,,Active,,,https://www.redfin.com/FL/Palm-Beach/318-Australian-Ave-33480/home/42440671,Beaches MLS,RX-11079457,N,Y,26.703157,-80.0395648
MLS Listing,,Single Family Residential,1421 N Lake Way,Palm Beach,FL,33480,10900000,4,3.0,North Shore,2388,13504,1950,119,4564,,Active,,,https://www.redfin.com/FL/Palm-Beach/1421-N-Lake-Way-33480/home/42432381,Beaches MLS,RX-11078527,N,Y,26.7638528,-80.0403673
MLS Listing,,Condo/Co-op,235 Sunrise Ave #2211,Palm Beach,FL,33480,667000,1,1.0,Palm Beach Hotel Condo,389,,1925,120,1715,1127,Active,,,https://www.redfin.com/FL/Palm-Beach/235-Sunrise-Ave-33480/unit-2211/home/42605593,Beaches MLS,RX-11078034,N,Y,26.720382,-80.0393022
MLS Listing,,Condo/Co-op,2000 S Ocean Blvd Unit 208n,Palm Beach,FL,33480,3750000,2,2.5,Sloans Curve II,2385,,1981,120,1572,3280,Active,,,https://www.redfin.com/FL/Palm-Beach/2000-S-Ocean-Blvd-33480/unit-208N/home/42585791,Beaches MLS,RX-11077893,N,Y,26.6443593,-80.0379546
MLS Listing,,Single Family Residential,710 N County Rd,Palm Beach,FL,33480,10500000,4,3.5,Rafalsky Mark,3490,10523,1988,121,3009,,Active,,,https://www.redfin.com/FL/Palm-Beach/710-N-County-Rd-33480/home/42433562,Beaches MLS,RX-11077630,N,Y,26.7396293,-80.0368481
MLS Listing,,Townhouse,2 Sloans Curve Dr,Palm Beach,FL,33480,18950000,5,5.5,Residences AT Sloans Curve,4455,,1981,121,4254,3770,Active,,,https://www.redfin.com/FL/Palm-Beach/2-Sloans-Curve-Dr-33480/home/42435972,Beaches MLS,RX-11077545,N,Y,26.6465909,-80.0378264
MLS Listing,,Condo/Co-op,3450 S Ocean Blvd #206,Palm Beach,FL,33480,319900,1,1.0,Patrician OF Palm Beach Condo,952,,1971,121,336,1176,Active,,,https://www.redfin.com/FL/Palm-Beach/3450-S-Ocean-Blvd-33480/unit-206/home/195238174,Beaches MLS,RX-11077404,N,Y,26.5948341,-80.037302
MLS Listing,,Condo/Co-op,44 Cocoanut Row Unit 124 B,Palm Beach,FL,33480,1575000,2,2.0,Palm Beach Towers,1272,,1956,122,1238,2252,Active,,,https://www.redfin.com/FL/Palm-Beach/44-Cocoanut-Row-33480/unit-124B/home/42442961,Beaches MLS,RX-11077236,N,Y,26.7150645,-80.0420943
MLS Listing,,Single Family Residential,226 Via Las Brisas,Palm Beach,FL,33480,34500000,7,8.5,Phipps Estates,10096,33105,1996,122,3417,1250,Active,,,https://www.redfin.com/FL/Palm-Beach/226-Via-Las-Brisas-33480/home/42431604,Beaches MLS,RX-11077120,N,Y,26.7293077,-80.0379631
MLS Listing,,Condo/Co-op,2760 S Ocean Blvd #310,Palm Beach,FL,33480,725000,2,2.0,Regency Of Palm Beach,1212,147025,1969,122,598,1950,Active,,,https://www.redfin.com/FL/Palm-Beach/2760-S-Ocean-Blvd-33480/unit-310/home/42444581,Beaches MLS,RX-11076980,N,Y,26.6220905,-80.0395999
MLS Listing,,Condo/Co-op,227 Australian Ave Unit 4c,Palm Beach,FL,33480,2895000,2,2.0,Melbourne House,1287,,1985,123,2249,2799,Active,,,https://www.redfin.com/FL/Palm-Beach/227-Australian-Ave-33480/unit-4c/home/190343753,Beaches MLS,RX-11076825,N,Y,26.7035166,-80.0379049
MLS Listing,,Condo/Co-op,2784 S Ocean Blvd Unit 105s,Palm Beach,FL,33480,1650000,2,2.0,Cove Condo,1715,,1975,123,962,2427,Active,,,https://www.redfin.com/FL/Palm-Beach/2784-S-Ocean-Blvd-33480/unit-105S/home/42442081,Beaches MLS,RX-11076816,N,Y,26.618753,-80.0398454
MLS Listing,,Condo/Co-op,226 Brazilian Ave Unit 2b,Palm Beach,FL,33480,2995000,2,2.0,Villa Del Sur Apts Condo,1317,,1968,123,2274,833,Active,,,https://www.redfin.com/FL/Palm-Beach/226-Brazilian-0040-AVE-33480/unit-2b/home/195211850,Beaches MLS,RX-11076645,N,Y,26.703997,-80.037557
MLS Listing,,Condo/Co-op,2000 S Ocean Blvd Unit 308n,Palm Beach,FL,33480,3450000,2,2.5,Two Thousand Condo,2385,,1981,127,1447,8863,Active,,,https://www.redfin.com/FL/Palm-Beach/2000-S-Ocean-Blvd-33480/unit-308N/home/42645410,Beaches MLS,RX-11075790,N,Y,26.6443593,-80.0379546
MLS Listing,,Condo/Co-op,330 Cocoanut Row Unit 1b,Palm Beach,FL,33480,3395000,3,2.0,Three Thirty Cocoanut Row Condo,1540,,1982,128,2205,2652,Active,,,https://www.redfin.com/FL/Palm-Beach/330-Cocoanut-Row-33480/unit-1b/home/195172307,Beaches MLS,RX-11075357,N,Y,26.7040851,-80.0413111
MLS Listing,,Condo/Co-op,2760 S Ocean Blvd #417,Palm Beach,FL,33480,895000,2,2.0,Regency OF Palm Beach Inc,1358,,1969,128,659,2149,Active,,,https://www.redfin.com/FL/Palm-Beach/2760-S-Ocean-Blvd-33480/unit-417/home/42444588,Beaches MLS,RX-11075284,N,Y,26.6220905,-80.0395999
MLS Listing,,Condo/Co-op,44 Cocoanut Row Unit B310,Palm Beach,FL,33480,7950000,3,4.5,Palm Beach Towers Condo,3515,,1956,129,2262,5262,Active,,,https://www.redfin.com/FL/Palm-Beach/44-Cocoanut-Row-33480/unit-B310/home/42436486,Beaches MLS,RX-11075002,N,Y,26.7150645,-80.0420943
MLS Listing,,Condo/Co-op,3230 S Ocean Blvd Unit C105,Palm Beach,FL,33480,429000,2,2.0,LA Renaissance,1176,,1968,130,365,1024,Active,,,https://www.redfin.com/FL/Palm-Beach/3230-S-Ocean-Blvd-33480/unit-C105/home/42440649,Beaches MLS,RX-11074769,N,Y,26.6037292,-80.0377702
MLS Listing,,Condo/Co-op,2773 S Ocean Blvd #205,Palm Beach,FL,33480,1295000,2,2.0,Carlyle House Condo,1457,1389,1973,130,889,2126,Active,,,https://www.redfin.com/FL/Palm-Beach/2773-S-Ocean-Blvd-33480/unit-205/home/177421472,Beaches MLS,RX-11074710,N,Y,26.6212094,-80.0397825
MLS Listing,,Condo/Co-op,3120 S Ocean Blvd #3602,Palm Beach,FL,33480,3200000,2,2.5,Thirty One Twenty Condo,2497,,1984,133,1282,3666,Active,,,https://www.redfin.com/FL/Palm-Beach/3120-S-Ocean-Blvd-33480/unit-3602/home/195113986,Beaches MLS,RX-11073928,N,Y,26.6074716,-80.0372918
MLS Listing,,Condo/Co-op,3140 S Ocean Blvd S Unit 403s,Palm Beach,FL,33480,4295000,3,3.0,Carlton Place Condo,2695,,1982,133,1594,3627,Active,,,https://www.redfin.com/FL/Palm-Beach/3140-S-Ocean-Blvd-33480/unit-403S/home/42439795,Beaches MLS,RX-11073913,N,Y,26.6066562,-80.0380632
MLS Listing,,Condo/Co-op,3140 S Ocean Blvd S Unit 502s,Palm Beach,FL,33480,2895000,2,2.0,Carlton Place Condo,2220,,1982,133,1304,3627,Active,,,https://www.redfin.com/FL/Palm-Beach/3140-S-Ocean-Blvd-33480/unit-502S/home/42443379,Beaches MLS,RX-11073914,N,Y,26.6066562,-80.0380632
MLS Listing,,Single Family Residential,150 Kings Rd,Palm Beach,FL,33480,19500000,5,5.5,Boulevard Estates,6823,14308,2017,134,2858,,Active,,,https://www.redfin.com/FL/Palm-Beach/150-Kings-Rd-33480/home/42548253,Beaches MLS,F10493517,N,Y,26.6786721,-80.0381756
MLS Listing,,Single Family Residential,165 Seminole Ave,Palm Beach,FL,33480,9995000,4,4.5,Ocean Park H W Robbins,3410,15124,1992,136,2931,,Active,,,https://www.redfin.com/FL/Palm-Beach/165-Seminole-Ave-33480/home/42430437,Beaches MLS,RX-11072549,N,Y,26.7222606,-80.0376578
MLS Listing,,Condo/Co-op,235 Sunrise Ave #3032,Palm Beach,FL,33480,845000,2,2.0,Palm Beach Hotel Condo,703,,1925,137,1202,1455,Active,,,https://www.redfin.com/FL/Palm-Beach/235-Sunrise-Ave-33480/unit-3032/home/42437833,Beaches MLS,RX-11072366,N,Y,26.720382,-80.0393022
MLS Listing,,Single Family Residential,480 S Ocean Blvd,Palm Beach,FL,33480,38650000,4,4.5,Singer,4705,29803,1928,137,8215,,Active,,,https://www.redfin.com/FL/Palm-Beach/480-S-Ocean-Blvd-33480/home/42440983,Beaches MLS,RX-11072335,N,Y,26.6981349,-80.0338461
MLS Listing,,Condo/Co-op,2780 S Ocean Blvd #808,Palm Beach,FL,33480,1079000,2,2.0,Ambassador II Corp,1294,180559,1968,137,834,2147,Active,,,https://www.redfin.com/FL/Palm-Beach/2780-S-Ocean-Blvd-33480/unit-808/home/42444382,Beaches MLS,RX-11072244,N,Y,26.6196761,-80.0376455
MLS Listing,,Single Family Residential,255 Royal Poinciana Way,Palm Beach,FL,33480,10900000,4,4.5,Floral Park Add NO 1,4213,,1925,140,2587,,Active,,,https://www.redfin.com/FL/Palm-Beach/255-Royal-Poinciana-Way-33480/home/195055930,Beaches MLS,RX-11071670,N,Y,26.7186555,-80.0399394
MLS Listing,,Condo/Co-op,150 Bradley Pl #101,Palm Beach,FL,33480,5100000,3,3.0,Palm Beach Biltmore Condo,2260,,1980,140,2257,4146,Active,,,https://www.redfin.com/FL/Palm-Beach/150-Bradley-Pl-33480/unit-101/home/42430962,Beaches MLS,RX-11071592,N,Y,26.7204848,-80.0415784
MLS Listing,,Single Family Residential,253 Jamaica Ln,Palm Beach,FL,33480,15250000,4,6.0,Tropic Isle,4266,11271,2016,140,3575,,Active,,,https://www.redfin.com/FL/Palm-Beach/253-Jamaica-Ln-33480/home/42430167,Beaches MLS,RX-11071498,N,Y,26.7470203,-80.0388171
MLS Listing,,Condo/Co-op,2760 S Ocean Blvd #313,Palm Beach,FL,33480,475000,1,1.0,Regency OF Palm Beach Inc,883,147025,1969,140,538,1276,Active,,,https://www.redfin.com/FL/Palm-Beach/2760-S-Ocean-Blvd-33480/unit-313/home/42437090,Beaches MLS,RX-11071406,N,Y,26.6220905,-80.0395999
MLS Listing,,Condo/Co-op,2860 S Ocean Blvd #511,Palm Beach,FL,33480,645000,1,1.5,LA Palma Condo,1180,90,1971,141,547,1519,Active,,,https://www.redfin.com/FL/Palm-Beach/2860-S-Ocean-Blvd-33480/unit-511/home/42437435,Beaches MLS,RX-11067798,N,Y,26.6166509,-80.0396142
MLS Listing,,Single Family Residential,1740 S Ocean Blvd,Palm Beach,FL,33480,38650000,5,5.5,Palm Beach Ests PB IN,4899,32234,1977,143,7889,,Active,,,https://www.redfin.com/FL/Palm-Beach/1740-S-Ocean-Blvd-33480/home/42441495,Beaches MLS,RX-11070177,N,Y,26.6562995,-80.0374326
MLS Listing,,Single Family Residential,214 List Rd,Palm Beach,FL,33480,9100000,5,5.0,List,4003,12710,1960,144,2273,,Active,,,https://www.redfin.com/FL/Palm-Beach/214-List-Rd-33480/home/42646260,Beaches MLS,RX-11069836,N,Y,26.7512525,-80.0374569
MLS Listing,,Single Family Residential,1090 N Ocean Blvd,Palm Beach,FL,33480,24900000,6,7.5,EL Encanto 2,5238,13320,1995,147,4754,,Active,,,https://www.redfin.com/FL/Palm-Beach/1090-N-Ocean-Blvd-33480/home/42438770,Beaches MLS,RX-11069079,N,Y,26.7531145,-80.0371663
MLS Listing,,Condo/Co-op,100 Sunrise Ave #418,Palm Beach,FL,33480,3900000,2,2.0,Sun And Surf One Hundred And Thirty Condos,1360,,1977,148,2868,2266,Active,,,https://www.redfin.com/FL/Palm-Beach/100-Sunrise-Ave-33480/unit-418/home/42433259,Beaches MLS,RX-11068887,N,Y,26.7195624,-80.0348472
MLS Listing,,Condo/Co-op,2170 Ibis Isle Rd #3,Palm Beach,FL,33480,2620000,2,2.0,Villa Serein OF Ibis Isle Condo,1603,,1968,148,1634,1283,Active,,,https://www.redfin.com/FL/Palm-Beach/2170-Ibis-Isle-Rd-33480/unit-3/home/84262873,Beaches MLS,RX-11068828,N,Y,26.6401838,-80.0419221
MLS Listing,,Condo/Co-op,2295 S Ocean Blvd #424,Palm Beach,FL,33480,1495000,2,2.0,Twenty Two Ninety Five South Ocean Blvd Corp 2295 S Ocean Blvd,1559,,1968,148,959,1904,Active,,,https://www.redfin.com/FL/Palm-Beach/2295-S-Ocean-Blvd-33480/unit-424/home/42652150,Beaches MLS,RX-11068795,N,Y,26.6365608,-80.0383664
MLS Listing,,Condo/Co-op,2295 S Ocean Blvd #404,Palm Beach,FL,33480,750000,2,2.0,Twenty Two Ninety Five South Ocean Blvd,1559,271297,1969,149,481,1904,Active,,,https://www.redfin.com/FL/Palm-Beach/2295-S-Ocean-Blvd-33480/unit-404/home/42441125,Beaches MLS,RX-11068402,N,Y,26.6365608,-80.0383664
MLS Listing,,Single Family Residential,231 Via Las Brisas,Palm Beach,FL,33480,21500000,5,7.0,Phipps Estates,5444,19800,1999,150,3949,1250,Active,,,https://www.redfin.com/FL/Palm-Beach/231-Via-Las-Brisas-33480/home/42431574,Beaches MLS,RX-11067949,N,Y,26.7299707,-80.038802
MLS Listing,,Condo/Co-op,2100 S Ocean Blvd Unit 502s,Palm Beach,FL,33480,4900000,2,2.5,Twenty One Hundred Condo,2385,,1980,150,2055,4451,Active,,,https://www.redfin.com/FL/Palm-Beach/2100-S-Ocean-Blvd-33480/unit-502S/home/42442704,Beaches MLS,RX-11067863,N,Y,26.6422925,-80.038181
MLS Listing,,Condo/Co-op,2500 S Ocean Blvd Unit 1 D 2,Palm Beach,FL,33480,3250000,3,3.0,Twenty Five Hundred South Ocean Blvd Condo,3093,,1983,151,1051,4615,Active,,,https://www.redfin.com/FL/Palm-Beach/2500-S-Ocean-Blvd-33480/unit-1D2/home/42437038,Beaches MLS,RX-11067443,N,Y,26.6289414,-80.0376301
MLS Listing,,Single Family Residential,200 Bahama Ln,Palm Beach,FL,33480,17950000,4,6.5,Bahama Addition,5842,13559,2024,154,3073,,Active,,,https://www.redfin.com/FL/Palm-Beach/200-Bahama-Ln-33480/home/42431196,Beaches MLS,RX-11066746,N,Y,26.745968,-80.0370281
MLS Listing,,Single Family Residential,259 Oleander Ave,Palm Beach,FL,33480,7950000,4,4.5,Erbs Daisy E Add,2493,3360,2025,156,3189,,Active,,,https://www.redfin.com/FL/Palm-Beach/259-Oleander-Ave-33480/home/42437501,Beaches MLS,RX-11066166,N,Y,26.7215931,-80.040349
MLS Listing,,Single Family Residential,1435 N Ocean Way,Palm Beach,FL,33480,10995000,4,4.5,Esplanade Estates,3279,12206,1967,156,3353,,Active,,,https://www.redfin.com/FL/Palm-Beach/1435-N-Ocean-Way-33480/home/42430392,Beaches MLS,RX-11066149,N,Y,26.7644043,-80.0381463
MLS Listing,,Condo/Co-op,3475 S Ocean Blvd #210,Palm Beach,FL,33480,548980,2,2.0,La Bonnie Vie Condo,1395,157742,1967,157,394,1674,Active,,,https://www.redfin.com/FL/Palm-Beach/3475-S-Ocean-Blvd-33480/unit-210/home/183065054,Beaches MLS,RX-11065606,N,Y,26.5937213,-80.0374901
MLS Listing,,Condo/Co-op,3450 S Ocean Blvd #7270,Palm Beach,FL,33480,399000,1,1.0,PATRICIAN OF PALM BEACH C,924,,1971,159,432,1176,Active,,,https://www.redfin.com/FL/Palm-Beach/3450-S-Ocean-Blvd-33480/unit-7270/home/42447554,MARMLS,A11749506,N,Y,26.5954864,-80.0378277
MLS Listing,,Condo/Co-op,2773 S Ocean Blvd #3140,Palm Beach,FL,33480,750000,2,2.0,Carlyle House Condo,1457,,1973,159,515,2126,Active,,,https://www.redfin.com/FL/Palm-Beach/2773-S-Ocean-Blvd-33480/unit-3140/home/42435402,Beaches MLS,RX-11065154,N,Y,26.6211054,-80.039837
MLS Listing,,Single Family Residential,631 Island Dr,Palm Beach,FL,33480,39750000,6,8.5,Everglades Island IN,6800,,1961,162,5846,,Active,,,https://www.redfin.com/FL/Palm-Beach/631-Island-Dr-33480/home/42436151,Beaches MLS,RX-11064277,N,Y,26.6942878,-80.0439444
MLS Listing,,Condo/Co-op,2840 S Ocean Blvd #5070,Palm Beach,FL,33480,459000,2,2.0,Royal Saxon Inc,946,161921,1968,167,485,994,Active,,,https://www.redfin.com/FL/Palm-Beach/2840-S-Ocean-Blvd-33480/unit-5070/home/42444525,Beaches MLS,RX-11062870,N,Y,26.6179909,-80.039786
MLS Listing,,Single Family Residential,228 Phipps,Palm Beach,FL,33480,6495000,2,2.0,Plaza PL,1318,7646,1941,168,4928,,Active,,,https://www.redfin.com/FL/Palm-Beach/228-Phipps-Plz-33480/home/42437511,Beaches MLS,RX-11062550,N,Y,26.706279,-80.0379166
MLS Listing,,Condo/Co-op,2600 S Ocean Blvd Unit 503w,Palm Beach,FL,33480,3999000,3,3.0,Twenty Six Hundred Condo,2404,,1977,169,1663,2625,Active,,,https://www.redfin.com/FL/Palm-Beach/2600-S-Ocean-Blvd-33480/unit-503W/home/42443032,Beaches MLS,RX-11061257,N,Y,26.6259819,-80.0374079
MLS Listing,,Condo/Co-op,3450 S Ocean Blvd #4050,Palm Beach,FL,33480,350000,1,1.0,Patrician OF Palm Beach Condo,952,,1971,169,368,1103,Active,,,https://www.redfin.com/FL/Palm-Beach/3450-S-Ocean-Blvd-33480/unit-4050/home/42441021,Beaches MLS,RX-11062061,N,Y,26.5954864,-80.0378277
MLS Listing,,Townhouse,401 Chilean Ave,Palm Beach,FL,33480,12900000,3,5.5,Royal Park,4712,8750,2000,171,2738,,Active,,,https://www.redfin.com/FL/Palm-Beach/401-Chilean-Ave-33480/home/42539068,Beaches MLS,RX-11061346,N,Y,26.7027588,-80.0413384
MLS Listing,,Condo/Co-op,2190 Ibis Isle Rd #2,Palm Beach,FL,33480,750000,1,1.0,Villa Tambour Ibis Isle Condo,1012,,1968,172,741,1187,Active,,,https://www.redfin.com/FL/Palm-Beach/2190-Ibis-Isle-Rd-33480/unit-2/home/42438315,Beaches MLS,RX-11061140,N,Y,26.6390917,-80.0421264
MLS Listing,,Condo/Co-op,170 Chilean Ave Unit 2d,Palm Beach,FL,33480,1995000,2,2.0,Everglades Plaza Condo,1201,,1976,172,1661,1655,Active,,,https://www.redfin.com/FL/Palm-Beach/170-Chilean-Ave-33480/unit-2D/home/42435327,Beaches MLS,RX-11060860,N,Y,26.7022088,-80.0359474
MLS Listing,,Vacant Land,1980 S Ocean Blvd,Palm Beach,FL,33480,200000000,,,Palm Beach Estates,,83200,,172,,,Active,,,https://www.redfin.com/FL/Palm-Beach/1980-S-Ocean-Blvd-33480/home/42442499,Beaches MLS,RX-11060793,N,Y,26.6471752,-80.0376124
MLS Listing,,Condo/Co-op,2840 S Ocean Blvd #413,Palm Beach,FL,33480,519000,2,2.0,Royal Saxon Inc,1124,161921,1968,175,462,1165,Active,,,https://www.redfin.com/FL/Palm-Beach/2840-S-Ocean-Blvd-33480/unit-413/home/194549466,Beaches MLS,RX-11057538,N,Y,26.6179909,-80.039786
MLS Listing,,Condo/Co-op,220 Atlantic Ave #1,Palm Beach,FL,33480,1950000,2,2.5,Atlantic Palms Cond,765,,1978,178,2549,1555,Active,,,https://www.redfin.com/FL/Palm-Beach/220-Atlantic-Ave-33480/unit-1/home/193115056,Beaches MLS,RX-11059230,N,Y,26.7233208,-80.0387909
MLS Listing,,Condo/Co-op,2000 S Ocean Blvd Unit 201n,Palm Beach,FL,33480,5700000,3,3.5,Two Thousand Cond AT Sloans Curve Decl Filed 12-21-81,3264,,1981,179,1746,,Active,,,https://www.redfin.com/FL/Palm-Beach/2000-S-Ocean-Blvd-33480/unit-201N/home/42653300,Beaches MLS,RX-11058711,N,Y,26.6443593,-80.0379546
MLS Listing,,Condo/Co-op,2100 S Ocean Blvd Unit 602s,Palm Beach,FL,33480,4699000,2,2.5,Twenty One Hundred Condo,2385,,1980,179,1970,3339,Active,,,https://www.redfin.com/FL/Palm-Beach/2100-S-Ocean-Blvd-33480/unit-602S/home/42436214,Beaches MLS,RX-11058640,N,Y,26.6422925,-80.038181
MLS Listing,,Condo/Co-op,3456 S Ocean Blvd #503,Palm Beach,FL,33480,1100000,2,2.0,Claridges I Cond,1523,,1973,182,722,1622,Active,,,https://www.redfin.com/FL/Palm-Beach/3456-S-Ocean-Blvd-33480/unit-503/home/169950068,Beaches MLS,RX-11057584,N,Y,26.594783,-80.037352
MLS Listing,,Single Family Residential,422 Australian Ave,Palm Beach,FL,33480,13999000,4,5.5,Royal Park,3765,6250,2025,184,3718,,Active,,,https://www.redfin.com/FL/Palm-Beach/422-Australian-Ave-33480/home/42437853,Beaches MLS,RX-11056916,N,Y,26.7032017,-80.0420033
MLS Listing,,Condo/Co-op,227 Australian Ave Unit 3e,Palm Beach,FL,33480,2850000,2,2.0,Melborne House Condo,1287,,1985,184,2214,2892,Active,,,https://www.redfin.com/FL/Palm-Beach/227-Australian-Ave-33480/unit-3e/home/194502218,Beaches MLS,RX-11056886,N,Y,26.7035268,-80.0378936
MLS Listing,,Condo/Co-op,3440 S Ocean Blvd Unit 402s,Palm Beach,FL,33480,3495000,3,3.0,Halcyon OF Palm Beach,2131,,1980,185,1640,2581,Active,,,https://www.redfin.com/FL/Palm-Beach/3440-S-Ocean-Blvd-33480/unit-402S/home/42437710,Beaches MLS,RX-11054815,N,Y,26.5966352,-80.0379086
MLS Listing,,Single Family Residential,235 Sunrise Ave #3008,Palm Beach,FL,33480,337500,1,1.0,Palm Beach Hotel Condo,271,,1925,188,1245,871,Active,,,https://www.redfin.com/FL/Palm-Beach/235-Sunrise-Ave-33480/unit-3008/home/42439858,Beaches MLS,RX-11055838,N,Y,26.720382,-80.0393022
MLS Listing,,Single Family Residential,13 Via Vizcaya,Palm Beach,FL,33480,23500000,3,5.0,Via Vizcaya,5913,21419,2007,191,3974,,Active,,,https://www.redfin.com/FL/Palm-Beach/13-Via-Vizcaya-33480/home/42575435,Beaches MLS,RX-11054990,N,Y,26.6849349,-80.0374092
MLS Listing,,Single Family Residential,1265 N Lake Way,Palm Beach,FL,33480,59500000,5,7.0,Bello Lido,7057,19166,2025,191,8431,,Active,,,https://www.redfin.com/FL/Palm-Beach/1265-N-Lake-Way-33480/home/42437360,Beaches MLS,RX-11054984,N,Y,26.7586671,-80.0408391
MLS Listing,,Condo/Co-op,150 Bradley Pl Unit 606-T,Palm Beach,FL,33480,4195000,2,2.0,Palm Beach Biltmore Cond Decl Filed 7-9-80,1501,,1926,191,2795,2775,Active,,,https://www.redfin.com/FL/Palm-Beach/150-Bradley-Pl-33480/unit-606-T/home/194391642,Beaches MLS,RX-11054967,N,Y,26.7204848,-80.0415784
MLS Listing,,Condo/Co-op,2295 S Ocean Blvd #321,Palm Beach,FL,33480,799000,1,1.5,Twenty Two Ninety Five South Ocean Blvd,1038,271297,1969,191,770,1365,Active,,,https://www.redfin.com/FL/Palm-Beach/2295-S-Ocean-Blvd-33480/unit-321/home/42441132,Beaches MLS,RX-11054805,N,Y,26.6365608,-80.0383664
MLS Listing,,Condo/Co-op,2100 S Ocean Blvd Unit 408n & Cabana 9n,Palm Beach,FL,33480,8950000,3,3.0,Twenty One Hundred Condo,3191,,1980,192,2805,4395,Active,,,https://www.redfin.com/FL/Palm-Beach/2100-S-Ocean-Blvd-33480/unit-408N/home/42443555,Beaches MLS,RX-11054568,N,Y,26.6422925,-80.038181
MLS Listing,,Condo/Co-op,2760 S Ocean Blvd #514,Palm Beach,FL,33480,649000,2,2.0,Regency OF Palm Beach Inc,1358,147025,1969,192,478,1466,Active,,,https://www.redfin.com/FL/Palm-Beach/2760-S-Ocean-Blvd-33480/unit-514/home/42444615,Beaches MLS,RX-11054536,N,Y,26.6220905,-80.0395999
MLS Listing,,Condo/Co-op,2780 S Ocean Blvd #0210,Palm Beach,FL,33480,999000,2,2.0,Ambassador II Corp,1294,180559,1968,195,772,2147,Active,,,https://www.redfin.com/FL/Palm-Beach/2780-S-Ocean-Blvd-33480/unit-210/home/42438348,Beaches MLS,RX-11053749,N,Y,26.6196761,-80.0376455
MLS Listing,,Condo/Co-op,120 Sunset Ave W Unit 3a,Palm Beach,FL,33480,9975000,3,3.5,Leverett House Condo,3140,,1982,197,3177,12252,Active,,,https://www.redfin.com/FL/Palm-Beach/120-Sunset-Ave-33480/unit-3a/home/194321455,Beaches MLS,RX-11052914,N,Y,26.7189006,-80.0356459
MLS Listing,,Single Family Residential,2315 Ibis Isle Rd S,Palm Beach,FL,33480,17900000,4,4.5,Ibis Isle,4316,18849,2023,198,4147,,Active,,,https://www.redfin.com/FL/South-Palm-Beach/2315-Ibis-Isle-Rd-E-33480/home/42435824,Beaches MLS,RX-11052744,N,Y,26.6359146,-80.0409622
MLS Listing,,Single Family Residential,231 Cocoanut Row,Palm Beach,FL,33480,3995000,3,2.0,Poinciana Park 3rd Add,1027,4000,1943,198,3890,,Active,,,https://www.redfin.com/FL/Palm-Beach/231-Cocoanut-Row-33480/home/42443031,Beaches MLS,RX-11052516,N,Y,26.7073968,-80.040781
MLS Listing,,Condo/Co-op,3456 S Ocean Blvd #2060,Palm Beach,FL,33480,995000,2,2.0,Claridges I Condo,1448,,1973,199,687,1481,Active,,,https://www.redfin.com/FL/Palm-Beach/3456-S-Ocean-Blvd-33480/unit-2060/home/42445102,Beaches MLS,RX-11052217,N,Y,26.5948359,-80.0373038
MLS Listing,,Condo/Co-op,3300 S Ocean Blvd Unit 305n,Palm Beach,FL,33480,4250000,3,3.5,Meridian OF Palm Beach Condo,2470,,1981,199,1721,2100,Active,,,https://www.redfin.com/FL/Palm-Beach/3300-S-Ocean-Blvd-33480/unit-305N/home/42439297,Beaches MLS,RX-11052206,N,Y,26.6017683,-80.0371844
MLS Listing,,Single Family Residential,223 Coral Ln,Palm Beach,FL,33480,14995000,5,7.0,Stotesbury Park Rev,4899,14147,2002,200,3061,,Active,,,https://www.redfin.com/FL/Palm-Beach/223-Coral-Ln-33480/home/42434405,Beaches MLS,RX-11051802,N,Y,26.7267911,-80.0397388
MLS Listing,,Single Family Residential,710 S County Rd,Palm Beach,FL,33480,52500000,3,6.5,N/a,8463,57499,1983,204,6203,,Active,,,https://www.redfin.com/FL/Palm-Beach/710-S-County-Rd-33480/home/42433980,Beaches MLS,RX-11050560,N,Y,26.6894806,-80.0353215
MLS Listing,,Condo/Co-op,3000 S Ocean Blvd Unit 503/504,Palm Beach,FL,33480,9995000,5,7.0,Bellaria Condo,7140,,2006,205,1400,12248,Active,,,https://www.redfin.com/FL/Palm-Beach/3000-S-Ocean-Blvd-33480/unit-503-504/home/113609457,Beaches MLS,RX-11050261,N,Y,26.6112532,-80.0380468
MLS Listing,,Condo/Co-op,2000 S Ocean Blvd Unit 107n,Palm Beach,FL,33480,2995000,2,2.5,Two Thousand Condo,2640,,1981,205,1134,2952,Active,,,https://www.redfin.com/FL/Palm-Beach/2000-S-Ocean-Blvd-33480/unit-107N/home/42435908,Beaches MLS,RX-11050237,N,Y,26.6443593,-80.0379546
MLS Listing,,Townhouse,180 Sunset Ave,Palm Beach,FL,33480,13900000,3,4.5,Floral Park,3702,,2016,205,3755,,Active,,,https://www.redfin.com/FL/Palm-Beach/180-Sunset-Ave-33480/home/42546767,Beaches MLS,RX-11050214,N,Y,26.718865,-80.037387
MLS Listing,,Condo/Co-op,3140 S Ocean Blvd Unit 203s,Palm Beach,FL,33480,3350000,3,3.0,Carlton Place Condo,2695,,1982,205,1243,3860,Active,,,https://www.redfin.com/FL/Palm-Beach/3140-S-Ocean-Blvd-33480/unit-203S/home/42441255,Beaches MLS,RX-11049992,N,Y,26.6066562,-80.0380632
MLS Listing,,Condo/Co-op,3200 S Ocean Blvd Unit B303,Palm Beach,FL,33480,825000,2,2.0,Thirty Two Hundred Condo,1476,,1977,206,559,1836,Active,,,https://www.redfin.com/FL/Palm-Beach/3200-S-Ocean-Blvd-33480/unit-B303/home/42448156,Beaches MLS,RX-11049833,N,Y,26.6043265,-80.0372225
MLS Listing,,Condo/Co-op,3300 S Ocean Blvd Unit 203 N,Palm Beach,FL,33480,1895000,3,3.0,Meridian OF Palm Beach Condo,2196,,1981,207,863,2965,Active,,,https://www.redfin.com/FL/Palm-Beach/3300-S-Ocean-Blvd-33480/unit-203N/home/42439754,Beaches MLS,RX-11049343,N,Y,26.6017683,-80.0371844
MLS Listing,,Condo/Co-op,2860 S Ocean Blvd #506,Palm Beach,FL,33480,1325000,3,2.0,LA Palma Condo,1668,,1971,210,794,1674,Active,,,https://www.redfin.com/FL/Palm-Beach/2860-S-Ocean-Blvd-33480/unit-506/home/42441941,Beaches MLS,RX-11048757,N,Y,26.6166509,-80.0396142
MLS Listing,,Single Family Residential,235 Sunrise Ave #2241,Palm Beach,FL,33480,580000,1,1.0,Palm Beach Hotel Condo,389,,1925,210,1491,1127,Active,,,https://www.redfin.com/FL/Palm-Beach/235-Sunrise-Ave-33480/unit-2241/home/42435329,Beaches MLS,RX-11048312,N,Y,26.720382,-80.0393022
MLS Listing,,Condo/Co-op,2295 S Ocean Blvd #518,Palm Beach,FL,33480,675000,2,2.0,Twenty Two Ninety Five South Ocean Blvd,1559,,1969,211,433,1904,Active,,,https://www.redfin.com/FL/Palm-Beach/2295-S-Ocean-Blvd-33480/unit-518/home/42434188,Beaches MLS,RX-11048359,N,Y,26.6365608,-80.0383664
MLS Listing,,Condo/Co-op,3450 S Ocean Blvd #2030,Palm Beach,FL,33480,509000,2,2.0,PATRICIAN OF PALM BEACH C,1496,,1971,214,340,1881,Active,,,https://www.redfin.com/FL/Palm-Beach/3450-S-Ocean-Blvd-33480/unit-2030/home/42439555,MARMLS,A11712581,N,Y,26.5954864,-80.0378277
MLS Listing,,Condo/Co-op,44 Cocoanut Row Unit 120b,Palm Beach,FL,33480,4225000,3,2.5,Palm Beach Towers Condo,1501,,1956,214,2815,2631,Active,,,https://www.redfin.com/FL/Palm-Beach/44-Cocoanut-Row-33480/unit-120B/home/42438963,Beaches MLS,RX-11047699,N,Y,26.7150645,-80.0420943
MLS Listing,,Single Family Residential,301 Polmer Park Rd,Palm Beach,FL,33480,22800000,6,7.5,Polmer Park,6365,22939,1973,221,3582,,Active,,,https://www.redfin.com/FL/Palm-Beach/301-Polmer-Park-Rd-33480/home/42430052,Beaches MLS,RX-11046885,N,Y,26.7381374,-80.0400594
MLS Listing,,Condo/Co-op,3450 S Ocean Blvd #522,Palm Beach,FL,33480,850000,2,2.5,Patrician OF Palm Beach Condo,1670,,1971,221,509,2351,Active,,,https://www.redfin.com/FL/Palm-Beach/3450-S-Ocean-Blvd-33480/unit-522/home/193409087,Beaches MLS,RX-11046739,N,Y,26.5948341,-80.037302
MLS Listing,,Condo/Co-op,3450 S Ocean Blvd #225,Palm Beach,FL,33480,325000,1,1.5,Patrician Of Palm Beach,1008,,1971,224,322,1378,Active,,,https://www.redfin.com/FL/Palm-Beach/3450-S-Ocean-Blvd-33480/unit-225/home/104362341,Beaches MLS,F10476716,N,Y,26.594835,-80.0373029
MLS Listing,,Condo/Co-op,2860 S Ocean Blvd #214,Palm Beach,FL,33480,699000,3,2.0,LA Palma Condo,1578,,1971,225,443,1674,Active,,,https://www.redfin.com/FL/Palm-Beach/2860-S-Ocean-Blvd-33480/unit-214/home/42434444,Beaches MLS,RX-11046008,N,Y,26.6166509,-80.0396142
MLS Listing,,Condo/Co-op,2 N Breakers Row Unit N Ph4,Palm Beach,FL,33480,16500000,3,4.5,Two North Breakers Row Condo,3719,,1986,228,4437,13577,Active,,,https://www.redfin.com/FL/Palm-Beach/2-N-Breakers-Row-33480/unit-N-Ph4/home/193946793,Beaches MLS,RX-11045340,N,Y,26.7171465,-80.0343964
MLS Listing,,Single Family Residential,510 N Lake Way,Palm Beach,FL,33480,19995000,4,6.5,Tangier Est,6239,17200,1995,234,3205,,Active,,,https://www.redfin.com/FL/Palm-Beach/510-N-Lake-Way-33480/home/42433986,Beaches MLS,RX-11043720,N,Y,26.7324134,-80.0404746
MLS Listing,,Condo/Co-op,"3200 S Ocean Boulevard, D501",Palm Beach,FL,33480,649000,2,2.0,Thirty Two Hundred Condo,1476,,1977,237,440,1836,Active,,,https://www.redfin.com/FL/Palm-Beach/3200-S-Ocean-Blvd-33480/unit-D501/home/42437223,Beaches MLS,RX-11043183,N,Y,26.6043265,-80.0372225
MLS Listing,,Condo/Co-op,130 Sunrise Ave #616,Palm Beach,FL,33480,2495000,1,1.5,Sun & Surf One Hundred & One Hundred Thirty Condos,1097,,1977,238,2274,2719,Active,,,https://www.redfin.com/FL/Palm-Beach/130-Sunrise-Ave-33480/unit-616/home/104437484,Beaches MLS,RX-11043005,N,Y,26.7195408,-80.0364202
MLS Listing,,Single Family Residential,245 Dunbar Rd,Palm Beach,FL,33480,23900000,8,9.0,Adams,7175,19500,1905,238,3331,,Active,,,https://www.redfin.com/FL/Palm-Beach/245-Dunbar-Rd-33480/home/42438419,Beaches MLS,RX-11042798,N,Y,26.7247651,-80.0397243
MLS Listing,,Condo/Co-op,3475 S Ocean Blvd #3150,Palm Beach,FL,33480,649000,2,2.0,LA Bonne Vie Condo,1395,,1967,239,465,1664,Active,,,https://www.redfin.com/FL/Palm-Beach/3475-S-Ocean-Blvd-33480/unit-3150/home/42440940,Beaches MLS,RX-11042443,N,Y,26.5937213,-80.0374901
MLS Listing,,Condo/Co-op,3120 S Ocean Blvd #2101,Palm Beach,FL,33480,3195000,3,3.0,Thirty One Twenty Condo,2570,,1984,241,1243,3498,Active,,,https://www.redfin.com/FL/Palm-Beach/3120-S-Ocean-Blvd-33480/unit-2101/home/192591807,Beaches MLS,RX-11041963,N,Y,26.6083075,-80.0369909
MLS Listing,,Condo/Co-op,3460 S Ocean Blvd #608,Palm Beach,FL,33480,699500,2,2.0,Claridges II Condo,1450,120,1973,243,482,1475,Active,,,https://www.redfin.com/FL/Palm-Beach/3460-S-Ocean-Blvd-33480/unit-608/home/180851839,Beaches MLS,RX-11041290,N,Y,26.5948668,-80.0382627
MLS Listing,,Condo/Co-op,3456 S Ocean Blvd #5020,Palm Beach,FL,33480,1400000,2,2.0,Claridges I Condo,1264,,1973,247,1108,1297,Active,,,https://www.redfin.com/FL/Palm-Beach/3456-S-Ocean-Blvd-33480/unit-5020/home/42448169,Beaches MLS,RX-11040720,N,Y,26.5948359,-80.0373038
MLS Listing,,Single Family Residential,301 Australian Ave #303,Palm Beach,FL,33480,1950000,1,1.0,Brazilian Court Hotel And Condo,622,,1935,247,3135,2384,Active,,,https://www.redfin.com/FL/Palm-Beach/301-Australian-Ave-33480/unit-303/home/64096781,Beaches MLS,RX-11040683,N,Y,26.704157,-80.0391449
MLS Listing,,Single Family Residential,5 Via Sunny,Palm Beach,FL,33480,35900000,8,10.5,Primavera Estates (lake Front),8376,44932,1998,248,4286,,Active,,,https://www.redfin.com/FL/Palm-Beach/5-Via-Sunny-33480/home/42438625,Beaches MLS,RX-11040502,N,Y,26.7109712,-80.0417941
MLS Listing,,Single Family Residential,424 Brazilian Ave,Palm Beach,FL,33480,13675000,5,5.5,Royal Park,4276,8550,1924,249,3198,,Active,,,https://www.redfin.com/FL/Palm-Beach/424-Brazilian-Ave-33480/home/42444363,Beaches MLS,RX-11040118,N,Y,26.7041738,-80.0420422
MLS Listing,,Single Family Residential,1246 N Lake Way,Palm Beach,FL,33480,34900000,5,7.5,Alto Lido,4649,14583,1962,260,7507,,Active,,,https://www.redfin.com/FL/Palm-Beach/1246-N-Lake-Way-33480/home/42432196,Beaches MLS,RX-11037070,N,Y,26.7578981,-80.0409335
MLS Listing,,Condo/Co-op,2170 Ibis Isle Rd #1,Palm Beach,FL,33480,2495000,2,2.0,Villa Serein OF Ibis Isle Condo,1473,,1968,266,1694,1279,Active,,,https://www.redfin.com/FL/Palm-Beach/2170-Ibis-Isle-Rd-33480/unit-1/home/179803545,Beaches MLS,RX-11035427,N,Y,26.6401838,-80.0419221
MLS Listing,,Vacant Land,157 Wells Rd,Palm Beach,FL,33480,18950000,,,Wells Circle Replat Pb26p244 & Pb28p52,4437,29400,,266,4271,,Active,,,https://www.redfin.com/FL/Palm-Beach/157-Wells-Rd-33480/home/42430355,Beaches MLS,RX-11035271,N,Y,26.7259686,-80.03775
MLS Listing,,Single Family Residential,1260 N Lake Way,Palm Beach,FL,33480,69500000,5,7.5,Bello Lido,7016,21279,2024,267,9906,,Active,,,https://www.redfin.com/FL/Palm-Beach/1260-N-Lake-Way-33480/home/42431388,Beaches MLS,RX-11034933,N,Y,26.7584107,-80.0408188
MLS Listing,,Condo/Co-op,3400 S Ocean Blvd Unit 4c1,Palm Beach,FL,33480,2195000,2,2.0,Atriums OF Palm Beach Condo,1811,,1979,267,1212,1950,Active,,,https://www.redfin.com/FL/Palm-Beach/3400-S-Ocean-Blvd-33480/unit-4C1/home/104340309,Beaches MLS,RX-11034855,N,Y,26.5976974,-80.0373387
MLS Listing,,Single Family Residential,250 Angler Ave,Palm Beach,FL,33480,24000000,7,7.0,Ocean Terrace,8533,37026,2015,268,2813,,Active,,,https://www.redfin.com/FL/Palm-Beach/250-Angler-Ave-33480/home/42430829,Beaches MLS,RX-11025629,N,Y,26.761463,-80.0400962
MLS Listing,,Single Family Residential,218 Seabreeze Ave,Palm Beach,FL,33480,25000000,4,5.5,Poinciana Park,4653,12249,2009,273,5373,,Active,,,https://www.redfin.com/FL/Palm-Beach/218-Seabreeze-Ave-33480/home/42670077,Beaches MLS,RX-11033517,N,Y,26.7083426,-80.0374213
MLS Listing,,Condo/Co-op,2500 S Ocean Blvd Unit 2 D 1,Palm Beach,FL,33480,3250000,3,3.0,Twenty Five Hundred South Ocean Blvd Condo,2726,,1978,273,1192,4615,Active,,,https://www.redfin.com/FL/Palm-Beach/2500-S-Ocean-Blvd-33480/unit-2D1/home/42435702,Beaches MLS,RX-11033441,N,Y,26.6289414,-80.0376301
MLS Listing,,Mobile/Manufactured Home,369 S Lake Dr Unit 2b,Palm Beach,FL,33480,2100000,1,1.5,Park Place Inc,1032,46129,1961,276,2035,3062,Active,,,https://www.redfin.com/FL/Palm-Beach/369-S-Lake-Dr-33480/unit-2B/home/42435086,Beaches MLS,RX-11032450,N,Y,26.7029021,-80.0434067
MLS Listing,,Single Family Residential,235 Sunrise Ave #3006,Palm Beach,FL,33480,435000,1,1.0,Palm Beach Hotel Condo,271,,1925,277,1605,853,Active,,,https://www.redfin.com/FL/Palm-Beach/235-Sunrise-Ave-33480/unit-3006/home/42434346,Beaches MLS,RX-11032171,N,Y,26.720382,-80.0393022
MLS Listing,,Condo/Co-op,139 Sunrise Ave #306,Palm Beach,FL,33480,1150000,1,1.0,Ocean Towers South Condo,690,,1980,277,1667,1221,Active,,,https://www.redfin.com/FL/Palm-Beach/139-Sunrise-Ave-33480/unit-306/home/193336965,Beaches MLS,RX-11032067,N,Y,26.7203632,-80.0359807
MLS Listing,,Condo/Co-op,389 S Lake Dr Unit 2h,Palm Beach,FL,33480,1900000,2,2.0,Three Eighty Nine Corp Lessee,1577,,1967,283,1205,3012,Active,,,https://www.redfin.com/FL/Palm-Beach/389-S-Lake-Dr-33480/unit-2H/home/42435019,Beaches MLS,RX-11030664,N,Y,26.7020634,-80.0431447
MLS Listing,,Condo/Co-op,2185 Ibis Isle Rd #10,Palm Beach,FL,33480,1395000,2,2.0,Chateau Chantilly of Ibis Isle,1476,,1969,287,945,1333,Active,,,https://www.redfin.com/FL/Palm-Beach/2185-Ibis-Isle-Rd-33480/unit-10/home/42437780,Beaches MLS,RX-11029693,N,Y,26.6399431,-80.0412343
MLS Listing,,Single Family Residential,1540 S Ocean Blvd,Palm Beach,FL,33480,84950000,8,13.5,Ocean View,14969,42710,2025,288,5675,,Active,,,https://www.redfin.com/FL/Palm-Beach/1540-S-Ocean-Blvd-33480/home/42436453,Beaches MLS,RX-11029429,N,Y,26.662479,-80.037057
MLS Listing,,Single Family Residential,284 Monterey Rd,Palm Beach,FL,33480,10750000,3,3.5,Gregory Addition,2551,8364,1948,288,4214,,Active,,,https://www.redfin.com/FL/Palm-Beach/284-Monterey-Rd-33480/home/42435207,Beaches MLS,RX-11029339,N,Y,26.752669,-80.0405892
MLS Listing,,Condo/Co-op,425 Worth Ave Unit 2f,Palm Beach,FL,33480,6495000,3,4.0,Villas Inc,3232,72620,1971,288,2010,5152,Active,,,https://www.redfin.com/FL/Palm-Beach/425-Worth-Ave-33480/unit-2F/home/42433577,Beaches MLS,RX-11029316,N,Y,26.7014367,-80.0420094
MLS Listing,,Condo/Co-op,2784 S Ocean Blvd Unit 402n,Palm Beach,FL,33480,1495000,2,2.0,Cove Cond,1659,,1975,291,901,2427,Active,,,https://www.redfin.com/FL/Palm-Beach/2784-S-Ocean-Blvd-33480/unit-402N/home/42441611,Beaches MLS,RX-11028396,N,Y,26.618753,-80.0398454
MLS Listing,,Condo/Co-op,2784 S Ocean Blvd Unit 505n,Palm Beach,FL,33480,1190000,2,2.5,Cove Condo,1540,,1975,295,773,2426,Active,,,https://www.redfin.com/FL/Palm-Beach/2784-S-Ocean-Blvd-33480/unit-505N/home/42442117,Beaches MLS,RX-11027623,N,Y,26.618753,-80.0398454
MLS Listing,,Condo/Co-op,3440 S Ocean Blvd Unit 201n,Palm Beach,FL,33480,1795000,3,2.5,Halcyon OF Palm Beach,2230,,1980,297,805,3570,Active,,,https://www.redfin.com/FL/Palm-Beach/3440-S-Ocean-Blvd-33480/unit-201N/home/42648701,Beaches MLS,RX-11027275,N,Y,26.5966352,-80.0379086
MLS Listing,,Condo/Co-op,2840 S Ocean Blvd #2060,Palm Beach,FL,33480,459000,2,2.0,Royal Saxon Inc,946,,1968,302,485,925,Active,,,https://www.redfin.com/FL/Palm-Beach/2840-S-Ocean-Blvd-33480/unit-2060/home/42444967,Beaches MLS,RX-11026213,N,Y,26.6179909,-80.039786
MLS Listing,,Condo/Co-op,2778 S Ocean Blvd Unit 107s,Palm Beach,FL,33480,1395000,2,2.0,Sutton Place Cond Decl Filed 6-19-81,1830,,1981,316,762,1980,Active,,,https://www.redfin.com/FL/Palm-Beach/2778-S-Ocean-Blvd-33480/unit-107S/home/42437746,Beaches MLS,RX-11020329,N,Y,26.620004,-80.0394521
MLS Listing,,Condo/Co-op,2760 S Ocean Blvd #312,Palm Beach,FL,33480,480000,1,1.0,Regency OF Palm Beach Inc,883,147025,1969,319,544,1276,Active,,,https://www.redfin.com/FL/Palm-Beach/2760-S-Ocean-Blvd-33480/unit-312/home/42444577,Beaches MLS,RX-11021196,N,Y,26.6220905,-80.0395999
MLS Listing,,Condo/Co-op,150 Bradley Pl #712,Palm Beach,FL,33480,6495000,2,2.5,Palm Beach Biltmore Condo,1942,,1926,323,3344,3362,Active,,,https://www.redfin.com/FL/Palm-Beach/150-Bradley-Pl-33480/unit-712/home/42433384,Beaches MLS,RX-11020282,N,Y,26.7204848,-80.0415784
MLS Listing,,Condo/Co-op,3450 S Ocean Blvd #611,Palm Beach,FL,33480,425000,1,1.5,Patrician OF Palm Beach Condo,1008,,1971,323,422,1378,Active,,,https://www.redfin.com/FL/Palm-Beach/3450-S-Ocean-Blvd-33480/unit-611/home/45083708,Beaches MLS,RX-11020015,N,Y,26.594835,-80.0373029
MLS Listing,,Condo/Co-op,3120 S Ocean Blvd Unit 1-501,Palm Beach,FL,33480,3295000,3,3.0,Thirty One Twenty Cond Decl Filed 7-28-83 IN,2570,,1984,326,1282,3297,Active,,,https://www.redfin.com/FL/Palm-Beach/3120-S-Ocean-Blvd-33480/unit-1501/home/192441513,Beaches MLS,RX-11019412,N,Y,26.6074716,-80.0372918
MLS Listing,,Condo/Co-op,2660 S Ocean Blvd Unit 405n,Palm Beach,FL,33480,2750000,2,2.5,Beach Point Condo,1900,,1979,328,1447,3047,Active,,,https://www.redfin.com/FL/Palm-Beach/2660-S-Ocean-Blvd-33480/unit-405N/home/42643726,Beaches MLS,RX-11018939,N,Y,26.6239924,-80.037641
MLS Listing,,Condo/Co-op,3475 S Ocean Blvd #2160,Palm Beach,FL,33480,419000,2,2.0,LA Bonne Vie Condo,1395,,1967,334,300,1821,Active,,,https://www.redfin.com/FL/Palm-Beach/3475-S-Ocean-Blvd-33480/unit-2160/home/42440472,Beaches MLS,RX-11012172,N,Y,26.5937213,-80.0374901
MLS Listing,,Single Family Residential,228 Seabreeze Ave,Palm Beach,FL,33480,20900000,3,4.0,Poinciana Park,3556,15311,2013,336,5877,,Active,,,https://www.redfin.com/FL/Palm-Beach/228-Seabreeze-Ave-33480/home/42436562,Beaches MLS,RX-11016885,N,Y,26.7083346,-80.0377945
MLS Listing,,Single Family Residential,216 Pendleton Ave,Palm Beach,FL,33480,7200000,3,3.0,Reverie,2257,5663,1944,336,3190,,Active,,,https://www.redfin.com/FL/Palm-Beach/216-Pendleton-Ave-33480/home/42440168,Beaches MLS,RX-11016812,N,Y,26.7113008,-80.0381314
MLS Listing,,Condo/Co-op,455 Australian Ave Unit 3d,Palm Beach,FL,33480,2175000,2,2.0,Lake Drive Co-op Apts Inc,1096,,1949,339,1984,2027,Active,,,https://www.redfin.com/FL/Palm-Beach/455-Australian-Ave-33480/unit-3D/home/42440628,Beaches MLS,RX-11015792,N,Y,26.7036846,-80.0432444
MLS Listing,,Condo/Co-op,401 Peruvian Ave #3040,Palm Beach,FL,33480,1175000,1,1.0,Peruvian Terrace Condo,604,90,1963,347,1945,1160,Active,,,https://www.redfin.com/FL/Palm-Beach/401-Peruvian-Ave-33480/unit-3040/home/42435692,Beaches MLS,RX-10967455,N,Y,26.7020022,-80.0413456
MLS Listing,,Single Family Residential,241 El Dorado Ln,Palm Beach,FL,33480,19950000,7,7.5,EL Dorado Park,5349,22191,1959,388,3730,,Active,,,https://www.redfin.com/FL/Palm-Beach/241-El-Dorado-Ln-33480/home/42433625,Beaches MLS,RX-11002615,N,Y,26.7394557,-80.0384874
MLS Listing,,Single Family Residential,408 Chilean Ave,Palm Beach,FL,33480,11500000,3,5.0,Royal Park Add TO P B IN,4200,6251,1961,399,2738,,Active,,,https://www.redfin.com/FL/Palm-Beach/408-Chilean-Ave-33480/home/42437197,Beaches MLS,RX-11000185,N,Y,26.7023452,-80.0414801
MLS Listing,,Condo/Co-op,2860 S Ocean Blvd #203,Palm Beach,FL,33480,549000,2,2.0,La Palma Cond Apart Assoc,1210,,1971,399,454,1248,Active,,,https://www.redfin.com/FL/Palm-Beach/2860-S-Ocean-Blvd-33480/unit-203/home/42435921,Beaches MLS,F10448431,N,Y,26.6166509,-80.0396142
MLS Listing,,Condo/Co-op,2780 S Ocean Blvd #709,Palm Beach,FL,33480,875000,2,2.0,Ambassador,1294,,1968,399,676,2776,Active,,,https://www.redfin.com/FL/Palm-Beach/2780-S-Ocean-Blvd-33480/unit-709/home/42438386,Beaches MLS,RX-10979307,N,Y,26.6196761,-80.0376455
MLS Listing,,Single Family Residential,125 Via Vizcaya,Palm Beach,FL,33480,14995000,5,6.0,Via Vizcaya Add IN,4187,11273,2002,399,3581,,Active,,,https://www.redfin.com/FL/Palm-Beach/125-Via-Vizcaya-33480/home/42436758,Beaches MLS,RX-10999998,N,Y,26.6851886,-80.0361364
MLS Listing,,Condo/Co-op,3475 S Ocean Blvd S #5100,Palm Beach,FL,33480,625000,2,2.0,LA Bonne Vie Condo,1395,,1967,401,448,1674,Active,,,https://www.redfin.com/FL/South-Palm-Beach/3475-S-Ocean-Blvd-33480/home/185744543,Beaches MLS,RX-10999510,N,Y,26.5940453,-80.0378508
MLS Listing,,Condo/Co-op,3390 S Ocean Blvd #103,Palm Beach,FL,33480,1467000,3,3.0,Emeraude Condo,2145,,1982,407,684,1766,Active,,,https://www.redfin.com/FL/Palm-Beach/3390-S-Ocean-Blvd-33480/unit-103/home/191189387,Beaches MLS,RX-10996329,N,Y,26.599173,-80.0373776
MLS Listing,,Single Family Residential,235 Sunrise Ave #2245,Palm Beach,FL,33480,469000,1,1.0,Palm Beach Hotel Condo,389,,1925,427,1206,1127,Active,,,https://www.redfin.com/FL/Palm-Beach/235-Sunrise-Ave-33480/unit-2245/home/42433834,Beaches MLS,RX-10992229,N,Y,26.720382,-80.0393022
MLS Listing,,Condo/Co-op,2000 S Ocean Blvd Unit 307n,Palm Beach,FL,33480,3550000,2,2.5,Two Thousand Condo,2495,,1981,462,1423,3006,Active,,,https://www.redfin.com/FL/Palm-Beach/2000-S-Ocean-Blvd-33480/unit-307N/home/42653308,Beaches MLS,RX-10981804,N,Y,26.6443593,-80.0379546
MLS Listing,,Single Family Residential,1048 S Ocean Blvd,Palm Beach,FL,33480,23950000,5,8.0,N/a,6676,12741,1952,463,3587,,Active,,,https://www.redfin.com/FL/Palm-Beach/1048-S-Ocean-Blvd-33480/home/42435269,Beaches MLS,RX-10981591,N,Y,26.6794264,-80.0361423
MLS Listing,,Single Family Residential,223 Monterey Rd,Palm Beach,FL,33480,14750000,4,4.5,Gregory Add & Repl Pb16p71 & Pb18p10,4001,8999,2024,471,3687,,Active,,,https://www.redfin.com/FL/Palm-Beach/223-Monterey-Rd-33480/home/42432160,Beaches MLS,RX-10979004,N,Y,26.7529265,-80.0379267
MLS Listing,,Condo/Co-op,100 Royal Palm Way Unit A2,Palm Beach,FL,33480,6495000,3,3.0,One Royal Palm Way Condo,2810,,1969,473,2311,5212,Active,,,https://www.redfin.com/FL/Palm-Beach/100-Royal-Palm-Way-33480/unit-A2/home/42440577,Beaches MLS,RX-10978379,N,Y,26.7052088,-80.0339235
MLS Listing,,Condo/Co-op,2780 S Ocean Blvd #406,Palm Beach,FL,33480,549000,1,1.0,Ambassador II,841,,1968,497,653,1580,Active,,,https://www.redfin.com/FL/Palm-Beach/2780-S-Ocean-Blvd-33480/unit-406/home/42434851,Beaches MLS,RX-10971086,N,Y,26.6196761,-80.0376455
MLS Listing,,Condo/Co-op,2000 S Ocean Blvd Unit 104s,Palm Beach,FL,33480,3595000,3,3.5,Two Thousand Condo,3350,,1981,522,1073,3322,Active,,,https://www.redfin.com/FL/Palm-Beach/2000-S-Ocean-Blvd-33480/unit-104S/home/42588807,Beaches MLS,RX-10963030,N,Y,26.6443593,-80.0379546
MLS Listing,,Condo/Co-op,200 Bradley Pl #301,Palm Beach,FL,33480,5595000,3,2.5,L'ermitage Palm Beach Condo,2335,,1985,561,2396,5628,Active,,,https://www.redfin.com/FL/Palm-Beach/200-Bradley-Pl-33480/unit-301/home/42438215,Beaches MLS,RX-10951514,N,Y,26.7224943,-80.0419293
MLS Listing,,Condo/Co-op,400 S Ocean Blvd Ph -C,Palm Beach,FL,33480,10200000,3,3.0,Four Hundred SO Ocean Blvd Condo,2376,,1965,563,4293,4141,Active,,,https://www.redfin.com/FL/Palm-Beach/400-S-Ocean-Blvd-33480/unit-C/home/108995266,Beaches MLS,RX-10950568,N,Y,26.7018966,-80.0336692
MLS Listing,,Condo/Co-op,3450 S Ocean Blvd #625,Palm Beach,FL,33480,434000,1,1.5,Patrician OF Palm Beach Condo,1008,,1971,651,431,961,Active,,,https://www.redfin.com/FL/Palm-Beach/3450-S-Ocean-Blvd-33480/unit-625/home/185223416,Beaches MLS,RX-10929273,N,Y,26.594835,-80.0373029
MLS Listing,,Condo/Co-op,2580 S Ocean Blvd Unit 1c1,Palm Beach,FL,33480,2595000,3,3.0,Palm Beach Stratford,2660,,1979,835,976,3621,Active,,,https://www.redfin.com/FL/Palm-Beach/2580-S-Ocean-Blvd-33480/unit-1C1/home/42443660,Beaches MLS,RX-10882894,N,Y,26.6267077,-80.0373465
