SALE TYPE,SOLD DATE,PROPERTY TYPE,ADDRESS,CITY,STATE OR PROVINCE,ZIP OR POSTAL CODE,PRICE,BEDS,BATHS,LOCATION,SQUARE FEET,LOT SIZE,YEAR BUILT,DAYS ON MARKET,$/SQUARE FEET,HOA/MONTH,STATUS,NEXT OPEN HOUSE START TIME,NEXT OPEN HOUSE END TIME,URL (SEE https://www.redfin.com/buy-a-home/comparative-market-analysis FOR INFO ON PRICING),SOURCE,MLS#,FAVORITE,INTERESTED,LATITUDE,LONGITUDE
"In accordance with local MLS rules, some MLS listings are not included in the download"
MLS Listing,,Single Family Residential,1249 43rd St,Des Moines,IA,50311,299900,3,2.0,Des Moines,1607,13790,1911,1,187,,Active,,,https://www.redfin.com/IA/Des-Moines/1249-43rd-St-50311/home/123187711,DMMLS,723489,N,Y,41.6021348,-93.6756962
MLS Listing,,Single Family Residential,2511 SE 17th St,Des Moines,IA,50320,325000,3,2.5,Des Moines,1508,9340,1993,1,216,,Active,,,https://www.redfin.com/IA/Des-Moines/2511-SE-17th-St-50320/home/125124979,DMMLS,723132,N,Y,41.5620148,-93.5899417
MLS Listing,,Single Family Residential,314 E Gray St,Des Moines,IA,50315,250000,2,1.5,Des Moines,1960,13543,1926,1,128,,Active,,,https://www.redfin.com/IA/Des-Moines/314-E-Gray-St-50315/home/123307930,DMMLS,723129,N,Y,41.5673356,-93.6105728
MLS Listing,,Single Family Residential,4401 Twana Dr,Des Moines,IA,50310,315000,4,1.5,Des Moines,1264,10620,1987,1,249,,Active,,,https://www.redfin.com/IA/Des-Moines/4401-Twana-Dr-50310/home/123993324,DMMLS,723467,N,Y,41.6395267,-93.6784676
MLS Listing,,Single Family Residential,1712 34th St,Des Moines,IA,50310,235000,3,1.0,Des Moines,1104,5000,1941,1,213,,Active,,,https://www.redfin.com/IA/Des-Moines/1712-34th-St-50310/home/124550414,DMMLS,723480,N,Y,41.6100201,-93.6635716
MLS Listing,,Single Family Residential,1436 21st St,Des Moines,IA,50311,175000,3,1.0,Des Moines,1136,7536,1948,1,154,,Active,,,https://www.redfin.com/IA/Des-Moines/1436-21st-St-50311/home/125135028,DMMLS,723476,N,Y,41.6054675,-93.6455832
MLS Listing,,Single Family Residential,3621 Wakonda Dr,Des Moines,IA,50321,435000,2,1.0,Des Moines,2137,19545,1950,1,204,,Active,,,https://www.redfin.com/IA/Des-Moines/3621-Wakonda-Dr-50321/home/124331908,DMMLS,723473,N,Y,41.5512143,-93.6463299
MLS Listing,,Single Family Residential,4335 NE 26th St,Des Moines,IA,50317,205000,3,2.0,Des Moines,1114,11513,1961,1,184,,Active,,,https://www.redfin.com/IA/Des-Moines/4335-NE-26th-St-50317/home/124255088,DMMLS,723411,N,Y,41.6392306,-93.5687151
MLS Listing,,Single Family Residential,1822 22nd St,Des Moines,IA,50310,185000,3,2.0,Des Moines,770,5363,1918,1,240,,Active,,,https://www.redfin.com/IA/Des-Moines/1822-22nd-St-50310/home/124776841,DMMLS,723471,N,Y,41.6113259,-93.6472055
MLS Listing,,Single Family Residential,885 NW 43rd Ave,Des Moines,IA,50313,165000,2,2.0,Des Moines,750,64468,1947,1,220,,Active,,,https://www.redfin.com/IA/Des-Moines/885-NW-43rd-Ave-50313/home/123804268,DMMLS,723363,N,Y,41.6388554,-93.6293203
MLS Listing,,Mobile/Manufactured Home,6901 SE 14th St #43,Des Moines,IA,50320,40000,3,1.5,Des Moines,1456,,1994,1,27,,Active,,,https://www.redfin.com/IA/Des-Moines/6901-SE-14th-St-50320/unit-43/home/196763344,ICAARMLS,202504925,N,Y,41.5220723,-93.5940712
MLS Listing,,Single Family Residential,2317 Des Moines St,Des Moines,IA,50317,229900,2,1.0,Des Moines,1106,6500,1910,1,208,,Active,August-3-2025 01:00 PM,August-3-2025 03:00 PM,https://www.redfin.com/IA/Des-Moines/2317-Des-Moines-St-50317/home/124663821,DMMLS,723457,N,Y,41.5961971,-93.5742899
MLS Listing,,Single Family Residential,8110 Warren Dr,Des Moines,IA,50320,249900,3,1.5,Des Moines,1116,10400,1961,1,224,,Active,August-3-2025 11:00 AM,August-3-2025 01:00 PM,https://www.redfin.com/IA/Des-Moines/8110-Warren-Dr-50320/home/81953375,DMMLS,723454,N,Y,41.5072285,-93.6143225
MLS Listing,,Single Family Residential,1310 47th St,Des Moines,IA,50311,369900,5,1.5,Des Moines,1532,6950,1925,1,241,,Active,,,https://www.redfin.com/IA/Des-Moines/1310-47th-St-50311/home/124614490,DMMLS,723382,N,Y,41.6026074,-93.6816276
MLS Listing,,Single Family Residential,2806 Cottage Grove Ave,Des Moines,IA,50311,365000,4,3.5,Des Moines,2283,6596,1910,1,160,,Active,,,https://www.redfin.com/IA/Des-Moines/2806-Cottage-Grove-Ave-50311/home/124081254,DMMLS,723453,N,Y,41.5982781,-93.6552756
MLS Listing,,Single Family Residential,612 Emma Ave,Des Moines,IA,50315,219900,3,1.0,Des Moines,1228,11238,1955,1,179,,Active,August-3-2025 01:00 PM,August-3-2025 03:00 PM,https://www.redfin.com/IA/Des-Moines/612-Emma-Ave-50315/home/125319051,DMMLS,723449,N,Y,41.5425751,-93.6222818
MLS Listing,,Single Family Residential,1301 Watrous Ave,Des Moines,IA,50315,190000,2,1.0,Des Moines,1084,6096,1920,1,175,,Active,,,https://www.redfin.com/IA/Des-Moines/1301-Watrous-Ave-50315/home/124156233,DMMLS,723441,N,Y,41.5483835,-93.6331601
MLS Listing,,Single Family Residential,1144 Euclid Ave,Des Moines,IA,50313,149900,2,1.0,Des Moines,778,6600,1917,1,193,,Active,,,https://www.redfin.com/IA/Des-Moines/1144-Euclid-Ave-50313/home/124731265,DMMLS,723391,N,Y,41.6274392,-93.6342142
MLS Listing,,Single Family Residential,3663 Grand Ave #905,Des Moines,IA,50312,189000,1,1.0,Des Moines,938,,1963,1,201,1027,Active,,,https://www.redfin.com/IA/Des-Moines/3663-Grand-Ave-50312/unit-905/home/124798255,DMMLS,723399,N,Y,41.5852161,-93.6670364
MLS Listing,,Single Family Residential,1910 Logan Ave,Des Moines,IA,50316,140000,2,1.0,Des Moines,768,6572,1914,1,182,,Active,,,https://www.redfin.com/IA/Des-Moines/1910-Logan-Ave-50316/home/124180967,DMMLS,723222,N,Y,41.5927149,-93.5841574
MLS Listing,,Single Family Residential,2721 Allison Ave,Des Moines,IA,50310,200000,2,1.0,Des Moines,686,7450,1950,1,292,,Active,August-3-2025 01:00 PM,August-3-2025 03:00 PM,https://www.redfin.com/IA/Des-Moines/2721-Allison-Ave-50310/home/123887462,DMMLS,723415,N,Y,41.6124079,-93.6550756
MLS Listing,,Single Family Residential,4021 Lynner Dr,Des Moines,IA,50310,259850,3,1.5,Des Moines,1120,7500,1957,1,232,,Active,,,https://www.redfin.com/IA/Des-Moines/4021-Lynner-Dr-50310/home/125281902,DMMLS,723413,N,Y,41.6340602,-93.6563679
MLS Listing,,Single Family Residential,722 Guthrie Ave,Des Moines,IA,50316,200000,3,1.0,Des Moines,1219,7250,1918,1,164,,Active,,,https://www.redfin.com/IA/Des-Moines/722-Guthrie-Ave-50316/home/124511534,DMMLS,723408,N,Y,41.6152174,-93.609224
MLS Listing,,Single Family Residential,6369 NE 9th Ct,Des Moines,IA,50313,425000,4,3.0,Des Moines,1447,7800,2015,1,294,18,Active,,,https://www.redfin.com/IA/Des-Moines/6369-NE-9th-Ct-50313/home/123141620,DMMLS,723320,N,Y,41.6763207,-93.6058859
MLS Listing,,Single Family Residential,5108 Grand Ave,Des Moines,IA,50312,839900,5,3.5,Des Moines,3622,19985,1926,1,232,,Active,,,https://www.redfin.com/IA/Des-Moines/5108-Grand-Ave-50312/home/124047586,DMMLS,723397,N,Y,41.5836367,-93.6871157
MLS Listing,,Single Family Residential,2606 High St,Des Moines,IA,50312,299000,4,2.0,Des Moines,1482,5911,1923,1,202,,Active,,,https://www.redfin.com/IA/Des-Moines/2606-High-St-50312/home/125216267,DMMLS,723321,N,Y,41.5868373,-93.6523949
MLS Listing,,Single Family Residential,8053 Ridgeview Dr,Des Moines,IA,50320,150000,3,1.0,Des Moines,912,10140,1961,1,164,,Active,,,https://www.redfin.com/IA/Des-Moines/8053-Ridgeview-Dr-50320/home/81949939,DMMLS,723390,N,Y,41.5090625,-93.6126585
MLS Listing,,Vacant Land,519 48th St,Des Moines,IA,50312,99000,0,,Des Moines,,6225,,1,,,Active,,,https://www.redfin.com/IA/Des-Moines/519-48th-St-50312/home/164352813,DMMLS,723290,N,Y,41.58555,-93.682693
MLS Listing,,Single Family Residential,518 Maxwelton Dr,Des Moines,IA,50315,259900,4,2.0,Des Moines,834,9870,1985,2,312,,Active,August-1-2025 05:00 PM,August-1-2025 07:00 PM,https://www.redfin.com/IA/Des-Moines/518-Maxwelton-Dr-50315/home/124772000,DMMLS,723385,N,Y,41.5434712,-93.6220503
MLS Listing,,Single Family Residential,2425 Capitol Ave,Des Moines,IA,50317,239900,3,2.0,Des Moines,1224,7350,1914,2,196,,Active,August-3-2025 01:00 PM,August-3-2025 03:00 PM,https://www.redfin.com/IA/Des-Moines/2425-Capitol-Ave-50317/home/124541264,DMMLS,723264,N,Y,41.5942046,-93.5716143
MLS Listing,,Single Family Residential,5307 SE 32nd St,Des Moines,IA,50320,355000,3,4.0,Des Moines,1931,13439,1997,2,184,,Active,,,https://www.redfin.com/IA/Des-Moines/5307-SE-32nd-St-50320/home/124778872,DMMLS,723317,N,Y,41.5363261,-93.5524543
MLS Listing,,Single Family Residential,1236 Stewart St,Des Moines,IA,50316,119900,2,1.0,Des Moines,768,5000,1916,2,156,,Active,,,https://www.redfin.com/IA/Des-Moines/1236-Stewart-St-50316/home/124797160,DMMLS,723341,N,Y,41.6015422,-93.5882491
MLS Listing,,Single Family Residential,2729 Thompson Ave,Des Moines,IA,50317,217500,2,1.0,Des Moines,819,10080,1953,2,266,,Active,,,https://www.redfin.com/IA/Des-Moines/2729-Thompson-Ave-50317/home/124607167,DMMLS,723297,N,Y,41.6128002,-93.5636595
MLS Listing,,Single Family Residential,2739 E Elm St,Des Moines,IA,50317,275000,3,2.0,Des Moines,1120,7656,2025,2,246,,Active,,,https://www.redfin.com/IA/Des-Moines/2739-Elm-St-50317/home/196695844,DMMLS,723270,N,Y,41.5858265,-93.5637959
MLS Listing,,Single Family Residential,1420 9th St,Des Moines,IA,50314,199999,8,3.5,Des Moines,3178,9600,1910,2,63,,Active,,,https://www.redfin.com/IA/Des-Moines/1420-9th-St-50314/home/124911139,DMMLS,723329,N,Y,41.6047591,-93.6297032
MLS Listing,,Single Family Residential,225 Foster Dr,Des Moines,IA,50312,1160000,3,4.0,Des Moines,3176,39770,1924,2,365,,Active,,,https://www.redfin.com/IA/Des-Moines/225-Foster-Dr-50312/home/124548897,DMMLS,723197,N,Y,41.5746331,-93.6771412
MLS Listing,,Single Family Residential,1418 E 17th St,Des Moines,IA,50316,185000,3,1.0,Des Moines,899,7000,1970,2,206,,Active,,,https://www.redfin.com/IA/Des-Moines/1418-E-17th-St-50316/home/125141135,DMMLS,723261,N,Y,41.6056614,-93.5917697
MLS Listing,,Single Family Residential,4080 NW 46th Pl,Des Moines,IA,50310,299000,3,2.0,Des Moines,1404,12510,1960,2,213,,Active,,,https://www.redfin.com/IA/Des-Moines/4080-NW-46th-Pl-50310/home/123736410,DMMLS,723322,N,Y,41.6443274,-93.6741318
MLS Listing,,Single Family Residential,5714 Allison Ave,Des Moines,IA,50310,190000,2,1.0,Des Moines,795,6000,1948,2,239,,Active,,,https://www.redfin.com/IA/Des-Moines/5714-Allison-Ave-50310/home/124198826,DMMLS,723315,N,Y,41.6121207,-93.6965382
MLS Listing,,Single Family Residential,344 E Titus Ave,Des Moines,IA,50315,160000,1,1.0,Des Moines,624,10275,1930,2,256,,Active,,,https://www.redfin.com/IA/Des-Moines/344-E-Titus-Ave-50315/home/125049103,DMMLS,723305,N,Y,41.5393618,-93.6093689
MLS Listing,,Single Family Residential,919 Titus Ave,Des Moines,IA,50315,260000,3,2.0,Des Moines,1168,12190,2019,2,223,,Active,,,https://www.redfin.com/IA/Des-Moines/919-Titus-Ave-50315/home/143265697,DMMLS,723302,N,Y,41.5393468,-93.6275827
MLS Listing,,Single Family Residential,1117 63rd St,Des Moines,IA,50311,275000,4,2.0,Des Moines,917,,1956,3,300,,Active,,,https://www.redfin.com/IA/Des-Moines/1117-63rd-St-50311/home/125237202,DMMLS,723288,N,Y,41.5987653,-93.7033268
MLS Listing,,Single Family Residential,2622 John Patterson Rd,Des Moines,IA,50317,175000,2,1.0,Des Moines,800,10600,1950,3,219,,Active,August-3-2025 11:00 AM,August-3-2025 01:00 PM,https://www.redfin.com/IA/Des-Moines/2622-John-Patterson-Rd-50317/home/123218528,DMMLS,723278,N,Y,41.6142573,-93.5656137
MLS Listing,,Condo/Co-op,3663 Grand- Ave #501,Des Moines,IA,50312,180000,2,2.0,Des Moines,1218,,1963,3,148,1319,Active,August-3-2025 01:00 PM,August-3-2025 03:00 PM,https://www.redfin.com/IA/Des-Moines/3663-Grand-Ave-50312/unit-501/home/123309466,DMMLS,723286,N,Y,41.5852161,-93.6670364
MLS Listing,,Single Family Residential,2520 49th St,Des Moines,IA,50310,230000,3,1.0,Des Moines,1176,8623,1948,3,196,,Active,,,https://www.redfin.com/IA/Des-Moines/2520-49th-St-50310/home/123311466,DMMLS,723271,N,Y,41.6172588,-93.6854633
MLS Listing,,Single Family Residential,2801 61st St,Des Moines,IA,50322,195000,2,2.0,Des Moines,1362,10659,1917,3,143,,Active,,,https://www.redfin.com/IA/Des-Moines/2801-61st-St-50322/home/124717497,DMMLS,723283,N,Y,41.6203992,-93.7007549
MLS Listing,,Single Family Residential,140 34th St,Des Moines,IA,50312,589900,4,3.0,Des Moines,2247,18975,1936,3,263,,Active,August-3-2025 02:00 PM,August-3-2025 04:00 PM,https://www.redfin.com/IA/Des-Moines/140-34th-St-50312/home/124193402,DMMLS,723269,N,Y,41.5797618,-93.6634933
MLS Listing,,Single Family Residential,2702 Aurora Ave,Des Moines,IA,50310,310000,4,1.5,Des Moines,1782,13640,1964,3,174,,Active,,,https://www.redfin.com/IA/Des-Moines/2702-Aurora-Ave-50310/home/124211531,DMMLS,723272,N,Y,41.6362564,-93.6558198
MLS Listing,,Single Family Residential,2401 Emma Ave,Des Moines,IA,50321,380000,3,2.5,Des Moines,2056,11967,1998,3,185,,Active,,,https://www.redfin.com/IA/Des-Moines/2401-Emma-Ave-50321/home/124639181,DMMLS,723263,N,Y,41.5434462,-93.6500267
MLS Listing,,Single Family Residential,4306 41st St,Des Moines,IA,50310,255000,3,2.0,Des Moines,1010,8125,1959,3,252,,Active,,,https://www.redfin.com/IA/Des-Moines/4306-41st-St-50310/home/124619829,DMMLS,723259,N,Y,41.6378842,-93.6741249
MLS Listing,,Single Family Residential,5114 SW 16th Pl,Des Moines,IA,50315,250000,3,2.0,Des Moines,1218,12350,1965,3,205,,Active,,,https://www.redfin.com/IA/Des-Moines/5114-SW-16th-Pl-50315/home/123625158,DMMLS,723256,N,Y,41.5376036,-93.6387816
MLS Listing,,Single Family Residential,2119 E 12th St,Des Moines,IA,50316,150000,4,1.5,Des Moines,1433,6650,1903,3,105,,Active,,,https://www.redfin.com/IA/Des-Moines/2119-E-12th-St-50316/home/124084774,DMMLS,723021,N,Y,41.6138927,-93.6039451
MLS Listing,,Single Family Residential,1222 56th St,Des Moines,IA,50311,90000,2,1.0,Des Moines,720,6600,1925,3,125,,Active,,,https://www.redfin.com/IA/Des-Moines/1222-56th-St-50311/home/124722232,DMMLS,723249,N,Y,41.6013805,-93.6945242
MLS Listing,,Single Family Residential,2151 E Leland Ave,Des Moines,IA,50320,200000,3,1.0,Des Moines,988,25100,1951,3,202,,Active,,,https://www.redfin.com/IA/Des-Moines/2151-E-Leland-Ave-50320/home/124240462,DMMLS,722930,N,Y,41.5284771,-93.5786548
MLS Listing,,Single Family Residential,2616 Hull Ave,Des Moines,IA,50317,220000,3,2.0,Des Moines,1008,7780,1961,3,218,,Active,,,https://www.redfin.com/IA/Des-Moines/2616-Hull-Ave-50317/home/125213247,DMMLS,723242,N,Y,41.6224697,-93.565735
MLS Listing,,Single Family Residential,926 40th Pl,Des Moines,IA,50312,595600,4,3.0,Des Moines,2216,6350,2025,3,269,,Active,August-1-2025 04:00 PM,August-1-2025 06:00 PM,https://www.redfin.com/IA/Des-Moines/926-40th-Pl-50312/home/123634825,DMMLS,723241,N,Y,41.5951993,-93.672211
MLS Listing,,Single Family Residential,1331 Mattern Ave,Des Moines,IA,50316,195000,3,1.5,Des Moines,1410,2550,1923,3,138,,Active,,,https://www.redfin.com/IA/Des-Moines/1331-Mattern-Ave-50316/home/123228005,DMMLS,723198,N,Y,41.611257,-93.6013753
MLS Listing,,Single Family Residential,4880 NE 31st St,Des Moines,IA,50317,87500,2,1.0,Des Moines,528,8100,1958,3,166,,Active,,,https://www.redfin.com/IA/Des-Moines/4880-NE-31st-St-50317/home/124731448,DMMLS,723211,N,Y,41.6490075,-93.5565361
MLS Listing,,Single Family Residential,4150 E Garden Ave,Des Moines,IA,50317,305000,4,2.0,Des Moines,1000,8856,1962,4,305,,Active,,,https://www.redfin.com/IA/Des-Moines/4150-E-Garden-Ave-50317/home/124436208,DMMLS,723217,N,Y,41.6306878,-93.5323999
MLS Listing,,Single Family Residential,209 E Philip St,Des Moines,IA,50315,238000,3,1.0,Des Moines,1122,8350,1966,4,212,,Active,,,https://www.redfin.com/IA/Des-Moines/209-E-Philip-St-50315/home/124799739,DMMLS,723212,N,Y,41.543248,-93.6127781
MLS Listing,,Single Family Residential,80 Lacona Ave,Des Moines,IA,50315,305000,2,1.0,Des Moines,1428,29472,1918,4,214,,Active,,,https://www.redfin.com/IA/Des-Moines/80-Lacona-Ave-50315/home/124631353,DMMLS,723203,N,Y,41.5633989,-93.6169322
MLS Listing,,Single Family Residential,3119 Hickman Rd,Des Moines,IA,50310,205000,2,1.0,Des Moines,835,,1950,4,246,,Active,,,https://www.redfin.com/IA/Des-Moines/3119-Hickman-Rd-50310/home/125291974,DMMLS,723189,N,Y,41.6151878,-93.6603954
MLS Listing,,Single Family Residential,2915 E Walnut St,Des Moines,IA,50317,189900,3,1.5,Des Moines,942,7350,1940,4,202,,Active,,,https://www.redfin.com/IA/Des-Moines/2915-E-Walnut-St-50317/home/124629367,DMMLS,723175,N,Y,41.5933,-93.5603642
MLS Listing,,Single Family Residential,1036 Titus Ave,Des Moines,IA,50315,275000,4,2.0,Des Moines,1191,9100,1984,4,231,,Active,,,https://www.redfin.com/IA/Des-Moines/1036-Titus-Ave-50315/home/123561209,DMMLS,723179,N,Y,41.5389419,-93.6297162
MLS Listing,,Vacant Land,1660 E Army Post Rd,Des Moines,IA,50320,159900,0,,Des Moines,,48874,,4,,,Active,,,https://www.redfin.com/IA/Des-Moines/1660-E-Army-Post-Rd-50320/home/123718038,DMMLS,723173,N,Y,41.526915,-93.590671
MLS Listing,,Single Family Residential,3608 53rd St,Des Moines,IA,50310,199500,1,1.0,Des Moines,676,7000,1951,4,295,,Active,,,https://www.redfin.com/IA/Des-Moines/3608-53rd-St-50310/home/124198220,DMMLS,723082,N,Y,41.6280862,-93.6915956
MLS Listing,,Single Family Residential,1233 Williams St,Des Moines,IA,50317,189000,3,1.0,Des Moines,1088,24558,1936,5,174,,Active,,,https://www.redfin.com/IA/Des-Moines/1233-Williams-St-50317/home/123592551,DMMLS,723145,N,Y,41.6017559,-93.5327386
MLS Listing,,Single Family Residential,1130 35th St,Des Moines,IA,50311,339000,3,1.5,Des Moines,2129,11100,1905,6,159,,Active,,,https://www.redfin.com/IA/Des-Moines/1130-35th-St-50311/home/125143283,DMMLS,723134,N,Y,41.5995397,-93.6645201
MLS Listing,,Single Family Residential,4707 Palm Ave,Des Moines,IA,50310,335000,3,2.5,Des Moines,1464,7500,1989,7,229,,Active,,,https://www.redfin.com/IA/Des-Moines/4707-Palm-Ave-50310/home/124799510,DMMLS,723094,N,Y,41.6403368,-93.6823397
MLS Listing,,Single Family Residential,5118 Bel Aire Rd,Des Moines,IA,50310,215000,3,2.0,Des Moines,1320,,1980,7,163,140,Active,,,https://www.redfin.com/IA/Des-Moines/5118-Bel-Aire-Rd-50310/home/123929584,DMMLS,723117,N,Y,41.6404152,-93.6889419
MLS Listing,,Single Family Residential,701 E Mckinley Ave,Des Moines,IA,50315,265000,3,2.0,Des Moines,1248,13710,1974,7,212,,Active,,,https://www.redfin.com/IA/Des-Moines/701-E-McKinley-Ave-50315/home/124761927,DMMLS,723119,N,Y,41.5406114,-93.603203
MLS Listing,,Condo/Co-op,4000 University Ave #7,Des Moines,IA,50311,150000,1,1.0,Des Moines,909,,1918,7,165,250,Active,,,https://www.redfin.com/IA/Des-Moines/4000-University-Ave-50311/unit-7/home/125237964,DMMLS,722756,N,Y,41.6000343,-93.671375
MLS Listing,,Single Family Residential,1305 Chautauqua Pkwy,Des Moines,IA,50314,268000,4,2.0,Des Moines,1428,11419,1955,7,188,,Active,,,https://www.redfin.com/IA/Des-Moines/1305-Chautauqua-Pkwy-50314/home/124848940,DMMLS,723071,N,Y,41.6121157,-93.6344735
MLS Listing,,Single Family Residential,814 E Edison Ave,Des Moines,IA,50315,352900,3,2.5,Des Moines,1585,4792,2025,7,223,,Active,,,https://www.redfin.com/IA/Des-Moines/814-E-Edison-Ave-50315/home/124712072,DMMLS,723113,N,Y,41.5718301,-93.6020806
MLS Listing,,Single Family Residential,2626 Logan Ave,Des Moines,IA,50317,165000,4,1.0,Des Moines,986,8820,1900,7,167,,Active,,,https://www.redfin.com/IA/Des-Moines/2626-Logan-Ave-50317/home/124179641,DMMLS,723080,N,Y,41.5925902,-93.5664727
MLS Listing,,Single Family Residential,825 SE 8th St,Des Moines,IA,50309,187000,3,1.0,Des Moines,1128,7840,1892,7,166,,Active,,,https://www.redfin.com/IA/Des-Moines/825-SE-8th-St-50309/home/124299982,DMMLS,722919,N,Y,41.5795076,-93.6027621
MLS Listing,,Single Family Residential,4223 SE 4th Ct,Des Moines,IA,50315,230000,4,1.5,Des Moines,864,7800,1968,7,266,,Active,,,https://www.redfin.com/IA/Des-Moines/4223-SE-4th-Ct-50315/home/123614112,DMMLS,723099,N,Y,41.5454588,-93.6083851
MLS Listing,,Single Family Residential,1315 E 12th St,Des Moines,IA,50316,215000,3,3.0,Des Moines,1621,7600,1900,7,133,,Active,,,https://www.redfin.com/IA/Des-Moines/1315-E-12th-St-50316/home/123583810,DMMLS,723046,N,Y,41.6028865,-93.6044501
MLS Listing,,Condo/Co-op,5322 Ingersoll Ave Unit A-1,Des Moines,IA,50312,155000,2,1.0,Des Moines,1060,,1971,7,146,250,Active,,,https://www.redfin.com/IA/Des-Moines/5322-Ingersoll-Ave-50312/unit-A1/home/124211417,DMMLS,723078,N,Y,41.5857698,-93.6913461
MLS Listing,,Single Family Residential,139 SE 33rd Ct,Des Moines,IA,50317,124900,1,1.0,Des Moines,576,14000,1957,7,217,,Active,,,https://www.redfin.com/IA/Des-Moines/139-SE-33rd-Ct-50317/home/124669805,DMMLS,722997,N,Y,41.5878397,-93.5498206
MLS Listing,,Single Family Residential,620 E Edison Ave,Des Moines,IA,50315,171990,3,1.0,Des Moines,836,11400,1920,7,206,,Active,,,https://www.redfin.com/IA/Des-Moines/620-E-Edison-Ave-50315/home/123454163,DMMLS,723074,N,Y,41.5717125,-93.6042363
MLS Listing,,Single Family Residential,3112 Hart Ave,Des Moines,IA,50320,397500,5,3.0,Des Moines,1704,11586,2006,7,233,,Active,,,https://www.redfin.com/IA/Des-Moines/3112-Hart-Ave-50320/home/125004685,DMMLS,723054,N,Y,41.5315821,-93.5538452
MLS Listing,,Vacant Land,00 E 23rd St,Des Moines,IA,50317,24900,0,,Des Moines,,6000,,7,,,Active,,,https://www.redfin.com/IA/Des-Moines/E-23rd-St-50317/home/181130375,DMMLS,723068,N,Y,41.591327,-93.575313
MLS Listing,,Single Family Residential,1317 E 28th St,Des Moines,IA,50317,174900,2,2.0,Des Moines,720,7500,1956,7,243,,Active,,,https://www.redfin.com/IA/Des-Moines/1317-E-28th-St-50317/home/123987460,DMMLS,722870,N,Y,41.6037935,-93.5622514
MLS Listing,,Single Family Residential,5011 Ovid Ave,Des Moines,IA,50310,300000,4,2.0,Des Moines,1229,6420,1940,7,244,,Active,,,https://www.redfin.com/IA/Des-Moines/5011-Ovid-Ave-50310/home/123606618,DMMLS,723050,N,Y,41.6255973,-93.6883906
MLS Listing,,Single Family Residential,5711 Allison Ave,Des Moines,IA,50310,210000,2,1.0,Des Moines,795,,1948,8,264,,Active,,,https://www.redfin.com/IA/Des-Moines/5711-Allison-Ave-50310/home/124077363,DMMLS,722827,N,Y,41.6124882,-93.696399
MLS Listing,,Single Family Residential,704 Creston Ave,Des Moines,IA,50315,199990,3,1.5,Des Moines,816,7793,1949,8,245,,Active,,,https://www.redfin.com/IA/Des-Moines/704-Creston-Ave-50315/home/124583426,DMMLS,723043,N,Y,41.5597976,-93.6237458
MLS Listing,,Single Family Residential,2938 Indianapolis Ave,Des Moines,IA,50317,185000,3,1.0,Des Moines,730,7050,1954,8,253,,Active,,,https://www.redfin.com/IA/Des-Moines/2938-Indianapolis-Ave-50317/home/125130675,DMMLS,723034,N,Y,41.6061345,-93.559272
MLS Listing,,Condo/Co-op,601 41st St,Des Moines,IA,50312,399000,2,2.5,Des Moines,1576,,1996,8,253,325,Active,,,https://www.redfin.com/IA/Des-Moines/601-41st-St-50312/home/123343679,DMMLS,723029,N,Y,41.5865888,-93.6724007
MLS Listing,,Vacant Land,1522 9th St,Des Moines,IA,50314,50000,0,,Des Moines,,8967,,8,,,Active,,,https://www.redfin.com/IA/Des-Moines/1522-9th-St-50314/home/124849077,DMMLS,723003,N,Y,41.6065449,-93.629777
MLS Listing,,Single Family Residential,1135 Euclid Ave,Des Moines,IA,50313,150000,2,1.0,Des Moines,804,6600,1917,8,187,,Active,,,https://www.redfin.com/IA/Des-Moines/1135-Euclid-Ave-50313/home/124440672,DMMLS,722883,N,Y,41.6278718,-93.6337084
MLS Listing,,Single Family Residential,1815 45th St,Des Moines,IA,50310,290000,3,1.5,Des Moines,1479,9337,1939,8,196,,Active,,,https://www.redfin.com/IA/Des-Moines/1815-45th-St-50310/home/123566726,DMMLS,722956,N,Y,41.6106061,-93.6788055
MLS Listing,,Single Family Residential,3930 Lincoln Place Dr,Des Moines,IA,50312,224999,2,1.0,Des Moines,672,10604,1940,8,335,,Active,,,https://www.redfin.com/IA/Des-Moines/3930-Lincoln-Place-Dr-50312/home/124627556,DMMLS,722969,N,Y,41.5745052,-93.6711477
MLS Listing,,Single Family Residential,2414 E 38th Ct,Des Moines,IA,50317,299900,5,3.0,Des Moines,1099,6300,2020,8,273,,Active,August-2-2025 11:00 AM,August-2-2025 01:00 PM,https://www.redfin.com/IA/Des-Moines/2414-E-38th-Ct-50317/home/124164102,DMMLS,723013,N,Y,41.6173939,-93.5410083
MLS Listing,,Single Family Residential,3714 SW 13th St,Des Moines,IA,50315,255000,4,2.0,Des Moines,1082,9080,1968,8,236,,Active,,,https://www.redfin.com/IA/Des-Moines/3714-SW-13th-St-50315/home/125396210,DMMLS,723008,N,Y,41.5503955,-93.6332304
MLS Listing,,Single Family Residential,5436 SW 19th St,Des Moines,IA,50315,299777,4,2.0,Des Moines,1104,11250,1955,8,272,,Active,,,https://www.redfin.com/IA/Des-Moines/5436-SW-19th-St-50315/home/123359379,DMMLS,722979,N,Y,41.5341874,-93.6426419
MLS Listing,,Single Family Residential,814 Lyon St,Des Moines,IA,50309,210000,2,1.5,Des Moines,928,3750,1885,8,226,,Active,,,https://www.redfin.com/IA/Des-Moines/814-Lyon-St-50309/home/124503336,DMMLS,722834,N,Y,41.5939501,-93.6074737
MLS Listing,,Single Family Residential,4006 E Garden Ave,Des Moines,IA,50317,250000,3,1.0,Des Moines,976,7815,1964,8,256,,Active,,,https://www.redfin.com/IA/Des-Moines/4006-E-Garden-Ave-50317/home/123458712,DMMLS,722970,N,Y,41.6306845,-93.5360313
MLS Listing,,Single Family Residential,1750 E Mckinley Ave,Des Moines,IA,50320,224900,4,2.0,Des Moines,1456,75036,1950,8,154,,Active,,,https://www.redfin.com/IA/Des-Moines/1750-E-McKinley-Ave-50320/home/125315767,DMMLS,722208,N,Y,41.5411068,-93.5885857
MLS Listing,,Single Family Residential,3937 39th St,Des Moines,IA,50310,239900,3,2.0,Des Moines,920,8960,1953,8,261,,Active,August-3-2025 01:00 PM,August-3-2025 03:00 PM,https://www.redfin.com/IA/Des-Moines/3937-39th-St-50310/home/124759571,DMMLS,722948,N,Y,41.6326454,-93.6693551
MLS Listing,,Single Family Residential,3819 E 32nd St,Des Moines,IA,50317,225000,3,1.0,Des Moines,1512,20800,1928,8,149,,Active,,,https://www.redfin.com/IA/Des-Moines/3819-E-32nd-St-50317/home/124162895,DMMLS,722960,N,Y,41.6302427,-93.5549014
MLS Listing,,Single Family Residential,1242 37th St,Des Moines,IA,50311,350000,4,1.5,Des Moines,2438,7000,1912,8,144,,Active,August-2-2025 12:00 PM,August-2-2025 02:00 PM,https://www.redfin.com/IA/Des-Moines/1242-37th-St-50311/home/125022869,DMMLS,722899,N,Y,41.6018108,-93.6670574
MLS Listing,,Condo/Co-op,4902 University Ave #220,Des Moines,IA,50311,147000,2,2.0,Des Moines,1202,,1970,8,122,600,Active,,,https://www.redfin.com/IA/Des-Moines/4902-University-Ave-50311/unit-220/home/125143720,DMMLS,722393,N,Y,41.5996552,-93.6839332
MLS Listing,,Single Family Residential,2501 44th St,Des Moines,IA,50310,270000,3,2.0,Des Moines,1121,7000,1928,8,241,,Active,,,https://www.redfin.com/IA/Des-Moines/2501-44th-St-50310/home/123578941,DMMLS,722822,N,Y,41.6169387,-93.6776266
MLS Listing,,Single Family Residential,3300 SW 35th St,Des Moines,IA,50321,310000,3,2.0,Des Moines,1628,15200,1957,8,190,,Active,,,https://www.redfin.com/IA/Des-Moines/3300-SW-35th-St-50321/home/123180660,DMMLS,721726,N,Y,41.5545085,-93.6655037
MLS Listing,,Single Family Residential,1231 Jerlynn Ave,Des Moines,IA,50313,249000,3,2.5,Des Moines,1394,7405,2003,9,179,,Active,,,https://www.redfin.com/IA/Des-Moines/1231-Jerlynn-Ave-50313/home/123691638,DMMLS,722941,N,Y,41.6338488,-93.6035975
MLS Listing,,Vacant Land,Parcel 05002944000000 St,Des Moines,IA,50317,30000,0,,Des Moines,,3300,,9,,,Active,,,https://www.redfin.com/IA/Pleasant-Hill/Parcel-05002944000-000-ST-50317/home/190894749,DMMLS,722939,N,Y,41.616478,-93.549942
MLS Listing,,Vacant Land,Parcel 05002945000000 St,Des Moines,IA,50317,30000,0,,Des Moines,,3300,,9,,,Active,,,https://www.redfin.com/IA/Pleasant-Hill/Parcel-05002945000000-ST-50317/home/190895117,DMMLS,722937,N,Y,41.616478,-93.549942
MLS Listing,,Vacant Land,Parcel 05002943000000 St,Des Moines,IA,50317,30000,0,,Des Moines,,,,9,,,Active,,,https://www.redfin.com/IA/Pleasant-Hill/Parcel-05002943000000-ST-50317/home/190933922,DMMLS,722936,N,Y,41.616478,-93.549942
MLS Listing,,Single Family Residential,613 Hughes Ave,Des Moines,IA,50315,169900,2,1.0,Des Moines,813,7056,1918,9,209,,Active,,,https://www.redfin.com/IA/Des-Moines/613-Hughes-Ave-50315/home/123461292,DMMLS,722909,N,Y,41.5547005,-93.6227114
MLS Listing,,Single Family Residential,812 Polk Blvd,Des Moines,IA,50312,425000,3,3.0,Des Moines,1706,8129,2005,9,249,325,Active,,,https://www.redfin.com/IA/Des-Moines/812-Polk-Blvd-50312/home/124924116,DMMLS,722895,N,Y,41.5926394,-93.6823504
MLS Listing,,Single Family Residential,4010 Fagen Dr,Des Moines,IA,50310,375000,3,2.5,Des Moines,2400,7250,1950,9,156,,Active,,,https://www.redfin.com/IA/Des-Moines/4010-Fagen-Dr-50310/home/124623824,DMMLS,722890,N,Y,41.6205902,-93.6710153
MLS Listing,,Single Family Residential,4133 E Madison Ave,Des Moines,IA,50317,245000,3,2.0,Des Moines,988,7605,1963,9,248,,Active,August-3-2025 01:00 PM,August-3-2025 03:00 PM,https://www.redfin.com/IA/Des-Moines/4133-E-Madison-Ave-50317/home/125220021,DMMLS,722872,N,Y,41.6326443,-93.5333622
MLS Listing,,Single Family Residential,947 40th St,Des Moines,IA,50312,299900,4,2.0,Des Moines,1151,6250,1912,9,261,,Active,,,https://www.redfin.com/IA/Des-Moines/947-40th-St-50312/home/124678329,DMMLS,722757,N,Y,41.5951897,-93.6705256
MLS Listing,,Single Family Residential,3308 SW 33rd St,Des Moines,IA,50321,394900,4,3.5,Des Moines,1988,23769,1992,10,199,,Active,,,https://www.redfin.com/IA/Des-Moines/3308-SW-33rd-St-50321/home/123301692,DMMLS,722790,N,Y,41.5538933,-93.6621936
MLS Listing,,Single Family Residential,5910 Tonka Ave,Des Moines,IA,50312,239900,3,1.0,Des Moines,1278,12796,1926,10,188,,Active,,,https://www.redfin.com/IA/Des-Moines/5910-Tonka-Ave-50312/home/124968419,DMMLS,721933,N,Y,41.5720523,-93.6990582
MLS Listing,,Single Family Residential,1649 Capitol Ave,Des Moines,IA,50316,129900,3,2.0,Des Moines,1333,11970,1905,10,97,,Active,,,https://www.redfin.com/IA/Des-Moines/1649-Capitol-Ave-50316/home/123111634,DMMLS,722835,N,Y,41.5936896,-93.5900291
MLS Listing,,Single Family Residential,1208 Pleasant View Dr,Des Moines,IA,50315,120000,2,1.0,Des Moines,776,6000,1920,10,155,,Active,,,https://www.redfin.com/IA/Des-Moines/1208-Pleasant-View-Dr-50315/home/124706866,DMMLS,722858,N,Y,41.5571028,-93.6312556
MLS Listing,,Single Family Residential,2542 Onawa St,Des Moines,IA,50317,280000,3,2.0,Des Moines,1120,6110,2025,10,250,,Active,,,https://www.redfin.com/IA/Des-Moines/2542-Onawa-St-50317/home/124740174,DMMLS,722848,N,Y,41.5815495,-93.5693649
MLS Listing,,Vacant Land,3512 NE 46th Ave,Des Moines,IA,50317,350000,4,1.5,Des Moines,1086,73420,1979,10,322,,Active,,,https://www.redfin.com/IA/Des-Moines/3512-NE-46th-Ave-50317/home/123669802,DMMLS,722832,N,Y,41.6443762,-93.5480504
MLS Listing,,Single Family Residential,4315 Grover Woods Ln,Des Moines,IA,50317,334900,3,2.0,Des Moines,1433,5833,2025,10,234,,Active,August-3-2025 01:00 PM,August-3-2025 04:00 PM,https://www.redfin.com/IA/Des-Moines/4315-Grover-Woods-Ln-50317/home/193147435,DMMLS,722801,N,Y,41.639851,-93.527752
MLS Listing,,Single Family Residential,2812 Cleveland Ave,Des Moines,IA,50317,125000,2,1.0,Des Moines,808,4514,1920,10,155,,Active,,,https://www.redfin.com/IA/Des-Moines/2812-Cleveland-Ave-50317/home/123302189,DMMLS,722819,N,Y,41.6056035,-93.5617996
MLS Listing,,Single Family Residential,3007 E 8th St,Des Moines,IA,50316,190000,3,2.0,Des Moines,1065,6650,1906,10,178,,Active,,,https://www.redfin.com/IA/Des-Moines/3007-E-8th-St-50316/home/125273952,DMMLS,722818,N,Y,41.6226255,-93.6081592
MLS Listing,,Single Family Residential,740 35th St,Des Moines,IA,50312,350000,4,2.0,Des Moines,1973,7966,1916,10,177,,Active,,,https://www.redfin.com/IA/Des-Moines/740-35th-St-50312/home/125241105,DMMLS,722815,N,Y,41.5914429,-93.6644311
MLS Listing,,Single Family Residential,4316 Grover Woods Ln,Des Moines,IA,50317,334000,3,2.0,Des Moines,1433,5304,2025,10,233,,Active,August-3-2025 01:00 PM,August-3-2025 04:00 PM,https://www.redfin.com/IA/Des-Moines/4316-Grover-Woods-Ln-50317/home/193147442,DMMLS,722781,N,Y,41.6401511,-93.5278455
MLS Listing,,Single Family Residential,4310 Grover Woods Ln,Des Moines,IA,50317,324900,3,2.0,Des Moines,1365,5304,2025,10,238,,Active,August-3-2025 01:00 PM,August-3-2025 04:00 PM,https://www.redfin.com/IA/Des-Moines/4310-Grover-Woods-Ln-50317/home/193147441,DMMLS,722777,N,Y,41.640152,-93.5280386
MLS Listing,,Single Family Residential,4041 Columbia St,Des Moines,IA,50313,215000,3,2.0,Des Moines,1076,9975,1956,10,200,,Active,,,https://www.redfin.com/IA/Des-Moines/4041-Columbia-St-50313/home/123507599,DMMLS,722122,N,Y,41.63457,-93.6136339
MLS Listing,,Single Family Residential,412 Fulton Dr,Des Moines,IA,50315,199900,2,2.0,Des Moines,880,6600,1920,11,227,,Active,,,https://www.redfin.com/IA/Des-Moines/412-Fulton-Dr-50315/home/123458906,DMMLS,722785,N,Y,41.5683388,-93.619643
MLS Listing,,Single Family Residential,1742 E Walnut St,Des Moines,IA,50316,162000,3,1.0,Des Moines,1134,5760,1902,11,143,,Active,,,https://www.redfin.com/IA/Des-Moines/1742-E-Walnut-St-50316/home/124641743,DMMLS,722774,N,Y,41.5935273,-93.5873205
MLS Listing,,Single Family Residential,4135 51st St,Des Moines,IA,50310,244900,5,1.0,Des Moines,960,8400,1965,11,255,,Active,,,https://www.redfin.com/IA/Des-Moines/4135-51st-St-50310/home/125250179,DMMLS,722761,N,Y,41.6357814,-93.6887503
MLS Listing,,Single Family Residential,2605 Sherwood Dr,Des Moines,IA,50310,182500,3,2.0,Des Moines,1026,7600,1960,11,178,,Active,,,https://www.redfin.com/IA/Des-Moines/2605-Sherwood-Dr-50310/home/124545726,DMMLS,722762,N,Y,41.6330666,-93.6537646
MLS Listing,,Single Family Residential,3220 59th St,Des Moines,IA,50322,220000,2,1.0,Des Moines,996,18042,1950,11,221,,Active,,,https://www.redfin.com/IA/Des-Moines/3220-59th-St-50322/home/124205929,DMMLS,722736,N,Y,41.6248173,-93.6996862
MLS Listing,,Single Family Residential,1511 York St,Des Moines,IA,50316,190000,2,1.0,Des Moines,873,7500,1920,11,218,,Active,,,https://www.redfin.com/IA/Des-Moines/1511-York-St-50316/home/123157490,DMMLS,722723,N,Y,41.606735,-93.6016196
MLS Listing,,Single Family Residential,3120 30th St,Des Moines,IA,50310,194990,3,1.0,Des Moines,1069,10000,1951,11,182,,Active,,,https://www.redfin.com/IA/Des-Moines/3120-30th-St-50310/home/123692824,DMMLS,722679,N,Y,41.6237382,-93.6588981
MLS Listing,,Single Family Residential,1315 7th St,Des Moines,IA,50314,100000,4,,Des Moines,2016,6500,1886,11,50,,Active,,,https://www.redfin.com/IA/Des-Moines/1315-7th-St-50314/home/124445498,DMMLS,722721,N,Y,41.6023982,-93.6267056
MLS Listing,,Single Family Residential,2501 E Porter Ave,Des Moines,IA,50320,309500,4,3.5,Des Moines,1324,8750,2006,12,234,,Active,August-2-2025 12:00 PM,August-2-2025 02:00 PM,https://www.redfin.com/IA/Des-Moines/2501-E-Porter-Ave-50320/home/123950547,DMMLS,722706,N,Y,41.5336388,-93.5698221
MLS Listing,,Single Family Residential,4301 Hickman Rd,Des Moines,IA,50310,255000,3,1.0,Des Moines,1193,7000,1929,13,214,,Active,,,https://www.redfin.com/IA/Des-Moines/4301-Hickman-Rd-50310/home/125265140,DMMLS,722708,N,Y,41.6151409,-93.676224
MLS Listing,,Condo/Co-op,421 42nd St #6,Des Moines,IA,50312,95000,2,1.5,Des Moines,936,,1970,13,101,340,Active,,,https://www.redfin.com/IA/Des-Moines/421-42nd-St-50312/unit-6/home/125238103,DMMLS,722289,N,Y,41.5833881,-93.6738515
MLS Listing,,Single Family Residential,115 Mckinley Ave,Des Moines,IA,50315,179900,2,1.0,Des Moines,704,8280,1948,14,256,,Active,,,https://www.redfin.com/IA/Des-Moines/115-McKinley-Ave-50315/home/123700743,DMMLS,722696,N,Y,41.5411979,-93.6171012
MLS Listing,,Single Family Residential,3320 61st St,Des Moines,IA,50322,280000,0,,Des Moines,1315,,1936,14,213,,Active,,,https://www.redfin.com/IA/Des-Moines/3320-61st-St-50322/home/125137168,DMMLS,722695,N,Y,41.6256198,-93.7013284
MLS Listing,,Single Family Residential,2807 Richmond Ave,Des Moines,IA,50317,235000,3,1.0,Des Moines,1160,7514,1958,14,203,,Active,,,https://www.redfin.com/IA/Des-Moines/2807-Richmond-Ave-50317/home/124670667,DMMLS,722683,N,Y,41.6228323,-93.5632759
MLS Listing,,Single Family Residential,1241 4th St,Des Moines,IA,50314,183500,3,1.0,Des Moines,1386,6250,1915,14,132,,Active,,,https://www.redfin.com/IA/Des-Moines/1241-4th-St-50314/home/123342642,DMMLS,722668,N,Y,41.6018649,-93.6231182
MLS Listing,,Single Family Residential,4110 SE 11th St,Des Moines,IA,50315,200000,3,1.0,Des Moines,864,8025,1969,14,231,,Active,,,https://www.redfin.com/IA/Des-Moines/4110-SE-11th-St-50315/home/125317721,DMMLS,722672,N,Y,41.5465073,-93.6004655
MLS Listing,,Single Family Residential,2118 37th St,Des Moines,IA,50310,272000,3,2.5,Des Moines,1850,7000,1924,14,147,,Active,,,https://www.redfin.com/IA/Des-Moines/2118-37th-St-50310/home/123351781,DMMLS,722667,N,Y,41.6138474,-93.6672663
MLS Listing,,Single Family Residential,1240 63rd St,Windsor Heights,IA,50324,319900,2,1.5,Windsor Heights,1321,9240,1952,14,242,,Active,,,https://www.redfin.com/IA/Windsor-Heights/1240-63rd-St-50324/home/124269321,DMMLS,722529,N,Y,41.6023579,-93.7041291
MLS Listing,,Single Family Residential,1514 Guthrie Ave,Des Moines,IA,50316,208000,3,1.0,Des Moines,1344,14250,1917,14,155,,Active,,,https://www.redfin.com/IA/Des-Moines/1514-Guthrie-Ave-50316/home/123693850,DMMLS,722659,N,Y,41.6152454,-93.5974464
MLS Listing,,Single Family Residential,1175 Martin Luther King Jr Pkwy,Des Moines,IA,50314,154900,4,2.0,Des Moines,1242,6076,1900,14,125,,Active,,,https://www.redfin.com/IA/Des-Moines/1175-Martin-Luther-King-Jr-Pkwy-50314/home/124503027,DMMLS,722586,N,Y,41.6001171,-93.6434429
MLS Listing,,Single Family Residential,703 SE 25th Ct,Des Moines,IA,50317,110000,3,1.0,Des Moines,1137,12090,1911,14,97,,Active,,,https://www.redfin.com/IA/Des-Moines/703-SE-25th-Ct-50317/home/124514192,DMMLS,722655,N,Y,41.5820509,-93.5688042
MLS Listing,,Single Family Residential,709 Oak Park Ave,Des Moines,IA,50313,235000,4,2.5,Des Moines,1456,7000,1914,14,161,,Active,,,https://www.redfin.com/IA/Des-Moines/709-Oak-Park-Ave-50313/home/124440291,DMMLS,722627,N,Y,41.6269232,-93.6266359
MLS Listing,,Single Family Residential,1050 57th St,Des Moines,IA,50311,259000,3,1.0,Des Moines,1110,8262,1948,14,233,,Active,,,https://www.redfin.com/IA/Des-Moines/1050-57th-St-50311/home/123854612,DMMLS,722628,N,Y,41.5972254,-93.6962508
MLS Listing,,Single Family Residential,3314 S Union St,Des Moines,IA,50315,165000,2,,Des Moines,1408,15063,1918,14,117,,Active,,,https://www.redfin.com/IA/Des-Moines/3314-South-Union-St-50315/home/125009004,DMMLS,722519,N,Y,41.5539767,-93.6164178
MLS Listing,,Single Family Residential,2608 Grandview Ave,Des Moines,IA,50317,175000,3,2.0,Des Moines,936,7500,1960,15,187,,Active,,,https://www.redfin.com/IA/Des-Moines/2608-Grandview-Ave-50317/home/125221946,DMMLS,722605,N,Y,41.6206408,-93.567191
MLS Listing,,Multi-Family (2-4 Unit),3601 Kingman Blvd,Des Moines,IA,50311,325000,,,Des Moines,1600,7000,1957,15,203,,Active,,,https://www.redfin.com/IA/Des-Moines/3601-Kingman-Blvd-50311/home/124716081,CIBOR,68029,N,Y,41.5967915,-93.6657106
MLS Listing,,Single Family Residential,1501 Osceola Ave,Des Moines,IA,50316,267000,3,2.0,Des Moines,1571,10400,1940,15,170,,Active,,,https://www.redfin.com/IA/Des-Moines/1501-Osceola-Ave-50316/home/125024927,DMMLS,722504,N,Y,41.6087388,-93.5981501
MLS Listing,,Single Family Residential,6020 NE 9th St,Des Moines,IA,50313,399000,4,2.0,Des Moines,1565,34996,1989,15,255,,Active,,,https://www.redfin.com/IA/Des-Moines/6020-NE-9th-St-50313/home/123832525,DMMLS,722602,N,Y,41.669851,-93.6070439
MLS Listing,,Single Family Residential,1714 E Walnut St,Des Moines,IA,50316,95000,3,2.0,Des Moines,1190,5985,1905,15,80,,Active,,,https://www.redfin.com/IA/Des-Moines/1714-E-Walnut-St-50316/home/124374876,DMMLS,722595,N,Y,41.5932327,-93.5885877
MLS Listing,,Single Family Residential,2811 Oxford St,Des Moines,IA,50313,90000,2,1.0,Des Moines,664,6337,1913,15,136,,Active,,,https://www.redfin.com/IA/Des-Moines/2811-Oxford-St-50313/home/124623192,DMMLS,722593,N,Y,41.6205094,-93.6170384
MLS Listing,,Single Family Residential,303 51st St,Des Moines,IA,50312,699900,4,2.0,Des Moines,2660,13800,1923,15,263,,Active,,,https://www.redfin.com/IA/Des-Moines/303-51st-St-50312/home/123650333,DMMLS,722589,N,Y,41.5810178,-93.6861017
MLS Listing,,Condo/Co-op,6562 NE 11th Ct,Des Moines,IA,50313,339700,3,3.0,Des Moines,1185,5088,2025,15,287,215,Active,,,https://www.redfin.com/IA/Des-Moines/6562-NE-11th-Ct-50313/home/189055872,DMMLS,722197,N,Y,41.524941,-93.628527
MLS Listing,,Condo/Co-op,6554 NE 11th Ct,Des Moines,IA,50313,339900,3,3.0,Des Moines,1185,5237,2025,15,287,215,Active,,,https://www.redfin.com/IA/Des-Moines/6554-NE-11th-Ct-50313/home/189055873,DMMLS,722198,N,Y,41.5250304,-93.6285583
MLS Listing,,Condo/Co-op,6545 NE 11th Ct,Des Moines,IA,50313,329500,3,3.0,Des Moines,1185,4716,2025,15,278,215,Active,,,https://www.redfin.com/IA/Des-Moines/6545-NE-11th-Ct-50313/home/189055845,DMMLS,720801,N,Y,41.5250996,-93.6281186
MLS Listing,,Condo/Co-op,6537 NE 11th Ct,Des Moines,IA,50313,329900,3,3.0,Des Moines,1185,4649,2025,15,278,215,Active,,,https://www.redfin.com/IA/Des-Moines/6537-NE-11th-Ct-50313/home/189055846,DMMLS,720800,N,Y,41.5251685,-93.6281173
MLS Listing,,Single Family Residential,1529 33rd St,Des Moines,IA,50311,189000,3,2.0,Des Moines,955,6500,1907,15,198,,Active,,,https://www.redfin.com/IA/Des-Moines/1529-33rd-St-50311/home/123565283,DMMLS,722481,N,Y,41.6069029,-93.6619213
MLS Listing,,Single Family Residential,318 E Edison Ave,Des Moines,IA,50315,250000,3,2.0,Des Moines,1415,8750,1949,15,177,,Active,,,https://www.redfin.com/IA/Des-Moines/318-E-Edison-Ave-50315/home/124059734,DMMLS,722523,N,Y,41.5724409,-93.6106013
MLS Listing,,Single Family Residential,1929 E Maish Ave,Des Moines,IA,50320,285000,4,2.0,Des Moines,1084,14600,1990,15,263,,Active,,,https://www.redfin.com/IA/Des-Moines/1929-E-Maish-Ave-50320/home/123450449,DMMLS,722540,N,Y,41.5482592,-93.5823012
MLS Listing,,Condo/Co-op,111 10th St #405,Des Moines,IA,50309,272499,1,1.5,Des Moines,1116,,1910,15,244,678,Active,,,https://www.redfin.com/IA/Des-Moines/111-10th-St-50309/unit-405/home/124900513,DMMLS,722534,N,Y,41.583612,-93.6286672
MLS Listing,,Single Family Residential,3616 37th St,Des Moines,IA,50310,199900,2,1.0,Des Moines,803,7000,1948,15,249,,Active,,,https://www.redfin.com/IA/Des-Moines/3616-37th-St-50310/home/125264908,DMMLS,722535,N,Y,41.6282552,-93.6674581
MLS Listing,,Vacant Land,1346 Jefferson Ave,Des Moines,IA,50314,25500,0,,Des Moines,,5000,,15,,,Active,,,https://www.redfin.com/IA/Des-Moines/1346-Jefferson-Ave-50314/home/124676146,DMMLS,722488,N,Y,41.6103091,-93.6365041
MLS Listing,,Single Family Residential,2678 E 50th St,Des Moines,IA,50317,360000,4,2.5,Des Moines,2110,9300,2022,15,171,,Active,,,https://www.redfin.com/IA/Des-Moines/2678-E-50th-St-50317/home/178646495,DMMLS,722530,N,Y,41.6204491,-93.5161619
MLS Listing,,Single Family Residential,302 37th St,Des Moines,IA,50312,799900,4,3.5,Des Moines,3175,26039,1878,15,252,,Active,,,https://www.redfin.com/IA/Des-Moines/302-37th-St-50312/home/124742240,DMMLS,722378,N,Y,41.5819722,-93.6673002
MLS Listing,,Single Family Residential,2103 Washington Ave,Des Moines,IA,50310,185000,2,1.0,Des Moines,1403,7050,1911,15,132,,Active,,,https://www.redfin.com/IA/Des-Moines/2103-Washington-Ave-50310/home/124546291,DMMLS,722516,N,Y,41.609291,-93.6456387
MLS Listing,,Single Family Residential,3524 E 38th St,Des Moines,IA,50317,175000,1,1.0,Des Moines,848,17353,1931,15,206,,Active,,,https://www.redfin.com/IA/Des-Moines/3524-E-38th-St-50317/home/124606249,DMMLS,722475,N,Y,41.6274783,-93.5421937
MLS Listing,,Single Family Residential,2405 Williams St,Des Moines,IA,50317,215000,3,1.0,Des Moines,840,6300,1970,15,256,,Active,August-3-2025 03:30 PM,August-3-2025 04:30 PM,https://www.redfin.com/IA/Des-Moines/2405-Williams-St-50317/home/125206916,DMMLS,722507,N,Y,41.6166983,-93.5330503
MLS Listing,,Single Family Residential,1719 Jefferson Ave,Des Moines,IA,50314,179000,3,1.0,Des Moines,1283,6650,1909,15,140,,Active,,,https://www.redfin.com/IA/Des-Moines/1719-Jefferson-Ave-50314/home/124415362,DMMLS,722482,N,Y,41.6106501,-93.6412363
MLS Listing,,Vacant Land,716 E 18th St,Des Moines,IA,50316,46000,0,,Des Moines,,9586,,15,,,Active,,,https://www.redfin.com/IA/Des-Moines/716-E-18th-St-50316/home/124983517,DMMLS,722493,N,Y,41.5984569,-93.5873842
MLS Listing,,Single Family Residential,2841 Des Moines St,Des Moines,IA,50317,213000,3,2.0,Des Moines,920,10980,1913,15,232,,Active,,,https://www.redfin.com/IA/Des-Moines/2841-Des-Moines-St-50317/home/124182890,DMMLS,722492,N,Y,41.5963978,-93.5613471
MLS Listing,,Single Family Residential,2709 41st Pl,Des Moines,IA,50310,299900,3,2.0,Des Moines,1505,7500,1935,16,199,,Active,,,https://www.redfin.com/IA/Des-Moines/2709-41st-Pl-50310/home/123310988,DMMLS,722467,N,Y,41.6195212,-93.6740998
MLS Listing,,Single Family Residential,2625 38th St,Des Moines,IA,50310,249900,2,1.5,Des Moines,949,12588,1939,16,263,,Active,,,https://www.redfin.com/IA/Des-Moines/2625-38th-St-50310/home/123354473,DMMLS,722466,N,Y,41.6187392,-93.667979
MLS Listing,,Single Family Residential,2021 Lay St,Des Moines,IA,50317,125000,1,1.0,Des Moines,516,5187,1924,16,242,,Active,,,https://www.redfin.com/IA/Des-Moines/2021-Lay-St-50317/home/124733669,DMMLS,722464,N,Y,41.6124849,-93.5722518
MLS Listing,,Single Family Residential,804 E 21st Ct,Des Moines,IA,50317,110000,2,1.0,Des Moines,640,6400,1948,16,172,,Active,,,https://www.redfin.com/IA/Des-Moines/804-E-21st-Ct-50317/home/125133347,DMMLS,722459,N,Y,41.5989737,-93.5790516
MLS Listing,,Single Family Residential,5501 S Union St,Des Moines,IA,50315,272500,4,2.0,Des Moines,893,19435,1991,16,305,,Active,,,https://www.redfin.com/IA/Des-Moines/5501-South-Union-St-50315/home/124242842,DMMLS,722446,N,Y,41.5345685,-93.6157604
MLS Listing,,Single Family Residential,817 E Diehl Ave,Des Moines,IA,50315,272500,4,1.5,Des Moines,880,9000,1961,16,310,,Active,,,https://www.redfin.com/IA/Des-Moines/817-E-Diehl-Ave-50315/home/123692911,DMMLS,722447,N,Y,41.5325161,-93.6013508
MLS Listing,,Vacant Land,2305 Saylor Rd,Des Moines,IA,50313,39900,0,,Des Moines,,6320,,16,,,Active,,,https://www.redfin.com/IA/Des-Moines/2305-Saylor-Rd-50313/home/124607477,DMMLS,722445,N,Y,41.6151631,-93.6125694
MLS Listing,,Single Family Residential,6001 SW 13th Pl,Des Moines,IA,50315,255000,3,2.0,Des Moines,1036,10540,1955,16,246,,Active,,,https://www.redfin.com/IA/Des-Moines/6001-SW-13th-Pl-50315/home/124733476,DMMLS,722440,N,Y,41.5299431,-93.633953
MLS Listing,,Single Family Residential,116 2nd St,West Des Moines,IA,50265,194900,2,1.0,West Des Moines,1024,7250,1900,16,190,,Active,August-2-2025 01:00 PM,August-2-2025 02:00 PM,https://www.redfin.com/IA/West-Des-Moines/116-2nd-St-50265/home/124139190,DMMLS,722427,N,Y,41.570217,-93.705021
MLS Listing,,Single Family Residential,5336 E Kenyon Cir,Des Moines,IA,50320,334900,3,2.5,Des Moines,1704,13140,2005,16,197,,Active,,,https://www.redfin.com/IA/Des-Moines/5336-E-Kenyon-Cir-50320/home/124477929,DMMLS,722418,N,Y,41.5354611,-93.5703454
MLS Listing,,Single Family Residential,2660 E Payton Ave,Des Moines,IA,50320,245000,2,1.0,Des Moines,1040,19400,1953,16,236,,Active,August-3-2025 02:00 PM,August-3-2025 04:00 PM,https://www.redfin.com/IA/Des-Moines/2660-E-Payton-Ave-50320/home/123838366,DMMLS,722340,N,Y,41.5301433,-93.5664256
MLS Listing,,Single Family Residential,3918 Martin Luther King Jr Pkwy,Des Moines,IA,50310,185000,2,1.0,Des Moines,849,14220,1960,17,218,,Active,,,https://www.redfin.com/IA/Des-Moines/3918-Martin-Luther-King-Jr-Pkwy-50310/home/123221777,DMMLS,722174,N,Y,41.6319173,-93.6518483
MLS Listing,,Single Family Residential,1218 Mccormick St,Des Moines,IA,50316,269800,3,2.5,Des Moines,1324,4605,2025,17,204,,Active,,,https://www.redfin.com/IA/Des-Moines/1218-McCormick-St-50316/home/124649387,DMMLS,722394,N,Y,41.601662,-93.594241
MLS Listing,,Single Family Residential,102 E Thornton Ave,Des Moines,IA,50315,90000,3,2.0,Des Moines,888,18881,1940,17,101,,Active,,,https://www.redfin.com/IA/Des-Moines/102-E-Thornton-Ave-50315/home/124400941,CIBOR,68000,N,Y,41.551242,-93.6141493
MLS Listing,,Single Family Residential,2501 Shaw St,Des Moines,IA,50317,279900,3,2.0,Des Moines,1096,4957,2025,17,255,,Active,,,https://www.redfin.com/IA/Des-Moines/2501-Shaw-St-50317/home/123986329,DMMLS,722330,N,Y,41.5818978,-93.5709105
MLS Listing,,Single Family Residential,1141 Douglas Ave,Des Moines,IA,50313,195000,2,1.0,Des Moines,936,7150,1921,17,208,,Active,,,https://www.redfin.com/IA/Des-Moines/1141-Douglas-Ave-50313/home/124703575,DMMLS,722355,N,Y,41.6297268,-93.6340845
MLS Listing,,Single Family Residential,3312 Kinsey Ave,Des Moines,IA,50317,239900,3,2.0,Des Moines,1138,,1975,17,211,,Active,,,https://www.redfin.com/IA/Des-Moines/3312-Kinsey-Ave-50317/home/125129052,DMMLS,722307,N,Y,41.6068964,-93.5505073
MLS Listing,,Single Family Residential,910 30th St,Des Moines,IA,50312,239900,2,1.0,Des Moines,1002,7250,1924,17,239,,Active,,,https://www.redfin.com/IA/Des-Moines/910-30th-St-50312/home/124220259,DMMLS,722326,N,Y,41.5940194,-93.6584162
MLS Listing,,Single Family Residential,3314 Columbia St,Des Moines,IA,50313,210000,4,1.0,Des Moines,1037,6650,1952,17,203,,Active,,,https://www.redfin.com/IA/Des-Moines/3314-Columbia-St-50313/home/125138305,DMMLS,722322,N,Y,41.6255381,-93.6141218
MLS Listing,,Single Family Residential,3934 Lincoln Place Dr,Des Moines,IA,50312,269900,3,1.5,Des Moines,1060,10672,1940,17,255,,Active,August-3-2025 01:00 PM,August-3-2025 03:00 PM,https://www.redfin.com/IA/Des-Moines/3934-Lincoln-Place-Dr-50312/home/124678720,DMMLS,722270,N,Y,41.574519,-93.6713259
MLS Listing,,Condo/Co-op,2880 Grand Ave #503,Des Moines,IA,50312,195000,1,2.0,Des Moines,1376,,1982,18,142,505,Active,,,https://www.redfin.com/IA/Des-Moines/2880-Grand-Ave-50312/unit-503/home/125073782,DMMLS,722162,N,Y,41.583885,-93.6562736
MLS Listing,,Single Family Residential,2753 Adams Ave,Des Moines,IA,50310,174900,2,1.0,Des Moines,753,4850,1948,18,232,,Active,,,https://www.redfin.com/IA/Des-Moines/2753-Adams-Ave-50310/home/123279504,DMMLS,720219,N,Y,41.6224646,-93.6560981
MLS Listing,,Single Family Residential,1333 Cummins Pkwy,Des Moines,IA,50311,240000,3,1.5,Des Moines,1391,6750,1953,18,173,,Active,,,https://www.redfin.com/IA/Des-Moines/1333-Cummins-Pkwy-50311/home/124765639,DMMLS,722245,N,Y,41.6031632,-93.7010931
MLS Listing,,Single Family Residential,3600 E 42nd Ct,Des Moines,IA,50317,269500,4,2.0,Des Moines,930,9875,1981,18,290,,Active,,,https://www.redfin.com/IA/Des-Moines/3600-E-42nd-Ct-50317/home/124644995,DMMLS,722241,N,Y,41.6274707,-93.5312252
MLS Listing,,Single Family Residential,1534 9th St,Des Moines,IA,50314,225000,4,1.5,Des Moines,1567,,1898,18,144,,Active,,,https://www.redfin.com/IA/Des-Moines/1534-9th-St-50314/home/123341394,DMMLS,722133,N,Y,41.6070213,-93.6297286
MLS Listing,,Single Family Residential,2311 Williams St,Des Moines,IA,50317,179900,2,1.0,Des Moines,616,9450,1954,18,292,,Active,,,https://www.redfin.com/IA/Des-Moines/2311-Williams-St-50317/home/124672473,DMMLS,722232,N,Y,41.6156396,-93.5330675
MLS Listing,,Single Family Residential,435 E Watrous Ave,Des Moines,IA,50315,194500,3,1.0,Des Moines,936,7592,1976,18,208,,Active,,,https://www.redfin.com/IA/Des-Moines/435-E-Watrous-Ave-50315/home/124235985,DMMLS,722231,N,Y,41.5479175,-93.6068102
MLS Listing,,Single Family Residential,2904 48th St,Des Moines,IA,50310,274900,3,1.0,Des Moines,1192,7000,1927,18,231,,Active,,,https://www.redfin.com/IA/Des-Moines/2904-48th-St-50310/home/123581351,DMMLS,722217,N,Y,41.6210647,-93.6830903
MLS Listing,,Single Family Residential,2610 Westover Blvd,Des Moines,IA,50322,298000,4,1.5,Des Moines,1672,9800,1923,18,178,,Active,August-3-2025 01:00 PM,August-3-2025 03:00 PM,https://www.redfin.com/IA/Des-Moines/2610-Westover-Blvd-50322/home/124538870,DMMLS,722210,N,Y,41.6177966,-93.7065487
MLS Listing,,Single Family Residential,4004 Franklin Ave,Des Moines,IA,50310,239900,3,1.0,Des Moines,1229,6715,1941,18,195,,Active,,,https://www.redfin.com/IA/Des-Moines/4004-Franklin-Ave-50310/home/124613018,DMMLS,722202,N,Y,41.6111143,-93.6707812
MLS Listing,,Single Family Residential,524 1st St,West Des Moines,IA,50265,264000,3,2.0,West Des Moines,1291,7150,1919,18,204,,Active,,,https://www.redfin.com/IA/West-Des-Moines/524-1st-St-50265/home/125167756,DMMLS,722006,N,Y,41.5764441,-93.7036881
MLS Listing,,Single Family Residential,3419 E 37th St,Des Moines,IA,50317,160000,3,1.0,Des Moines,997,16848,1952,18,160,,Active,,,https://www.redfin.com/IA/Des-Moines/3419-E-37th-St-50317/home/123405044,DMMLS,721970,N,Y,41.6264578,-93.5437348
MLS Listing,,Single Family Residential,4207 Madison Ave,Des Moines,IA,50310,194900,2,1.0,Des Moines,971,8250,1951,19,201,,Active,,,https://www.redfin.com/IA/Des-Moines/4207-Madison-Ave-50310/home/123690727,DMMLS,722193,N,Y,41.6333543,-93.6759142
MLS Listing,,Single Family Residential,3827 Carpenter Ave,Des Moines,IA,50311,254000,3,1.0,Des Moines,1236,7200,1917,20,206,,Active,,,https://www.redfin.com/IA/Des-Moines/3827-Carpenter-Ave-50311/home/125136967,DMMLS,721677,N,Y,41.6023833,-93.669256
MLS Listing,,Single Family Residential,1124 13th St,Des Moines,IA,50314,220000,4,3.0,Des Moines,1631,6864,1895,20,135,,Active,,,https://www.redfin.com/IA/Des-Moines/1124-13th-St-50314/home/123513100,DMMLS,722119,N,Y,41.5980525,-93.6344464
MLS Listing,,Single Family Residential,816 Boyd St,Des Moines,IA,50316,185000,2,1.0,Des Moines,864,,1914,20,214,,Active,,,https://www.redfin.com/IA/Des-Moines/816-Boyd-St-50316/home/123611296,DMMLS,722183,N,Y,41.6215666,-93.60768
MLS Listing,,Single Family Residential,1910 7th St,Des Moines,IA,50314,150000,5,2.0,Des Moines,2612,6600,1875,21,57,,Active,,,https://www.redfin.com/IA/Des-Moines/1910-7th-St-50314/home/125249199,DMMLS,722176,N,Y,41.6118682,-93.6273016
MLS Listing,,Single Family Residential,5805 Sterling Trce,Des Moines,IA,50320,315000,3,2.5,Des Moines,1494,12371,2006,21,211,12,Active,August-10-2025 01:00 PM,August-10-2025 03:00 PM,https://www.redfin.com/IA/Des-Moines/5805-Sterling-Trce-50320/home/124578191,DMMLS,722156,N,Y,41.5313706,-93.5460818
MLS Listing,,Single Family Residential,1719 Lyon St,Des Moines,IA,50316,80000,2,1.0,Des Moines,681,5250,1885,21,117,,Active,,,https://www.redfin.com/IA/Des-Moines/1719-Lyon-St-50316/home/124635328,DMMLS,722097,N,Y,41.5971436,-93.5897181
MLS Listing,,Single Family Residential,1118 Euclid Ave,Des Moines,IA,50313,198000,3,2.0,Des Moines,1376,13200,1907,21,144,,Active,,,https://www.redfin.com/IA/Des-Moines/1118-Euclid-Ave-50313/home/125110620,DMMLS,722151,N,Y,41.6273677,-93.6330575
MLS Listing,,Single Family Residential,1728 Northwest Dr,Des Moines,IA,50310,244900,3,1.0,Des Moines,1380,8421,1917,21,177,,Active,,,https://www.redfin.com/IA/Des-Moines/1728-Northwest-Dr-50310/home/124201363,DMMLS,722150,N,Y,41.608932,-93.6725907
MLS Listing,,Single Family Residential,4690 Hubbell Ave,Des Moines,IA,50317,215000,3,2.0,Des Moines,1399,23082,1931,21,154,,Active,,,https://www.redfin.com/IA/Des-Moines/4690-Hubbell-Ave-50317/home/124393490,DMMLS,722147,N,Y,41.6432052,-93.5204653
MLS Listing,,Single Family Residential,2517 Shaw St,Des Moines,IA,50317,289900,2,2.0,Des Moines,1156,4957,2025,21,251,,Active,,,https://www.redfin.com/IA/Des-Moines/2517-Shaw-St-50317/home/123464611,DMMLS,722144,N,Y,41.581918,-93.570265
MLS Listing,,Single Family Residential,3917 11th St,Des Moines,IA,50313,202000,3,1.0,Des Moines,1122,6750,1911,21,180,,Active,,,https://www.redfin.com/IA/Des-Moines/3917-11th-St-50313/home/124662975,DMMLS,722112,N,Y,41.6320069,-93.6317746
MLS Listing,,Single Family Residential,1434 E 18th St,Des Moines,IA,50316,89900,3,1.0,Des Moines,864,10000,1903,21,104,,Active,,,https://www.redfin.com/IA/Des-Moines/1434-E-18th-St-50316/home/125888210,DMMLS,722101,N,Y,41.6059735,-93.5871592
MLS Listing,,Single Family Residential,1510 9th St,Des Moines,IA,50314,277500,3,3.0,Des Moines,2234,21303,1896,21,124,,Active,,,https://www.redfin.com/IA/Des-Moines/1510-9th-St-50314/home/125247093,DMMLS,722091,N,Y,41.6063384,-93.6300153
MLS Listing,,Single Family Residential,2525 27th Pl,Des Moines,IA,50310,245900,3,1.5,Des Moines,1008,8220,1959,21,244,,Active,,,https://www.redfin.com/IA/Des-Moines/2525-27th-Pl-50310/home/125256730,DMMLS,722087,N,Y,41.6173555,-93.6545553
MLS Listing,,Single Family Residential,221 E Payton Ave,Des Moines,IA,50315,245000,5,3.0,Des Moines,1094,9627,2005,21,224,,Active,,,https://www.redfin.com/IA/Des-Moines/221-E-Payton-Ave-50315/home/125393799,DMMLS,721625,N,Y,41.5298562,-93.6125865
MLS Listing,,Single Family Residential,4046 4th St,Des Moines,IA,50313,111500,1,1.0,Des Moines,677,6900,1917,21,165,,Active,,,https://www.redfin.com/IA/Des-Moines/4046-4th-St-50313/home/124133249,DMMLS,722028,N,Y,41.6348021,-93.6225745
MLS Listing,,Single Family Residential,1348 Idaho St,Des Moines,IA,50316,115000,2,1.0,Des Moines,704,8000,1908,21,163,,Active,,,https://www.redfin.com/IA/Des-Moines/1348-Idaho-St-50316/home/123282384,DMMLS,721967,N,Y,41.6040689,-93.5993123
MLS Listing,,Single Family Residential,2400 Farwell Rd,Des Moines,IA,50317,205000,2,2.0,Des Moines,1056,8100,1954,21,194,,Active,,,https://www.redfin.com/IA/Des-Moines/2400-Farwell-Rd-50317/home/124735011,DMMLS,720892,N,Y,41.616604,-93.5688969
MLS Listing,,Single Family Residential,849 39th St,Des Moines,IA,50312,210000,2,1.0,Des Moines,994,6250,1923,22,211,,Active,,,https://www.redfin.com/IA/Des-Moines/849-39th-St-50312/home/123524668,DMMLS,722076,N,Y,41.5934056,-93.6693023
MLS Listing,,Single Family Residential,217 E Park Ave,Des Moines,IA,50315,200000,3,1.0,Des Moines,816,9600,1960,22,245,,Active,,,https://www.redfin.com/IA/Des-Moines/217-E-Park-Ave-50315/home/124403073,DMMLS,722066,N,Y,41.5551256,-93.6123671
MLS Listing,,Single Family Residential,1919 E Maish Ave,Des Moines,IA,50320,265000,4,2.0,Des Moines,1092,7800,1990,22,243,,Active,,,https://www.redfin.com/IA/Des-Moines/1919-E-Maish-Ave-50320/home/124501603,DMMLS,722032,N,Y,41.5482437,-93.5828313
MLS Listing,,Single Family Residential,2704 Wedgewood Rd,Des Moines,IA,50317,215000,3,1.0,Des Moines,912,10500,1960,22,236,,Active,,,https://www.redfin.com/IA/Des-Moines/2704-Wedgewood-Rd-50317/home/124747027,DMMLS,721998,N,Y,41.626638,-93.563932
MLS Listing,,Single Family Residential,2531 Shaw St,Des Moines,IA,50317,289900,2,2.0,Des Moines,1156,4975,2025,22,251,,Active,,,https://www.redfin.com/IA/Des-Moines/2531-Shaw-St-50317/home/193153132,DMMLS,721985,N,Y,41.582045,-93.569562
MLS Listing,,Single Family Residential,1324 College Ave,Des Moines,IA,50314,175000,3,1.0,Des Moines,1071,6637,1999,22,163,,Active,,,https://www.redfin.com/IA/Des-Moines/1324-College-Ave-50314/home/123520529,DMMLS,721981,N,Y,41.6075013,-93.6355383
MLS Listing,,Single Family Residential,618 Arthur Ave,Des Moines,IA,50313,265000,4,3.0,Des Moines,1599,8400,1927,22,166,,Active,,,https://www.redfin.com/IA/Des-Moines/618-Arthur-Ave-50313/home/124703567,DMMLS,721980,N,Y,41.6179863,-93.6104451
MLS Listing,,Single Family Residential,658 20th St,Des Moines,IA,50314,450000,4,3.0,Des Moines,2110,7500,1880,22,213,,Active,,,https://www.redfin.com/IA/Des-Moines/658-20th-St-50314/home/124874064,DMMLS,721979,N,Y,41.5885917,-93.6440285
MLS Listing,,Single Family Residential,5420 SW 13th St,Des Moines,IA,50315,250000,3,2.0,Des Moines,1082,6708,1990,22,231,,Active,,,https://www.redfin.com/IA/Des-Moines/5420-SW-13th-St-50315/home/124392359,DMMLS,721962,N,Y,41.5346765,-93.6336353
MLS Listing,,Single Family Residential,3413 Brook Run Dr,Des Moines,IA,50317,395000,5,3.5,Des Moines,2264,10685,2003,22,174,10,Active,,,https://www.redfin.com/IA/Des-Moines/3413-Brook-Run-Dr-50317/home/124837581,DMMLS,721213,N,Y,41.6260847,-93.512948
MLS Listing,,Condo/Co-op,120 SW 5th St #306,Des Moines,IA,50309,235000,1,1.0,Des Moines,707,,1913,22,332,361,Active,,,https://www.redfin.com/IA/Des-Moines/120-SW-5th-St-50309/unit-306/home/123898646,DMMLS,721960,N,Y,41.5825296,-93.6224493
MLS Listing,,Single Family Residential,500 Scandia Ave,Des Moines,IA,50315,215000,3,1.0,Des Moines,912,10694,1971,22,236,,Active,,,https://www.redfin.com/IA/Des-Moines/500-Scandia-Ave-50315/home/124692847,DMMLS,721327,N,Y,41.5432132,-93.6061508
MLS Listing,,Single Family Residential,3224 SW 13th Pl,Des Moines,IA,50315,169000,3,1.0,Des Moines,1147,6750,1922,23,147,,Active,,,https://www.redfin.com/IA/Des-Moines/3224-SW-13th-Pl-50315/home/124400618,DMMLS,721932,N,Y,41.5545658,-93.6344043
MLS Listing,,Single Family Residential,3901 3rd St,Des Moines,IA,50313,149000,2,1.5,Des Moines,790,6350,1922,23,189,,Active,,,https://www.redfin.com/IA/Des-Moines/3901-3rd-St-50313/home/123498607,DMMLS,721928,N,Y,41.6314642,-93.6208925
MLS Listing,,Single Family Residential,3021 49th St,Des Moines,IA,50310,250000,2,1.0,Des Moines,1084,7000,1921,23,231,,Active,,,https://www.redfin.com/IA/Des-Moines/3021-49th-St-50310/home/123535502,DMMLS,721924,N,Y,41.6231382,-93.6849773
MLS Listing,,Single Family Residential,2609 Eagle Point Ct,Des Moines,IA,50320,274000,4,2.5,Des Moines,1189,8818,2003,23,230,8,Active,,,https://www.redfin.com/IA/Des-Moines/2609-Eagle-Point-Ct-50320/home/125387093,DMMLS,721860,N,Y,41.5611735,-93.5705733
MLS Listing,,Single Family Residential,724 24th St,Des Moines,IA,50312,219900,2,1.5,Des Moines,1303,7500,1902,23,169,,Active,,,https://www.redfin.com/IA/Des-Moines/724-24th-St-50312/home/123474380,DMMLS,721921,N,Y,41.5911375,-93.6499871
MLS Listing,,Single Family Residential,4147 E 7th St,Des Moines,IA,50313,232900,3,2.0,Des Moines,1422,11793,1956,23,164,,Active,,,https://www.redfin.com/IA/Des-Moines/4147-E-7th-St-50313/home/124203279,DMMLS,718498,N,Y,41.6365766,-93.6087869
MLS Listing,,Single Family Residential,4115 11th St,Des Moines,IA,50313,159900,2,1.0,Des Moines,672,6499,1946,23,238,,Active,,,https://www.redfin.com/IA/Des-Moines/4115-11th-St-50313/home/124704777,DMMLS,721873,N,Y,41.6354828,-93.6317623
MLS Listing,,Single Family Residential,205 E Livingston Ave,Des Moines,IA,50315,280000,4,2.0,Des Moines,1530,10080,1980,23,183,,Active,,,https://www.redfin.com/IA/Des-Moines/205-E-Livingston-Ave-50315/home/124664445,DMMLS,721864,N,Y,41.5759344,-93.6117254
MLS Listing,,Multi-Family (2-4 Unit),1505/1507 E Court Ave,Des Moines,IA,50316,186500,,,Des Moines,1683,8715,1876,24,111,,Active,,,https://www.redfin.com/IA/Des-Moines/1505-E-Court-Ave-50316/home/195864468,CIBOR,67479,N,Y,41.5895063,-93.5939409
MLS Listing,,Single Family Residential,2827 Brook View Dr,Des Moines,IA,50317,354990,4,3.0,Des Moines,1272,8280,2025,24,279,,Active,,,https://www.redfin.com/IA/Des-Moines/2827-Brook-View-Dr-50317/home/193147451,DMMLS,721837,N,Y,41.622505,-93.513213
MLS Listing,,Single Family Residential,2820 Brook View Dr,Des Moines,IA,50317,409990,4,2.5,Des Moines,2053,8379,2025,24,200,,Active,,,https://www.redfin.com/IA/Des-Moines/2820-Brook-View-Dr-50317/home/193147465,DMMLS,721834,N,Y,41.622509,-93.513579
MLS Listing,,Single Family Residential,2821 Brook View Dr,Des Moines,IA,50317,384990,4,2.5,Des Moines,2053,8280,2025,24,188,,Active,,,https://www.redfin.com/IA/Des-Moines/2821-Brook-View-Dr-50317/home/193147452,DMMLS,721833,N,Y,41.622505,-93.513213
MLS Listing,,Vacant Land,5705 SE 19th St,Des Moines,IA,50320,299000,1,1.0,Des Moines,816,193406,1938,24,366,,Active,,,https://www.redfin.com/IA/Des-Moines/5705-SE-19th-St-50320/home/125316490,DMMLS,721790,N,Y,41.532506,-93.5849669
MLS Listing,,Single Family Residential,1441 21st St,Des Moines,IA,50311,200000,3,2.0,Des Moines,2194,7850,1904,24,91,,Active,,,https://www.redfin.com/IA/Des-Moines/1441-21st-St-50311/home/124069250,DMMLS,721824,N,Y,41.6053247,-93.6450106
MLS Listing,,Single Family Residential,2445 E Tiffin Ave,Des Moines,IA,50317,285000,4,2.0,Des Moines,1005,8125,1960,24,284,,Active,,,https://www.redfin.com/IA/Des-Moines/2445-E-Tiffin-Ave-50317/home/125067450,DMMLS,721650,N,Y,41.6245018,-93.5713751
MLS Listing,,Single Family Residential,3308 SW 7th St,Des Moines,IA,50315,229900,4,2.0,Des Moines,1431,8555,1951,24,161,,Active,,,https://www.redfin.com/IA/Des-Moines/3308-SW-7th-St-50315/home/125120187,DMMLS,721749,N,Y,41.554288,-93.6235974
MLS Listing,,Single Family Residential,3325 SW 5th St,Des Moines,IA,50315,315000,3,2.5,Des Moines,1635,40425,1978,24,193,,Active,,,https://www.redfin.com/IA/Des-Moines/3325-SW-5th-St-50315/home/124612346,DMMLS,721778,N,Y,41.5537931,-93.6201381
MLS Listing,,Single Family Residential,2014 39th St,Des Moines,IA,50310,279000,4,1.5,Des Moines,1705,7000,1934,24,164,,Active,,,https://www.redfin.com/IA/Des-Moines/2014-39th-St-50310/home/123993214,DMMLS,721777,N,Y,41.6128162,-93.669677
MLS Listing,,Single Family Residential,1600 Evergreen Ave,Des Moines,IA,50320,233500,3,1.0,Des Moines,1136,20886,1948,24,206,,Active,August-3-2025 01:00 PM,August-3-2025 03:00 PM,https://www.redfin.com/IA/Des-Moines/1600-Evergreen-Ave-50320/home/124057101,DMMLS,721356,N,Y,41.551971,-93.5916651
MLS Listing,,Condo/Co-op,3920 Grand Ave Unit 5TE,Des Moines,IA,50312,549000,3,2.0,Des Moines,1736,,1979,24,316,1104,Active,,,https://www.redfin.com/IA/Des-Moines/3920-Grand-Ave-50312/unit-5TE/home/124776636,DMMLS,721754,N,Y,41.5838359,-93.670801
MLS Listing,,Single Family Residential,3112 52nd St,Des Moines,IA,50310,199500,5,3.0,Des Moines,1724,18300,1922,25,116,,Active,,,https://www.redfin.com/IA/Des-Moines/3112-52nd-St-50310/home/124199291,DMMLS,721742,N,Y,41.6236635,-93.6903655
MLS Listing,,Single Family Residential,2401 E 50th St,Des Moines,IA,50317,355000,3,3.0,Des Moines,1264,7800,2018,25,281,,Active,,,https://www.redfin.com/IA/Des-Moines/2401-E-50th-St-50317/home/147013477,DMMLS,721740,N,Y,41.6163341,-93.5155352
MLS Listing,,Single Family Residential,3912 53rd St,Des Moines,IA,50310,210000,3,1.0,Des Moines,828,8400,1947,25,254,,Active,,,https://www.redfin.com/IA/Des-Moines/3912-53rd-St-50310/home/123210324,DMMLS,721708,N,Y,41.6316151,-93.6916945
MLS Listing,,Condo/Co-op,300 Walnut St #1505,Des Moines,IA,50309,170000,1,1.0,Des Moines,750,,1985,25,227,570,Active,,,https://www.redfin.com/IA/Des-Moines/300-Walnut-St-50309/unit-1505/home/123475597,DMMLS,721659,N,Y,41.5861682,-93.6217011
MLS Listing,,Single Family Residential,714 E 27th St,Des Moines,IA,50317,130000,2,1.0,Des Moines,576,5565,1932,25,226,,Active,,,https://www.redfin.com/IA/Des-Moines/714-E-27th-St-50317/home/124066320,DMMLS,721713,N,Y,41.5980764,-93.5658038
MLS Listing,,Single Family Residential,2011 E 23rd St,Des Moines,IA,50317,184900,3,1.0,Des Moines,904,7650,1918,25,205,,Active,,,https://www.redfin.com/IA/Des-Moines/2011-E-23rd-St-50317/home/123490678,DMMLS,721073,N,Y,41.6120746,-93.5747762
MLS Listing,,Single Family Residential,3617 E 8th St,Des Moines,IA,50316,119900,3,1.0,Des Moines,1037,7000,1927,25,116,,Active,,,https://www.redfin.com/IA/Des-Moines/3617-E-8th-St-50316/home/124646986,DMMLS,721683,N,Y,41.6284383,-93.6081936
MLS Listing,,Single Family Residential,3612 SE 18th Ct,Des Moines,IA,50320,274000,3,2.0,Des Moines,1268,,1993,25,216,,Active,August-2-2025 12:00 PM,August-2-2025 02:00 PM,https://www.redfin.com/IA/Des-Moines/3612-SE-18th-Ct-50320/home/124501592,DMMLS,721686,N,Y,41.5500173,-93.5857793
MLS Listing,,Townhouse,2826 Oxford St,Des Moines,IA,50313,135000,2,2.0,Des Moines,740,7500,1900,25,182,,Active,,,https://www.redfin.com/IA/Des-Moines/2826-Oxford-St-50313/home/125072413,DMMLS,721477,N,Y,41.62106,-93.617608
MLS Listing,,Single Family Residential,2458 E Highview Dr,Des Moines,IA,50320,379000,3,2.0,Des Moines,1405,11147,2021,25,270,,Active,,,https://www.redfin.com/IA/Des-Moines/2458-E-Highview-Dr-50320/home/124844164,DMMLS,721667,N,Y,41.5306578,-93.571226
MLS Listing,,Single Family Residential,1916 York St,Des Moines,IA,50316,215000,2,1.0,Des Moines,1165,7950,1915,26,185,,Active,,,https://www.redfin.com/IA/Des-Moines/1916-York-St-50316/home/123688367,DMMLS,721651,N,Y,41.6120741,-93.6021994
MLS Listing,,Vacant Land,4229 E Broadway Ave,Des Moines,IA,50317,385000,3,2.0,Des Moines,1603,414261,1933,26,240,,Active,,,https://www.redfin.com/IA/Des-Moines/4229-E-Broadway-Ave-50317/home/124372039,DMMLS,721263,N,Y,41.6430734,-93.5315692
MLS Listing,,Single Family Residential,3520 E 32nd St,Des Moines,IA,50317,232500,3,1.0,Des Moines,910,16950,1972,28,255,,Active,,,https://www.redfin.com/IA/Des-Moines/3520-E-32nd-St-50317/home/123595006,DMMLS,721634,N,Y,41.6273722,-93.5557491
MLS Listing,,Single Family Residential,1657 E Walnut St,Des Moines,IA,50316,125000,2,1.0,Des Moines,753,3010,1885,28,166,,Active,,,https://www.redfin.com/IA/Des-Moines/1657-E-Walnut-St-50316/home/123277297,DMMLS,720259,N,Y,41.5926994,-93.5892971
MLS Listing,,Single Family Residential,3623 Wright St,Des Moines,IA,50316,172000,2,1.0,Des Moines,808,6200,1940,29,213,,Active,,,https://www.redfin.com/IA/Des-Moines/3623-Wright-St-50316/home/125292481,DMMLS,721627,N,Y,41.628583,-93.6069607
MLS Listing,,Single Family Residential,2615 59th St,Des Moines,IA,50322,209900,2,1.0,Des Moines,850,8701,1918,29,247,,Active,,,https://www.redfin.com/IA/Des-Moines/2615-59th-St-50322/home/124630671,DMMLS,721622,N,Y,41.6180274,-93.6986968
MLS Listing,,Single Family Residential,1022 Trisha Ave,Des Moines,IA,50313,244900,3,1.0,Des Moines,948,7062,1960,29,258,,Active,August-3-2025 01:00 PM,August-3-2025 03:00 PM,https://www.redfin.com/IA/Des-Moines/1022-Trisha-Ave-50313/home/124378883,DMMLS,721623,N,Y,41.6360051,-93.6042908
MLS Listing,,Single Family Residential,1159 18th St,Des Moines,IA,50314,105000,2,1.0,Des Moines,1029,4858,1913,29,102,,Active,,,https://www.redfin.com/IA/Des-Moines/1159-18th-St-50314/home/125064546,DMMLS,721531,N,Y,41.5996067,-93.6410879
MLS Listing,,Single Family Residential,2721 E 16th St,Des Moines,IA,50316,117400,2,1.0,Des Moines,635,9515,1951,29,185,,Active,,,https://www.redfin.com/IA/Des-Moines/2721-E-16th-St-50316/home/123999224,DMMLS,721617,N,Y,41.6202622,-93.5942221
MLS Listing,,Single Family Residential,913 Fremont St,Des Moines,IA,50316,150000,4,1.5,Des Moines,1536,7750,1882,29,98,,Active,,,https://www.redfin.com/IA/Des-Moines/913-Fremont-St-50316/home/124065396,DMMLS,721525,N,Y,41.598411,-93.6057341
MLS Listing,,Single Family Residential,3851 E 25th St,Des Moines,IA,50317,209900,2,1.5,Des Moines,871,22977,1917,29,241,,Active,August-3-2025 10:00 AM,August-3-2025 12:00 PM,https://www.redfin.com/IA/Des-Moines/3851-E-25th-St-50317/home/124072093,DMMLS,721600,N,Y,41.6313511,-93.5693081
MLS Listing,,Single Family Residential,5600 SE 30th St,Des Moines,IA,50320,285000,4,2.5,Des Moines,1482,8842,1999,29,192,,Active,,,https://www.redfin.com/IA/Des-Moines/5600-SE-30th-St-50320/home/124863486,DMMLS,721475,N,Y,41.5339857,-93.5578814
MLS Listing,,Single Family Residential,1725 Mondamin Ave,Des Moines,IA,50314,179000,3,1.0,Des Moines,1056,6700,1913,29,170,,Active,,,https://www.redfin.com/IA/Des-Moines/1725-Mondamin-Ave-50314/home/124774991,DMMLS,721516,N,Y,41.6088298,-93.6413529
MLS Listing,,Single Family Residential,2124 E 23rd St,Des Moines,IA,50317,201900,3,2.0,Des Moines,1214,7650,1900,29,166,,Active,,,https://www.redfin.com/IA/Des-Moines/2124-E-23rd-St-50317/home/125206627,DMMLS,721512,N,Y,41.6137028,-93.575321
MLS Listing,,Single Family Residential,3618 Dubuque Ave,Des Moines,IA,50317,164900,2,1.0,Des Moines,728,4700,1940,29,227,,Active,,,https://www.redfin.com/IA/Des-Moines/3618-Dubuque-Ave-50317/home/125137512,DMMLS,721453,N,Y,41.6043541,-93.5447377
MLS Listing,,Single Family Residential,1324 E 27th St,Des Moines,IA,50317,139900,3,1.0,Des Moines,624,7500,1940,29,224,,Active,,,https://www.redfin.com/IA/Des-Moines/1324-E-27th-St-50317/home/124072327,DMMLS,721474,N,Y,41.6040689,-93.5656009
MLS Listing,,Condo/Co-op,7000 Lake Hill Dr #79,Des Moines,IA,50320,269900,3,2.5,Des Moines,1597,2020,2024,29,169,175,Active,,,https://www.redfin.com/IA/Des-Moines/7000-Lake-Ridge-Ave-50320/unit-79/home/189058873,DMMLS,721519,N,Y,41.5208078,-93.5592118
MLS Listing,,Single Family Residential,1659 Northwest Dr,Des Moines,IA,50310,264900,2,1.0,Des Moines,1340,7650,1916,29,198,,Active,,,https://www.redfin.com/IA/Des-Moines/1659-Northwest-Dr-50310/home/124433769,DMMLS,721492,N,Y,41.607747,-93.6700351
MLS Listing,,Single Family Residential,8066 Pilmer Dr,Des Moines,IA,50320,264900,3,1.0,Des Moines,936,12180,1961,29,283,,Active,August-3-2025 01:00 PM,August-3-2025 03:00 PM,https://www.redfin.com/IA/Des-Moines/8066-Pilmer-Dr-50320/home/81953307,DMMLS,721371,N,Y,41.5080801,-93.6108195
MLS Listing,,Single Family Residential,343 58th St,Des Moines,IA,50312,279900,3,1.0,Des Moines,1305,7645,1926,29,214,,Active,,,https://www.redfin.com/IA/Des-Moines/343-58th-St-50312/home/124466772,DMMLS,721495,N,Y,41.5824048,-93.6957415
MLS Listing,,Single Family Residential,2625 Easton Blvd,Des Moines,IA,50317,299900,4,3.0,Des Moines,1085,13981,2021,30,276,,Active,,,https://www.redfin.com/IA/Des-Moines/2625-Easton-Blvd-50317/home/125069989,DMMLS,721469,N,Y,41.6081208,-93.5674654
MLS Listing,,Single Family Residential,4118 11th St,Des Moines,IA,50313,178000,3,1.0,Des Moines,1210,6600,1926,30,147,,Active,August-3-2025 12:00 PM,August-3-2025 02:00 PM,https://www.redfin.com/IA/Des-Moines/4118-11th-St-50313/home/124722734,DMMLS,721429,N,Y,41.6356274,-93.6323485
MLS Listing,,Single Family Residential,2907 E 43rd St,Des Moines,IA,50317,300000,3,2.5,Des Moines,1500,9991,1999,31,200,,Active,,,https://www.redfin.com/IA/Des-Moines/2907-E-43rd-St-50317/home/124197515,DMMLS,719996,N,Y,41.6232912,-93.5290971
MLS Listing,,Condo/Co-op,4047 E University Ave,Des Moines,IA,50317,127000,2,1.0,Des Moines,960,,1972,31,132,280,Active,August-1-2025 11:00 AM,August-1-2025 12:00 PM,https://www.redfin.com/IA/Des-Moines/4047-E-University-Ave-50317/home/123311823,DMMLS,721425,N,Y,41.6003365,-93.5363854
MLS Listing,,Single Family Residential,4118 E Garden Ave,Des Moines,IA,50317,194900,3,1.0,Des Moines,916,7663,1969,31,213,,Active,,,https://www.redfin.com/IA/Des-Moines/4118-E-Garden-Ave-50317/home/124742066,DMMLS,721422,N,Y,41.6306795,-93.5335897
MLS Listing,,Single Family Residential,3101 Cottage Grove Ave,Des Moines,IA,50311,275000,7,7.0,Des Moines,3067,9790,1890,31,90,,Active,,,https://www.redfin.com/IA/Des-Moines/3101-Cottage-Grove-Ave-50311/home/123611845,DMMLS,721402,N,Y,41.598772,-93.6596338
MLS Listing,,Condo/Co-op,316 SW 6th St #106,Des Moines,IA,50309,340900,3,2.5,Des Moines,1676,1103,2013,31,203,175,Active,,,https://www.redfin.com/IA/Des-Moines/316-SW-6th-St-50309/unit-106/home/124049984,DMMLS,721409,N,Y,41.5804703,-93.6229671
MLS Listing,,Single Family Residential,1513 Washington Ave,Des Moines,IA,50314,243000,4,2.0,Des Moines,1745,11250,1916,31,139,,Active,,,https://www.redfin.com/IA/Des-Moines/1513-Washington-Ave-50314/home/123354821,DMMLS,721400,N,Y,41.609761,-93.6379381
MLS Listing,,Single Family Residential,935 23rd St,Des Moines,IA,50312,225000,4,2.0,Des Moines,960,3859,2006,31,234,,Active,,,https://www.redfin.com/IA/Des-Moines/935-23rd-St-50312/home/123310864,DMMLS,721401,N,Y,41.5938336,-93.6478811
MLS Listing,,Single Family Residential,1054 14th St,Des Moines,IA,50314,149900,2,1.0,Des Moines,984,4880,1888,31,152,,Active,,,https://www.redfin.com/IA/Des-Moines/1054-14th-St-50314/home/123513138,DMMLS,721387,N,Y,41.5970216,-93.6356446
MLS Listing,,Single Family Residential,525 SE 9th St,Des Moines,IA,50309,289500,4,2.0,Des Moines,1070,7840,2004,31,271,,Active,August-3-2025 01:00 PM,August-3-2025 03:00 PM,https://www.redfin.com/IA/Des-Moines/525-SE-9th-St-50309/home/124062147,DMMLS,721367,N,Y,41.5827052,-93.6024308
MLS Listing,,Single Family Residential,1254 E 16th St,Des Moines,IA,50316,179900,2,1.0,Des Moines,660,6750,1938,31,273,,Active,,,https://www.redfin.com/IA/Des-Moines/1254-E-16th-St-50316/home/124127951,DMMLS,720715,N,Y,41.6028076,-93.595361
MLS Listing,,Single Family Residential,204 E Philip St,Des Moines,IA,50315,240000,3,1.0,Des Moines,1136,7560,1966,31,211,,Active,August-3-2025 01:00 PM,August-3-2025 03:00 PM,https://www.redfin.com/IA/Des-Moines/204-E-Philip-St-50315/home/124240900,DMMLS,721344,N,Y,41.5437502,-93.6125792
MLS Listing,,Single Family Residential,8 E Wall Ave,Des Moines,IA,50315,174900,2,1.0,Des Moines,618,,1920,31,283,,Active,,,https://www.redfin.com/IA/Des-Moines/8-E-Wall-Ave-50315/home/124639788,DMMLS,721348,N,Y,41.5320495,-93.6155425
MLS Listing,,Single Family Residential,2618 SE 18th Ct,Des Moines,IA,50320,194900,3,1.5,Des Moines,912,3658,1979,32,214,,Active,August-5-2025 05:00 PM,August-5-2025 07:00 PM,https://www.redfin.com/IA/Des-Moines/2618-SE-18th-Ct-50320/home/124617871,DMMLS,721337,N,Y,41.5597829,-93.5851491
MLS Listing,,Single Family Residential,3925 55th St,Des Moines,IA,50310,259900,3,2.0,Des Moines,912,12600,1958,32,285,,Active,,,https://www.redfin.com/IA/Des-Moines/3925-55th-St-50310/home/125143991,DMMLS,721278,N,Y,41.6319121,-93.6935259
MLS Listing,,Single Family Residential,3504 27th St,Des Moines,IA,50310,130000,2,1.0,Des Moines,749,7500,1950,32,174,,Active,,,https://www.redfin.com/IA/Des-Moines/3504-27th-St-50310/home/124212453,DMMLS,721267,N,Y,41.6263793,-93.6538496
MLS Listing,,Single Family Residential,1255 E 27th Ct,Des Moines,IA,50317,156500,2,1.0,Des Moines,628,7500,1954,33,249,,Active,August-2-2025 01:00 PM,August-2-2025 03:00 PM,https://www.redfin.com/IA/Des-Moines/1255-E-27th-Ct-50317/home/124622446,DMMLS,721063,N,Y,41.6029327,-93.5636054
MLS Listing,,Single Family Residential,642 Polk Blvd,Des Moines,IA,50312,639900,4,2.5,Des Moines,2556,9975,1918,33,250,,Active,,,https://www.redfin.com/IA/Des-Moines/642-Polk-Blvd-50312/home/124650393,DMMLS,720760,N,Y,41.5878567,-93.6820954
MLS Listing,,Single Family Residential,2612 Grandview Ave,Des Moines,IA,50317,234900,3,1.0,Des Moines,960,8100,1960,34,245,,Active,,,https://www.redfin.com/IA/Des-Moines/2612-Grandview-Ave-50317/home/124544555,DMMLS,721222,N,Y,41.6206465,-93.5669976
MLS Listing,,Single Family Residential,2421 Adams Ave,Des Moines,IA,50310,155000,3,1.0,Des Moines,620,7000,1940,34,250,,Active,,,https://www.redfin.com/IA/Des-Moines/2421-Adams-Ave-50310/home/124133635,DMMLS,721161,N,Y,41.622014,-93.6507956
MLS Listing,,Single Family Residential,2508 46th St,Des Moines,IA,50310,264900,3,2.0,Des Moines,1243,7250,1939,35,213,,Active,,,https://www.redfin.com/IA/Des-Moines/2508-46th-St-50310/home/124700212,DMMLS,721249,N,Y,41.6171061,-93.6806466
MLS Listing,,Single Family Residential,154 Crossroads Dr,Des Moines,IA,50320,390000,3,2.0,Des Moines,1400,8775,2025,35,279,17,Active,August-3-2025 01:00 PM,August-3-2025 03:00 PM,https://www.redfin.com/IA/Des-Moines/154-Crossroads-Dr-50320/home/169560779,DMMLS,721240,N,Y,41.5134855,-93.6133249
MLS Listing,,Single Family Residential,3601 Lindlavista Way,Des Moines,IA,50310,234900,3,1.0,Des Moines,1143,7800,1958,35,206,,Active,,,https://www.redfin.com/IA/Des-Moines/3601-Lindlavista-Way-50310/home/123648378,DMMLS,721242,N,Y,41.6411244,-93.6672753
MLS Listing,,Single Family Residential,736 20th St,Des Moines,IA,50314,400000,4,2.0,Des Moines,1934,4000,1898,35,207,,Active,,,https://www.redfin.com/IA/Des-Moines/736-20th-St-50314/home/124402516,DMMLS,721235,N,Y,41.5909843,-93.644018
MLS Listing,,Single Family Residential,616 E Ovid Ave,Des Moines,IA,50313,129900,2,1.0,Des Moines,780,7348,1920,35,167,,Active,,,https://www.redfin.com/IA/Des-Moines/616-E-Ovid-Ave-50313/home/123493917,DMMLS,721223,N,Y,41.6261722,-93.610679
MLS Listing,,Single Family Residential,2211 E 38th St,Des Moines,IA,50317,258900,4,3.0,Des Moines,1064,6300,2017,35,243,,Active,,,https://www.redfin.com/IA/Des-Moines/2211-E-38th-St-50317/home/125266266,DMMLS,721201,N,Y,41.6144771,-93.5415417
MLS Listing,,Single Family Residential,1443 63rd St,Des Moines,IA,50311,185000,2,1.0,Des Moines,774,8106,1947,35,239,,Active,,,https://www.redfin.com/IA/Des-Moines/1443-63rd-St-50311/home/125257296,DMMLS,720547,N,Y,41.6055509,-93.7035146
MLS Listing,,Single Family Residential,2112 E 23rd St,Des Moines,IA,50317,220000,3,2.0,Des Moines,720,7650,1952,35,306,,Active,,,https://www.redfin.com/IA/Des-Moines/2112-E-23rd-St-50317/home/124640784,DMMLS,718893,N,Y,41.6131685,-93.575363
MLS Listing,,Single Family Residential,832 E Lacona Ave,Des Moines,IA,50315,160000,3,1.0,Des Moines,864,8556,1959,36,185,,Active,,,https://www.redfin.com/IA/Des-Moines/832-E-Lacona-Ave-50315/home/124597391,DMMLS,721147,N,Y,41.5646046,-93.6013568
MLS Listing,,Condo/Co-op,119 4th St #309,Des Moines,IA,50309,320900,2,2.0,Des Moines,1159,,2007,36,277,422,Active,,,https://www.redfin.com/IA/Des-Moines/119-4th-St-50309/unit-309/home/125117999,DMMLS,721120,N,Y,41.5842656,-93.6211058
MLS Listing,,Single Family Residential,4905 SW 15th St,Des Moines,IA,50315,327000,3,2.0,Des Moines,1248,13337,1961,36,262,,Active,,,https://www.redfin.com/IA/Des-Moines/4905-SW-15th-St-50315/home/124695504,DMMLS,721095,N,Y,41.5400615,-93.6362479
MLS Listing,,Single Family Residential,1106 Gratis Ave,Des Moines,IA,50315,184900,3,1.5,Des Moines,1244,19475,1951,36,149,,Active,,,https://www.redfin.com/IA/Des-Moines/1106-Gratis-Ave-50315/home/123472213,DMMLS,721058,N,Y,41.5689865,-93.5984884
MLS Listing,,Single Family Residential,1329 63rd St,Des Moines,IA,50311,202000,2,1.5,Des Moines,894,7750,1949,37,226,,Active,August-2-2025 11:00 AM,August-2-2025 12:30 PM,https://www.redfin.com/IA/Des-Moines/1329-63rd-St-50311/home/124070981,DMMLS,720317,N,Y,41.6025541,-93.703475
MLS Listing,,Single Family Residential,951 28th St,Des Moines,IA,50312,176500,2,1.0,Des Moines,771,7010,1895,37,229,,Active,,,https://www.redfin.com/IA/Des-Moines/951-28th-St-50312/home/124584965,DMMLS,721017,N,Y,41.5949077,-93.6542145
MLS Listing,,Condo/Co-op,7000 Lake Ridge Ave #69,Des Moines,IA,50320,269900,3,2.5,Des Moines,1597,2020,2024,37,169,175,Active,,,https://www.redfin.com/IA/Des-Moines/7000-Lake-Ridge-Ave-50320/unit-69/home/189058878,DMMLS,721000,N,Y,41.5208078,-93.5592118
MLS Listing,,Single Family Residential,5812 SW 5th St,Des Moines,IA,50315,169900,2,1.0,Des Moines,758,13982,1920,37,224,,Active,,,https://www.redfin.com/IA/Des-Moines/5812-SW-5th-St-50315/home/123613778,DMMLS,720983,N,Y,41.5311166,-93.6206919
MLS Listing,,Single Family Residential,3105 Kinsey Ave,Des Moines,IA,50317,225000,2,1.0,Des Moines,698,7050,1942,37,322,,Active,,,https://www.redfin.com/IA/Des-Moines/3105-Kinsey-Ave-50317/home/125221633,DMMLS,720982,N,Y,41.606701,-93.5565974
MLS Listing,,Single Family Residential,1209 Edgemont St,Des Moines,IA,50315,280000,4,2.5,Des Moines,1605,6750,1939,38,174,,Active,,,https://www.redfin.com/IA/Des-Moines/1209-Edgemont-St-50315/home/123472698,DMMLS,720955,N,Y,41.5620242,-93.6311639
MLS Listing,,Vacant Land,1902 E 40th St,Des Moines,IA,50317,17500,0,,Des Moines,,6300,,38,,,Active,,,https://www.redfin.com/IA/Des-Moines/1902-E-40th-St-50317/home/196179740,DMMLS,720954,N,Y,41.6115701,-93.5375244
MLS Listing,,Single Family Residential,1547 13th St,Des Moines,IA,50314,134500,2,1.0,Des Moines,648,3525,1911,38,208,,Active,,,https://www.redfin.com/IA/Des-Moines/1547-13th-St-50314/home/123342968,DMMLS,720900,N,Y,41.6075305,-93.6339914
MLS Listing,,Condo/Co-op,5221 Village Run Ave #1201,Des Moines,IA,50317,189900,2,1.5,Des Moines,1264,,2002,38,150,175,Active,,,https://www.redfin.com/IA/Des-Moines/5221-Village-Run-Ave-50317/unit-1201/home/124871829,DMMLS,720433,N,Y,41.6225927,-93.5091194
MLS Listing,,Single Family Residential,3416 Garfield Ave,Des Moines,IA,50317,125000,2,1.0,Des Moines,480,8750,1953,38,260,,Active,,,https://www.redfin.com/IA/Des-Moines/3416-Garfield-Ave-50317/home/124925571,DMMLS,720917,N,Y,41.603659,-93.5486251
MLS Listing,,Single Family Residential,3521 SE 20th St,Des Moines,IA,50320,220000,4,3.0,Des Moines,1004,7686,1988,38,219,,Active,,,https://www.redfin.com/IA/Des-Moines/3521-SE-20th-St-50320/home/125197456,DMMLS,720905,N,Y,41.5504744,-93.581289
MLS Listing,,Single Family Residential,1544 48th St,Des Moines,IA,50311,329900,5,2.5,Des Moines,2524,11223,1971,38,131,,Active,,,https://www.redfin.com/IA/Des-Moines/1544-48th-St-50311/home/123433858,DMMLS,720870,N,Y,41.6073658,-93.6836627
MLS Listing,,Single Family Residential,1808 Payton Ave,Des Moines,IA,50315,299900,2,2.0,Des Moines,1094,16939,1953,38,274,,Active,August-2-2025 11:00 AM,August-2-2025 12:30 PM,https://www.redfin.com/IA/Des-Moines/1808-Payton-Ave-50315/home/123610498,DMMLS,720911,N,Y,41.5299035,-93.6406425
MLS Listing,,Vacant Land,0000 Keosauqua Way,Des Moines,IA,50314,45000,0,,Des Moines,,3089,,38,,,Active,,,https://www.redfin.com/IA/Des-Moines/Keosauqua-Way-50309/home/174651860,DMMLS,720789,N,Y,41.600959,-93.640158
MLS Listing,,Single Family Residential,4425 Amick Ave,Des Moines,IA,50310,289995,4,1.5,Des Moines,1617,7500,1966,39,179,,Active,,,https://www.redfin.com/IA/Des-Moines/4425-Amick-Ave-50310/home/124620266,DMMLS,720782,N,Y,41.6265454,-93.679169
MLS Listing,,Single Family Residential,2127 E 13th St,Des Moines,IA,50316,129000,2,1.0,Des Moines,962,6550,1906,39,134,,Active,,,https://www.redfin.com/IA/Des-Moines/2127-E-13th-St-50316/home/123366718,DMMLS,720812,N,Y,41.6141574,-93.6027273
MLS Listing,,Single Family Residential,309 E Park Ave,Des Moines,IA,50315,210000,3,1.0,Des Moines,912,12250,1955,39,230,,Active,,,https://www.redfin.com/IA/Des-Moines/309-E-Park-Ave-50315/home/124582572,DMMLS,720894,N,Y,41.5550971,-93.6108442
MLS Listing,,Single Family Residential,5604 Leyden Ave,Des Moines,IA,50317,399900,4,3.0,Des Moines,1321,11190,2024,39,303,17,Active,August-3-2025 10:00 AM,August-3-2025 02:00 PM,https://www.redfin.com/IA/Des-Moines/5604-Leyden-Ave-50317/home/175790323,DMMLS,720847,N,Y,41.626192,-93.502844
MLS Listing,,Vacant Land,3146 8th St,Des Moines,IA,50313,59000,0,,Des Moines,,,,39,,,Active,,,https://www.redfin.com/IA/Des-Moines/3146-SE-8th-St-50315/home/123994879,DMMLS,720854,N,Y,41.624392,-93.627846
MLS Listing,,Vacant Land,3146 8th St,Des Moines,IA,50313,59000,0,,Des Moines,,,,39,,,Active,,,https://www.redfin.com/IA/Des-Moines/3146-SE-8th-St-50315/home/123503944,DMMLS,720852,N,Y,41.624392,-93.627846
MLS Listing,,Condo/Co-op,2101 Meadow Ct #304,Des Moines,IA,50320,179900,2,2.5,Des Moines,1373,,2003,39,131,160,Active,,,https://www.redfin.com/IA/Des-Moines/2101-Meadow-Ct-50320/unit-304/home/124350877,DMMLS,720871,N,Y,41.5170919,-93.578003
MLS Listing,,Single Family Residential,2320 44th St,Des Moines,IA,50310,215000,2,1.0,Des Moines,917,7250,1927,39,234,,Active,,,https://www.redfin.com/IA/Des-Moines/2320-44th-St-50310/home/124391525,DMMLS,720850,N,Y,41.6156275,-93.6781899
MLS Listing,,Single Family Residential,5610 Leyden Ave,Des Moines,IA,50317,369900,2,2.0,Des Moines,1433,7500,2024,39,258,17,Active,August-3-2025 10:00 AM,August-3-2025 02:00 PM,https://www.redfin.com/IA/Des-Moines/5610-Leyden-Ave-50317/home/175790376,DMMLS,720560,N,Y,41.62619,-93.502572
MLS Listing,,Single Family Residential,3540 E University Ave,Des Moines,IA,50317,235000,3,1.0,Des Moines,1120,9850,2006,39,210,,Active,,,https://www.redfin.com/IA/Des-Moines/3540-E-University-Ave-50317/home/124594639,DMMLS,720844,N,Y,41.6008502,-93.5464309
MLS Listing,,Single Family Residential,2560 E Sheridan Ave,Des Moines,IA,50317,260000,3,2.0,Des Moines,1320,11717,1957,39,197,,Active,,,https://www.redfin.com/IA/Des-Moines/2560-E-Sheridan-Ave-50317/home/124534116,DMMLS,720838,N,Y,41.6188291,-93.5679016
MLS Listing,,Condo/Co-op,118 Water St #125,Des Moines,IA,50309,290000,1,1.5,Des Moines,1270,,2002,39,228,461,Active,,,https://www.redfin.com/IA/Des-Moines/118-Water-St-50309/unit-125/home/123912017,DMMLS,720680,N,Y,41.5849844,-93.617802
MLS Listing,,Single Family Residential,4027 Fagen Dr,Des Moines,IA,50310,320000,3,2.0,Des Moines,1698,7250,1936,40,188,,Active,August-1-2025 04:00 PM,August-1-2025 06:00 PM,https://www.redfin.com/IA/Des-Moines/4027-Fagen-Dr-50310/home/125255750,DMMLS,718168,N,Y,41.6210517,-93.6716703
MLS Listing,,Single Family Residential,3918 10th St,Des Moines,IA,50313,210000,2,1.0,Des Moines,1356,5850,1917,40,155,,Active,,,https://www.redfin.com/IA/Des-Moines/3918-10th-St-50313/home/123430817,DMMLS,720116,N,Y,41.6318584,-93.6312751
