SALE TYPE,SOLD DATE,PROPERTY TYPE,ADDRESS,CITY,STATE OR PROVINCE,ZIP OR POSTAL CODE,PRICE,BEDS,BATHS,LOCATION,SQUARE FEET,LOT SIZE,YEAR BUILT,DAYS ON MARKET,$/SQUARE FEET,HOA/MONTH,STATUS,NEXT OPEN HOUSE START TIME,NEXT OPEN HOUSE END TIME,URL (SEE https://www.redfin.com/buy-a-home/comparative-market-analysis FOR INFO ON PRICING),SOURCE,MLS#,FAVORITE,INTERESTED,LATITUDE,LONGITUDE
"In accordance with local MLS rules, some MLS listings are not included in the download"
MLS Listing,,Condo/Co-op,5360 N Lowell Ave #502,Chicago,IL,60630,349900,2,2.0,Rivers Edge,1339,,1996,1,261,500,Active,,,https://www.redfin.com/IL/Chicago/5360-N-Lowell-Ave-60630/unit-502/home/12796131,MRED as Distributed by MLS Grid,12434904,N,Y,41.9787776,-87.7375413
MLS Listing,,Single Family Residential,341 W 109th St,Chicago,IL,60628,155000,4,1.5,CHI - Roseland,1356,3092,1971,1,114,,Active,,,https://www.redfin.com/IL/Chicago/341-W-109th-St-60628/home/13075988,MRED as Distributed by MLS Grid,12426730,N,Y,41.695985,-87.6320368
MLS Listing,,Condo/Co-op,1916 N Maud Ave Unit A,Chicago,IL,60614,999900,3,2.5,CHI - Lincoln Park,2200,,1989,1,455,571,Active,August-2-2025 12:00 PM,August-2-2025 02:00 PM,https://www.redfin.com/IL/Chicago/1916-N-Maud-Ave-60614/unit-A/home/21811620,MRED as Distributed by MLS Grid,12433354,N,Y,41.9163367,-87.65581
MLS Listing,,Condo/Co-op,2840 N Lincoln Ave Unit D,Chicago,IL,60657,899990,4,3.0,CHI - Lake View,2232,,2000,1,403,629,Active,August-2-2025 12:00 PM,August-2-2025 02:00 PM,https://www.redfin.com/IL/Chicago/2840-N-Lincoln-Ave-60657/unit-D/home/12770670,MRED as Distributed by MLS Grid,12434328,N,Y,41.9332804,-87.6602327
MLS Listing,,Condo/Co-op,3200 N Lake Shore Dr #1611,Chicago,IL,60657,415000,2,2.0,CHI - Lake View,1265,,1966,1,328,1436,Active,,,https://www.redfin.com/IL/Chicago/3200-N-Lake-Shore-Dr-60657/unit-1611/home/13374898,MRED as Distributed by MLS Grid,12432474,N,Y,41.940655,-87.639882
MLS Listing,,Condo/Co-op,5300 N Lincoln Ave Unit 3E,Chicago,IL,60625,405000,2,2.0,CHI - Lincoln Square,1500,,2005,1,270,399,Active,,,https://www.redfin.com/IL/Chicago/5300-N-Lincoln-Ave-60625/unit-3E/home/26804633,MRED as Distributed by MLS Grid,12431863,N,Y,41.9778759,-87.6928709
MLS Listing,,Townhouse,1405 S Plymouth Ct,Chicago,IL,60605,775000,3,3.0,Dearborn Park II,2112,,1990,1,367,160,Active,August-2-2025 11:00 AM,August-2-2025 01:00 PM,https://www.redfin.com/IL/Chicago/1405-S-Plymouth-Ct-60605/home/14084091,MRED as Distributed by MLS Grid,12430275,N,Y,41.8637668,-87.6282111
MLS Listing,,Condo/Co-op,851 N Wolcott Ave #1,Chicago,IL,60622,725000,3,2.5,CHI - West Town,2400,,2005,1,302,272,Active,August-2-2025 11:00 AM,August-2-2025 01:00 PM,https://www.redfin.com/IL/Chicago/851-N-Wolcott-Ave-60622/unit-1/home/12596775,MRED as Distributed by MLS Grid,12429843,N,Y,41.8974105,-87.6743481
MLS Listing,,Single Family Residential,4517 N Austin Ave,Chicago,IL,60630,475000,5,3.0,CHI - Portage Park,2571,3746,1929,1,185,,Active,August-3-2025 12:00 PM,August-3-2025 02:00 PM,https://www.redfin.com/IL/Chicago/4517-N-Austin-Ave-60630/home/13474491,MRED as Distributed by MLS Grid,12433225,N,Y,41.96274,-87.7768244
MLS Listing,,Condo/Co-op,1400 N La Salle St Unit 3N,Chicago,IL,60610,525000,2,2.0,CHI - Near North Side,1260,,1879,2,417,719,Active,,,https://www.redfin.com/IL/Chicago/1400-N-La-Salle-Dr-60610/unit-3N/home/12572106,MRED as Distributed by MLS Grid,12432662,N,Y,41.90778,-87.6333818
MLS Listing,,Condo/Co-op,700 W Cornelia Ave Unit 3E,Chicago,IL,60657,340000,1,1.0,CHI - Lake View,920,,1920,2,370,340,Active,August-2-2025 11:30 AM,August-2-2025 01:00 PM,https://www.redfin.com/IL/Chicago/700-W-Cornelia-Ave-60657/unit-3E/home/12568887,MRED as Distributed by MLS Grid,12432455,N,Y,41.9456294,-87.6472792
MLS Listing,,Condo/Co-op,630 N State St #2004,Chicago,IL,60654,195000,0,1.0,CHI - Near North Side,545,,2000,2,358,531,Active,,,https://www.redfin.com/IL/Chicago/630-N-State-St-60654/unit-2004/home/12752543,MRED as Distributed by MLS Grid,12421484,N,Y,41.8937413,-87.6284339
MLS Listing,,Condo/Co-op,1720 S Michigan Ave #1602,Chicago,IL,60616,335000,2,2.0,CHI - Near South Side,1040,,2007,2,322,677,Active,,,https://www.redfin.com/IL/Chicago/1720-S-Michigan-Ave-60616/unit-1602/home/39571860,MRED as Distributed by MLS Grid,12432393,N,Y,41.8586026,-87.6246153
MLS Listing,,Single Family Residential,4435 N Avers Ave,Chicago,IL,60625,534900,3,1.5,CHI - Albany Park,,4726,1906,2,,,Active,,,https://www.redfin.com/IL/Chicago/4435-N-Avers-Ave-60625/home/13485947,MRED as Distributed by MLS Grid,12432257,N,Y,41.9620503,-87.7239228
MLS Listing,,Single Family Residential,4842 S Wallace St,Chicago,IL,60609,215000,3,1.0,CHI - New City,,2613,1891,6,,,Active,,,https://www.redfin.com/IL/Chicago/4842-S-Wallace-St-60609/home/13952259,MRED as Distributed by MLS Grid,12430263,N,Y,41.8058824,-87.6408331
MLS Listing,,Condo/Co-op,1823 W Granville Ave Unit 4A,Chicago,IL,60660,119900,3,1.0,CHI - West Ridge,1000,,1952,6,120,620,Active,August-2-2025 12:00 PM,August-2-2025 02:00 PM,https://www.redfin.com/IL/Chicago/1823-W-Granville-Ave-60660/unit-4A/home/196489917,MRED as Distributed by MLS Grid,12429277,N,Y,41.994206895,-87.67605513
MLS Listing,,Condo/Co-op,1330 W Monroe St #210,Chicago,IL,60607,499999,2,1.0,Block Y,1232,,1996,6,406,435,Active,,,https://www.redfin.com/IL/Chicago/1330-W-Monroe-St-60607/unit-210/home/12557336,MRED as Distributed by MLS Grid,12428743,N,Y,41.8804739,-87.6608026
MLS Listing,,Condo/Co-op,3161 N Halsted St #202,Chicago,IL,60657,799000,3,2.0,CHI - Lake View,,,2008,6,,508,Active,,,https://www.redfin.com/IL/Chicago/3161-N-Halsted-St-60657/unit-202/home/39562878,MRED as Distributed by MLS Grid,12429185,N,Y,41.9395718,-87.6489828
MLS Listing,,Condo/Co-op,1347 W Washington Blvd Unit 2D,Chicago,IL,60607,625000,2,2.0,CHI - Near West Side,,,2001,6,,479,Active,,,https://www.redfin.com/IL/Chicago/1347-W-Washington-Blvd-60607/unit-2D/home/12753206,MRED as Distributed by MLS Grid,12429740,N,Y,41.882514,-87.661479
MLS Listing,,Condo/Co-op,655 W Irving Park Rd #3903,Chicago,IL,60613,225000,1,1.0,CHI - Lake View,800,,1973,6,281,921,Active,,,https://www.redfin.com/IL/Chicago/655-W-Irving-Park-Rd-60613/unit-3903/home/12665665,MRED as Distributed by MLS Grid,12424326,N,Y,41.953863,-87.646928
MLS Listing,,Condo/Co-op,330 N Jefferson St #1002,Chicago,IL,60661,344000,1,1.0,CHI - Near West Side,864,,2000,7,398,742,Active,August-2-2025 02:00 PM,August-2-2025 04:00 PM,https://www.redfin.com/IL/Chicago/330-N-Jefferson-St-60661/unit-1002/home/12599519,MRED as Distributed by MLS Grid,12429248,N,Y,41.8876864,-87.6437386
MLS Listing,,Condo/Co-op,565 W Quincy St #1606,Chicago,IL,60661,449900,2,2.0,CHI - Near West Side,,,2009,7,,853,Active,,,https://www.redfin.com/IL/Chicago/565-W-Quincy-St-60661/unit-1606/home/171322244,MRED as Distributed by MLS Grid,12429104,N,Y,41.8784947,-87.6422376
MLS Listing,,Vacant Land,6131 N Wolcott Ave,Chicago,IL,60660,310000,,,CHI - West Ridge,,2976,,7,,,Active,,,https://www.redfin.com/IL/Chicago/6131-N-Wolcott-Ave-60660/home/13406217,MRED as Distributed by MLS Grid,12429049,N,Y,41.9928801,-87.6768913
MLS Listing,,Condo/Co-op,6000 N Cicero Ave #410,Chicago,IL,60646,340000,2,1.0,CHI - Forest Glen,1200,,2006,7,283,457,Active,,,https://www.redfin.com/IL/Chicago/6000-N-Cicero-Ave-60646/unit-410/home/18925707,MRED as Distributed by MLS Grid,12427788,N,Y,41.990082,-87.7485857
MLS Listing,,Single Family Residential,4637 S Michigan Ave,Chicago,IL,60653,599000,5,3.5,CHI - Grand Boulevard,2400,4007,2019,7,250,,Active,,,https://www.redfin.com/IL/Chicago/4637-S-Michigan-Ave-60653/home/175689407,MRED as Distributed by MLS Grid,12428735,N,Y,41.8099606,-87.6225137
MLS Listing,,Condo/Co-op,2317 W Wolfram St #211,Chicago,IL,60618,399999,2,2.0,CHI - Logan Square,1201,,1997,7,333,620,Active,,,https://www.redfin.com/IL/Chicago/2317-W-Wolfram-St-60618/unit-211/home/12715684,MRED as Distributed by MLS Grid,12428690,N,Y,41.9328617,-87.6862861
MLS Listing,,Condo/Co-op,65 E Monroe St #4521,Chicago,IL,60603,729000,2,2.0,CHI - Loop,1630,,2008,8,447,1437,Active,,,https://www.redfin.com/IL/Chicago/65-E-Monroe-St-60603/unit-4521/home/39567709,MRED as Distributed by MLS Grid,12428143,N,Y,41.8806086,-87.6255347
MLS Listing,,Single Family Residential,13311 S Avenue N,Chicago,IL,60633,255000,4,2.0,CHI - Hegewisch,1520,3136,1908,8,168,,Active,,,https://www.redfin.com/IL/Chicago/13311-S-Avenue-N-60633/home/13030370,MRED as Distributed by MLS Grid,12426055,N,Y,41.6532743,-87.538446
MLS Listing,,Condo/Co-op,4545 S Drexel Blvd Unit 4C,Chicago,IL,60653,220000,1,1.0,CHI - Kenwood,1040,,,8,212,310,Active,,,https://www.redfin.com/IL/Chicago/4545-S-Drexel-Blvd-60653/unit-4C/home/12669149,MRED as Distributed by MLS Grid,12402651,N,Y,41.8117041,-87.6031765
MLS Listing,,Single Family Residential,8120 S Luella Ave,Chicago,IL,60617,399999,5,3.0,CHI - South Chicago,1700,3968,1925,8,235,,Active,,,https://www.redfin.com/IL/Chicago/8120-S-Luella-Ave-60617/home/13218710,MRED as Distributed by MLS Grid,12427613,N,Y,41.7473991,-87.57013
MLS Listing,,Condo/Co-op,5757 N Sheridan Rd Unit 19B,Chicago,IL,60660,230000,2,2.0,CHI - Edgewater,,,1968,8,,1421,Active,,,https://www.redfin.com/IL/Chicago/5757-N-Sheridan-Rd-60660/unit-19B/home/13407623,MRED as Distributed by MLS Grid,12426694,N,Y,41.9870908,-87.6547952
MLS Listing,,Condo/Co-op,88 W Schiller St Unit 2907L,Chicago,IL,60610,300000,1,1.0,CHI - Near North Side,700,,1960,8,429,688,Active,,,https://www.redfin.com/IL/Chicago/88-W-Schiller-St-60610/unit-2907L/home/14113613,MRED as Distributed by MLS Grid,12426802,N,Y,41.9080838,-87.6312383
MLS Listing,,Condo/Co-op,3637 N Damen Ave #1,Chicago,IL,60618,289900,1,1.0,CHI - North Center,950,,1920,9,305,416,Active,,,https://www.redfin.com/IL/Chicago/3637-N-Damen-Ave-60618/unit-1/home/12795148,MRED as Distributed by MLS Grid,12427084,N,Y,41.9479886,-87.6783665
MLS Listing,,Single Family Residential,2167 N Talman Ave,Chicago,IL,60647,435000,4,2.0,CHI - Logan Square,,2576,1892,9,,,Active,,,https://www.redfin.com/IL/Chicago/2167-N-Talman-Ave-60647/home/13417486,MRED as Distributed by MLS Grid,12422232,N,Y,41.921603,-87.6934475
MLS Listing,,Condo/Co-op,4800 S Chicago Beach Dr Unit 702S,Chicago,IL,60615,125000,1,1.0,CHI - Kenwood,796,,1982,10,157,938,Active,,,https://www.redfin.com/IL/Chicago/4800-S-Chicago-Beach-Dr-60615/unit-702S/home/13948308,MRED as Distributed by MLS Grid,12425903,N,Y,41.8064982,-87.5866451
MLS Listing,,Condo/Co-op,1235 S Prairie Ave #2805,Chicago,IL,60605,594900,2,2.0,The Tower Residences at Prairie District Homes,1560,,2006,14,381,922,Active,,,https://www.redfin.com/IL/Chicago/1235-S-Prairie-Ave-60605/unit-2805/home/18920535,MRED as Distributed by MLS Grid,12423108,N,Y,41.86615,-87.6215736
MLS Listing,,Multi-Family (2-4 Unit),5111 W Waveland Ave,Chicago,IL,60641,799900,7,4.0,CHI - Portage Park,,5227,1973,14,,,Active,,,https://www.redfin.com/IL/Chicago/5111-W-Waveland-Ave-60641/unit-1/home/13461243,MRED as Distributed by MLS Grid,12419710,N,Y,41.9476394,-87.755106
MLS Listing,,Condo/Co-op,4416 N Harding Ave #3,Chicago,IL,60625,165000,2,1.0,CHI - Albany Park,,,1961,14,,256,Active,,,https://www.redfin.com/IL/Chicago/4416-N-Harding-Ave-60625/unit-3/home/12687741,MRED as Distributed by MLS Grid,12422779,N,Y,41.9614903,-87.7269968
MLS Listing,,Condo/Co-op,1901 S Calumet Ave #1803,Chicago,IL,60616,419900,2,2.0,Museum Park Place,1200,,2007,15,350,973,Active,,,https://www.redfin.com/IL/Chicago/1901-S-Calumet-Ave-60616/unit-1803/home/21783943,MRED as Distributed by MLS Grid,12422017,N,Y,41.8562269,-87.6185993
MLS Listing,,Condo/Co-op,1841 S Calumet Ave #1302,Chicago,IL,60616,399000,2,2.0,Museum Park Place,1210,,2006,15,330,1263,Active,,,https://www.redfin.com/IL/Chicago/1841-S-Calumet-Ave-60616/unit-1302/home/18934756,MRED as Distributed by MLS Grid,12421844,N,Y,41.8573213,-87.6189079
MLS Listing,,Single Family Residential,6339 N Leona Ave,Chicago,IL,60646,1250000,5,4.5,CHI - Forest Glen,3840,5227,2016,15,326,,Active,,,https://www.redfin.com/IL/Chicago/6339-N-Leona-Ave-60646/home/13513422,MRED as Distributed by MLS Grid,12417361,N,Y,41.9968993,-87.7537414
MLS Listing,,Condo/Co-op,1960 W Hood Ave Unit 2C,Chicago,IL,60660,98000,2,1.0,Winchester Hood Garden Homes,950,,1951,15,103,738,Active,,,https://www.redfin.com/IL/Chicago/1960-W-Hood-Ave-60660/unit-2C/home/194135162,MRED as Distributed by MLS Grid,12420792,N,Y,41.9933518,-87.679654
MLS Listing,,Single Family Residential,1308 N Waller Ave,Chicago,IL,60651,429000,7,2.5,CHI - Austin,3380,,1927,15,127,,Active,,,https://www.redfin.com/IL/Chicago/1308-N-Waller-Ave-60651/home/13277799,MRED as Distributed by MLS Grid,12420313,N,Y,41.9043293,-87.768384
MLS Listing,,Condo/Co-op,222 N Columbus Dr #2204,Chicago,IL,60601,277900,1,1.0,CHI - Loop,700,,2002,15,397,654,Active,,,https://www.redfin.com/IL/Chicago/222-N-Columbus-Dr-60601/unit-2204/home/12599061,MRED as Distributed by MLS Grid,12421571,N,Y,41.8866836,-87.6212145
MLS Listing,,Single Family Residential,12219 S Throop St,Chicago,IL,60643,99999,3,1.0,CHI - West Pullman,880,5418,1953,16,114,,Active,,,https://www.redfin.com/IL/Chicago/12219-S-Throop-St-60643/home/13054289,MRED as Distributed by MLS Grid,12420867,N,Y,41.6715513,-87.6536442
MLS Listing,,Single Family Residential,5339 S Kildare Ave,Chicago,IL,60632,450000,6,3.0,CHI - West Elsdon,1136,4356,1956,16,396,,Active,,,https://www.redfin.com/IL/Chicago/5339-S-Kildare-Ave-60632/home/14021067,MRED as Distributed by MLS Grid,12414957,N,Y,41.7956509,-87.7303117
MLS Listing,,Condo/Co-op,2338 W Granville Ave #2,Chicago,IL,60659,199000,2,1.0,CHI - West Ridge,900,,1929,16,221,389,Active,,,https://www.redfin.com/IL/Chicago/2338-W-Granville-Ave-60659/unit-2/home/12597040,MRED as Distributed by MLS Grid,12419635,N,Y,41.994244,-87.688942
MLS Listing,,Single Family Residential,3340 W Glenlake Ave,Chicago,IL,60659,699900,4,3.5,CHI - North Park,2559,7622,1938,16,274,,Active,August-2-2025 10:00 AM,August-2-2025 12:00 PM,https://www.redfin.com/IL/Chicago/3340-W-Glenlake-Ave-60659/home/13517116,MRED as Distributed by MLS Grid,12407475,N,Y,41.9922448,-87.7131029
MLS Listing,,Multi-Family (2-4 Unit),1747 N Spaulding Ave,Chicago,IL,60647,955000,7,5.0,CHI - Humboldt Park,,4356,1888,17,,,Active,,,https://www.redfin.com/IL/Chicago/1747-N-Spaulding-Ave-60647/home/13418627,MRED as Distributed by MLS Grid,12406076,N,Y,41.9133212,-87.709558
MLS Listing,,Single Family Residential,8611 S Aberdeen St,Chicago,IL,60620,160000,4,2.5,CHI - Auburn Gresham,1000,3249,1919,17,160,,Active,,,https://www.redfin.com/IL/Chicago/8611-S-Aberdeen-St-60620/home/13227915,MRED as Distributed by MLS Grid,12417948,N,Y,41.7373835,-87.6506851
MLS Listing,,Single Family Residential,7255 N Oriole Ave,Chicago,IL,60631,515000,3,2.0,CHI - Edison Park,,4375,1952,17,,,Active,,,https://www.redfin.com/IL/Chicago/7255-N-Oriole-Ave-60631/home/13651703,MRED as Distributed by MLS Grid,12419341,N,Y,42.0130972,-87.8160933
MLS Listing,,Single Family Residential,5251 W Nelson St,Chicago,IL,60641,550000,5,3.0,CHI - Belmont Cragin,2900,3780,2015,17,190,,Active,,,https://www.redfin.com/IL/Chicago/5251-W-Nelson-St-60641/home/183879494,MRED as Distributed by MLS Grid,12419248,N,Y,41.9356972,-87.7586032
MLS Listing,,Single Family Residential,1610 S Greenwood Ave,Park Ridge,IL,60068,549900,3,2.0,Park Ridge,1131,,1955,20,486,,Active,,,https://www.redfin.com/IL/Park-Ridge/1610-S-Greenwood-Ave-60068/home/13564061,MRED as Distributed by MLS Grid,12414903,N,Y,41.9903063,-87.8412129
MLS Listing,,Condo/Co-op,1111 S Wabash Ave #2007,Chicago,IL,60605,380000,2,1.5,CHI - Loop,1177,,2004,20,323,605,Active,,,https://www.redfin.com/IL/Chicago/1111-S-Wabash-Ave-60605/unit-2007/home/12629444,MRED as Distributed by MLS Grid,12417735,N,Y,41.8687405,-87.6253626
MLS Listing,,Condo/Co-op,1762 W Highland Ave #104,Chicago,IL,60660,185000,1,1.0,CHI - Edgewater,,,1976,20,,274,Active,,,https://www.redfin.com/IL/Chicago/1762-W-Highland-Ave-60660/unit-104/home/13407068,MRED as Distributed by MLS Grid,12417572,N,Y,41.997061,-87.674397
MLS Listing,,Condo/Co-op,1791 W Howard St #209,Chicago,IL,60626,200000,2,2.0,CHI - Rogers Park,1350,,1936,21,148,567,Active,,,https://www.redfin.com/IL/Chicago/1791-W-Howard-St-60626/unit-209/home/26802594,MRED as Distributed by MLS Grid,12416866,N,Y,42.019204,-87.6759504
MLS Listing,,Single Family Residential,11647 S Tripp Ave,Alsip,IL,60803,325000,4,2.5,Alsip / Garden Homes,2697,15681,1950,21,121,,Active,,,https://www.redfin.com/IL/Alsip/11647-S-Tripp-Ave-60803/home/13136356,MRED as Distributed by MLS Grid,12416577,N,Y,41.6808568,-87.7256727
MLS Listing,,Vacant Land,3913 S Prairie Ave,Chicago,IL,60653,79900,,,CHI - Grand Boulevard,,3200,,21,,,Active,,,https://www.redfin.com/IL/Chicago/3913-S-Prairie-Ave-60653/home/21873160,MRED as Distributed by MLS Grid,12416243,N,Y,41.823179,-87.6195322
MLS Listing,,Single Family Residential,7959 S Saginaw Ave,Chicago,IL,60617,224900,4,2.0,CHI - South Chicago,2142,3789,1903,21,105,,Active,,,https://www.redfin.com/IL/Chicago/7959-S-Saginaw-Ave-60617/home/13215169,MRED as Distributed by MLS Grid,12416147,N,Y,41.7501356,-87.5598863
MLS Listing,,Condo/Co-op,2638 W Rice St Unit 2S,Chicago,IL,60622,374900,2,1.0,CHI - West Town,,,1921,22,,327,Active,August-2-2025 11:00 AM,August-2-2025 01:00 PM,https://www.redfin.com/IL/Chicago/2638-W-Rice-St-60622/unit-2S/home/18932085,MRED as Distributed by MLS Grid,12404289,N,Y,41.8968267,-87.693348
MLS Listing,,Condo/Co-op,2413 W Fullerton Ave #3,Chicago,IL,60647,675000,3,2.0,CHI - Logan Square,2000,,2015,22,338,238,Active,,,https://www.redfin.com/IL/Chicago/2413-W-Fullerton-Ave-60647/unit-3/home/144511007,MRED as Distributed by MLS Grid,12412351,N,Y,41.9246247,-87.6883538
MLS Listing,,Single Family Residential,1726 W Huron St,Chicago,IL,60622,1250000,4,4.5,CHI - West Town,,3023,1889,22,,,Active,,,https://www.redfin.com/IL/Chicago/1726-W-Huron-St-60622/home/14104452,MRED as Distributed by MLS Grid,12412279,N,Y,41.8944032,-87.6707842
MLS Listing,,Single Family Residential,4855 W Montrose Ave,Chicago,IL,60641,485000,3,2.0,CHI - Portage Park,1421,3484,1955,23,341,,Active,,,https://www.redfin.com/IL/Chicago/4855-W-Montrose-Ave-60641/home/13476385,MRED as Distributed by MLS Grid,12409743,N,Y,41.9604971,-87.7497652
MLS Listing,,Condo/Co-op,1740 N Maplewood Ave #218,Chicago,IL,60647,485000,2,2.0,CHI - West Town,1350,,2002,23,359,483,Active,,,https://www.redfin.com/IL/Chicago/1740-N-Maplewood-Ave-60647/unit-218/home/12701420,MRED as Distributed by MLS Grid,12408705,N,Y,41.9131829,-87.6913166
MLS Listing,,Multi-Family (2-4 Unit),11633 S Parnell Ave,Chicago,IL,60628,249000,5,2.0,CHI - West Pullman,,6200,1910,24,,,Active,,,https://www.redfin.com/IL/Chicago/11633-S-Parnell-Ave-60628/home/13062498,MRED as Distributed by MLS Grid,12412377,N,Y,41.6823868,-87.6356442
MLS Listing,,Condo/Co-op,913 W Van Buren St Unit 5H,Chicago,IL,60607,295000,1,1.0,CHI - Near West Side,900,,1914,24,328,335,Active,,,https://www.redfin.com/IL/Chicago/913-W-Van-Buren-St-60607/unit-5H/home/196244914,MRED as Distributed by MLS Grid,12408300,N,Y,41.8763966,-87.6503337
MLS Listing,,Single Family Residential,4914 S Washington Park Ct,Chicago,IL,60615,595000,4,3.5,CHI - Grand Boulevard,2800,1611,1913,29,213,,Active,,,https://www.redfin.com/IL/Chicago/4914-S-Washington-Park-Ct-60615/home/13950636,MRED as Distributed by MLS Grid,12409881,N,Y,41.8052328,-87.6153409
MLS Listing,,Condo/Co-op,3150 N Lake Shore Dr Unit 8E,Chicago,IL,60657,389000,3,2.0,CHI - Lake View,1650,,1963,35,236,1337,Active,,,https://www.redfin.com/IL/Chicago/3150-N-Lake-Shore-Dr-60657/unit-8E/home/13371357,MRED as Distributed by MLS Grid,12404771,N,Y,41.939028,-87.638884
MLS Listing,,Condo/Co-op,1639 W Farwell Ave #1,Chicago,IL,60626,325000,2,2.0,CHI - Rogers Park,1350,,1925,41,241,317,Active,,,https://www.redfin.com/IL/Chicago/1639-W-Farwell-Ave-60626/unit-1/home/26802698,MRED as Distributed by MLS Grid,12390765,N,Y,42.006091,-87.671657
MLS Listing,,Condo/Co-op,70 W Burton Pl #1801,Chicago,IL,60610,245000,1,1.0,Faulkner House,745,,1967,43,329,952,Active,,,https://www.redfin.com/IL/Chicago/70-W-Burton-Pl-60610/unit-1801/home/177384651,MRED as Distributed by MLS Grid,12396248,N,Y,41.9096241,-87.6312381
MLS Listing,,Condo/Co-op,1819 S Michigan Ave #406,Chicago,IL,60616,344900,2,2.0,CHI - Near South Side,1205,,2005,43,286,716,Active,,,https://www.redfin.com/IL/Chicago/1819-S-Michigan-Ave-60616/unit-406/home/26821237,MRED as Distributed by MLS Grid,12395697,N,Y,41.8572608,-87.6236009
MLS Listing,,Condo/Co-op,3950 N Lake Shore Dr #2209,Chicago,IL,60613,219900,2,1.0,CHI - Lake View,900,,1956,44,244,789,Active,,,https://www.redfin.com/IL/Chicago/3950-N-Lake-Shore-Dr-60613/unit-2209/home/13380941,MRED as Distributed by MLS Grid,12395996,N,Y,41.954247,-87.6458578
MLS Listing,,Condo/Co-op,1159 N Hudson St Unit 1-101,Chicago,IL,60610,450000,3,2.0,CHI - Near North Side,1800,,2008,48,250,943,Active,,,https://www.redfin.com/IL/Chicago/1159-N-Hudson-Ave-60610/unit-1-101/home/183803039,MRED as Distributed by MLS Grid,12392235,N,Y,41.9034344,-87.6399633
MLS Listing,,Single Family Residential,8136 S Manistee Ave,Chicago,IL,60617,195000,5,1.5,CHI - South Chicago,1835,3920,1924,48,106,,Active,,,https://www.redfin.com/IL/Chicago/8136-S-Manistee-Ave-60617/home/13215853,MRED as Distributed by MLS Grid,12388243,N,Y,41.7470812,-87.5579578
MLS Listing,,Condo/Co-op,1701 W Webster Ave #512,Chicago,IL,60614,599000,2,2.0,CHI - Logan Square,,,2021,48,,298,Active,,,https://www.redfin.com/IL/Chicago/1701-W-Webster-Ave-60614/unit-512/home/168144077,MRED as Distributed by MLS Grid,12392878,N,Y,41.92134,-87.6711295
MLS Listing,,Condo/Co-op,3117 N Paulina St Unit G,Chicago,IL,60657,297000,2,1.0,CHI - Lake View,,,,50,,300,Active,,,https://www.redfin.com/IL/Chicago/3117-N-Paulina-St-60657/unit-G/home/12651847,MRED as Distributed by MLS Grid,12390478,N,Y,41.9383756,-87.6708198
MLS Listing,,Condo/Co-op,1000 W Adams St #523,Chicago,IL,60607,345000,1,1.0,CHI - Near West Side,883,,2001,50,391,531,Active,,,https://www.redfin.com/IL/Chicago/1000-W-Adams-St-60607/unit-523/home/12693733,MRED as Distributed by MLS Grid,12390324,N,Y,41.8795319,-87.6524492
MLS Listing,,Condo/Co-op,1645 W Ogden Ave #516,Chicago,IL,60612,339000,2,2.0,CHI - Near West Side,1200,,1925,55,283,751,Active,,,https://www.redfin.com/IL/Chicago/1645-W-Ogden-Ave-60612/unit-516/home/18941850,MRED as Distributed by MLS Grid,12386761,N,Y,41.8798329,-87.667553
MLS Listing,,Multi-Family (2-4 Unit),8548 S Manistee Ave,Chicago,IL,60617,333000,4,2.0,CHI - South Chicago,,3920,1922,55,,,Active,,,https://www.redfin.com/IL/Chicago/8548-S-Manistee-Ave-60617/home/13212289,MRED as Distributed by MLS Grid,12363213,N,Y,41.7394951,-87.5577858
MLS Listing,,Condo/Co-op,225 W Huron St #413,Chicago,IL,60654,330000,1,1.0,Huron Street Lofts,902,,1890,64,366,455,Active,,,https://www.redfin.com/IL/Chicago/225-W-Huron-St-60654/unit-413/home/18921320,MRED as Distributed by MLS Grid,12370077,N,Y,41.8945691,-87.6352303
MLS Listing,,Condo/Co-op,6400 N Cicero Ave #404,Lincolnwood,IL,60712,274900,2,2.0,Regal Court,1450,,1981,65,190,592,Active,,,https://www.redfin.com/IL/Lincolnwood/6400-N-Cicero-Ave-60712/unit-404/home/13590558,MRED as Distributed by MLS Grid,12373059,N,Y,41.9983743,-87.7489295
MLS Listing,,Multi-Family (2-4 Unit),7734 S Saginaw Ave,Chicago,IL,60649,348000,7,2.0,CHI - South Shore,,5662,1911,72,,,Active,,,https://www.redfin.com/IL/Chicago/7734-S-Saginaw-Ave-60649/home/13216869,MRED as Distributed by MLS Grid,12370897,N,Y,41.7543854,-87.5603203
MLS Listing,,Vacant Land,6321 S Carpenter St,Chicago,IL,60621,17000,,,CHI - Englewood,,3143,,80,,,Active,,,https://www.redfin.com/IL/Chicago/6321-S-Carpenter-St-60621/home/13933749,MRED as Distributed by MLS Grid,12362958,N,Y,41.7790188,-87.6505775
MLS Listing,,Single Family Residential,4538 S Springfield Ave,Chicago,IL,60632,230000,3,1.0,CHI - Archer Heights,1255,3780,1915,83,183,,Active,,,https://www.redfin.com/IL/Chicago/4538-S-Springfield-Ave-60632/home/14034649,MRED as Distributed by MLS Grid,12347414,N,Y,41.8103759,-87.7213995
MLS Listing,,Condo/Co-op,5757 N Sheridan Rd Unit 4G,Chicago,IL,60660,155000,0,1.0,CHI - Edgewater,600,,1968,85,258,547,Active,,,https://www.redfin.com/IL/Chicago/5757-N-Sheridan-Rd-60660/unit-4G/home/13408466,MRED as Distributed by MLS Grid,12353883,N,Y,41.9870908,-87.6547952
MLS Listing,,Condo/Co-op,233 E 13th St #804,Chicago,IL,60605,329000,1,1.0,Museum Park,851,,2005,99,387,680,Active,,,https://www.redfin.com/IL/Chicago/233-E-13th-St-60605/unit-804/home/12635873,MRED as Distributed by MLS Grid,12340392,N,Y,41.8654948,-87.6209572
MLS Listing,,Other,4020 N Central Ave,Chicago,IL,60634,630000,,,CHI - Portage Park,,7660,1954,106,,,Active,,,https://www.redfin.com/IL/Chicago/4020-N-Central-Ave-60634/home/192990535,MRED as Distributed by MLS Grid,12339872,N,Y,41.9539183,-87.7673989
MLS Listing,,Single Family Residential,11217 S Eggleston Ave,Chicago,IL,60628,173000,3,1.0,CHI - Roseland,1327,4791,1916,125,130,,Active,,,https://www.redfin.com/IL/Chicago/11217-S-Eggleston-Ave-60628/home/13063764,MRED as Distributed by MLS Grid,12320049,N,Y,41.690105,-87.6336986
MLS Listing,,Single Family Residential,2655 W 24th Pl,Chicago,IL,60608,275000,2,2.0,CHI - South Lawndale,1650,1136,1899,149,167,,Active,,,https://www.redfin.com/IL/Chicago/2655-W-24th-Pl-60608/home/12555477,MRED as Distributed by MLS Grid,12302280,N,Y,41.8475282,-87.692496
MLS Listing,,Single Family Residential,1518 E 73rd Pl,Chicago,IL,60619,290000,5,2.0,CHI - South Shore,1880,5227,1923,153,154,,Active,,,https://www.redfin.com/IL/Chicago/1518-E-73rd-Pl-60619/home/12598629,MRED as Distributed by MLS Grid,12289664,N,Y,41.7625954,-87.5876778
MLS Listing,,Multi-Family (2-4 Unit),8348 S Saginaw Ave,Chicago,IL,60617,297000,7,2.0,CHI - South Chicago,,34412,1922,168,,,Active,,,https://www.redfin.com/IL/Chicago/8348-S-Saginaw-Ave-60617/home/183286357,MRED as Distributed by MLS Grid,12285759,N,Y,41.7431359,-87.5603062
MLS Listing,,Vacant Land,2948 E 82nd St,Chicago,IL,60617,25000,,,CHI - South Chicago,,3049,,189,,,Active,,,https://www.redfin.com/IL/Chicago/2948-E-82nd-St-60617/home/183708517,MRED as Distributed by MLS Grid,12274737,N,Y,41.7466918,-87.5520894
Redfin Data,,Townhouse,2243 N Greenview Ave Unit D,Chicago,IL,60614,795000,3,3.0,Chicago,2500,,1996,1,318,150,Pre On-Market,,,https://www.redfin.com/IL/Chicago/2243-N-Greenview-Ave-60614/unit-D/home/13353516,Coming Soon,108663,N,Y,41.922672,-87.6656477
Redfin Data,,Multi-Family (2-4 Unit),7111-7113 S Emerald Ave,Chicago,IL,60621,274999,6,4.0,Chicago,4526,5812,1914,2,61,,Pre On-Market,,,https://www.redfin.com/IL/Chicago/7111-S-Emerald-Ave-60621/home/13916852,Coming Soon,108642,N,Y,41.7648267,-87.6425674
Redfin Data,,Single Family Residential,1146 E 90th St,Chicago,IL,60619,164999,3,1.5,Chicago,1040,3250,1964,2,159,,Pre On-Market,,,https://www.redfin.com/IL/Chicago/1146-E-90th-St-60619/home/13114967,Coming Soon,108637,N,Y,41.7315155,-87.5956272
Redfin Data,,Condo/Co-op,2909 N Sheridan Rd #908,Chicago,IL,60657,210000,1,1.0,Chicago,,950,,2,,684,Pre On-Market,,,https://www.redfin.com/IL/Chicago/2909-N-Sheridan-Rd-60657/unit-908/home/13369774,Coming Soon,108633,N,Y,41.9347019,-87.6391327
Redfin Data,,Condo/Co-op,111 S Morgan St #825,Chicago,IL,60607,549500,2,2.0,Chicago,1253,,2002,2,439,830,Pre On-Market,,,https://www.redfin.com/IL/Chicago/111-S-Morgan-St-60607/unit-825/home/12671736,Coming Soon,108621,N,Y,41.8796887,-87.6516392
Redfin Data,,Condo/Co-op,559 W Surf St #205,Chicago,IL,60657,285000,1,1.0,Chicago,790,,1901,3,361,512,Pre On-Market,,,https://www.redfin.com/IL/Chicago/559-W-Surf-St-60657/unit-205/home/13371585,Coming Soon,108597,N,Y,41.9339592,-87.6438305
Redfin Data,,Condo/Co-op,1727 S Indiana Ave #302,Chicago,IL,60616,399000,2,1.0,Chicago,1176,,1905,8,339,657,Pre On-Market,,,https://www.redfin.com/IL/Chicago/1727-S-Indiana-Ave-60616/unit-302/home/39572535,Coming Soon,108492,N,Y,41.8583587,-87.6218927
Redfin Data,,Single Family Residential,6741 N Ramona Ave,Lincolnwood,IL,60712,929000,5,3.5,Lincolnwood,3000,8584,1953,22,310,,Pre On-Market,,,https://www.redfin.com/IL/Lincolnwood/6741-N-Ramona-Ave-60712/home/13589770,Coming Soon,108120,N,Y,42.0040625,-87.7588541
Redfin Data,,Condo/Co-op,415 W Aldine Ave Unit 7B,Chicago,IL,60657,375000,3,3.0,Chicago,2200,,,28,170,,Pre On-Market,,,https://www.redfin.com/IL/Chicago/415-W-Aldine-Ave-60657/unit-7B/home/13374105,Coming Soon,107627,N,Y,41.941994,-87.640778
MLS Listing,,Condo/Co-op,2049 W Belmont Ave #4,Chicago,IL,60618,650000,3,2.0,CHI - North Center,1800,,2004,1,361,383,Active,,,https://www.redfin.com/IL/Chicago/2049-W-Belmont-Ave-60618/unit-4/home/12651570,MRED as Distributed by MLS Grid,12413350,N,Y,41.9393642,-87.6803128
MLS Listing,,Condo/Co-op,1000 W 15th St #116,Chicago,IL,60608,415000,2,2.0,University Commons,1050,,1929,1,395,647,Active,,,https://www.redfin.com/IL/Chicago/1000-W-15th-St-60608/unit-116/home/178222156,MRED as Distributed by MLS Grid,12435144,N,Y,41.8619385,-87.6514321
MLS Listing,,Condo/Co-op,6400 W Belle Plaine Ave #506,Chicago,IL,60634,289000,2,2.0,Ridgemoor Estates,1200,,1991,1,241,308,Active,,,https://www.redfin.com/IL/Chicago/6400-W-Belle-Plaine-Ave-60634/unit-506/home/13471262,MRED as Distributed by MLS Grid,12435082,N,Y,41.9554999,-87.7871701
MLS Listing,,Multi-Family (5+ Unit),4530 S Paulina St,Chicago,IL,60609,389000,12,6.0,CHI - New City,3040,3075,1898,1,128,,Active,,,https://www.redfin.com/IL/Chicago/4530-S-Paulina-St-60609/home/13957933,MRED as Distributed by MLS Grid,12434946,N,Y,41.8112259,-87.6677972
MLS Listing,,Single Family Residential,6221 S Talman Ave,Chicago,IL,60629,370000,6,2.0,CHI - Chicago Lawn,1775,3750,1919,1,208,,Active,August-3-2025 11:00 AM,August-3-2025 01:00 PM,https://www.redfin.com/IL/Chicago/6221-S-Talman-Ave-60629/home/14012929,MRED as Distributed by MLS Grid,12434567,N,Y,41.7802894,-87.6895062
MLS Listing,,Multi-Family (5+ Unit),8125-27 S Exchange Ave,Chicago,IL,60617,245000,13,9.0,CHI - South Chicago,2950,6250,1927,1,83,,Active,,,https://www.redfin.com/IL/Chicago/8125-S-Exchange-Ave-60617/home/13214037,MRED as Distributed by MLS Grid,12184689,N,Y,41.7474847,-87.5525984
MLS Listing,,Condo/Co-op,520 N Halsted St #311,Chicago,IL,60642,459000,2,2.0,CHI - West Town,1100,,2004,1,417,440,Active,,,https://www.redfin.com/IL/Chicago/520-N-Halsted-St-60642/unit-311/home/12629757,MRED as Distributed by MLS Grid,12435078,N,Y,41.8918815,-87.6479762
MLS Listing,,Multi-Family (5+ Unit),2735 N Magnolia Ave,Chicago,IL,60614,1925000,11,5.0,CHI - Lincoln Park,,3100,1893,1,,,Active,,,https://www.redfin.com/IL/Chicago/2735-N-Magnolia-Ave-60614/home/184141422,MRED as Distributed by MLS Grid,12434402,N,Y,41.9318047,-87.6595855
MLS Listing,,Multi-Family (2-4 Unit),8518 S Bennett Ave,Chicago,IL,60617,439900,6,3.0,CHI - Avalon Park,,3484,1925,1,,,Active,,,https://www.redfin.com/IL/Chicago/8518-S-Bennett-Ave-60617/home/196757662,MRED as Distributed by MLS Grid,12364660,N,Y,41.7400417,-87.5784887
MLS Listing,,Condo/Co-op,33 E Cedar St Unit 8H,Chicago,IL,60611,245000,1,1.0,CHI - Near North Side,850,,,1,288,1298,Active,,,https://www.redfin.com/IL/Chicago/33-E-Cedar-St-60611/unit-8H/home/14121791,MRED as Distributed by MLS Grid,12435032,N,Y,41.9022551,-87.6270249
MLS Listing,,Condo/Co-op,3222 W Eastwood Ave Unit 1W,Chicago,IL,60625,385000,3,2.0,CHI - Albany Park,2000,,1920,1,193,325,Active,,,https://www.redfin.com/IL/Chicago/3222-W-Eastwood-Ave-60625/unit-1W/home/171874497,MRED as Distributed by MLS Grid,12434938,N,Y,41.9657865,-87.7094116
MLS Listing,,Multi-Family (2-4 Unit),6030 N Claremont Ave,Chicago,IL,60659,697500,9,3.0,CHI - West Ridge,,,1924,1,,,Active,,,https://www.redfin.com/IL/Chicago/6030-N-Claremont-Ave-60659/home/191254478,MRED as Distributed by MLS Grid,12435069,N,Y,41.9914081,-87.6887579
MLS Listing,,Multi-Family (2-4 Unit),3322-24 N Kostner Ave,Chicago,IL,60641,800000,6,3.5,CHI - Irving Park,,6250,1910,1,,,Active,,,https://www.redfin.com/IL/Chicago/3324-N-Kostner-Ave-60641/home/13459196,MRED as Distributed by MLS Grid,12435066,N,Y,41.9415534,-87.7373826
MLS Listing,,Condo/Co-op,1109 W Washington Blvd Unit 2B,Chicago,IL,60607,2350000,3,3.5,CHI - Near West Side,3163,,2018,1,743,1828,Active,,,https://www.redfin.com/IL/Chicago/1109-W-Washington-Blvd-60607/unit-2B/home/178526846,MRED as Distributed by MLS Grid,12435062,N,Y,41.8827988,-87.6549146
MLS Listing,,Condo/Co-op,1112 N Paulina St #1,Chicago,IL,60622,715000,3,2.5,CHI - West Town,,,1998,1,,170,Active,,,https://www.redfin.com/IL/Chicago/1112-N-Paulina-St-60622/unit-1/home/12788982,MRED as Distributed by MLS Grid,12435017,N,Y,41.9026836,-87.6702284
MLS Listing,,Single Family Residential,2716 N 73rd Ave,Elmwood Park,IL,60707,433900,4,2.0,Elmwood Park,1900,2935,1969,1,228,,Active,,,https://www.redfin.com/IL/Elmwood-Park/2716-N-73rd-Ave-60707/home/12567992,MRED as Distributed by MLS Grid,12435055,N,Y,41.9296812,-87.8091831
MLS Listing,,Condo/Co-op,403 N Wabash Ave Unit 8A,Chicago,IL,60611,1775000,3,3.5,CHI - Near North Side,2424,,2019,1,732,2306,Active,,,https://www.redfin.com/IL/Chicago/403-N-Wabash-Ave-60611/unit-8A/home/178527018,MRED as Distributed by MLS Grid,12425994,N,Y,41.8897166,-87.6264433
MLS Listing,,Townhouse,1922 N Lotus Ave,Chicago,IL,60639,385000,4,3.0,CHI - Austin,,986,2007,1,,343,Active,August-2-2025 12:00 PM,August-2-2025 02:00 PM,https://www.redfin.com/IL/Chicago/1922-N-Lotus-Ave-60639/home/26805964,MRED as Distributed by MLS Grid,12434373,N,Y,41.9156655,-87.7616034
MLS Listing,,Condo/Co-op,6300 N Sheridan Rd #406,Chicago,IL,60660,175000,1,1.0,CHI - Edgewater,700,,1964,1,250,545,Active,August-2-2025 10:00 AM,August-2-2025 12:00 PM,https://www.redfin.com/IL/Chicago/6300-N-Sheridan-Rd-60660/unit-406/home/13413669,MRED as Distributed by MLS Grid,12433896,N,Y,41.9966719,-87.656068
MLS Listing,,Single Family Residential,9716 S Beverly Ave,Chicago,IL,60643,420000,3,3.5,CHI - Washington Heights,2725,6650,1991,1,154,,Active,August-2-2025 10:00 AM,August-2-2025 12:00 PM,https://www.redfin.com/IL/Chicago/9716-S-Beverly-Ave-60643/home/13096672,MRED as Distributed by MLS Grid,12433771,N,Y,41.7171445,-87.6615423
MLS Listing,,Single Family Residential,2420 W Belle Plaine Ave,Chicago,IL,60618,1200000,4,3.5,CHI - North Center,,3125,1905,1,,,Active,August-2-2025 12:00 PM,August-2-2025 02:00 PM,https://www.redfin.com/IL/Chicago/2420-W-Belle-Plaine-Ave-60618/home/183711489,MRED as Distributed by MLS Grid,12422998,N,Y,41.9560388,-87.6894105
MLS Listing,,Multi-Family (2-4 Unit),7924 S Lowe Ave,Chicago,IL,60620,369900,6,2.0,CHI - Auburn Gresham,,3125,1888,1,,,Active,,,https://www.redfin.com/IL/Chicago/7924-S-Lowe-Ave-60620/home/13227694,MRED as Distributed by MLS Grid,12434849,N,Y,41.7499008,-87.6406683
MLS Listing,,Condo/Co-op,4018 N Albany Ave Unit GB,Chicago,IL,60618,195000,2,1.0,CHI - Irving Park,,,,1,,219,Active,,,https://www.redfin.com/IL/Chicago/4018-N-Albany-Ave-60618/unit-GB/home/192519830,MRED as Distributed by MLS Grid,12434985,N,Y,41.9545225,-87.7059181
MLS Listing,,Single Family Residential,7248 S Spaulding Ave,Chicago,IL,60629,310000,5,2.5,CHI - Chicago Lawn,1132,3780,1956,1,274,,Active,,,https://www.redfin.com/IL/Chicago/7248-S-Spaulding-Ave-60629/home/13982858,MRED as Distributed by MLS Grid,12434578,N,Y,41.7610681,-87.705474
MLS Listing,,Townhouse,1170 W Farwell Ave Unit G,Chicago,IL,60626,575000,2,1.5,CHI - Rogers Park,1681,,1994,1,342,250,Active,,,https://www.redfin.com/IL/Chicago/1170-W-Farwell-Ave-60626/unit-G/home/196756898,MRED as Distributed by MLS Grid,12431801,N,Y,42.0070023,-87.6607994
MLS Listing,,Condo/Co-op,906 N Larrabee St Unit A,Chicago,IL,60610,340000,2,1.0,CHI - Near North Side,900,,2004,1,378,245,Active,,,https://www.redfin.com/IL/Chicago/906-N-Larrabee-St-60610/unit-A/home/196370821,MRED as Distributed by MLS Grid,12415308,N,Y,41.8988799,-87.6432226
MLS Listing,,Condo/Co-op,3001 S Michigan Ave #1305,Chicago,IL,60616,140000,1,1.0,CHI - Douglas,990,,1973,1,141,,Active,,,https://www.redfin.com/IL/Chicago/3001-S-Michigan-Ave-60616/unit-1305/home/12750507,MRED as Distributed by MLS Grid,12433782,N,Y,41.8400695,-87.6223564
MLS Listing,,Condo/Co-op,1538 W 21st St Unit 2A,Chicago,IL,60608,425000,3,2.0,CHI - Lower West Side,1350,,2021,1,315,170,Active,August-2-2025 11:00 AM,August-2-2025 01:00 PM,https://www.redfin.com/IL/Chicago/1538-W-21st-St-60608/unit-2A/home/196756640,MRED as Distributed by MLS Grid,12434924,N,Y,41.8544224,-87.6652216
MLS Listing,,Single Family Residential,6448 S Oakley Ave,Chicago,IL,60636,205000,6,2.5,CHI - Chicago Lawn,1768,3125,,1,116,,Active,,,https://www.redfin.com/IL/Chicago/6448-S-Oakley-Ave-60636/home/13936737,MRED as Distributed by MLS Grid,12434737,N,Y,41.7760157,-87.6812495
MLS Listing,,Condo/Co-op,672 W Irving Park Rd Unit g2,Chicago,IL,60613,350000,3,1.5,CHI - Uptown,,,,1,,1072,Active,,,https://www.redfin.com/IL/Chicago/672-W-Irving-Park-Rd-60613/unit-G2/home/13395072,MRED as Distributed by MLS Grid,12434853,N,Y,41.955093,-87.648028
MLS Listing,,Condo/Co-op,3901 N Troy St #2,Chicago,IL,60618,299999,2,2.0,CHI - Irving Park,1100,,,1,273,220,Active,August-3-2025 10:00 AM,August-3-2025 11:30 AM,https://www.redfin.com/IL/Chicago/3901-N-Troy-St-60618/unit-2/home/18939717,MRED as Distributed by MLS Grid,12434885,N,Y,41.9523599,-87.706495
MLS Listing,,Multi-Family (2-4 Unit),5732 S Sangamon St,Chicago,IL,60621,120000,6,2.0,CHI - Englewood,,3049,1906,1,,,Active,,,https://www.redfin.com/IL/Chicago/5732-S-Sangamon-St-60621/home/13940404,MRED as Distributed by MLS Grid,12434973,N,Y,41.7896144,-87.6489628
MLS Listing,,Single Family Residential,10020 S Wentworth Ave,Chicago,IL,60628,15000,3,1.0,CHI - Roseland,980,6198,1918,1,15,,Active,,,https://www.redfin.com/IL/Chicago/10020-S-Wentworth-Ave-60628/home/13091275,MRED as Distributed by MLS Grid,12434966,N,Y,41.7118897,-87.6287179
MLS Listing,,Condo/Co-op,2501 W Touhy Ave #102,Chicago,IL,60645,224500,2,1.0,CHI - West Ridge,1100,,1963,1,204,305,Active,,,https://www.redfin.com/IL/Chicago/2501-W-Touhy-Ave-60645/unit-102/home/18357073,MRED as Distributed by MLS Grid,12431619,N,Y,42.0120047,-87.6928528
MLS Listing,,Condo/Co-op,2650 N Lakeview Ave #3504,Chicago,IL,60614,295000,1,1.0,CHI - Lincoln Park,685,,1972,1,431,553,Active,,,https://www.redfin.com/IL/Chicago/2650-N-Lakeview-Ave-60614/unit-3504/home/13366196,MRED as Distributed by MLS Grid,12432671,N,Y,41.9309314,-87.63996
MLS Listing,,Single Family Residential,5608 N Nagle Ave,Chicago,IL,60646,369000,4,1.0,CHI - Norwood Park,923,4375,1950,1,400,,Active,,,https://www.redfin.com/IL/Chicago/5608-N-Nagle-Ave-60646/home/13507289,MRED as Distributed by MLS Grid,12432269,N,Y,41.9832503,-87.7878954
MLS Listing,,Condo/Co-op,1212 N Lake Shore Dr Unit 11CS,Chicago,IL,60610,849000,2,2.0,CHI - Near North Side,1850,,1975,1,459,1558,Active,,,https://www.redfin.com/IL/Chicago/1212-N-Lake-Shore-Dr-60610/unit-11CS/home/14123670,MRED as Distributed by MLS Grid,12418281,N,Y,41.9045549,-87.6254681
MLS Listing,,Single Family Residential,6835 N Waukesha Ave,Chicago,IL,60646,899900,4,3.5,CHI - Forest Glen,2455,11663,,1,367,,Active,August-2-2025 12:00 PM,August-2-2025 02:00 PM,https://www.redfin.com/IL/Chicago/6835-N-Waukesha-Ave-60646/home/13592236,MRED as Distributed by MLS Grid,12432385,N,Y,42.0062459,-87.7646345
MLS Listing,,Multi-Family (2-4 Unit),932 W 34th St,Chicago,IL,60608,829000,6,4.0,CHI - Bridgeport,,3625,,1,,,Active,,,https://www.redfin.com/IL/Chicago/932-W-34th-St-60608/home/186265563,MRED as Distributed by MLS Grid,12408673,N,Y,41.8329562,-87.6499625
MLS Listing,,Multi-Family (2-4 Unit),3634 S Giles Ave,Chicago,IL,60653,350000,3,3.0,CHI - Douglas,,,1888,1,,,Active,,,https://www.redfin.com/IL/Chicago/3634-S-Giles-Ave-60653/home/14071764,MRED as Distributed by MLS Grid,12434403,N,Y,41.82816,-87.6195249
MLS Listing,,Condo/Co-op,3630 N Damen Ave Unit 1N,Chicago,IL,60618,774900,3,3.0,CHI - North Center,2300,,2000,1,337,212,Active,August-2-2025 11:00 AM,August-2-2025 02:00 PM,https://www.redfin.com/IL/Chicago/3630-N-Damen-Ave-60618/unit-1N/home/12773865,MRED as Distributed by MLS Grid,12430234,N,Y,41.9478588,-87.6788973
MLS Listing,,Multi-Family (2-4 Unit),5427 S Wolcott Ave,Chicago,IL,60609,299000,4,2.0,CHI - New City,,3125,1908,1,,,Active,,,https://www.redfin.com/IL/Chicago/5427-S-Wolcott-Ave-60609/home/13955021,MRED as Distributed by MLS Grid,12434874,N,Y,41.7949438,-87.6716566
MLS Listing,,Condo/Co-op,3600 N Lake Shore Dr #1701,Chicago,IL,60613,295000,2,2.0,CHI - Lake View,,,1960,1,,1258,Active,,,https://www.redfin.com/IL/Chicago/3600-N-Lake-Shore-Dr-60613/unit-1701/home/13377871,MRED as Distributed by MLS Grid,12431327,N,Y,41.9489835,-87.6442335
MLS Listing,,Single Family Residential,5406 N Mulligan Ave,Chicago,IL,60630,590000,4,2.5,CHI - Jefferson Park,2700,3690,1954,1,219,,Active,August-3-2025 01:30 PM,August-3-2025 03:00 PM,https://www.redfin.com/IL/Chicago/5406-N-Mulligan-Ave-60630/home/13503928,MRED as Distributed by MLS Grid,12434581,N,Y,41.979564,-87.786934
MLS Listing,,Single Family Residential,7730 W Clarence Ave,Chicago,IL,60631,400000,3,2.0,CHI - Norwood Park,1600,3750,1951,1,250,,Active,,,https://www.redfin.com/IL/Chicago/7730-W-Clarence-Ave-60631/home/13567034,MRED as Distributed by MLS Grid,12433981,N,Y,41.9943336,-87.8203208
MLS Listing,,Condo/Co-op,900 N Lake Shore Dr #708,Chicago,IL,60611,230000,1,1.0,CHI - Near North Side,887,,1955,1,259,865,Active,,,https://www.redfin.com/IL/Chicago/900-N-Lake-Shore-Dr-60611/unit-708/home/14119889,MRED as Distributed by MLS Grid,12434920,N,Y,41.8995363,-87.6196019
MLS Listing,,Single Family Residential,8646 S University Ave,Chicago,IL,60619,219900,4,2.0,CHI - Avalon Park,1176,5580,1956,1,187,,Active,,,https://www.redfin.com/IL/Chicago/8646-S-University-Ave-60619/home/13221234,MRED as Distributed by MLS Grid,12424319,N,Y,41.7376119,-87.5946029
MLS Listing,,Condo/Co-op,3425 W Berteau Ave #2,Chicago,IL,60618,184900,1,1.0,CHI - Irving Park,750,,1929,1,247,239,Active,,,https://www.redfin.com/IL/Chicago/3425-W-Berteau-Ave-60618/unit-2/home/12665034,MRED as Distributed by MLS Grid,12432531,N,Y,41.957332,-87.713889
MLS Listing,,Condo/Co-op,25 E Superior St #2402,Chicago,IL,60611,735000,2,2.0,Fordham,1575,,2003,1,467,1403,Active,,,https://www.redfin.com/IL/Chicago/25-E-Superior-St-60611/unit-2402/home/12566971,MRED as Distributed by MLS Grid,12434902,N,Y,41.8954271,-87.6272562
MLS Listing,,Vacant Land,201 E 70th St,Chicago,IL,60637,25000,,,CHI - Greater Grand Crossing,,3125,,1,,,Active,,,https://www.redfin.com/IL/Chicago/201-E-70th-St-60637/home/13929583,MRED as Distributed by MLS Grid,12433385,N,Y,41.7673048,-87.6198527
MLS Listing,,Condo/Co-op,1111 W 14th Pl #328,Chicago,IL,60608,570000,3,2.0,CHI - Near West Side,1514,,1920,1,376,987,Active,,,https://www.redfin.com/IL/Chicago/1111-W-14th-Pl-60608/unit-328/home/18924442,MRED as Distributed by MLS Grid,12434909,N,Y,41.8623334,-87.6546923
MLS Listing,,Single Family Residential,1223 S Keeler Ave,Chicago,IL,60623,174900,4,1.5,CHI - North Lawndale,,3023,,1,,,Active,,,https://www.redfin.com/IL/Chicago/1223-S-Keeler-Ave-60623/home/13236074,MRED as Distributed by MLS Grid,12434901,N,Y,41.8653464,-87.7298074
MLS Listing,,Multi-Family (2-4 Unit),5092 W Monroe St,Chicago,IL,60644,459000,6,2.0,CHI - Austin,,,1924,1,,,Active,,,https://www.redfin.com/IL/Chicago/5092-W-Monroe-St-60644/home/13253488,MRED as Distributed by MLS Grid,12434889,N,Y,41.8796275,-87.7530604
MLS Listing,,Single Family Residential,3843 N Kilbourn Ave,Chicago,IL,60641,699000,3,2.5,CHI - Irving Park,,7500,1905,1,,,Active,August-2-2025 12:00 PM,August-2-2025 02:00 PM,https://www.redfin.com/IL/Chicago/3843-N-Kilbourn-Ave-60641/home/13459773,MRED as Distributed by MLS Grid,12434031,N,Y,41.9511234,-87.7406396
MLS Listing,,Condo/Co-op,1129 N Mozart Ave #1,Chicago,IL,60622,475000,3,3.0,CHI - West Town,1952,,1901,1,243,195,Active,August-3-2025 11:00 AM,August-3-2025 01:00 PM,https://www.redfin.com/IL/Chicago/1129-N-Mozart-St-60622/unit-1/home/52634362,MRED as Distributed by MLS Grid,12431142,N,Y,41.9020178,-87.6978427
MLS Listing,,Other,7017 North Ave,Oak Park,IL,60302,420000,,,Oak Park,2490,3125,1950,1,169,,Active,,,https://www.redfin.com/IL/Oak-Park/7017-North-Ave-60302/home/13275502,MRED as Distributed by MLS Grid,12033641,N,Y,41.908612,-87.802072
MLS Listing,,Condo/Co-op,1717 W Bryn Mawr Ave Unit GW,Chicago,IL,60660,280000,2,2.0,CHI - Edgewater,1200,,1926,1,233,204,Active,,,https://www.redfin.com/IL/Chicago/1717-W-Bryn-Mawr-Ave-60660/unit-GW/home/18928975,MRED as Distributed by MLS Grid,12429659,N,Y,41.9831691,-87.6729602
MLS Listing,,Multi-Family (5+ Unit),209 Ridge Ave,Evanston,IL,60202,1500000,14,10.0,Evanston,,,1962,1,,,Active,,,https://www.redfin.com/IL/Evanston/209-Ridge-Ave-60202/home/13573462,MRED as Distributed by MLS Grid,12434841,N,Y,42.021589,-87.6845421
MLS Listing,,Multi-Family (2-4 Unit),4938 N Bell Ave,Chicago,IL,60625,665000,5,2.0,CHI - Lincoln Square,,3750,1905,1,,,Active,,,https://www.redfin.com/IL/Chicago/4938-N-Bell-Ave-60625/home/13403618,MRED as Distributed by MLS Grid,12433754,N,Y,41.9716913,-87.6856324
MLS Listing,,Condo/Co-op,411 W Ontario St #221,Chicago,IL,60654,460000,2,2.0,Ontario Street Lofts,1350,,1908,1,341,812,Active,August-3-2025 11:00 AM,August-3-2025 01:00 PM,https://www.redfin.com/IL/Chicago/411-W-Ontario-St-60654/unit-221/home/14101522,MRED as Distributed by MLS Grid,12140594,N,Y,41.8929314,-87.6398195
MLS Listing,,Single Family Residential,6221 S Racine Ave,Chicago,IL,60636,24990,3,1.5,CHI - Englewood,1080,,1888,1,23,,Active,,,https://www.redfin.com/IL/Chicago/6221-S-Racine-Ave-60636/home/13938757,MRED as Distributed by MLS Grid,12434417,N,Y,41.7807475,-87.6542294
MLS Listing,,Condo/Co-op,1700 E 56th St #2809,Chicago,IL,60637,339900,2,2.0,CHI - Hyde Park,1250,,1968,1,272,1105,Active,,,https://www.redfin.com/IL/Chicago/1700-E-56th-St-60637/unit-2809/home/13946696,MRED as Distributed by MLS Grid,12434767,N,Y,41.7936212,-87.5832058
MLS Listing,,Condo/Co-op,4113 W Cullom Ave Unit 1C,Chicago,IL,60641,149900,1,1.0,CHI - Irving Park,618,,,1,243,210,Active,,,https://www.redfin.com/IL/Chicago/4113-W-Cullom-Ave-60641/unit-1C/home/13481091,MRED as Distributed by MLS Grid,12434839,N,Y,41.9589483,-87.7299243
MLS Listing,,Single Family Residential,3040 N Hoyne Ave,Chicago,IL,60618,1995000,5,5.0,CHI - North Center,4200,3125,2025,1,475,,Active,August-2-2025 11:00 AM,August-2-2025 01:00 PM,https://www.redfin.com/IL/Chicago/3040-N-Hoyne-Ave-60618/home/188968921,MRED as Distributed by MLS Grid,12434245,N,Y,41.9371271,-87.6809382
MLS Listing,,Condo/Co-op,9720 S Pulaski Rd #104,Oak Lawn,IL,60453,149900,2,1.5,Oak Lawn,1123,,1969,1,133,410,Active,,,https://www.redfin.com/IL/Oak-Lawn/9720-S-Pulaski-Rd-60453/unit-104/home/13165694,MRED as Distributed by MLS Grid,12434842,N,Y,41.7161147,-87.7220037
MLS Listing,,Condo/Co-op,2728 N Hampden Ct #401,Chicago,IL,60614,215000,1,1.0,CHI - Lincoln Park,,,1970,1,,540,Active,,,https://www.redfin.com/IL/Chicago/2728-N-Hampden-Ct-60614/unit-401/home/13368649,MRED as Distributed by MLS Grid,12432003,N,Y,41.9313117,-87.6420798
MLS Listing,,Condo/Co-op,6007 N Sheridan Rd Unit 31J,Chicago,IL,60660,455000,3,2.0,Malibu,1650,,1971,1,276,968,Active,,,https://www.redfin.com/IL/Chicago/6007-N-Sheridan-Rd-60660/unit-31J/home/179476698,MRED as Distributed by MLS Grid,12434780,N,Y,41.9913121,-87.6547605
MLS Listing,,Multi-Family (5+ Unit),1317 Brummel St,Evanston,IL,60202,1250000,13,7.0,Evanston,,,1926,1,,,Active,,,https://www.redfin.com/IL/Evanston/1317-Brummel-St-60202/home/13603370,MRED as Distributed by MLS Grid,12434805,N,Y,42.0217505,-87.691047
MLS Listing,,Condo/Co-op,431 W Oakdale Ave Unit 13D,Chicago,IL,60657,625000,2,2.0,CHI - Lake View,1800,,1928,1,347,1208,Active,,,https://www.redfin.com/IL/Chicago/431-W-Oakdale-Ave-60657/unit-13D/home/13371593,MRED as Distributed by MLS Grid,12422481,N,Y,41.9352189,-87.6405879
MLS Listing,,Condo/Co-op,1226 S Blue Island Ave #101,Chicago,IL,60608,379000,2,2.0,CHI - Near West Side,1300,6270,2006,1,292,150,Active,,,https://www.redfin.com/IL/Chicago/1226-S-Blue-Island-Ave-60608/unit-101/home/18934522,MRED as Distributed by MLS Grid,12434711,N,Y,41.8663281,-87.6542893
MLS Listing,,Condo/Co-op,1335 S Prairie Ave #1609,Chicago,IL,60605,500000,2,2.0,Museum Park,1380,,2003,1,362,590,Active,,,https://www.redfin.com/IL/Chicago/1335-S-Prairie-Ave-60605/unit-1609/home/12678090,MRED as Distributed by MLS Grid,12434804,N,Y,41.864405,-87.620672
MLS Listing,,Single Family Residential,10151 S Avenue M,Chicago,IL,60617,280000,4,2.0,CHI - East Side,2502,3120,1914,1,112,,Active,,,https://www.redfin.com/IL/Chicago/10151-S-Avenue-M-60617/home/13038383,MRED as Distributed by MLS Grid,12434137,N,Y,41.7104486,-87.5374294
MLS Listing,,Single Family Residential,3342 W Le Moyne St,Chicago,IL,60651,375000,3,1.5,CHI - Humboldt Park,1305,,1995,1,287,,Active,August-2-2025 01:00 PM,August-2-2025 03:00 PM,https://www.redfin.com/IL/Chicago/3342-W-Le-Moyne-St-60651/home/13286174,MRED as Distributed by MLS Grid,12433151,N,Y,41.908383,-87.7111468
MLS Listing,,Condo/Co-op,529 N Racine Ave #3,Chicago,IL,60642,489000,2,2.0,CHI - West Town,1600,,2004,1,306,250,Active,,,https://www.redfin.com/IL/Chicago/529-N-Racine-Ave-60642/unit-3/home/12616743,MRED as Distributed by MLS Grid,12434651,N,Y,41.891972,-87.6571137
MLS Listing,,Single Family Residential,2220 W Foster Ave,Chicago,IL,60625,875000,4,3.5,Bowmanville,,3125,,1,,,Active,August-2-2025 01:00 PM,August-2-2025 02:30 PM,https://www.redfin.com/IL/Chicago/2220-W-Foster-Ave-60625/home/13405920,MRED as Distributed by MLS Grid,12432210,N,Y,41.9761486,-87.6852144
MLS Listing,,Condo/Co-op,4453 N Hamilton Ave #3,Chicago,IL,60625,250000,1,1.0,CHI - Lincoln Square,,,,1,,293,Active,,,https://www.redfin.com/IL/Chicago/4453-N-Hamilton-Ave-60625/unit-3/home/40368968,MRED as Distributed by MLS Grid,12426833,N,Y,41.9629456,-87.6820768
MLS Listing,,Multi-Family (2-4 Unit),8114 S Maryland Ave,Chicago,IL,60619,349900,9,6.0,CHI - Chatham,,3750,1925,1,,,Active,,,https://www.redfin.com/IL/Chicago/8114-S-Maryland-Ave-60619/home/13223511,MRED as Distributed by MLS Grid,12434750,N,Y,41.7470836,-87.6041353
MLS Listing,,Condo/Co-op,5948 N Paulina St #1,Chicago,IL,60660,475000,3,2.0,CHI - Edgewater,1600,,,1,297,381,Active,August-2-2025 11:00 AM,August-2-2025 12:30 PM,https://www.redfin.com/IL/Chicago/5948-N-Paulina-St-60660/unit-1/home/12684090,MRED as Distributed by MLS Grid,12425103,N,Y,41.9898986,-87.6720121
MLS Listing,,Single Family Residential,1900 W 83rd St,Chicago,IL,60620,249900,2,2.0,CHI - Auburn Gresham,1800,1500,1941,1,139,,Active,,,https://www.redfin.com/IL/Chicago/1900-W-83rd-St-60620/home/13907096,MRED as Distributed by MLS Grid,12434166,N,Y,41.7433684,-87.670733
MLS Listing,,Single Family Residential,13346 S Carondolet Ave,Chicago,IL,60633,254999,4,2.0,CHI - Hegewisch,1702,4687,1901,1,150,,Active,August-3-2025 11:00 AM,August-3-2025 01:00 PM,https://www.redfin.com/IL/Chicago/13346-S-Carondolet-Ave-60633/home/196751864,MRED as Distributed by MLS Grid,12434531,N,Y,41.6523454,-87.5498686
MLS Listing,,Condo/Co-op,2136 W Armitage Ave,Chicago,IL,60647,715000,3,2.0,CHI - Logan Square,1800,,2007,1,397,389,Active,August-2-2025 12:30 PM,August-2-2025 02:30 PM,https://www.redfin.com/IL/Chicago/2136-W-Armitage-Ave-60647/home/13126380,MRED as Distributed by MLS Grid,12398610,N,Y,41.9179152,-87.6815093
MLS Listing,,Single Family Residential,2218 W Oakdale Ave,Chicago,IL,60618,1749000,6,5.0,CHI - North Center,4480,3750,2024,1,390,,Active,,,https://www.redfin.com/IL/Chicago/2218-W-Oakdale-Ave-60618/home/13359438,MRED as Distributed by MLS Grid,12434485,N,Y,41.9351531,-87.6839282
MLS Listing,,Condo/Co-op,680 N Green St #402,Chicago,IL,60642,449900,2,2.0,CHI - West Town,1343,,1999,1,335,504,Active,August-3-2025 10:30 AM,August-3-2025 12:00 PM,https://www.redfin.com/IL/Chicago/680-N-Green-St-60642/unit-402/home/22774058,MRED as Distributed by MLS Grid,12434704,N,Y,41.8943816,-87.6493379
MLS Listing,,Other,2801 E 83rd St,Chicago,IL,60617,265900,,,CHI - South Chicago,,3125,1908,1,,,Active,,,https://www.redfin.com/IL/Chicago/2801-E-83rd-St-60617/home/13212948,MRED as Distributed by MLS Grid,12434695,N,Y,41.7444102,-87.5562345
MLS Listing,,Single Family Residential,6231 W Holbrook St,Chicago,IL,60646,399900,3,1.5,CHI - Norwood Park,1272,3750,1948,1,314,,Active,,,https://www.redfin.com/IL/Chicago/6231-W-Holbrook-St-60646/home/13512404,MRED as Distributed by MLS Grid,12433121,N,Y,41.9915473,-87.7839279
MLS Listing,,Single Family Residential,3121 N Normandy Ave,Chicago,IL,60634,360000,2,2.0,CHI - Montclare,1264,3750,1945,1,285,,Active,,,https://www.redfin.com/IL/Chicago/3121-N-Normandy-Ave-60634/home/13434815,MRED as Distributed by MLS Grid,12434211,N,Y,41.9370683,-87.7929509
MLS Listing,,Other,4217 W Division St,Chicago,IL,60651,269900,,,CHI - Humboldt Park,,3240,1922,1,,,Active,,,https://www.redfin.com/IL/Chicago/4217-W-Division-St-60651/home/13282812,MRED as Distributed by MLS Grid,12429040,N,Y,41.9024588,-87.7319359
MLS Listing,,Condo/Co-op,5455 N Sheridan Rd #3715,Chicago,IL,60640,250000,1,1.0,CHI - Edgewater,990,,1969,1,253,1113,Active,,,https://www.redfin.com/IL/Chicago/5455-N-Sheridan-Rd-60640/unit-3715/home/13401047,MRED as Distributed by MLS Grid,12434625,N,Y,41.981675,-87.654489
MLS Listing,,Single Family Residential,11304 S Lowe Ave,Chicago,IL,60628,335000,4,2.5,CHI - Roseland,2370,4338,1934,1,141,,Active,,,https://www.redfin.com/IL/Chicago/11304-S-Lowe-Ave-60628/home/13064081,MRED as Distributed by MLS Grid,12431742,N,Y,41.688536,-87.6388936
MLS Listing,,Condo/Co-op,2605 S Indiana Ave #809,Chicago,IL,60616,145000,1,1.0,Stratford South Commons,760,,1971,1,191,733,Active,,,https://www.redfin.com/IL/Chicago/2605-S-Indiana-Ave-60616/unit-809/home/12712659,MRED as Distributed by MLS Grid,12348203,N,Y,41.8364018,-87.6232333
MLS Listing,,Condo/Co-op,630 N State St #2210,Chicago,IL,60654,390000,1,1.5,CHI - Near North Side,920,,1999,1,424,745,Active,,,https://www.redfin.com/IL/Chicago/630-N-State-St-60654/unit-2210/home/12582448,MRED as Distributed by MLS Grid,12413554,N,Y,41.8937413,-87.6284339
MLS Listing,,Single Family Residential,7119 S Damen Ave,Chicago,IL,60636,199900,4,3.0,CHI - West Englewood,,5000,1910,1,,,Active,August-2-2025 12:00 PM,August-2-2025 02:00 PM,https://www.redfin.com/IL/Chicago/7119-S-Damen-Ave-60636/home/13912163,MRED as Distributed by MLS Grid,12425279,N,Y,41.7642279,-87.6732738
MLS Listing,,Single Family Residential,343 W 108th Pl,Chicago,IL,60628,95000,2,1.0,CHI - Roseland,900,3125,1913,1,106,,Active,,,https://www.redfin.com/IL/Chicago/343-W-108th-Pl-60628/home/13075722,MRED as Distributed by MLS Grid,12434131,N,Y,41.6969067,-87.6321591
MLS Listing,,Condo/Co-op,919 N Willard Ct Unit 1N,Chicago,IL,60642,499000,2,2.5,CHI - West Town,1600,,1998,1,312,183,Active,August-2-2025 12:00 PM,August-2-2025 01:30 PM,https://www.redfin.com/IL/Chicago/919-N-Willard-Ct-60642/unit-1N/home/12768926,MRED as Distributed by MLS Grid,12432318,N,Y,41.8988199,-87.658306
MLS Listing,,Condo/Co-op,1313 W Carmen Ave Unit 1S,Chicago,IL,60640,499000,2,2.5,CHI - Uptown,,,2009,1,,263,Active,August-2-2025 12:00 PM,August-2-2025 02:00 PM,https://www.redfin.com/IL/Chicago/1313-W-Carmen-Ave-60640/unit-1S/home/113042560,MRED as Distributed by MLS Grid,12421269,N,Y,41.9743151,-87.6628518
MLS Listing,,Condo/Co-op,3041 N California Ave #1,Chicago,IL,60618,550000,3,2.5,CHI - Avondale,2300,,2003,1,239,342,Active,August-2-2025 01:30 PM,August-2-2025 03:00 PM,https://www.redfin.com/IL/Chicago/3041-N-California-Ave-60618/unit-1/home/12665157,MRED as Distributed by MLS Grid,12434631,N,Y,41.9369558,-87.6974962
MLS Listing,,Condo/Co-op,5 E 14th Pl #1506,Chicago,IL,60605,400000,2,2.0,CHI - Near South Side,,,2000,1,,745,Active,August-2-2025 11:00 AM,August-2-2025 01:00 PM,https://www.redfin.com/IL/Chicago/5-E-14th-Pl-60605/unit-1506/home/12734172,MRED as Distributed by MLS Grid,12432349,N,Y,41.8621737,-87.6268692
MLS Listing,,Condo/Co-op,340 E Randolph St #1503,Chicago,IL,60601,3400000,4,4.0,CHI - Loop,4000,,2007,1,850,3184,Active,,,https://www.redfin.com/IL/Chicago/340-E-Randolph-St-60601/unit-1503/home/196615124,MRED as Distributed by MLS Grid,12429742,N,Y,41.8847823,-87.6187586
MLS Listing,,Condo/Co-op,956 N Noble St Unit 2S,Chicago,IL,60622,645000,3,2.0,CHI - West Town,1550,,2015,1,416,213,Active,August-2-2025 10:30 AM,August-2-2025 12:00 PM,https://www.redfin.com/IL/Chicago/956-N-Noble-St-60642/unit-2S/home/183373531,MRED as Distributed by MLS Grid,12428034,N,Y,41.8996465,-87.6628682
MLS Listing,,Single Family Residential,10540 S Avenue B Ave,Chicago,IL,60617,180000,5,2.0,CHI - East Side,1176,3125,1930,1,153,,Active,,,https://www.redfin.com/IL/Chicago/10540-S-Avenue-B-60617/home/13036805,MRED as Distributed by MLS Grid,12434493,N,Y,41.7033168,-87.5267584
MLS Listing,,Single Family Residential,9346 S Indiana Ave,Chicago,IL,60619,359999,4,3.0,CHI - Roseland,1800,4800,1915,1,200,,Active,,,https://www.redfin.com/IL/Chicago/9346-S-Indiana-Ave-60619/home/13109919,MRED as Distributed by MLS Grid,12433166,N,Y,41.7240944,-87.6197139
MLS Listing,,Multi-Family (5+ Unit),6 W 111th Pl,Chicago,IL,60628,525000,9,6.0,CHI - Roseland,4200,6250,1922,1,125,,Active,,,https://www.redfin.com/IL/Chicago/6-W-111th-Pl-60628/home/13064721,MRED as Distributed by MLS Grid,12434538,N,Y,41.6919103,-87.6234126
MLS Listing,,Single Family Residential,12233 S May St,Chicago,IL,60643,159000,2,1.0,,800,4375,1947,1,199,,Active,,,https://www.redfin.com/IL/Chicago/Undisclosed-address-60643/home/13054226,MRED as Distributed by MLS Grid,12434560,N,Y,41.6712576,-87.6499625
MLS Listing,,Multi-Family (2-4 Unit),1921 N Lawndale Ave,Chicago,IL,60647,719000,9,3.0,CHI - Logan Square,,3049,1908,1,,,Active,August-2-2025 02:00 PM,August-2-2025 03:00 PM,https://www.redfin.com/IL/Chicago/1921-N-Lawndale-Ave-60647/home/39950232,MRED as Distributed by MLS Grid,12412367,N,Y,41.9161045,-87.718849
MLS Listing,,Townhouse,5018 W Van Buren St Unit B,Chicago,IL,60644,115000,2,1.5,CHI - Austin,1049,,1957,1,110,,Active,,,https://www.redfin.com/IL/Chicago/5018-W-Van-Buren-St-60644/unit-B/home/196750557,MRED as Distributed by MLS Grid,12428831,N,Y,41.875162,-87.7500118
MLS Listing,,Multi-Family (2-4 Unit),833 N Keystone Ave,Chicago,IL,60651,365500,6,3.0,CHI - Humboldt Park,,3625,,1,,,Active,,,https://www.redfin.com/IL/Chicago/833-N-Keystone-Ave-60651/home/13281501,MRED as Distributed by MLS Grid,12427390,N,Y,41.8963968,-87.7270545
MLS Listing,,Vacant Land,2825 W Monroe St,Chicago,IL,60612,28000,,,CHI - East Garfield Park,,2313,,1,,,Active,,,https://www.redfin.com/IL/Chicago/2825-W-Monroe-St-60612/home/147908602,MRED as Distributed by MLS Grid,12434521,N,Y,41.879904,-87.6973
MLS Listing,,Condo/Co-op,525 N Halsted St #208,Chicago,IL,60622,300000,1,1.0,City Towne Lofts,1000,,1891,1,300,434,Active,August-3-2025 12:00 PM,August-3-2025 02:00 PM,https://www.redfin.com/IL/Chicago/525-N-Halsted-St-60642/unit-208/home/14102459,MRED as Distributed by MLS Grid,12432638,N,Y,41.8920325,-87.647216
MLS Listing,,Single Family Residential,7229 W Lunt Ave,Chicago,IL,60631,599000,4,3.0,CHI - Edison Park,3534,4920,1926,1,169,,Active,August-3-2025 01:00 PM,August-3-2025 03:00 PM,https://www.redfin.com/IL/Chicago/7229-W-Lunt-Ave-60631/home/13636446,MRED as Distributed by MLS Grid,12434583,N,Y,42.0079028,-87.8078999
MLS Listing,,Condo/Co-op,653 N Kingsbury St #2105,Chicago,IL,60654,525000,2,2.0,CHI - Near North Side,1200,,2003,1,438,886,Active,,,https://www.redfin.com/IL/Chicago/653-N-Kingsbury-St-60654/unit-2105/home/12669952,MRED as Distributed by MLS Grid,12434569,N,Y,41.8936768,-87.6410537
MLS Listing,,Condo/Co-op,1122 N Clark St #3304,Chicago,IL,60610,225000,1,1.0,CHI - Near North Side,700,,1989,1,321,721,Active,,,https://www.redfin.com/IL/Chicago/1122-N-Clark-St-60610/unit-3304/home/12767721,MRED as Distributed by MLS Grid,12433528,N,Y,41.9024825,-87.6318643
MLS Listing,,Condo/Co-op,60 W Erie St #502,Chicago,IL,60654,825000,3,2.5,CHI - Near North Side,2406,,2002,1,343,2305,Active,August-3-2025 11:00 AM,August-3-2025 12:30 PM,https://www.redfin.com/IL/Chicago/60-W-Erie-St-60654/unit-502/home/177290066,MRED as Distributed by MLS Grid,12434507,N,Y,41.894311,-87.63047
MLS Listing,,Condo/Co-op,400 S Green St #305,Chicago,IL,60607,899000,4,3.5,CHI - Near West Side,2781,,1908,1,323,947,Active,August-3-2025 10:00 AM,August-3-2025 12:00 PM,https://www.redfin.com/IL/Chicago/400-S-Green-St-60607/unit-305/home/14090437,MRED as Distributed by MLS Grid,12433380,N,Y,41.8764163,-87.6487805
MLS Listing,,Condo/Co-op,1365 N Mohawk St Unit 3S,Chicago,IL,60610,590000,2,2.0,CHI - Near North Side,,,2000,1,,372,Active,August-1-2025 05:00 PM,August-1-2025 06:30 PM,https://www.redfin.com/IL/Chicago/1365-N-Mohawk-St-60610/unit-3S/home/12739070,MRED as Distributed by MLS Grid,12213133,N,Y,41.9074022,-87.6417996
MLS Listing,,Multi-Family (2-4 Unit),1406 Brummel St,Evanston,IL,60202,750000,8,5.0,Evanston,,,1953,1,,,Active,,,https://www.redfin.com/IL/Evanston/1406-Brummel-St-60202/home/183712842,MRED as Distributed by MLS Grid,12434021,N,Y,42.0212384,-87.6920394
MLS Listing,,Condo/Co-op,1031 W Monroe St #4,Chicago,IL,60607,799900,2,2.0,The Flats on Monroe,1500,,2006,1,533,375,Active,August-1-2025 05:00 PM,August-1-2025 07:00 PM,https://www.redfin.com/IL/Chicago/1031-W-Monroe-St-60607/unit-4/home/18938479,MRED as Distributed by MLS Grid,12433712,N,Y,41.8801504,-87.6533166
MLS Listing,,Condo/Co-op,1601 W School St #514,Chicago,IL,60657,340000,1,1.0,CHI - Lake View,1100,,,1,309,576,Active,August-2-2025 11:00 AM,August-2-2025 12:30 PM,https://www.redfin.com/IL/Chicago/1601-W-School-St-60657/unit-514/home/13385525,MRED as Distributed by MLS Grid,12429829,N,Y,41.9413883,-87.6693296
MLS Listing,,Single Family Residential,7215 N Olcott Ave,Chicago,IL,60631,668500,3,3.0,CHI - Edison Park,1918,5208,1954,1,349,,Active,August-3-2025 11:00 AM,August-3-2025 01:00 PM,https://www.redfin.com/IL/Chicago/7215-N-Olcott-Ave-60631/home/13651069,MRED as Distributed by MLS Grid,12434511,N,Y,42.012081,-87.8136474
MLS Listing,,Single Family Residential,7941 W Metropole St,Elmwood Park,IL,60707,378000,3,2.0,Elmwood Park,1300,5588,1943,1,291,,Active,August-1-2025 05:00 AM,August-1-2025 07:00 PM,https://www.redfin.com/IL/Elmwood-Park/7941-W-Metropole-St-60707/home/13540413,MRED as Distributed by MLS Grid,12430175,N,Y,41.934916,-87.8257735
MLS Listing,,Single Family Residential,7750 S Crandon Ave,Chicago,IL,60649,175000,3,1.5,CHI - South Shore,2100,3750,1930,1,83,,Active,,,https://www.redfin.com/IL/Chicago/7750-S-Crandon-Ave-60649/home/13923054,MRED as Distributed by MLS Grid,12434443,N,Y,41.7538366,-87.5690261
MLS Listing,,Condo/Co-op,6301 N Sheridan Rd Unit 21E,Chicago,IL,60660,229900,2,2.0,CHI - Edgewater,1300,,1922,1,177,1411,Active,,,https://www.redfin.com/IL/Chicago/6301-N-Sheridan-Rd-60660/unit-21E/home/13413167,MRED as Distributed by MLS Grid,12406544,N,Y,41.9967345,-87.6550688
MLS Listing,,Condo/Co-op,230 E Ontario St #1602,Chicago,IL,60611,259000,1,1.0,CHI - Near North Side,900,,1969,1,288,872,Active,,,https://www.redfin.com/IL/Chicago/230-E-Ontario-St-60611/unit-1602/home/14097679,MRED as Distributed by MLS Grid,12433031,N,Y,41.8936581,-87.6212229
MLS Listing,,Single Family Residential,11616 S Lowe Ave,Chicago,IL,60628,327999,4,4.0,CHI - West Pullman,1950,,1911,1,168,,Active,,,https://www.redfin.com/IL/Chicago/11616-S-Lowe-Ave-60628/home/13062955,MRED as Distributed by MLS Grid,12434374,N,Y,41.6834817,-87.6387845
MLS Listing,,Condo/Co-op,850 N Lake Shore Dr #901,Chicago,IL,60611,706000,2,2.0,CHI - Near North Side,1432,,1927,1,493,980,Active,August-3-2025 10:00 AM,August-3-2025 12:00 PM,https://www.redfin.com/IL/Chicago/850-N-Lake-Shore-Dr-60611/unit-901/home/196741798,MRED as Distributed by MLS Grid,12434445,N,Y,41.8982543,-87.6186746
MLS Listing,,Condo/Co-op,1400 S Michigan Ave #1609,Chicago,IL,60605,424900,2,2.0,CHI - Near South Side,1070,,2008,1,397,653,Active,August-3-2025 12:00 PM,August-3-2025 01:30 PM,https://www.redfin.com/IL/Chicago/1400-S-Michigan-Ave-60605/unit-1609/home/52592755,MRED as Distributed by MLS Grid,12427800,N,Y,41.8637721,-87.6245471
MLS Listing,,Condo/Co-op,1300 N Lake Shore Dr Unit 27A,Chicago,IL,60610,775000,3,3.0,CHI - Near North Side,2200,,1963,1,352,2855,Active,,,https://www.redfin.com/IL/Chicago/1300-N-Lake-Shore-Dr-60610/unit-27A/home/14125103,MRED as Distributed by MLS Grid,12425520,N,Y,41.9060985,-87.625756
MLS Listing,,Multi-Family (2-4 Unit),6660 S Michigan Ave,Chicago,IL,60637,385000,6,2.0,CHI - Greater Grand Crossing,,3125,,1,,,Active,,,https://www.redfin.com/IL/Chicago/6660-S-Michigan-Ave-60637/home/13930434,MRED as Distributed by MLS Grid,12434051,N,Y,41.7732378,-87.6230054
MLS Listing,,Single Family Residential,3124 N 76th Ave,Elmwood Park,IL,60707,498000,4,3.0,Westwood,2024,3811,1930,1,246,,Active,August-3-2025 01:00 PM,August-3-2025 03:00 PM,https://www.redfin.com/IL/Elmwood-Park/3124-N-76th-Ave-60707/home/13540687,MRED as Distributed by MLS Grid,12434437,N,Y,41.9371189,-87.8167972
MLS Listing,,Single Family Residential,6311 N Kedvale Ave,Chicago,IL,60646,385900,5,2.0,CHI - Forest Glen,1245,4092,1952,1,310,,Active,,,https://www.redfin.com/IL/Chicago/6311-N-Kedvale-Ave-60646/home/13514433,MRED as Distributed by MLS Grid,12434432,N,Y,41.995753,-87.7322547
MLS Listing,,Multi-Family (2-4 Unit),6810 S Indiana Ave,Chicago,IL,60637,186000,9,3.0,CHI - Greater Grand Crossing,,5214,1926,1,,,Active,,,https://www.redfin.com/IL/Chicago/6810-S-Indiana-Ave-60637/home/13929104,MRED as Distributed by MLS Grid,12434157,N,Y,41.7707089,-87.6205423
MLS Listing,,Condo/Co-op,1122 W Catalpa Ave #706,Chicago,IL,60640,334900,2,2.0,CHI - Edgewater,,,2007,1,,1035,Active,August-3-2025 11:00 AM,August-3-2025 12:30 PM,https://www.redfin.com/IL/Chicago/1122-W-Catalpa-Ave-60640/unit-706/home/16882539,MRED as Distributed by MLS Grid,12434399,N,Y,41.9819596,-87.6591108
MLS Listing,,Multi-Family (2-4 Unit),3927 W 56th St,Chicago,IL,60629,360000,6,2.5,CHI - West Elsdon,,3125,,1,,,Active,,,https://www.redfin.com/IL/Chicago/3927-W-56th-St-60629/home/196738591,MRED as Distributed by MLS Grid,12415460,N,Y,41.7912527,-87.7217475
MLS Listing,,Condo/Co-op,211 N Harbor Dr #409,Chicago,IL,60601,939900,3,2.0,CHI - Loop,1553,,2022,1,605,1075,Active,August-2-2025 11:00 AM,August-2-2025 12:00 PM,https://www.redfin.com/IL/Chicago/211-N-Harbor-Dr-60601/unit-409/home/171422183,MRED as Distributed by MLS Grid,12434396,N,Y,41.8864169,-87.6148577
MLS Listing,,Single Family Residential,2619 W 104th St,Chicago,IL,60655,650000,4,3.5,West Beverly,2400,3875,1940,1,271,,Active,,,https://www.redfin.com/IL/Chicago/2619-W-104th-St-60655/home/12565564,MRED as Distributed by MLS Grid,12432502,N,Y,41.7042875,-87.6873005
MLS Listing,,Condo/Co-op,1748 W Granville Ave Unit 2A,Chicago,IL,60660,189000,2,1.0,CHI - Edgewater,,,1927,1,,491,Active,August-3-2025 11:00 AM,August-3-2025 01:00 PM,https://www.redfin.com/IL/Chicago/1748-W-Granville-Ave-60660/unit-2A/home/13406127,MRED as Distributed by MLS Grid,12434327,N,Y,41.9948131,-87.6738136
MLS Listing,,Condo/Co-op,831 W George St #2,Chicago,IL,60657,639900,2,2.0,CHI - Lake View,1039,,2009,1,616,227,Active,,,https://www.redfin.com/IL/Chicago/831-W-George-St-60657/unit-2/home/26794086,MRED as Distributed by MLS Grid,12417566,N,Y,41.9344028,-87.650288
MLS Listing,,Condo/Co-op,4210 N Natchez Ave #208,Chicago,IL,60634,319000,2,1.0,CHI - Dunning,1200,,2000,1,266,386,Active,,,https://www.redfin.com/IL/Chicago/4210-N-Natchez-Ave-60634/unit-208/home/12754210,MRED as Distributed by MLS Grid,12434324,N,Y,41.9571565,-87.7893695
MLS Listing,,Single Family Residential,7521 N Albany Ave,Chicago,IL,60645,699000,3,3.0,CHI - West Ridge,1683,7458,1953,1,415,,Active,August-1-2025 04:30 PM,August-1-2025 07:15 PM,https://www.redfin.com/IL/Chicago/7521-N-Albany-Ave-60645/home/13601896,MRED as Distributed by MLS Grid,12431916,N,Y,42.0180173,-87.7064419
MLS Listing,,Condo/Co-op,1724 N Mohawk St #1,Chicago,IL,60614,949000,3,3.0,CHI - Lincoln Park,2400,,1999,1,395,167,Active,August-2-2025 11:00 AM,August-2-2025 01:00 PM,https://www.redfin.com/IL/Chicago/1724-N-Mohawk-St-60614/unit-1/home/12771811,MRED as Distributed by MLS Grid,12431358,N,Y,41.9136136,-87.6426334
MLS Listing,,Condo/Co-op,1013 W Webster Ave W #5,Chicago,IL,60614,799900,3,2.0,CHI - Lincoln Park,2200,,1892,1,364,398,Active,August-2-2025 12:00 PM,August-2-2025 02:00 PM,https://www.redfin.com/IL/Chicago/1013-W-Webster-Ave-60614/unit-5/home/18942515,MRED as Distributed by MLS Grid,12433410,N,Y,41.9215925,-87.6540468
MLS Listing,,Multi-Family (2-4 Unit),1005 S Racine Ave,Chicago,IL,60607,625000,3,2.5,CHI - Near West Side,,,1847,1,,,Active,,,https://www.redfin.com/IL/Chicago/1005-S-Racine-Ave-60607/home/14089259,MRED as Distributed by MLS Grid,12433765,N,Y,41.8691861,-87.6564961
MLS Listing,,Condo/Co-op,2461 W Foster Ave Unit 2E,Chicago,IL,60625,409000,2,2.0,CHI - Lincoln Square,1398,,2003,1,293,450,Active,August-1-2025 04:00 PM,August-1-2025 06:00 PM,https://www.redfin.com/IL/Chicago/2461-W-Foster-Ave-60625/unit-2E/home/12618279,MRED as Distributed by MLS Grid,12432092,N,Y,41.9757475,-87.6915582
MLS Listing,,Other,433 W 115th St,Chicago,IL,60628,288000,,,CHI - West Pullman,,2850,1927,1,,,Active,,,https://www.redfin.com/IL/Chicago/433-W-115th-St-60628/home/13061156,MRED as Distributed by MLS Grid,12434285,N,Y,41.684936,-87.633838
MLS Listing,,Condo/Co-op,4932 N Kenmore Ave Unit 2N,Chicago,IL,60640,625000,3,2.0,CHI - Uptown,,,2023,1,,212,Active,August-2-2025 12:00 PM,August-2-2025 02:00 PM,https://www.redfin.com/IL/Chicago/4932-N-Kenmore-Ave-60640/unit-2N/home/196735284,MRED as Distributed by MLS Grid,12432108,N,Y,41.9725817,-87.6566915
MLS Listing,,Single Family Residential,3926 N Page Ave,Chicago,IL,60634,399000,3,2.0,CHI - Dunning,1184,4960,1942,1,337,,Active,August-1-2025 04:00 PM,August-1-2025 06:00 PM,https://www.redfin.com/IL/Chicago/3926-N-Page-Ave-60634/home/13545750,MRED as Distributed by MLS Grid,12428889,N,Y,41.9512945,-87.8283199
MLS Listing,,Single Family Residential,5441 N Linder Ave,Chicago,IL,60630,349900,3,2.0,CHI - Jefferson Park,1496,6250,1913,1,234,,Active,,,https://www.redfin.com/IL/Chicago/5441-N-Linder-Ave-60630/home/13499288,MRED as Distributed by MLS Grid,12434288,N,Y,41.980537,-87.7654495
MLS Listing,,Condo/Co-op,5415 N Sheridan Rd #4105,Chicago,IL,60640,239900,1,1.0,CHI - Edgewater,860,,,1,279,823,Active,,,https://www.redfin.com/IL/Chicago/5415-N-Sheridan-Rd-60640/unit-4105/home/13401578,MRED as Distributed by MLS Grid,12429319,N,Y,41.9801302,-87.6547957
MLS Listing,,Multi-Family (2-4 Unit),7208 S Calumet Ave,Chicago,IL,60619,349900,5,3.0,CHI - Greater Grand Crossing,,5227,1919,1,,,Active,,,https://www.redfin.com/IL/Chicago/7208-S-Calumet-Ave-60619/home/183973132,MRED as Distributed by MLS Grid,12430936,N,Y,41.7635302,-87.6171642
MLS Listing,,Single Family Residential,5322 W Addison St,Chicago,IL,60641,307500,3,1.0,CHI - Portage Park,920,3750,1953,1,334,,Active,,,https://www.redfin.com/IL/Chicago/5322-W-Addison-St-60641/home/13462573,MRED as Distributed by MLS Grid,12434260,N,Y,41.9461613,-87.7603184
MLS Listing,,Townhouse,4421 W 87 St,Hometown,IL,60456,258875,4,2.0,Hometown,1246,4125,1952,1,208,,Active,August-2-2025 12:00 PM,August-2-2025 02:00 PM,https://www.redfin.com/IL/Hometown/4421-W-87th-St-60456/home/13184439,MRED as Distributed by MLS Grid,12434097,N,Y,41.7344106,-87.732634
MLS Listing,,Condo/Co-op,7234 W North Ave #1008,Elmwood Park,IL,60707,135000,1,1.0,Cameo Tower,750,,1968,1,180,387,Active,,,https://www.redfin.com/IL/Elmwood-Park/7234-W-North-Ave-60707/unit-1008/home/13522508,MRED as Distributed by MLS Grid,12434244,N,Y,41.9090397,-87.8077481
MLS Listing,,Single Family Residential,9527 S Woodlawn Ave,Chicago,IL,60628,99900,3,2.0,CHI - Pullman,1284,3747,1948,1,78,,Active,,,https://www.redfin.com/IL/Chicago/9527-S-Woodlawn-Ave-60628/home/13086412,MRED as Distributed by MLS Grid,12434252,N,Y,41.7213142,-87.5943662
MLS Listing,,Condo/Co-op,3200 N Lake Shore Dr #502,Chicago,IL,60657,387500,2,2.0,CHI - Lake View,1250,,1966,1,310,1376,Active,,,https://www.redfin.com/IL/Chicago/3200-N-Lake-Shore-Dr-60657/unit-502/home/13375519,MRED as Distributed by MLS Grid,12434253,N,Y,41.9406535,-87.6398782
MLS Listing,,Condo/Co-op,811 W 15th Pl #513,Chicago,IL,60608,235000,1,1.0,CHI - Near West Side,700,,2003,1,336,299,Active,,,https://www.redfin.com/IL/Chicago/811-W-15th-Pl-60608/unit-513/home/12646211,MRED as Distributed by MLS Grid,12433927,N,Y,41.8609166,-87.6476002
MLS Listing,,Condo/Co-op,5255 N Rockwell St Unit G,Chicago,IL,60625,160000,1,1.0,CHI - Lincoln Square,,,1930,1,,217,Active,,,https://www.redfin.com/IL/Chicago/5255-N-Rockwell-St-60625/unit-G/home/18914655,MRED as Distributed by MLS Grid,12327114,N,Y,41.9774432,-87.6938622
MLS Listing,,Single Family Residential,3916 N Pontiac Ave,Chicago,IL,60634,693000,4,3.0,CHI - Dunning,2656,,1933,1,261,,Active,,,https://www.redfin.com/IL/Chicago/3916-N-Pontiac-Ave-60634/home/13545764,MRED as Distributed by MLS Grid,12433481,N,Y,41.9508284,-87.8356808
MLS Listing,,Multi-Family (2-4 Unit),3524 S Marshfield Ave S,Chicago,IL,60609,420000,4,2.0,CHI - McKinley Park,,,1888,1,,,Active,,,https://www.redfin.com/IL/Chicago/3524-S-Marshfield-Ave-60609/home/14076147,MRED as Distributed by MLS Grid,12432017,N,Y,41.8296638,-87.6669652
MLS Listing,,Condo/Co-op,8511 W Catherine Ave #287,Chicago,IL,60656,210000,2,1.0,CHI - O'Hare,1000,,1979,1,210,252,Active,,,https://www.redfin.com/IL/Chicago/8511-W-Catherine-Ave-60656/unit-287/home/13559565,MRED as Distributed by MLS Grid,12434109,N,Y,41.9769117,-87.8397787
MLS Listing,,Single Family Residential,1329 E 89th Pl,Chicago,IL,60619,239900,4,2.0,CHI - Calumet Heights,1400,6364,1949,1,171,,Active,,,https://www.redfin.com/IL/Chicago/1329-E-89th-Pl-60619/home/13113174,MRED as Distributed by MLS Grid,12434233,N,Y,41.7320958,-87.5916898
MLS Listing,,Condo/Co-op,2323 W Pershing Rd #401,Chicago,IL,60609,239900,2,1.0,CHI - New City,1200,,1942,1,200,717,Active,,,https://www.redfin.com/IL/Chicago/2323-W-Pershing-Rd-60609/unit-401/home/18912764,MRED as Distributed by MLS Grid,12433720,N,Y,41.8224358,-87.6831546
MLS Listing,,Single Family Residential,5251 N La Crosse Ave,Chicago,IL,60630,715000,3,2.5,CHI - Forest Glen,3400,3750,1926,1,210,,Active,August-3-2025 01:00 PM,August-3-2025 03:15 PM,https://www.redfin.com/IL/Chicago/5251-N-La-Crosse-Ave-60630/home/13498245,MRED as Distributed by MLS Grid,12434118,N,Y,41.9768245,-87.749006
MLS Listing,,Condo/Co-op,4730 S Champlain Ave #3,Chicago,IL,60615,464000,3,2.0,CHI - Grand Boulevard,1600,,2019,1,290,175,Active,,,https://www.redfin.com/IL/Chicago/4730-S-Champlain-Ave-60615/unit-3/home/196100079,MRED as Distributed by MLS Grid,12434216,N,Y,41.8085081,-87.610471
MLS Listing,,Condo/Co-op,363 E Wacker Dr #9101,Chicago,IL,60601,7999000,4,4.5,CHI - Loop,5734,,2020,1,1395,9747,Active,,,https://www.redfin.com/IL/Chicago/363-E-Wacker-Dr-60601/unit-9101/home/109141592,MRED as Distributed by MLS Grid,12386486,N,Y,41.8874508,-87.6174598
MLS Listing,,Condo/Co-op,1621 S Halsted St #405,Chicago,IL,60608,359900,2,2.0,CHI - Lower West Side,1240,,2002,1,290,627,Active,,,https://www.redfin.com/IL/Chicago/1621-S-Halsted-St-60608/unit-405/home/12708576,MRED as Distributed by MLS Grid,12434210,N,Y,41.859314,-87.6464843
MLS Listing,,Single Family Residential,4051 N Marmora Ave,Chicago,IL,60634,399000,2,1.0,CHI - Portage Park,1036,3750,1925,1,385,,Active,,,https://www.redfin.com/IL/Chicago/4051-N-Marmora-Ave-60634/home/13472737,MRED as Distributed by MLS Grid,12434139,N,Y,41.954641,-87.774036
MLS Listing,,Single Family Residential,9906 S California Ave,Evergreen Park,IL,60805,255499,3,1.0,Evergreen Park,1121,,1953,1,228,,Active,,,https://www.redfin.com/IL/Evergreen-Park/9906-S-California-Ave-60805/home/13161393,MRED as Distributed by MLS Grid,12434186,N,Y,41.7132883,-87.6920349
MLS Listing,,Multi-Family (2-4 Unit),4152 S Michigan Ave,Chicago,IL,60653,1050000,9,6.0,CHI - Grand Boulevard,,5313,2025,1,,,Active,,,https://www.redfin.com/IL/Chicago/4152-S-Michigan-Ave-60653/home/196725692,MRED as Distributed by MLS Grid,12434178,N,Y,41.8186093,-87.6235568
MLS Listing,,Single Family Residential,4854 S Keating Ave,Chicago,IL,60632,339900,3,2.0,CHI - Garfield Ridge,,3750,1958,1,,,Active,,,https://www.redfin.com/IL/Chicago/4854-S-Keating-Ave-60632/home/12555201,MRED as Distributed by MLS Grid,12434133,N,Y,41.8042037,-87.7420197
MLS Listing,,Multi-Family (2-4 Unit),7923 S Carpenter St,Chicago,IL,60620,350000,5,2.5,CHI - Auburn Gresham,,4030,1910,1,,,Active,,,https://www.redfin.com/IL/Chicago/7923-S-Carpenter-St-60620/home/191497789,MRED as Distributed by MLS Grid,12401130,N,Y,41.7498398,-87.6497885
MLS Listing,,Single Family Residential,3148 S May St,Chicago,IL,60608,724900,4,3.0,CHI - Bridgeport,2226,2976,1888,1,326,,Active,,,https://www.redfin.com/IL/Chicago/3148-S-May-St-60608/home/14075287,MRED as Distributed by MLS Grid,12434152,N,Y,41.8364378,-87.6550117
MLS Listing,,Condo/Co-op,132 E Delaware Pl #4905,Chicago,IL,60611,840000,2,2.0,CHI - Near North Side,1470,,1988,1,571,1272,Active,,,https://www.redfin.com/IL/Chicago/132-E-Delaware-Pl-60611/unit-4905/home/14120705,MRED as Distributed by MLS Grid,12434070,N,Y,41.8994922,-87.6251109
MLS Listing,,Condo/Co-op,3536 S Prairie Ave #1,Chicago,IL,60653,250000,2,1.5,CHI - Douglas,1239,,1907,1,202,,Active,,,https://www.redfin.com/IL/Chicago/3536-S-Prairie-Ave-60653/unit-1/home/12763041,MRED as Distributed by MLS Grid,12434020,N,Y,41.8299226,-87.620788
MLS Listing,,Other,1517 W Taylor St,Chicago,IL,60607,1245500,,,CHI - Near West Side,,2625,1886,1,,,Active,,,https://www.redfin.com/IL/Chicago/1517-W-Taylor-St-60607/home/14089880,MRED as Distributed by MLS Grid,12430957,N,Y,41.8690886,-87.664843
MLS Listing,,Condo/Co-op,4250 N Marine Dr #801,Chicago,IL,60613,339000,2,2.0,CHI - Uptown,1450,,1960,1,234,1154,Active,,,https://www.redfin.com/IL/Chicago/4250-N-Marine-Dr-60613/unit-801/home/13396601,MRED as Distributed by MLS Grid,12434091,N,Y,41.9603767,-87.646879
MLS Listing,,Multi-Family (2-4 Unit),4435 S Prairie Ave,Chicago,IL,60653,939000,9,6.0,CHI - Grand Boulevard,,3125,2023,1,,,Active,,,https://www.redfin.com/IL/Chicago/4435-S-Prairie-Ave-60653/home/63686768,MRED as Distributed by MLS Grid,12434121,N,Y,41.8137539,-87.6193191
MLS Listing,,Condo/Co-op,125 S Green St Unit 907A,Chicago,IL,60607,349900,1,1.0,CHI - Near West Side,,,2005,1,,677,Active,,,https://www.redfin.com/IL/Chicago/125-S-Green-St-60607/unit-907A/home/39569329,MRED as Distributed by MLS Grid,12434115,N,Y,41.879475,-87.648112
MLS Listing,,Single Family Residential,1007 W 47th Pl,Chicago,IL,60609,224999,2,2.0,CHI - New City,672,,,1,335,,Active,,,https://www.redfin.com/IL/Chicago/1007-W-47th-Pl-60609/home/13954759,MRED as Distributed by MLS Grid,12434080,N,Y,41.8076781,-87.6507301
MLS Listing,,Single Family Residential,4329 N Avers Ave,Chicago,IL,60618,635000,4,3.0,CHI - Irving Park,,3750,,1,,,Active,August-2-2025 12:00 PM,August-2-2025 01:30 PM,https://www.redfin.com/IL/Chicago/4329-N-Avers-Ave-60618/home/13485173,MRED as Distributed by MLS Grid,12433995,N,Y,41.9600827,-87.7238328
MLS Listing,,Single Family Residential,12124 S Normal Ave,Chicago,IL,60628,149999,4,2.0,CHI - West Pullman,2400,4500,1898,1,62,,Active,,,https://www.redfin.com/IL/Chicago/12124-S-Normal-Ave-60628/home/13057943,MRED as Distributed by MLS Grid,12431300,N,Y,41.6734369,-87.6347401
MLS Listing,,Multi-Family (2-4 Unit),1657 W Hollywood Ave,Chicago,IL,60660,1100000,7,4.0,CHI - Edgewater,,2700,1929,1,,,Active,,,https://www.redfin.com/IL/Chicago/1657-W-Hollywood-Ave-60660/home/183875869,MRED as Distributed by MLS Grid,12389983,N,Y,41.9848715,-87.6721165
MLS Listing,,Condo/Co-op,300 N State St #2824,Chicago,IL,60654,199000,0,1.0,Marina Towers,500,,1962,1,398,423,Active,,,https://www.redfin.com/IL/Chicago/300-N-State-St-60654/unit-2824/home/14100751,MRED as Distributed by MLS Grid,12433461,N,Y,41.8882484,-87.6282959
MLS Listing,,Condo/Co-op,1250 S Michigan Ave #1804,Chicago,IL,60605,299000,1,1.0,CHI - Near South Side,853,300000,2003,1,351,580,Active,,,https://www.redfin.com/IL/Chicago/1250-S-Michigan-Ave-60605/unit-1804/home/18947237,MRED as Distributed by MLS Grid,12433943,N,Y,41.866506,-87.624334
MLS Listing,,Condo/Co-op,303 W Ohio St #1507,Chicago,IL,60654,535000,2,2.0,Silver Tower,1300,,2009,1,412,827,Active,,,https://www.redfin.com/IL/Chicago/303-W-Ohio-St-60654/unit-1507/home/17103250,MRED as Distributed by MLS Grid,12416525,N,Y,41.8922533,-87.6359211
MLS Listing,,Vacant Land,1 E Cermak Rd,Chicago,IL,60616,1500000,,,CHI - Near South Side,,3049,,1,,,Active,,,https://www.redfin.com/IL/Chicago/1-E-Cermak-Rd-60616/home/186334057,MRED as Distributed by MLS Grid,12434064,N,Y,41.8528116,-87.6270865
MLS Listing,,Single Family Residential,3624 S Parnell Ave,Chicago,IL,60609,299999,3,1.0,CHI - Bridgeport,1092,3136,1888,1,275,,Active,,,https://www.redfin.com/IL/Chicago/3624-S-Parnell-Ave-60609/home/14072684,MRED as Distributed by MLS Grid,12433779,N,Y,41.8282176,-87.6402251
MLS Listing,,Multi-Family (2-4 Unit),1051 N Springfield Ave,Chicago,IL,60651,675000,6,3.0,CHI - Humboldt Park,,6250,2025,1,,,Active,,,https://www.redfin.com/IL/Chicago/1051-N-Springfield-Ave-60651/home/13286026,MRED as Distributed by MLS Grid,12434017,N,Y,41.900516,-87.723452
MLS Listing,,Single Family Residential,3422 S Prairie Ave,Chicago,IL,60616,599995,4,3.5,CHI - Douglas,2146,3092,1998,1,280,,Active,,,https://www.redfin.com/IL/Chicago/3422-S-Prairie-Ave-60616/home/183903636,MRED as Distributed by MLS Grid,12434061,N,Y,41.832141,-87.62092
MLS Listing,,Single Family Residential,7609 W Gunnison St,Harwood Heights,IL,60706,389990,3,2.0,Harwood Heights,1300,4360,1962,1,300,,Active,,,https://www.redfin.com/IL/Norridge/7609-W-Gunnison-St-60706/home/13554653,MRED as Distributed by MLS Grid,12434066,N,Y,41.9678933,-87.8174591
MLS Listing,,Condo/Co-op,6430 W Belle Plaine Ave #202,Chicago,IL,60634,319000,2,2.0,CHI - Dunning,1200,,1989,1,266,309,Active,,,https://www.redfin.com/IL/Chicago/6430-W-Belle-Plaine-Ave-60634/unit-202/home/13471870,MRED as Distributed by MLS Grid,12434059,N,Y,41.9553568,-87.7877849
MLS Listing,,Single Family Residential,7707 S Ridgeland Ave,Chicago,IL,60649,299000,4,2.0,CHI - South Shore,2446,,1917,1,122,,Active,August-2-2025 12:00 PM,August-2-2025 03:00 PM,https://www.redfin.com/IL/Chicago/7707-S-Ridgeland-Ave-60649/home/13924019,MRED as Distributed by MLS Grid,12433008,N,Y,41.7548837,-87.5818979
MLS Listing,,Single Family Residential,7629 S Green St,Chicago,IL,60620,249900,4,1.5,CHI - Auburn Gresham,2400,,1913,1,104,,Active,,,https://www.redfin.com/IL/Chicago/7629-S-Green-St-60620/home/13913551,MRED as Distributed by MLS Grid,12434056,N,Y,41.7552014,-87.6451345
MLS Listing,,Multi-Family (2-4 Unit),2137 W Chicago Ave W,Chicago,IL,60622,1099000,8,9.0,Ukrainian Village,,3125,1924,1,,,Active,,,https://www.redfin.com/IL/Chicago/2137-W-Chicago-Ave-60622/home/14106067,MRED as Distributed by MLS Grid,12433866,N,Y,41.8956428,-87.6809806
MLS Listing,,Single Family Residential,9800 S Drexel Ave,Chicago,IL,60628,135000,2,1.0,CHI - Pullman,800,3125,1943,1,169,,Active,,,https://www.redfin.com/IL/Chicago/9800-S-Drexel-Ave-60628/home/13088060,MRED as Distributed by MLS Grid,12434027,N,Y,41.7165304,-87.6020926
MLS Listing,,Condo/Co-op,1500 N Orleans St Unit 3W,Chicago,IL,60610,319000,1,1.0,CHI - Near North Side,1000,,,1,319,300,Active,August-2-2025 12:00 AM,August-2-2025 11:59 PM,https://www.redfin.com/IL/Chicago/1500-N-Orleans-St-60610/unit-3W/home/12769374,MRED as Distributed by MLS Grid,12433585,N,Y,41.9094314,-87.6378787
MLS Listing,,Single Family Residential,2431 N New England Ave,Chicago,IL,60707,235000,2,1.0,CHI - Montclare,731,,1918,1,321,,Active,August-2-2025 01:00 PM,August-2-2025 03:00 PM,https://www.redfin.com/IL/Chicago/2431-N-New-England-Ave-60707/home/13432702,MRED as Distributed by MLS Grid,12433575,N,Y,41.9245985,-87.7974487
MLS Listing,,Vacant Land,6823-29 S State St,Chicago,IL,60637,37000,,,CHI - Woodlawn,,13503,,1,,,Active,,,https://www.redfin.com/IL/Chicago/6823-S-State-St-60637/home/146334411,MRED as Distributed by MLS Grid,12433502,N,Y,41.770266,-87.624578
MLS Listing,,Multi-Family (2-4 Unit),4952 W Augusta Blvd,Chicago,IL,60651,529999,7,1.0,CHI - Austin,,3750,1930,1,,,Active,,,https://www.redfin.com/IL/Chicago/4952-W-Augusta-Blvd-60651/home/13278257,MRED as Distributed by MLS Grid,12434022,N,Y,41.8988207,-87.7504665
MLS Listing,,Condo/Co-op,8015 O'connor Dr Unit 4B,River Grove,IL,60171,163000,1,1.0,River Grove,950,,1975,1,172,225,Active,,,https://www.redfin.com/IL/River-Grove/8015-Oconnor-Dr-60171/unit-4B/home/13535990,MRED as Distributed by MLS Grid,12433077,N,Y,41.9341345,-87.827026
MLS Listing,,Single Family Residential,3622 N Avers Ave,Chicago,IL,60618,549000,4,1.5,CHI - Irving Park,,5700,1918,1,,,Active,August-2-2025 09:00 AM,August-2-2025 11:00 PM,https://www.redfin.com/IL/Chicago/3622-N-Avers-Ave-60618/home/13456405,MRED as Distributed by MLS Grid,12434014,N,Y,41.9471618,-87.7241046
MLS Listing,,Townhouse,6120 W 65th St #5,Chicago,IL,60638,329900,3,2.5,CHI - Clearing,1913,1300,2007,1,172,125,Active,August-3-2025 12:00 PM,August-3-2025 02:00 PM,https://www.redfin.com/IL/Chicago/6120-W-65th-St-60638/unit-5/home/12619745,MRED as Distributed by MLS Grid,12433853,N,Y,41.7744496,-87.7746527
MLS Listing,,Condo/Co-op,811 S Lytle St #612,Chicago,IL,60607,389000,2,2.0,Columbus on the Park,,,1918,1,,799,Active,August-3-2025 11:30 AM,August-3-2025 01:00 PM,https://www.redfin.com/IL/Chicago/811-S-Lytle-St-60607/unit-612/home/12762903,MRED as Distributed by MLS Grid,12432913,N,Y,41.8715385,-87.6575469
MLS Listing,,Condo/Co-op,7754 W Higgins Rd Unit J,Chicago,IL,60631,319900,2,1.5,CHI - Norwood Park,964,,1964,1,332,,Active,,,https://www.redfin.com/IL/Chicago/7754-W-Higgins-Rd-60631/unit-J/home/13565624,MRED as Distributed by MLS Grid,12433954,N,Y,41.984432,-87.8214818
MLS Listing,,Condo/Co-op,4133 N Kenmore Ave Unit 1E,Chicago,IL,60613,750000,3,2.5,CHI - Uptown,1900,,2020,1,395,198,Active,August-2-2025 11:00 AM,August-2-2025 01:00 PM,https://www.redfin.com/IL/Chicago/4133-N-Kenmore-Ave-60613/unit-1E/home/185568790,MRED as Distributed by MLS Grid,12433993,N,Y,41.9575559,-87.655997
MLS Listing,,Condo/Co-op,525 W Hawthorne Pl #2905,Chicago,IL,60657,299000,1,1.0,CHI - Lake View,,,1968,1,,867,Active,,,https://www.redfin.com/IL/Chicago/525-W-Hawthorne-Pl-60657/unit-2905/home/39948049,MRED as Distributed by MLS Grid,12433697,N,Y,41.9442213,-87.642196
MLS Listing,,Other,1409-11 W Lunt Ave,Chicago,IL,60626,1279000,,,CHI - Rogers Park,3754,2720,1913,1,341,,Active,,,https://www.redfin.com/IL/Chicago/1409-W-Lunt-Ave-60626/home/13569094,MRED as Distributed by MLS Grid,12433139,N,Y,42.0089837,-87.6663239
MLS Listing,,Condo/Co-op,1925 N Damen Ave #1,Chicago,IL,60647,774900,4,3.0,CHI - Logan Square,2700,,1998,1,287,170,Active,August-2-2025 02:00 PM,August-2-2025 04:00 PM,https://www.redfin.com/IL/Chicago/1925-N-Damen-Ave-60647/unit-1/home/12792332,MRED as Distributed by MLS Grid,12433980,N,Y,41.9167224,-87.6772836
MLS Listing,,Single Family Residential,11706 S Artesian Ave,Chicago,IL,60655,280000,3,2.5,CHI - Morgan Park,1299,5375,1955,1,216,,Active,August-2-2025 01:00 PM,August-2-2025 03:00 PM,https://www.redfin.com/IL/Chicago/11706-S-Artesian-Ave-60655/home/13132332,MRED as Distributed by MLS Grid,12433844,N,Y,41.680638,-87.6822502
MLS Listing,,Condo/Co-op,2065 N Kedzie Ave #112,Chicago,IL,60647,500000,3,2.5,CHI - Logan Square,1425,,2007,1,351,429,Active,August-2-2025 01:30 PM,August-2-2025 03:00 PM,https://www.redfin.com/IL/Chicago/2065-N-Kedzie-Ave-60647/unit-112/home/26806450,MRED as Distributed by MLS Grid,12433895,N,Y,41.9192969,-87.7067971
MLS Listing,,Other,11114 S Kedzie Ave,Chicago,IL,60655,699900,,,CHI - Mount Greenwood,6600,11430,1959,1,106,,Active,,,https://www.redfin.com/IL/Chicago/11114-S-Kedzie-Ave-60655/home/194361639,MRED as Distributed by MLS Grid,12433921,N,Y,41.6911266,-87.7009761
MLS Listing,,Multi-Family (2-4 Unit),1111 N Monticello Ave,Chicago,IL,60651,525000,8,3.0,CHI - Humboldt Park,,3750,,1,,,Active,,,https://www.redfin.com/IL/Chicago/1111-N-Monticello-Ave-60651/home/13286320,MRED as Distributed by MLS Grid,12433805,N,Y,41.9013522,-87.7174637
MLS Listing,,Single Family Residential,9129 S Chappel Ave,Chicago,IL,60617,225000,4,2.0,Pill Hill Valley,1500,4125,1945,1,150,,Active,,,https://www.redfin.com/IL/Chicago/9129-S-Chappel-Ave-60617/home/13114154,MRED as Distributed by MLS Grid,12433747,N,Y,41.7289634,-87.5741382
MLS Listing,,Multi-Family (2-4 Unit),1505 W Hollywood Ave,Chicago,IL,60660,1050000,6,3.0,CHI - Edgewater,,4080,1911,1,,,Active,August-3-2025 11:00 AM,August-3-2025 01:00 PM,https://www.redfin.com/IL/Chicago/1505-W-Hollywood-Ave-60660/home/13409551,MRED as Distributed by MLS Grid,12429584,N,Y,41.9852105,-87.6677923
MLS Listing,,Condo/Co-op,2022 W 111th St Unit 1S,Chicago,IL,60643,150000,2,2.0,CHI - Morgan Park,900,,1970,1,167,497,Active,,,https://www.redfin.com/IL/Chicago/2022-W-111th-St-60643/unit-1S/home/188186037,MRED as Distributed by MLS Grid,12418761,N,Y,41.6922367,-87.6728717
MLS Listing,,Single Family Residential,9756 S Eggleston Ave,Chicago,IL,60628,299900,4,2.0,CHI - Washington Heights,2200,4810,1969,1,136,,Active,August-2-2025 12:00 PM,August-2-2025 02:00 PM,https://www.redfin.com/IL/Chicago/9756-S-Eggleston-Ave-60628/home/13093492,MRED as Distributed by MLS Grid,12431520,N,Y,41.7162572,-87.6341345
MLS Listing,,Single Family Residential,1715 W 91st Pl,Chicago,IL,60620,369900,5,3.0,CHI - Washington Heights,1800,4216,1930,1,206,,Active,,,https://www.redfin.com/IL/Chicago/1715-W-91st-Pl-60620/home/13100480,MRED as Distributed by MLS Grid,12433849,N,Y,41.7272979,-87.6659458
MLS Listing,,Condo/Co-op,5555 N Sheridan Rd #507,Chicago,IL,60640,375000,3,2.5,CHI - Edgewater,1900,,1929,1,197,2521,Active,,,https://www.redfin.com/IL/Chicago/5555-N-Sheridan-Rd-60640/unit-507/home/28846378,MRED as Distributed by MLS Grid,12433869,N,Y,41.983333,-87.6546058
MLS Listing,,Single Family Residential,8416 S Bennett Ave,Chicago,IL,60617,325000,4,3.0,CHI - Avalon Park,2162,4173,1947,1,150,,Active,,,https://www.redfin.com/IL/Chicago/8416-S-Bennett-Ave-60617/home/13219177,MRED as Distributed by MLS Grid,12433535,N,Y,41.7419344,-87.578505
MLS Listing,,Condo/Co-op,1531 W Fry St #2,Chicago,IL,60642,499900,2,2.0,CHI - West Town,,,2007,1,,130,Active,,,https://www.redfin.com/IL/Chicago/1531-W-Fry-St-60642/unit-2/home/26812449,MRED as Distributed by MLS Grid,12427854,N,Y,41.8967707,-87.6661308
MLS Listing,,Condo/Co-op,2544 W North Ave Unit 3D,Chicago,IL,60647,499000,2,2.0,CHI - West Town,1250,,1997,1,399,284,Active,August-2-2025 10:00 AM,August-2-2025 12:00 PM,https://www.redfin.com/IL/Chicago/2544-W-North-Ave-60647/unit-3D/home/12744285,MRED as Distributed by MLS Grid,12433867,N,Y,41.910518,-87.6915709
MLS Listing,,Condo/Co-op,655 W Irving Park Rd #4417,Chicago,IL,60613,214900,1,1.0,CHI - Lake View,850,,1973,1,253,956,Active,August-2-2025 10:00 AM,August-2-2025 11:30 AM,https://www.redfin.com/IL/Chicago/655-W-Irving-Park-Rd-60613/unit-4417/home/12667671,MRED as Distributed by MLS Grid,12433839,N,Y,41.953863,-87.646928
MLS Listing,,Condo/Co-op,1255 S State St #1010,Chicago,IL,60605,270000,1,1.0,Vision on State,880,,2007,1,307,834,Active,,,https://www.redfin.com/IL/Chicago/1255-S-State-St-60605/unit-1010/home/26795712,MRED as Distributed by MLS Grid,12417286,N,Y,41.8661707,-87.6267747
MLS Listing,,Condo/Co-op,1614 W Rascher Ave Unit 1E,Chicago,IL,60640,389000,2,1.0,CHI - Edgewater,,,1908,1,,358,Active,August-2-2025 12:00 PM,August-2-2025 02:00 PM,https://www.redfin.com/IL/Chicago/1614-W-Rascher-Ave-60640/unit-1E/home/12774779,MRED as Distributed by MLS Grid,12375469,N,Y,41.980994,-87.670435
MLS Listing,,Condo/Co-op,758 N Larrabee St #830,Chicago,IL,60654,330000,2,1.0,CHI - Near North Side,,,1928,1,,628,Active,August-2-2025 11:30 AM,August-2-2025 01:00 PM,https://www.redfin.com/IL/Chicago/758-N-Larrabee-St-60654/unit-830/home/12697104,MRED as Distributed by MLS Grid,12411674,N,Y,41.895943,-87.6436993
MLS Listing,,Single Family Residential,1514 W Superior St,Chicago,IL,60642,1795000,5,4.5,CHI - West Town,3660,3075,2025,1,490,,Active,August-2-2025 11:00 AM,August-2-2025 01:00 PM,https://www.redfin.com/IL/Chicago/1514-W-Superior-St-60642/home/195116644,MRED as Distributed by MLS Grid,12433804,N,Y,41.8953829,-87.6662964
MLS Listing,,Multi-Family (2-4 Unit),8132 S Marshfield Ave,Chicago,IL,60620,374900,6,4.0,CHI - Auburn Gresham,,3484,1925,1,,,Active,,,https://www.redfin.com/IL/Chicago/8132-S-Marshfield-Ave-60620/home/183981475,MRED as Distributed by MLS Grid,12433827,N,Y,41.7456516,-87.6648074
MLS Listing,,Single Family Residential,1511 N Monitor Ave,Chicago,IL,60651,499000,6,2.5,CHI - Austin,3850,1089,1921,1,130,,Active,,,https://www.redfin.com/IL/Chicago/1511-N-Monitor-Ave-60651/home/13276750,MRED as Distributed by MLS Grid,12433825,N,Y,41.9078883,-87.7717142
MLS Listing,,Multi-Family (2-4 Unit),8151 S Bennett Ave,Chicago,IL,60617,250000,9,3.0,CHI - South Chicago,,5500,1916,1,,,Active,,,https://www.redfin.com/IL/Chicago/8151-S-Bennett-Ave-60617/home/13221384,MRED as Distributed by MLS Grid,12432874,N,Y,41.7464495,-87.5780624
MLS Listing,,Condo/Co-op,910 S Michigan Ave #1111,Chicago,IL,60605,425000,2,2.0,CHI - Loop,1795,,1911,1,237,990,Active,,,https://www.redfin.com/IL/Chicago/910-S-Michigan-Ave-60605/unit-1111/home/12646687,MRED as Distributed by MLS Grid,12402506,N,Y,41.8701636,-87.6248468
MLS Listing,,Condo/Co-op,7061 N Kedzie Ave #1008,Chicago,IL,60645,249900,3,2.0,CHI - West Ridge,2000,,1968,1,125,967,Active,,,https://www.redfin.com/IL/Chicago/7061-N-Kedzie-Ave-60645/unit-1008/home/13586177,MRED as Distributed by MLS Grid,12433716,N,Y,42.009185,-87.706705
MLS Listing,,Condo/Co-op,366 W Superior St #702,Chicago,IL,60654,1679999,3,3.0,CHI - Near North Side,2320,,2020,1,724,1497,Active,August-2-2025 11:00 AM,August-2-2025 12:30 PM,https://www.redfin.com/IL/Chicago/366-W-Superior-St-60654/unit-702/home/145122320,MRED as Distributed by MLS Grid,12433794,N,Y,41.895818,-87.6383393
MLS Listing,,Multi-Family (2-4 Unit),1520 N Campbell Ave,Chicago,IL,60622,799000,4,3.0,CHI - West Town,,3125,1890,1,,,Active,,,https://www.redfin.com/IL/Chicago/1520-N-Campbell-Ave-60622/home/191715478,MRED as Distributed by MLS Grid,12433788,N,Y,41.9091294,-87.6899138
MLS Listing,,Single Family Residential,9043 S Ada St,Chicago,IL,60620,155000,3,1.0,CHI - Washington Heights,1351,3125,1925,1,115,,Active,,,https://www.redfin.com/IL/Chicago/9043-S-Ada-St-60620/home/13105087,MRED as Distributed by MLS Grid,12418908,N,Y,41.7291294,-87.6564947
MLS Listing,,Single Family Residential,2110 N Mobile Ave,Chicago,IL,60639,240000,1,1.0,CHI - Belmont Cragin,400,5623,1924,1,600,,Active,,,https://www.redfin.com/IL/Chicago/2110-N-Mobile-Ave-60639/home/13430041,MRED as Distributed by MLS Grid,12433791,N,Y,41.9186469,-87.7831747
MLS Listing,,Single Family Residential,8533 S Rhodes Ave,Chicago,IL,60619,101900,3,1.0,CHI - Chatham,801,,1923,1,127,,Active,,,https://www.redfin.com/IL/Chicago/8533-S-Rhodes-Ave-60619/home/13223571,MRED as Distributed by MLS Grid,12433673,N,Y,41.7391987,-87.6110131
MLS Listing,,Condo/Co-op,401 E Ontario St #4006,Chicago,IL,60611,590000,3,2.0,CHI - Near North Side,1850,,1990,1,319,1692,Active,,,https://www.redfin.com/IL/Chicago/401-E-Ontario-St-60611/unit-4006/home/12764871,MRED as Distributed by MLS Grid,12433784,N,Y,41.893211,-87.616401
MLS Listing,,Multi-Family (2-4 Unit),2841 S Trumbull Ave,Chicago,IL,60623,290000,4,3.0,CHI - South Lawndale,,,1893,1,,,Active,August-2-2025 12:00 PM,August-2-2025 02:00 PM,https://www.redfin.com/IL/Chicago/2841-S-Trumbull-Ave-60623/home/14147480,MRED as Distributed by MLS Grid,12433781,N,Y,41.8395784,-87.7106518
MLS Listing,,Vacant Land,6008 S Princeton Ave,Chicago,IL,60621,59000,,,CHI - Englewood,,3125,,1,,,Active,,,https://www.redfin.com/IL/Chicago/6008-S-Princeton-Ave-60621/home/147729234,MRED as Distributed by MLS Grid,12433663,N,Y,41.7850206,-87.6329563
MLS Listing,,Condo/Co-op,110 W Superior St #1703,Chicago,IL,60654,650000,2,2.0,CHI - Near North Side,1404,,2009,1,463,1094,Active,,,https://www.redfin.com/IL/Chicago/110-W-Superior-St-60654/unit-1703/home/45508022,MRED as Distributed by MLS Grid,12433758,N,Y,41.8957437,-87.6319326
MLS Listing,,Single Family Residential,3926 N Greenview Ave,Chicago,IL,60613,2000000,6,7.0,CHI - Lake View,5486,4125,2009,1,365,,Active,,,https://www.redfin.com/IL/Chicago/3926-N-Greenview-Ave-60613/home/13385069,MRED as Distributed by MLS Grid,12433766,N,Y,41.9532813,-87.6677692
MLS Listing,,Condo/Co-op,860 W Blackhawk St #1807,Chicago,IL,60642,749995,2,2.0,CHI - Near North Side,1436,,2009,1,522,1145,Active,August-2-2025 02:00 PM,August-2-2025 03:30 PM,https://www.redfin.com/IL/Chicago/860-W-Blackhawk-St-60642/unit-1807/home/40378730,MRED as Distributed by MLS Grid,12431875,N,Y,41.9087505,-87.6506311
MLS Listing,,Single Family Residential,5314 S Harding Ave,Chicago,IL,60632,329900,3,1.5,CHI - West Elsdon,988,3125,1965,1,334,,Active,August-3-2025 12:00 PM,August-3-2025 03:00 PM,https://www.redfin.com/IL/Chicago/5314-S-Harding-Ave-60632/home/14019139,MRED as Distributed by MLS Grid,12424828,N,Y,41.7963787,-87.7223123
MLS Listing,,Multi-Family (5+ Unit),3538 W Grenshaw St,Chicago,IL,60624,650000,12,6.0,CHI - North Lawndale,,3900,1915,1,,,Active,,,https://www.redfin.com/IL/Chicago/3538-W-Grenshaw-St-60624/home/13255630,MRED as Distributed by MLS Grid,12431890,N,Y,41.8675136,-87.7145474
MLS Listing,,Single Family Residential,7704 S Wood St,Chicago,IL,60620,289900,4,2.0,CHI - Auburn Gresham,2200,3750,1952,1,132,,Active,,,https://www.redfin.com/IL/Chicago/7704-S-Wood-St-60620/home/13909482,MRED as Distributed by MLS Grid,12433662,N,Y,41.7537299,-87.668673
MLS Listing,,Condo/Co-op,2627 W Thomas St #1,Chicago,IL,60622,699000,4,3.0,CHI - West Town,2500,,2015,1,280,220,Active,August-2-2025 11:00 AM,August-2-2025 01:00 PM,https://www.redfin.com/IL/Chicago/2627-W-Thomas-St-60622/unit-1/home/167611546,MRED as Distributed by MLS Grid,12426183,N,Y,41.900955,-87.6929899
MLS Listing,,Condo/Co-op,7633 N Greenview Ave Unit 3W,Chicago,IL,60626,285000,3,2.0,CHI - Rogers Park,,,1919,1,,416,Active,,,https://www.redfin.com/IL/Chicago/7633-N-Greenview-Ave-60626/unit-3W/home/12590163,MRED as Distributed by MLS Grid,12433700,N,Y,42.020369,-87.667847
MLS Listing,,Condo/Co-op,7071 W Touhy Ave #307,Niles,IL,60714,230000,1,1.0,Renaissance,933,,1999,1,247,249,Active,,,https://www.redfin.com/IL/Niles/7071-W-Touhy-Ave-60714/unit-307/home/12777982,MRED as Distributed by MLS Grid,12430093,N,Y,42.0101006,-87.8048417
MLS Listing,,Condo/Co-op,8 W Monroe St #407,Chicago,IL,60603,220000,1,1.5,CHI - Loop,1098,,1912,1,200,835,Active,,,https://www.redfin.com/IL/Chicago/8-W-Monroe-St-60603/unit-407/home/26817056,MRED as Distributed by MLS Grid,12432942,N,Y,41.8808954,-87.6281906
MLS Listing,,Condo/Co-op,900 W Dakin St #1,Chicago,IL,60613,475000,3,2.0,CHI - Lake View,1293,,,1,367,378,Active,August-3-2025 11:00 AM,August-3-2025 01:00 PM,https://www.redfin.com/IL/Chicago/900-W-Dakin-St-60613/unit-1/home/12651986,MRED as Distributed by MLS Grid,12419683,N,Y,41.9537767,-87.6522554
MLS Listing,,Condo/Co-op,7061 W Touhy Ave #502,Niles,IL,60714,335000,2,1.0,Renaissance,1263,,2000,1,265,367,Active,,,https://www.redfin.com/IL/Niles/7061-W-Touhy-Ave-60714/unit-502/home/12747309,MRED as Distributed by MLS Grid,12433672,N,Y,42.0096185,-87.804115
