SALE TYPE,SOLD DATE,PROPERTY TYPE,ADDRESS,CITY,STATE OR PROVINCE,ZIP OR POSTAL CODE,PRICE,BEDS,BATHS,LOCATION,SQUARE FEET,LOT SIZE,YEAR BUILT,DAYS ON MARKET,$/SQUARE FEET,HOA/MONTH,STATUS,NEXT OPEN HOUSE START TIME,NEXT OPEN HOUSE END TIME,URL (SEE https://www.redfin.com/buy-a-home/comparative-market-analysis FOR INFO ON PRICING),SOURCE,MLS#,FAVORITE,INTERESTED,LATITUDE,LONGITUDE
"In accordance with local MLS rules, some MLS listings are not included in the download"
MLS Listing,,Single Family Residential,481 Dominican Dr,Lexington,KY,40511,159900,3,1.0,St Martin Village,925,6753,1965,1,173,,Active,,,https://www.redfin.com/KY/Lexington/481-Dominican-Dr-40511/home/95656770,LBARMLS,25016881,N,Y,38.0719636,-84.5128448
MLS Listing,,Townhouse,1883 Bridgestone Dr,Lexington,KY,40511,289000,2,2.5,Griffin Gate,1288,2365,1988,1,224,,Active,,,https://www.redfin.com/KY/Lexington/1883-Bridgestone-Dr-40511/home/109455564,LBARMLS,25016876,N,Y,38.0917318,-84.4823152
MLS Listing,,Single Family Residential,3996 Lochmere Loop,Lexington,KY,40509,669000,5,2.5,Enclave at Chilesburg,3449,6808,2014,1,194,,Active,,,https://www.redfin.com/KY/Lexington/3996-Lochmere-Loop-40509/home/95667974,LBARMLS,25016869,N,Y,37.993059,-84.4059382
MLS Listing,,Single Family Residential,2240 Valencia Dr,Lexington,KY,40513,450000,3,3.5,Palomar,2265,3924,1994,1,199,,Active,,,https://www.redfin.com/KY/Lexington/2240-Valencia-Dr-40513/home/95713455,LBARMLS,25016859,N,Y,38.0075818,-84.5753293
MLS Listing,,Single Family Residential,637 Stratford Dr,Lexington,KY,40503,326000,3,2.0,Southland,1360,7187,1952,1,240,,Active,August-3-2025 01:00 PM,August-3-2025 03:00 PM,https://www.redfin.com/KY/Lexington/637-Stratford-Dr-40503/home/110726991,LBARMLS,25016856,N,Y,38.0198715,-84.536839
MLS Listing,,Single Family Residential,3900 Dana Ct,Lexington,KY,40514,385000,4,2.0,Wyndham Hills,1848,24642,1987,1,208,,Active,August-2-2025 01:00 PM,August-2-2025 03:00 PM,https://www.redfin.com/KY/Lexington/3900-Dana-Ct-40514/home/95681302,LBARMLS,25016812,N,Y,37.9729167,-84.5566813
MLS Listing,,Single Family Residential,3457 Royal Wood Rd,Lexington,KY,40515,265900,3,1.5,Century Hill,1102,8067,1983,1,241,,Active,,,https://www.redfin.com/KY/Lexington/3457-Royal-Wood-Rd-40515/home/110460763,LBARMLS,25016853,N,Y,37.9759199,-84.4544902
MLS Listing,,Single Family Residential,1635 Silver Pheasant Cir,Lexington,KY,40511,500000,3,2.5,Griffin Gate,2449,6534,1987,1,204,,Active,,,https://www.redfin.com/KY/Lexington/1635-Silver-Pheasant-Cir-40511/home/110457739,LBARMLS,25016851,N,Y,38.0890526,-84.4866925
MLS Listing,,Single Family Residential,3663 Bay Springs Park,Lexington,KY,40509,445000,4,2.5,Bryant Oak Place,2365,6599,2019,1,188,,Active,,,https://www.redfin.com/KY/Lexington/3663-Bay-Springs-Park-40509/home/160503322,LBARMLS,25016850,N,Y,38.0158816,-84.3855594
MLS Listing,,Single Family Residential,501 Southwind Ter,Lexington,KY,40517,294700,3,2.5,Walden Grove,1854,12576,1979,1,159,,Active,,,https://www.redfin.com/KY/Lexington/501-Southwind-Ter-40517/home/98915848,LBARMLS,25016756,N,Y,37.9775288,-84.5042617
MLS Listing,,Single Family Residential,1084 Grimball Trce,Lexington,KY,40509,519000,5,3.0,Summerfield,2725,6077,2017,1,190,,Active,August-3-2025 02:00 PM,August-3-2025 04:00 PM,https://www.redfin.com/KY/Lexington/1084-Grimball-Trce-40509/home/103939935,LBARMLS,25016825,N,Y,38.0370657,-84.442173
MLS Listing,,Single Family Residential,4413 Riverside Ct,Lexington,KY,40515,595000,5,3.0,Southpoint,3300,8712,2002,1,180,,Active,,,https://www.redfin.com/KY/Lexington/4413-Riverside-Ct-40515/home/110406271,LBARMLS,25016297,N,Y,37.9649379,-84.5253719
MLS Listing,,Single Family Residential,1984 Brynell Dr,Lexington,KY,40505,234900,3,1.0,Deep Springs,1950,33106,1963,1,120,,Active,August-2-2025 12:00 PM,August-2-2025 02:00 PM,https://www.redfin.com/KY/Lexington/1984-Brynell-Dr-40505/home/110635623,LBARMLS,25016617,N,Y,38.0614053,-84.4418254
MLS Listing,,Single Family Residential,3761 Wargrave Walk,Lexington,KY,40509,374900,3,2.5,Creekside At Andover,1956,1956,2004,1,192,,Active,,,https://www.redfin.com/KY/Lexington/3761-Wargrave-Walk-40509/home/110689529,LBARMLS,25016663,N,Y,37.9977021,-84.3949886
MLS Listing,,Single Family Residential,965 Fredericksburg Rd,Lexington,KY,40504,349900,4,2.0,Gardenside,2160,13369,1957,1,162,,Active,August-3-2025 02:00 PM,August-3-2025 04:00 PM,https://www.redfin.com/KY/Lexington/965-Fredericksburg-Rd-40504/home/110549950,LBARMLS,25016738,N,Y,38.0339441,-84.5466993
MLS Listing,,Single Family Residential,2556 Maggie Cv,Lexington,KY,40511,325000,3,2.0,Masterson Station,1792,5401,2001,1,181,,Active,August-3-2025 02:00 PM,August-3-2025 04:00 PM,https://www.redfin.com/KY/Lexington/2556-Maggie-Cv-40511/home/95756539,LBARMLS,25016837,N,Y,38.0871181,-84.5424744
MLS Listing,,Single Family Residential,1519 Gaidry Rd,Lexington,KY,40505,300000,3,2.5,Eastland,2463,14876,1973,1,122,,Active,,,https://www.redfin.com/KY/Lexington/1519-Gaidry-Rd-40505/home/110584887,LBARMLS,25016699,N,Y,38.0459943,-84.44783
MLS Listing,,Single Family Residential,605 Skyview Ln,Lexington,KY,40511,313000,3,2.0,Masterson Station,1488,4761,2006,1,210,,Active,,,https://www.redfin.com/KY/Lexington/605-Skyview-Ln-40511/home/95680528,LBARMLS,25016836,N,Y,38.0977852,-84.53596
MLS Listing,,Single Family Residential,3364 Lawson Ln,Lexington,KY,40509,479900,4,2.5,Brighton East,2680,8080,2014,1,179,,Active,August-3-2025 01:00 PM,August-3-2025 03:00 PM,https://www.redfin.com/KY/Lexington/3364-Lawson-Ln-40509/home/95728774,LBARMLS,25016829,N,Y,38.0059615,-84.4103527
MLS Listing,,Single Family Residential,688 Kingston Rd,Lexington,KY,40505,300000,4,1.5,Thoroughbred Acres,1950,9017,1962,1,154,,Active,,,https://www.redfin.com/KY/Lexington/688-Kingston-Rd-40505/home/110394525,LBARMLS,25016824,N,Y,38.090386,-84.4528612
MLS Listing,,Multi-Family (2-4 Unit),220 222 Desha Rd,Lexington,KY,40502,765000,4,2.0,Ashland Park,3200,7902,1929,1,239,,Active,,,https://www.redfin.com/KY/Lexington/220-Desha-Rd-40502/home/183968344,LBARMLS,25016823,N,Y,38.0311761,-84.4848842
MLS Listing,,Condo/Co-op,342 Waller Ave Unit 4F,Lexington,KY,40504,149000,2,1.5,Waller Place,872,,1969,1,171,,Active,,,https://www.redfin.com/KY/Lexington/342-Waller-Ave-40504/unit-4F/home/105620382,LBARMLS,25016820,N,Y,38.0292202,-84.5176721
MLS Listing,,Single Family Residential,1612 Royal Wood Ct,Lexington,KY,40515,234900,2,1.0,Century Hill,972,2486,1982,1,242,,Active,,,https://www.redfin.com/KY/Lexington/1612-Royal-Wood-Ct-40515/home/110524686,LBARMLS,25016817,N,Y,37.9754234,-84.4567089
MLS Listing,,Condo/Co-op,1064 Armstrong Mill Rd Unit C,Lexington,KY,40517,153500,2,2.0,Fox and Hnd,962,,1971,1,160,,Active,,,https://www.redfin.com/KY/Lexington/1064-Armstrong-Mill-Rd-40517/unit-C/home/95661853,LBARMLS,25016811,N,Y,37.981631,-84.4927525
MLS Listing,,Single Family Residential,4772 Rhema Way Way,Lexington,KY,40514,495000,4,2.5,Dogwood Trace,2700,19602,1989,1,183,,Active,,,https://www.redfin.com/KY/Lexington/4772-Rhema-Way-40514/home/110399313,LBARMLS,25016802,N,Y,37.9892127,-84.5825341
MLS Listing,,Single Family Residential,3509 Trails End,Lexington,KY,40517,295000,3,2.0,Walden Grove,1380,7575,1983,1,214,,Active,,,https://www.redfin.com/KY/Lexington/3509-Trails-End-40517/home/95661289,LBARMLS,25016796,N,Y,37.979841,-84.5033518
MLS Listing,,Condo/Co-op,342 Waller Ave Unit 4B,Lexington,KY,40504,139000,1,1.0,Waller Place,600,,1969,1,232,,Active,,,https://www.redfin.com/KY/Lexington/342-Waller-Ave-40504/unit-4B/home/110577233,LBARMLS,25016791,N,Y,38.0292202,-84.5176721
MLS Listing,,Townhouse,3665 Amick Way,Lexington,KY,40509,369900,3,2.5,Forest Hill,1875,4025,1997,1,197,,Active,August-3-2025 02:00 PM,August-3-2025 04:00 PM,https://www.redfin.com/KY/Lexington/3665-Amick-Way-40509/home/110667436,LBARMLS,25016781,N,Y,37.9987611,-84.4095488
MLS Listing,,Single Family Residential,3546 Niagara Dr,Lexington,KY,40517,240000,3,1.0,River Park,1277,7597,1973,1,188,,Active,August-3-2025 02:00 PM,August-3-2025 04:00 PM,https://www.redfin.com/KY/Lexington/3546-Niagara-Dr-40517/home/110602677,LBARMLS,25016780,N,Y,37.9667353,-84.4797814
MLS Listing,,Single Family Residential,2045 Blairmore Rd,Lexington,KY,40502,859000,3,2.5,Lakeview,2396,15725,1969,1,359,,Active,,,https://www.redfin.com/KY/Lexington/2045-Blairmore-Rd-40502/home/110394663,LBARMLS,25016436,N,Y,38.0142996,-84.4754936
MLS Listing,,Single Family Residential,565 Rosemill Dr,Lexington,KY,40503,319500,3,1.0,Southland,1511,9148,1947,1,211,,Active,,,https://www.redfin.com/KY/Lexington/565-Rosemill-Dr-40503/home/95663075,LBARMLS,25016367,N,Y,38.020629,-84.529967
MLS Listing,,Single Family Residential,2028 Bellefonte Dr,Lexington,KY,40503,575000,4,2.0,Zandale,2379,15625,1957,1,242,,Active,,,https://www.redfin.com/KY/Lexington/2028-Bellefonte-Dr-40503/home/95663313,LBARMLS,25016579,N,Y,38.0030011,-84.5074351
MLS Listing,,Townhouse,3540 Laredo Dr,Lexington,KY,40517,215000,2,1.5,Gatewood,1048,2178,1982,1,205,,Active,August-3-2025 02:00 PM,August-3-2025 04:00 PM,https://www.redfin.com/KY/Lexington/3540-Laredo-Dr-40517/home/110553305,LBARMLS,25016358,N,Y,37.9840504,-84.5074198
MLS Listing,,Single Family Residential,3382 Tisdale Dr,Lexington,KY,40503,374900,3,3.0,Robinwood,2172,13739,1974,2,173,,Active,,,https://www.redfin.com/KY/Lexington/3382-Tisdale-Dr-40503/home/110501283,LBARMLS,25016615,N,Y,37.9890142,-84.5484665
MLS Listing,,Single Family Residential,2480 Coroneo Ln,Lexington,KY,40509,799000,4,3.5,Tuscany,3748,6599,2006,2,213,,Active,,,https://www.redfin.com/KY/Lexington/2480-Coroneo-Ln-40509/home/110541241,LBARMLS,25016703,N,Y,38.03531,-84.42602
MLS Listing,,Single Family Residential,618 North Broadway,Lexington,KY,40508,635000,5,2.5,Elsmere Park,3700,9300,1886,2,172,,Active,,,https://www.redfin.com/KY/Lexington/618-N-Broadway-40508/home/110787614,LBARMLS,25016692,N,Y,38.0567016,-84.4883218
MLS Listing,,Single Family Residential,2325 Cravat Pass,Lexington,KY,40511,625000,4,3.5,Sanders Garden,3472,11761,2019,2,180,,Active,,,https://www.redfin.com/KY/Lexington/2325-Cravat-Pass-40511/home/146110006,LBARMLS,25016690,N,Y,38.0923426,-84.5263805
MLS Listing,,Single Family Residential,4120 Amberwood Ct,Lexington,KY,40513,639900,5,3.5,Palomar,3976,20682,1994,2,161,,Active,,,https://www.redfin.com/KY/Lexington/4120-Amberwood-Ct-40513/home/95673895,LBARMLS,25016688,N,Y,38.0032468,-84.5836034
MLS Listing,,Single Family Residential,4140 Buttermilk Rd,Lexington,KY,40509,490000,3,2.0,The Home Place,1800,6377,2025,2,272,,Active,,,https://www.redfin.com/KY/Lexington/4140-Buttermilk-Rd-40509/home/196694741,LBARMLS,25016689,N,Y,38.0093335,-84.3922417
MLS Listing,,Condo/Co-op,101 South Hanover Ave Unit 4D,Lexington,KY,40502,199000,1,1.0,Ashland Park,805,,1964,2,247,,Active,,,https://www.redfin.com/KY/Lexington/101-S-Hanover-Ave-40502/unit-4D/home/110410963,LBARMLS,25016666,N,Y,38.0341741,-84.4840824
MLS Listing,,Single Family Residential,2812 Red Clover Ln,Lexington,KY,40511,324900,4,2.5,Garden Meadows,1650,4400,2018,2,197,,Active,,,https://www.redfin.com/KY/Lexington/2812-Red-Clover-Ln-40511/home/110541554,LBARMLS,25016665,N,Y,38.1031109,-84.5295626
MLS Listing,,Single Family Residential,907 Jairus Dr,Lexington,KY,40515,299900,3,2.0,Fairhaven,1161,7405,1986,3,258,,Active,August-3-2025 02:00 PM,August-3-2025 04:00 PM,https://www.redfin.com/KY/Lexington/907-Jairus-Dr-40515/home/110677510,LBARMLS,25016496,N,Y,37.9592717,-84.4930257
MLS Listing,,Single Family Residential,4051 Boone Creek Rd,Lexington,KY,40509,460000,4,2.5,Chilesburg,2515,7405,2003,3,183,,Active,,,https://www.redfin.com/KY/Lexington/4051-Boone-Creek-Rd-40509/home/95677009,LBARMLS,25016649,N,Y,37.9941706,-84.3980179
MLS Listing,,Single Family Residential,106 Woodford Dr,Lexington,KY,40504,200000,2,1.0,Westgate,1320,8880,1930,3,152,,Active,,,https://www.redfin.com/KY/Lexington/106-Woodford-Dr-40504/home/110463275,LBARMLS,25016643,N,Y,38.050098,-84.5317227
MLS Listing,,Single Family Residential,320 Silver Creek Way,Lexington,KY,40511,295000,3,2.5,Masterson Station,1344,5227,2000,3,219,,Active,August-3-2025 02:00 PM,August-3-2025 04:00 PM,https://www.redfin.com/KY/Lexington/320-Silver-Creek-Way-40511/home/95675131,LBARMLS,25016636,N,Y,38.0899016,-84.54162
MLS Listing,,Single Family Residential,3940 Morning Glory Ln,Lexington,KY,40509,480000,4,2.5,The Home Place,2494,5436,2019,3,192,,Active,,,https://www.redfin.com/KY/Lexington/3940-Morning-Glory-Ln-40509/home/164883687,LBARMLS,25016621,N,Y,38.0075121,-84.3965344
MLS Listing,,Single Family Residential,2076 Coriander Ln,Lexington,KY,40505,300000,3,2.5,Bluegrass Wilkes,2062,4400,2002,3,145,,Active,,,https://www.redfin.com/KY/Lexington/2076-Coriander-Ln-40505/home/110470940,LBARMLS,25016610,N,Y,38.0476514,-84.4282192
MLS Listing,,Condo/Co-op,121 North Martin Luther King Blvd #401,Lexington,KY,40508,270000,1,1.5,Downtown,862,,2007,3,313,,Active,,,https://www.redfin.com/KY/Lexington/121-N-Martin-Luther-King-Blvd-40507/unit-401/home/110697403,LBARMLS,25016598,N,Y,38.0455508,-84.494892
MLS Listing,,Single Family Residential,701 Kenova Trce,Lexington,KY,40511,345000,3,2.5,Masterson Station,1854,5184,2003,3,186,,Active,,,https://www.redfin.com/KY/Lexington/701-Kenova-Trce-40511/home/110394345,LBARMLS,25016603,N,Y,38.0960681,-84.5370532
MLS Listing,,Single Family Residential,3768 Niagara Dr,Lexington,KY,40517,219900,3,1.0,River Park,1135,7501,1980,3,194,,Active,August-3-2025 02:00 PM,August-3-2025 04:00 PM,https://www.redfin.com/KY/Lexington/3768-Niagara-Dr-40517/home/110577223,LBARMLS,25016580,N,Y,37.9663244,-84.4810715
MLS Listing,,Single Family Residential,897 Fiddler Creek Way,Lexington,KY,40515,579000,4,3.5,Pinnacle,3432,9100,2004,3,169,,Active,,,https://www.redfin.com/KY/Lexington/897-Fiddler-Creek-Way-40515/home/110476323,LBARMLS,25015455,N,Y,37.9606196,-84.5035528
MLS Listing,,Single Family Residential,2024 St Teresa Dr,Lexington,KY,40502,250000,3,1.0,Idle Hour,1553,5367,1958,3,161,,Active,,,https://www.redfin.com/KY/Lexington/2024-Saint-Teresa-Dr-40502/home/110787678,LBARMLS,25009937,N,Y,38.0254995,-84.4592854
MLS Listing,,Single Family Residential,317 Ross Ave,Lexington,KY,40508,273500,3,1.0,Downtown,980,3006,1909,3,279,,Active,,,https://www.redfin.com/KY/Lexington/317-Ross-Ave-40508/home/110746513,LBARMLS,25016462,N,Y,38.0548874,-84.4977929
MLS Listing,,Single Family Residential,3753 Ridgeview Way,Lexington,KY,40509,699000,4,3.5,Andover Hills,4452,7253,2004,4,157,,Active,,,https://www.redfin.com/KY/Lexington/3753-Ridge-View-Way-40509/home/95665812,LBARMLS,25016530,N,Y,37.9906309,-84.4145163
MLS Listing,,Single Family Residential,404 Henry Clay Blvd,Lexington,KY,40502,467500,2,2.0,Fairway,1496,8398,1951,4,313,,Active,,,https://www.redfin.com/KY/Lexington/404-Henry-Clay-Blvd-40502/home/110482717,LBARMLS,25016517,N,Y,38.032645,-84.4700802
MLS Listing,,Single Family Residential,2165 Rutledge Ave,Lexington,KY,40509,495000,4,2.5,Summerfield,2596,6939,2019,4,191,,Active,,,https://www.redfin.com/KY/Lexington/2165-Rutledge-Ave-40509/home/167921150,LBARMLS,25016511,N,Y,38.0351921,-84.4364725
MLS Listing,,Single Family Residential,217 Owsley Ave,Lexington,KY,40502,724900,4,3.5,Kenwick,2624,6852,1918,4,276,,Active,,,https://www.redfin.com/KY/Lexington/217-Owsley-Ave-40502/home/95665093,LBARMLS,25016501,N,Y,38.0348692,-84.4762849
MLS Listing,,Single Family Residential,732 Pioneer Ln,Lexington,KY,40505,309000,3,2.0,Henry Clay,1420,3241,2004,4,218,,Active,,,https://www.redfin.com/KY/Lexington/732-Pioneer-Ln-40505/home/95689423,LBARMLS,25016499,N,Y,38.0404926,-84.4649399
MLS Listing,,Townhouse,1359 Gray Hawk Rd,Lexington,KY,40502,347500,3,3.5,Lans-Shadeland-E,2592,4339,1987,4,134,,Active,,,https://www.redfin.com/KY/Lexington/1359-Gray-Hawk-Rd-40502/home/110396675,LBARMLS,25016474,N,Y,38.0076278,-84.4882601
MLS Listing,,Single Family Residential,101 Bluegrass Ave,Lexington,KY,40505,175000,2,1.0,Highlawn,876,3746,1900,4,200,,Active,,,https://www.redfin.com/KY/Lexington/101-Blue-Grass-Ave-40505/home/196266098,LBARMLS,25016456,N,Y,38.062311,-84.4734605
MLS Listing,,Single Family Residential,1288 Maywood Park,Lexington,KY,40517,399900,3,2.5,Gainesway,3014,20025,1970,5,133,,Active,August-3-2025 02:00 PM,August-3-2025 04:00 PM,https://www.redfin.com/KY/Lexington/1288-Maywood-Park-40517/home/110746322,LBARMLS,25016431,N,Y,37.9890602,-84.4751356
MLS Listing,,Single Family Residential,4533 Biltmore Pl,Lexington,KY,40515,700000,4,3.5,Pinnacle,5104,9196,2015,5,137,,Active,,,https://www.redfin.com/KY/Lexington/4533-Biltmore-Pl-40515/home/95702939,LBARMLS,25016429,N,Y,37.957723,-84.5147802
MLS Listing,,Multi-Family (2-4 Unit),711 West Maxwell St,Lexington,KY,40508,499900,4,2.0,Downtown,,5077,1952,5,,,Active,,,https://www.redfin.com/KY/Lexington/711-W-Maxwell-St-40508/home/187931571,LBARMLS,25016426,N,Y,38.0489105,-84.5071946
MLS Listing,,Townhouse,353 Furlong View Ct,Lexington,KY,40511,237500,2,2.5,Masterson Station,1324,2156,2000,6,179,,Active,,,https://www.redfin.com/KY/Lexington/353-Furlong-View-Ct-40511/home/95681300,LBARMLS,25016393,N,Y,38.0925349,-84.5442099
MLS Listing,,Single Family Residential,888 Edgewood Dr,Lexington,KY,40515,360000,3,2.0,Ashmoor,1533,8721,1986,6,235,,Active,,,https://www.redfin.com/KY/Lexington/888-Edgewood-Dr-40515/home/95663972,LBARMLS,25016373,N,Y,37.9500905,-84.4945556
MLS Listing,,Single Family Residential,3853 Real Quiet Ln,Lexington,KY,40509,1491000,5,4.5,WALNUT GROVE ESTATES,4737,12196,2009,6,315,133,Active,,,https://www.redfin.com/KY/Lexington/3853-Real-Quiet-Ln-40509/home/95665207,Metro Search MLS,1693414,N,Y,38.0103888,-84.3828721
MLS Listing,,Single Family Residential,252 Cochran Rd,Lexington,KY,40502,999500,4,3.0,Chevy Chase,2808,7500,1938,7,356,,Active,August-2-2025 01:00 PM,August-2-2025 03:00 PM,https://www.redfin.com/KY/Lexington/252-Cochran-Rd-40502/home/110610541,LBARMLS,25016362,N,Y,38.0255276,-84.4881752
MLS Listing,,Single Family Residential,1108 Shagbark Ln,Lexington,KY,40515,297000,4,2.5,Tanbark,3000,12898,1993,7,99,,Active,,,https://www.redfin.com/KY/Lexington/1108-Shagbark-Ln-40515/home/110498400,LBARMLS,25016352,N,Y,37.9656467,-84.4943713
MLS Listing,,Single Family Residential,2536 Rockaway Pl,Lexington,KY,40511,299900,3,2.5,Masterson Station,1656,4265,2009,7,181,,Active,,,https://www.redfin.com/KY/Lexington/2536-Rockaway-Pl-40511/home/110479130,LBARMLS,25016349,N,Y,38.0988357,-84.537212
MLS Listing,,Single Family Residential,325 Larkwood Dr,Lexington,KY,40509,209400,4,1.0,Woodhill,1385,6599,1971,7,151,,Active,,,https://www.redfin.com/KY/Lexington/325-Larkwood-Dr-40509/home/110755682,LBARMLS,25016345,N,Y,38.0157144,-84.4471764
MLS Listing,,Single Family Residential,117 Patchen Dr,Nicholasville,KY,40356,359900,3,,West Place,,8276,2025,7,,,Active,,,https://www.redfin.com/KY/Nicholasville/117-Patchen-DR-40356/home/196615084,LBARMLS,25016337,N,Y,38.008099,-84.455683
MLS Listing,,Single Family Residential,1381 Corona Dr,Lexington,KY,40514,530000,4,2.5,Copperfield,2151,2151,1991,7,246,,Active,,,https://www.redfin.com/KY/Lexington/1381-Corona-Dr-40514/home/110618088,LBARMLS,25016320,N,Y,37.9821523,-84.5694064
MLS Listing,,Multi-Family (2-4 Unit),1100-1102 Tates Creek Rd,Lexington,KY,40502,599900,6,2.0,Hollywood,2900,11583,1923,7,207,,Active,,,https://www.redfin.com/KY/Lexington/1100-1102-Tates-Creek-Rd-40502/home/196613356,LBARMLS,25016311,N,Y,38.025493,-84.491364
MLS Listing,,Single Family Residential,2060 Glade Ln,Lexington,KY,40513,319000,2,2.0,Palomar Glade,1137,4622,1993,7,281,,Active,,,https://www.redfin.com/KY/Lexington/2060-Glade-Ln-40513/home/110721825,LBARMLS,25016307,N,Y,38.0034331,-84.5757248
MLS Listing,,Single Family Residential,524 Shelby St,Lexington,KY,40505,200000,3,1.0,Downtown,1344,9300,1904,7,149,,Active,,,https://www.redfin.com/KY/Lexington/524-Shelby-St-40505/home/95662831,LBARMLS,25016278,N,Y,38.0497913,-84.4755422
MLS Listing,,Single Family Residential,517 Huntersknoll Pl,Lexington,KY,40509,430000,4,2.5,Andover Hills,2585,8817,1997,7,166,,Active,,,https://www.redfin.com/KY/Lexington/517-Huntersknoll-Pl-40509/home/110492714,LBARMLS,25016270,N,Y,38.0011408,-84.4186828
MLS Listing,,Single Family Residential,813 Bellerive Blvd,Nicholasville,KY,40356,875000,4,4.0,Turner Trace,2451,11761,2025,7,357,,Active,,,https://www.redfin.com/KY/Nicholasville/813-Bellerive-Blvd-40356/home/185307421,LBARMLS,25016256,N,Y,37.9801811,-84.5786948
MLS Listing,,Single Family Residential,4412 Spears Rd,Lexington,KY,40515,659000,5,3.0,Rural,3540,130680,1965,7,186,,Active,,,https://www.redfin.com/KY/Lexington/4412-Spears-Rd-40515/home/162634197,LBARMLS,25016253,N,Y,37.8874504,-84.4243206
MLS Listing,,Single Family Residential,1857 Rachels Run,Lexington,KY,40509,489900,4,3.5,Bryant Oak Place,2860,5801,2018,7,171,,Active,August-2-2025 01:00 PM,August-2-2025 03:00 PM,https://www.redfin.com/KY/Lexington/1857-Rachels-Run-40509/home/111199519,LBARMLS,25015930,N,Y,38.0218356,-84.393135
MLS Listing,,Townhouse,1364 Gray Hawk Rd,Lexington,KY,40502,339000,2,2.5,Lans-Shadeland-E,1472,3629,1989,7,230,,Active,,,https://www.redfin.com/KY/Lexington/1364-Gray-Hawk-Rd-40502/home/110507621,LBARMLS,25015210,N,Y,38.0073264,-84.4880686
MLS Listing,,Single Family Residential,408 Bradford Colony Dr,Lexington,KY,40515,265000,2,2.0,Bradford Colony,1251,3903,1989,7,212,,Active,August-3-2025 01:00 PM,August-3-2025 03:00 PM,https://www.redfin.com/KY/Lexington/408-Bradford-Colony-Dr-40515/home/95657033,LBARMLS,25016209,N,Y,37.9715324,-84.5213677
MLS Listing,,Multi-Family (2-4 Unit),3617-3619 Appian Way,Lexington,KY,40517,315000,4,3.0,Melody Village,1920,13160,1978,8,164,,Active,,,https://www.redfin.com/KY/Lexington/3617-Appian-Way-40517/home/110564137,LBARMLS,25016222,N,Y,37.9779001,-84.4877362
MLS Listing,,Single Family Residential,1665 Liberty Rd,Lexington,KY,40505,199000,2,1.0,Henry Clay,840,7114,1948,8,237,,Active,,,https://www.redfin.com/KY/Lexington/1665-Liberty-Rd-40505/home/110411390,LBARMLS,25016211,N,Y,38.0367735,-84.4625864
MLS Listing,,Townhouse,668 Forest Hill Dr,Lexington,KY,40509,375000,3,2.5,Forest Hill,1821,7841,1997,8,206,,Active,August-3-2025 02:00 PM,August-3-2025 04:00 PM,https://www.redfin.com/KY/Lexington/668-Forest-Hill-Dr-40509/home/95664788,LBARMLS,25016201,N,Y,37.9990049,-84.4105531
MLS Listing,,Single Family Residential,2004 Ontario Pl,Lexington,KY,40509,663074,4,3.5,Belhurst,3547,8612,2025,8,187,,Active,,,https://www.redfin.com/KY/Lexington/2004-Ontario-Pl-40509/home/194064803,LBARMLS,25016189,N,Y,38.0307868,-84.3998186
MLS Listing,,Single Family Residential,2208 Rawlings Ct,Lexington,KY,40509,350000,4,2.5,Eastwood,1699,4722,2000,8,206,,Active,,,https://www.redfin.com/KY/Lexington/2208-Rawlings-Ct-40509/home/105595960,LBARMLS,25016180,N,Y,38.0287252,-84.4447853
MLS Listing,,Single Family Residential,463 West Sixth St,Lexington,KY,40508,570000,3,2.0,Downtown,2237,7305,1910,8,255,,Active,,,https://www.redfin.com/KY/Lexington/463-W-Sixth-St-40508/home/110787685,LBARMLS,25016168,N,Y,38.0590227,-84.4915447
MLS Listing,,Single Family Residential,795 Longwood Rd,Lexington,KY,40503,700000,4,3.0,Stonewall,4094,19209,1978,8,171,,Active,,,https://www.redfin.com/KY/Lexington/795-Longwood-Rd-40503/home/100815728,LBARMLS,25016147,N,Y,37.9946914,-84.5667051
MLS Listing,,Single Family Residential,4008 Creekwater Cir,Lexington,KY,40515,543000,5,4.5,Waterford,3736,10890,1994,8,145,,Active,,,https://www.redfin.com/KY/Lexington/4008-Creekwater-Cir-40515/home/109646038,LBARMLS,25016139,N,Y,37.966136,-84.5079352
MLS Listing,,Single Family Residential,590 Ashley Way,Lexington,KY,40503,310000,3,1.5,Ridgeview Estates,1377,7902,1981,8,225,,Active,,,https://www.redfin.com/KY/Lexington/590-Ashley-Way-40503/home/110597268,LBARMLS,25016137,N,Y,38.009533,-84.5391737
MLS Listing,,Single Family Residential,401 Coventry Ct,Lexington,KY,40503,400000,3,2.0,Open Gates,1503,25805,1964,8,266,,Active,,,https://www.redfin.com/KY/Lexington/401-Coventry-Ct-40503/home/110681583,LBARMLS,25016118,N,Y,38.0030966,-84.537222
MLS Listing,,Single Family Residential,1016 Jane St,Lexington,KY,40508,144000,3,1.0,Downtown,1058,4901,1995,9,136,,Active,,,https://www.redfin.com/KY/Lexington/1016-Jane-St-40508/home/110610556,LBARMLS,25016110,N,Y,38.0512559,-84.5142516
MLS Listing,,Single Family Residential,2113 St Teresa Dr,Lexington,KY,40502,314900,3,1.0,Idle Hour,1400,5401,1957,9,225,,Active,,,https://www.redfin.com/KY/Lexington/2113-Saint-Teresa-Dr-40502/home/110573607,LBARMLS,25016106,N,Y,38.02254,-84.4576602
MLS Listing,,Single Family Residential,3540 Harper Woods Ln,Lexington,KY,40515,720000,4,3.5,Harper Woods,3101,8276,2025,9,232,,Active,August-24-2025 02:00 PM,August-24-2025 04:00 PM,https://www.redfin.com/KY/Lexington/3540-Harper-Woods-Ln-40515/home/176081098,LBARMLS,25016109,N,Y,37.9671336,-84.4659617
MLS Listing,,Single Family Residential,208 Shell Ct,Lexington,KY,40511,335000,3,2.5,Citation Village,1606,7405,2012,9,209,,Active,August-3-2025 01:00 PM,August-3-2025 03:00 PM,https://www.redfin.com/KY/Lexington/208-Shell-Ct-40511/home/95669561,LBARMLS,25016104,N,Y,38.0855565,-84.5465917
MLS Listing,,Single Family Residential,453 Speigle St,Lexington,KY,40508,265000,2,1.0,Downtown,900,3600,2025,9,294,,Active,,,https://www.redfin.com/KY/Lexington/453-Speigle-St-40508/home/110396722,LBARMLS,25016067,N,Y,38.0521583,-84.5148975
MLS Listing,,Single Family Residential,838 East Seventh St,Lexington,KY,40505,165000,4,1.0,Lex Manor,1705,7501,1924,9,97,,Active,August-13-2025 11:00 AM,August-13-2025 02:00 PM,https://www.redfin.com/KY/Lexington/838-E-Seventh-St-40505/home/110424118,LBARMLS,25016063,N,Y,38.0431644,-84.4709472
MLS Listing,,Single Family Residential,663 Shropshire Ave,Lexington,KY,40508,189000,3,1.0,Downtown,1045,2927,1910,9,181,,Active,,,https://www.redfin.com/KY/Lexington/663-Shropshire-Ave-40508/home/101768435,LBARMLS,25016058,N,Y,38.0494127,-84.4781961
MLS Listing,,Single Family Residential,545 Thurman Dr,Lexington,KY,40505,250000,3,1.0,Radcliffe,1148,11252,1957,9,218,,Active,,,https://www.redfin.com/KY/Lexington/545-Thurman-Dr-40505/home/95757147,LBARMLS,25016025,N,Y,38.0767461,-84.4680328
MLS Listing,,Single Family Residential,854 Spyglass Ln,Lexington,KY,40509,425000,3,2.0,Walnut Ridge,1665,8032,1991,9,255,,Active,August-2-2025 01:00 PM,August-2-2025 03:00 PM,https://www.redfin.com/KY/Lexington/854-Spyglass-Ln-40509/home/95661770,LBARMLS,25016049,N,Y,37.9948564,-84.4029762
MLS Listing,,Single Family Residential,1405 Wescott Cir,Lexington,KY,40509,599900,5,3.0,Summerfield,2481,8525,2021,9,242,,Active,,,https://www.redfin.com/KY/Lexington/1405-Wescott-Cir-40509/home/174295633,LBARMLS,25016046,N,Y,38.0335321,-84.4388081
MLS Listing,,Single Family Residential,2988 Sandersville Rd,Lexington,KY,40511,320000,5,2.5,Masterson Station,1998,7802,2003,10,160,,Active,,,https://www.redfin.com/KY/Lexington/2988-Sandersville-Rd-40511/home/95666907,LBARMLS,25015996,N,Y,38.1019608,-84.5393556
MLS Listing,,Single Family Residential,1943 Natchez Trl,Lexington,KY,40504,349900,3,1.5,Gardenside,1960,10594,1957,10,179,,Active,,,https://www.redfin.com/KY/Lexington/1943-Natchez-Trl-40504/home/110528905,LBARMLS,25015994,N,Y,38.0332802,-84.5445842
MLS Listing,,Single Family Residential,2208 Terranova Ct,Lexington,KY,40513,1650000,5,4.5,Beaumont Reserve,8763,17507,2004,10,188,,Active,,,https://www.redfin.com/KY/Lexington/2208-Terranova-Ct-40513/home/95668501,LBARMLS,25015976,N,Y,38.0256037,-84.5731826
MLS Listing,,Single Family Residential,3441 Laredo Dr #38,Lexington,KY,40517,270000,3,2.5,Orchard,1642,3731,1988,10,164,,Active,,,https://www.redfin.com/KY/Lexington/3441-Laredo-Dr-40517/unit-38/home/110741404,LBARMLS,25015974,N,Y,37.9870517,-84.5079155
MLS Listing,,Single Family Residential,451 Bradley Ct,Lexington,KY,40508,133000,2,1.0,Douglas Heights,784,30013,1930,10,170,,Active,,,https://www.redfin.com/KY/Lexington/451-Bradley-Ct-40508/home/95659379,LBARMLS,25015961,N,Y,38.0688965,-84.5055825
MLS Listing,,Single Family Residential,1724 Gleneagles Dr,Lexington,KY,40505,267000,3,2.0,Rookwood,1434,7802,1963,10,186,,Active,,,https://www.redfin.com/KY/Lexington/1724-Gleneagles-Dr-40505/home/95669764,LBARMLS,25015959,N,Y,38.0601686,-84.4586263
MLS Listing,,Single Family Residential,550 Ohio St,Lexington,KY,40508,127000,2,1.0,Downtown,948,6059,1900,10,134,,Active,,,https://www.redfin.com/KY/Lexington/550-Ohio-St-40508/home/95749456,LBARMLS,25015953,N,Y,38.0495117,-84.4827231
MLS Listing,,Single Family Residential,731 Dakota St,Lexington,KY,40508,265000,3,1.0,Arbor,1250,4622,1910,10,212,,Active,,,https://www.redfin.com/KY/Lexington/731-Dakota-St-40508/home/110765440,LBARMLS,25015952,N,Y,38.0579075,-84.4855275
MLS Listing,,Condo/Co-op,505 West Main St #501,Lexington,KY,40507,2299000,3,3.0,Downtown,2876,,2014,10,799,,Active,,,https://www.redfin.com/KY/Lexington/505-W-Main-St-40507/unit-501/home/95667127,LBARMLS,25015926,N,Y,38.0499272,-84.5007541
MLS Listing,,Single Family Residential,1693 Atoma Dr,Lexington,KY,40511,279500,3,2.5,Konner Woods,1467,4744,2005,11,191,,Active,,,https://www.redfin.com/KY/Lexington/1693-Atoma-Dr-40511/home/101319488,LBARMLS,25015890,N,Y,38.0856718,-84.5133344
MLS Listing,,Single Family Residential,1406 Highlawn Ave,Lexington,KY,40505,325000,4,3.0,Highlawn,1400,10200,2025,11,232,,Active,,,https://www.redfin.com/KY/Lexington/1406-Highlawn-Ave-40505/home/110541350,LBARMLS,25015884,N,Y,38.0602995,-84.4706477
MLS Listing,,Single Family Residential,557 Pasadena Dr,Lexington,KY,40503,995000,5,4.5,Pasadena Woods,3000,13939,2025,11,332,,Active,,,https://www.redfin.com/KY/Lexington/557-Pasadena-Dr-40503/home/95646188,LBARMLS,25015881,N,Y,38.011703,-84.5362859
MLS Listing,,Single Family Residential,243 Preston Ave,Lexington,KY,40502,889000,4,3.5,Kenwick,2022,7500,2025,11,440,,Active,,,https://www.redfin.com/KY/Lexington/243-Preston-Ave-40502/home/110482938,LBARMLS,25015878,N,Y,38.0338231,-84.4746424
MLS Listing,,Single Family Residential,2408 Prescott Ln,Lexington,KY,40511,294900,3,2.0,Belmont Farms,1222,6098,2003,11,241,,Active,,,https://www.redfin.com/KY/Lexington/2408-Prescott-Ln-40511/home/95681320,LBARMLS,25015855,N,Y,38.0934404,-84.505714
MLS Listing,,Single Family Residential,2637 Trailwood Ln,Lexington,KY,40511,289000,3,2.0,Marehaven,1240,4792,2001,11,233,,Active,,,https://www.redfin.com/KY/Lexington/2637-Trailwood-Ln-40511/home/110491039,LBARMLS,25015847,N,Y,38.0787622,-84.5494652
MLS Listing,,Single Family Residential,3229 Toll Gate Rd,Lexington,KY,40509,497500,5,3.5,The Home Place,3711,5371,2010,11,134,,Active,August-3-2025 01:00 PM,August-3-2025 03:00 PM,https://www.redfin.com/KY/Lexington/3229-Toll-Gate-Rd-40509/home/95662837,LBARMLS,25015836,N,Y,38.0170843,-84.397395
MLS Listing,,Single Family Residential,219 Irvine Rd,Lexington,KY,40502,735000,4,2.5,Ashland Park,2699,9000,1921,11,272,,Active,,,https://www.redfin.com/KY/Lexington/219-Irvine-Rd-40502/home/110543990,LBARMLS,25015837,N,Y,38.0311442,-84.4837715
MLS Listing,,Single Family Residential,4712 Scenicview Rd,Lexington,KY,40514,600000,5,3.5,Dogwood Trace,3614,13765,1990,11,166,,Active,,,https://www.redfin.com/KY/Lexington/4712-Scenicview-Rd-40514/home/110560649,LBARMLS,25015058,N,Y,37.9880023,-84.5822836
MLS Listing,,Single Family Residential,2156 Carnation Dr,Lexington,KY,40511,515000,4,3.5,Sanders Garden,3281,10019,2020,11,157,,Active,,,https://www.redfin.com/KY/Lexington/2156-Carnation-Dr-40511/home/167024771,LBARMLS,25015237,N,Y,38.0907395,-84.52534
MLS Listing,,Single Family Residential,1069 Squirrel Nest Ln,Lexington,KY,40509,589000,3,2.5,The Home Place,2420,6598,2025,12,243,,Active,,,https://www.redfin.com/KY/Lexington/1069-Squirrel-Nest-Ln-40509/home/189526755,LBARMLS,25015794,N,Y,38.0084636,-84.3950404
MLS Listing,,Single Family Residential,433 East 4th St,Lexington,KY,40508,187000,3,2.0,Downtown,1162,5001,1908,13,161,,Active,,,https://www.redfin.com/KY/Lexington/433-E-Fourth-St-40508/home/110588594,LBARMLS,25015417,N,Y,38.045821,-84.4845932
MLS Listing,,Single Family Residential,212 Old Georgetown St,Lexington,KY,40508,510000,4,2.0,Prestwick,3680,3681,1900,13,139,,Active,,,https://www.redfin.com/KY/Lexington/212-Old-Georgetown-St-40508/home/110603167,LBARMLS,25015415,N,Y,38.0559528,-84.5023503
MLS Listing,,Single Family Residential,1246 Bordeaux Dr,Lexington,KY,40504,240000,4,2.0,Holiday Hills,1246,9100,1965,13,193,,Active,,,https://www.redfin.com/KY/Lexington/1246-Bordeaux-Dr-40504/home/95668891,LBARMLS,25015410,N,Y,38.053144,-84.5550673
MLS Listing,,Single Family Residential,806 Maple Ave,Lexington,KY,40505,248000,3,2.0,Meadows,1500,3454,1930,13,165,,Active,August-3-2025 01:00 PM,August-3-2025 03:00 PM,https://www.redfin.com/KY/Lexington/806-Maple-Ave-40505/home/95655506,LBARMLS,25015779,N,Y,38.05505,-84.4781905
MLS Listing,,Single Family Residential,109 Carrie Ct,Lexington,KY,40515,354900,3,3.0,Southpoint,2180,8668,1975,13,163,,Active,,,https://www.redfin.com/KY/Lexington/109-Carrie-Ct-40515/home/95656452,LBARMLS,25015766,N,Y,37.967311,-84.5330928
MLS Listing,,Single Family Residential,1044 Squirrel Nest Ln,Lexington,KY,40509,525000,4,2.5,The Home Place,2534,13939,2019,13,207,,Active,August-3-2025 02:00 PM,August-3-2025 04:00 PM,https://www.redfin.com/KY/Lexington/1044-Squirrel-Nest-Ln-40509/home/162908568,LBARMLS,25015742,N,Y,38.0075156,-84.394718
MLS Listing,,Condo/Co-op,2121 Nicholasville Rd #410,Lexington,KY,40503,154900,1,1.0,Continental Towers,696,,1965,14,223,,Active,,,https://www.redfin.com/KY/Lexington/2121-Nicholasville-Rd-40503/unit-410/home/95726271,LBARMLS,25015741,N,Y,38.0099308,-84.5186515
MLS Listing,,Single Family Residential,635 North Martin Luther King Blvd,Lexington,KY,40508,225000,3,1.0,Downtown,1035,3403,1992,14,217,,Active,,,https://www.redfin.com/KY/Lexington/635-N-Martin-Luther-King-Blvd-40508/home/110429843,LBARMLS,25015740,N,Y,38.0530474,-84.4834163
MLS Listing,,Single Family Residential,1729 Rosecrans Dr,Lexington,KY,40504,350000,3,1.5,Gardenside,2160,10354,1959,14,162,,Active,,,https://www.redfin.com/KY/Lexington/1729-Rosecrans-Dr-40504/home/110415229,LBARMLS,25015720,N,Y,38.0365024,-84.5369017
MLS Listing,,Single Family Residential,4209 Buttermilk Rd,Lexington,KY,40509,725000,4,2.5,The Home Place,2720,6029,2025,14,267,,Active,,,https://www.redfin.com/KY/Lexington/4209-Buttermilk-Rd-40509/home/194790989,LBARMLS,25015708,N,Y,38.0094677,-84.3917627
MLS Listing,,Single Family Residential,3417 Bay Shoals Dr,Lexington,KY,40515,610046,4,2.5,The Peninsula,2968,7187,2024,14,206,,Active,,,https://www.redfin.com/KY/Lexington/3417-Bay-Shoals-Dr-40515/home/193502872,LBARMLS,25015695,N,Y,37.9877946,-84.4468886
MLS Listing,,Single Family Residential,4109 Meadowlark Rd,Lexington,KY,40509,629900,4,2.5,The Home Place,2550,6151,2025,14,247,,Active,August-3-2025 01:00 PM,August-3-2025 03:00 PM,https://www.redfin.com/KY/Lexington/4109-Meadowlark-Rd-40509/home/195218757,LBARMLS,25015672,N,Y,38.0085045,-84.3922205
MLS Listing,,Single Family Residential,2137 Naples Ln,Lexington,KY,40513,969000,5,4.5,Beaumont Reserve,5405,9148,2002,14,179,,Active,,,https://www.redfin.com/KY/Lexington/2137-Naples-Ln-40513/home/110573657,LBARMLS,25015575,N,Y,38.0301728,-84.5680984
MLS Listing,,Single Family Residential,2745 Kearney Creek Ln,Lexington,KY,40511,426000,4,2.0,Kearney Ridge,2390,7971,2023,14,178,,Active,,,https://www.redfin.com/KY/Lexington/2745-Kearney-Creek-Ln-40511/home/110550257,LBARMLS,25015361,N,Y,38.1072871,-84.5224032
MLS Listing,,Townhouse,2140 Fort Harrods Dr #38,Lexington,KY,40513,330000,3,2.5,Quail Run,1893,,1984,15,174,,Active,August-3-2025 01:00 PM,August-3-2025 03:00 PM,https://www.redfin.com/KY/Lexington/2140-Fort-Harrods-Dr-40513/unit-38/home/110667995,LBARMLS,25015645,N,Y,38.0129646,-84.5695871
MLS Listing,,Single Family Residential,1233 Sherborne Pl,Lexington,KY,40509,575000,3,3.5,Andover Forest,2354,11979,1999,15,244,,Active,,,https://www.redfin.com/KY/Lexington/1233-Sherborne-Pl-40509/home/110657842,LBARMLS,25015618,N,Y,38.0120902,-84.410625
MLS Listing,,Single Family Residential,956 Gregory Way,Lexington,KY,40514,288500,3,1.5,Hidden Springs,1714,7500,1979,15,168,,Active,,,https://www.redfin.com/KY/Lexington/956-Gregory-Way-40514/home/110681752,LBARMLS,25015641,N,Y,37.9757637,-84.5595552
MLS Listing,,Single Family Residential,643 East Loudon Ave,Lexington,KY,40505,319000,3,2.0,Meadows,1202,7501,2025,15,265,,Active,,,https://www.redfin.com/KY/Lexington/643-E-Loudon-Ave-40505/home/110741275,LBARMLS,25015632,N,Y,38.05025,-84.4727448
MLS Listing,,Single Family Residential,3333 Sweet Clover Ln,Lexington,KY,40509,464900,4,2.5,The Home Place,2410,5541,2012,15,193,,Active,August-1-2025 05:30 PM,August-1-2025 07:30 PM,https://www.redfin.com/KY/Lexington/3333-Sweet-Clover-Ln-40509/home/110765678,LBARMLS,25015620,N,Y,38.0120905,-84.4011086
MLS Listing,,Single Family Residential,367 Patchen Dr,Lexington,KY,40517,385900,3,2.0,Patchen,1727,10075,2006,15,223,,Active,,,https://www.redfin.com/KY/Lexington/367-Patchen-Dr-40517/home/110709076,LBARMLS,25015609,N,Y,38.0035631,-84.4557846
MLS Listing,,Single Family Residential,600 Elsmere Park,Lexington,KY,40508,465000,3,1.5,Elsmere Park,2078,5663,1904,15,224,,Active,,,https://www.redfin.com/KY/Lexington/600-Elsmere-Park-40508/home/110429339,LBARMLS,25015606,N,Y,38.0553601,-84.4877782
MLS Listing,,Single Family Residential,1066 Marco Ln,Lexington,KY,40509,474900,4,3.5,Fairways at Andover,2322,5358,2017,15,205,,Active,,,https://www.redfin.com/KY/Lexington/1066-Marco-Ln-40509/home/108978890,LBARMLS,25015593,N,Y,38.0053717,-84.4077626
MLS Listing,,Condo/Co-op,200 West Second St #10,Lexington,KY,40507,235000,2,1.0,Downtown,910,,1939,15,258,,Active,,,https://www.redfin.com/KY/Lexington/200-W-Second-St-40507/unit-10/home/110653734,LBARMLS,25015581,N,Y,38.0490648,-84.4955682
MLS Listing,,Single Family Residential,1032 Vero Ct,Lexington,KY,40509,465000,4,2.5,Brighton East,2389,9601,1993,15,195,,Active,,,https://www.redfin.com/KY/Lexington/1032-Vero-Ct-40509/home/95728704,LBARMLS,25015570,N,Y,38.0032893,-84.4091462
MLS Listing,,Single Family Residential,1229 Leanndra Park,Lexington,KY,40511,386466,4,2.5,Masterson Station,2289,4735,2025,15,169,,Active,,,https://www.redfin.com/KY/Lexington/1229-Leanndra-Park-40511/home/196460218,LBARMLS,25015564,N,Y,38.1039975,-84.5318429
MLS Listing,,Single Family Residential,1233 Leanndra Park,Lexington,KY,40511,387830,4,2.5,Masterson Station,2352,5290,2025,15,165,,Active,,,https://www.redfin.com/KY/Lexington/1233-Leanndra-Park-40511/home/196459741,LBARMLS,25015562,N,Y,38.1039975,-84.5318429
MLS Listing,,Single Family Residential,1225 Leanndra Park,Lexington,KY,40511,363644,4,2.5,Masterson Station,2071,4830,2025,15,176,,Active,,,https://www.redfin.com/KY/Lexington/1225-Leanndra-Park-40511/home/196459740,LBARMLS,25015561,N,Y,38.1039975,-84.5318429
MLS Listing,,Single Family Residential,1213 Leanndra Park,Lexington,KY,40511,359948,4,2.5,Masterson Station,2046,4600,2025,15,176,,Active,,,https://www.redfin.com/KY/Lexington/1213-Leanndra-Park-40511/home/196459739,LBARMLS,25015563,N,Y,38.1039975,-84.5318429
MLS Listing,,Single Family Residential,1221 Leanndra Park,Lexington,KY,40511,378675,4,2.5,Masterson Station,2269,5290,2025,15,167,,Active,,,https://www.redfin.com/KY/Lexington/1221-Leanndra-Park-40511/home/196459729,LBARMLS,25015560,N,Y,38.1039975,-84.5318429
MLS Listing,,Single Family Residential,1217 Leanndra Park,Lexington,KY,40511,365402,4,2.5,Masterson Station,2002,5060,2025,15,183,,Active,,,https://www.redfin.com/KY/Lexington/1217-Leanndra-Park-40511/home/196459728,LBARMLS,25015559,N,Y,38.1039975,-84.5318429
MLS Listing,,Single Family Residential,3708 Weston Ct,Lexington,KY,40515,769900,3,2.5,Ellerslie at Delong,3022,15063,2024,15,255,,Active,August-2-2025 02:00 PM,August-2-2025 04:00 PM,https://www.redfin.com/KY/Lexington/3708-Weston-Ct-40515/home/189526467,LBARMLS,25015556,N,Y,37.9832545,-84.4379948
MLS Listing,,Single Family Residential,1165 Iron Lace Ct,Lexington,KY,40509,389900,4,3.0,Autumn Ridge,1906,5419,1995,15,205,,Active,,,https://www.redfin.com/KY/Lexington/1165-Iron-Lace-Ct-40509/home/110746923,LBARMLS,25015498,N,Y,38.0047968,-84.4047294
MLS Listing,,Single Family Residential,4170 Clearwater Way,Lexington,KY,40515,619900,6,3.5,Pinnacle,4035,12632,1997,16,154,,Active,August-1-2025 04:00 PM,August-1-2025 06:00 PM,https://www.redfin.com/KY/Lexington/4170-Clearwater-Way-40515/home/110768864,LBARMLS,25015530,N,Y,37.9632662,-84.5071148
MLS Listing,,Single Family Residential,900 Andover Woods Ln,Lexington,KY,40509,534500,6,3.5,Forest Hill,3938,10019,1999,16,136,,Active,August-3-2025 01:00 PM,August-3-2025 03:00 PM,https://www.redfin.com/KY/Lexington/900-Andover-Woods-Ln-40509/home/110520540,LBARMLS,25014764,N,Y,38.0020037,-84.4183019
MLS Listing,,Single Family Residential,2032 Saint Michael Dr,Lexington,KY,40502,275000,2,2.0,Idle Hour,1110,6421,1959,16,248,,Active,,,https://www.redfin.com/KY/Lexington/2032-Saint-Michael-Dr-40502/home/110626078,LBARMLS,25015500,N,Y,38.0257312,-84.458366
MLS Listing,,Single Family Residential,4495 Tangle Hurst Ln,Lexington,KY,40515,475000,4,3.0,Pinnacle,2769,10171,1993,16,172,,Active,,,https://www.redfin.com/KY/Lexington/4495-Tangle-Hurst-Ln-40515/home/110635969,LBARMLS,25015476,N,Y,37.9574893,-84.5108995
MLS Listing,,Single Family Residential,3820 Muirfield Pl,Lexington,KY,40509,4900000,3,2.0,Chilesburg,1464,5171,2005,16,3347,,Active,,,https://www.redfin.com/KY/Lexington/3820-Muirfield-Pl-40509/home/110653777,LBARMLS,25015475,N,Y,37.9960706,-84.4035701
MLS Listing,,Single Family Residential,2309 Patton Ct,Lexington,KY,40509,599000,5,3.5,Blackford,3503,9884,2005,17,171,,Active,,,https://www.redfin.com/KY/Lexington/2309-Patton-Ct-40509/home/110783314,LBARMLS,25015248,N,Y,38.0200564,-84.3967019
MLS Listing,,Single Family Residential,1656 Pintail Dr,Lexington,KY,40511,524900,3,2.5,Griffin Gate,2430,6447,1987,17,216,,Active,,,https://www.redfin.com/KY/Lexington/1656-Pintail-Dr-40511/home/110731401,LBARMLS,25015444,N,Y,38.0906823,-84.4854742
MLS Listing,,Single Family Residential,2332 Mulundy Way,Lexington,KY,40511,369900,4,3.0,Glens at Greendale Village,2547,4950,2006,17,145,,Active,,,https://www.redfin.com/KY/Lexington/2332-Mulundy-Way-40511/home/110677569,LBARMLS,25015439,N,Y,38.0961813,-84.5254495
MLS Listing,,Single Family Residential,629 Andover Village Dr,Lexington,KY,40509,482500,3,2.5,Andover Village,2597,5419,1992,17,186,,Active,,,https://www.redfin.com/KY/Lexington/629-Andover-Village-Pl-40509/home/110524191,LBARMLS,25015412,N,Y,38.0005604,-84.4135659
MLS Listing,,Single Family Residential,188 Regency Point Path,Lexington,KY,40502,222500,2,2.0,,1094,,1970,17,203,,Active,,,https://www.redfin.com/KY/Lexington/188-Regency-Point-Path-40503/home/95662513,EKAR,125155,N,Y,38.0011328,-84.52239
MLS Listing,,Multi-Family (5+ Unit),616 Bellaire Ave,Lexington,KY,40508,685000,5,5.5,test1,2529,7880,1919,17,271,,Active,,,https://www.redfin.com/KY/Lexington/616-Bellaire-Ave-40508/home/110716936,LBARMLS,25015420,N,Y,38.0594255,-84.4912233
MLS Listing,,Townhouse,201 Towne Square Park #1106,Lexington,KY,40511,330000,3,2.5,Townley Park,1654,2198,2007,17,200,,Active,,,https://www.redfin.com/KY/Lexington/201-Towne-Square-Park-40511/unit-1106/home/95686439,LBARMLS,25015383,N,Y,38.0660093,-84.5319305
MLS Listing,,Single Family Residential,755 Allendale Dr,Lexington,KY,40503,185000,3,1.0,Skycrest,1260,9100,1952,17,147,,Active,,,https://www.redfin.com/KY/Lexington/755-Allendale-Dr-40503/home/110466448,LBARMLS,25010094,N,Y,38.0284587,-84.5354271
MLS Listing,,Single Family Residential,1288 Greendale Rd,Lexington,KY,40511,414000,4,3.5,Greendale,2928,5246,2022,17,141,,Active,August-2-2025 02:00 PM,August-2-2025 04:00 PM,https://www.redfin.com/KY/Lexington/1288-Greendale-Rd-40511/home/95642525,LBARMLS,25015369,N,Y,38.0976328,-84.5270216
MLS Listing,,Single Family Residential,457 Johnson Ave,Lexington,KY,40508,349000,3,1.0,Downtown,1918,6299,1910,17,182,,Active,,,https://www.redfin.com/KY/Lexington/457-Johnson-Ave-40508/home/110419471,LBARMLS,25015368,N,Y,38.0512987,-84.4885698
MLS Listing,,Single Family Residential,3405 Oak Point Ct,Lexington,KY,40515,359900,4,2.0,Squire Oak,1884,6107,1994,17,191,,Active,,,https://www.redfin.com/KY/Lexington/3405-Oak-Point-Ct-40515/home/95707345,LBARMLS,25015359,N,Y,37.9670053,-84.4581685
MLS Listing,,Single Family Residential,245 Sherman Ave,Lexington,KY,40502,840000,4,3.5,Kenwick,2527,7250,2025,17,332,,Active,August-3-2025 02:00 PM,August-3-2025 04:00 PM,https://www.redfin.com/KY/Lexington/245-Sherman-Ave-40502/home/110708921,LBARMLS,25015350,N,Y,38.0322389,-84.4729988
MLS Listing,,Single Family Residential,286 Hill N Dale Rd,Lexington,KY,40503,597500,3,3.0,Hillndale,2176,12458,1955,17,275,,Active,August-3-2025 02:00 PM,August-3-2025 04:00 PM,https://www.redfin.com/KY/Lexington/286-Hill-N-Dale-Rd-40503/home/110415336,LBARMLS,25015275,N,Y,38.009271,-84.5315366
MLS Listing,,Single Family Residential,3541 Blackwell Pl,Lexington,KY,40509,649500,4,3.5,Bryant Oak Place,4101,6970,2019,18,158,,Active,August-3-2025 02:00 PM,August-3-2025 04:00 PM,https://www.redfin.com/KY/Lexington/3541-Blackwell-Pl-40509/home/145602355,LBARMLS,25015333,N,Y,38.0191622,-84.3901355
MLS Listing,,Single Family Residential,1036 Della Dr,Lexington,KY,40504,360000,3,2.0,Gardenside,1621,21871,1964,18,222,,Active,,,https://www.redfin.com/KY/Lexington/1036-Della-Dr-40504/home/95663256,LBARMLS,25015331,N,Y,38.0406984,-84.5479191
MLS Listing,,Single Family Residential,121 Penmoken Park,Lexington,KY,40503,395000,3,2.0,Penmoken,1596,7501,1925,18,247,,Active,,,https://www.redfin.com/KY/Lexington/121-Penmoken-Park-40503/home/95677915,LBARMLS,25015251,N,Y,38.0169646,-84.5172284
MLS Listing,,Condo/Co-op,355 South Broadway #202,Lexington,KY,40508,400000,2,2.0,Downtown,1434,,1987,18,279,,Active,,,https://www.redfin.com/KY/Lexington/355-S-Broadway-40508/unit-202/home/110557098,LBARMLS,25015246,N,Y,38.0468597,-84.5034971
MLS Listing,,Single Family Residential,1112 Seville Ct,Lexington,KY,40515,419900,4,2.5,Canterfield,2369,8342,1998,19,177,,Active,,,https://www.redfin.com/KY/Lexington/1112-Seville-Ct-40515/home/110582057,LBARMLS,25015220,N,Y,37.9560097,-84.4856856
MLS Listing,,Single Family Residential,1909 Port Royal Ct,Lexington,KY,40504,257000,3,2.0,Gardenside,1255,10890,1960,19,205,,Active,August-3-2025 01:00 PM,August-3-2025 03:00 PM,https://www.redfin.com/KY/Lexington/1909-Port-Royal-Ct-40504/home/95654455,LBARMLS,25014450,N,Y,38.0458369,-84.548407
MLS Listing,,Single Family Residential,1707 Versailles Rd,Lexington,KY,40504,340000,4,3.0,Westgate,1958,19619,1938,19,174,,Active,,,https://www.redfin.com/KY/Lexington/1707-Versailles-Rd-40504/home/95653308,LBARMLS,25015208,N,Y,38.0488389,-84.5349356
MLS Listing,,Condo/Co-op,1081 South Broadway #405,Lexington,KY,40504,214000,3,2.0,Campus View,989,,1999,19,216,,Active,,,https://www.redfin.com/KY/Lexington/1081-S-Broadway-40504/unit-405/home/95656084,LBARMLS,25015206,N,Y,38.0377359,-84.5177047
MLS Listing,,Single Family Residential,3861 Wading Creek Trail Trl,Lexington,KY,40509,464900,3,2.5,Bryant Oak Place,1997,5140,2023,19,233,,Active,,,https://www.redfin.com/KY/Lexington/3861-Wading-Creek-Trl-40509/home/182043081,LBARMLS,25015197,N,Y,38.0115781,-84.3878175
MLS Listing,,Single Family Residential,1164 Taborlake Dr,Lexington,KY,40502,895000,5,4.5,Taborlake,5063,11326,1994,20,177,,Active,,,https://www.redfin.com/KY/Lexington/1164-Taborlake-Dr-40502/home/110768450,LBARMLS,25015173,N,Y,37.9933271,-84.4725833
MLS Listing,,Single Family Residential,4169 Meadowlark Rd,Lexington,KY,40509,529000,4,3.0,The Home Place,2231,5998,2025,20,237,,Active,,,https://www.redfin.com/KY/Lexington/4169-Meadowlark-Rd-40509/home/196376637,LBARMLS,25015171,N,Y,38.0085045,-84.3922205
MLS Listing,,Single Family Residential,1205 Colter,Lexington,KY,40511,338000,3,2.5,Greendale,1843,4813,2007,20,183,,Active,,,https://www.redfin.com/KY/Lexington/1205-Colter-Pass-40511/home/103989389,LBARMLS,25015157,N,Y,38.0977576,-84.5353719
MLS Listing,,Single Family Residential,3154 High Ridge Dr,Lexington,KY,40517,199000,2,1.5,Park Hills,1680,4456,1986,20,118,,Active,,,https://www.redfin.com/KY/Lexington/3154-High-Ridge-Dr-40517/home/95658666,LBARMLS,25012068,N,Y,37.9880435,-84.4610529
MLS Listing,,Single Family Residential,1868 Millbank Rd,Lexington,KY,40511,329900,4,2.5,Brookfield Chase,2009,6970,2007,21,164,,Active,,,https://www.redfin.com/KY/Lexington/1868-Millbank-Rd-40511/home/95687695,LBARMLS,25015131,N,Y,38.0845326,-84.4708934
MLS Listing,,Single Family Residential,1788 Bahama Rd,Lexington,KY,40509,1499900,6,5.0,Greenbrier,7580,51401,1985,21,198,,Active,,,https://www.redfin.com/KY/Lexington/1788-Bahama-Rd-40509/home/110564008,LBARMLS,25015128,N,Y,38.0258414,-84.3787292
MLS Listing,,Single Family Residential,3808 Berry Ridge Cir,Lexington,KY,40514,355000,3,2.5,Wyndham Hills,1744,6970,1990,21,204,,Active,,,https://www.redfin.com/KY/Lexington/3808-Berry-Ridge-Cir-40514/home/110625478,LBARMLS,25015116,N,Y,37.9733573,-84.5513325
MLS Listing,,Single Family Residential,863 Pinkney Dr,Lexington,KY,40504,309900,4,1.5,Pine Meadows,1660,9448,1966,21,187,,Active,,,https://www.redfin.com/KY/Lexington/863-Pinkney-Dr-40504/home/102327163,LBARMLS,25015109,N,Y,38.0435674,-84.5323557
MLS Listing,,Single Family Residential,4141 Meadowlark Rd,Lexington,KY,40509,619000,4,2.5,The Home Place,2603,5998,2025,21,238,,Active,,,https://www.redfin.com/KY/Lexington/4141-Meadowlark-Rd-40509/home/196369928,LBARMLS,25015097,N,Y,38.0085045,-84.3922205
MLS Listing,,Single Family Residential,344 Ridgeway Rd,Lexington,KY,40502,964000,3,2.5,Chevy Chase,3618,9147,1928,21,266,,Active,,,https://www.redfin.com/KY/Lexington/344-Ridgeway-Rd-40502/home/95665594,LBARMLS,25015096,N,Y,38.0229897,-84.4822084
MLS Listing,,Townhouse,100 Tradition Cir,Lexington,KY,40509,499000,4,3.0,The Tradition,3025,6512,2005,21,165,,Active,,,https://www.redfin.com/KY/Lexington/100-Tradition-Cir-40509/home/95672781,LBARMLS,25014790,N,Y,37.983338,-84.4227411
MLS Listing,,Single Family Residential,3668 King Arthur Dr,Lexington,KY,40517,375000,3,2.0,Camelot,1833,8124,1968,21,205,,Active,,,https://www.redfin.com/KY/Lexington/3668-King-Arthur-Dr-40517/home/110444207,LBARMLS,25015068,N,Y,37.980138,-84.50995
MLS Listing,,Condo/Co-op,1048 Armstrong Mill Rd Unit C,Lexington,KY,40517,150000,2,2.0,Fox and Hnd,972,,1971,21,154,,Active,August-3-2025 02:00 PM,August-3-2025 04:00 PM,https://www.redfin.com/KY/Lexington/1048-Armstrong-Mill-Rd-40517/unit-C/home/110664942,LBARMLS,25015056,N,Y,37.981855,-84.4931536
MLS Listing,,Single Family Residential,636 Locust Ave,Lexington,KY,40505,249900,3,1.5,Meadows,918,13068,1952,21,272,,Active,,,https://www.redfin.com/KY/Lexington/636-Locust-Ave-40505/home/110448830,LBARMLS,25015047,N,Y,38.0547896,-84.4682493
MLS Listing,,Single Family Residential,3400 Sanmaur Ct,Lexington,KY,40502,569900,4,3.5,Lans-Merik,3100,14902,1973,21,184,,Active,,,https://www.redfin.com/KY/Lexington/3400-Sanmaur-Ct-40502/home/108902830,LBARMLS,25015043,N,Y,37.9937856,-84.4886423
MLS Listing,,Single Family Residential,636 North Limestone,Lexington,KY,40508,495000,3,3.0,Downtown,1915,4748,2024,21,258,,Active,,,https://www.redfin.com/KY/Lexington/636-N-Limestone-40508/home/110507252,LBARMLS,25015041,N,Y,38.0544965,-84.4850678
MLS Listing,,Single Family Residential,3373 Pimlico Pkwy,Lexington,KY,40517,339900,3,2.5,Gainesway,2292,26180,1972,21,148,,Active,,,https://www.redfin.com/KY/Lexington/3373-Pimlico-Pkwy-40517/home/110434743,LBARMLS,25015040,N,Y,37.9884658,-84.4749944
MLS Listing,,Single Family Residential,114 Westgate Dr,Lexington,KY,40504,369900,3,2.5,Westgate,1485,8999,1947,21,249,,Active,,,https://www.redfin.com/KY/Lexington/114-Westgate-Dr-40504/home/110584493,LBARMLS,25015017,N,Y,38.0493728,-84.5379984
MLS Listing,,Single Family Residential,332 Hays Blvd,Lexington,KY,40509,629000,4,4.0,Stuart Hall,4427,9814,2003,21,142,,Active,August-3-2025 02:00 PM,August-3-2025 04:00 PM,https://www.redfin.com/KY/Lexington/332-Hays-Blvd-40509/home/95660127,LBARMLS,25015014,N,Y,37.9820797,-84.413842
MLS Listing,,Single Family Residential,3108 Navajo Ct,Lexington,KY,40509,535000,3,2.0,Timber Creek,1317,5332,1993,21,406,,Active,,,https://www.redfin.com/KY/Lexington/3108-Navajo-Ct-40509/home/110444268,LBARMLS,25015008,N,Y,38.0151123,-84.4101057
MLS Listing,,Single Family Residential,2008 Twain Ridge Dr,Lexington,KY,40514,375000,3,2.0,Clemens Heights,2040,7841,1984,22,184,,Active,,,https://www.redfin.com/KY/Lexington/2008-Twain-Ridge-Dr-40514/home/95667577,LBARMLS,25014998,N,Y,37.9890069,-84.5780957
MLS Listing,,Single Family Residential,2912 Polo Club Blvd,Lexington,KY,40509,364000,3,2.5,Gleneagles,1780,4639,2004,22,204,,Active,,,https://www.redfin.com/KY/Lexington/2912-Polo-Club-Blvd-40509/home/95658109,LBARMLS,25014988,N,Y,38.0244467,-84.406061
MLS Listing,,Condo/Co-op,145 Virginia Ave #106,Lexington,KY,40508,170000,1,1.0,Campus Downs,456,,1967,22,373,,Active,,,https://www.redfin.com/KY/Lexington/145-Virginia-Ave-40508/unit-106/home/95698746,LBARMLS,25014982,N,Y,38.0354574,-84.5098615
MLS Listing,,Single Family Residential,4212 Canterbury Green Way,Lexington,KY,40514,305000,3,2.0,Wyndham Down,1185,3446,1991,22,257,,Active,,,https://www.redfin.com/KY/Lexington/4212-Canterbury-Green-Way-40514/home/95672282,LBARMLS,25014977,N,Y,37.9881896,-84.5706454
MLS Listing,,Single Family Residential,3476 Grasmere Dr,Lexington,KY,40503,489000,4,2.5,Stonewall,2358,14523,1978,22,207,,Active,,,https://www.redfin.com/KY/Lexington/3476-Grasmere-Dr-40503/home/110501714,LBARMLS,25014949,N,Y,37.9921309,-84.5664088
MLS Listing,,Single Family Residential,452 Pasadena Dr,Lexington,KY,40503,425000,3,2.5,Open Gates,1930,14505,1981,22,220,,Active,,,https://www.redfin.com/KY/Lexington/452-Pasadena-Dr-40503/home/110463598,LBARMLS,25014929,N,Y,38.0086251,-84.5327242
MLS Listing,,Single Family Residential,988 Spring Run Rd,Lexington,KY,40514,385000,3,2.5,Hidden Springs,1952,7405,1979,22,197,,Active,,,https://www.redfin.com/KY/Lexington/988-Spring-Run-Rd-40514/home/110468721,LBARMLS,25014928,N,Y,37.9777554,-84.5555514
MLS Listing,,Single Family Residential,1501 Port Royal Dr,Lexington,KY,40504,310000,3,2.0,Gardenside,1508,10311,1960,22,206,,Active,,,https://www.redfin.com/KY/Lexington/1501-Port-Royal-Dr-40504/home/95665111,LBARMLS,25014924,N,Y,38.0441551,-84.5474947
MLS Listing,,Single Family Residential,2553 Carducci St,Lexington,KY,40509,799900,5,5.0,Tuscany,3447,8207,2014,22,232,,Active,August-3-2025 02:00 PM,August-3-2025 04:00 PM,https://www.redfin.com/KY/Lexington/2553-Carducci-St-40509/home/95644645,LBARMLS,25014922,N,Y,38.0350141,-84.4277612
MLS Listing,,Single Family Residential,400 Lanarkshire Pl,Lexington,KY,40509,432500,4,3.5,Stuart Hall,2670,7022,2009,22,162,,Active,,,https://www.redfin.com/KY/Lexington/400-Lanarkshire-Pl-40509/home/95679948,LBARMLS,25014917,N,Y,37.9819219,-84.4080924
MLS Listing,,Single Family Residential,178 Hays Blvd,Lexington,KY,40509,354900,3,2.5,Walnut Creek,2092,4099,2005,22,170,,Active,,,https://www.redfin.com/KY/Lexington/178-Hays-Blvd-40509/home/95663412,LBARMLS,25014915,N,Y,37.9829171,-84.4188502
MLS Listing,,Single Family Residential,3636 Park Pointe Dr,Lexington,KY,40509,375000,3,2.0,Fairways At Lakeside,1640,5502,1995,22,229,,Active,,,https://www.redfin.com/KY/Lexington/3636-Park-Pointe-Dr-40509/home/110452709,LBARMLS,25014912,N,Y,37.9931782,-84.4333781
MLS Listing,,Single Family Residential,1824 Endon Dr,Lexington,KY,40505,299000,4,2.0,Hi Acres,1621,10542,1959,22,184,,Active,August-3-2025 01:00 PM,August-3-2025 02:00 PM,https://www.redfin.com/KY/Lexington/1824-Endon-Dr-40505/home/110463593,LBARMLS,25014911,N,Y,38.0559928,-84.4454542
MLS Listing,,Single Family Residential,229 Sherman Ave,Lexington,KY,40502,899000,4,3.5,Kenwick,2752,7248,2025,22,327,,Active,,,https://www.redfin.com/KY/Lexington/229-Sherman-Ave-40502/home/110697377,LBARMLS,25014908,N,Y,38.0319022,-84.4735139
MLS Listing,,Single Family Residential,184 Sherman Ave,Lexington,KY,40502,475000,4,2.0,Kenwick,1660,7000,1925,22,286,,Active,,,https://www.redfin.com/KY/Lexington/184-Sherman-Ave-40502/home/95685839,LBARMLS,25014894,N,Y,38.0307682,-84.4743702
MLS Listing,,Condo/Co-op,2385 Aristocracy Cir,Lexington,KY,40509,282500,2,2.5,Hamburg,1738,,2012,22,163,,Active,,,https://www.redfin.com/KY/Lexington/2385-Aristocracy-Cir-40509/home/95680045,LBARMLS,25014460,N,Y,38.0284067,-84.424005
MLS Listing,,Single Family Residential,3905 North Cleveland Rd,Lexington,KY,40516,1880000,4,5.5,Rural,6216,469577,1997,22,302,,Active,,,https://www.redfin.com/KY/Lexington/3905-N-Cleveland-Rd-40516/home/145949083,LBARMLS,25014357,N,Y,38.0608745,-84.3553377
MLS Listing,,Single Family Residential,693 Cielo Vista Rd,Lexington,KY,40511,415900,4,2.5,Greendale,2928,5384,2013,22,142,,Active,August-2-2025 02:00 PM,August-2-2025 04:00 PM,https://www.redfin.com/KY/Lexington/693-Cielo-Vista-Rd-40511/home/95732340,LBARMLS,25014586,N,Y,38.0957984,-84.5315698
MLS Listing,,Single Family Residential,3652 Horsemint Trl,Lexington,KY,40509,949000,5,3.5,Still Meadow,4110,8359,2010,22,231,,Active,,,https://www.redfin.com/KY/Lexington/3652-Horsemint-Trl-40509/home/95666494,LBARMLS,25014412,N,Y,37.9900246,-84.4124701
MLS Listing,,Single Family Residential,1101 Marlena Ln,Lexington,KY,40511,415000,4,2.5,Masterson Station,2500,7405,2023,23,166,,Active,,,https://www.redfin.com/KY/Lexington/1101-Marlena-Ln-40511/home/182856301,LBARMLS,25014845,N,Y,38.10247,-84.5333457
MLS Listing,,Single Family Residential,573 West Second St,Lexington,KY,40508,699000,2,2.0,Downtown,2154,8198,1915,23,325,,Active,,,https://www.redfin.com/KY/Lexington/573-W-Second-St-40508/home/95670462,LBARMLS,25014833,N,Y,38.0553143,-84.5019471
MLS Listing,,Single Family Residential,275 East Fourth St,Lexington,KY,40508,349900,4,4.0,Downtown,2084,4487,1908,23,168,,Active,,,https://www.redfin.com/KY/Lexington/275-E-Fourth-St-40508/home/110515628,LBARMLS,25014827,N,Y,38.0475607,-84.4864266
MLS Listing,,Multi-Family (5+ Unit),1145 Appian Crossing Way Unit 1201-1207,Lexington,KY,40517,1679300,21,14.0,Glen Creek,7980,12645,2025,23,210,,Active,,,https://www.redfin.com/KY/Lexington/1145-Appian-Crossing-Way-40517/unit-1201-1207/home/196564900,LBARMLS,25014825,N,Y,37.9772206,-84.4929339
MLS Listing,,Single Family Residential,3305 Downing Pl,Lexington,KY,40517,299900,3,2.0,Downing Place,1747,9225,1976,23,172,,Active,,,https://www.redfin.com/KY/Lexington/3305-Downing-Pl-40517/home/109846478,LBARMLS,25014819,N,Y,37.9827491,-84.5036311
MLS Listing,,Townhouse,433 Darby Creek Rd Unit A,Lexington,KY,40509,180000,2,1.5,Darby Creek,1245,2448,1984,23,145,,Active,,,https://www.redfin.com/KY/Lexington/433-Darby-Creek-Rd-40509/unit-A/home/95755964,LBARMLS,25014805,N,Y,38.0062176,-84.4327169
MLS Listing,,Single Family Residential,2455 Dittany Ln,Lexington,KY,40511,379210,4,2.5,Spring Garden,2281,4798,2025,23,166,,Active,,,https://www.redfin.com/KY/Lexington/2455-Dittany-Ln-40511/home/196300976,LBARMLS,25014800,N,Y,38.0892635,-84.5305194
MLS Listing,,Single Family Residential,685 Dahlia Dr,Lexington,KY,40511,458464,4,2.5,Spring Garden,2783,5777,2025,23,165,,Active,,,https://www.redfin.com/KY/Lexington/685-Dahlia-Dr-40511/home/196300975,LBARMLS,25014799,N,Y,38.0901122,-84.5319162
MLS Listing,,Single Family Residential,681 Dahlia Dr,Lexington,KY,40511,409006,4,2.5,Spring Garden,2071,6177,2025,23,197,,Active,,,https://www.redfin.com/KY/Lexington/681-Dahlia-Dr-40511/home/196300958,LBARMLS,25014798,N,Y,38.0900346,-84.5320439
MLS Listing,,Single Family Residential,677 Dahlia Dr,Lexington,KY,40511,439140,5,3.0,Spring Garden,2531,6360,2025,23,174,,Active,,,https://www.redfin.com/KY/Lexington/677-Dahlia-Dr-40511/home/196300957,LBARMLS,25014797,N,Y,38.0899335,-84.5321909
MLS Listing,,Single Family Residential,220 Market St,Lexington,KY,40507,1150000,3,3.0,Gratz Park,2855,3001,1816,23,403,,Active,,,https://www.redfin.com/KY/Lexington/220-Market-St-40507/home/110440044,LBARMLS,25014788,N,Y,38.0498243,-84.4950937
MLS Listing,,Single Family Residential,4420 Natal Pl,Lexington,KY,40509,445000,4,2.5,Chilesburg,2545,5902,2006,24,175,,Active,,,https://www.redfin.com/KY/Lexington/4420-Natal-Pl-40509/home/95699371,LBARMLS,25014748,N,Y,37.9885948,-84.3961509
MLS Listing,,Single Family Residential,1300 Kennecott Way,Lexington,KY,40514,360000,3,2.5,Copper Trace,1446,14157,1996,24,249,,Active,August-2-2025 02:00 AM,August-2-2025 04:00 PM,https://www.redfin.com/KY/Lexington/1300-Kennecott-Way-40514/home/95678177,LBARMLS,25014746,N,Y,37.985817,-84.5623852
MLS Listing,,Condo/Co-op,750 Shaker Dr #516,Lexington,KY,40504,184900,2,2.0,Harrodsburg Square,1028,,1972,24,180,,Active,,,https://www.redfin.com/KY/Lexington/750-Shaker-Dr-40504/unit-516/home/110515792,LBARMLS,25014728,N,Y,38.0320425,-84.5309924
MLS Listing,,Single Family Residential,3416 Bay Springs Park,Lexington,KY,40509,475000,4,2.5,Bryant Oak Place,2379,5571,2007,24,200,,Active,,,https://www.redfin.com/KY/Lexington/3416-Bay-Springs-Park-40509/home/95655475,LBARMLS,25014723,N,Y,38.0138477,-84.3896047
MLS Listing,,Single Family Residential,1072 Heather Gate Ct,Lexington,KY,40511,479900,3,2.5,Griffin Gate,2364,6830,1989,24,203,,Active,August-2-2025 01:00 PM,August-2-2025 03:00 PM,https://www.redfin.com/KY/Lexington/1072-Heather-Gate-Ct-40511/home/95695742,LBARMLS,25014713,N,Y,38.0866295,-84.4848933
MLS Listing,,Single Family Residential,4149 Meadowlark Rd,Lexington,KY,40509,490000,3,2.0,The Home Place,2000,5998,,24,245,,Active,,,https://www.redfin.com/KY/Lexington/4149-Meadowlark-Rd-40509/home/194955431,LBARMLS,25014711,N,Y,38.0085045,-84.3922205
MLS Listing,,Townhouse,3364 Montavesta Rd,Lexington,KY,40502,275000,4,2.5,Lans-Merik,2142,2225,1973,24,128,,Active,,,https://www.redfin.com/KY/Lexington/3364-Montavesta-Rd-40502/home/110625638,LBARMLS,25014687,N,Y,37.997458,-84.4904456
MLS Listing,,Single Family Residential,220 White Oak Trce,Lexington,KY,40511,309900,3,2.0,McConnell Trace,1442,4530,2004,25,215,,Active,,,https://www.redfin.com/KY/Lexington/220-White-Oak-Trce-40511/home/110537780,LBARMLS,25014684,N,Y,38.0836395,-84.5585926
MLS Listing,,Single Family Residential,409 Whitfield Dr,Lexington,KY,40515,429000,4,2.5,Southpoint,2555,7405,1997,25,168,,Active,August-3-2025 01:00 PM,August-3-2025 03:00 PM,https://www.redfin.com/KY/Lexington/409-Whitfield-Dr-40515/home/110444296,LBARMLS,25014651,N,Y,37.9629115,-84.5222713
MLS Listing,,Single Family Residential,1030 Strader Dr,Lexington,KY,40505,297000,4,2.0,Henry Clay,1337,7501,1951,25,222,,Active,,,https://www.redfin.com/KY/Lexington/1030-Strader-Dr-40505/home/110482685,LBARMLS,25014624,N,Y,38.0413281,-84.4635794
MLS Listing,,Single Family Residential,545 Newbury Way,Lexington,KY,40514,408000,4,2.5,Willow Bend,2481,4948,2003,25,164,,Active,,,https://www.redfin.com/KY/Lexington/545-Newbury-Way-40514/home/95705487,LBARMLS,25014611,N,Y,37.9751688,-84.5427832
MLS Listing,,Single Family Residential,461 North Limestone,Lexington,KY,40508,2250000,5,4.0,Downtown,6024,43057,1812,25,374,,Active,,,https://www.redfin.com/KY/Lexington/461-N-Limestone-40508/home/95680540,LBARMLS,25014587,N,Y,38.0524126,-84.489096
MLS Listing,,Single Family Residential,3732 Wargrave Walk,Lexington,KY,40509,374900,4,2.5,Creekside At Andover,1812,4609,2003,26,207,,Active,,,https://www.redfin.com/KY/Lexington/3732-Wargrave-Walk-40509/home/110690050,LBARMLS,25014542,N,Y,37.9982661,-84.395995
MLS Listing,,Single Family Residential,644 Snowy Egret Way,Lexington,KY,40515,582000,4,2.5,The Peninsula,2488,6534,2022,26,234,,Active,,,https://www.redfin.com/KY/Lexington/644-Snowy-Egret-Way-40515/home/180275151,LBARMLS,25014543,N,Y,37.9869803,-84.4460864
MLS Listing,,Single Family Residential,121 Devonia Ave,Lexington,KY,40505,249500,3,1.0,Highlawn,1350,4792,1930,27,185,,Active,,,https://www.redfin.com/KY/Lexington/121-Devonia-Ave-40505/home/110610348,LBARMLS,25014515,N,Y,38.060169,-84.4763432
MLS Listing,,Single Family Residential,1929 Covington Dr,Lexington,KY,40509,524900,4,2.5,Summerfield,2722,5998,2017,27,193,,Active,,,https://www.redfin.com/KY/Lexington/1929-Covington-Dr-40509/home/143426180,LBARMLS,25014495,N,Y,38.0371929,-84.4410302
MLS Listing,,Single Family Residential,1601 Ferguson Rd,Lexington,KY,40511,995000,4,2.5,Rural,3088,440043,1984,27,322,,Active,,,https://www.redfin.com/KY/Lexington/1601-Ferguson-Rd-40511/home/189524012,LBARMLS,25014492,N,Y,38.1752445,-84.3642476
MLS Listing,,Single Family Residential,2748 Candytuft Ln,Lexington,KY,40511,469000,4,2.5,Sanders Crossing,3379,6625,2017,28,139,,Active,August-2-2025 01:00 PM,August-2-2025 03:00 PM,https://www.redfin.com/KY/Lexington/2748-Candytuft-Ln-40511/home/143019497,LBARMLS,25013913,N,Y,38.0921605,-84.538283
MLS Listing,,Single Family Residential,4340 Gum Tree Ln,Lexington,KY,40513,479900,4,2.5,Palomar,2570,7405,1990,28,187,,Active,,,https://www.redfin.com/KY/Lexington/4340-Gum-Tree-Ln-40513/home/110560915,LBARMLS,25014468,N,Y,37.9978924,-84.585361
MLS Listing,,Single Family Residential,353 Cassidy Ave,Lexington,KY,40502,1050000,4,3.5,Chevy Chase,3534,8990,1945,28,297,,Active,,,https://www.redfin.com/KY/Lexington/353-Cassidy-Ave-40502/home/110590969,LBARMLS,25014399,N,Y,38.0206018,-84.4898534
MLS Listing,,Single Family Residential,3591 Paris Pike,Lexington,KY,40511,6950000,5,8.0,Rural,17000,2707210,1992,29,409,,Active,,,https://www.redfin.com/KY/Lexington/3591-Paris-Pike-40511/home/95643382,LBARMLS,25014424,N,Y,38.105481,-84.4158099
MLS Listing,,Single Family Residential,1913 Fontaine Rd,Lexington,KY,40502,849000,4,3.0,Ashland Park,3538,16400,1956,29,240,,Active,,,https://www.redfin.com/KY/Lexington/1913-Fontaine-Rd-40502/home/183968964,LBARMLS,25014386,N,Y,38.0211033,-84.474947
MLS Listing,,Single Family Residential,628 Dahlia Dr,Lexington,KY,40511,384062,4,2.5,Spring Garden,2043,4704,2023,29,188,,Active,August-2-2025 01:00 PM,August-2-2025 05:00 PM,https://www.redfin.com/KY/Lexington/628-Dahlia-DR-40511/home/187016994,LBARMLS,25014383,N,Y,38.089023,-84.532875
MLS Listing,,Single Family Residential,332 Meadow Valley Rd,Lexington,KY,40511,398500,4,2.5,Masterson Station,2782,8111,2001,29,143,,Active,,,https://www.redfin.com/KY/Lexington/332-Meadow-Valley-Rd-40511/home/110681854,LBARMLS,25014362,N,Y,38.0972612,-84.5464003
MLS Listing,,Multi-Family (5+ Unit),1921 Oxford Cir,Lexington,KY,40504,750000,14,10.0,Cardinal Valley,9920,13101,1959,29,76,,Active,,,https://www.redfin.com/KY/Lexington/1921-Oxford-Cir-40504/home/95652137,LBARMLS,25014162,N,Y,38.0499672,-84.5427252
MLS Listing,,Single Family Residential,2077 Allegheny Way,Lexington,KY,40513,445900,4,2.5,Beaumont,2233,6534,2001,30,200,,Active,,,https://www.redfin.com/KY/Lexington/2077-Allegheny-Way-40513/home/110533978,LBARMLS,25014311,N,Y,38.026453,-84.5616249
MLS Listing,,Single Family Residential,612 St Anthony Dr,Lexington,KY,40505,364950,5,3.5,Hi Acres,2459,10675,1958,30,148,,Active,,,https://www.redfin.com/KY/Lexington/612-Saint-Anthony-Dr-40505/home/110556468,LBARMLS,25014307,N,Y,38.0582059,-84.4473259
MLS Listing,,Single Family Residential,3037 Dale Hollow Dr,Lexington,KY,40515,329900,3,2.0,East Lake,1647,13861,1976,30,200,,Active,,,https://www.redfin.com/KY/Lexington/3037-Dale-Hollow-Dr-40515/home/95692610,LBARMLS,25013614,N,Y,37.9889134,-84.4532412
MLS Listing,,Single Family Residential,3585 Bay Springs Park,Lexington,KY,40509,639900,5,4.0,Bryant Oak Place,3084,7057,2023,30,207,,Active,,,https://www.redfin.com/KY/Lexington/3585-Bay-Springs-Park-40509/home/182872120,LBARMLS,25014258,N,Y,38.0137693,-84.3853542
MLS Listing,,Single Family Residential,242 Tahoma Rd,Lexington,KY,40503,569000,3,2.0,Tahoma Terrace,2049,27434,1941,30,278,,Active,,,https://www.redfin.com/KY/Lexington/242-Tahoma-Rd-40503/home/110468943,LBARMLS,25013896,N,Y,38.0114511,-84.5077939
MLS Listing,,Condo/Co-op,125 Forest Ave #3202,Lexington,KY,40508,189000,1,1.0,Bell Court,574,,1971,30,329,,Active,,,https://www.redfin.com/KY/Lexington/125-Forest-Ave-40508/unit-3202/home/110406172,LBARMLS,25014220,N,Y,38.0400752,-84.4880268
MLS Listing,,Single Family Residential,264 Elmwood Dr,Lexington,KY,40505,245000,4,1.0,Thoroughbred Acres,1668,24000,1948,31,147,,Active,,,https://www.redfin.com/KY/Lexington/264-Elmwood-Dr-40505/home/110510634,LBARMLS,25014190,N,Y,38.0906972,-84.450474
MLS Listing,,Single Family Residential,2592 Mable Ln,Lexington,KY,40511,349900,3,2.5,Sanders Crossing,1887,7350,2018,31,185,,Active,,,https://www.redfin.com/KY/Lexington/2592-Mable-Ln-40511/home/144401810,LBARMLS,25012212,N,Y,38.0908682,-84.5386253
MLS Listing,,Townhouse,3613 Amick Way,Lexington,KY,40509,349000,3,2.5,Forest Hill,1665,4792,1997,31,210,,Active,,,https://www.redfin.com/KY/Lexington/3613-Amick-Way-40509/home/110669964,LBARMLS,25014173,N,Y,37.9995713,-84.409677
MLS Listing,,Townhouse,1857 Bridgestone Dr,Lexington,KY,40511,230000,2,2.0,Griffin Gate,1089,2853,1989,31,211,,Active,,,https://www.redfin.com/KY/Lexington/1857-Bridgestone-Dr-40511/home/110714070,LBARMLS,25004650,N,Y,38.0908053,-84.4830242
MLS Listing,,Single Family Residential,2716 Kearney Creek Ln,Lexington,KY,40511,549900,5,3.5,Kearney Ridge,3146,6665,2025,31,175,,Active,,,https://www.redfin.com/KY/Lexington/2716-Kearney-Creek-Ln-40511/home/110567976,LBARMLS,25014109,N,Y,38.1083134,-84.5240269
MLS Listing,,Single Family Residential,1301 Muir Station Rd,Lexington,KY,40516,990000,4,4.0,Rural,3452,437342,1994,31,287,,Active,,,https://www.redfin.com/KY/Lexington/1301-Muir-Station-Rd-40516/home/104010451,LBARMLS,25014107,N,Y,38.098823,-84.3714892
MLS Listing,,Townhouse,3711 Lochdale Ter Unit 1-66,Lexington,KY,40514,299900,3,2.5,Willow Oak,1652,6146,2004,31,182,,Active,,,https://www.redfin.com/KY/Lexington/3711-Lochdale-Ter-40514/unit-1-66/home/195024789,LBARMLS,25014105,N,Y,37.9757669,-84.5402927
MLS Listing,,Single Family Residential,605 Hopewell Rd,Lexington,KY,40511,349000,3,2.5,Masterson,1843,4792,2002,32,189,,Active,,,https://www.redfin.com/KY/Lexington/605-Hopewell-Park-40511/home/95672081,SCKMLSKY,SC46913,N,Y,38.0972822,-84.5378939
MLS Listing,,Single Family Residential,2916 Sandersville Rd,Lexington,KY,40511,389000,4,3.0,Masterson Station,2518,7553,2002,32,154,,Active,,,https://www.redfin.com/KY/Lexington/2916-Sandersville-Rd-40511/home/110563797,LBARMLS,25014067,N,Y,38.0994384,-84.540258
MLS Listing,,Single Family Residential,2737 Sullivans Trce,Lexington,KY,40511,445000,4,2.5,Kearney Ridge,2442,6098,2024,32,182,,Active,,,https://www.redfin.com/KY/Lexington/2737-Sullivans-Trce-40511/home/110541534,LBARMLS,25014058,N,Y,38.1074133,-84.5233443
MLS Listing,,Multi-Family (2-4 Unit),1640 Nicholasville Rd,Lexington,KY,40503,1070000,8,8.0,Commercial,,29969,1985,32,,,Active,,,https://www.redfin.com/KY/Lexington/1640-Nicholasville-Rd-40503/home/196234543,LBARMLS,25014056,N,Y,38.02027,-84.5109641
MLS Listing,,Single Family Residential,4204 Forsythe Dr,Lexington,KY,40514,379900,4,2.0,Plantation,2020,10001,1976,32,188,,Active,,,https://www.redfin.com/KY/Lexington/4204-Forsythe-Dr-40514/home/110569777,LBARMLS,25014032,N,Y,37.9962989,-84.5706941
MLS Listing,,Single Family Residential,315 Clinton Rd,Lexington,KY,40502,975000,7,4.5,Ashland Park,6219,23130,1956,32,157,,Active,,,https://www.redfin.com/KY/Lexington/315-Clinton-Rd-40502/home/110731182,LBARMLS,25014024,N,Y,38.0211475,-84.477817
MLS Listing,,Single Family Residential,928 Springwood Ct,Lexington,KY,40515,368000,4,2.5,Ashmoor,2178,9544,1988,34,169,,Active,,,https://www.redfin.com/KY/Lexington/928-Springwood-Ct-40515/home/110665105,LBARMLS,25013813,N,Y,37.9517882,-84.4976329
MLS Listing,,Single Family Residential,3416 Kenesaw Dr,Lexington,KY,40515,270000,3,2.0,Century Hill,1258,6050,1985,35,215,,Active,August-3-2025 01:00 PM,August-3-2025 03:00 PM,https://www.redfin.com/KY/Lexington/3416-Kenesaw-Dr-40515/home/95710358,LBARMLS,25013604,N,Y,37.9696866,-84.4643659
MLS Listing,,Single Family Residential,494 Longview Dr,Lexington,KY,40503,384900,4,2.0,Southland,1658,8999,1950,35,232,,Active,,,https://www.redfin.com/KY/Lexington/494-Longview-Dr-40503/home/110685842,LBARMLS,25013918,N,Y,38.0188922,-84.5300901
MLS Listing,,Single Family Residential,4433 River Ridge Rd,Lexington,KY,40515,485000,4,2.5,Waterford,2700,8983,2001,35,180,,Active,August-3-2025 01:00 PM,August-3-2025 03:00 PM,https://www.redfin.com/KY/Lexington/4433-River-Ridge-Rd-40515/home/110783059,LBARMLS,25013914,N,Y,37.9616717,-84.5154893
MLS Listing,,Single Family Residential,2437 Butternut Hill Ct,Lexington,KY,40509,299000,4,2.0,Woodspoint,1950,8394,1968,35,153,,Active,,,https://www.redfin.com/KY/Lexington/2437-Butternut-Hill-Ct-40509/home/110603106,LBARMLS,25013901,N,Y,38.0151054,-84.4523332
MLS Listing,,Single Family Residential,951 Cooper Dr,Lexington,KY,40502,849900,3,2.5,Chevy Chase,2893,8712,1940,35,294,,Active,,,https://www.redfin.com/KY/Lexington/951-Cooper-Dr-40502/home/95672757,LBARMLS,25013886,N,Y,38.021604,-84.4919482
MLS Listing,,Single Family Residential,646 Wichita Dr,Lexington,KY,40503,379900,4,2.0,Twin Oaks,2469,17115,1959,35,154,,Active,,,https://www.redfin.com/KY/Lexington/646-Wichita-Dr-40503/home/110778433,LBARMLS,25013863,N,Y,38.0168598,-84.5466875
MLS Listing,,Single Family Residential,525 Georgetown St,Lexington,KY,40508,230000,4,2.0,Downtown,1306,4856,1900,35,176,,Active,,,https://www.redfin.com/KY/Lexington/525-Georgetown-St-40508/home/95666323,LBARMLS,25013859,N,Y,38.0631076,-84.5023855
MLS Listing,,Townhouse,1001 Griffin Gate Dr,Lexington,KY,40511,497000,2,2.0,Griffin Gate,2035,53505,1986,35,244,,Active,,,https://www.redfin.com/KY/Lexington/1001-Griffin-Gate-Dr-40511/home/110399023,LBARMLS,25013850,N,Y,38.0874648,-84.4870277
MLS Listing,,Single Family Residential,3092 Arrowhead Dr,Lexington,KY,40503,349900,3,2.5,Pera Place,1684,7434,1991,35,208,,Active,,,https://www.redfin.com/KY/Lexington/3092-Arrowhead-Dr-40503/home/110520652,LBARMLS,25013841,N,Y,38.0074148,-84.5488797
MLS Listing,,Single Family Residential,4549 Cranbrook Ct,Lexington,KY,40515,365500,4,2.5,Meadow Creek,1942,7405,1996,35,188,,Active,,,https://www.redfin.com/KY/Lexington/4549-Cranbrook-Ct-40515/home/110585042,LBARMLS,25013832,N,Y,37.9594984,-84.4915785
MLS Listing,,Single Family Residential,217 Doe Run Rd,Nicholasville,KY,40356,1600000,5,3.5,Vine Grove,5953,43560,2023,35,269,,Active,,,https://www.redfin.com/KY/Nicholasville/217-Doe-Run-Rd-40356/home/176170277,LBARMLS,25013824,N,Y,37.901681,-84.455991
MLS Listing,,Single Family Residential,3408 Pinas Bay Dr,Lexington,KY,40502,585000,5,3.0,Lans-Merik,3280,13303,1976,35,178,,Active,,,https://www.redfin.com/KY/Lexington/3408-Pinas-Bay-Dr-40502/home/110667521,LBARMLS,25013816,N,Y,37.9945335,-84.486204
MLS Listing,,Single Family Residential,4932 Hidden River Dr,Lexington,KY,40511,1395000,5,4.5,Hidden Lake,5107,456509,1978,35,273,,Active,,,https://www.redfin.com/KY/Lexington/4932-Hidden-River-Dr-40511/home/167052464,LBARMLS,25013810,N,Y,38.1677364,-84.4617558
MLS Listing,,Single Family Residential,1312 Jannelle Ct,Lexington,KY,40517,219500,3,1.0,Melody Village,1175,6482,1972,35,187,,Active,August-2-2025 02:00 PM,August-2-2025 04:00 PM,https://www.redfin.com/KY/Lexington/1312-Jannelle-Ct-40517/home/95660857,LBARMLS,25013766,N,Y,37.9745371,-84.4828562
MLS Listing,,Single Family Residential,649 Lakeshore Dr,Lexington,KY,40502,1149000,5,3.5,The Island,5400,17276,1978,35,213,,Active,,,https://www.redfin.com/KY/Lexington/649-Lakeshore-Dr-40502/home/95685803,LBARMLS,25013515,N,Y,38.0032503,-84.4632742
MLS Listing,,Single Family Residential,1037 Applecross Dr,Lexington,KY,40511,359900,3,2.0,Glens at Greendale Village,2166,7928,2019,36,166,,Active,,,https://www.redfin.com/KY/Lexington/1037-Applecross-Dr-40511/home/95641210,LBARMLS,25013802,N,Y,38.0996929,-84.5260153
MLS Listing,,Condo/Co-op,2905 Affirmed Ct Unit D,Lexington,KY,40509,189500,2,1.5,Darby Creek,1104,,1984,36,172,,Active,,,https://www.redfin.com/KY/Lexington/2905-Affirmed-Ct-40509/unit-D/home/95668667,LBARMLS,25013773,N,Y,38.0044344,-84.4320206
MLS Listing,,Single Family Residential,3274 North Cleveland Rd,Lexington,KY,40516,2650000,5,5.0,Rural,8041,435600,2006,36,330,,Active,,,https://www.redfin.com/KY/Lexington/3274-N-Cleveland-Rd-40516/home/95640758,LBARMLS,25013727,N,Y,38.0362774,-84.3546443
MLS Listing,,Single Family Residential,1317 Grafton Dr,Lexington,KY,40515,204000,2,2.0,Century Hill,960,7649,1980,36,213,,Active,,,https://www.redfin.com/KY/Lexington/1317-Grafton-Dr-40515/home/110635543,LBARMLS,25013720,N,Y,37.9819305,-84.4569612
MLS Listing,,Single Family Residential,223 Race St,Lexington,KY,40508,315000,4,2.0,Downtown,1500,7200,1920,36,210,,Active,,,https://www.redfin.com/KY/Lexington/223-Race-St-40508/home/110567821,LBARMLS,25013706,N,Y,38.0437799,-84.4869918
MLS Listing,,Single Family Residential,2609 Idlewood Dr,Lexington,KY,40513,729900,3,4.0,Firebrook,3538,11735,1992,36,206,,Active,,,https://www.redfin.com/KY/Lexington/2609-Idlewood-Dr-40513/home/95655875,LBARMLS,25013700,N,Y,37.9918713,-84.5976207
MLS Listing,,Single Family Residential,3277 Polo Club Blvd,Lexington,KY,40509,415000,3,2.5,Clark Property,2002,6209,2008,36,207,,Active,,,https://www.redfin.com/KY/Lexington/3277-Polo-Club-Blvd-40509/home/95653418,LBARMLS,25013696,N,Y,38.0148758,-84.4001388
MLS Listing,,Single Family Residential,1876 Cattle Path,Lexington,KY,40509,627400,5,4.0,Bryant Oak Place,3205,5001,2021,36,196,,Active,,,https://www.redfin.com/KY/Lexington/1876-Cattle-Path-40509/home/173961344,LBARMLS,25013596,N,Y,38.0156713,-84.3840366
MLS Listing,,Townhouse,955 Tarr Trce #4108,Lexington,KY,40508,425000,2,3.0,Downtown,1495,2156,2020,36,284,,Active,,,https://www.redfin.com/KY/Lexington/955-Tarr-Trce-40508/unit-4108/home/174585153,LBARMLS,25013623,N,Y,38.0520532,-84.5096493
MLS Listing,,Single Family Residential,2129 Palms Dr,Lexington,KY,40504,305000,4,2.0,Garden Springs,1851,8102,1964,37,165,,Active,,,https://www.redfin.com/KY/Lexington/2129-Palms-Dr-40504/home/110492699,LBARMLS,25013670,N,Y,38.0270355,-84.5539424
MLS Listing,,Single Family Residential,400 Ridgeway Rd,Lexington,KY,40502,1150000,4,3.5,Ashland Park,3604,8999,1935,37,319,,Active,,,https://www.redfin.com/KY/Lexington/400-Ridgeway-Rd-40502/home/110588975,LBARMLS,25013608,N,Y,38.0227289,-84.4824125
MLS Listing,,Single Family Residential,394 Bassett Ave,Lexington,KY,40502,385000,3,2.0,Kenwick,1688,7500,1930,37,228,,Active,,,https://www.redfin.com/KY/Lexington/394-Bassett-Ave-40502/home/110394763,LBARMLS,25013607,N,Y,38.0359505,-84.4685373
MLS Listing,,Single Family Residential,3265 Scottish Trce,Lexington,KY,40509,437400,4,2.5,Blackford,2500,9605,2004,37,175,,Active,,,https://www.redfin.com/KY/Lexington/3265-Scottish-Trce-40509/home/110479268,LBARMLS,25013574,N,Y,38.0212399,-84.3986694
MLS Listing,,Single Family Residential,4148 Buttermilk Rd,Lexington,KY,40509,429900,3,2.0,The Home Place,1540,5632,2025,38,279,,Active,,,https://www.redfin.com/KY/Lexington/4148-Buttermilk-Rd-40509/home/196177118,LBARMLS,25013478,N,Y,38.0093335,-84.3922417
MLS Listing,,Single Family Residential,4152 Buttermilk Rd,Lexington,KY,40509,436900,3,2.0,The Home Place,1680,6000,2025,39,260,,Active,,,https://www.redfin.com/KY/Lexington/4152-Buttermilk-Rd-40509/home/196168937,LBARMLS,25013442,N,Y,38.0093335,-84.3922417
MLS Listing,,Condo/Co-op,404 Bainbridge Ct Unit E3,Lexington,KY,40509,159999,2,2.0,Bainbridge,784,,1985,39,204,,Active,,,https://www.redfin.com/KY/Lexington/404-Bainbridge-Ct-40509/unit-E3/home/110564248,LBARMLS,25013426,N,Y,38.0050134,-84.4281914
MLS Listing,,Single Family Residential,211 Chenault Rd,Lexington,KY,40502,899900,4,2.0,Chevy Chase,2991,8580,1940,39,301,,Active,,,https://www.redfin.com/KY/Lexington/211-Chenault-Rd-40502/home/95673067,LBARMLS,25013385,N,Y,38.0260939,-84.4849553
MLS Listing,,Townhouse,439 Newbury Way,Lexington,KY,40514,299900,3,2.5,Willow Oak,1652,2997,2003,40,182,,Active,,,https://www.redfin.com/KY/Lexington/439-Newbury-Way-40514/home/110705850,LBARMLS,25013323,N,Y,37.9752492,-84.5397534
MLS Listing,,Townhouse,3523 Doral Pl,Lexington,KY,40509,425000,2,2.5,Andover Hills,2466,4477,1998,40,172,,Active,August-3-2025 11:00 AM,August-3-2025 01:00 PM,https://www.redfin.com/KY/Lexington/3523-Doral-Pl-40509/home/110768784,LBARMLS,25013305,N,Y,37.99946,-84.4112499
MLS Listing,,Single Family Residential,1197 Oatlands Park Park,Lexington,KY,40509,396500,4,2.5,Andover Creek,1958,6003,2005,41,203,,Active,,,https://www.redfin.com/KY/Lexington/1197-Oatlands-Park-40509/home/95664187,LBARMLS,25013303,N,Y,37.9987749,-84.3965061
MLS Listing,,Single Family Residential,2175 Lansill Rd,Lexington,KY,40504,258000,3,1.5,Garden Springs,1350,9383,1965,41,191,,Active,,,https://www.redfin.com/KY/Lexington/2175-Lansill-Rd-40504/home/110553074,LBARMLS,25013267,N,Y,38.0268924,-84.5563391
MLS Listing,,Condo/Co-op,131 Regency Point Path,Lexington,KY,40503,222500,2,1.5,Regency Pointe,1095,,1970,41,203,,Active,,,https://www.redfin.com/KY/Lexington/131-Regency-Point-Path-40503/home/95691935,LBARMLS,25013261,N,Y,38.0016127,-84.5212855
MLS Listing,,Condo/Co-op,355 South Broadway #102,Lexington,KY,40508,659000,2,2.0,Downtown,1437,,1987,41,459,,Active,,,https://www.redfin.com/KY/Lexington/355-S-Broadway-40508/unit-102/home/110635592,LBARMLS,25012960,N,Y,38.0468597,-84.5034971
MLS Listing,,Single Family Residential,3525 Amber King Ct,Lexington,KY,40517,290000,3,2.0,Derby Estates,1657,7706,1976,42,175,,Active,,,https://www.redfin.com/KY/Lexington/3525-Amber-King-Ct-40517/home/95685211,LBARMLS,25013245,N,Y,37.9757984,-84.4750001
MLS Listing,,Single Family Residential,1048 Vero Ct,Lexington,KY,40509,380000,3,2.5,Brighton East,1782,7248,1993,42,213,,Active,,,https://www.redfin.com/KY/Lexington/1048-Vero-Ct-40509/home/110664753,LBARMLS,25013242,N,Y,38.0038139,-84.408492
MLS Listing,,Single Family Residential,2229 Alexandria Dr,Lexington,KY,40504,370000,4,3.0,Garden Springs,2680,13155,1965,42,138,,Active,,,https://www.redfin.com/KY/Lexington/2229-Alexandria-Dr-40504/home/95660437,LBARMLS,25012938,N,Y,38.023357,-84.5541272
MLS Listing,,Single Family Residential,1908 Blairmore Rd,Lexington,KY,40502,819900,5,2.5,Lakeview,3515,14810,1970,42,233,,Active,,,https://www.redfin.com/KY/Lexington/1908-Blairmore-Rd-40502/home/110610361,LBARMLS,25012896,N,Y,38.0157746,-84.4730254
MLS Listing,,Single Family Residential,4036 Bacopa Pl,Lexington,KY,40509,385000,3,2.5,Chilesburg,2012,7305,2010,42,191,,Active,,,https://www.redfin.com/KY/Lexington/4036-Bacopa-Pl-40509/home/95660695,LBARMLS,25012678,N,Y,37.9930693,-84.3966156
MLS Listing,,Single Family Residential,2336 Baileys,Lexington,KY,40511,332500,3,2.5,Lexington,2303,6869,2007,42,144,11,Active,,,https://www.redfin.com/KY/Lexington/2336-Baileys-Row-40511/home/110577061,Metro Search MLS,1690296,N,Y,38.0976913,-84.5260354
MLS Listing,,Single Family Residential,3848 Mcgarry Dr,Lexington,KY,40514,334900,3,1.5,High Plain,1827,8625,1980,42,183,,Active,,,https://www.redfin.com/KY/Lexington/3848-McGarry-Dr-40514/home/110468513,LBARMLS,25013153,N,Y,37.9788541,-84.5574296
MLS Listing,,Single Family Residential,3821 Horsemint Trl,Lexington,KY,40509,964900,5,5.0,Still Meadow,5008,8407,2003,42,193,,Active,,,https://www.redfin.com/KY/Lexington/3821-Horsemint-Trl-40509/home/105670660,LBARMLS,25013150,N,Y,37.9924748,-84.4111294
MLS Listing,,Single Family Residential,722 Whitney Ave,Lexington,KY,40508,180000,3,1.0,Downtown,1152,5602,2004,43,156,,Active,,,https://www.redfin.com/KY/Lexington/722-Whitney-Ave-40508/home/110635971,LBARMLS,25012883,N,Y,38.0592827,-84.5030514
MLS Listing,,Single Family Residential,3533 Mcnair Way,Lexington,KY,40513,675000,5,3.5,Harrods View,4588,14819,1988,43,147,,Active,,,https://www.redfin.com/KY/Lexington/3533-McNair-Way-40513/home/110590852,LBARMLS,25013084,N,Y,38.0076878,-84.5683126
MLS Listing,,Single Family Residential,829 Lauderdale Dr,Lexington,KY,40515,428000,4,3.0,Pinnacle,2794,6338,2004,43,153,,Active,,,https://www.redfin.com/KY/Lexington/829-Lauderdale-Dr-40515/home/95666974,LBARMLS,25013071,N,Y,37.9544458,-84.5078212
MLS Listing,,Single Family Residential,236 Mockingbird Ln,Lexington,KY,40503,319900,3,1.0,Oaks,1002,8189,1958,43,319,,Active,,,https://www.redfin.com/KY/Lexington/236-Mockingbird-Ln-40503/home/110697537,LBARMLS,25012994,N,Y,38.0265025,-84.518738
MLS Listing,,Single Family Residential,2368 Lonan Ct,Lexington,KY,40511,333500,3,2.5,Glens at Greendale Village,2095,7610,2006,44,159,,Active,,,https://www.redfin.com/KY/Lexington/2368-Lonan-Ct-40511/home/110501361,LBARMLS,25012554,N,Y,38.0969233,-84.5271875
MLS Listing,,Single Family Residential,895 Lane Allen Rd,Lexington,KY,40504,337500,3,2.5,Gardenside,1629,10498,1956,44,207,,Active,,,https://www.redfin.com/KY/Lexington/895-Lane-Allen-Rd-40504/home/110582027,LBARMLS,25013040,N,Y,38.0309716,-84.5436279
MLS Listing,,Single Family Residential,1706 Sarasota Ct,Lexington,KY,40505,239000,4,1.0,Dixie Plantation,1550,6050,1960,44,154,,Active,,,https://www.redfin.com/KY/Lexington/1706-Sarasota-Ct-40505/home/110457291,LBARMLS,25012999,N,Y,38.051195,-84.4379495
MLS Listing,,Single Family Residential,1145 Lane Allen Rd,Lexington,KY,40504,354900,4,2.0,Gardenside,1950,13175,1959,44,182,,Active,,,https://www.redfin.com/KY/Lexington/1145-Lane-Allen-Rd-40504/home/110705866,LBARMLS,25013038,N,Y,38.03614,-84.5606473
MLS Listing,,Single Family Residential,2584 Cayman Hts,Lexington,KY,40509,2700000,5,5.0,Reserve at Greenbrier,4787,12001,2020,44,564,,Active,,,https://www.redfin.com/KY/Lexington/2584-Cayman-Hts-40509/home/110485282,LBARMLS,25013020,N,Y,38.0169771,-84.3709548
MLS Listing,,Single Family Residential,2565 Northwind Ln,Lexington,KY,40511,1295000,4,5.0,Rural,7899,443441,1998,44,164,,Active,,,https://www.redfin.com/KY/Lexington/2565-Northwind-Rd-40511/home/95642187,LBARMLS,25013018,N,Y,38.1772275,-84.4162743
MLS Listing,,Single Family Residential,1748 Chandler Ln,Lexington,KY,40504,354900,3,2.5,Headley Green,1993,4543,1997,44,178,,Active,,,https://www.redfin.com/KY/Lexington/1748-Chandler-Ln-40504/home/110584745,LBARMLS,25011989,N,Y,38.033553,-84.5305578
MLS Listing,,Single Family Residential,825 Darley Dr,Lexington,KY,40505,234500,3,1.0,Meadows,1200,7405,1948,44,195,,Active,,,https://www.redfin.com/KY/Lexington/825-Darley-Dr-40505/home/103846369,LBARMLS,25012963,N,Y,38.0494242,-84.4702517
MLS Listing,,Single Family Residential,4185 Buttermilk Rd,Lexington,KY,40509,729900,5,3.5,The Home Place,2817,6251,2025,45,259,,Active,,,https://www.redfin.com/KY/Lexington/4185-Buttermilk-Rd-40509/home/196118820,LBARMLS,25012853,N,Y,38.0094541,-84.3917743
MLS Listing,,Single Family Residential,777 Andover Village Dr,Lexington,KY,40509,669000,5,3.5,Andover Hills,4768,9322,1990,46,140,,Active,,,https://www.redfin.com/KY/Lexington/777-Andover-Village-Dr-40509/home/110460569,LBARMLS,25012837,N,Y,37.9966238,-84.4089021
MLS Listing,,Single Family Residential,2340 Mulundy Way,Lexington,KY,40511,379990,4,3.0,Glens at Greendale Village,2498,15682,2005,46,152,,Active,,,https://www.redfin.com/KY/Lexington/2340-Mulundy-Way-40511/home/95721406,LBARMLS,25012768,N,Y,38.0961258,-84.5257764
MLS Listing,,Single Family Residential,2128 Roswell Dr,Lexington,KY,40513,849900,4,4.5,Beaumont Reserve,4781,15520,2002,46,178,,Active,,,https://www.redfin.com/KY/Lexington/2128-Roswell-Dr-40513/home/110537994,LBARMLS,25012763,N,Y,38.0300533,-84.5704193
MLS Listing,,Single Family Residential,3864 Ormesby Pl,Lexington,KY,40515,669900,5,3.5,Ellerslie at Delong,3289,9158,2007,47,204,,Active,,,https://www.redfin.com/KY/Lexington/3864-Ormesby-Pl-40515/home/95677980,LBARMLS,25012706,N,Y,37.9853348,-84.4322505
MLS Listing,,Single Family Residential,1808 Rachels Run,Lexington,KY,40509,415000,3,2.5,Blackford Oak Place,2265,4456,2016,48,183,,Active,,,https://www.redfin.com/KY/Lexington/1808-Rachels-Run-40509/home/104375222,LBARMLS,25012714,N,Y,38.0202406,-84.3922512
MLS Listing,,Single Family Residential,1280 Kennecott Way,Lexington,KY,40514,349000,3,2.0,Copper Trace,1406,10707,1997,48,248,,Active,August-3-2025 12:00 PM,August-3-2025 02:00 PM,https://www.redfin.com/KY/Lexington/1280-Kennecott-Way-40514/home/95678835,LBARMLS,25012711,N,Y,37.9863905,-84.5631882
MLS Listing,,Townhouse,433 Newbury Way,Lexington,KY,40514,334900,3,2.5,Willow Oak,1652,6146,2004,48,203,,Active,,,https://www.redfin.com/KY/Lexington/433-Newbury-Way-40514/home/110765485,LBARMLS,25012621,N,Y,37.9754844,-84.5393863
MLS Listing,,Single Family Residential,2248 Valencia Dr,Lexington,KY,40513,499999,4,2.5,Palomar Glade,2974,4957,1994,48,168,,Active,,,https://www.redfin.com/KY/Lexington/2248-Valencia-Dr-40513/home/110664869,LBARMLS,25012673,N,Y,38.0078435,-84.5754032
MLS Listing,,Single Family Residential,4991 Tynebrae Rd,Lexington,KY,40515,749000,4,3.5,Hartland,4641,16117,1985,49,161,,Active,,,https://www.redfin.com/KY/Lexington/4991-Tynebrae-Rd-40515/home/110585054,LBARMLS,25012659,N,Y,37.9519618,-84.4835866
MLS Listing,,Single Family Residential,396 Squires Cir,Lexington,KY,40515,269900,3,2.0,Squire Acres,1223,6752,1985,49,221,,Active,,,https://www.redfin.com/KY/Lexington/396-Squires-Cir-40515/home/110669933,LBARMLS,25012648,N,Y,37.9913199,-84.4457344
MLS Listing,,Single Family Residential,3501 Trinidad Ct,Lexington,KY,40509,1875000,7,8.5,Lexington,10304,61986,1987,49,182,8,Active,,,https://www.redfin.com/KY/Lexington/3501-Trinidad-Ct-40509/home/95653636,Metro Search MLS,1689695,N,Y,38.0266348,-84.3841709
MLS Listing,,Single Family Residential,1132 Oatlands Park,Lexington,KY,40509,465000,4,3.5,Creekside At Andover,3016,6987,2003,49,154,,Active,,,https://www.redfin.com/KY/Lexington/1132-Oatlands-Park-40509/home/95685834,LBARMLS,25012577,N,Y,37.9974064,-84.3958636
MLS Listing,,Condo/Co-op,200 West Second St #300,Lexington,KY,40507,459900,2,2.0,Downtown,1727,,1939,49,266,,Active,,,https://www.redfin.com/KY/Lexington/200-W-Second-St-40507/unit-300/home/110783048,LBARMLS,25012615,N,Y,38.0490648,-84.4955682
MLS Listing,,Townhouse,232 Hedgewood Ct,Lexington,KY,40509,145000,3,1.5,Woodhill,1296,,1973,50,112,,Active,,,https://www.redfin.com/KY/Lexington/232-Hedgewood-Ct-40509/home/110553172,LBARMLS,25010122,N,Y,38.0136142,-84.4494483
MLS Listing,,Single Family Residential,192 Somersly Pl,Lexington,KY,40515,829950,5,4.5,Ellerslie at Delong,4711,8276,2012,51,176,,Active,,,https://www.redfin.com/KY/Lexington/192-Somersly-Pl-40515/home/95666335,LBARMLS,25012457,N,Y,37.9841876,-84.4309057
MLS Listing,,Single Family Residential,3477 Stolen Horse Trace Trce,Lexington,KY,40509,529900,3,2.0,The Home Place,2060,6275,2025,51,257,,Active,,,https://www.redfin.com/KY/Lexington/3477-Stolen-Horse-Trce-40509/home/189526764,LBARMLS,25012450,N,Y,38.0097319,-84.3953814
