SALE TYPE,SOLD DATE,PROPERTY TYPE,ADDRESS,CITY,STATE OR PROVINCE,ZIP OR POSTAL CODE,PRICE,BEDS,BATHS,LOCATION,SQUARE FEET,LOT SIZE,YEAR BUILT,DAYS ON MARKET,$/SQUARE FEET,HOA/MONTH,STATUS,NEXT OPEN HOUSE START TIME,NEXT OPEN HOUSE END TIME,URL (SEE https://www.redfin.com/buy-a-home/comparative-market-analysis FOR INFO ON PRICING),SOURCE,MLS#,FAVORITE,INTERESTED,LATITUDE,LONGITUDE
"In accordance with local MLS rules, some MLS listings are not included in the download"
MLS Listing,,Single Family Residential,34 Monroe Ave,Worcester,MA,01602,529000,4,1.5,Worcester,1806,6000,1920,1,293,,Active,August-2-2025 01:30 PM,August-2-2025 03:30 PM,https://www.redfin.com/MA/Worcester/34-Monroe-Ave-01602/home/16658674,MLS PIN,73412033,N,Y,42.2682393,-71.8297315
MLS Listing,,Single Family Residential,2 Herbert Rd,Worcester,MA,01602,625000,3,1.5,West Side,2003,9147,1950,1,312,,Active,August-2-2025 12:00 PM,August-2-2025 02:00 PM,https://www.redfin.com/MA/Worcester/2-Herbert-Rd-01602/home/16658758,MLS PIN,73412125,N,Y,42.2670774,-71.8320657
MLS Listing,,Vacant Land,196 Svenson Ave,Worcester,MA,01607,75000,,,Worcester,,25718,,1,,,Active,,,https://www.redfin.com/MA/Worcester/196-Svenson-Ave-01607/home/69071722,MLS PIN,73412117,N,Y,42.229703,-71.775681
MLS Listing,,Single Family Residential,4 Bayberry Rd,Worcester,MA,01606,550000,4,2.0,Burncoat,1995,9176,1898,1,276,,Active,August-3-2025 11:00 AM,August-3-2025 12:30 PM,https://www.redfin.com/MA/Worcester/4-Bayberry-Rd-01606/home/16661920,MLS PIN,73412116,N,Y,42.2973583,-71.7937792
MLS Listing,,Single Family Residential,178 Dana Ave,Worcester,MA,01604,299900,5,1.5,Worcester,1539,9500,1918,1,195,,Active,,,https://www.redfin.com/MA/Worcester/178-Dana-Ave-01604/home/16668351,MLS PIN,73412050,N,Y,42.2519383,-71.7740871
MLS Listing,,Single Family Residential,32 Indian Lake Pkwy,Worcester,MA,01605,425000,3,1.5,Worcester,1158,6300,1941,1,367,,Active,,,https://www.redfin.com/MA/Worcester/32-Indian-Lake-Pkwy-01605/home/16666606,MLS PIN,73411963,N,Y,42.2917794,-71.8109219
MLS Listing,,Condo/Co-op,25 Salisbury Hill Blvd #68,Worcester,MA,01609,634900,2,2.5,Worcester,1970,,2025,1,322,411,Active,,,https://www.redfin.com/MA/Worcester/25-Salisbury-Hill-Blvd-01609/unit-68/home/196752464,MLS PIN,73411956,N,Y,42.2975758,-71.8508977
MLS Listing,,Condo/Co-op,28 Adams St #310,Worcester,MA,01604,409000,2,1.0,Worcester,1646,,1894,1,248,610,Active,August-1-2025 05:00 PM,August-1-2025 06:30 PM,https://www.redfin.com/MA/Worcester/28-Adams-St-01604/unit-310/home/16871537,MLS PIN,73411948,N,Y,42.2717291,-71.7774942
MLS Listing,,Single Family Residential,15 Cheyenne,Worcester,MA,01606,499900,4,2.0,Worcester,1979,9238,1987,1,253,,Active,,,https://www.redfin.com/MA/Worcester/15-Cheyenne-Rd-01606/home/16656937,MLS PIN,73411936,N,Y,42.3073502,-71.8121496
MLS Listing,,Condo/Co-op,26 Haynes St #1,Worcester,MA,01603,256000,3,1.0,Worcester,1020,,1923,1,251,200,Active,,,https://www.redfin.com/MA/Worcester/26-Haynes-St-01603/unit-1/home/16680180,MLS PIN,73411893,N,Y,42.2447516,-71.8291577
MLS Listing,,Condo/Co-op,340 Sunderland Rd Unit Bld. E U.42,Worcester,MA,01604,289900,2,2.0,East Worcester,992,,1982,1,292,380,Active,August-3-2025 11:30 AM,August-3-2025 01:00 PM,https://www.redfin.com/MA/Worcester/340-Sunderland-Rd-01604/unit-Bld-E-U42/home/196742507,MLS PIN,73411804,N,Y,42.2421774,-71.7576926
MLS Listing,,Single Family Residential,493 Salisbury St,Worcester,MA,01609,815000,5,3.5,Worcester,3478,16460,1930,1,234,,Active,August-3-2025 11:00 AM,August-3-2025 01:00 PM,https://www.redfin.com/MA/Worcester/493-Salisbury-St-01609/home/16653487,MLS PIN,73411705,N,Y,42.2888496,-71.8294172
MLS Listing,,Single Family Residential,30 Danielle's Way,Worcester,MA,01606,569900,3,2.5,Malden Woods,1755,4826,2025,1,325,,Active,,,https://www.redfin.com/MA/Worcester/30-Danielle-s-WAY-01606/home/196735105,MLS PIN,73411697,N,Y,42.314209,-71.797833
MLS Listing,,Multi-Family (2-4 Unit),10 Imperial Rd,Worcester,MA,01604,1100000,9,3.0,Worcester,4704,6000,1900,1,234,,Active,,,https://www.redfin.com/MA/Worcester/10-Imperial-Rd-01604/home/16671838,MLS PIN,73403751,N,Y,42.2714078,-71.7768672
MLS Listing,,Single Family Residential,6 Stoneleigh Rd,Worcester,MA,01606,449900,2,2.0,Worcester,1357,8712,1941,1,332,,Active,August-2-2025 11:00 AM,August-2-2025 01:00 PM,https://www.redfin.com/MA/Worcester/6-Stoneleigh-Rd-01606/home/16644340,MLS PIN,73411645,N,Y,42.3166155,-71.8165278
MLS Listing,,Condo/Co-op,70 Southbridge St #705,Worcester,MA,01608,195000,1,1.0,Worcester,500,,1979,1,390,481,Active,,,https://www.redfin.com/MA/Worcester/70-Southbridge-St-01608/unit-705/home/16664788,MLS PIN,73411639,N,Y,42.2592756,-71.8030688
MLS Listing,,Multi-Family (2-4 Unit),69 Oread St,Worcester,MA,01608,875000,12,3.0,Worcester,4800,7200,1890,1,182,,Active,,,https://www.redfin.com/MA/Worcester/69-Oread-St-01608/home/16656497,MLS PIN,73411492,N,Y,42.2535629,-71.808837
MLS Listing,,Single Family Residential,96 Lake Ave,Worcester,MA,01604,475000,3,2.0,Worcester,1598,7077,1885,1,297,,Active,August-2-2025 10:00 AM,August-2-2025 11:30 AM,https://www.redfin.com/MA/Worcester/96-Lake-Ave-01604/home/16670725,MLS PIN,73411473,N,Y,42.2701844,-71.757838
MLS Listing,,Single Family Residential,4 Everton Ave,Worcester,MA,01604,499999,3,2.0,Worcester,1029,9420,1904,1,486,,Active,August-2-2025 10:00 AM,August-2-2025 11:30 AM,https://www.redfin.com/MA/Worcester/4-Everton-Ave-01604/home/16659854,MLS PIN,73411392,N,Y,42.247501,-71.779323
MLS Listing,,Multi-Family (2-4 Unit),35 Stanton St,Worcester,MA,01605,485000,6,3.0,Worcester,3821,5000,1900,1,127,,Active,,,https://www.redfin.com/MA/Worcester/35-Stanton-St-01605/home/16671747,MLS PIN,73411323,N,Y,42.2741551,-71.7854603
MLS Listing,,Single Family Residential,4 Wheeler Ave,Worcester,MA,01609,929000,6,5.0,Worcester,4338,17351,1926,1,214,,Active,August-1-2025 04:00 PM,August-1-2025 06:00 PM,https://www.redfin.com/MA/Worcester/4-Wheeler-Ave-01609/home/16662287,MLS PIN,73411265,N,Y,42.2845609,-71.8164602
MLS Listing,,Condo/Co-op,531 Main St Unit 410M,Worcester,MA,01608,175000,1,1.0,Worcester,608,,1930,1,288,327,Active,,,https://www.redfin.com/MA/Worcester/531-Main-St-01608/unit-410M/home/196430625,MLS PIN,73411211,N,Y,42.2615946,-71.8029436
MLS Listing,,Single Family Residential,194 Svenson Ave,Worcester,MA,01607,532000,3,3.5,Worcester,2652,11486,2002,1,201,,Active,August-2-2025 12:00 PM,August-2-2025 02:00 PM,https://www.redfin.com/MA/Worcester/194-Svenson-Ave-01607/home/16680703,MLS PIN,73411208,N,Y,42.229775,-71.7760795
MLS Listing,,Multi-Family (2-4 Unit),3 Arbor Vitae St,Worcester,MA,01603,460000,4,2.0,Worcester,1948,6085,1920,1,236,,Active,August-1-2025 05:30 PM,August-1-2025 07:00 PM,https://www.redfin.com/MA/Worcester/3-Arbor-Vitae-St-01603/home/16650510,MLS PIN,73411205,N,Y,42.2448604,-71.8379777
MLS Listing,,Multi-Family (2-4 Unit),19 Chrome St,Worcester,MA,01604,559900,6,2.0,Worcester,2459,6334,1905,1,228,,Active,August-2-2025 11:00 AM,August-2-2025 12:30 PM,https://www.redfin.com/MA/Worcester/19-Chrome-St-01604/home/16664578,MLS PIN,73411143,N,Y,42.2571874,-71.7840491
MLS Listing,,Single Family Residential,422 Granite St,Worcester,MA,01604,564865,3,3.5,East Worcester,3000,35927,2025,1,188,,Active,August-2-2025 11:00 AM,August-2-2025 01:00 PM,https://www.redfin.com/MA/Worcester/422-Granite-St-01607/home/196693910,MLS PIN,73411027,N,Y,42.222416,-71.7812674
MLS Listing,,Single Family Residential,23 Whitten St,Worcester,MA,01605,550000,3,2.5,Worcester,1909,8000,1988,1,288,,Active,August-2-2025 12:00 PM,August-2-2025 01:30 PM,https://www.redfin.com/MA/Worcester/23-Whitten-St-01605/home/16654434,MLS PIN,73410947,N,Y,42.2974745,-71.780157
MLS Listing,,Multi-Family (2-4 Unit),10 Greendale Ave,Worcester,MA,01606,600000,4,3.0,Greendale,2011,7200,1913,2,298,,Active,,,https://www.redfin.com/MA/Worcester/10-Greendale-Ave-01606/home/16675100,MLS PIN,73410907,N,Y,42.3082129,-71.7976639
MLS Listing,,Single Family Residential,10 Snowberry Cir,Worcester,MA,01607,469900,3,2.5,Worcester,1288,4000,2025,2,365,,Active,,,https://www.redfin.com/MA/Worcester/10-Snowberry-Cir-01613/home/196684147,MLS PIN,73410678,N,Y,42.227372,-71.80597
MLS Listing,,Multi-Family (2-4 Unit),10 Lamartine St,Worcester,MA,01610,795000,9,3.0,Worcester,3369,3055,1890,2,236,,Active,August-2-2025 12:00 PM,August-2-2025 01:30 PM,https://www.redfin.com/MA/Worcester/10-Lamartine-St-01610/home/16664255,MLS PIN,73410664,N,Y,42.2545842,-71.7993183
MLS Listing,,Multi-Family (5+ Unit),345 Park Ave,Worcester,MA,01610,1200000,10,6.0,Worcester,3296,4825,1890,3,364,,Active,,,https://www.redfin.com/MA/Worcester/345-Park-Ave-01610/home/16663075,MLS PIN,73410330,N,Y,42.2602277,-71.8210288
MLS Listing,,Single Family Residential,7 Atlas St,Worcester,MA,01604,550000,3,1.5,Worcester,2012,7500,1994,3,273,,Active,August-2-2025 03:00 PM,August-2-2025 04:00 PM,https://www.redfin.com/MA/Worcester/7-Atlas-St-01604/home/16654588,MLS PIN,73410189,N,Y,42.2425536,-71.7511964
MLS Listing,,Single Family Residential,132 Winifred Ave,Worcester,MA,01602,625000,3,2.0,Worcester,1636,19686,1963,3,382,,Active,,,https://www.redfin.com/MA/Worcester/132-Winifred-Ave-01602/home/16648468,MLS PIN,73410157,N,Y,42.2781336,-71.8261664
MLS Listing,,Multi-Family (2-4 Unit),7 Bluff St,Worcester,MA,01610,815000,12,3.0,Worcester,3306,7515,1890,3,247,,Active,August-2-2025 02:30 PM,August-2-2025 03:30 PM,https://www.redfin.com/MA/Worcester/7-Bluff-St-01610/home/16663211,MLS PIN,73410063,N,Y,42.258514,-71.8172228
MLS Listing,,Condo/Co-op,11 Hulbert Rd #3,Worcester,MA,01603,249900,2,1.0,Worcester,923,,1988,4,271,370,Active,August-3-2025 12:00 PM,August-3-2025 02:00 PM,https://www.redfin.com/MA/Worcester/11-Hulbert-Rd-01603/unit-3/home/16649934,MLS PIN,73410029,N,Y,42.235796,-71.8465097
MLS Listing,,Multi-Family (2-4 Unit),184 Vernon St,Worcester,MA,01604,695000,6,3.0,Worcester,3257,9394,1904,5,213,,Active,,,https://www.redfin.com/MA/Worcester/184-Vernon-St-01607/home/16676649,MLS PIN,73409912,N,Y,42.2423377,-71.7976711
MLS Listing,,Single Family Residential,497 Massasoit Rd,Worcester,MA,01604,545900,3,1.5,Worcester,1209,7500,1947,5,452,,Active,,,https://www.redfin.com/MA/Worcester/497-Massasoit-Rd-01604/home/16660655,MLS PIN,73409878,N,Y,42.2287502,-71.7623176
MLS Listing,,Townhouse,163 N Lake Ave Unit A,Worcester,MA,01605,739000,3,2.5,Worcester,2248,3542,2024,6,329,,Active,,,https://www.redfin.com/MA/Worcester/163-N-Lake-Ave-01605/unit-A/home/196617011,MLS PIN,73409725,N,Y,42.2834772,-71.7575749
MLS Listing,,Multi-Family (5+ Unit),17 Windsor St,Worcester,MA,01605,1200000,12,6.0,Worcester,5589,9583,1962,6,215,,Active,,,https://www.redfin.com/MA/Worcester/17-Windsor-St-01605/home/181054958,MLS PIN,73409708,N,Y,42.277541,-71.7912277
MLS Listing,,Multi-Family (5+ Unit),11 Mount Vernon St,Worcester,MA,01605,1250000,12,6.0,Worcester,6396,6248,1940,6,195,,Active,,,https://www.redfin.com/MA/Worcester/11-Mount-Vernon-St-01605/home/16671176,MLS PIN,73409707,N,Y,42.2771978,-71.791393
MLS Listing,,Multi-Family (2-4 Unit),4 Fay St,Worcester,MA,01604,599900,9,3.0,Worcester,3746,5537,1890,6,160,,Active,,,https://www.redfin.com/MA/Worcester/4-Fay-St-01604/home/16681509,MLS PIN,73409578,N,Y,42.2569873,-71.7872765
MLS Listing,,Single Family Residential,24 Greybert Ln,Worcester,MA,01602,419900,3,1.0,Worcester,1620,12250,1957,6,259,,Active,,,https://www.redfin.com/MA/Worcester/24-Greybert-Ln-01602/home/16648690,MLS PIN,73409520,N,Y,42.2733629,-71.8528945
MLS Listing,,Single Family Residential,154 Belmont St,Worcester,MA,01605,360000,4,2.0,Worcester,1527,3886,1910,7,236,,Active,,,https://www.redfin.com/MA/Worcester/154-Belmont-St-01605/home/16669096,MLS PIN,73409238,N,Y,42.2721945,-71.7895996
MLS Listing,,Single Family Residential,58 Wedgewood Rd,Worcester,MA,01602,395000,3,1.0,Worcester,1066,43709,1969,7,371,,Active,August-3-2025 12:00 PM,August-3-2025 02:00 PM,https://www.redfin.com/MA/Worcester/58-Wedgewood-Rd-01602/home/16645600,MLS PIN,73409307,N,Y,42.2852687,-71.8730669
MLS Listing,,Single Family Residential,21 Seattle St,Worcester,MA,01603,629900,4,3.0,Summit,2000,,2025,7,315,,Active,,,https://www.redfin.com/MA/Worcester/21-Seattle-St-01605/home/69071588,MLS PIN,73409042,N,Y,42.2993864,-71.7672244
MLS Listing,,Single Family Residential,5A Wigwam Hill Dr Unit A,Worcester,MA,01605,525000,3,2.5,Worcester,1946,5625,2008,7,270,,Active,,,https://www.redfin.com/MA/Worcester/5A-Wigwam-Hill-Dr-01605/unit-A/home/176652507,MLS PIN,73409017,N,Y,42.287483,-71.760356
MLS Listing,,Single Family Residential,360 Hamilton St,Worcester,MA,01604,499000,3,2.0,Grafton/Hamilton Street Lake Park,2336,5760,1890,7,214,,Active,,,https://www.redfin.com/MA/Worcester/360-Hamilton-St-01604/home/16670804,MLS PIN,73408986,N,Y,42.2583798,-71.7660709
MLS Listing,,Multi-Family (2-4 Unit),4 Rockdale St,Worcester,MA,01606,750000,9,3.0,Greendale,3801,6064,1908,7,197,,Active,,,https://www.redfin.com/MA/Worcester/4-Rockdale-St-01606/home/16675452,MLS PIN,73408878,N,Y,42.3095425,-71.7994781
MLS Listing,,Single Family Residential,2 Matteo St,Worcester,MA,01606,559900,3,2.0,Worcester,1624,8089,2000,7,345,,Active,August-3-2025 12:00 PM,August-3-2025 01:30 PM,https://www.redfin.com/MA/Worcester/2-Matteo-St-01606/home/16643747,MLS PIN,73408879,N,Y,42.3302581,-71.7847441
MLS Listing,,Single Family Residential,5 Snowberry Cir,Worcester,MA,01607,469000,3,2.5,Quinsigamond Valley,1236,,2023,8,379,,Active,,,https://www.redfin.com/MA/Worcester/5-Snowberry-CIR-01607/home/184597753,MLS PIN,73408836,N,Y,42.227294,-71.805362
MLS Listing,,Multi-Family (2-4 Unit),57 Swan Ave,Worcester,MA,01602,585000,4,2.5,Worcester,2696,18995,1943,8,217,,Active,,,https://www.redfin.com/MA/Worcester/57-Swan-Ave-01602/home/16648181,MLS PIN,73408745,N,Y,42.2597023,-71.8543677
MLS Listing,,Multi-Family (2-4 Unit),15 Forestdale Rd,Worcester,MA,01605,1275000,10,6.0,Green Hill,4627,17445,1913,8,276,,Active,August-2-2025 12:30 PM,August-2-2025 02:00 PM,https://www.redfin.com/MA/Worcester/15-Forestdale-Rd-01605/home/16671178,MLS PIN,73408707,N,Y,42.2778298,-71.7921125
MLS Listing,,Multi-Family (2-4 Unit),8 Douglas St,Worcester,MA,01603,709900,9,3.0,Worcester,4131,3010,1900,8,172,,Active,,,https://www.redfin.com/MA/Worcester/8-Douglas-St-01603/home/14827059,MLS PIN,73408345,N,Y,42.2454236,-71.8153314
MLS Listing,,Single Family Residential,Lot 1 Nyland St,Worcester,MA,01607,629900,3,2.5,Worcester,2237,12500,2025,8,282,,Active,,,https://www.redfin.com/MA/Worcester/1-Nyland-St-01607/home/196552031,MLS PIN,73408309,N,Y,42.2243273,-71.7811209
MLS Listing,,Multi-Family (2-4 Unit),18 Fairbanks,Worcester,MA,01610,699900,6,3.0,Worcester,2652,9948,1890,8,264,,Active,,,https://www.redfin.com/MA/Worcester/18-Fairbanks-St-01610/home/16677226,MLS PIN,73408278,N,Y,42.2440639,-71.7951642
MLS Listing,,Single Family Residential,163 N Lake Ave,Worcester,MA,01605,739000,3,2.5,Worcester,2248,3542,2024,8,329,,Active,,,https://www.redfin.com/MA/Worcester/163-N-Lake-Ave-01605/home/196547411,MLS PIN,73408247,N,Y,42.2834772,-71.7575749
MLS Listing,,Single Family Residential,16 Sherwood Rd,Worcester,MA,01602,549900,3,2.0,Worcester,2118,9361,2002,8,260,,Active,August-2-2025 11:00 AM,August-2-2025 01:00 PM,https://www.redfin.com/MA/Worcester/16-Sherwood-Rd-01602/home/16658446,MLS PIN,73408184,N,Y,42.2692722,-71.8376534
MLS Listing,,Single Family Residential,47-B Parsons Hill Dr Unit B,Worcester,MA,01603,320000,2,1.5,Worcester,940,3707,1985,8,340,,Active,,,https://www.redfin.com/MA/Worcester/47-Parsons-Hill-Dr-01603/unit-B/home/16643032,MLS PIN,73408156,N,Y,42.2466051,-71.8561193
MLS Listing,,Multi-Family (2-4 Unit),227 Chandler St,Worcester,MA,01609,1000000,11,7.0,Worcester,4206,3631,1912,9,238,,Active,,,https://www.redfin.com/MA/Worcester/227-Chandler-St-01609/home/21788036,MLS PIN,73408120,N,Y,42.2614132,-71.8194466
MLS Listing,,Condo/Co-op,11 Hulbert Rd #8,Worcester,MA,01603,247900,2,1.0,Worcester,936,,1988,9,265,370,Active,August-2-2025 11:00 AM,August-2-2025 12:30 PM,https://www.redfin.com/MA/Worcester/11-Hulbert-Rd-01603/unit-8/home/16649930,MLS PIN,73407915,N,Y,42.235796,-71.8465097
MLS Listing,,Vacant Land,2 Selden St,Worcester,MA,01605,100000,,,Worcester,,7010,,9,,,Active,,,https://www.redfin.com/MA/Worcester/2-Selden-St-01605/home/69071681,MLS PIN,73407749,N,Y,42.287334,-71.784436
MLS Listing,,Vacant Land,3 Selden St,Worcester,MA,01605,80000,,,Worcester,,7020,,9,,,Active,,,https://www.redfin.com/MA/Worcester/3-Selden-St-01605/home/52673977,MLS PIN,73407750,N,Y,42.287587,-71.784947
MLS Listing,,Multi-Family (2-4 Unit),8 Lamar Ave,Worcester,MA,01604,524900,4,2.5,Worcester,2086,10709,1920,9,252,,Active,,,https://www.redfin.com/MA/Worcester/8-Lamar-Ave-01604/home/16666003,MLS PIN,73407728,N,Y,42.2493466,-71.7753382
MLS Listing,,Single Family Residential,35 Nyland St,Worcester,MA,01607,389900,3,1.0,Worcester,1272,7500,1925,9,307,,Active,,,https://www.redfin.com/MA/Worcester/35-Nyland-St-01607/home/16646428,MLS PIN,73407682,N,Y,42.2247705,-71.779462
MLS Listing,,Multi-Family (2-4 Unit),70 Cutler St,Worcester,MA,01604,649000,6,2.0,Worcester,2046,3599,1900,10,317,,Active,August-3-2025 01:00 PM,August-3-2025 02:00 PM,https://www.redfin.com/MA/Worcester/70-Cutler-St-01604/home/16664626,MLS PIN,73407480,N,Y,42.2531315,-71.7870608
MLS Listing,,Multi-Family (2-4 Unit),34 Morningside Rd,Worcester,MA,01602,649000,6,2.0,Worcester,3344,6600,1927,10,194,,Active,,,https://www.redfin.com/MA/Worcester/34-Morningside-Rd-01602/home/16659462,MLS PIN,73407469,N,Y,42.2717901,-71.8334377
MLS Listing,,Single Family Residential,4 Barrows Rd,Worcester,MA,01609,995000,4,2.5,Salisbury Street,3300,6488,2025,10,302,,Active,,,https://www.redfin.com/MA/Worcester/4-Barrows-Rd-01609/home/16643920,MLS PIN,73407421,N,Y,42.3037764,-71.8456331
MLS Listing,,Townhouse,3901 Knightsbridge Close #3901,Worcester,MA,01609,559000,3,3.5,Assumption College,2600,,1987,10,215,610,Active,,,https://www.redfin.com/MA/Worcester/3901-Knightsbridge-Close-01609/unit-3901/home/137425833,MLS PIN,73407254,N,Y,42.305786,-71.841408
MLS Listing,,Single Family Residential,14 Bay Edge Ln,Worcester,MA,01604,1499999,4,3.5,Worcester,2940,8720,2017,10,510,,Active,,,https://www.redfin.com/MA/Worcester/14-Bay-Edge-Ln-01604/home/16651861,MLS PIN,73407227,N,Y,42.2435812,-71.7459833
MLS Listing,,Multi-Family (2-4 Unit),713 Franklin St,Worcester,MA,01604,710000,6,4.0,Worcester,3078,13311,1735,12,231,,Active,August-2-2025 02:00 PM,August-2-2025 03:30 PM,https://www.redfin.com/MA/Worcester/713-Franklin-St-01604/home/16670549,MLS PIN,73406940,N,Y,42.2678576,-71.7715401
MLS Listing,,Townhouse,9 Olga Ave #9,Worcester,MA,01605,344900,2,1.5,Worcester,935,2200,1987,12,369,,Active,,,https://www.redfin.com/MA/Worcester/9-Olga-Ave-01605/unit-9/home/189109619,MLS PIN,73406884,N,Y,42.273076,-71.78488
MLS Listing,,Single Family Residential,12 Romola Rd,Worcester,MA,01605,599900,4,2.0,Worcester,1949,4791,1925,13,308,,Active,August-2-2025 12:00 PM,August-2-2025 01:00 PM,https://www.redfin.com/MA/Worcester/12-Romola-Rd-01605/home/131797789,MLS PIN,73406673,N,Y,42.2923349,-71.8209291
MLS Listing,,Condo/Co-op,531 Main #201,Worcester,MA,01608,347500,2,1.0,Worcester,1500,,1930,13,232,612,Active,,,https://www.redfin.com/MA/Worcester/531-Main-St-01608/unit-201/home/16680218,MLS PIN,73406598,N,Y,42.2615946,-71.8029436
MLS Listing,,Single Family Residential,28 Bittersweet Blvd,Worcester,MA,01607,449900,3,1.5,Worcester,1214,4366,2016,13,371,,Active,,,https://www.redfin.com/MA/Worcester/28-Bittersweet-Blvd-01607/home/69070775,MLS PIN,73406573,N,Y,42.228427,-71.806712
MLS Listing,,Single Family Residential,29 Dominion Rd,Worcester,MA,01604,649900,4,2.5,Worcester,2000,5000,1986,13,325,,Active,,,https://www.redfin.com/MA/Worcester/29-Dominion-Rd-01605/home/16646180,MLS PIN,73406536,N,Y,42.2807712,-71.76325
MLS Listing,,Single Family Residential,190 Dominion Rd,Worcester,MA,01604,449900,2,1.0,Worcester,843,5000,1920,13,534,,Active,,,https://www.redfin.com/MA/Worcester/190-Dominion-Rd-01605/home/16646814,MLS PIN,73406525,N,Y,42.2814861,-71.7587549
MLS Listing,,Single Family Residential,457 Granite St,Worcester,MA,01607,629900,3,2.0,Worcester,2118,59241,2019,13,297,,Active,August-3-2025 02:00 PM,August-3-2025 03:00 PM,https://www.redfin.com/MA/Worcester/457-Granite-St-01607/home/35646647,MLS PIN,73406437,N,Y,42.2209985,-71.7808057
MLS Listing,,Townhouse,18 Massasoit Rd Unit B,Worcester,MA,01604,319000,2,2.0,Worcester,1580,,1986,14,202,125,Active,,,https://www.redfin.com/MA/Worcester/18-Massasoit-Rd-01604/unit-B/home/16660456,MLS PIN,73406172,N,Y,42.2498586,-71.7801552
MLS Listing,,Single Family Residential,33 Aylesbury Rd,Worcester,MA,01609,1299000,4,5.0,Worcester,5472,44158,1966,15,237,,Active,,,https://www.redfin.com/MA/Worcester/33-Aylesbury-Rd-01609/home/16652935,MLS PIN,73398211,N,Y,42.2870063,-71.8363331
MLS Listing,,Mobile/Manufactured Home,557 SW Cutoff #100,Auburn,MA,01501,150000,2,1.0,Southwest Manufactured Housing Community,576,,2015,15,260,,Active,,,https://www.redfin.com/MA/Auburn/557-SW-Cutoff-01501/unit-100/home/196451300,MLS PIN,73405635,N,Y,42.211045,-71.797143
MLS Listing,,Single Family Residential,37 Mohave Rd,Worcester,MA,01606,749900,4,2.5,Worcester,3200,8960,2005,15,234,,Active,,,https://www.redfin.com/MA/Worcester/37-Mohave-Rd-01606/home/16679240,MLS PIN,73405626,N,Y,42.3107115,-71.8125435
MLS Listing,,Multi-Family (2-4 Unit),7 Holt Ave,Worcester,MA,01606,500000,4,2.0,Worcester,1860,8666,1905,15,269,,Active,,,https://www.redfin.com/MA/Worcester/7-Holt-Ave-01606/home/16661940,MLS PIN,73405269,N,Y,42.2976726,-71.7970066
MLS Listing,,Condo/Co-op,6 Chatham Pl #6,Worcester,MA,01609,289900,2,1.0,Worcester,765,,1900,15,379,353,Active,,,https://www.redfin.com/MA/Worcester/6-Chatham-Pl-01609/unit-6/home/16665168,MLS PIN,73405073,N,Y,42.2619758,-71.8059688
MLS Listing,,Condo/Co-op,65 Lake Ave #831,Worcester,MA,01604,464000,2,2.0,Worcester,1504,,1988,15,309,660,Active,August-2-2025 11:00 AM,August-2-2025 12:30 PM,https://www.redfin.com/MA/Worcester/65-Lake-Ave-01604/unit-831/home/16670242,MLS PIN,73405069,N,Y,42.2716522,-71.7583326
MLS Listing,,Single Family Residential,19 Forsberg St,Worcester,MA,01607,429900,3,1.5,Worcester,1222,8700,1927,16,352,,Active,,,https://www.redfin.com/MA/Worcester/19-Forsberg-St-01607/home/16649623,MLS PIN,73404887,N,Y,42.225683,-71.7968835
MLS Listing,,Single Family Residential,323 Burncoat St,Worcester,MA,01606,340000,3,1.5,Worcester,1612,6875,1927,17,211,,Active,,,https://www.redfin.com/MA/Worcester/323-Burncoat-St-01606/home/16658072,MLS PIN,73404363,N,Y,42.308431,-71.7888215
MLS Listing,,Single Family Residential,40 Englewood Ave,Worcester,MA,01603,395000,3,1.0,Worcester,1122,5400,1946,17,352,,Active,,,https://www.redfin.com/MA/Worcester/40-Englewood-Ave-01603/home/16673694,MLS PIN,73404285,N,Y,42.2563954,-71.835754
MLS Listing,,Condo/Co-op,25 Salisbury Hill Blvd #56,Worcester,MA,01609,634900,2,2.5,Worcester,1855,,2025,17,342,400,Active,,,https://www.redfin.com/MA/Worcester/25-Salisbury-Hill-Blvd-01609/unit-56/home/196399563,MLS PIN,73403977,N,Y,42.2975758,-71.8508977
MLS Listing,,Condo/Co-op,25 Salisbury Hill Blvd #69,Worcester,MA,01609,634900,2,2.5,Worcester,1916,,2025,17,331,411,Active,,,https://www.redfin.com/MA/Worcester/25-Salisbury-Hill-Blvd-01609/unit-69/home/196399562,MLS PIN,73403978,N,Y,42.2975758,-71.8508977
MLS Listing,,Single Family Residential,41 Eagle Rd,Worcester,MA,01605,455000,2,2.0,North Worcester,1208,7762,1950,17,377,,Active,,,https://www.redfin.com/MA/Worcester/41-Eagle-Rd-01605/home/16662447,MLS PIN,73403900,N,Y,42.2917828,-71.8175269
MLS Listing,,Single Family Residential,141 Sunderland Rd,Worcester,MA,01604,350000,2,1.0,Worcester,996,12196,1925,17,351,,Active,,,https://www.redfin.com/MA/Worcester/141-Sunderland-Rd-01604/home/16665315,MLS PIN,73403858,N,Y,42.247561,-71.7667196
MLS Listing,,Single Family Residential,67 Everard St,Worcester,MA,01605,319000,2,1.5,Worcester,750,2410,1987,18,425,,Active,,,https://www.redfin.com/MA/Worcester/67-Everard-St-01605/home/16672164,MLS PIN,73403759,N,Y,42.2763698,-71.7850183
MLS Listing,,Vacant Land,LOT 29 Boardman,Worcester,MA,01605,124900,,,North Worcester,,5141,,19,,,Active,,,https://www.redfin.com/MA/Worcester/29-Boardman-St-01606/home/16675594,MLS PIN,73403541,N,Y,42.2949103,-71.8056865
MLS Listing,,Single Family Residential,44 Boardman.st.,Worcester,MA,01606,424900,3,1.5,Worcester,1891,7586,1920,19,225,,Active,,,https://www.redfin.com/MA/Worcester/44-Boardman-St-01606/home/16674193,MLS PIN,73403538,N,Y,42.2959448,-71.8051769
MLS Listing,,Single Family Residential,477 Salisbury St,Worcester,MA,01609,679900,3,2.5,Worcester,2296,15930,1963,20,296,,Active,August-3-2025 01:00 AM,August-3-2025 03:00 PM,https://www.redfin.com/MA/Worcester/477-Salisbury-St-01609/home/16653758,MLS PIN,73403279,N,Y,42.2879646,-71.8288513
MLS Listing,,Multi-Family (2-4 Unit),12-14 Boardman St,Worcester,MA,01606,889900,8,4.0,Worcester,6004,16891,1895,20,148,,Active,,,https://www.redfin.com/MA/Worcester/14-Boardman-St-01606/home/16674561,MLS PIN,73403146,N,Y,42.2937082,-71.8051864
MLS Listing,,Single Family Residential,23 Clarendon St,Worcester,MA,01604,300000,3,1.0,Worcester,1085,3750,1898,21,276,,Active,,,https://www.redfin.com/MA/Worcester/23-Clarendon-St-01604/home/16669917,MLS PIN,73403053,N,Y,42.2593732,-71.779184
MLS Listing,,Multi-Family (2-4 Unit),11 Shamrock St,Worcester,MA,01605,689000,9,3.0,Worcester,3279,4634,1880,21,210,,Active,August-3-2025 01:00 PM,August-3-2025 02:00 PM,https://www.redfin.com/MA/Worcester/11-Shamrock-St-01605/home/16672305,MLS PIN,73402974,N,Y,42.265015,-71.7885899
MLS Listing,,Single Family Residential,43 Huntington Ave,Worcester,MA,01606,385000,3,2.0,Indian Lake,1194,5000,1946,21,322,,Active,,,https://www.redfin.com/MA/Worcester/43-Huntington-Ave-01606/home/16666626,MLS PIN,73391690,N,Y,42.2926883,-71.810125
MLS Listing,,Single Family Residential,10 Almont Ave,Worcester,MA,01604,434900,4,2.0,Worcester,1670,5250,1890,21,260,,Active,,,https://www.redfin.com/MA/Worcester/10-Almont-Ave-01604/home/16670161,MLS PIN,73402884,N,Y,42.2568812,-71.7812691
MLS Listing,,Condo/Co-op,10 Rutledge St Unit 3G,Worcester,MA,01604,249000,2,2.0,Worcester,1200,,1987,21,208,454,Active,,,https://www.redfin.com/MA/Worcester/10-Rutledge-St-01604/unit-3G/home/16657940,MLS PIN,73402788,N,Y,42.2447846,-71.7863751
MLS Listing,,Condo/Co-op,31 Chestnut St #4,Worcester,MA,01609,249900,2,1.0,Worcester,986,,1940,21,253,519,Active,,,https://www.redfin.com/MA/Worcester/31-Chestnut-St-01609/unit-4/home/16668490,MLS PIN,73402696,N,Y,42.266872,-71.8039808
MLS Listing,,Single Family Residential,48 Burncoat Ter,Worcester,MA,01605,448000,3,1.5,Burncoat,1650,6706,1930,21,272,,Active,August-3-2025 12:00 PM,August-3-2025 02:00 PM,https://www.redfin.com/MA/Worcester/48-Burncoat-Ter-01605/home/179746840,MLS PIN,73402386,N,Y,42.2915115,-71.7931591
MLS Listing,,Single Family Residential,14 4th St,Worcester,MA,01602,399999,2,1.5,Worcester,1200,5100,1987,21,333,,Active,,,https://www.redfin.com/MA/Worcester/14-4th-St-01602/home/16647610,MLS PIN,73402375,N,Y,42.2559844,-71.8495281
MLS Listing,,Vacant Land,17 Forestdale Rd,Worcester,MA,01605,199900,,,Worcester,,7117,,22,,,Active,August-2-2025 12:30 PM,August-2-2025 02:00 PM,https://www.redfin.com/MA/Worcester/17-Forestdale-Rd-01605/home/62522546,MLS PIN,73402312,N,Y,42.277822,-71.7918849
MLS Listing,,Condo/Co-op,10A Hulbert Rd #10,Worcester,MA,01603,249900,2,1.0,Worcester,886,,1988,22,282,390,Active,,,https://www.redfin.com/MA/Worcester/10-Hulbert-Rd-01603/unit-10/home/77511913,MLS PIN,73400223,N,Y,42.2360088,-71.8459952
MLS Listing,,Single Family Residential,5 Amber St,Worcester,MA,01602,350000,3,1.0,Worcester,1163,12500,1923,22,301,,Active,August-2-2025 12:00 PM,August-2-2025 01:00 PM,https://www.redfin.com/MA/Worcester/5-Amber-St-01602/home/16647687,MLS PIN,73402267,N,Y,42.2603742,-71.8541915
MLS Listing,,Single Family Residential,644 Franklin St,Worcester,MA,01604,405000,4,2.0,Worcester,1777,4009,1988,22,228,,Active,August-2-2025 02:00 PM,August-2-2025 05:00 PM,https://www.redfin.com/MA/Worcester/644-Franklin-St-01604/home/16667817,MLS PIN,73402037,N,Y,42.2669536,-71.7753841
MLS Listing,,Single Family Residential,2 Hingham Rd,Worcester,MA,01606,425000,3,1.5,Worcester,1344,10000,1973,22,316,,Active,,,https://www.redfin.com/MA/Worcester/2-Hingham-Rd-01606/home/16644133,MLS PIN,73401954,N,Y,42.3175625,-71.8141187
MLS Listing,,Townhouse,15 Cobblestone Ln #15,Worcester,MA,01606,299900,2,1.5,Worcester,1292,,1974,22,232,530,Active,,,https://www.redfin.com/MA/Worcester/15-Candlewood-Pl-01606/unit-15/home/137439904,MLS PIN,73401850,N,Y,42.315658,-71.775757
MLS Listing,,Single Family Residential,179 Hamilton St,Worcester,MA,01604,409900,3,1.0,Worcester,1413,5000,1906,23,290,,Active,August-2-2025 11:00 AM,August-2-2025 01:00 PM,https://www.redfin.com/MA/Worcester/179-Hamilton-St-01604/home/16667943,MLS PIN,73401337,N,Y,42.2565578,-71.7751992
MLS Listing,,Multi-Family (2-4 Unit),165 Ingleside Ave,Worcester,MA,01604,710000,6,3.0,Worcester,2886,3622,1898,23,246,,Active,August-3-2025 11:00 AM,August-3-2025 12:00 PM,https://www.redfin.com/MA/Worcester/165-Ingleside-Ave-01604/home/16670206,MLS PIN,73401317,N,Y,42.2535365,-71.7799717
MLS Listing,,Single Family Residential,21 Lodi St,Worcester,MA,01608,349000,2,1.0,Worcester,1100,2250,1890,24,317,,Active,,,https://www.redfin.com/MA/Worcester/21-Lodi-St-01608/home/16664243,MLS PIN,73400532,N,Y,42.2538462,-71.8030456
MLS Listing,,Multi-Family (2-4 Unit),87 W Boylston St,Worcester,MA,01606,720000,6,3.0,Greendale,3105,6450,1890,25,232,,Active,,,https://www.redfin.com/MA/Worcester/87-W-Boylston-St-01606/home/16674139,MLS PIN,73399878,N,Y,42.2918768,-71.8055939
MLS Listing,,Multi-Family (2-4 Unit),2 Rockdale St,Worcester,MA,01606,750000,9,3.0,Greendale,3804,8102,1908,25,197,,Active,,,https://www.redfin.com/MA/Worcester/2-Rockdale-St-01606/home/16675454,MLS PIN,73399877,N,Y,42.30938,-71.799562
MLS Listing,,Multi-Family (2-4 Unit),15 Boardman St,Worcester,MA,01606,700000,9,3.0,Greendale,3591,7189,1920,25,195,,Active,,,https://www.redfin.com/MA/Worcester/15-Boardman-St-01606/home/16674572,MLS PIN,73399876,N,Y,42.2941726,-71.8057328
MLS Listing,,Single Family Residential,1250 Pleasant St,Worcester,MA,01602,599000,3,2.0,Worcester,1906,15509,1910,26,314,,Active,,,https://www.redfin.com/MA/Worcester/1250-Pleasant-St-01602/home/16654251,MLS PIN,73399827,N,Y,42.2788492,-71.8661893
MLS Listing,,Single Family Residential,227 Plantation St,Worcester,MA,01604,434000,1,1.0,Worcester,1250,5745,1948,28,347,,Active,,,https://www.redfin.com/MA/Worcester/227-Plantation-St-01604/home/16667464,MLS PIN,73399587,N,Y,42.2649318,-71.7759813
MLS Listing,,Single Family Residential,65 Brightwood Ave,Worcester,MA,01604,425000,4,2.0,Worcester,1494,10000,1935,28,284,,Active,,,https://www.redfin.com/MA/Worcester/65-Brightwood-Ave-01604/home/16646916,MLS PIN,73399523,N,Y,42.2444019,-71.7754308
MLS Listing,,Single Family Residential,8 Hobson Ave,Worcester,MA,01603,549900,4,3.0,Worcester,2105,3813,1890,29,261,,Active,August-2-2025 12:00 PM,August-2-2025 01:30 PM,https://www.redfin.com/MA/Worcester/8-Hobson-Ave-01603/home/16673734,MLS PIN,73399261,N,Y,42.2555418,-71.8329934
MLS Listing,,Townhouse,98 Eastern Ave #403,Worcester,MA,01605,259900,2,1.5,Worcester,1328,,1893,29,196,292,Active,,,https://www.redfin.com/MA/Worcester/98-Eastern-Ave-01605/unit-403/home/16669227,MLS PIN,73378133,N,Y,42.2701514,-71.7902579
MLS Listing,,Single Family Residential,40 Hastings Ave,Worcester,MA,01606,650000,2,1.5,Worcester,1288,5978,2025,29,505,,Active,,,https://www.redfin.com/MA/Worcester/40-Boyd-St-01606/home/16674600,MLS PIN,73399140,N,Y,42.2936722,-71.8072316
MLS Listing,,Townhouse,2 Maria Ln #2,Worcester,MA,01606,539900,2,2.5,Burncoat,1773,,2016,30,305,526,Active,August-1-2025 04:00 PM,August-1-2025 05:00 PM,https://www.redfin.com/MA/Worcester/2-Maria-Ln-01606/unit-2/home/196248521,MLS PIN,73399028,N,Y,42.3148159,-71.7789179
MLS Listing,,Single Family Residential,3 Navajo Rd,Worcester,MA,01606,639900,4,2.5,Worcester,2220,7782,2003,30,288,,Active,August-3-2025 11:00 AM,August-3-2025 01:00 PM,https://www.redfin.com/MA/Worcester/3-Navajo-Rd-01606/home/16681079,MLS PIN,73399008,N,Y,42.3091898,-71.8118948
MLS Listing,,Multi-Family (2-4 Unit),14 Hancock St,Worcester,MA,01610,859900,11,3.5,Worcester,3191,3950,1898,30,269,,Active,,,https://www.redfin.com/MA/Worcester/14-Hancock-St-01610/home/16656306,MLS PIN,73399003,N,Y,42.2505595,-71.8187516
MLS Listing,,Single Family Residential,44 Westminster St,Worcester,MA,01605,549000,7,3.5,Worcester,2724,8114,1918,30,202,,Active,August-3-2025 03:00 PM,August-3-2025 04:00 PM,https://www.redfin.com/MA/Worcester/44-Westminster-St-01605/home/16678383,MLS PIN,73398957,N,Y,42.2790334,-71.7920185
MLS Listing,,Vacant Land,13 Sigel St,Worcester,MA,01610,369000,,,Green Island,,7173,,30,,,Active,,,https://www.redfin.com/MA/Worcester/13-Sigel-St-01610/home/16664127,MLS PIN,73398939,N,Y,42.251283,-71.8014691
MLS Listing,,Condo/Co-op,24 Cobblestone Ln #7,Worcester,MA,01606,419000,3,2.5,Worcester,1817,,1974,30,231,615,Active,August-3-2025 01:00 PM,August-3-2025 03:00 PM,https://www.redfin.com/MA/Worcester/24-Cobblestone-Ln-01606/unit-7/home/196244009,MLS PIN,73398735,N,Y,42.3163386,-71.7758608
MLS Listing,,Single Family Residential,10 Trowbridge Rd,Worcester,MA,01609,789000,7,3.5,WPI,3798,6750,1905,31,208,,Active,,,https://www.redfin.com/MA/Worcester/10-Trowbridge-Rd-01609/home/16676440,MLS PIN,73396944,N,Y,42.2714335,-71.8100416
MLS Listing,,Multi-Family (2-4 Unit),94 Massasoit Rd,Worcester,MA,01604,519900,3,2.0,Worcester,1336,7027,1900,31,389,,Active,August-2-2025 03:00 PM,August-2-2025 04:30 PM,https://www.redfin.com/MA/Worcester/94-Massasoit-Rd-01604/home/16646751,MLS PIN,73396642,N,Y,42.2478219,-71.7754774
MLS Listing,,Condo/Co-op,10 Nuttall Ln #3,Worcester,MA,01604,240000,2,1.0,Worcester,930,,1990,34,258,449,Active,,,https://www.redfin.com/MA/Worcester/10-Nuttall-Ln-01604/unit-3/home/16681105,MLS PIN,73382506,N,Y,42.2489969,-71.7860647
MLS Listing,,Single Family Residential,89 Westview,Worcester,MA,01602,479000,3,1.0,Worcester,1382,7354,1952,35,347,,Active,,,https://www.redfin.com/MA/Worcester/89-Westview-Rd-01602/home/16658425,MLS PIN,73397022,N,Y,42.2677327,-71.8362173
MLS Listing,,Single Family Residential,44 Hastings Ave,Worcester,MA,01606,750000,2,1.5,Worcester,1456,5978,2025,35,515,,Active,,,https://www.redfin.com/MA/Worcester/44-Hastings-Ave-01606/home/196192201,MLS PIN,73396941,N,Y,42.2939846,-71.8084118
MLS Listing,,Multi-Family (2-4 Unit),18 Catharine St,Worcester,MA,01605,1395000,11,4.0,Worcester,6246,11850,1900,36,223,,Active,,,https://www.redfin.com/MA/Worcester/18-Catharine-St-01605/home/16671334,MLS PIN,73396791,N,Y,42.2753835,-71.793061
MLS Listing,,Single Family Residential,61 Brigham Rd,Worcester,MA,01609,410000,2,1.0,Worcester,1009,17000,1946,36,406,,Active,,,https://www.redfin.com/MA/Worcester/61-Brigham-Rd-01609/home/16644044,MLS PIN,73373452,N,Y,42.2930513,-71.8464944
MLS Listing,,Multi-Family (2-4 Unit),230 Pleasant St,Worcester,MA,01609,650000,7,3.0,Worcester,2976,6894,1870,36,218,,Active,,,https://www.redfin.com/MA/Worcester/230-Pleasant-St-01609/home/16668215,MLS PIN,73396353,N,Y,42.2638651,-71.8100416
MLS Listing,,Multi-Family (2-4 Unit),66 Locust Ave,Worcester,MA,01604,649900,4,3.0,Worcester,2448,6000,1968,38,265,,Active,,,https://www.redfin.com/MA/Worcester/66-Locust-Ave-01604/home/16671536,MLS PIN,73395100,N,Y,42.2682467,-71.7621323
MLS Listing,,Condo/Co-op,31 Chestnut St #2,Worcester,MA,01609,235000,2,1.0,Worcester,994,,1940,39,236,518,Active,,,https://www.redfin.com/MA/Worcester/31-Chestnut-St-01609/unit-2/home/16668492,MLS PIN,73394998,N,Y,42.266872,-71.8039808
MLS Listing,,Multi-Family (2-4 Unit),14 Douglas Ct,Worcester,MA,01603,799900,9,3.0,Worcester,3753,6382,1900,39,213,,Active,,,https://www.redfin.com/MA/Worcester/14-Douglas-Ct-01603/home/16655601,MLS PIN,73394971,N,Y,42.2454095,-71.8164029
MLS Listing,,Townhouse,8 Salisbury Hill Blvd #76,Worcester,MA,01609,709900,3,2.0,Worcester,2032,,2023,40,349,394,Active,,,https://www.redfin.com/MA/Worcester/8-Salisbury-Hill-Blvd-01609/unit-76/home/187831230,MLS PIN,73394787,N,Y,42.2984557,-71.848365
MLS Listing,,Single Family Residential,64 Suffolk St,Worcester,MA,01604,269900,2,2.0,Worcester,1427,2816,1900,42,189,,Active,,,https://www.redfin.com/MA/Worcester/64-Suffolk-St-01604/home/16664849,MLS PIN,73393838,N,Y,42.2576937,-71.7869602
MLS Listing,,Multi-Family (2-4 Unit),371 Mill St,Worcester,MA,01602,670000,6,2.0,Worcester,2200,12477,1973,42,305,,Active,,,https://www.redfin.com/MA/Worcester/371-Mill-St-01602/home/16679425,MLS PIN,73393596,N,Y,42.2603757,-71.8504771
MLS Listing,,Single Family Residential,2 Oxford Pl,Worcester,MA,01609,769900,4,4.0,Crown Hill,4032,4927,1851,43,191,,Active,,,https://www.redfin.com/MA/Worcester/2-Oxford-Pl-01609/home/16668820,MLS PIN,73393249,N,Y,42.2633499,-71.8081952
MLS Listing,,Single Family Residential,5 Woodland Dr,Paxton,MA,01612,474900,3,2.5,Paxton,1845,20386,1962,43,257,,Active,,,https://www.redfin.com/MA/Paxton/5-Woodland-Dr-01612/home/16581203,MLS PIN,73392859,N,Y,42.2821849,-71.8827722
MLS Listing,,Townhouse,31 Pointe Rok #31,Worcester,MA,01604,369000,2,3.0,Worcester,1723,,1986,43,214,894,Active,,,https://www.redfin.com/MA/Worcester/31-Pointe-Rok-Dr-01604/unit-31/home/77503752,MLS PIN,73392745,N,Y,42.238391,-71.73471
MLS Listing,,Multi-Family (2-4 Unit),346 Lovell St,Worcester,MA,01602,875000,3,4.0,West Side,2690,8250,1920,43,325,,Active,,,https://www.redfin.com/MA/Worcester/346-Lovell-St-01602/home/16673914,MLS PIN,73392695,N,Y,42.2622969,-71.8289011
MLS Listing,,Condo/Co-op,340 Sunderland Rd #2,Worcester,MA,01604,299000,2,2.0,Worcester,992,,1982,44,301,380,Active,,,https://www.redfin.com/MA/Worcester/340-Sunderland-Rd-01604/unit-2/home/16660797,MLS PIN,73375383,N,Y,42.2421774,-71.7576926
MLS Listing,,Multi-Family (5+ Unit),9-11 Dover St,Worcester,MA,01609,1650000,18,6.0,Worcester,6885,7410,1905,44,240,,Active,,,https://www.redfin.com/MA/Worcester/11-Dover-St-01609/home/194263969,MLS PIN,73392076,N,Y,42.2709628,-71.8138638
MLS Listing,,Condo/Co-op,315 Cambridge St Unit 302A,Worcester,MA,01603,259000,2,1.0,Worcester,875,,2006,44,296,363,Active,,,https://www.redfin.com/MA/Worcester/315-Cambridge-St-01603/unit-302A/home/16680516,MLS PIN,73391982,N,Y,42.2437303,-71.8175877
MLS Listing,,Single Family Residential,5 Acton St,Worcester,MA,01604,479900,3,3.0,Worcester,1944,5002,2004,45,247,,Active,,,https://www.redfin.com/MA/Worcester/5-Acton-St-01604/home/16660472,MLS PIN,73391683,N,Y,42.2505738,-71.7819177
MLS Listing,,Multi-Family (2-4 Unit),32 Ames St,Worcester,MA,01604,749900,9,3.0,Worcester,3852,3477,1900,45,195,,Active,,,https://www.redfin.com/MA/Worcester/32-Ames-St-01604/home/16677544,MLS PIN,73391646,N,Y,42.2425202,-71.7941832
MLS Listing,,Vacant Land,LOT 2 Mower St,Worcester,MA,01602,175000,,,Worcester,,17323,,45,,,Active,,,https://www.redfin.com/MA/Worcester/2-Mower-St-01602/home/139675039,MLS PIN,73391267,N,Y,42.278279,-71.8533895
MLS Listing,,Single Family Residential,10 Byron St,Worcester,MA,01605,379999,4,1.5,Worcester,2176,3658,1890,47,175,,Active,,,https://www.redfin.com/MA/Worcester/10-Byron-St-01605/home/16677452,MLS PIN,73391050,N,Y,42.2835785,-71.799934
MLS Listing,,Single Family Residential,132 Institute Rd,Worcester,MA,01602,425000,3,2.0,WPI,1702,6500,1912,47,250,,Active,,,https://www.redfin.com/MA/Worcester/132-Institute-Rd-01602/home/16666963,MLS PIN,73391023,N,Y,42.2735506,-71.8144996
MLS Listing,,Multi-Family (2-4 Unit),1-3 Cottage St,Worcester,MA,01609,565000,8,3.0,Worcester,2579,2325,1900,48,219,,Active,,,https://www.redfin.com/MA/Worcester/13-Cottage-St-01609/home/16668179,MLS PIN,73390813,N,Y,42.264656,-71.8097
MLS Listing,,Single Family Residential,38 Etre Dr,Worcester,MA,01604,869000,4,3.5,Worcester,3050,10500,1998,48,285,,Active,,,https://www.redfin.com/MA/Worcester/38-Etre-Dr-01604/home/16651212,MLS PIN,73390631,N,Y,42.2385451,-71.7408627
MLS Listing,,Single Family Residential,577 Grove St,Worcester,MA,01605,669000,4,2.0,Worcester,3836,18257,1954,48,174,,Active,,,https://www.redfin.com/MA/Worcester/577-Grove-St-01605/home/16662512,MLS PIN,73390466,N,Y,42.2936006,-71.8172306
MLS Listing,,Single Family Residential,167 Orient St,Worcester,MA,01604,519900,3,2.5,Worcester,1630,5000,2005,49,319,,Active,August-3-2025 12:00 PM,August-3-2025 02:00 PM,https://www.redfin.com/MA/Worcester/167-Orient-St-01604/home/16679250,MLS PIN,73390524,N,Y,42.2653027,-71.7774675
MLS Listing,,Single Family Residential,10 Arbutus Rd,Worcester,MA,01606,375000,3,1.5,Worcester,1876,6653,1928,49,200,,Active,,,https://www.redfin.com/MA/Worcester/10-Arbutus-Rd-01606/home/16659382,MLS PIN,73385986,N,Y,42.3148758,-71.7890532
MLS Listing,,Vacant Land,42 Rustic Dr Ext,Worcester,MA,01609,120000,,,Worcester,,10340,,50,,,Active,,,https://www.redfin.com/MA/Worcester/42-Rustic-Drive-Ext-01609/home/69071715,MLS PIN,73389704,N,Y,42.280235,-71.843591
MLS Listing,,Multi-Family (2-4 Unit),27 Lyon,Worcester,MA,01604,550000,6,3.0,Worcester,2616,4929,1860,50,210,,Active,,,https://www.redfin.com/MA/Worcester/27-Lyon-St-01604/home/16671359,MLS PIN,73389231,N,Y,42.2641265,-71.7855841
MLS Listing,,Multi-Family (2-4 Unit),16 Hillside St,Worcester,MA,01610,799900,9,3.0,Worcester,4056,5527,1900,50,197,,Active,,,https://www.redfin.com/MA/Worcester/16-Hillside-St-01610/home/16663863,MLS PIN,73389058,N,Y,42.2475643,-71.7967908
MLS Listing,,Townhouse,10 Sprucewood Ln #10,Worcester,MA,01606,449000,2,2.5,Worcester,1775,,2004,50,253,471,Active,,,https://www.redfin.com/MA/Worcester/10-Sprucewood-Ln-01606/unit-10/home/77494036,MLS PIN,73387804,N,Y,42.337066,-71.785638
MLS Listing,,Multi-Family (2-4 Unit),15 Circuit Ave E,Worcester,MA,01603,900000,12,4.0,Worcester,4196,8100,1910,52,214,,Active,,,https://www.redfin.com/MA/Worcester/15-Circuit-Ave-E-01603/home/16673410,MLS PIN,73388191,N,Y,42.2540123,-71.8359855
MLS Listing,,Single Family Residential,9 Dennison Rd,Worcester,MA,01609,774900,5,4.5,Worcester,3094,10375,1920,52,250,,Active,,,https://www.redfin.com/MA/Worcester/9-Dennison-Rd-01609/home/16653615,MLS PIN,73387854,N,Y,42.2877666,-71.8301484
MLS Listing,,Townhouse,56 Richards St #0,Worcester,MA,01603,419000,3,2.0,Worcester,1304,14503,2024,52,321,220,Active,,,https://www.redfin.com/MA/Worcester/56-Richards-St-01603/unit-0/home/196025796,MLS PIN,73387743,N,Y,42.2445778,-71.8239858
MLS Listing,,Multi-Family (5+ Unit),377 Park Ave,Worcester,MA,01610,1379900,3,4.0,Worcester,4201,3536,1920,53,328,,Active,,,https://www.redfin.com/MA/Worcester/377-Park-Ave-01610/home/28466275,MLS PIN,73387501,N,Y,42.258563,-71.8219715
MLS Listing,,Single Family Residential,24A Outlook Dr Unit A,Worcester,MA,01602,465000,3,2.5,Tatnuck,2368,5288,2010,55,196,,Active,,,https://www.redfin.com/MA/Worcester/24A-Outlook-Dr-01602/unit-A/home/193096616,MLS PIN,73387261,N,Y,42.259848,-71.8515201
MLS Listing,,Single Family Residential,1 Melville St,Worcester,MA,01605,499999,4,1.5,Burncoat,2142,6600,1894,55,233,,Active,,,https://www.redfin.com/MA/Worcester/1-Melville-St-01605/home/16677485,MLS PIN,73386916,N,Y,42.2870367,-71.7912772
MLS Listing,,Multi-Family (2-4 Unit),14 Mendon St,Worcester,MA,01604,699999,9,3.0,Worcester,3639,4083,1910,55,192,,Active,,,https://www.redfin.com/MA/Worcester/14-Mendon-St-01604/home/16665368,MLS PIN,73368541,N,Y,42.2551052,-71.7886277
MLS Listing,,Single Family Residential,34 Cutler St,Worcester,MA,01604,399900,3,1.5,Worcester,1320,4143,1880,56,303,,Active,,,https://www.redfin.com/MA/Worcester/34-Cutler-St-01604/home/16664021,MLS PIN,73386703,N,Y,42.2545507,-71.7872381
MLS Listing,,Condo/Co-op,35 Wall Unit B,Worcester,MA,01604,339900,3,1.5,Worcester,1863,1863,1990,57,182,200,Active,August-3-2025 01:00 PM,August-3-2025 02:00 PM,https://www.redfin.com/MA/Worcester/35-Wall-St-01604/unit-B/home/16664859,MLS PIN,73385438,N,Y,42.2585881,-71.7862268
MLS Listing,,Condo/Co-op,65 Lake #809,Worcester,MA,01604,450000,2,2.0,Worcester,1526,,1988,58,295,660,Active,,,https://www.redfin.com/MA/Worcester/65-Lake-Ave-01604/unit-809/home/16670264,MLS PIN,73384788,N,Y,42.2716522,-71.7583326
MLS Listing,,Multi-Family (2-4 Unit),15 Russell St,Worcester,MA,01609,885000,9,4.0,Worcester,4931,7818,1890,58,179,,Active,,,https://www.redfin.com/MA/Worcester/15-Russell-St-01609/home/16663431,MLS PIN,73384395,N,Y,42.262075,-71.8147853
MLS Listing,,Multi-Family (2-4 Unit),629 Cambridge St,Worcester,MA,01610,575000,7,3.0,Worcester,2410,5156,1900,58,239,,Active,,,https://www.redfin.com/MA/Worcester/629-Cambridge-St-01610/home/16655731,MLS PIN,73384298,N,Y,42.245313,-71.8058255
MLS Listing,,Multi-Family (5+ Unit),6 Milton St,Worcester,MA,01605,2500000,28,12.0,Worcester,8228,10672,1905,60,304,,Active,August-2-2025 10:00 AM,August-2-2025 11:00 AM,https://www.redfin.com/MA/Worcester/6-Milton-St-01605/home/16677962,MLS PIN,73383309,N,Y,42.2822832,-71.8039003
MLS Listing,,Single Family Residential,55 Mendon St,Worcester,MA,01604,429999,4,1.5,Worcester,1468,3484,1890,62,293,,Active,,,https://www.redfin.com/MA/Worcester/55-Mendon-St-01604/home/16663971,MLS PIN,73382744,N,Y,42.2520746,-71.7878369
MLS Listing,,Multi-Family (2-4 Unit),37 Vernon St,Worcester,MA,01610,750000,9,3.0,Worcester,4410,4657,1890,62,170,,Active,,,https://www.redfin.com/MA/Worcester/37-Vernon-St-01610/home/16665360,MLS PIN,73382236,N,Y,42.252236,-71.7956672
MLS Listing,,Single Family Residential,45 Dillon St,Worcester,MA,01604,600000,4,2.5,Worcester,3064,6600,1985,63,196,,Active,,,https://www.redfin.com/MA/Worcester/45-Dillon-St-01604/home/16658261,MLS PIN,73382475,N,Y,42.2427432,-71.7876168
MLS Listing,,Multi-Family (2-4 Unit),215 Beacon St,Worcester,MA,01610,700000,12,3.0,Worcester,4260,5121,1910,63,164,,Active,,,https://www.redfin.com/MA/Worcester/215-Beacon-St-01610/home/16656322,MLS PIN,73382235,N,Y,42.2512292,-71.8150916
MLS Listing,,Multi-Family (2-4 Unit),80 Chatham St,Worcester,MA,01609,700000,13,3.5,Worcester,4185,3753,1890,63,167,,Active,,,https://www.redfin.com/MA/Worcester/80-Chatham-St-01609/home/16668204,MLS PIN,73381918,N,Y,42.2627378,-71.809532
MLS Listing,,Single Family Residential,41 Rustic Drive Ext,Worcester,MA,01609,829865,4,3.5,Assumption College,3676,10000,2018,65,226,,Active,August-3-2025 11:30 AM,August-3-2025 12:30 PM,https://www.redfin.com/MA/Worcester/41-Rustic-Drive-Ext-01609/home/69071706,MLS PIN,73380103,N,Y,42.2807412,-71.8432511
MLS Listing,,Multi-Family (2-4 Unit),29 Tatman St,Worcester,MA,01607,774900,6,3.0,Worcester,3068,8250,1909,65,253,,Active,,,https://www.redfin.com/MA/Worcester/29-Tatman-St-01607/home/16676975,MLS PIN,73380077,N,Y,42.2284323,-71.7965483
MLS Listing,,Multi-Family (2-4 Unit),146 Beacon St,Worcester,MA,01610,339999,4,2.0,Worcester,2432,5227,1890,66,140,,Active,,,https://www.redfin.com/MA/Worcester/146-Beacon-St-01610/home/16656097,MLS PIN,73376474,N,Y,42.2530327,-71.8115242
MLS Listing,,Single Family Residential,612 Grove St Lot 1,Worcester,MA,01605,799900,6,4.0,Indian Lake,3090,17523,1890,69,259,,Active,,,https://www.redfin.com/MA/Worcester/612-Grove-St-01605/unit-1/home/195901646,MLS PIN,73379489,N,Y,42.2964918,-71.8184855
MLS Listing,,Single Family Residential,3 Clegg St,Worcester,MA,01603,430000,3,1.5,Worcester,1484,3495,2004,70,290,,Active,,,https://www.redfin.com/MA/Worcester/3-Clegg-St-01603/home/16679272,MLS PIN,73378983,N,Y,42.2407401,-71.8621129
MLS Listing,,Vacant Land,342 Lake Ave,Worcester,MA,01604,199000,,,Worcester,,11170,,70,,,Active,,,https://www.redfin.com/MA/Worcester/342-Lake-Ave-01604/home/191900671,MLS PIN,73378689,N,Y,42.2533837,-71.7528966
MLS Listing,,Multi-Family (2-4 Unit),21 Sigel St,Worcester,MA,01610,575900,5,2.0,Worcester,1592,7984,1890,71,362,,Active,,,https://www.redfin.com/MA/Worcester/21-Sigel-St-01610/home/16664124,MLS PIN,73378249,N,Y,42.2509919,-71.8021442
MLS Listing,,Single Family Residential,15 Greenview Ln,Worcester,MA,01609,838500,4,2.5,Worcester,2737,11519,1994,72,306,25,Active,,,https://www.redfin.com/MA/Worcester/15-Green-View-Ln-01609/home/16653695,MLS PIN,73359322,N,Y,42.2863118,-71.8453204
MLS Listing,,Single Family Residential,31 Lenox St,Worcester,MA,01602,1395000,7,4.0,Worcester,4868,16111,1897,73,287,,Active,,,https://www.redfin.com/MA/Worcester/31-Lenox-St-01602/home/16675913,MLS PIN,73377448,N,Y,42.2777402,-71.8334608
MLS Listing,,Multi-Family (2-4 Unit),574 Pleasant St,Worcester,MA,01602,3750000,0,,Worcester,12000,,1910,73,313,,Active,,,https://www.redfin.com/MA/Worcester/574-Pleasant-St-01602/home/28466331,MLS PIN,73377390,N,Y,42.2647152,-71.8221734
MLS Listing,,Single Family Residential,20 Duluth St,Worcester,MA,01604,530000,3,2.5,Worcester,1608,5034,2008,76,330,,Active,,,https://www.redfin.com/MA/Worcester/20-Duluth-St-01604/home/28466100,MLS PIN,73376484,N,Y,42.2398989,-71.752233
MLS Listing,,Multi-Family (5+ Unit),27 North St,Worcester,MA,01605,4500000,46,21.0,Worcester,15080,21625,1900,78,298,,Active,,,https://www.redfin.com/MA/Worcester/27-North-St-01605/home/16677923,MLS PIN,73374469,N,Y,42.2818942,-71.8037761
MLS Listing,,Single Family Residential,47 Laurel St,Worcester,MA,01605,579900,3,2.5,Worcester,1840,2768,2025,79,315,,Active,,,https://www.redfin.com/MA/Worcester/47-Laurel-St-01605/home/195800831,MLS PIN,73374156,N,Y,42.2687096,-71.7923618
MLS Listing,,Multi-Family (2-4 Unit),11 Montague St,Worcester,MA,01603,549900,5,2.0,Worcester,2131,11370,1898,79,258,,Active,,,https://www.redfin.com/MA/Worcester/11-Montague-St-01603/home/16677720,MLS PIN,73373622,N,Y,42.2447017,-71.840433
MLS Listing,,Multi-Family (2-4 Unit),9 Forestdale Rd,Worcester,MA,01605,650000,10,4.0,North Worcester,3136,6088,1915,79,207,,Active,,,https://www.redfin.com/MA/Worcester/9-Forestdale-Rd-01605/home/16671194,MLS PIN,73373556,N,Y,42.2778495,-71.7925282
MLS Listing,,Vacant Land,13 Waite St,Worcester,MA,01604,110000,,,Worcester,,5740,,80,,,Active,,,https://www.redfin.com/MA/Worcester/13-Waite-St-01604/home/25718328,MLS PIN,73373243,N,Y,42.268772,-71.782974
MLS Listing,,Single Family Residential,9 Olga Ave,Worcester,MA,01605,344900,2,1.5,Worcester,935,2200,1987,80,369,,Active,,,https://www.redfin.com/MA/Worcester/9-Olga-Ave-01605/home/16672139,MLS PIN,73357737,N,Y,42.273076,-71.78488
MLS Listing,,Multi-Family (2-4 Unit),93 W Boylston,Worcester,MA,01606,815000,4,2.0,Worcester,4656,6850,1920,84,175,,Active,,,https://www.redfin.com/MA/Worcester/93-W-Boylston-St-01606/home/16674138,MLS PIN,73371813,N,Y,42.2921109,-71.8054043
MLS Listing,,Condo/Co-op,44 Elm St #107,Worcester,MA,01609,263500,1,1.0,Worcester,809,,1988,85,326,335,Active,,,https://www.redfin.com/MA/Worcester/44-Elm-St-01609/unit-107/home/16681422,MLS PIN,73368626,N,Y,42.264832,-71.805474
MLS Listing,,Single Family Residential,30 Boardman St,Worcester,MA,01606,589900,4,2.0,Worcester,2184,5227,1897,85,270,,Active,,,https://www.redfin.com/MA/Worcester/30-Boardman-St-01606/home/16675589,MLS PIN,73371527,N,Y,42.2950132,-71.8051769
MLS Listing,,Single Family Residential,24 Alsada Dr,Worcester,MA,01603,469999,3,1.5,Worcester,1640,5000,1945,85,287,,Active,,,https://www.redfin.com/MA/Worcester/24-Alsada-Dr-01603/home/16651404,MLS PIN,73370954,N,Y,42.2461155,-71.8490959
MLS Listing,,Multi-Family (2-4 Unit),31 Chrome St,Worcester,MA,01604,1075000,10,4.0,Worcester,4825,4700,1920,85,223,,Active,August-3-2025 01:00 PM,August-3-2025 02:00 PM,https://www.redfin.com/MA/Worcester/31-Chrome-St-01604/home/16664573,MLS PIN,73370796,N,Y,42.2570419,-71.7829567
MLS Listing,,Condo/Co-op,25 Salisbury Hill Blvd #67,Worcester,MA,01609,634900,2,2.5,Worcester,1970,,2025,87,322,411,Active,,,https://www.redfin.com/MA/Worcester/25-Salisbury-Hill-Blvd-01609/unit-67/home/195603012,MLS PIN,73369611,N,Y,42.2975758,-71.8508977
MLS Listing,,Single Family Residential,12 Stoneland Rd,Worcester,MA,01603,529000,4,2.0,Worcester,1854,5500,1900,90,285,,Active,,,https://www.redfin.com/MA/Worcester/12-Stoneland-Rd-01603/home/16650168,MLS PIN,73368762,N,Y,42.2457994,-71.8277394
MLS Listing,,Vacant Land,44 Rustic Dr,Worcester,MA,01609,125000,,,Tatnuck,,10875,,96,,,Active,,,https://www.redfin.com/MA/Worcester/44-Rustic-Drive-Ext-01609/home/69071713,MLS PIN,73365132,N,Y,42.2812592,-71.8441816
MLS Listing,,Single Family Residential,20 Edward St,Worcester,MA,01605,775000,8,7.5,Belmont Hill,4200,5236,1890,98,185,,Active,,,https://www.redfin.com/MA/Worcester/20-Edward-St-01605/home/16671023,MLS PIN,73364307,N,Y,42.2707223,-71.7924819
MLS Listing,,Vacant Land,6 Lanesboro Rd,Worcester,MA,01606,115000,,,Summit,,10750,,98,,,Active,,,https://www.redfin.com/MA/Worcester/6-Lanesboro-Rd-01606/home/69071238,MLS PIN,73212069,N,Y,42.326824,-71.800641
MLS Listing,,Multi-Family (5+ Unit),2 Henchman St,Worcester,MA,01605,2800000,33,13.0,Worcester,15075,11325,1900,98,186,,Active,,,https://www.redfin.com/MA/Worcester/2-Henchman-St-01605/home/16668768,MLS PIN,73364161,N,Y,42.2767025,-71.795978
MLS Listing,,Multi-Family (2-4 Unit),3 Malden St,Worcester,MA,01606,549900,6,2.0,Worcester,2374,8427,1883,98,232,,Active,,,https://www.redfin.com/MA/Worcester/3-Malden-St-01606/home/16648262,MLS PIN,73364121,N,Y,42.3248261,-71.7936402
MLS Listing,,Single Family Residential,14 Fales St,Worcester,MA,01606,474900,3,1.5,Worcester,1696,4080,1920,99,280,,Active,,,https://www.redfin.com/MA/Worcester/14-Fales-St-01606/home/16675485,MLS PIN,73363288,N,Y,42.310532,-71.7964201
MLS Listing,,Single Family Residential,740A Burncoat St,Worcester,MA,01606,569000,3,2.5,Worcester,2074,4996,2025,100,274,,Active,August-3-2025 10:00 AM,August-3-2025 11:30 AM,https://www.redfin.com/MA/Worcester/740-Burncoat-St-01606/home/195482050,MLS PIN,73362706,N,Y,42.3343694,-71.7840483
MLS Listing,,Multi-Family (2-4 Unit),247 Pilgrim Ave,Worcester,MA,01604,999000,9,6.0,Worcester,4239,4875,1929,100,236,,Active,,,https://www.redfin.com/MA/Worcester/247-Pilgrim-Ave-01604/home/16665737,MLS PIN,73362633,N,Y,42.2500304,-71.7778396
MLS Listing,,Multi-Family (2-4 Unit),385 Pleasant St,Worcester,MA,01609,599999,4,4.5,Downtown,4964,6710,1905,100,121,,Active,,,https://www.redfin.com/MA/Worcester/385-Pleasant-St-01609/home/16663279,MLS PIN,73362568,N,Y,42.263851,-71.81526
MLS Listing,,Vacant Land,8 Park Hill Rd,Worcester,MA,01607,55000,,,Worcester,,9425,,100,,,Active,,,https://www.redfin.com/MA/Worcester/8-Park-Hill-Rd-01607/home/28658353,MLS PIN,73362464,N,Y,42.220339,-71.7778846
MLS Listing,,Multi-Family (2-4 Unit),301 May St,Worcester,MA,01602,575000,4,3.0,Worcester,1719,19550,1756,100,334,,Active,,,https://www.redfin.com/MA/Worcester/301-May-St-01602/home/16648809,MLS PIN,73362377,N,Y,42.2698172,-71.8418232
MLS Listing,,Multi-Family (2-4 Unit),21 John,Worcester,MA,01609,605000,5,4.0,Worcester,2663,4831,1850,101,227,,Active,,,https://www.redfin.com/MA/Worcester/21-John-St-01609/home/16668480,MLS PIN,73362242,N,Y,42.2680433,-71.8052695
MLS Listing,,Multi-Family (2-4 Unit),94-96 Hamilton St,Worcester,MA,01604,1050000,9,5.0,East Worcester,5402,4482,1920,103,194,,Active,,,https://www.redfin.com/MA/Worcester/94-Hamilton-St-01604/home/16669738,MLS PIN,73361694,N,Y,42.2558704,-71.779879
MLS Listing,,Vacant Land,25-27 Maranda St,Worcester,MA,01604,250000,,,Worcester,,7500,,108,,,Active,,,https://www.redfin.com/MA/Worcester/25-Maranda-St-01604/home/195354371,MLS PIN,73359446,N,Y,42.2491476,-71.7672497
MLS Listing,,Vacant Land,21-23 Maranda St,Worcester,MA,01604,250000,,,Worcester,,7500,,108,,,Active,,,https://www.redfin.com/MA/Worcester/21-Maranda-St-01604/home/195354370,MLS PIN,73359445,N,Y,42.2492138,-71.7672584
MLS Listing,,Single Family Residential,13 Victor Ave,Worcester,MA,01603,435000,3,1.0,Worcester,1535,7500,1948,113,283,,Active,,,https://www.redfin.com/MA/Worcester/13-Victor-Ave-01603/home/16672248,MLS PIN,73357542,N,Y,42.2364509,-71.8515974
MLS Listing,,Condo/Co-op,65 Lake Ave #220,Worcester,MA,01604,465000,2,2.0,Worcester,1527,,1988,113,305,521,Active,,,https://www.redfin.com/MA/Worcester/65-Lake-Ave-01604/unit-220/home/16670578,MLS PIN,73357152,N,Y,42.2716522,-71.7583326
MLS Listing,,Vacant Land,91-93 Natural History Dr,Worcester,MA,01604,199900,,,Worcester,,32978,,115,,,Active,,,https://www.redfin.com/MA/Worcester/91-Natural-History-Dr-01605/home/16646544,MLS PIN,73355977,N,Y,42.286775,-71.759427
MLS Listing,,Vacant Land,32 Hemans St,Worcester,MA,01605,279000,,,Worcester,,7840,,115,,,Active,,,https://www.redfin.com/MA/Worcester/32-Hemans-St-01605/home/16677846,MLS PIN,73355808,N,Y,42.285226,-71.80099
MLS Listing,,Single Family Residential,259 Massasoit Road.',Worcester,MA,01604,395900,3,1.0,Worcester,1128,7561,1930,119,351,,Active,,,https://www.redfin.com/MA/Worcester/259-Massasoit-Rd-01604/home/16661376,MLS PIN,73354498,N,Y,42.2405822,-71.7689093
MLS Listing,,Townhouse,52 Richards St #0,Worcester,MA,01603,419000,3,2.0,Worcester,1304,14503,2024,120,321,220,Active,,,https://www.redfin.com/MA/Worcester/52-Richards-St-01603/unit-0/home/195246231,MLS PIN,73354203,N,Y,42.2446687,-71.8235971
MLS Listing,,Multi-Family (5+ Unit),21 Fruit St,Worcester,MA,01609,6700000,38,29.0,WPI,25000,13257,1935,121,268,,Active,,,https://www.redfin.com/MA/Worcester/21-Fruit-St-01609/home/16668605,MLS PIN,73352773,N,Y,42.2660822,-71.8109451
MLS Listing,,Single Family Residential,1 Eames Ave,Worcester,MA,01603,399900,3,1.0,Worcester,1497,168628,1920,123,267,,Active,,,https://www.redfin.com/MA/Worcester/1-Eames-Ave-01603/home/16650386,MLS PIN,73351943,N,Y,42.227581,-71.8492284
MLS Listing,,Single Family Residential,25 Crawford St,Worcester,MA,01604,479900,3,2.0,Worcester,1871,29234,1923,125,256,,Active,,,https://www.redfin.com/MA/Worcester/25-Crawford-St-01604/home/16670421,MLS PIN,73351672,N,Y,42.2577517,-71.7610812
MLS Listing,,Single Family Residential,17 Passway 3,Worcester,MA,01602,469000,2,1.5,Worcester,1036,10650,2023,125,453,,Active,,,https://www.redfin.com/MA/Worcester/17-Passway-3-01602/home/16647683,MLS PIN,73351510,N,Y,42.2591596,-71.8547474
MLS Listing,,Single Family Residential,44 Berwick St,Worcester,MA,01602,775000,6,3.5,West Side,3640,17913,1910,127,213,,Active,,,https://www.redfin.com/MA/Worcester/44-Berwick-St-01602/home/16675682,MLS PIN,73350369,N,Y,42.2783683,-71.8342252
MLS Listing,,Condo/Co-op,70 Southbridge St #915,Worcester,MA,01608,205000,1,1.0,Worcester,575,,1979,132,357,647,Active,,,https://www.redfin.com/MA/Worcester/70-Southbridge-St-01608/unit-915/home/16664749,MLS PIN,73348568,N,Y,42.2592756,-71.8030688
MLS Listing,,Condo/Co-op,65 Lake Ave #1007,Worcester,MA,01604,499990,3,3.0,Worcester,3438,,1988,135,145,,Active,,,https://www.redfin.com/MA/Worcester/65-Lake-Ave-01604/unit-1007/home/16670235,MLS PIN,73345765,N,Y,42.2716522,-71.7583326
MLS Listing,,Single Family Residential,45 4th St,Worcester,MA,01602,444900,3,2.5,Worcester,2176,4289,1987,148,204,,Active,August-2-2025 01:00 PM,August-2-2025 03:00 PM,https://www.redfin.com/MA/Worcester/45-4th-St-01602/home/16647488,MLS PIN,73341747,N,Y,42.2558125,-71.8511272
MLS Listing,,Single Family Residential,29 Steele St,Worcester,MA,01607,550000,6,5.0,Quinsigamond Valley,4800,,2025,187,115,,Active,,,https://www.redfin.com/MA/Worcester/29-Steele-St-01607/home/194446419,MLS PIN,73329352,N,Y,42.2278133,-71.8000515
MLS Listing,,Multi-Family (2-4 Unit),23 Ashton St,Worcester,MA,01605,699900,9,3.0,Worcester,3289,7841,1890,187,213,,Active,,,https://www.redfin.com/MA/Worcester/23-Ashton-St-01605/home/16678143,MLS PIN,73329282,N,Y,42.283838,-71.7908602
MLS Listing,,Vacant Land,29 E Mountain,Worcester,MA,01606,1900000,,,Worcester,,348480,,189,,,Active,,,https://www.redfin.com/MA/Worcester/29-E-Mountain-01606/home/193749464,MLS PIN,73316454,N,Y,42.314209,-71.797833
MLS Listing,,Condo/Co-op,65 Lake Ave #1008,Worcester,MA,01604,519000,4,3.0,Worcester,3393,,1988,526,153,2740,Active,,,https://www.redfin.com/MA/Worcester/65-Lake-Ave-01604/unit-1008/home/16670234,MLS PIN,73204556,N,Y,42.2716522,-71.7583326
