SALE TYPE,SOLD DATE,PROPERTY TYPE,ADDRESS,CITY,STATE OR PROVINCE,ZIP OR POSTAL CODE,PRICE,BEDS,BATHS,LOCATION,SQUARE FEET,LOT SIZE,YEAR BUILT,DAYS ON MARKET,$/SQUARE FEET,HOA/MONTH,STATUS,NEXT OPEN HOUSE START TIME,NEXT OPEN HOUSE END TIME,URL (SEE https://www.redfin.com/buy-a-home/comparative-market-analysis FOR INFO ON PRICING),SOURCE,MLS#,FAVORITE,INTERESTED,LATITUDE,LONGITUDE
"In accordance with local MLS rules, some MLS listings are not included in the download"
MLS Listing,,Condo/Co-op,112 Franklin St Unit C3,Bangor,ME,04401,299000,2,2.0,Bangor,1468,43560,1984,1,204,488,Active,,,https://www.redfin.com/ME/Bangor/112-Franklin-St-04401/unit-C3/home/100081218,MREIS,1632673,N,Y,44.803268,-68.7724964
MLS Listing,,Single Family Residential,122 Allen St,Bangor,ME,04401,234900,3,1.0,Bangor,1166,479160,1948,1,201,,Active,,,https://www.redfin.com/ME/Bangor/122-Allen-St-04401/home/87955181,MREIS,1632664,N,Y,44.8020498,-68.7971286
MLS Listing,,Multi-Family (2-4 Unit),126 Birch St,Bangor,ME,04401,250000,3,2.0,Bangor,2372,4356,1900,1,105,,Active,,,https://www.redfin.com/ME/Bangor/126-Birch-St-04401/home/100082309,MREIS,1632575,N,Y,44.8086768,-68.7595888
MLS Listing,,Single Family Residential,106 Lasalle Dr,Bangor,ME,04401,500000,4,2.5,Bangor,2866,22651,2005,1,174,,Active,,,https://www.redfin.com/ME/Bangor/106-Lasalle-Dr-04401/home/100084384,MREIS,1632632,N,Y,44.8456078,-68.7962175
MLS Listing,,Townhouse,42 Firefly Ln,Bangor,ME,04401,275000,3,2.5,Bangor,1520,,2025,1,181,100,Active,,,https://www.redfin.com/ME/Bangor/42-Firefly-Ln-04401/home/193286547,MREIS,1632574,N,Y,44.8214043,-68.7704132
MLS Listing,,Townhouse,40 Firefly Ln,Bangor,ME,04401,275000,3,2.5,Bangor,1520,,2025,1,181,100,Active,,,https://www.redfin.com/ME/Bangor/40-Firefly-Ln-04401/home/193286546,MREIS,1632573,N,Y,44.8214452,-68.7704098
MLS Listing,,Single Family Residential,1647 Broadway,Bangor,ME,04401,499900,3,2.0,Bangor,2100,1189188,1964,1,238,,Active,,,https://www.redfin.com/ME/Bangor/1647-Broadway-04401/home/100083542,MREIS,1632562,N,Y,44.8512997,-68.805014
MLS Listing,,Single Family Residential,21 Walden Parke Way,Bangor,ME,04401,1590000,4,3.5,Bangor,4850,392040,1988,1,328,,Active,,,https://www.redfin.com/ME/Bangor/21-Walden-Parke-Way-04401/home/100085541,MREIS,1631894,N,Y,44.8708701,-68.7789099
MLS Listing,,Vacant Land,Lot 5 Hawk's Xing,Hermon,ME,04401,119000,,,Hermon,,160736,,1,,,Active,,,https://www.redfin.com/ME/Hermon/Lot-5-Hawks-Xing-04401/home/196742741,MREIS,1632549,N,Y,44.837718,-68.859145
MLS Listing,,Single Family Residential,57 Linden St,Bangor,ME,04401,379900,4,2.5,Bangor,1924,6098,1909,2,197,,Active,August-2-2025 11:00 AM,August-2-2025 01:00 PM,https://www.redfin.com/ME/Bangor/57-Linden-St-04401/home/100082856,MREIS,1632451,N,Y,44.8158963,-68.777174
MLS Listing,,Single Family Residential,230 French St,Bangor,ME,04401,295000,2,1.5,Bangor,1285,14810,1935,2,230,,Active,,,https://www.redfin.com/ME/Bangor/230-French-St-04401/home/100080506,MREIS,1632430,N,Y,44.8052083,-68.7696867
MLS Listing,,Single Family Residential,1285 Union St,Bangor,ME,04401,224900,4,2.0,Bangor,1392,13939,1962,3,162,,Active,,,https://www.redfin.com/ME/Bangor/1285-Union-St-04401/home/100083180,MREIS,1632309,N,Y,44.8214681,-68.8186441
MLS Listing,,Single Family Residential,23 Holland St,Bangor,ME,04401,355000,3,1.5,Bangor,1612,5662,1900,3,220,,Active,,,https://www.redfin.com/ME/Bangor/23-Holland-St-04401/home/100085926,MREIS,1632210,N,Y,44.8106112,-68.7846876
MLS Listing,,Single Family Residential,30 S Park St,Bangor,ME,04401,170000,3,1.0,Bangor,780,4791,1900,4,218,,Active,August-2-2025 12:00 PM,August-2-2025 03:00 PM,https://www.redfin.com/ME/Bangor/30-S-Park-St-04401/home/100087258,MREIS,1632074,N,Y,44.8094271,-68.7728046
MLS Listing,,Single Family Residential,99 Yankee Ave,Bangor,ME,04401,344900,4,2.0,Bangor,1968,11761,1995,5,175,,Active,,,https://www.redfin.com/ME/Bangor/99-Yankee-Ave-04401/home/66692144,MREIS,1632036,N,Y,44.8308205,-68.8238788
MLS Listing,,Single Family Residential,75 West Broadway,Bangor,ME,04401,940000,5,3.5,Bangor,5400,64904,1897,5,174,,Active,,,https://www.redfin.com/ME/Bangor/75-W-Broadway-04401/home/100086997,MREIS,1631561,N,Y,44.8014501,-68.7858781
MLS Listing,,Multi-Family (2-4 Unit),3 Dean St,Bangor,ME,04401,344700,6,2.5,Bangor,2300,10018,1900,6,150,,Active,,,https://www.redfin.com/ME/Bangor/3-Dean-St-04401/home/66692116,MREIS,1631999,N,Y,44.7995424,-68.7956958
MLS Listing,,Single Family Residential,565 Patten Dr,Hermon,ME,04401,525000,4,2.0,Hermon,2340,86684,1986,6,224,,Active,,,https://www.redfin.com/ME/Hermon/565-Patten-Dr-04401/home/97639021,MREIS,1631967,N,Y,44.8123558,-68.9014578
MLS Listing,,Single Family Residential,52 Vista Rdg,Glenburn,ME,04401,698000,4,2.5,Glenburn,3984,76230,2003,6,175,,Active,,,https://www.redfin.com/ME/Glenburn/52-Vista-Rdg-04401/home/100174961,MREIS,1631592,N,Y,44.9241213,-68.8202971
MLS Listing,,Single Family Residential,31 Whisper Dr,Bangor,ME,04401,272500,3,2.0,Bangor,1008,7405,2011,7,270,,Active,,,https://www.redfin.com/ME/Bangor/31-Whisper-Dr-04401/home/100086620,MREIS,1631890,N,Y,44.8303821,-68.774435
MLS Listing,,Single Family Residential,2101 Ohio St,Bangor,ME,04401,995000,5,3.0,Bangor,3688,968774,1993,8,270,,Active,,,https://www.redfin.com/ME/Bangor/2101-Ohio-St-04401/home/193262405,MREIS,1631769,N,Y,44.853023,-68.8426163
MLS Listing,,Townhouse,66 Mt Desert Dr,Bangor,ME,04401,215000,3,1.5,Bangor,1218,5227,1958,9,177,,Active,,,https://www.redfin.com/ME/Bangor/66-Mount-Desert-Dr-04401/home/95454563,MREIS,1631584,N,Y,44.8390618,-68.8240412
MLS Listing,,Single Family Residential,17 Brad Dr,Hermon,ME,04401,369000,3,2.0,Hermon,1431,53578,2005,9,258,,Active,,,https://www.redfin.com/ME/Hermon/17-Brad-Dr-04401/home/97636836,MREIS,1631576,N,Y,44.8345393,-68.9578464
MLS Listing,,Single Family Residential,204 Edenfield Dr,Hermon,ME,04401,589900,3,2.0,Hermon,1971,57063,2020,9,299,,Active,,,https://www.redfin.com/ME/Hermon/204-Edenfield-Dr-04401/home/97637387,MREIS,1631570,N,Y,44.828259,-68.965902
MLS Listing,,Single Family Residential,64 Jefferson St,Bangor,ME,04401,149900,5,2.0,Bangor,2500,4356,1900,9,60,,Active,,,https://www.redfin.com/ME/Bangor/64-Jefferson-St-04401/home/100082753,MREIS,1631538,N,Y,44.8099839,-68.7732313
MLS Listing,,Single Family Residential,277 Pearl St,Bangor,ME,04401,400000,3,2.0,Bangor,1188,17859,1963,9,337,,Active,,,https://www.redfin.com/ME/Bangor/277-Pearl-St-04401/home/100083937,MREIS,1631533,N,Y,44.8153059,-68.7586794
MLS Listing,,Single Family Residential,207 Sixth St,Bangor,ME,04401,449900,3,1.5,Bangor,1732,12632,1971,9,260,,Active,,,https://www.redfin.com/ME/Bangor/207-6th-St-04401/home/100081684,MREIS,1631312,N,Y,44.7988814,-68.7834676
MLS Listing,,Single Family Residential,56 Oak Grove St,Veazie,ME,04401,249900,6,2.0,Veazie,2577,6534,1870,10,97,,Active,,,https://www.redfin.com/ME/Veazie/56-Oak-Grove-St-04401/home/100068250,MREIS,1631405,N,Y,44.8355999,-68.7033671
MLS Listing,,Single Family Residential,148 Mountain View Dr,Hermon,ME,04401,339900,3,2.5,Hermon,1732,43995,1995,10,196,,Active,,,https://www.redfin.com/ME/Hermon/148-Mountain-View-Dr-04401/home/97636757,MREIS,1631072,N,Y,44.8165893,-68.9093469
MLS Listing,,Single Family Residential,39 Maple Leaf Ln,Hermon,ME,04401,429000,3,2.0,Hermon,2187,82764,2010,11,196,,Active,,,https://www.redfin.com/ME/Hermon/39-Mapleleaf-Ln-04401/home/97637867,MREIS,1631331,N,Y,44.8401014,-68.9370136
MLS Listing,,Single Family Residential,103 4th St,Bangor,ME,04401,310000,4,3.0,Bangor,2594,7840,1880,13,120,,Active,,,https://www.redfin.com/ME/Bangor/103-4th-St-04401/home/100082049,MREIS,1631116,N,Y,44.7981154,-68.7808744
MLS Listing,,Single Family Residential,41 Roundstone Dr,Glenburn,ME,04401,399900,3,2.0,Glenburn,2000,30927,1990,13,200,,Active,,,https://www.redfin.com/ME/Glenburn/41-Roundstone-Dr-04401/home/100173955,MREIS,1630436,N,Y,44.8873025,-68.8344566
MLS Listing,,Single Family Residential,21 Cottage St,Bangor,ME,04401,305000,3,2.0,Bangor,1852,8276,1900,14,165,,Active,,,https://www.redfin.com/ME/Bangor/21-Cottage-St-04401/home/100087952,MREIS,1630989,N,Y,44.8087121,-68.7843352
MLS Listing,,Single Family Residential,6 Flagg St,Veazie,ME,04401,185000,5,2.0,Veazie,2368,11761,1835,16,78,,Active,,,https://www.redfin.com/ME/Veazie/6-Flagg-St-04401/home/100068011,MREIS,1630716,N,Y,44.8381702,-68.704812
MLS Listing,,Single Family Residential,78 Lakeview Rd,Glenburn,ME,04401,620000,5,2.5,Glenburn,3100,566280,1998,17,200,,Active,,,https://www.redfin.com/ME/Glenburn/78-Lakeview-Rd-04401/home/100174308,MREIS,1630562,N,Y,44.9145052,-68.8190034
MLS Listing,,Single Family Residential,26 Webster Ave N,Bangor,ME,04401,219000,3,1.5,Bangor,1448,4791,1920,17,151,,Active,,,https://www.redfin.com/ME/Bangor/26-Webster-Ave-N-04401/home/100080552,MREIS,1630456,N,Y,44.8008368,-68.7894283
MLS Listing,,Single Family Residential,295 French St,Bangor,ME,04401,435000,3,1.5,Bangor,2371,7405,1920,20,183,,Active,,,https://www.redfin.com/ME/Bangor/295-French-St-04401/home/100083349,MREIS,1629007,N,Y,44.8078383,-68.7700226
MLS Listing,,Single Family Residential,75 S South Park St,Bangor,ME,04401,349000,3,2.0,Bangor,1819,2613,1912,21,192,,Active,,,https://www.redfin.com/ME/Bangor/75-S-Park-St-04401/home/100087140,MREIS,1630201,N,Y,44.8095716,-68.7705719
MLS Listing,,Single Family Residential,953 Pushaw Rd,Glenburn,ME,04401,395000,4,3.0,Glenburn,2100,114998,1900,22,188,,Active,,,https://www.redfin.com/ME/Glenburn/953-Pushaw-Rd-04401/home/100173905,MREIS,1629994,N,Y,44.8801432,-68.8099587
MLS Listing,,Single Family Residential,381 Birch St,Bangor,ME,04401,334999,3,1.0,Bangor,1321,10454,1971,22,254,,Active,,,https://www.redfin.com/ME/Bangor/381-Birch-St-04401/home/100081234,MREIS,1629984,N,Y,44.8178929,-68.7615485
MLS Listing,,Single Family Residential,177 Birch St,Bangor,ME,04401,299900,3,1.0,Bangor,1400,5662,1910,23,214,,Active,,,https://www.redfin.com/ME/Bangor/177-Birch-St-04401/home/100087808,MREIS,1629857,N,Y,44.8105893,-68.759613
MLS Listing,,Single Family Residential,272 Center St,Bangor,ME,04401,289900,3,1.5,Bangor,1700,4791,1920,23,171,,Active,,,https://www.redfin.com/ME/Bangor/272-Center-St-04401/home/100085756,MREIS,1629678,N,Y,44.8130459,-68.7732497
MLS Listing,,Single Family Residential,55 Poplar St,Bangor,ME,04401,299900,3,1.0,Bangor,1504,5227,1920,24,199,,Active,,,https://www.redfin.com/ME/Bangor/55-Poplar-St-04401/home/100084068,MREIS,1624288,N,Y,44.8172481,-68.7768446
MLS Listing,,Townhouse,39 Firefly Ln,Bangor,ME,04401,275000,3,2.5,Bangor,1520,,2025,25,181,100,Active,,,https://www.redfin.com/ME/Bangor/39-Firefly-Ln-04401/home/193286556,MREIS,1629484,N,Y,44.85423,-68.82944
MLS Listing,,Single Family Residential,130 W Broadway,Bangor,ME,04401,375000,4,3.0,Bangor,2216,3920,1900,25,169,,Active,,,https://www.redfin.com/ME/Bangor/130-W-Broadway-04401/home/100087525,MREIS,1629425,N,Y,44.7994638,-68.7868451
MLS Listing,,Single Family Residential,293 Grove St,Bangor,ME,04401,195000,3,1.0,Bangor,1352,2178,1900,26,144,,Active,,,https://www.redfin.com/ME/Bangor/293-Grove-St-04401/home/100088828,MREIS,1629348,N,Y,44.814429,-68.7671461
MLS Listing,,Single Family Residential,236 Birch St,Bangor,ME,04401,229900,2,2.0,Bangor,1340,6534,1900,28,172,,Active,,,https://www.redfin.com/ME/Bangor/236-Birch-St-04401/home/100085235,MREIS,1629269,N,Y,44.8124989,-68.7606049
MLS Listing,,Single Family Residential,1988 Ohio St,Bangor,ME,04401,260000,3,2.0,Bangor,1188,87120,2008,29,219,,Active,,,https://www.redfin.com/ME/Bangor/1988-Ohio-St-04401/home/100081792,MREIS,1629131,N,Y,44.8488658,-68.8410214
MLS Listing,,Condo/Co-op,1016 State St #7,Bangor,ME,04401,242500,2,1.5,Riverwalk Village,960,43560,2007,29,253,300,Active,,,https://www.redfin.com/ME/Bangor/1016-State-St-04401/unit-7/home/100089280,MREIS,1628686,N,Y,44.8196072,-68.7285536
MLS Listing,,Single Family Residential,327 Forest Ave,Bangor,ME,04401,265000,3,1.5,Bangor,1136,7840,1930,30,233,,Active,,,https://www.redfin.com/ME/Bangor/327-Forest-Ave-04401/home/100082288,MREIS,1629049,N,Y,44.8164673,-68.7655946
MLS Listing,,Single Family Residential,666 Finson Rd #259,Bangor,ME,04401,75000,3,1.5,Bangor,1466,,1974,30,51,,Active,,,https://www.redfin.com/ME/Bangor/666-Finson-Rd-04401/unit-259/home/100085110,MREIS,1628987,N,Y,44.8423534,-68.8145249
MLS Listing,,Single Family Residential,43 Holland St,Bangor,ME,04401,230000,3,1.5,Bangor,1531,11325,1890,35,150,,Active,,,https://www.redfin.com/ME/Bangor/43-Holland-St-04401/home/100080365,MREIS,1628519,N,Y,44.8112361,-68.7843029
MLS Listing,,Condo/Co-op,80 Baldwin Dr #80,Bangor,ME,04401,229900,3,1.5,Bangor,1260,435,1989,36,182,271,Active,,,https://www.redfin.com/ME/Bangor/80-Baldwin-Dr-04401/unit-80/home/196107334,MREIS,1626849,N,Y,44.833379,-68.7870796
MLS Listing,,Single Family Residential,11 Kossuth St,Bangor,ME,04401,309000,5,2.0,Bangor,1669,5227,1900,37,185,,Active,,,https://www.redfin.com/ME/Bangor/11-Kossuth-St-04401/home/100080289,MREIS,1628005,N,Y,44.8099582,-68.7839859
MLS Listing,,Single Family Residential,54 Pine Ledge Rd,Bangor,ME,04401,475000,4,2.5,Bangor,2586,89733,1967,39,184,,Active,,,https://www.redfin.com/ME/Bangor/54-Pine-Ledge-Rd-04401/home/100082052,MREIS,1627729,N,Y,44.8614737,-68.8534331
MLS Listing,,Single Family Residential,200 Davis Rd,Bangor,ME,04401,230000,4,1.5,Bangor,1350,15246,1958,42,170,,Active,,,https://www.redfin.com/ME/Bangor/200-Davis-Rd-04401/home/59024765,MREIS,1627611,N,Y,44.8423197,-68.8248745
MLS Listing,,Single Family Residential,45 Tyler Ave,Bangor,ME,04401,399000,3,2.5,Bangor,2300,16552,1900,42,173,,Active,,,https://www.redfin.com/ME/Bangor/45-Tyler-Ave-04401/home/100087729,MREIS,1627597,N,Y,44.8109798,-68.786589
MLS Listing,,Vacant Land,1075 Sunset Ave,Glenburn,ME,04401,129000,,,Glenburn,,113256,,42,,,Active,,,https://www.redfin.com/ME/Glenburn/1075-Sunset-Ave-04401/home/100175018,MREIS,1627528,N,Y,44.9184274,-68.8262619
MLS Listing,,Single Family Residential,198 3rd St,Bangor,ME,04401,255000,4,2.0,Bangor,1820,6098,1862,45,140,,Active,,,https://www.redfin.com/ME/Bangor/198-3rd-St-04401/home/100087797,MREIS,1627119,N,Y,44.7945354,-68.781884
MLS Listing,,Single Family Residential,13 Mount Desert Dr,Bangor,ME,04401,139000,3,1.0,Bangor,1350,11761,1958,45,103,,Active,,,https://www.redfin.com/ME/Bangor/13-Mount-Desert-Dr-04401/home/100082458,MREIS,1627112,N,Y,44.8407104,-68.824396
MLS Listing,,Condo/Co-op,122 Chickadee Ln #17,Bangor,ME,04401,499900,2,2.0,Meadowbrook Ridge,1653,,2007,45,302,343,Active,,,https://www.redfin.com/ME/Bangor/122-Chickadee-Ln-04401/unit-17/home/196563014,MREIS,1627090,N,Y,44.823149,-68.7324301
MLS Listing,,Vacant Land,30 Moonbeam Way,Bangor,ME,04401,58000,,,Bangor,,143312,,46,,,Active,,,https://www.redfin.com/ME/Veazie/30-Mutton-Ln-04401/home/97595439,MREIS,1626881,N,Y,44.8642759,-68.849905
MLS Listing,,Single Family Residential,108 Sandy Beach Rd #70,Glenburn,ME,04401,374900,2,1.0,Glenburn,1260,5227,1960,48,298,,Active,,,https://www.redfin.com/ME/Glenburn/108-Sandy-Beach-Rd-04401/unit-70/home/196092854,MREIS,1626714,N,Y,44.9211355,-68.8037494
MLS Listing,,Multi-Family (2-4 Unit),176 Court St,Bangor,ME,04401,362000,5,4.0,Bangor,2566,6098,1900,49,141,,Active,,,https://www.redfin.com/ME/Bangor/176-Court-St-04401/home/100086710,MREIS,1625812,N,Y,44.80512,-68.7799513
MLS Listing,,Multi-Family (2-4 Unit),420 Hancock St,Bangor,ME,04401,1200000,8,4.0,Bangor,3280,20908,2025,49,366,,Active,,,https://www.redfin.com/ME/Bangor/420-Hancock-St-04401/home/174120645,MREIS,1626555,N,Y,44.8055155,-68.7558583
MLS Listing,,Single Family Residential,37 Cortland Cir #37,Bangor,ME,04401,299000,3,2.0,Bangor,1560,,1987,50,192,400,Active,,,https://www.redfin.com/ME/Bangor/37-Cortland-Cir-04401/unit-37/home/148409873,MREIS,1626431,N,Y,44.8347104,-68.7819315
MLS Listing,,Single Family Residential,12 E Summer St,Bangor,ME,04401,295000,4,1.5,Bangor,2141,5662,1922,50,138,,Active,,,https://www.redfin.com/ME/Bangor/12-E-Summer-St-04401/home/100088737,MREIS,1626416,N,Y,44.8064622,-68.7572092
MLS Listing,,Single Family Residential,38 Dunston Dr,Glenburn,ME,04401,549000,4,3.5,Riverbend Association,2984,108028,2006,50,184,,Active,,,https://www.redfin.com/ME/Glenburn/38-Dunston-Dr-04401/home/100175461,MREIS,1626326,N,Y,44.8917269,-68.8641891
MLS Listing,,Single Family Residential,1290 State St,Veazie,ME,04401,889000,6,4.5,Veazie,6920,536659,1892,50,128,,Active,,,https://www.redfin.com/ME/Veazie/1290-State-St-04401/home/100067855,MREIS,1624620,N,Y,44.829723,-68.7152661
MLS Listing,,Vacant Land,Lot 21 Tamarack Trl,Bangor,ME,04401,90000,,,Bangor,,105850,,56,,,Active,,,https://www.redfin.com/ME/Bangor/21-Tamarack-Trl-04401/home/179717047,MREIS,1625679,N,Y,44.87567,-68.7656378
MLS Listing,,Single Family Residential,40 Ellis Ct,Bangor,ME,04401,409900,4,2.0,Bangor,1880,10018,2018,56,218,30,Active,,,https://www.redfin.com/ME/Bangor/40-Ellis-Ct-04401/home/167869032,MREIS,1625634,N,Y,44.8179671,-68.7675316
MLS Listing,,Single Family Residential,26 Walter St,Bangor,ME,04401,92500,5,1.5,Bangor,1659,4791,1900,57,56,,Active,,,https://www.redfin.com/ME/Bangor/26-Walter-St-04401/home/100082337,MREIS,1625410,N,Y,44.7928134,-68.7772309
MLS Listing,,Single Family Residential,125 Grove St,Bangor,ME,04401,270000,3,1.0,Bangor,2366,5227,1900,57,114,,Active,,,https://www.redfin.com/ME/Bangor/125-Grove-St-04401/home/100085481,MREIS,1625404,N,Y,44.8086838,-68.7655258
MLS Listing,,Single Family Residential,67 Joans Hill Rd,Bangor,ME,04401,899900,3,2.5,Serenity Acres,3647,72745,2004,57,247,,Active,,,https://www.redfin.com/ME/Bangor/67-Joans-Hill-Rd-04401/home/100084229,MREIS,1624868,N,Y,44.8582604,-68.7295957
MLS Listing,,Single Family Residential,21 Fern St,Bangor,ME,04401,294900,4,1.5,Bangor,1805,6969,1880,58,163,,Active,,,https://www.redfin.com/ME/Bangor/21-Fern-St-04401/home/100086496,MREIS,1624754,N,Y,44.8076511,-68.7575551
MLS Listing,,Condo/Co-op,541 Kenduskeag Ave Unit A1,Bangor,ME,04401,249900,2,2.0,McPherson Kenduskeag Condos Homeowners Assoc.,1068,,2009,59,234,105,Active,,,https://www.redfin.com/ME/Bangor/541-Kenduskeag-Ave-04401/unit-A1/home/100089315,MREIS,1625098,N,Y,44.8206795,-68.7918969
MLS Listing,,Single Family Residential,357 Kelley Rd,Hermon,ME,04401,570000,4,2.5,Hermon,3280,139827,2007,61,174,,Active,,,https://www.redfin.com/ME/Hermon/357-Kelley-Rd-04401/home/97638769,MREIS,1624829,N,Y,44.8628691,-68.8655636
MLS Listing,,Single Family Residential,19 Russell St,Bangor,ME,04401,237000,3,2.0,Bangor,2205,4791,1910,63,107,,Active,,,https://www.redfin.com/ME/Bangor/19-Russell-St-04401/home/100086796,MREIS,1624448,N,Y,44.8062323,-68.7909934
MLS Listing,,Single Family Residential,24 Merrimac St,Bangor,ME,04401,259900,4,3.0,Bangor,1828,3484,1900,65,142,,Active,,,https://www.redfin.com/ME/Bangor/24-Merrimac-St-04401/home/100087018,MREIS,1624304,N,Y,44.8053812,-68.7587628
MLS Listing,,Single Family Residential,235 Webster Ave,Bangor,ME,04401,699000,4,2.5,Fairmount,2554,60984,1936,69,274,,Active,,,https://www.redfin.com/ME/Bangor/235-Webster-Ave-04401/home/100082006,MREIS,1623995,N,Y,44.7935098,-68.7970298
MLS Listing,,Single Family Residential,70 Pearl St,Bangor,ME,04401,259900,2,1.5,Bangor,1059,3484,1861,70,245,,Active,,,https://www.redfin.com/ME/Bangor/70-Pearl-St-04401/home/100085024,MREIS,1623895,N,Y,44.8079636,-68.7571738
MLS Listing,,Single Family Residential,363 Broadway,Bangor,ME,04401,227350,3,1.0,Bangor,1772,10454,1900,70,128,,Active,,,https://www.redfin.com/ME/Bangor/363-Broadway-04401/home/100086857,MREIS,1623795,N,Y,44.8148292,-68.7710934
MLS Listing,,Condo/Co-op,50 Kathryn Ln #50,Bangor,ME,04401,520000,2,2.0,Meadowbrook  Ridge,1622,,2011,71,321,343,Active,,,https://www.redfin.com/ME/Bangor/50-Kathryn-Ln-04401/unit-50/home/100086432,MREIS,1623736,N,Y,44.821879,-68.731909
MLS Listing,,Single Family Residential,68 Bean Ests,Bangor,ME,04401,485000,3,2.5,Bangor,1904,43560,2025,71,255,,Active,,,https://www.redfin.com/ME/Bangor/68-Bean-Ests-04401/home/195875679,MREIS,1623627,N,Y,44.8231207,-68.8053897
MLS Listing,,Vacant Land,66 Smith St,Bangor,ME,04401,24900,,,Bangor,,6098,,71,,,Active,,,https://www.redfin.com/ME/Bangor/66-Smith-St-04401/home/100081288,MREIS,1619536,N,Y,44.8091204,-68.7804528
MLS Listing,,Single Family Residential,1330 Pushaw Rd,Glenburn,ME,04401,165000,3,1.0,Glenburn,1352,72745,1957,73,122,,Active,,,https://www.redfin.com/ME/Glenburn/1330-Pushaw-Rd-04401/home/100175001,MREIS,1623369,N,Y,44.9052605,-68.8111206
MLS Listing,,Single Family Residential,136 Lancaster Ave,Bangor,ME,04401,369000,3,2.5,Bangor,1768,43124,1900,74,209,,Active,,,https://www.redfin.com/ME/Bangor/136-Lancaster-Ave-04401/home/100082437,MREIS,1623219,N,Y,44.823687,-68.771715
MLS Listing,,Single Family Residential,35 Dunning Blvd,Bangor,ME,04401,425000,5,3.5,Bangor,3232,64033,1935,74,131,,Active,,,https://www.redfin.com/ME/Bangor/35-Dunning-Blvd-04401/home/100085369,MREIS,1623213,N,Y,44.8107384,-68.8010008
MLS Listing,,Single Family Residential,42 Sugarloaf Ln,Bangor,ME,04401,294000,3,2.0,Bangor,1421,12196,1963,78,207,,Active,,,https://www.redfin.com/ME/Bangor/42-Sugarloaf-Ln-04401/home/100080818,MREIS,1622749,N,Y,44.8388429,-68.8261811
MLS Listing,,Single Family Residential,30 Munroe St,Bangor,ME,04401,274500,3,1.0,Bangor,1260,12196,1931,80,218,,Active,,,https://www.redfin.com/ME/Bangor/30-Munroe-St-04401/home/100087823,MREIS,1622358,N,Y,44.7984708,-68.792275
MLS Listing,,Single Family Residential,3 F St,Bangor,ME,04401,115000,2,1.5,Bangor,1216,,2010,81,95,510,Active,,,https://www.redfin.com/ME/Bangor/3-F-St-04401/home/100080380,MREIS,1605058,N,Y,44.8487285,-68.7874833
MLS Listing,,Single Family Residential,113 Sandy Beach Rd,Glenburn,ME,04401,169900,2,1.0,Glenburn,825,10454,1960,82,206,,Active,,,https://www.redfin.com/ME/Glenburn/113-Sandy-Beach-Rd-04401/home/100174189,MREIS,1622205,N,Y,44.9205345,-68.8044513
MLS Listing,,Single Family Residential,111 Amberside Dr,Hermon,ME,04401,625000,3,2.5,Hermon,2877,44431,2018,83,217,,Active,,,https://www.redfin.com/ME/Hermon/111-Amberside-Dr-04401/home/97636525,MREIS,1621823,N,Y,44.82938,-68.9663434
MLS Listing,,Single Family Residential,Lot 15 Hemlock Ridge Dr,Hermon,ME,04401,509000,4,2.5,Hermon,2006,73180,2025,84,254,,Active,,,https://www.redfin.com/ME/Bangor/15-Hemlock-St-04401/home/100081805,MREIS,1622045,N,Y,44.8161458,-68.7582299
MLS Listing,,Single Family Residential,Lot3 Hawk's Xing,Hermon,ME,04401,529000,4,2.5,Hermon,2006,154202,2025,84,264,,Active,,,https://www.redfin.com/ME/Hermon/Lot3-Hawks-Xing-04401/home/195657656,MREIS,1622028,N,Y,44.837718,-68.859145
MLS Listing,,Single Family Residential,Lot 14 Boxwood,Hermon,ME,04401,449000,3,2.0,Hermon,1826,75794,2025,84,246,,Active,,,https://www.redfin.com/ME/Hermon/Lot-14-Boxwood-Unknown/home/190516759,MREIS,1622027,N,Y,44.834157,-68.964136
MLS Listing,,Single Family Residential,Lot11 Boxwood,Hermon,ME,04401,439000,3,2.0,Hermon,1500,53143,2025,84,293,,Active,,,https://www.redfin.com/ME/Hermon/Lot11-Boxwood-Unknown/home/190078470,MREIS,1622017,N,Y,44.835259,-68.963527
MLS Listing,,Single Family Residential,Lot 3 Cole Cir,Hermon,ME,04401,469000,3,2.0,Hermon,1826,45302,2025,84,257,,Active,,,https://www.redfin.com/ME/Hermon/3-Cole-Cir-04401/home/195657113,MREIS,1622012,N,Y,44.7843964,-68.9062824
MLS Listing,,Single Family Residential,108 Sandy Beach Rd #71,Glenburn,ME,04401,574900,4,2.0,Glenburn,2153,17424,2005,87,267,,Active,,,https://www.redfin.com/ME/Glenburn/108-Sandy-Beach-Rd-04401/unit-71/home/195613551,MREIS,1621612,N,Y,44.9211355,-68.8037494
MLS Listing,,Multi-Family (2-4 Unit),6 Hudson St,Bangor,ME,04401,249900,4,2.0,Bangor,1988,2178,1900,87,126,,Active,,,https://www.redfin.com/ME/Bangor/6-Hudson-St-04401/home/100086586,MREIS,1621647,N,Y,44.8025336,-68.7779354
MLS Listing,,Single Family Residential,10 Field St,Bangor,ME,04401,269900,3,1.0,Bangor,1350,10018,1947,88,200,,Active,,,https://www.redfin.com/ME/Bangor/10-Field-St-04401/home/100080700,MREIS,1621463,N,Y,44.8182144,-68.7773958
MLS Listing,,Single Family Residential,550 Ohio St,Bangor,ME,04401,324900,2,2.0,Bangor,1286,6098,1930,88,253,,Active,,,https://www.redfin.com/ME/Bangor/550-Ohio-St-04401/home/100083413,MREIS,1621370,N,Y,44.8123995,-68.793929
MLS Listing,,Single Family Residential,172 5th St,Bangor,ME,04401,315000,5,2.0,Bangor,1638,11761,2006,91,192,,Active,,,https://www.redfin.com/ME/Bangor/172-5th-St-04401/home/100088654,MREIS,1621173,N,Y,44.7958824,-68.7835844
MLS Listing,,Single Family Residential,12 Grace Snow Dr,Glenburn,ME,04401,349500,3,2.0,Glenburn,1550,53143,1991,92,225,,Active,,,https://www.redfin.com/ME/Glenburn/12-Grace-Snow-Dr-04401/home/100174713,MREIS,1621078,N,Y,44.8608563,-68.9035259
MLS Listing,,Vacant Land,Lot 3 Hawk's Xing,Hermon,ME,04401,79000,,,Hermon,,154202,,92,,,Active,,,https://www.redfin.com/ME/Hermon/Lot-3-Hawks-Xing-04401/home/195573478,MREIS,1620980,N,Y,44.837881,-68.859185
MLS Listing,,Multi-Family (2-4 Unit),122 Ohio St,Bangor,ME,04401,315000,4,2.0,Bangor,2454,3484,1880,94,128,,Active,,,https://www.redfin.com/ME/Bangor/122-Ohio-St-04401/home/100087210,MREIS,1620632,N,Y,44.8038697,-68.7797836
MLS Listing,,Multi-Family (2-4 Unit),120 Walter St,Bangor,ME,04401,379000,5,2.0,Bangor,988,7405,1990,94,384,,Active,,,https://www.redfin.com/ME/Bangor/120-Walter-St-04401/home/100086667,MREIS,1620631,N,Y,44.7945839,-68.7810342
MLS Listing,,Vacant Land,165 (#13) Pine Ledge Rd,Bangor,ME,04401,59000,,,Bangor,,118047,,96,,,Active,,,https://www.redfin.com/ME/Bangor/13-Pine-Ledge-Rd-04401/home/196163361,MREIS,1620454,N,Y,44.8602325,-68.8548333
MLS Listing,,Vacant Land,145 (#12) Pine Ledge Rd,Bangor,ME,04401,59000,,,Bangor,,98445,,96,,,Active,,,https://www.redfin.com/ME/Bangor/12-Pine-Ledge-Rd-04401/home/196163354,MREIS,1620453,N,Y,44.8609039,-68.855355
MLS Listing,,Vacant Land,125 (#10) Pine Ledge Rd,Bangor,ME,04401,59000,,,Bangor,,91911,,96,,,Active,,,https://www.redfin.com/ME/Bangor/10-Pine-Ledge-Rd-04401/home/100085476,MREIS,1620452,N,Y,44.8608284,-68.8553679
MLS Listing,,Vacant Land,95 (#8) Pine Ledge Rd,Bangor,ME,04401,59000,,,Bangor,,99752,,96,,,Active,,,https://www.redfin.com/ME/Bangor/8-Pine-Ledge-Rd-04401/home/196163348,MREIS,1620451,N,Y,44.8608282,-68.8556019
MLS Listing,,Vacant Land,75 (#6) Pine Ledge Rd,Bangor,ME,04401,59000,,,Bangor,,161607,,96,,,Active,,,https://www.redfin.com/ME/Bangor/6-Pine-Ledge-Rd-04401/home/196163349,MREIS,1620450,N,Y,44.8607686,-68.8557978
MLS Listing,,Vacant Land,45 Moonbeam Way,Bangor,ME,04401,62000,,,Bangor,,80586,,96,,,Active,,,https://www.redfin.com/ME/Bangor/45-Moonbeam-Way-04401/home/100088972,MREIS,1620448,N,Y,44.865747,-68.849802
MLS Listing,,Vacant Land,80 (#7) Hornbeam Way,Bangor,ME,04401,62000,,,Bangor,,87555,,96,,,Active,,,https://www.redfin.com/ME/Glenburn/7-Hornbeam-Way-04401/home/196163328,MREIS,1620447,N,Y,44.8666034,-68.8435995
MLS Listing,,Vacant Land,175 Hornbeam Way,Bangor,ME,04401,62000,,,Bangor,,114562,,96,,,Active,,,https://www.redfin.com/ME/Bangor/175-Hornbeam-Way-04401/home/100087508,MREIS,1620446,N,Y,44.865644,-68.848249
MLS Listing,,Vacant Land,165 (#10) Hornbeam Way,Bangor,ME,04401,62000,,,Bangor,,99752,,96,,,Active,,,https://www.redfin.com/ME/Glenburn/10-Hornbeam-Way-04401/home/196163343,MREIS,1620445,N,Y,44.8664321,-68.8428352
MLS Listing,,Vacant Land,30 (#3) Hornbeam Way,Bangor,ME,04401,62000,,,Bangor,,120661,,96,,,Active,,,https://www.redfin.com/ME/Glenburn/3-Hornbeam-Way-04401/home/196163339,MREIS,1620444,N,Y,44.8667648,-68.8435469
MLS Listing,,Vacant Land,25 Hornbeam Way,Bangor,ME,04401,62000,,,Bangor,,123274,,96,,,Active,,,https://www.redfin.com/ME/Bangor/25-Hornbeam-Way-04401/home/100087564,MREIS,1620443,N,Y,44.865941,-68.844528
MLS Listing,,Vacant Land,15 Hornbeam Way,Bangor,ME,04401,62000,,,Bangor,,108464,,96,,,Active,,,https://www.redfin.com/ME/Bangor/15-Hornbeam-Way-04401/home/100087936,MREIS,1620442,N,Y,44.866682,-68.844708
MLS Listing,,Vacant Land,1 (#1) Hornbeam Way,Bangor,ME,04401,62000,,,Bangor,,89733,,96,,,Active,,,https://www.redfin.com/ME/Bangor/1-Hornbeam-Way-04401/home/195540150,MREIS,1620441,N,Y,44.866307,-68.842867
MLS Listing,,Vacant Land,00 Cedar Breeze North,Glenburn,ME,04401,175000,,,Glenburn,,1698840,,98,,,Active,,,https://www.redfin.com/ME/Glenburn/0-Cedar-Breeze-N-04401/home/187650882,MREIS,1620278,N,Y,44.9565136,-68.828963
MLS Listing,,Single Family Residential,2 West Broadway,Bangor,ME,04401,395000,3,1.5,Bangor,2822,14810,1887,99,140,,Active,,,https://www.redfin.com/ME/Bangor/2-W-Broadway-04401/home/100087171,MREIS,1619803,N,Y,44.803554,-68.782799
MLS Listing,,Single Family Residential,369 Ohio St,Bangor,ME,04401,409000,5,3.0,Bangor,2442,18730,1880,108,167,,Active,,,https://www.redfin.com/ME/Bangor/369-Ohio-St-04401/home/100083374,MREIS,1619048,N,Y,44.8101357,-68.7857207
MLS Listing,,Multi-Family (2-4 Unit),159 Elm St,Bangor,ME,04401,295000,4,2.0,Bangor,1936,6969,1900,112,152,,Active,,,https://www.redfin.com/ME/Bangor/159-Elm-St-04401/home/100087082,MREIS,1617811,N,Y,44.81209,-68.7654289
MLS Listing,,Single Family Residential,"108/9,113 Sandy Beach Rd",Glenburn,ME,04401,1120000,8,4.0,Glenburn,4270,37026,1960,114,262,,Active,,,https://www.redfin.com/ME/Glenburn/108109113-Sandy-Beach-Rd-04401/home/195308667,MREIS,1618516,N,Y,44.921093,-68.803135
MLS Listing,,Vacant Land,R-11 16B Hudson Rd,Bangor,ME,04401,75000,,,Bangor,,138956,,117,,,Active,,,https://www.redfin.com/ME/Bangor/16-Hudson-St-04401/home/100084066,MREIS,1618210,N,Y,44.8021621,-68.7783003
MLS Listing,,Single Family Residential,127 Congress St,Bangor,ME,04401,215000,5,1.5,Bangor,2051,2178,1900,119,105,,Active,,,https://www.redfin.com/ME/Bangor/127-Congress-St-04401/home/100081057,MREIS,1616892,N,Y,44.8124551,-68.7705088
MLS Listing,,Vacant Land,M37-053-00 Cedar Breeze S,Glenburn,ME,04401,72000,,,Glenburn,,435600,,124,,,Active,,,https://www.redfin.com/ME/Glenburn/53-Cedar-Breeze-S-04401/home/161752443,MREIS,1616480,N,Y,44.9359971,-68.8177361
MLS Listing,,Single Family Residential,2061 Cedarbrook Dr,Hermon,ME,04401,479900,4,2.5,Hermon,2000,29620,2025,126,240,,Active,,,https://www.redfin.com/ME/Hermon/2061-Cedar-Brook-Dr-04401/home/195201665,MREIS,1617391,N,Y,44.7872193,-68.8781576
MLS Listing,,Single Family Residential,287 Partridge Ln,Hermon,ME,04401,427900,4,2.5,Hermon,2016,52272,2025,127,212,,Active,,,https://www.redfin.com/ME/Hermon/287-Partridge-Ln-04401/home/195178738,MREIS,1617172,N,Y,44.7844339,-68.8790957
MLS Listing,,Single Family Residential,12 Fourteenth St,Bangor,ME,04401,287500,3,1.0,Bangor,1357,4791,1920,129,212,,Active,,,https://www.redfin.com/ME/Bangor/12-14th-St-04401/home/66688610,MREIS,1617006,N,Y,44.8098279,-68.7879252
MLS Listing,,Single Family Residential,21 Longmeadow Dr,Veazie,ME,04401,699000,4,3.0,Veazie,5151,40075,1999,141,136,,Active,,,https://www.redfin.com/ME/Veazie/21-Longmeadow-Dr-04401/home/100068282,MREIS,1616063,N,Y,44.8382494,-68.7206826
MLS Listing,,Single Family Residential,106 Amberside Dr,Hermon,ME,04401,684000,3,2.5,Hermon,2745,45738,2025,147,249,,Active,August-2-2025 11:00 AM,August-2-2025 01:00 PM,https://www.redfin.com/ME/Hermon/106-Amberside-Dr-04401/home/194967579,MREIS,1615652,N,Y,44.85423,-68.82944
MLS Listing,,Vacant Land,14 Hunter Dr,Hermon,ME,04401,60000,,,Wayside Gardens,,3484,,148,,240,Active,,,https://www.redfin.com/ME/Hermon/14-Hunter-Dr-04401/home/179962981,MREIS,1615594,N,Y,44.8140223,-68.9007136
MLS Listing,,Vacant Land,20 Hunter Dr,Hermon,ME,04401,30000,,,Wayside Gardens,,3484,,148,,240,Active,,,https://www.redfin.com/ME/Hermon/20-Hunter-Dr-04401/home/146105031,MREIS,1615580,N,Y,44.8140223,-68.9007136
MLS Listing,,Single Family Residential,220 Church Rd,Bangor,ME,04401,529900,3,3.0,Bangor,2710,604612,1987,148,196,,Active,,,https://www.redfin.com/ME/Bangor/220-Church-Rd-04401/home/66694312,MREIS,1615560,N,Y,44.8607288,-68.8039767
MLS Listing,,Single Family Residential,40 March St,Bangor,ME,04401,229000,3,2.5,Bangor,1504,7405,1900,149,152,,Active,,,https://www.redfin.com/ME/Bangor/40-March-St-04401/home/100084212,MREIS,1615528,N,Y,44.787238,-68.7809405
MLS Listing,,Single Family Residential,58 Milford St,Bangor,ME,04401,284900,3,2.0,Bangor,1596,4791,1900,150,179,,Active,,,https://www.redfin.com/ME/Bangor/58-Milford-St-04401/home/100082050,MREIS,1615416,N,Y,44.8168959,-68.7661166
MLS Listing,,Single Family Residential,296 Kittredge Rd,Bangor,ME,04401,399000,3,1.5,Bangor,1350,65340,1886,152,296,,Active,August-3-2025 12:00 PM,August-3-2025 02:00 PM,https://www.redfin.com/ME/Bangor/296-Kittredge-Rd-04401/home/174572244,MREIS,1615263,N,Y,44.8501816,-68.7459121
MLS Listing,,Single Family Residential,329 Hancock St,Bangor,ME,04401,245900,2,1.5,Bangor,1106,3920,1900,154,222,,Active,,,https://www.redfin.com/ME/Bangor/329-Hancock-St-04401/home/100087561,MREIS,1615201,N,Y,44.8032143,-68.7588789
MLS Listing,,Single Family Residential,98 Fountain St,Bangor,ME,04401,589000,6,2.5,Bangor,3280,14810,1900,168,180,,Active,,,https://www.redfin.com/ME/Bangor/98-Fountain-St-04401/home/100083107,MREIS,1614478,N,Y,44.8132321,-68.7768601
MLS Listing,,Vacant Land,Map32Lot24 Skidgel Rd,Glenburn,ME,04401,219000,,,Glenburn,,2643220,,181,,,Active,,,https://www.redfin.com/ME/Glenburn/Map32Lot24-Skidgel-Rd-04401/home/194429303,MREIS,1613174,N,Y,44.932579,-68.818213
MLS Listing,,Single Family Residential,148 Fruit St,Bangor,ME,04401,194900,2,2.0,Bangor,1042,6534,1900,211,187,,Active,,,https://www.redfin.com/ME/Bangor/148-Fruit-St-04401/home/100081932,MREIS,1611889,N,Y,44.8125177,-68.7576662
MLS Listing,,Vacant Land,TBD Winter St,Bangor,ME,04462,44000,,,Bangor,,54014,,288,,,Active,,,https://www.redfin.com/ME/LONG-A-TWP/TBD-Winter-ST-04462/home/194508485,MREIS,1607061,N,Y,44.810248,-68.781273
MLS Listing,,Single Family Residential,1677 Ohio St,Bangor,ME,04401,390000,1,1.0,Bangor,768,1742400,1990,300,508,,Active,,,https://www.redfin.com/ME/Bangor/1677-Ohio-St-04401/home/100082285,MREIS,1601703,N,Y,44.8414499,-68.829848
MLS Listing,,Vacant Land,Lot 15 Nadines Way,Bangor,ME,04401,78800,,,Bangor,,40510,,301,,,Active,,,https://www.redfin.com/ME/Bangor/Lot-15-Nadines-WAY-04401/home/178326150,MREIS,1605971,N,Y,44.78238,-68.802567
MLS Listing,,Single Family Residential,201 Broadway,Bangor,ME,04401,499900,5,3.5,Bangor,3436,21344,1851,330,145,,Active,,,https://www.redfin.com/ME/Bangor/201-Broadway-04401/home/100084176,MREIS,1602705,N,Y,44.8092822,-68.7688869
MLS Listing,,Vacant Land,14 Hermon Pond Rd,Hermon,ME,04401,49000,,,Hermon,,1742400,,345,,,Active,,,https://www.redfin.com/ME/Hermon/14-Hermon-Hts-04401/home/97638054,MREIS,1601125,N,Y,44.8054545,-68.943819
MLS Listing,,Multi-Family (2-4 Unit),54-56 Third St,Bangor,ME,04401,474900,4,2.0,Bangor,2364,3920,1920,427,201,,Active,,,https://www.redfin.com/ME/Bangor/56-3rd-St-04401/home/100083046,MREIS,1591648,N,Y,44.798795,-68.777768
MLS Listing,,Single Family Residential,58 3rd St,Bangor,ME,04401,314900,3,1.5,Bangor,1356,3920,1920,428,232,,Active,,,https://www.redfin.com/ME/Bangor/58-3rd-St-04401/home/100080252,MREIS,1591551,N,Y,44.7987102,-68.777886
MLS Listing,,Vacant Land,15C Bean Ests,Bangor,ME,04401,55000,,,Bangor,,47480,,661,,,Active,,,https://www.redfin.com/ME/Bangor/15-C-St-04401/home/100086614,MREIS,1574449,N,Y,44.8483974,-68.7891225
