SALE TYPE,SOLD DATE,PROPERTY TYPE,ADDRESS,CITY,STATE OR PROVINCE,ZIP OR POSTAL CODE,PRICE,BEDS,BATHS,LOCATION,SQUARE FEET,LOT SIZE,YEAR BUILT,DAYS ON MARKET,$/SQUARE FEET,HOA/MONTH,STATUS,NEXT OPEN HOUSE START TIME,NEXT OPEN HOUSE END TIME,URL (SEE https://www.redfin.com/buy-a-home/comparative-market-analysis FOR INFO ON PRICING),SOURCE,MLS#,FAVORITE,INTERESTED,LATITUDE,LONGITUDE
"In accordance with local MLS rules, some MLS listings are not included in the download"
MLS Listing,,Multi-Family (2-4 Unit),2642 Webb St,Detroit,MI,48206,224900,6,3.5,Detroit,3248,4792,1925,13,69,,Active,,,https://www.redfin.com/MI/Detroit/2642-Webb-St-48206/home/98344469,REALCOMP,20251018445,N,Y,42.3827649,-83.1160566
MLS Listing,,Multi-Family (2-4 Unit),14811 Washburn St,Detroit,MI,48238,135000,4,2.0,GRIFFINS WYOMING,2464,3485,1928,13,55,,Active,,,https://www.redfin.com/MI/Detroit/14811-Washburn-St-48238/home/98379790,REALCOMP,20251013605,N,Y,42.3981471,-83.1607858
MLS Listing,,Single Family Residential,17241 Rowe St,Detroit,MI,48205,124500,3,1.5,Detroit,2376,5663,1951,13,52,,Active,,,https://www.redfin.com/MI/Detroit/17241-Rowe-St-48205/home/61325895,REALCOMP,20251014659,N,Y,42.4223937,-83.0031828
MLS Listing,,Multi-Family (2-4 Unit),18267 Indiana St,Detroit,MI,48221,219900,4,2.0,Detroit,2764,4792,1930,43,80,,Active,,,https://www.redfin.com/MI/Detroit/18267-Indiana-St-48221/home/98379120,REALCOMP,20251006925,N,Y,42.425216,-83.1588641
MLS Listing,,Condo/Co-op,3139 Woodward Ave #6,Detroit,MI,48201,369000,1,1.0,WAYNE CNTY CONDO PLAN 604(WALKER BUILDING)P229-273,1100,,1911,98,335,331,Active,,,https://www.redfin.com/MI/Detroit/3139-Woodward-Ave-48201/unit-6/home/98440017,REALCOMP,20250026709,N,Y,42.3447538,-83.0563604
MLS Listing,,Single Family Residential,10160 W Outer Dr,Detroit,MI,48223,165000,3,1.5,ROSEDALE PARK 4,2029,4356,1939,1,81,,Active,,,https://www.redfin.com/MI/Detroit/10160-W-Outer-Dr-48223/home/98581567,REALCOMP,20251022732,N,Y,42.39925,-83.232982
MLS Listing,,Single Family Residential,13968 Blackstone St,Detroit,MI,48223,49900,2,1.0,B E TAYLORS BRIGHTMOOR-JOHNSON ALSO P42,1200,3920,1923,1,42,,Active,,,https://www.redfin.com/MI/Detroit/13968-Blackstone-St-48223/home/98569311,REALCOMP,20251022944,N,Y,42.3871184,-83.2485593
MLS Listing,,Single Family Residential,16172 Oakfield St,Detroit,MI,48235,150000,3,1.0,B E TAYLORS RAINBOW SUB,1250,5227,1926,1,120,,Active,,,https://www.redfin.com/MI/Detroit/16172-Oakfield-St-48235/home/61116855,REALCOMP,20251022697,N,Y,42.4095543,-83.2139579
MLS Listing,,Single Family Residential,13654 Mecca St,Detroit,MI,48227,80000,3,1.0,PAVEDWAY,1152,3485,1955,1,69,,Active,,,https://www.redfin.com/MI/Detroit/13654-Mecca-St-48227/home/98514965,REALCOMP,20251022977,N,Y,42.3740074,-83.1792327
MLS Listing,,Single Family Residential,10853 Marne St,Detroit,MI,48224,129900,3,1.0,S C HADLEYS SUB OF PT PC 404,1000,5227,1948,1,130,,Active,,,https://www.redfin.com/MI/Detroit/10853-Marne-St-48224/home/98511959,REALCOMP,20251022906,N,Y,42.4251816,-82.9361047
MLS Listing,,Single Family Residential,4702 Field St,Detroit,MI,48214,239000,5,2.5,SCHWARTZ SUB,2026,3485,1910,1,118,,Active,,,https://www.redfin.com/MI/Detroit/4702-Field-St-48214/home/98483260,REALCOMP,20251022902,N,Y,42.3721634,-83.0163372
MLS Listing,,Multi-Family (5+ Unit),1791 W Grand Blvd,Detroit,MI,48208,420000,10,5.5,SCOVELS (PLATS),5140,7841,1918,1,82,,Active,,,https://www.redfin.com/MI/Detroit/1791-W-Grand-Blvd-48208/home/98464911,REALCOMP,20251022050,N,Y,42.3510856,-83.1111331
MLS Listing,,Single Family Residential,20403 Grandview St,Detroit,MI,48219,112900,3,1.0,FRANK J BRADYS,908,6098,1955,1,124,,Active,,,https://www.redfin.com/MI/Detroit/20403-Grandview-St-48219/home/98580494,REALCOMP,20251022841,N,Y,42.4397305,-83.2855306
MLS Listing,,Single Family Residential,7313 Stout St,Detroit,MI,48228,129000,3,2.0,FRISCHKORNS PARKDALE,1330,4356,1950,1,97,,Active,,,https://www.redfin.com/MI/Detroit/7313-Stout-St-48228/home/60983165,REALCOMP,20251022842,N,Y,42.3447908,-83.2393297
MLS Listing,,Single Family Residential,14175 Kentfield St,Detroit,MI,48223,75000,3,1.0,CHAVEYS SCHOOLCRAFT SUB,800,3920,1947,1,94,,Active,,,https://www.redfin.com/MI/Detroit/14175-Kentfield-St-48223/home/98563037,REALCOMP,20251022294,N,Y,42.3896952,-83.2403836
MLS Listing,,Single Family Residential,18949 Kenosha St,Harper Woods,MI,48225,109999,3,2.0,EAST PARK MANOR SUB NO 2,1360,4792,1980,1,81,,Active,,,https://www.redfin.com/MI/Harper-Woods/18949-Kenosha-St-48225/home/60977792,REALCOMP,20251022840,N,Y,42.4355882,-82.9457905
MLS Listing,,Single Family Residential,475 Conner St,Detroit,MI,48215,12000,3,1.0,GROSSE POINTE LANDS COS 1,905,3049,1922,1,13,,Active,,,https://www.redfin.com/MI/Detroit/475-Conner-St-48215/home/98415933,REALCOMP,5050183649,N,Y,42.3616342,-82.9537056
MLS Listing,,Single Family Residential,8604 Meyers Rd,Detroit,MI,48228,179700,3,1.5,ROBERT OAKMAN LAND COS AVIATION FIELD SUB 4 L58 P48,1634,5227,1945,1,110,,Active,,,https://www.redfin.com/MI/Detroit/8604-Meyers-Rd-48228/home/98394881,REALCOMP,20251022303,N,Y,42.3581297,-83.1673915
MLS Listing,,Single Family Residential,11642 Griggs St,Detroit,MI,48204,12000,2,1.0,LYNHURST,1056,5227,1920,1,11,,Active,,,https://www.redfin.com/MI/Detroit/11642-Griggs-St-48204/home/98393865,REALCOMP,5050183650,N,Y,42.3741316,-83.1613704
MLS Listing,,Single Family Residential,18260 Avon Ave,Detroit,MI,48219,109900,3,1.0,LONGFELLOW MANOR (PLATS),936,4792,1948,1,117,,Active,,,https://www.redfin.com/MI/Detroit/18260-Avon-Ave-48219/home/98549071,REALCOMP,20251022795,N,Y,42.4236346,-83.2260193
MLS Listing,,Single Family Residential,19765 Archdale St,Detroit,MI,48235,78000,3,1.0,COLLEGE HEIGHTS,732,3920,1950,1,107,,Active,,,https://www.redfin.com/MI/Detroit/19765-Archdale-St-48235/home/61268942,REALCOMP,20251022296,N,Y,42.4364214,-83.2177022
MLS Listing,,Single Family Residential,18515 Brady,Redford,MI,48240,149900,3,2.0,MORTENSON STRAWBERRY ACRES SUB,1091,6098,1922,1,137,,Active,,,https://www.redfin.com/MI/Redford/18515-Brady-48240/home/98906421,REALCOMP,20251013016,N,Y,42.4248927,-83.2886652
MLS Listing,,Single Family Residential,19470 Grandville Ave,Detroit,MI,48219,149900,3,1.0,HOLTZMAN & SILVERMAN 2 ALSO PG 70,1850,6098,1950,1,81,,Active,,,https://www.redfin.com/MI/Detroit/19470-Grandville-Ave-48219/home/98554397,REALCOMP,20251022769,N,Y,42.4344768,-83.2320357
MLS Listing,,Single Family Residential,16240 Washburn St,Detroit,MI,48221,199999,3,2.0,COLLEGE MANOR SUB (PLATS),1525,3710,1928,1,131,,Active,,,https://www.redfin.com/MI/Detroit/16240-Washburn-St-48221/home/98478317,REALCOMP,20251022733,N,Y,42.4117163,-83.1609051
MLS Listing,,Single Family Residential,7452 Mansfield St,Detroit,MI,48228,149000,3,3.0,FRISCHKORNS WARREN AVE GARDENS,1983,17424,1925,1,75,,Active,,,https://www.redfin.com/MI/Detroit/7452-Mansfield-St-48228/home/98532181,REALCOMP,20251022689,N,Y,42.3467895,-83.2022971
MLS Listing,,Single Family Residential,5910 Courville St,Detroit,MI,48224,235000,3,2.0,HENRY RUSSELLS THREE MILE DRIVE SUB 1,1591,4792,1938,1,148,,Active,,,https://www.redfin.com/MI/Detroit/5910-Courville-St-48224/home/61291462,REALCOMP,20251022680,N,Y,42.4096111,-82.9430969
MLS Listing,,Single Family Residential,12621 Laing St,Detroit,MI,48224,129900,3,1.0,PARK DRIVE 4,1030,5227,1943,1,126,,Active,,,https://www.redfin.com/MI/Detroit/12621-Laing-St-48224/home/60971785,REALCOMP,20251022653,N,Y,42.4319354,-82.9499957
MLS Listing,,Multi-Family (2-4 Unit),4651 Chatsworth St,Detroit,MI,48224,110000,4,2.0,ARTHUR J SCULLYS RIFLE RANGE SUB (PLATS),1704,4792,1948,1,65,,Active,,,https://www.redfin.com/MI/Detroit/4651-Chatsworth-St-48224/home/98512250,REALCOMP,20251021857,N,Y,42.3975878,-82.9441975
MLS Listing,,Single Family Residential,20218 Pinehurst St,Detroit,MI,48221,70000,2,1.0,BLACKSTONE PARK 6 PAGE 9 1 & 92,1466,4792,1947,1,48,,Active,,,https://www.redfin.com/MI/Detroit/20218-Pinehurst-St-48221/home/61006597,REALCOMP,20251022613,N,Y,42.4425269,-83.1676143
MLS Listing,,Single Family Residential,18171 Dequindre St,Detroit,MI,48234,90000,1,1.5,Detroit,1033,4792,1961,1,87,,Active,,,https://www.redfin.com/MI/Detroit/18171-Dequindre-St-48234/home/98448907,SW Michigan MLS,25038108,N,Y,42.4277268,-83.0829279
MLS Listing,,Single Family Residential,17371 Greenlawn St,Detroit,MI,48221,160000,3,1.5,SANTA MARIA PARK SUB,3150,5227,1935,1,51,,Active,,,https://www.redfin.com/MI/Detroit/17371-Greenlawn-St-48221/home/98376835,REALCOMP,20251020240,N,Y,42.4199459,-83.1515532
MLS Listing,,Single Family Residential,243 Newport St,Detroit,MI,48215,300000,3,2.5,RIVERSIDE HOMES,2916,6098,1937,1,103,,Active,,,https://www.redfin.com/MI/Detroit/243-Newport-St-48215/home/98418751,REALCOMP,20251020701,N,Y,42.360737,-82.9398121
MLS Listing,,Single Family Residential,18509 Conant St,Detroit,MI,48234,220000,3,2.0,LELAND HIGHLANDS,3500,6534,1937,1,63,,Active,,,https://www.redfin.com/MI/Detroit/18509-Conant-48234/home/181893605,REALCOMP,20251022316,N,Y,42.4284924,-83.0706917
MLS Listing,,Condo/Co-op,2900 E Jefferson Ave Unit C5,Detroit,MI,48207,399000,3,3.0,Detroit,2902,,1920,1,137,1019,Active,,,https://www.redfin.com/MI/Detroit/2900-E-Jefferson-Ave-48207/unit-C5/home/145202479,REALCOMP,20251013362,N,Y,42.3392015,-83.0191755
MLS Listing,,Single Family Residential,2124 Halleck St,Detroit,MI,48212,119900,4,1.0,GRACE & ROOS ADD,1016,5227,1918,1,118,,Active,,,https://www.redfin.com/MI/Hamtramck/2124-Halleck-St-48212/home/60969930,REALCOMP,20251022444,N,Y,42.4063444,-83.0705046
MLS Listing,,Single Family Residential,11809 Conant St,Hamtramck,MI,48212,300000,2,1.0,C W HARRAH RE-SUB,1336,3049,1923,1,225,,Active,,,https://www.redfin.com/MI/Hamtramck/11809-Conant-St-48212/home/98671391,REALCOMP,20251020692,N,Y,42.4054596,-83.055078
MLS Listing,,Single Family Residential,7833 W Morrow Cir,Dearborn,MI,48126,350000,5,2.5,OAKMAN AVIATION FIELD 2,3153,4792,1951,1,111,,Active,August-3-2025 11:55 AM,August-3-2025 03:00 PM,https://www.redfin.com/MI/Dearborn/7833-W-Morrow-Cir-48126/home/98613800,REALCOMP,20251021290,N,Y,42.3500682,-83.1740488
MLS Listing,,Single Family Residential,19811 Plainview Ave,Detroit,MI,48219,134900,4,2.0,Detroit,1082,6098,1952,1,125,,Active,,,https://www.redfin.com/MI/Detroit/19811-Plainview-Ave-48219/home/98558992,SW Michigan MLS,25038103,N,Y,42.4366216,-83.238259
MLS Listing,,Single Family Residential,3080 Oakman Blvd,Detroit,MI,48238,294900,3,2.5,ROBERT OAKMANS FORD HWY & GLENDALE,1750,10454,1946,1,169,,Active,,,https://www.redfin.com/MI/Detroit/3080-Oakman-Blvd-48238/home/98375208,REALCOMP,20251022579,N,Y,42.385647,-83.1444835
MLS Listing,,Single Family Residential,10040 Chatham,Detroit,MI,48239,139900,3,1.5,FRISCHKORNS CITY PARK,1181,4356,1951,1,118,,Active,,,https://www.redfin.com/MI/Redford/10040-Chatham-48239/home/98575263,REALCOMP,20251022580,N,Y,42.3688779,-83.2618381
MLS Listing,,Single Family Residential,15785 Sorrento Ave,Detroit,MI,48227,160000,3,2.0,Detroit,1408,4356,1940,1,114,,Active,,,https://www.redfin.com/MI/Detroit/15785-Sorrento-St-48227/home/98428280,SW Michigan MLS,25038098,N,Y,42.4072575,-83.1730442
MLS Listing,,Multi-Family (2-4 Unit),15401 Sorrento St,Detroit,MI,48227,68000,4,2.5,COLLEGE CREST SUB 1PLATS,2455,4792,1928,1,28,,Active,,,https://www.redfin.com/MI/Detroit/15401-Sorrento-St-48227/home/98518151,REALCOMP,20251022522,N,Y,42.4041317,-83.1729476
MLS Listing,,Single Family Residential,19211 Birwood St,Detroit,MI,48221,380000,5,4.5,BURGHARDT SUB 1,4252,5227,1948,1,89,,Active,August-1-2025 03:00 PM,August-1-2025 05:00 PM,https://www.redfin.com/MI/Detroit/19211-Birwood-St-48221/home/60459025,REALCOMP,20251022564,N,Y,42.4329608,-83.1656823
MLS Listing,,Single Family Residential,10934 Nottingham Rd,Detroit,MI,48224,62000,3,1.0,NOTTINGHAM COURT,1316,3485,1942,1,47,,Active,,,https://www.redfin.com/MI/Detroit/10934-Nottingham-Rd-48224/home/60991707,REALCOMP,20251022556,N,Y,42.4212168,-82.9463613
MLS Listing,,Condo/Co-op,1001 W Jefferson Ave Unit 4G,Detroit,MI,48226,180000,1,1.0,Riverfront Towers,552,,1982,1,326,300,Active,,,https://www.redfin.com/MI/Detroit/1001-W-Jefferson-Ave-48226/unit-4G/home/98442514,SW Michigan MLS,25038081,N,Y,42.3241028,-83.0557379
MLS Listing,,Single Family Residential,8600 Heyden St,Detroit,MI,48228,99900,3,1.0,WARRENDALE PARKSIDE 1,1035,4792,1951,1,97,,Active,,,https://www.redfin.com/MI/Detroit/8600-Heyden-St-48228/home/61269711,REALCOMP,20251022550,N,Y,42.3558287,-83.2380526
MLS Listing,,Single Family Residential,18475 Mark Twain St,Detroit,MI,48235,164900,3,2.0,BLACKSTONE PARK SUB 3,1800,5227,1942,1,92,,Active,,,https://www.redfin.com/MI/Detroit/18475-Mark-Twain-St-48235/home/98433026,REALCOMP,20251021503,N,Y,42.4265011,-83.1877936
MLS Listing,,Single Family Residential,2717 Burlingame St,Detroit,MI,48206,265000,4,1.5,BURLINGAME PARK SUB,2156,4356,1924,1,123,,Active,,,https://www.redfin.com/MI/Detroit/2717-Burlingame-St-48206/home/60957411,REALCOMP,20251022495,N,Y,42.3811111,-83.1164153
MLS Listing,,Single Family Residential,16210 Ferguson St,Detroit,MI,48235,115000,4,2.0,B E TAYLORS RAINBOW SUB,1493,4356,1937,1,77,,Active,,,https://www.redfin.com/MI/Detroit/16210-Ferguson-St-48235/home/61032333,REALCOMP,20251022517,N,Y,42.4101069,-83.2095169
MLS Listing,,Single Family Residential,11380 Roxbury St,Detroit,MI,48224,120000,3,1.0,SEVEN MILE CADIEUX SUB 3,1246,5227,1940,1,96,,Active,,,https://www.redfin.com/MI/Detroit/11380-Roxbury-St-48224/home/61026977,REALCOMP,20251022509,N,Y,42.4235598,-82.9473201
MLS Listing,,Single Family Residential,15836 Coyle St,Detroit,MI,48227,150000,3,1.0,VAN FLETEREN SUB,822,4356,1929,1,182,,Active,,,https://www.redfin.com/MI/Detroit/15836-Coyle-St-48227/home/98524941,REALCOMP,20251022481,N,Y,42.4076031,-83.19389
MLS Listing,,Single Family Residential,19338 Waltham St,Detroit,MI,48205,70000,3,1.0,ROSELAND PARK SUB,1015,3920,1946,1,69,,Active,,,https://www.redfin.com/MI/Detroit/19338-Waltham-St-48205/home/60972573,REALCOMP,20251022470,N,Y,42.4371624,-82.9946899
MLS Listing,,Single Family Residential,3869 Burns St,Detroit,MI,48214,65000,3,1.0,MERIDITHS,1505,3485,1912,1,43,,Active,,,https://www.redfin.com/MI/Detroit/3869-Burns-St-48214/home/98481830,REALCOMP,20251022472,N,Y,42.3713263,-83.0020055
MLS Listing,,Single Family Residential,13166 Montville Pl,Detroit,MI,48238,29500,2,1.0,CONNELLYS GLENDALE PARK SUB,818,3485,1914,1,36,,Active,,,https://www.redfin.com/MI/Detroit/13166-Montville-Pl-48238/home/98335763,REALCOMP,20251022389,N,Y,42.393604,-83.1159838
MLS Listing,,Single Family Residential,15739 Dolphin St,Detroit,MI,48223,74900,3,1.0,B E TAYLORS BRIGHTMOOR-JOHNS,1008,4356,1972,1,74,,Active,,,https://www.redfin.com/MI/Detroit/15739-Dolphin-St-48223/home/98573459,REALCOMP,20251022364,N,Y,42.4047667,-83.259797
MLS Listing,,Single Family Residential,8638 Heyden St,Detroit,MI,48228,69900,3,1.0,WARRENDALE PARKSIDE NO 1 (PLATS),902,4792,1951,1,77,,Active,,,https://www.redfin.com/MI/Detroit/8638-Heyden-St-48228/home/60982879,REALCOMP,20251022462,N,Y,42.3562646,-83.2380688
MLS Listing,,Single Family Residential,11833 Wilfred St,Detroit,MI,48213,115000,4,1.5,ALFRED TROMBLEYS IDEAL SUB,1340,4792,1938,1,86,,Active,,,https://www.redfin.com/MI/Detroit/11833-Wilfred-St-48213/home/59327555,REALCOMP,20251022284,N,Y,42.4111904,-82.9945129
MLS Listing,,Single Family Residential,7130 Julian St,Detroit,MI,48204,130000,4,2.0,BAKER & CLARKS SUB (PLATS),1512,3049,1927,1,86,,Active,,,https://www.redfin.com/MI/Detroit/7130-Julian-St-48204/home/98469800,REALCOMP,20251022451,N,Y,42.3587032,-83.1418805
MLS Listing,,Single Family Residential,10827 Balfour Rd,Detroit,MI,48224,75000,3,1.0,SEVEN MILE CADIEUX SUB 5,784,5227,1950,1,96,,Active,,,https://www.redfin.com/MI/Detroit/10827-Balfour-Rd-48224/home/98511826,REALCOMP,20251022440,N,Y,42.421411,-82.9441553
MLS Listing,,Single Family Residential,12146 Duchess St,Detroit,MI,48224,75000,3,1.5,YORKSHIRE WOODS 7,1843,4356,1948,1,41,,Active,,,https://www.redfin.com/MI/Detroit/12146-Duchess-St-48224/home/61043427,REALCOMP,20251022222,N,Y,42.4261722,-82.9550145
MLS Listing,,Vacant Land,1312 E Grand Blvd Blvd,Detroit,MI,48211,60000,,,Bestes Sub Of Lts 5 6 7 Of E Pt Pc 678,,8276,,1,,,Active,,,https://www.redfin.com/MI/Detroit/1312-E-Grand-Blvd-48211/home/145151024,MiRealSource-MiMLS,50183527,N,Y,42.3776015,-83.0206442
MLS Listing,,Vacant Land,1306 E Grand Blvd Blvd,Detroit,MI,48211,30000,,,BESTES SUB OF LTS 5 6 7 OF E PT PC 678,,4356,,1,,,Active,,,https://www.redfin.com/MI/Detroit/1306-E-Grand-Blvd-48211/home/113406425,REALCOMP,58050183515,N,Y,42.377474,-83.020929
MLS Listing,,Single Family Residential,12136 Duchess St,Detroit,MI,48224,75000,3,1.0,YORKSHIRE WOODS 7,1049,4356,1948,1,71,,Active,,,https://www.redfin.com/MI/Detroit/12136-Duchess-St-48224/home/98508998,REALCOMP,20251022223,N,Y,42.4260799,-82.9550919
MLS Listing,,Single Family Residential,12920 E Canfield St,Detroit,MI,48215,37500,3,1.0,DE BUCKS SUB,912,6098,1970,1,41,,Active,,,https://www.redfin.com/MI/Detroit/12920-E-Canfield-St-48215/home/98404398,REALCOMP,20251022381,N,Y,42.3887912,-82.9653707
MLS Listing,,Single Family Residential,14248 Stansbury St,Detroit,MI,48227,100000,3,1.0,DELAMEADE 1 SUB,1026,3485,1950,1,97,,Active,,,https://www.redfin.com/MI/Detroit/14248-Stansbury-St-48227/home/98520928,REALCOMP,20251014350,N,Y,42.3918587,-83.1815945
MLS Listing,,Single Family Residential,8096 Wetherby St,Detroit,MI,48204,100000,3,1.0,HERBERT L BAKERS GREENFIELD GARDENS SUB (PLATS),864,3485,1922,1,116,,Active,,,https://www.redfin.com/MI/Detroit/8096-Wetherby-St-48204/home/98373649,REALCOMP,20251014370,N,Y,42.3535199,-83.1395641
MLS Listing,,Single Family Residential,18557 Fielding St,Detroit,MI,48219,99000,3,1.0,C W HARRAHS REDFORD SUB,1317,4792,1947,1,75,,Active,,,https://www.redfin.com/MI/Detroit/18557-Fielding-St-48219/home/98564648,REALCOMP,20251021459,N,Y,42.4265666,-83.2444213
MLS Listing,,Single Family Residential,19340 Kentucky St,Detroit,MI,48221,160000,3,2.0,VAN SICKLES OUTER DRIVE,2350,3485,1940,1,68,,Active,,,https://www.redfin.com/MI/Detroit/19340-Kentucky-St-48221/home/61305951,REALCOMP,58050183503,N,Y,42.4338112,-83.1596866
MLS Listing,,Single Family Residential,17641 Evergreen Rd,Detroit,MI,48219,75000,2,1.0,RADIO,1004,5663,1949,1,75,,Active,,,https://www.redfin.com/MI/Detroit/17641-Evergreen-Rd-48219/home/98559856,REALCOMP,20251014355,N,Y,42.4212253,-83.2387126
MLS Listing,,Single Family Residential,11380 Plainview Ave,Detroit,MI,48228,66000,2,1.0,DAVIDS ROUGE PARK SUB,900,5227,1947,1,73,,Active,,,https://www.redfin.com/MI/Detroit/11380-Plainview-Ave-48228/home/98558414,REALCOMP,20251022291,N,Y,42.370751,-83.2347172
MLS Listing,,Single Family Residential,13123 Monica St,Detroit,MI,48238,99000,4,2.0,ROBERT OAKMANS FORD HWY & GLENDALE,1224,3920,1926,1,81,,Active,,,https://www.redfin.com/MI/Detroit/13123-Monica-St-48238/home/98473692,REALCOMP,20251022204,N,Y,42.3844418,-83.1429407
MLS Listing,,Single Family Residential,11647 Cascade St,Detroit,MI,48204,130000,4,2.0,MC QUADES HEIGHTS,2112,3920,1925,1,62,,Active,,,https://www.redfin.com/MI/Detroit/11647-Cascade-St-48204/home/85689781,REALCOMP,20251022308,N,Y,42.3758015,-83.1334121
MLS Listing,,Single Family Residential,15774 Muirland St,Detroit,MI,48238,35000,2,1.0,ROYCROFT,1018,4356,1923,1,34,,Active,,,https://www.redfin.com/MI/Detroit/15774-Muirland-St-48238/home/98350449,REALCOMP,20251021694,N,Y,42.4075298,-83.1333245
MLS Listing,,Single Family Residential,12410 Duchess St,Detroit,MI,48224,65000,2,1.5,SEVEN MILE CADIEUX SUB NO 4,868,4792,1939,1,75,,Active,,,https://www.redfin.com/MI/Detroit/12410-Duchess-St-48224/home/98509155,REALCOMP,20251022275,N,Y,42.4291404,-82.952756
MLS Listing,,Single Family Residential,19410 Barlow St,Detroit,MI,48205,70000,3,1.0,LONGHILL,1920,4356,1948,1,36,,Active,,,https://www.redfin.com/MI/Detroit/19410-Barlow-St-48205/home/61304253,REALCOMP,20251022225,N,Y,42.4380772,-82.9958148
MLS Listing,,Single Family Residential,15937 Bramell St,Detroit,MI,48223,64900,3,1.0,REDFORD HIGHLANDS,1090,5663,1951,1,60,,Active,,,https://www.redfin.com/MI/Detroit/15937-Bramell-St-48223/home/98576030,REALCOMP,20251018249,N,Y,42.4076319,-83.2649219
MLS Listing,,Single Family Residential,9928 E Outer Dr,Detroit,MI,48224,100000,3,2.0,PARK MANOR DEV COS PARK DRIVE SUB,1264,5227,1949,1,79,,Active,,,https://www.redfin.com/MI/Detroit/9928-E-Outer-Dr-48224/home/61063794,REALCOMP,20251011315,N,Y,42.413713,-82.963298
MLS Listing,,Single Family Residential,8034 Coyle St,Detroit,MI,48228,75000,2,1.0,FRISCHKORNS W CHICAGO BLVD ALSO P12,1019,3920,1937,1,74,,Active,,,https://www.redfin.com/MI/Detroit/8034-Coyle-St-48228/home/60952658,REALCOMP,20251022249,N,Y,42.3515594,-83.1921149
MLS Listing,,Single Family Residential,1933 11th St,Detroit,MI,48216,300000,3,1.0,Detroit,1200,100,1915,1,250,,Active,,,https://www.redfin.com/MI/Detroit/1933-11th-St-48216/home/175468507,REALCOMP,20251021614,N,Y,42.3296637,-83.0694376
MLS Listing,,Single Family Residential,22275 Wyman St,Detroit,MI,48219,76000,2,1.0,ALLEN L LAMPHERES REDFORD,879,6970,1920,1,86,,Active,,,https://www.redfin.com/MI/Detroit/22275-Wyman-St-48219/home/98426079,REALCOMP,20251022226,N,Y,42.4135983,-83.2611826
MLS Listing,,Condo/Co-op,1933 11th Unit 1,Detroit,MI,48216,300000,3,1.0,Detroit,1200,,1915,1,250,1,Active,,,https://www.redfin.com/MI/Detroit/1933-11th-St-48216/unit-1/home/194832020,MiRealSource-MiMLS,60923171,N,Y,42.329664,-83.0694347
MLS Listing,,Single Family Residential,15798 Muirland St,Detroit,MI,48238,53000,2,1.0,ROYCROFT,943,3049,1924,1,56,,Active,,,https://www.redfin.com/MI/Detroit/15798-Muirland-St-48238/home/98456403,REALCOMP,20251021938,N,Y,42.4078631,-83.1333439
MLS Listing,,Single Family Residential,9975 Mark Twain St,Detroit,MI,48227,70000,4,1.0,CHURCHILL PARK SUB,1158,4792,1927,1,60,,Active,,,https://www.redfin.com/MI/Detroit/9975-Mark-Twain-St-48227/home/98522433,REALCOMP,20251021889,N,Y,42.3692509,-83.1854526
MLS Listing,,Multi-Family (2-4 Unit),78 W Arizona St,Detroit,MI,48203,249000,8,2.5,BALDWIN PARK,3979,6098,1919,1,63,,Active,,,https://www.redfin.com/MI/Highland-Park/78-W-Arizona-St-48203/home/98326010,REALCOMP,20251022183,N,Y,42.4189094,-83.1033587
MLS Listing,,Single Family Residential,5027 Audubon Rd,Detroit,MI,48224,224000,3,2.5,A M CAMPAUS THREE MILE DR ADD (PLATS),1867,6534,1928,1,120,,Active,,,https://www.redfin.com/MI/Detroit/5027-Audubon-Rd-48224/home/61023899,REALCOMP,20251022168,N,Y,42.4035194,-82.9383977
MLS Listing,,Single Family Residential,551 Englewood St,Detroit,MI,48202,249000,4,2.5,HUNT & LEGGETTS SUB S 1/2 OF N 1/2 OF 1/4 SEC 24,1912,3920,1912,1,130,,Active,,,https://www.redfin.com/MI/Detroit/551-Englewood-St-48202/home/59322977,REALCOMP,20251022161,N,Y,42.3946446,-83.0809918
MLS Listing,,Single Family Residential,15710 Biltmore St,Detroit,MI,48227,144900,3,1.0,B E TAYLORS LUANA SUB,2354,4792,1939,1,62,,Active,August-2-2025 12:00 PM,August-2-2025 02:00 PM,https://www.redfin.com/MI/Detroit/15710-Biltmore-St-48227/home/98537827,REALCOMP,58050183454,N,Y,42.4051489,-83.2102785
MLS Listing,,Single Family Residential,20209 Revere St,Detroit,MI,48234,96000,4,2.0,Detroit,1085,3920,1941,1,88,,Active,,,https://www.redfin.com/MI/Detroit/20209-Revere-St-48234/home/98357552,SW Michigan MLS,25037843,N,Y,42.4442091,-83.0691468
MLS Listing,,Single Family Residential,3621 Frederick St,Detroit,MI,48211,189900,4,2.0,MORE THAN ONE SUB INVOLVED,2220,4356,1909,1,86,,Active,,,https://www.redfin.com/MI/Detroit/3621-Frederick-St-48211/home/98457771,REALCOMP,58050183421,N,Y,42.3720897,-83.0313744
MLS Listing,,Single Family Residential,8236 Trinity St,Detroit,MI,48228,55000,3,1.0,Detroit,974,5663,1952,1,56,,Active,,,https://www.redfin.com/MI/Detroit/8236-Trinity-St-48228/home/98568937,SW Michigan MLS,25037785,N,Y,42.3525495,-83.2463721
MLS Listing,,Multi-Family (2-4 Unit),3273 Cortland St,Detroit,MI,48206,349900,6,2.0,LINWOOD HEIGHTS,3375,4356,1924,2,104,,Active,,,https://www.redfin.com/MI/Detroit/3273-Cortland-St-48206/home/98347933,REALCOMP,20251020457,N,Y,42.3842578,-83.1245005
MLS Listing,,Single Family Residential,19763 Asbury Park,Detroit,MI,48235,160000,3,1.0,HOMELANDS SUB,990,4356,1948,2,162,,Active,,,https://www.redfin.com/MI/Detroit/19763-Asbury-Park-48235/home/98536278,REALCOMP,20251021690,N,Y,42.4365889,-83.2101058
MLS Listing,,Single Family Residential,11831 Promenade St,Detroit,MI,48213,160000,3,1.0,DAVID TROMBLY ESTATES NO 2 (PLATS),1094,3485,1950,2,146,,Active,August-2-2025 12:00 PM,August-2-2025 02:00 PM,https://www.redfin.com/MI/Detroit/11831-Promenade-St-48213/home/60970053,REALCOMP,20251020893,N,Y,42.4072991,-82.9905597
MLS Listing,,Single Family Residential,1734 Calvert St,Rockwood,MI,48206,209000,4,2.0,STEWART SUB OF LT 29,3354,4792,1924,2,62,,Active,,,https://www.redfin.com/MI/Detroit/1734-Calvert-St-48206/home/98332594,REALCOMP,20251020915,N,Y,42.3832995,-83.1035121
MLS Listing,,Single Family Residential,13637 Manor St,Detroit,MI,48238,180000,3,2.5,GLENDALE GARDENS,1920,3049,1926,2,94,,Active,,,https://www.redfin.com/MI/Detroit/13637-Manor-St-48238/home/98382821,REALCOMP,20251022114,N,Y,42.387811,-83.167894
MLS Listing,,Vacant Land,6474 W Warren Ave,Detroit,MI,48210,175000,,,MORE THAN ONE SUBDIVISION INVOLVED,,18295,,2,,,Active,,,https://www.redfin.com/MI/Detroit/6474-W-Warren-Ave-48210/home/194155400,REALCOMP,20251022091,N,Y,42.345072,-83.133163
MLS Listing,,Vacant Land,2332 Central St,Detroit,MI,48209,195000,,,SUB OF LOT 6 OF PC 60 (PLATS),,14810,,2,,,Active,,,https://www.redfin.com/MI/Detroit/2332-Central-St-48209/home/194155399,REALCOMP,20251022087,N,Y,42.313284,-83.124235
MLS Listing,,Vacant Land,17174 Fenmore St,Detroit,MI,48235,19900,,,PALMER-MILL,,4356,,2,,,Active,,,https://www.redfin.com/MI/Detroit/17174-Fenmore-St-48235/home/113417311,REALCOMP,20251022081,N,Y,42.416746,-83.217468
MLS Listing,,Single Family Residential,18508 Runyon St,Detroit,MI,48234,55000,4,1.0,SHADY LAWN SUB NO 1,1138,4792,1948,2,48,,Active,,,https://www.redfin.com/MI/Detroit/18508-Runyon-St-48234/home/60971364,REALCOMP,20251022079,N,Y,42.4305614,-83.0066108
MLS Listing,,Single Family Residential,2821 Hale St,Detroit,MI,48207,30000,2,1.0,Detroit,935,2614,1908,2,32,,Active,,,https://www.redfin.com/MI/Detroit/2821-Hale-St-48207/home/98345851,SW Michigan MLS,25037795,N,Y,42.3568544,-83.0318669
MLS Listing,,Multi-Family (2-4 Unit),2741 Monterey St,Detroit,MI,48206,250000,6,2.0,LINWOOD HEIGHTS SUB (PLATS),4050,4356,1925,2,62,,Active,,,https://www.redfin.com/MI/Detroit/2741-Monterey-St-48206/home/98451811,REALCOMP,20251022048,N,Y,42.3841712,-83.1189336
MLS Listing,,Multi-Family (2-4 Unit),13614 Meyers Rd,Detroit,MI,48227,55000,4,2.5,GLENDALE GARDENS (PLATS),1901,3485,1930,2,29,,Active,,,https://www.redfin.com/MI/Detroit/13614-Meyers-Rd-48227/home/61348234,REALCOMP,20251022075,N,Y,42.3875202,-83.1683958
MLS Listing,,Single Family Residential,19403 Moenart St,Detroit,MI,48234,70000,3,1.5,SEYMOUR & TROESTERS POLONIA PK SUB (PLATS),1404,4356,1929,2,50,,Active,,,https://www.redfin.com/MI/Detroit/19403-Moenart-St-48234/home/98355244,REALCOMP,20251022069,N,Y,42.4374338,-83.0506326
MLS Listing,,Single Family Residential,18665 Helen St,Detroit,MI,48234,119900,3,2.0,RAMM & COS SEVEN MILE DRIVE ADD,1248,3920,1924,2,96,,Active,,,https://www.redfin.com/MI/Detroit/18665-Helen-St-48234/home/59324364,REALCOMP,20251022060,N,Y,42.4312057,-83.0317984
MLS Listing,,Condo/Co-op,15925 Evanston St,Detroit,MI,48224,19000,3,1.5,MORANGS THREE MILE DRIVE ANNEX SUB,1200,,1929,2,16,,Active,,,https://www.redfin.com/MI/Detroit/15925-Evanston-St-48224/home/60997822,REALCOMP,20251021707,N,Y,42.4099242,-82.9491005
MLS Listing,,Single Family Residential,17416 Bentler St,Detroit,MI,48219,75900,3,1.0,SERPS REDFORD,1107,6098,1948,2,69,,Active,,,https://www.redfin.com/MI/Detroit/17416-Bentler-St-48219/home/98570404,REALCOMP,20251022046,N,Y,42.4184069,-83.2526148
MLS Listing,,Single Family Residential,18532 Elkhart St,Harper Woods,MI,48225,82000,2,1.0,EAST PARK MANOR SUB 2,1111,4792,1941,2,74,,Active,,,https://www.redfin.com/MI/Harper-Woods/18532-Elkhart-St-48225/home/61034005,REALCOMP,20251022042,N,Y,42.4376151,-82.9496746
MLS Listing,,Single Family Residential,16520 Lenore,Detroit,MI,48219,85000,2,1.0,HITCHMANS LITTLE FARMS,1220,6098,1950,2,70,,Active,,,https://www.redfin.com/MI/Detroit/16520-Lenore-48219/home/98579656,REALCOMP,20251022023,N,Y,42.4098479,-83.2805149
MLS Listing,,Single Family Residential,24465 Frisbee St,Detroit,MI,48219,129000,3,1.0,GRIFFIN SYD 2,897,5663,1964,2,144,,Active,,,https://www.redfin.com/MI/Detroit/24465-Frisbee-St-48219/home/61004193,REALCOMP,20251022006,N,Y,42.434879,-83.2828723
MLS Listing,,Single Family Residential,9392 Mendota St,Detroit,MI,48204,109000,4,1.0,B E TAYLORS MIDDLEPOINT SUB,1540,4792,1928,2,71,,Active,,,https://www.redfin.com/MI/Detroit/9392-Mendota-St-48204/home/98489100,REALCOMP,20251022001,N,Y,42.3652642,-83.1639928
MLS Listing,,Single Family Residential,15643 W Chicago St,Detroit,MI,48228,85000,3,1.0,LONNQUISTS PLYMOUTH HEIGHTS 1,869,4356,1950,2,98,,Active,,,https://www.redfin.com/MI/Detroit/15643-W-Chicago-St-48228/home/98514783,REALCOMP,20251021967,N,Y,42.3651488,-83.1991646
MLS Listing,,Single Family Residential,14862 Prevost St,Detroit,MI,48227,175000,3,1.0,RUGBY (PLATS),1468,5227,1927,2,119,,Active,,,https://www.redfin.com/MI/Detroit/14862-Prevost-St-48227/home/98530525,REALCOMP,20251021977,N,Y,42.3975478,-83.2024803
MLS Listing,,Single Family Residential,195 W Greendale,Detroit,MI,48203,79900,4,1.5,GRIX HOME PARK,1456,5227,1923,2,55,,Active,,,https://www.redfin.com/MI/Highland-Park/195-W-Greendale-48203/home/74187060,REALCOMP,20251021598,N,Y,42.426641,-83.105862
MLS Listing,,Single Family Residential,17190 Santa Barbara Dr,Detroit,MI,48221,259900,4,2.5,PALMER BLVD ESTATES SUB,3026,4792,1926,2,86,,Active,,,https://www.redfin.com/MI/Detroit/17190-Santa-Barbara-Dr-48221/home/98475185,REALCOMP,20251021512,N,Y,42.4184486,-83.148472
MLS Listing,,Single Family Residential,15904 Muirland St,Detroit,MI,48238,62000,3,1.0,FORD VIEW (PLATS),1022,3049,1924,2,61,,Active,,,https://www.redfin.com/MI/Detroit/15904-Muirland-St-48238/home/60965371,REALCOMP,20251021930,N,Y,42.4093484,-83.1333754
MLS Listing,,Multi-Family (2-4 Unit),5907 Iroquois St,Detroit,MI,48213,390000,11,4.5,STEPHENS ELM PARK,4680,6534,1923,2,83,,Active,,,https://www.redfin.com/MI/Detroit/5907-Iroquois-St-48213/home/61346751,REALCOMP,20251021902,N,Y,42.384788,-83.014289
MLS Listing,,Single Family Residential,17403 Goddard St,Detroit,MI,48212,20000,3,2.0,PALMER HIGHLANDS,1382,3049,1926,2,14,,Active,,,https://www.redfin.com/MI/Detroit/17403-Goddard-St-48212/home/98339598,REALCOMP,20251021850,N,Y,42.4211018,-83.0784263
MLS Listing,,Single Family Residential,16694 Collingham Dr,Detroit,MI,48205,110000,3,1.0,Detroit,1050,5227,1944,2,105,,Active,,,https://www.redfin.com/MI/Detroit/16694-Collingham-Dr-48205/home/60983184,REALCOMP,20251013265,N,Y,42.4482815,-82.9468563
MLS Listing,,Single Family Residential,19726 Woodingham Dr,Detroit,MI,48221,250000,3,1.0,ASSESSORS OF RIDGEFIELD SUB 1,860,7841,1944,2,291,,Active,,,https://www.redfin.com/MI/Detroit/19726-Woodingham-Dr-48221/home/98375798,REALCOMP,20251017821,N,Y,42.4373049,-83.1505333
MLS Listing,,Single Family Residential,13332 Maiden St,Detroit,MI,48213,120000,3,2.0,Detroit,2704,3920,1928,2,44,,Active,,,https://www.redfin.com/MI/Detroit/13332-Maiden-St-48213/home/98497643,REALCOMP,20251021590,N,Y,42.4068051,-82.9716789
MLS Listing,,Single Family Residential,13312 Jane St,Detroit,MI,48205,119900,3,1.0,SCHULTZ HERMAN GARDEN SPOTS,1190,5663,1939,2,101,,Active,,,https://www.redfin.com/MI/Detroit/13312-Jane-St-48205/home/98499230,REALCOMP,20251019616,N,Y,42.4181953,-82.979255
MLS Listing,,Single Family Residential,11299 Rosemary St,Detroit,MI,48213,59900,2,1.5,DAVID TROMBLY ESTATES 2,1500,5227,1925,2,40,,Active,,,https://www.redfin.com/MI/Detroit/11299-Rosemary-St-48213/home/60980650,REALCOMP,20251020929,N,Y,42.4081381,-82.9942029
MLS Listing,,Single Family Residential,11352 Nottingham Rd,Detroit,MI,48224,89900,3,1.0,SEVEN MILE CADIEUX SUB 2,1033,5227,1946,2,87,,Active,,,https://www.redfin.com/MI/Detroit/11352-Nottingham-Rd-48224/home/59334109,REALCOMP,20251021873,N,Y,42.4246425,-82.9439427
MLS Listing,,Single Family Residential,15464 Lindsay St,Detroit,MI,48227,150000,4,1.5,CRESCENT HEIGHTS SUB,1371,6970,1937,2,109,,Active,,,https://www.redfin.com/MI/Detroit/15464-Lindsay-St-48227/home/98539875,REALCOMP,20251021868,N,Y,42.4039984,-83.2125208
MLS Listing,,Single Family Residential,1452 W Euclid St,Detroit,MI,48206,59000,2,1.0,HOWELL-MACK EUCLID AVE SUB,1376,3049,1916,2,43,,Active,,,https://www.redfin.com/MI/Detroit/1452-W-Euclid-St-48206/home/98332520,REALCOMP,20251012115,N,Y,42.3726014,-83.0908535
MLS Listing,,Multi-Family (2-4 Unit),2696 W Grand St,Detroit,MI,48238,24900,,,Detroit,,3920,1927,2,,,Active,,,https://www.redfin.com/MI/Detroit/2696-W-Grand-St-48238/home/98345051,REALCOMP,66025037652,N,Y,42.394177,-83.124878
MLS Listing,,Single Family Residential,7837 Frontenac St,Detroit,MI,48211,70000,2,1.0,LORENZO L PULFORDS SUB,1291,3049,1919,2,54,,Active,,,https://www.redfin.com/MI/Detroit/7837-Frontenac-St-48211/home/98364736,REALCOMP,20251018417,N,Y,42.387176,-83.0283514
MLS Listing,,Single Family Residential,1801 Church St,Detroit,MI,48216,700000,4,2.0,BEECHERS LUTHER,3600,4356,1880,2,194,,Active,,,https://www.redfin.com/MI/Detroit/1801-Church-St-48216/home/61226402,REALCOMP,20251021555,N,Y,42.3298627,-83.0695809
MLS Listing,,Multi-Family (2-4 Unit),4772 Cecil St,Detroit,MI,48210,165000,5,3.0,LARKINS SUB OF SUB 2 PLACE ATS,2415,4356,1924,2,68,,Active,,,https://www.redfin.com/MI/Detroit/4772-Cecil-St-48210/home/98487169,REALCOMP,20251021378,N,Y,42.3322286,-83.132419
MLS Listing,,Single Family Residential,19909 Hartwell St,Detroit,MI,48235,309000,3,2.5,Detroit,2644,11761,1941,2,117,,Active,,,https://www.redfin.com/MI/Detroit/19909-Hartwell-St-48235/home/98426608,SW Michigan MLS,25037633,N,Y,42.438612,-83.1799355
MLS Listing,,Single Family Residential,15333 Rutherford St,Detroit,MI,48227,116900,3,1.5,ELYSIA PARK,965,4792,1930,3,121,,Active,,,https://www.redfin.com/MI/Detroit/15333-Rutherford-St-48227/home/98531748,REALCOMP,20251019903,N,Y,42.4021691,-83.2043751
MLS Listing,,Single Family Residential,19359 Stotter ST St,Detroit,MI,48234,75000,3,1.0,Detroit,1069,3049,1929,3,70,,Active,,,https://www.redfin.com/MI/Detroit/19359-Stotter-St-48234/home/60971640,REALCOMP,20251021673,N,Y,42.4368669,-83.0255849
MLS Listing,,Single Family Residential,6136 Brace St,Detroit,MI,48228,100000,2,1.0,HITCHMANS WARREN LAWN,708,4792,1951,3,141,,Active,,,https://www.redfin.com/MI/Detroit/6136-Brace-St-48228/home/98548687,REALCOMP,20251021508,N,Y,42.3339091,-83.2226205
MLS Listing,,Single Family Residential,13935 Terry St,Detroit,MI,48227,99900,3,2.0,SCHOOLCRAFT SUB 3,1384,4792,1919,3,72,,Active,,,https://www.redfin.com/MI/Detroit/13935-Terry-St-48227/home/98435929,REALCOMP,20251019718,N,Y,42.3878341,-83.1914769
MLS Listing,,Single Family Residential,5225 Three Mile Dr,Detroit,MI,48224,179000,3,1.0,HENRY RUSSELLS THREE MILE DRIVE SUB 1,1456,4792,1933,3,123,,Active,,,https://www.redfin.com/MI/Detroit/5225-Three-Mile-Dr-48224/home/98422585,REALCOMP,20251019882,N,Y,42.4044017,-82.9415771
MLS Listing,,Single Family Residential,101 Stevens St,Highland Park,MI,48203,99900,3,1.5,STEVEN & CANDLER SUB BLK 3,1200,4356,2005,3,83,,Active,,,https://www.redfin.com/MI/Highland-Park/101-Stevens-St-48203/home/60977054,REALCOMP,20251021714,N,Y,42.4171476,-83.1004457
MLS Listing,,Single Family Residential,14827 Petoskey Ave,Detroit,MI,48238,90000,3,2.5,ROBT OAKMANS LIVERNOIS & TERMINAL SUB,1717,4356,1943,3,52,,Active,,,https://www.redfin.com/MI/Detroit/14827-Petoskey-Ave-48238/home/98456933,REALCOMP,20251021703,N,Y,42.3991885,-83.139265
MLS Listing,,Single Family Residential,140 W Margaret St,Detroit,MI,48203,32900,3,1.0,Detroit,1258,3920,1923,3,26,,Active,,,https://www.redfin.com/MI/Highland-Park/140-W-Margaret-St-48203/home/98438918,REALCOMP,20251021692,N,Y,42.4262842,-83.104823
MLS Listing,,Single Family Residential,5788 Lawndale St,Dearborn,MI,48210,119000,3,1.0,GLENWOOD-GROSFIELD & SCAN LONS SUB,999,3049,1918,3,119,,Active,,,https://www.redfin.com/MI/Detroit/5788-Lawndale-St-48210/home/98401160,REALCOMP,20251021697,N,Y,42.3342368,-83.1515651
MLS Listing,,Single Family Residential,5910 Hillcrest St,Detroit,MI,48236,180000,3,3.0,Detroit,1263,5227,1930,3,143,,Active,August-5-2025 05:30 PM,August-5-2025 06:30 PM,https://www.redfin.com/MI/Grosse-Pointe/5910-Hillcrest-St-48236/home/60975622,SW Michigan MLS,25037580,N,Y,42.4192263,-82.9183106
MLS Listing,,Multi-Family (2-4 Unit),2009 Calvert St,Detroit,MI,48206,90000,6,2.0,JOY FARM SUB,3452,4792,1923,3,26,,Active,,,https://www.redfin.com/MI/Detroit/2009-Calvert-St-48206/home/61347101,REALCOMP,20251021662,N,Y,42.3819756,-83.105742
MLS Listing,,Multi-Family (2-4 Unit),3785 Blaine St,Detroit,MI,48206,65000,6,2.5,DEXTER BLVD SUB,3495,3485,1917,3,19,,Active,,,https://www.redfin.com/MI/Detroit/3785-Blaine-St-48206/home/98463392,REALCOMP,20251021161,N,Y,42.365288,-83.116323
MLS Listing,,Vacant Land,5501 Dubois St,Detroit,MI,48211,28800,,,HUCKENSTEINS SUBPLATS,,3049,,3,,,Active,,,https://www.redfin.com/MI/Detroit/5501-Dubois-St-48211/home/98336712,REALCOMP,20251020953,N,Y,42.3691699,-83.045877
MLS Listing,,Vacant Land,5507 Dubois St,Detroit,MI,48211,28800,,,HUCKENSTEINS SUBPLATS,,3049,,3,,,Active,,,https://www.redfin.com/MI/Detroit/5507-Dubois-St-48211/home/98336711,REALCOMP,20251020963,N,Y,42.369248,-83.045928
MLS Listing,,Vacant Land,8146 Edgewood St,Detroit,MI,48213,28800,,,QUENBYS VAN DYKE PARK,,6534,,3,,,Active,,,https://www.redfin.com/MI/Detroit/8146-Edgewood-St-48213/home/98383413,REALCOMP,20251020969,N,Y,42.3972096,-83.0200036
MLS Listing,,Single Family Residential,19202 Rogge St,Detroit,MI,48234,85000,3,1.0,Detroit,960,3485,1940,3,89,,Active,,,https://www.redfin.com/MI/Detroit/19202-Rogge-St-48234/home/98363942,SW Michigan MLS,25037563,N,Y,42.4353882,-83.0294814
MLS Listing,,Single Family Residential,1831 Helen St,Detroit,MI,48207,225000,3,1.5,TEFFTS SUB (PLATS),1230,3920,1910,3,183,,Active,,,https://www.redfin.com/MI/Detroit/1831-Helen-St-48207/home/98365745,REALCOMP,20251021633,N,Y,42.3547532,-83.0087371
MLS Listing,,Single Family Residential,3855 Harding St,Detroit,MI,48214,59999,3,1.0,Detroit,986,3049,1905,3,61,,Active,,,https://www.redfin.com/MI/Detroit/3855-Harding-St-48214/home/98506185,SW Michigan MLS,25037556,N,Y,42.3778291,-82.9870885
MLS Listing,,Multi-Family (2-4 Unit),14439 Kent St,Detroit,MI,48213,110000,2,2.0,Detroit,,3485,1965,3,,,Active,,,https://www.redfin.com/MI/Detroit/14439-Kent-St-48213/home/98497186,REALCOMP,81025037545,N,Y,42.4070106,-82.965014
MLS Listing,,Single Family Residential,4767 Sturtevant St St,Detroit,MI,48204,229900,3,1.5,RUSSELL WOODS (PLATS),1646,4792,1925,3,140,,Active,,,https://www.redfin.com/MI/Detroit/4767-Sturtevant-St-48204/home/98463729,REALCOMP,20251021476,N,Y,42.3804869,-83.1365825
MLS Listing,,Condo/Co-op,4535 Cadieux #22 / 107 Rd,Detroit,MI,48224,70000,1,1.0,WAYNE COUNTY CONDO PLAN 55 EASTPOINTE,642,,1972,3,109,,Active,,,https://www.redfin.com/MI/Detroit/4535-Cadieux-Rd-48224/home/60966249,REALCOMP,20251021581,N,Y,42.4028723,-82.9280317
MLS Listing,,Single Family Residential,6145 Guilford St. St,Detroit,MI,48244,110000,2,1.0,GROSSE POINTE HIGHLANDS ANNEX (PLATS),950,11326,1949,3,116,,Active,,,https://www.redfin.com/MI/Detroit/6145-Guilford-St-48224/home/60955374,REALCOMP,20251007844,N,Y,42.4158442,-82.9330762
MLS Listing,,Single Family Residential,18446 Hartwell St,Detroit,MI,48235,200000,3,1.5,Detroit,1334,4356,1948,3,150,,Active,August-2-2025 12:00 PM,August-2-2025 02:00 PM,https://www.redfin.com/MI/Detroit/18446-Hartwell-St-48235/home/98519989,SW Michigan MLS,25037524,N,Y,42.4264292,-83.1788153
MLS Listing,,Vacant Land,9155 Delmar St,Detroit,MI,48211,36000,,,RANNEY & BUTTERFIELDS SUB OF LTS 17 & 24,,3049,,3,,,Active,,,https://www.redfin.com/MI/Detroit/9155-Delmar-St-48211/home/113396288,REALCOMP,20251021294,N,Y,42.387782,-83.070858
MLS Listing,,Vacant Land,9161 Delmar St,Detroit,MI,48211,36000,,,RANNEY & BUTTERFIELDS SUB OF LTS 17 & 24,,3049,,3,,,Active,,,https://www.redfin.com/MI/Detroit/9161-Delmar-St-48211/home/98442353,REALCOMP,20251021291,N,Y,42.387856,-83.070908
MLS Listing,,Vacant Land,9149 Delmar St,Detroit,MI,48211,36000,,,RANNEY & BUTTERFIELDS SUB OF LTS 17 & 24,,3049,,3,,,Active,,,https://www.redfin.com/MI/Detroit/9149-Delmar-St-48211/home/113396319,REALCOMP,20251021297,N,Y,42.387708,-83.070809
MLS Listing,,Single Family Residential,19467 Greydale Ave,Detroit,MI,48219,90000,3,1.0,PALMEADOW 2,975,5227,1950,3,92,,Active,,,https://www.redfin.com/MI/Detroit/19467-Greydale-Ave-48219/home/98572250,REALCOMP,20251018771,N,Y,42.4337765,-83.2575614
MLS Listing,,Single Family Residential,15237 E State Fair Ave,Detroit,MI,48205,49900,1,1.0,Detroit,615,4792,1948,3,81,,Active,,,https://www.redfin.com/MI/Detroit/15237-E-State-Fair-St-48205/home/60965379,SW Michigan MLS,25037520,N,Y,42.4429385,-82.9647948
MLS Listing,,Single Family Residential,10891 Mogul St,Detroit,MI,48224,125000,3,1.0,PARK DRIVE SUB 3,924,5227,1939,3,135,,Active,,,https://www.redfin.com/MI/Detroit/10891-Mogul-St-48224/home/60971029,REALCOMP,20251021101,N,Y,42.4161591,-82.9614167
MLS Listing,,Single Family Residential,8249 Robson,Detroit,MI,48228,89900,3,1.0,Detroit,972,3485,1941,3,92,,Active,,,https://www.redfin.com/MI/Detroit/8249-Robson-St-48228/home/98524768,SW Michigan MLS,25037518,N,Y,42.3542729,-83.1916652
MLS Listing,,Single Family Residential,14235 Saint Marys St,Detroit,MI,48227,229900,3,2.0,A M CAMPAUS GLENMORE SUB,1632,4792,1927,3,141,,Active,,,https://www.redfin.com/MI/Detroit/14235-Saint-Marys-St-48227/home/98534113,REALCOMP,20251021542,N,Y,42.3912378,-83.2061488
MLS Listing,,Single Family Residential,475 Algonquin St,Detroit,MI,48215,165000,4,3.0,A M CAMPAU REALTY CO SUB,2412,3485,1923,3,68,,Active,,,https://www.redfin.com/MI/Detroit/475-Algonquin-St-48215/home/98507210,REALCOMP,20251020507,N,Y,42.3622194,-82.9520252
MLS Listing,,Single Family Residential,16753 Burgess,Detroit,MI,48219,189000,4,1.5,LOUIS C MILLER,1434,6970,1920,3,132,,Active,August-3-2025 12:00 PM,August-3-2025 03:00 PM,https://www.redfin.com/MI/Detroit/16753-Burgess-48219/home/98571868,REALCOMP,20251021374,N,Y,42.4120653,-83.2551379
MLS Listing,,Single Family Residential,15096 Heyden St,Detroit,MI,48223,95900,3,1.5,B E TAYLORS CORONADO,1376,4792,1946,3,70,,Active,,,https://www.redfin.com/MI/Detroit/15096-Heyden-St-48223/home/98561796,REALCOMP,20251021447,N,Y,42.3994845,-83.2392408
MLS Listing,,Multi-Family (2-4 Unit),5029 Whitfield St,Detroit,MI,48204,135000,4,2.0,DAILEY PARK SUB,2066,4356,1919,3,65,,Active,,,https://www.redfin.com/MI/Detroit/5029-Whitfield-St-48204/home/98367862,REALCOMP,20251021440,N,Y,42.363672,-83.132745
MLS Listing,,Single Family Residential,20491 Klinger St,Detroit,MI,48234,115000,3,2.0,Seymour & Troesters Clairmont Park,1200,3920,1946,3,96,,Active,,,https://www.redfin.com/MI/Detroit/20491-Klinger-St-48234/home/98462130,SW Michigan MLS,25037462,N,Y,42.4464405,-83.0702624
MLS Listing,,Single Family Residential,20482 Monica St,Detroit,MI,48221,175000,3,1.5,KENILWORTH PARK,1600,4356,1950,3,109,,Active,,,https://www.redfin.com/MI/Detroit/20482-Monica-St-48221/home/98373362,REALCOMP,20251021418,N,Y,42.4447997,-83.144884
MLS Listing,,Single Family Residential,9425 Marlowe St,Detroit,MI,48228,39900,2,1.0,Detroit,712,4792,1949,3,56,,Active,,,https://www.redfin.com/MI/Detroit/9425-Marlowe-St-48228/home/60992148,REALCOMP,20251021354,N,Y,42.3650834,-83.1888269
MLS Listing,,Multi-Family (2-4 Unit),7633 Woodrow Wilson St,Detroit,MI,48206,285900,6,2.0,IRVING PLACE SUB,2376,3485,1915,3,120,,Active,,,https://www.redfin.com/MI/Detroit/7633-Woodrow-Wilson-St-48206/home/98334601,REALCOMP,20251020307,N,Y,42.3673744,-83.0908973
MLS Listing,,Single Family Residential,8557 Mark Twain St,Detroit,MI,48228,89000,3,1.0,Detroit,960,4792,1950,3,93,,Active,,,https://www.redfin.com/MI/Detroit/8557-Mark-Twain-St-48228/home/98433698,SW Michigan MLS,25037439,N,Y,42.3569,-83.1849924
MLS Listing,,Condo/Co-op,291 Edmund Pl #3,Detroit,MI,48201,500000,2,2.0,Detroit,1168,,1892,3,428,557,Active,,,https://www.redfin.com/MI/Detroit/291-Edmund-Pl-48201/unit-3/home/145202122,SW Michigan MLS,25037424,N,Y,42.3455112,-83.0520094
MLS Listing,,Single Family Residential,314 W Muir Ave,Hazel Park,MI,48030,159900,3,1.5,FORD HEIGHTS- HAZEL PARK,1087,3049,1925,3,147,,Active,,,https://www.redfin.com/MI/Hazel-Park/314-W-Muir-Ave-48030/home/99283782,REALCOMP,20251021118,N,Y,42.4479021,-83.1067588
MLS Listing,,Single Family Residential,8863 Lane St,Dearborn,MI,48209,155000,3,1.0,KIRBY SORGE FELSKE LAWNDALE,1780,4356,1917,3,87,,Active,,,https://www.redfin.com/MI/Detroit/8863-Lane-St-48209/home/98399999,REALCOMP,20251021221,N,Y,42.3042072,-83.1326285
MLS Listing,,Single Family Residential,20235 Ferguson St,Detroit,MI,48235,74999,3,1.0,MADISON PARK,999,5227,1950,3,75,,Active,,,https://www.redfin.com/MI/Detroit/20235-Ferguson-St-48235/home/98537632,REALCOMP,20251020531,N,Y,42.4415998,-83.2115755
MLS Listing,,Single Family Residential,15888 Ohio St,Detroit,MI,48238,144900,3,1.5,RURITAN PARK SUB,2079,3485,1929,3,70,,Active,,,https://www.redfin.com/MI/Detroit/15888-Ohio-St-48238/home/98378466,REALCOMP,20251021309,N,Y,42.4092155,-83.155378
MLS Listing,,Single Family Residential,9108 Cloverlawn Ave,Detroit,MI,48204,87000,3,1.0,Detroit,912,4792,1943,3,95,,Active,,,https://www.redfin.com/MI/Detroit/9108-Cloverlawn-St-48204/home/98488365,SW Michigan MLS,25037396,N,Y,42.3624637,-83.1506689
MLS Listing,,Condo/Co-op,1655 Campau Farms Cir #25,Detroit,MI,48207,139900,2,1.5,WAYNE CTY CONDO 435CAMPAU FARMS IN ELMWOOD PARK,918,,1997,3,152,290,Active,,,https://www.redfin.com/MI/Detroit/1655-Campau-Farms-Cir-48207/unit-25/home/196630766,REALCOMP,20251021281,N,Y,42.3479368,-83.0235786
MLS Listing,,Single Family Residential,19366 Lucerne Dr,Detroit,MI,48203,1250000,12,11.0,PALMER WOODS,35029,89734,1920,3,36,41,Active,,,https://www.redfin.com/MI/Detroit/19366-Lucerne-Dr-48203/home/168670800,REALCOMP,20251019079,N,Y,42.4346923,-83.1284841
MLS Listing,,Single Family Residential,11336 Minock St,Detroit,MI,48228,134999,3,1.0,PALMER GROVE PARK 2,1019,5227,1949,3,132,,Active,,,https://www.redfin.com/MI/Detroit/11336-Minock-St-48228/home/62562202,REALCOMP,20251020184,N,Y,42.3701432,-83.2322685
MLS Listing,,Condo/Co-op,"1300 E Lafayette St Unit 2407, 08",Detroit,MI,48207,449000,4,3.0,Detroit,2446,,1964,4,184,2665,Active,,,https://www.redfin.com/MI/Detroit/1300-E-Lafayette-St-48207/unit-2407/home/174025917,REALCOMP,20251021172,N,Y,42.3367015,-83.0340608
MLS Listing,,Single Family Residential,14305 Stout St,Livonia,MI,48223,98000,3,1.0,EVERTS SCHOOLCRAFT,850,4792,1948,4,115,,Active,,,https://www.redfin.com/MI/Detroit/14305-Stout-St-48223/home/60958377,REALCOMP,20251019845,N,Y,42.3910998,-83.2414843
MLS Listing,,Condo/Co-op,6533 E Jefferson Ave #502,Detroit,MI,48207,175000,2,1.0,LOFTS AT RIVERTOWN WCCP NO 673,1100,,1906,4,159,550,Active,,,https://www.redfin.com/MI/Detroit/6533-E-Jefferson-Ave-48207/unit-502/home/182190501,REALCOMP,20251019734,N,Y,42.3456816,-83.0068954
MLS Listing,,Single Family Residential,19130 Appoline St,Detroit,MI,48235,205000,3,2.5,GREENWICH PARK SUB,2377,4792,1951,4,86,,Active,,,https://www.redfin.com/MI/Detroit/19130-Appoline-St-48235/home/98517313,REALCOMP,20251021115,N,Y,42.4318041,-83.1715585
MLS Listing,,Single Family Residential,11608 Duchess St,Detroit,MI,48224,110000,3,1.0,Detroit,1130,4792,1939,4,97,,Active,,,https://www.redfin.com/MI/Detroit/11608-Duchess-St-48224/home/60996565,SW Michigan MLS,25037376,N,Y,42.4211515,-82.9587984
MLS Listing,,Single Family Residential,2988 Montgomery St,Detroit,MI,48206,75000,3,1.5,MONTCLAIR LAND CO LTD SUB,1619,3920,1915,4,46,,Active,,,https://www.redfin.com/MI/Detroit/2988-Montgomery-St-48206/home/98347037,REALCOMP,20251021242,N,Y,42.3635469,-83.1077584
MLS Listing,,Single Family Residential,20634 Pembroke Ave,Detroit,MI,48219,39900,2,1.0,FELDMAN & FELDMANS EVERGREEN MANOR 1,874,3049,1951,4,46,,Active,,,https://www.redfin.com/MI/Detroit/20634-Pembroke-Ave-48219/home/68378952,REALCOMP,20251021232,N,Y,42.436878,-83.245957
MLS Listing,,Single Family Residential,16532 Birwood St,Detroit,MI,48221,249900,4,4.0,COLLEGE MANOR SUB,2100,3920,1930,4,119,,Active,,,https://www.redfin.com/MI/Detroit/16532-Birwood-St-48221/home/98479187,REALCOMP,20251021229,N,Y,42.4126011,-83.1642263
MLS Listing,,Multi-Family (2-4 Unit),3267 Webb St,Detroit,MI,48206,195000,6,3.0,WEBB AVE SUB,3600,4792,1929,4,54,,Active,,,https://www.redfin.com/MI/Detroit/3267-Webb-St-48206/home/98454245,REALCOMP,20251021224,N,Y,42.3801776,-83.1215255
MLS Listing,,Multi-Family (2-4 Unit),13523 Santa Rosa Dr,Detroit,MI,48238,142000,4,2.0,Detroit,,3920,1927,4,,,Active,,,https://www.redfin.com/MI/Detroit/13523-Santa-Rosa-Dr-48238/home/98373289,REALCOMP,81025037355,N,Y,42.386896,-83.142016
MLS Listing,,Multi-Family (2-4 Unit),12148 Stoepel St,Detroit,MI,48204,150000,4,2.0,Detroit,,3920,1926,4,,,Active,,,https://www.redfin.com/MI/Detroit/12148-Stoepel-St-48204/home/98472739,REALCOMP,81025037352,N,Y,42.3782689,-83.1400211
MLS Listing,,Single Family Residential,17343 Salem St,Detroit,MI,48219,64900,3,1.0,MORTENSONS GRAND RIVER,1095,9148,1952,4,59,,Active,,,https://www.redfin.com/MI/Detroit/17343-Salem-St-48219/home/98580464,REALCOMP,20251021205,N,Y,42.4173329,-83.2855723
MLS Listing,,Condo/Co-op,3320 Spinnaker Ln Unit 10D,Detroit,MI,48207,245000,2,2.0,WAYNE COUNTY PLAN 774 SPINNAKER TOWER CONDO L4050,1090,,1986,4,225,850,Active,,,https://www.redfin.com/MI/Detroit/3320-Spinnaker-Ln-48207/unit-10D/home/98457220,REALCOMP,20251021189,N,Y,42.3403504,-83.0128551
MLS Listing,,Multi-Family (2-4 Unit),14824 Washburn St,Detroit,MI,48238,85000,4,2.0,GRIFFINS WYOMING,1549,3485,1928,4,55,,Active,,,https://www.redfin.com/MI/Detroit/14824-Washburn-St-48238/home/61342633,REALCOMP,58050183154,N,Y,42.3983617,-83.1602518
MLS Listing,,Single Family Residential,3793 Gladstone St,Detroit,MI,48206,39900,3,1.0,DEXTER BLVD SUB,1353,3485,1919,4,29,,Active,,,https://www.redfin.com/MI/Detroit/3793-Gladstone-St-48206/home/98463465,REALCOMP,20251020359,N,Y,42.3667275,-83.1173104
MLS Listing,,Multi-Family (2-4 Unit),3236 Whitney St,Detroit,MI,48206,85000,4,2.0,WILDERMERE PARK,2412,4792,1913,4,35,,Active,,,https://www.redfin.com/MI/Detroit/3236-Whitney-St-48206/home/98346631,REALCOMP,58050183153,N,Y,42.361498,-83.108582
MLS Listing,,Single Family Residential,8537 Cheyenne St,Detroit,MI,48228,265000,3,2.5,ROBERT OAKMAN LAND COS AVIATION FIELD SUB 4 L58 P48,2239,5663,1948,4,118,,Active,,,https://www.redfin.com/MI/Detroit/8537-Cheyenne-St-48228/home/98518883,REALCOMP,20251021154,N,Y,42.3568611,-83.1739882
MLS Listing,,Single Family Residential,12765 Wyoming Ave,Detroit,MI,48238,45000,3,1.0,GLENDALE COURTS,928,3920,1960,5,48,,Active,,,https://www.redfin.com/MI/Detroit/12765-Wyoming-St-48238/home/98380143,REALCOMP,20251021133,N,Y,42.3830836,-83.1591758
MLS Listing,,Single Family Residential,18257 Kentucky St,Detroit,MI,48221,275000,4,3.0,CURTIS AVE SUB,2510,4356,1948,5,110,,Active,,,https://www.redfin.com/MI/Detroit/18257-Kentucky-St-48221/home/98477982,REALCOMP,20251021119,N,Y,42.4250927,-83.1599352
MLS Listing,,Single Family Residential,11409 College St,Detroit,MI,48205,85000,3,1.0,Detroit,1215,6098,1941,5,70,,Active,,,https://www.redfin.com/MI/Detroit/11409-College-St-48205/home/61006045,SW Michigan MLS,25037282,N,Y,42.4152678,-83.0036821
MLS Listing,,Single Family Residential,18982 Joann St,Detroit,MI,48205,65000,2,1.0,ASSESSORS OF LTS 3 TO 810 & PT 1& 2 ETC,800,4792,1951,5,81,,Active,,,https://www.redfin.com/MI/Detroit/18982-Joann-St-48205/home/60972166,REALCOMP,58050183126,N,Y,42.434228,-82.9896969
MLS Listing,,Single Family Residential,4481 Seminole St,Detroit,MI,48214,99900,3,1.5,CURRYS COOK FARM SUB OF B LAKE 15,1426,3485,1914,5,70,,Active,,,https://www.redfin.com/MI/Detroit/4481-Seminole-St-48214/home/98386091,REALCOMP,20251020835,N,Y,42.3739925,-83.0076985
MLS Listing,,Single Family Residential,612 W Hollywood,Detroit,MI,48203,135000,6,2.0,WOODWARD PARK,1754,3920,1925,5,77,,Active,,,https://www.redfin.com/MI/Highland-Park/612-W-Hollywood-48203/home/98439067,REALCOMP,20251021077,N,Y,42.4307328,-83.1112678
MLS Listing,,Single Family Residential,18790 Kingsville St,Harper Woods,MI,48225,125000,3,1.0,EAST PARK MANOR 2,942,4792,1947,5,133,,Active,,,https://www.redfin.com/MI/Harper-Woods/18790-Kingsville-St-48225/home/61031831,REALCOMP,20251020844,N,Y,42.4343307,-82.9482859
MLS Listing,,Single Family Residential,2704 Burlingame St,Detroit,MI,48206,135000,3,1.5,BURLINGAME PARK SUB (PLATS),1618,4356,1924,5,83,,Active,,,https://www.redfin.com/MI/Detroit/2704-Burlingame-St-48206/home/61043761,REALCOMP,20251020505,N,Y,42.3815897,-83.1163895
MLS Listing,,Single Family Residential,605 Calvert St,Detroit,MI,48202,330000,5,1.0,VOIGT PARK SUB (PLATS),2518,6098,1914,5,131,,Active,,,https://www.redfin.com/MI/Detroit/605-Calvert-St-48202/home/98441793,REALCOMP,20251020506,N,Y,42.3880434,-83.089317
MLS Listing,,Single Family Residential,17173 Ontario St,Detroit,MI,48224,140000,3,1.5,COLUMBIA FREUNDS,1916,3049,1944,6,73,,Active,,,https://www.redfin.com/MI/Detroit/17173-Ontario-St-48224/home/60997103,REALCOMP,20251020981,N,Y,42.404627,-82.927125
MLS Listing,,Condo/Co-op,2823 BRUSH St,Detroit,MI,48201 3142,519000,2,2.0,Wayne County Condo Plan No 1072 (city Modern),1411,,2021,6,368,423,Active,,,https://www.redfin.com/MI/Detroit/2823-Brush-St-48201/home/178613197,MiRealSource-MiMLS,60921796,N,Y,42.345181,-83.0512214
MLS Listing,,Single Family Residential,13575 Archdale St,Redford,MI,48227,200000,3,1.5,GRANDMONT 2,1513,5227,1941,6,132,,Active,,,https://www.redfin.com/MI/Detroit/13575-Archdale-St-48227/home/98543659,REALCOMP,20251020720,N,Y,42.3855303,-83.2164401
MLS Listing,,Single Family Residential,18997 Westbrook St,Detroit,MI,48219,90000,3,1.0,GRAND VIEW,1044,9583,1951,6,86,,Active,,,https://www.redfin.com/MI/Detroit/18997-Westbrook-St-48219/home/98570254,REALCOMP,20251020269,N,Y,42.4278285,-83.252273
MLS Listing,,Single Family Residential,6750 Jackson Ave,Warren,MI,48091,149900,3,1.0,KEHOES NORTH VAN DYKE,900,4356,1953,6,167,,Active,,,https://www.redfin.com/MI/Warren/6750-Jackson-Ave-48091/home/60980220,REALCOMP,20251020534,N,Y,42.4496932,-83.0335044
MLS Listing,,Single Family Residential,18700 San Juan Dr,Detroit,MI,48221,249900,3,2.0,A W CHASE LINCOLN HWY SUB,2491,4356,1929,6,100,,Active,,,https://www.redfin.com/MI/Detroit/18700-San-Juan-Dr-48221/home/60971946,REALCOMP,20251018965,N,Y,42.4294155,-83.1465424
MLS Listing,,Single Family Residential,2388 Neibel St,Hamtramck,MI,48212,275000,6,2.0,MORAN & CROUL,1500,3049,1914,6,183,,Active,,,https://www.redfin.com/MI/Hamtramck/2388-Neibel-St-48212/home/59333348,REALCOMP,20251021047,N,Y,42.4043144,-83.0670879
MLS Listing,,Single Family Residential,9112 Mansfield St,Detroit,MI,48228,50000,2,1.0,ASSESSORS DETROIT 25,869,2614,1950,6,58,,Active,,,https://www.redfin.com/MI/Detroit/9112-Mansfield-St-48228/home/98532160,REALCOMP,20251011090,N,Y,42.3607079,-83.2032118
MLS Listing,,Single Family Residential,9110 Mansfield St,Detroit,MI,48228,50000,2,1.0,ASSESSORS DETROIT 25,854,2614,1950,6,59,,Active,,,https://www.redfin.com/MI/Detroit/9110-Mansfield-St-48228/home/98532163,REALCOMP,20251011086,N,Y,42.360695,-83.2032518
MLS Listing,,Single Family Residential,19167 Sorrento St,Detroit,MI,48235,209900,3,1.5,GREENWICH PARK 1,1851,5663,1941,6,113,,Active,,,https://www.redfin.com/MI/Detroit/19167-Sorrento-St-48235/home/98518124,REALCOMP,20251016142,N,Y,42.4322302,-83.1743218
MLS Listing,,Single Family Residential,2510 Hudson St,Detroit,MI,48208,89900,5,2.0,DETROIT,2074,4792,1908,6,43,,Active,,,https://www.redfin.com/MI/Detroit/2510-Hudson-St-48208/home/98452907,REALCOMP,58050183099,N,Y,42.3532301,-83.0933617
MLS Listing,,Single Family Residential,17664 Winston St,Detroit,MI,48219,125000,3,2.0,MORTENSONS GRAND RIVER,1592,7405,1946,6,79,,Active,,,https://www.redfin.com/MI/Detroit/17664-Winston-St-48219/home/98580006,REALCOMP,20251021005,N,Y,42.420168,-83.2835483
MLS Listing,,Single Family Residential,19666 Dequindre St,Detroit,MI,48234,45000,3,1.0,BURTONS SEVEN MILE ROAD,993,5663,1956,6,45,,Active,,,https://www.redfin.com/MI/Detroit/19666-Dequindre-St-48234/home/98340198,REALCOMP,20251015230,N,Y,42.4387688,-83.0827725
MLS Listing,,Single Family Residential,20431 Fenton St,Detroit,MI,48219,155000,3,1.5,FRANK J BRADYS (PLATS),1459,6534,1951,6,106,,Active,,,https://www.redfin.com/MI/Detroit/20431-Fenton-St-48219/home/98579932,REALCOMP,20251020984,N,Y,42.4401964,-83.2830489
MLS Listing,,Single Family Residential,12076 Cloverlawn St,Detroit,MI,48204,110000,4,1.0,WESTLAWN (PLATS),1602,3920,1921,6,69,,Active,,,https://www.redfin.com/MI/Detroit/12076-Cloverlawn-St-48204/home/98476091,REALCOMP,20251020951,N,Y,42.3770711,-83.151284
MLS Listing,,Single Family Residential,8051 Ashton Ave,Detroit,MI,48228,110000,3,1.0,RICHLAND PARK,1050,5663,1944,6,105,,Active,,,https://www.redfin.com/MI/Detroit/8051-Ashton-Ave-48228/home/98545045,REALCOMP,20251020780,N,Y,42.351394,-83.2177285
MLS Listing,,Condo/Co-op,6533 E Jefferson Ave #304,Detroit,MI,48207,159000,1,1.5,WAYNE COUNTY CONDO PLAN NO 673(LOFTS AT RIVERTOWN),1102,,1906,6,144,775,Active,,,https://www.redfin.com/MI/Detroit/6533-E-Jefferson-Ave-48207/unit-304/home/196615388,REALCOMP,20251020949,N,Y,42.3456816,-83.0068954
MLS Listing,,Single Family Residential,1963 25th St,Detroit,MI,48216,125000,3,1.0,SCOTTEN LOVETT & DAVIS SUB,812,4356,1900,6,154,,Active,,,https://www.redfin.com/MI/Detroit/1963-25th-St-48216/home/98349805,REALCOMP,20251020923,N,Y,42.3240891,-83.0888715
MLS Listing,,Vacant Land,100 King St,Detroit,MI,48202,69000,,,Jos R Mc Laughlins,,6098,,6,,,Active,,,https://www.redfin.com/MI/Detroit/100-King-St-48202/home/98325618,SW Michigan MLS,25037167,N,Y,42.380809,-83.078126
MLS Listing,,Vacant Land,5501 Cadillac Ave,Detroit,MI,48213,5000,,,ALBERT HESSELBACHER & JOSEPH S VISGERS,,4356,,6,,,Active,,,https://www.redfin.com/MI/Detroit/5501-Cadillac-Ave-48213/home/196614425,REALCOMP,20251020916,N,Y,42.386034,-82.9997
MLS Listing,,Single Family Residential,1152 Vinewood St,Detroit,MI,48216,189000,4,2.5,MORE THAN ONE SUB INVOLVED,3732,3049,1900,6,51,,Active,,,https://www.redfin.com/MI/Detroit/1152-Vinewood-St-48216/home/98360873,REALCOMP,20251020823,N,Y,42.3182855,-83.0872532
MLS Listing,,Multi-Family (5+ Unit),16810 Baylis St,Detroit,MI,48221,599900,9,5.0,NAGELS GOLF CLUB,7996,7405,1927,6,75,,Active,,,https://www.redfin.com/MI/Detroit/16810-Baylis-St-48221/home/98445743,REALCOMP,20251015492,N,Y,42.4151834,-83.1238957
MLS Listing,,Single Family Residential,17308 Pinehurst St,Dearborn,MI,48221,79900,3,1.0,MURPHY BROS LOYOLA ESTATES SUB,1000,3920,1946,6,80,,Active,,,https://www.redfin.com/MI/Detroit/17308-Pinehurst-St-48221/home/98479701,REALCOMP,20251020891,N,Y,42.418719,-83.1665022
MLS Listing,,Single Family Residential,8245 Brace St,Detroit,MI,48228,75000,3,1.0,BONAPARTE PARK,846,4356,1943,6,89,,Active,,,https://www.redfin.com/MI/Detroit/8245-Brace-St-48228/home/60959756,REALCOMP,20251020890,N,Y,42.3530117,-83.2238078
MLS Listing,,Single Family Residential,16579 Ohio St,Detroit,MI,48221,70000,4,3.0,PURITAN HEIGHTS SUB,3387,5227,1929,6,21,,Active,,,https://www.redfin.com/MI/Detroit/16579-Ohio-St-48221/home/94277507,REALCOMP,20251020879,N,Y,42.4133339,-83.1560694
MLS Listing,,Single Family Residential,4154 Grayton St,Detroit,MI,48224,285000,3,1.5,ARTHUR J. .SCHULLYS VOGT FARMS SUB,2177,8712,1949,6,131,,Active,,,https://www.redfin.com/MI/Detroit/4154-Grayton-St-48224/home/61082404,REALCOMP,58050183051,N,Y,42.3990732,-82.9276399
MLS Listing,,Single Family Residential,19319 Algonac St St,Detroit,MI,48234,96900,3,1.0,TBD,942,4356,1968,6,103,,Active,,,https://www.redfin.com/MI/Detroit/19319-Algonac-St-48234/home/98388460,REALCOMP,58050183050,N,Y,42.4366319,-83.0104394
MLS Listing,,Single Family Residential,5043 Rosa Parks Blvd,Redford,MI,48208,124900,3,1.0,WILLIAM B WESSONS SEC,1100,3049,1910,6,114,,Active,,,https://www.redfin.com/MI/Detroit/5043-Rosa-Parks-Blvd-48208/home/98335293,REALCOMP,20251020850,N,Y,42.3513431,-83.0835215
MLS Listing,,Single Family Residential,9169 Ward St,Detroit,MI,48228,26000,4,1.5,OAKMAN ROBT LAND COS MCFARLANE,1468,4356,1927,6,18,,Active,,,https://www.redfin.com/MI/Detroit/9169-Ward-St-48228/home/98518682,REALCOMP,20251020161,N,Y,42.3619334,-83.1729827
MLS Listing,,Single Family Residential,2105 25th St,Detroit,MI,48216,150000,3,1.0,SCOTTEN LOVETT & DAVIS SUB,1100,4356,1900,6,136,,Active,,,https://www.redfin.com/MI/Detroit/2105-25th-St-48216/home/98348817,REALCOMP,20251020931,N,Y,42.3257618,-83.0900888
MLS Listing,,Single Family Residential,4890 Berkshire St,Hamtramck,MI,48224,45000,3,1.0,ARTHUR J SCULLYS RIFLE RANGE SUB,1600,4356,1927,6,28,,Active,,,https://www.redfin.com/MI/Detroit/4890-Berkshire-St-48224/home/98422179,REALCOMP,20251020255,N,Y,42.40021,-82.944211
MLS Listing,,Single Family Residential,14122 Mendota St,Detroit,MI,48238,79000,2,2.0,Detroit,858,3920,1927,6,92,,Active,,,https://www.redfin.com/MI/Detroit/14122-Mendota-St-48238/home/60971937,SW Michigan MLS,25037088,N,Y,42.3905866,-83.1643319
MLS Listing,,Single Family Residential,9635 Appoline St,Detroit,MI,48227,110000,3,1.0,SCHOOLVIEW RESUB,1193,3485,1928,6,92,,Active,,,https://www.redfin.com/MI/Detroit/9635-Appoline-St-48227/home/98517334,REALCOMP,20251020008,N,Y,42.3679634,-83.1694157
MLS Listing,,Condo/Co-op,6533 E Jefferson Ave Unit 109J,Detroit,MI,48207,99000,1,1.0,WAYNE COUNTY CONDO PLAN NO 673(LOFTS AT RIVERTOWN),719,,1906,6,138,775,Active,,,https://www.redfin.com/MI/Detroit/6533-E-Jefferson-Ave-48207/unit-109J/home/98466370,REALCOMP,20251016141,N,Y,42.3456816,-83.0068954
MLS Listing,,Single Family Residential,2503 Dickerson St,Detroit,MI,48215,195000,4,2.5,DANIEL J CAMPAUS,1674,4356,1920,6,116,,Active,,,https://www.redfin.com/MI/Detroit/2503-Dickerson-St-48215/home/98416317,REALCOMP,20251020795,N,Y,42.3775576,-82.9575428
MLS Listing,,Single Family Residential,3151 Ewald Cir,Detroit,MI,48238,149000,3,1.5,ROBERT OAKMANS FORD HWY & GLENDALE,2185,3920,1946,6,68,,Active,,,https://www.redfin.com/MI/Detroit/3151-Ewald-Cir-48238/home/98474132,REALCOMP,20251019907,N,Y,42.3846918,-83.1449584
MLS Listing,,Single Family Residential,19347 Sunderland Rd,Detroit,MI,48219,159900,3,1.5,HOLTZMAN & SILVERMAN SUB,1773,4792,1949,6,90,,Active,,,https://www.redfin.com/MI/Detroit/19347-Sunderland-Rd-48219/home/61003158,REALCOMP,20251019546,N,Y,42.432652,-83.229537
MLS Listing,,Single Family Residential,10436 Duprey St,Detroit,MI,48224,70000,3,1.0,ADOLF ROSSEL,1142,6534,1942,6,61,,Active,,,https://www.redfin.com/MI/Detroit/10436-Duprey-St-48224/home/61029906,REALCOMP,20251019633,N,Y,42.4214978,-82.9369106
MLS Listing,,Single Family Residential,11685 Beaconsfield St,Detroit,MI,48224,80000,3,1.0,S C HADLEYS SUB OF PT PC 404,799,4792,1947,6,100,,Active,,,https://www.redfin.com/MI/Detroit/11685-Beaconsfield-St-48224/home/98421578,REALCOMP,20251019613,N,Y,42.4273018,-82.9438254
MLS Listing,,Single Family Residential,14393 Faust Ave,Detroit,MI,48223,260000,3,1.5,Detroit,1538,4792,1941,6,169,,Active,,,https://www.redfin.com/MI/Detroit/14393-Faust-Ave-48223/home/98547516,SW Michigan MLS,25037000,N,Y,42.3927227,-83.2229218
MLS Listing,,Multi-Family (2-4 Unit),9931 Cascade St,Detroit,MI,48204,69000,4,2.0,RAVENSWOOD,1188,3049,1922,6,58,,Active,,,https://www.redfin.com/MI/Detroit/9931-Cascade-St-48204/home/98362767,REALCOMP,20251018197,N,Y,42.3717715,-83.1306175
MLS Listing,,Single Family Residential,13681 Castleton St,Detroit,MI,48227,124900,3,1.0,PAVEDWAY,1068,3920,1941,6,117,,Active,,,https://www.redfin.com/MI/Detroit/13681-Castleton-St-48227/home/98515081,REALCOMP,20251020504,N,Y,42.3760033,-83.1797227
MLS Listing,,Single Family Residential,20179 Russell,Highland Park,MI,48203,85000,3,1.0,Highland Park,1075,3485,1940,6,79,,Active,,,https://www.redfin.com/MI/Highland-Park/20179-Russell-St-48203/home/61324341,SW Michigan MLS,25035846,N,Y,42.4435212,-83.0913172
MLS Listing,,Single Family Residential,19404 Saint Aubin St,Detroit,MI,48234,125000,4,2.0,BURTONS SEVEN MILE ROAD,1272,3485,1926,6,98,,Active,,,https://www.redfin.com/MI/Detroit/19404-Saint-Aubin-St-48234/home/60959297,REALCOMP,20251020728,N,Y,42.436873,-83.0815393
MLS Listing,,Single Family Residential,4487 Fredro St,Hamtramck,MI,48212,199900,3,1.5,PULASKI PARK SUB,1000,3049,1923,6,200,,Active,,,https://www.redfin.com/MI/Hamtramck/4487-Fredro-St-48212/home/87928791,REALCOMP,20251019059,N,Y,42.4095732,-83.053404
MLS Listing,,Single Family Residential,9768 Manistique St,Detroit,MI,48224,69000,3,1.0,Detroit,1768,4356,1941,6,39,,Active,August-3-2025 12:00 PM,August-3-2025 02:00 PM,https://www.redfin.com/MI/Detroit/9768-Manistique-St-48224/home/98509945,SW Michigan MLS,25036356,N,Y,42.4114999,-82.9622321
MLS Listing,,Single Family Residential,8691 E Outer Dr,Detroit,MI,48213,189900,5,3.5,DAVID TROMBLY ESTATE NO 3 (PLATS),3290,6098,1924,6,58,,Active,,,https://www.redfin.com/MI/Detroit/8691-E-Outer-Dr-48213/home/98424608,REALCOMP,20251018149,N,Y,42.4105808,-82.984718
MLS Listing,,Single Family Residential,5181 Yemans St,Hamtramck,MI,48212,285000,3,2.5,J L HUDSON CO,1632,3049,2014,7,175,,Active,,,https://www.redfin.com/MI/Hamtramck/5181-Yemans-St-48212/home/98671830,REALCOMP,20251019911,N,Y,42.4029493,-83.0451039
MLS Listing,,Single Family Residential,18559 Brinker St,Detroit,MI,48234,29900,3,1.0,LELAND HIGHLANDS,1514,3049,1929,7,20,,Active,,,https://www.redfin.com/MI/Detroit/18559-Brinker-St-48234/home/98338487,REALCOMP,20251019283,N,Y,42.4291945,-83.074024
MLS Listing,,Single Family Residential,20492 Grandview St,Detroit,MI,48219,150000,3,1.0,FRANK J BRADYS,1307,13068,1930,7,115,,Active,,,https://www.redfin.com/MI/Detroit/20492-Grandview-St-48219/home/61289030,REALCOMP,20251019051,N,Y,42.4410085,-83.2850459
MLS Listing,,Single Family Residential,19308 Lesure St,Dearborn Heights,MI,48235,178900,4,1.5,ARLINGTON PARK,1474,4792,1940,7,121,,Active,,,https://www.redfin.com/MI/Detroit/19308-Lesure-St-48235/home/98520971,REALCOMP,20251017654,N,Y,42.4330406,-83.182652
MLS Listing,,Single Family Residential,3934 Commor St,Hamtramck,MI,48212,235000,4,2.0,SHIPMANS,1400,3049,1925,7,168,,Active,,,https://www.redfin.com/MI/Hamtramck/3934-Commor-St-48212/home/98352344,REALCOMP,20251019897,N,Y,42.4073775,-83.052909
MLS Listing,,Single Family Residential,9639 Minock St,Dearborn,MI,48228,135000,3,2.0,LASHLEYS J C WEST CHICAGO BLVD & EVERGREEN 1,1154,6098,1942,7,117,,Active,,,https://www.redfin.com/MI/Detroit/9639-Minock-St-48228/home/60956934,REALCOMP,20251020695,N,Y,42.3668178,-83.2327034
MLS Listing,,Single Family Residential,16746 Juliana Ave,Eastpointe,MI,48021,215000,3,1.5,RIDGEMONT HOMES SUB,1902,5663,1952,7,113,,Active,,,https://www.redfin.com/MI/Eastpointe/16746-Juliana-Ave-48021/home/61015570,REALCOMP,20251020272,N,Y,42.4519506,-82.9484875
MLS Listing,,Single Family Residential,14040 Asbury Park,Redford,MI,48227,219900,5,2.0,BE TAYLORS RED BIRD SUB,2056,4792,1929,7,107,,Active,,,https://www.redfin.com/MI/Detroit/14040-Asbury-Park-48227/home/98535769,REALCOMP,20251020274,N,Y,42.3889073,-83.20765
MLS Listing,,Single Family Residential,19936 Washburn St,Detroit,MI,48221,120000,3,1.0,GRAND PARK (PLATS),1046,4356,1955,7,115,,Active,,,https://www.redfin.com/MI/Detroit/19936-Washburn-St-48221/home/98379833,REALCOMP,20251020298,N,Y,42.439089,-83.1620477
MLS Listing,,Single Family Residential,11537 Roxbury St,Detroit,MI,48224,150000,3,1.0,SEVEN MILE CADIEUX SUB 8,1412,4792,1942,7,106,,Active,August-2-2025 01:00 PM,August-2-2025 02:00 PM,https://www.redfin.com/MI/Detroit/11537-Roxbury-St-48224/home/60991556,REALCOMP,20251019377,N,Y,42.4254889,-82.9466222
MLS Listing,,Multi-Family (2-4 Unit),2517 Gladstone St,Detroit,MI,48206,119900,5,2.0,GARDEN ANNEX SUB,3000,4792,1922,7,40,,Active,,,https://www.redfin.com/MI/Detroit/2517-Gladstone-St-48206/home/98451164,REALCOMP,20251019427,N,Y,42.3706729,-83.1057727
MLS Listing,,Condo/Co-op,250 E Harbortown Dr,Detroit,MI,48207,285000,2,2.0,WAYNE COUNTY CONDO PLAN 807,1023,,1988,7,279,755,Active,,,https://www.redfin.com/MI/Detroit/250-E-Harbortown-Dr-48207/home/98947259,REALCOMP,20251020697,N,Y,42.3420595,-83.0104543
MLS Listing,,Single Family Residential,3055 Oakman Blvd,Detroit,MI,48238,249000,3,1.5,ROBERT OAKMANS FORD HWY & GLENDALE,1654,5227,1946,7,151,,Active,,,https://www.redfin.com/MI/Detroit/3055-Oakman-Blvd-48238/home/98374873,REALCOMP,20251020375,N,Y,42.3860713,-83.1435791
MLS Listing,,Single Family Residential,19633 Barlow St,Detroit,MI,48205,82000,3,1.5,Detroit,962,4792,1948,7,85,,Active,,,https://www.redfin.com/MI/Detroit/19633-Barlow-St-48205/home/60955509,SW Michigan MLS,25036965,N,Y,42.4401858,-82.996598
MLS Listing,,Single Family Residential,9236 Penrod St,Detroit,MI,48228,144900,3,2.0,Detroit,1818,5227,1944,7,80,,Active,,,https://www.redfin.com/MI/Detroit/9236-Penrod-St-48228/home/98546434,REALCOMP,20251020653,N,Y,42.3623738,-83.2199757
MLS Listing,,Single Family Residential,6101 Auburn St,Detroit,MI,48228,104900,3,1.0,HARRINGTON GARDENS,1050,4792,1926,7,100,,Active,,,https://www.redfin.com/MI/Detroit/6101-Auburn-St-48228/home/98558101,REALCOMP,20251020682,N,Y,42.3337999,-83.2328046
MLS Listing,,Vacant Land,2495 W Grand Blvd,Detroit,MI,48208,274900,,,OSBORN & MC CALLUMS,,14375,,7,,,Active,,,https://www.redfin.com/MI/Detroit/2495-W-Grand-Blvd-48208/home/186172171,REALCOMP,20251020671,N,Y,42.3631029,-83.0937566
MLS Listing,,Single Family Residential,16570 Tracey St,Detroit,MI,48235,59900,3,1.0,COLLEGE GROVE SUB,1093,3485,1940,7,55,,Active,,,https://www.redfin.com/MI/Detroit/16570-Tracey-St-48235/home/61077132,REALCOMP,20251019040,N,Y,42.4128022,-83.1804643
MLS Listing,,Single Family Residential,7646 Fielding St,Detroit,MI,48228,60000,3,1.0,FRISCHKORNS PARKDALE,2118,4356,1929,7,28,,Active,,,https://www.redfin.com/MI/Detroit/7646-Fielding-St-48228/home/61263771,REALCOMP,20251015464,N,Y,42.3474857,-83.2400721
MLS Listing,,Single Family Residential,20112 Picadilly Rd,Dearborn,MI,48221,289900,3,1.0,GREENACRES,2652,4356,1938,7,109,,Active,,,https://www.redfin.com/MI/Detroit/20112-Picadilly-Rd-48221/home/98329085,REALCOMP,20251017335,N,Y,42.4419126,-83.1372425
MLS Listing,,Single Family Residential,14510 Linville St,Harper Woods,MI,48224,34900,1,1.0,THE PARTNER LAND SUB,665,3920,1923,7,52,,Active,,,https://www.redfin.com/MI/Detroit/14510-Linville-St-48224/home/98419425,REALCOMP,20251020469,N,Y,42.4024933,-82.9614235
MLS Listing,,Single Family Residential,20515 Strathmoor St,Highland Park,MI,48235,119900,3,1.0,SLATKINS HARRY MARK TWAIN 4,1025,5663,1953,7,117,,Active,,,https://www.redfin.com/MI/Detroit/20515-Strathmoor-St-48235/home/98433526,REALCOMP,20251011162,N,Y,42.4443634,-83.1898279
MLS Listing,,Single Family Residential,6426 Artesian St,Detroit,MI,48228,49900,2,1.0,WEST WARREN LAWNS,600,6098,1924,7,83,,Active,,,https://www.redfin.com/MI/Detroit/6426-Artesian-St-48228/home/98551078,REALCOMP,20251020640,N,Y,42.3378723,-83.2248928
MLS Listing,,Single Family Residential,11304 Jackson Ave,Warren,MI,48089,119900,3,1.0,MULLINS EIGHT MILE LAWN SUB,1000,3920,1955,7,120,,Active,,,https://www.redfin.com/MI/Warren/11304-Jackson-Ave-48089/home/60981905,REALCOMP,58050182941,N,Y,42.4501564,-83.0108814
MLS Listing,,Single Family Residential,20515 Moross Rd,Detroit,MI,48224,67500,2,1.0,EAST PARK MANOR,844,2614,1942,7,80,,Active,,,https://www.redfin.com/MI/Detroit/20515-Moross-Rd-48224/home/60979814,REALCOMP,20251020624,N,Y,42.4261752,-82.9315124
MLS Listing,,Vacant Land,5673 16th St,Detroit,MI,48208,12500,,,MARY E ARMSTRONG,,4356,,7,,,Active,,,https://www.redfin.com/MI/Detroit/5673-16th-St-48208/home/98452554,REALCOMP,20251020370,N,Y,42.354574,-83.0925199
MLS Listing,,Vacant Land,6224 Wabash St,Detroit,MI,48208,17500,,,CORLISS & ANDRUS BLVD PARK SUB,,4792,,7,,,Active,,,https://www.redfin.com/MI/Detroit/6224-Wabash-St-48208/home/98335847,REALCOMP,20251019802,N,Y,42.3614785,-83.0920351
MLS Listing,,Vacant Land,8115 Linwood St,Detroit,MI,48206,20000,,,MONTCLAIR LAND CO LTD SUB,,6970,,7,,,Active,,,https://www.redfin.com/MI/Detroit/8115-Linwood-St-48206/home/196584856,REALCOMP,20251020366,N,Y,42.3652187,-83.1036185
MLS Listing,,Vacant Land,3310 Junction,Detroit,MI,48210,15000,,,MC MILLANS & WHITINGS (PLATS),,3485,,7,,,Active,,,https://www.redfin.com/MI/Detroit/3310-Junction-48210/home/173290957,REALCOMP,20251020373,N,Y,42.328482,-83.109144
MLS Listing,,Vacant Land,6208 Wabash St,Detroit,MI,48208,15000,,,CORLISS & ANDRUS BLVD PARK SUB,,3485,,7,,,Active,,,https://www.redfin.com/MI/Detroit/6208-Wabash-St-48208/home/98335846,REALCOMP,20251019795,N,Y,42.3613358,-83.0919783
MLS Listing,,Vacant Land,6358 14th St,Detroit,MI,48208,32500,,,CORLISS & ANDRUS BLVD PARK SUB,,10019,,7,,,Active,,,https://www.redfin.com/MI/Detroit/6358-14th-St-48208/home/196583730,REALCOMP,20251019790,N,Y,42.361161,-83.093226
MLS Listing,,Single Family Residential,9227 Prest St,Detroit,MI,48228,79000,2,1.0,FRISCHKORNS W CHICAGO BLVD ALSO P12,800,3485,1939,7,99,,Active,,,https://www.redfin.com/MI/Detroit/9227-Prest-St-48228/home/98527863,REALCOMP,20251020599,N,Y,42.3632936,-83.1963436
MLS Listing,,Single Family Residential,20569 Biltmore St,Detroit,MI,48235,109000,3,2.0,Detroit,1073,5227,1948,7,102,,Active,,,https://www.redfin.com/MI/Detroit/20569-Biltmore-St-48235/home/98537784,SW Michigan MLS,25036879,N,Y,42.4437565,-83.2128404
MLS Listing,,Vacant Land,3619 E Ferry St,Detroit,MI,48211,15000,,,EUGENE H HILLS SUB,,3049,,7,,,Active,,,https://www.redfin.com/MI/Detroit/3619-E-Ferry-St-48211/home/113403028,REALCOMP,58050182925,N,Y,42.37402,-83.032759
MLS Listing,,Vacant Land,3603 E Ferry St,Detroit,MI,48211,15000,,,LIEB FARM,,2614,,7,,,Active,,,https://www.redfin.com/MI/Detroit/3603-E-Ferry-St-48211/home/145148417,REALCOMP,58050182918,N,Y,42.373911,-83.03306
MLS Listing,,Vacant Land,3613 E Ferry St,Detroit,MI,48211,15000,,,EUGENE H HILLS SUB,,2614,,7,,,Active,,,https://www.redfin.com/MI/Detroit/3613-E-Ferry-St-48211/home/145148419,REALCOMP,58050182920,N,Y,42.373984,-83.032859
MLS Listing,,Single Family Residential,11042 Peerless St,Detroit,MI,48224,89500,3,1.0,PARK DRIVE 4,1100,5227,1944,7,81,,Active,,,https://www.redfin.com/MI/Detroit/11042-Peerless-St-48224/home/98511938,REALCOMP,20251020582,N,Y,42.4265119,-82.9357689
MLS Listing,,Vacant Land,3607 E Ferry St St,Detroit,MI,48211,15000,,,LIEB FARM,,3049,,7,,,Active,,,https://www.redfin.com/MI/Detroit/3607-E-Ferry-St-48211/home/145148418,REALCOMP,58050182911,N,Y,42.373947,-83.032959
MLS Listing,,Single Family Residential,18943 Mansfield St,Detroit,MI,48235,149900,3,2.0,COLLEGE DRIVE (PLATS),1862,4792,1940,7,81,,Active,,,https://www.redfin.com/MI/Detroit/18943-Mansfield-St-48235/home/98533047,REALCOMP,20251020554,N,Y,42.4291772,-83.2065362
MLS Listing,,Vacant Land,3625 E Ferry St,Detroit,MI,48211,15000,,,EUGENE H HILLS SUB,,3049,,7,,,Active,,,https://www.redfin.com/MI/Detroit/3625-E-Ferry-St-48211/home/98351750,REALCOMP,58050182912,N,Y,42.3741054,-83.0324319
MLS Listing,,Single Family Residential,12652 Laing St,Detroit,MI,48224,64900,3,1.0,PARK DRIVE 4,1039,5227,1943,7,62,,Active,,,https://www.redfin.com/MI/Detroit/12652-Laing-St-48224/home/98418883,REALCOMP,20251016089,N,Y,42.4321379,-82.9492199
MLS Listing,,Condo/Co-op,1226 Saint Aubin Pl,Detroit,MI,48207,250000,3,1.5,Detroit,1500,,1968,7,167,896,Active,,,https://www.redfin.com/MI/Detroit/1226-Saint-Aubin-Pl-48207/home/196577117,REALCOMP,20251016893,N,Y,42.3434913,-83.0319248
MLS Listing,,Condo/Co-op,1049 Hampton Circle Cir #44,Detroit,MI,48207,519900,3,2.5,WAYNE COUNTY CONDO PLAN NO 1165 THE TOWNES AT PULLMAN PARC,1618,,2022,7,321,346,Active,,,https://www.redfin.com/MI/Detroit/1049-Hampton-Cir-48207/unit-44/home/190780967,REALCOMP,20251020547,N,Y,42.3406479,-83.029021
MLS Listing,,Single Family Residential,11667 Stahelin Ave,Detroit,MI,48228,79900,2,1.0,LASHLEY COX LAND COS PLYMOUTH & MILL ROAD,850,8712,1949,7,94,,Active,,,https://www.redfin.com/MI/Detroit/11667-Stahelin-Ave-48228/home/98550744,REALCOMP,20251020542,N,Y,42.3731537,-83.2256147
MLS Listing,,Single Family Residential,9173 Appoline St,Detroit,MI,48228,90000,3,1.0,B E TAYLORS QUEENSBORO,1498,6890,1930,7,60,,Active,,,https://www.redfin.com/MI/Detroit/9173-Appoline-St-48228/home/98427255,REALCOMP,20251020502,N,Y,42.362085,-83.1692997
MLS Listing,,Single Family Residential,13592 Monica St,Detroit,MI,48238,104900,2,1.5,AMENDED R OAKMANS TURNER & FORD HWY,1995,3920,1926,7,53,,Active,,,https://www.redfin.com/MI/Detroit/13592-Monica-St-48238/home/98373634,REALCOMP,20251019292,N,Y,42.3878505,-83.142587
MLS Listing,,Single Family Residential,17193 Pierson St,Detroit,MI,48219,180000,3,1.5,REDFORD GARDENS NO 2,1352,6970,1929,7,133,,Active,,,https://www.redfin.com/MI/Detroit/17193-Pierson-St-48219/home/98567509,REALCOMP,20251020430,N,Y,42.4163679,-83.2474781
MLS Listing,,Multi-Family (2-4 Unit),11445 Belleterre St,Detroit,MI,48204,149999,6,2.5,NARDIN PARK SUB,1153,5663,1924,7,130,,Active,,,https://www.redfin.com/MI/Detroit/11445-Belleterre-St-48204/home/61344781,REALCOMP,20251020471,N,Y,42.3734366,-83.1378015
MLS Listing,,Single Family Residential,19785 Chapel St,Detroit,MI,48219,138000,3,2.0,Detroit,1440,6157,1951,7,96,,Active,,,https://www.redfin.com/MI/Detroit/19785-Chapel-St-48219/home/98571547,SW Michigan MLS,25036771,N,Y,42.4358761,-83.2551717
MLS Listing,,Single Family Residential,24 North St,Highland Park,MI,48203,75000,3,1.5,HAMILTON PARK SUB,2560,4356,1916,7,29,,Active,August-2-2025 11:00 AM,August-2-2025 01:00 PM,https://www.redfin.com/MI/Highland-Park/24-North-St-48203/home/59327476,REALCOMP,20251012459,N,Y,42.4161338,-83.1165618
MLS Listing,,Condo/Co-op,2648 John R St,Detroit,MI,48201,775000,3,3.5,WAYNE COUNTY CONDO PLAN NO 1072 (CITY MODERN),2100,,2018,7,369,500,Active,,,https://www.redfin.com/MI/Detroit/2648-John-R-St-48201/home/190252951,REALCOMP,20251020254,N,Y,42.3436156,-83.0514708
MLS Listing,,Single Family Residential,6160 Neff Ave,Detroit,MI,48224,30000,3,1.0,NEFF ROAD SUB,972,7405,1941,7,31,,Active,,,https://www.redfin.com/MI/Detroit/6160-Neff-Ave-48224/home/60955711,REALCOMP,20251020427,N,Y,42.4169638,-82.9306113
MLS Listing,,Single Family Residential,13892 Eastburn St,Detroit,MI,48205,111000,4,1.5,DRENNAN & SELDONS REGENT PARK 2,1235,5663,1947,7,90,,Active,,,https://www.redfin.com/MI/Detroit/13892-Eastburn-St-48205/home/61025413,REALCOMP,20251020417,N,Y,42.4448124,-82.9812105
MLS Listing,,Single Family Residential,1806 Leverette St,Detroit,MI,48216,449900,3,2.0,BEECHERS LUTHER,2551,2614,1916,7,176,,Active,,,https://www.redfin.com/MI/Detroit/1806-Leverette-St-48216/home/98443574,REALCOMP,20251011813,N,Y,42.3293926,-83.0692881
MLS Listing,,Single Family Residential,20158 Stotter St,Detroit,MI,48234,65000,5,2.5,BASE LINE SUB,1489,3920,1938,7,44,,Active,,,https://www.redfin.com/MI/Detroit/20158-Stotter-St-48234/home/61027283,REALCOMP,20251020215,N,Y,42.4445165,-83.0255429
MLS Listing,,Multi-Family (2-4 Unit),2022 Glendale St,Detroit,MI,48238,199900,4,2.0,OAKMAN HEIGHTS,1724,3049,1919,7,116,,Active,,,https://www.redfin.com/MI/Detroit/2022-Glendale-St-48238/home/98444558,REALCOMP,20251020400,N,Y,42.3927662,-83.1134535
MLS Listing,,Single Family Residential,18231 Stahelin Ave,Detroit,MI,48219,144500,3,2.0,LONGFELLOW MANOR,1585,6098,1949,7,91,,Active,,,https://www.redfin.com/MI/Detroit/18231-Stahelin-Ave-48219/home/98550915,REALCOMP,20251020394,N,Y,42.4231522,-83.2275806
MLS Listing,,Single Family Residential,709 E Margaret St,Highland Park,MI,48203,19995,3,1.5,KIEFER HOMES SUB (PLATS),913,4356,1951,7,22,,Active,,,https://www.redfin.com/MI/Highland-Park/709-E-Margaret-St-48203/home/98337188,REALCOMP,20251020391,N,Y,42.42657,-83.095692
MLS Listing,,Single Family Residential,15323 Kentfield St,Detroit,MI,48223,210000,3,2.0,MORNINGSIDE SUB,1500,4792,1950,7,140,,Active,,,https://www.redfin.com/MI/Detroit/15323-Kentfield-St-48223/home/98562930,REALCOMP,20251020365,N,Y,42.4012244,-83.240851
MLS Listing,,Single Family Residential,8604 Birwood St,Detroit,MI,48204,85000,3,1.0,ROBERT OAKMAN LAND COS AVIATION FIELD 3,1118,4792,1948,7,76,,Active,,,https://www.redfin.com/MI/Detroit/8604-Birwood-St-48204/home/98488972,REALCOMP,20251020358,N,Y,42.3582116,-83.1628267
MLS Listing,,Single Family Residential,18737 Kenosha St,Harper Woods,MI,48225,100000,3,1.0,EAST PARK MANOR SUB 2,1063,4356,1940,7,94,,Active,,,https://www.redfin.com/MI/Harper-Woods/18737-Kenosha-St-48225/home/98672343,REALCOMP,58050182794,N,Y,42.4364818,-82.9480329
MLS Listing,,Multi-Family (2-4 Unit),2999 Pasadena St,Detroit,MI,48238,40000,5,3.0,R OAKMANS FORD HWY & DEXTER BLVD,2650,3485,1927,8,15,,Active,,,https://www.redfin.com/MI/Detroit/2999-Pasadena-St-48238/home/98454800,REALCOMP,20251020280,N,Y,42.3935486,-83.1278154
MLS Listing,,Single Family Residential,18031 Hamilton Rd,Detroit,MI,48203,499900,3,2.0,DETROIT GOLF CLUB PG 99 & 100,2236,24394,1921,8,224,,Active,,,https://www.redfin.com/MI/Highland-Park/18031-Hamilton-Rd-48203/home/98327476,REALCOMP,20251018754,N,Y,42.428555,-83.125345
MLS Listing,,Single Family Residential,16860 Manor St,Detroit,MI,48221,210000,3,2.0,ARCADIA PARK,2175,3920,1938,8,97,,Active,,,https://www.redfin.com/MI/Detroit/16860-Manor-St-48221/home/98480320,REALCOMP,20251018628,N,Y,42.4152152,-83.1686927
MLS Listing,,Single Family Residential,4688 French Rd,Detroit,MI,48214,170000,4,2.0,ST CLAIR HEIGHTS EUGENE H SLOMANS,1458,5227,2005,8,117,,Active,,,https://www.redfin.com/MI/Detroit/4688-French-Rd-48214/home/170596491,REALCOMP,20251019231,N,Y,42.3842554,-82.9898803
MLS Listing,,Single Family Residential,8811 W 7 Mile Rd Rd,Detroit,MI,48221,229900,3,3.0,Detroit,1810,5663,1938,8,127,,Active,August-2-2025 01:00 PM,August-2-2025 03:00 PM,https://www.redfin.com/MI/Detroit/8811-W-7-Mile-Rd-48221/home/98470314,REALCOMP,20251018939,N,Y,42.431069,-83.159175
MLS Listing,,Single Family Residential,9012 Pierson St,Detroit,MI,48228,79000,3,1.0,ROUGE PARK BLVD SUB,910,5227,1943,8,87,,Active,,,https://www.redfin.com/MI/Detroit/9012-Pierson-St-48228/home/98567271,REALCOMP,20251020306,N,Y,42.3594503,-83.2442359
MLS Listing,,Single Family Residential,20203 Hull St,Detroit,MI,48203,49000,3,1.0,EIGHT-OAKLAND SUB 1,1234,3485,1930,8,40,,Active,,,https://www.redfin.com/MI/Highland-Park/20203-Hull-St-48203/home/60967163,REALCOMP,20251020301,N,Y,42.4438467,-83.0893712
MLS Listing,,Single Family Residential,16251 Edmore Dr,Detroit,MI,48205,105000,3,1.0,RIDGEMONT MANOR,1671,5227,1948,8,63,,Active,,,https://www.redfin.com/MI/Detroit/16251-Edmore-Dr-48205/home/60995714,REALCOMP,20251019890,N,Y,42.447656,-82.952467
MLS Listing,,Multi-Family (2-4 Unit),5510 Allendale St,Detroit,MI,48204,130000,5,2.0,Detroit,,3920,1925,8,,,Active,,,https://www.redfin.com/MI/Detroit/5510-Allendale-St-48204/home/61348661,REALCOMP,81025036616,N,Y,42.3534839,-83.127125
MLS Listing,,Single Family Residential,6719 Vaughan St,Detroit,MI,48228,129900,3,2.0,FRISCHKORNS ROUGE PARK,1646,4792,1950,8,79,,Active,,,https://www.redfin.com/MI/Detroit/6719-Vaughan-St-48228/home/98561497,REALCOMP,20251019667,N,Y,42.3398231,-83.2367172
MLS Listing,,Condo/Co-op,3434 Russell St #107,Detroit,MI,48207,715000,2,2.0,WAYNE COUNTY CONDO PLAN NO 1021 (FD LOFTS),1780,,1917,8,402,482,Active,,,https://www.redfin.com/MI/Detroit/3434-Russell-St-48207/unit-107/home/113429317,REALCOMP,20251020252,N,Y,42.3513871,-83.0422105
MLS Listing,,Single Family Residential,13501 Mettetal St,Detroit,MI,48227,305000,5,3.0,ORCHARD GROVE PARK 1 PLACE ATS,1993,4356,1929,8,153,,Active,August-2-2025 12:00 PM,August-2-2025 02:00 PM,https://www.redfin.com/MI/Detroit/13501-Mettetal-St-48227/home/64096224,REALCOMP,20251018421,N,Y,42.3848091,-83.2067973
MLS Listing,,Single Family Residential,15350 Sussex St,Detroit,MI,48227,198000,3,2.5,B E TAYLORS BELMONT,1495,5227,1940,8,132,,Active,,,https://www.redfin.com/MI/Detroit/15350-Sussex-St-48227/home/60989863,REALCOMP,20251018889,N,Y,42.4027758,-83.1947623
MLS Listing,,Single Family Residential,19703 Santa Barbara Dr,Detroit,MI,48221,135000,2,1.0,ASSESSORS OF RIDGEFIELD SUB 1,1400,6098,1944,8,96,,Active,August-2-2025 10:00 AM,August-2-2025 11:00 AM,https://www.redfin.com/MI/Detroit/19703-Santa-Barbara-Dr-48221/home/98376217,REALCOMP,20251019914,N,Y,42.4369874,-83.1499194
MLS Listing,,Multi-Family (2-4 Unit),15875 Washburn St,Detroit,MI,48238,39900,2,2.0,DYERS ST MARYS,1962,4356,1928,8,20,,Active,,,https://www.redfin.com/MI/Detroit/15875-Washburn-St-48238/home/98379799,REALCOMP,20251018912,N,Y,42.4090436,-83.1612832
MLS Listing,,Single Family Residential,3900 Somerset Ave,Grosse Pointe Woods,MI,48224,199000,3,1.5,RABAUTS L C SOMERSET DRIVE,1400,4792,1940,8,142,,Active,August-3-2025 02:00 PM,August-3-2025 04:00 PM,https://www.redfin.com/MI/Detroit/3900-Somerset-Ave-48224/home/98511532,REALCOMP,20251020143,N,Y,42.3914862,-82.9422363
MLS Listing,,Multi-Family (2-4 Unit),4267 Monterey St,Detroit,MI,48204,64900,4,2.0,STACKS LOVETT AVE (PLATS),2112,3485,1925,8,31,,Active,,,https://www.redfin.com/MI/Detroit/4267-Monterey-St-48204/home/98359717,REALCOMP,20251020203,N,Y,42.379997,-83.131344
MLS Listing,,Single Family Residential,19162 Conley St,Detroit,MI,48234,54500,2,1.0,SEYMOUR & TROESTERS POLONIA PARK SUB,954,4356,1938,8,57,,Active,,,https://www.redfin.com/MI/Detroit/19162-Conley-St-48234/home/98460668,REALCOMP,20251019686,N,Y,42.4343489,-83.0524775
MLS Listing,,Single Family Residential,16175 Stricker Ave,Eastpointe,MI,48021,179900,4,1.5,RIDGEMONT GOLF COURSE SUB,2165,5663,1954,8,83,,Active,,,https://www.redfin.com/MI/Eastpointe/16175-Stricker-Ave-48021/home/61269441,REALCOMP,20251020186,N,Y,42.4514756,-82.9536671
MLS Listing,,Single Family Residential,17341 Birchcrest Dr,Detroit,MI,48221,375000,4,3.5,KEANS SUB OF SW 1/4 OF SW 1/4 OF SEC 10,3031,7841,1949,8,124,,Active,August-3-2025 12:00 PM,August-3-2025 02:00 PM,https://www.redfin.com/MI/Detroit/17341-Birchcrest-Dr-48221/home/98440417,REALCOMP,20251019863,N,Y,42.4197175,-83.1372818
MLS Listing,,Single Family Residential,18025 Brinker St,Detroit,MI,48234,47500,4,2.0,LELAND HIGHLANDS,1416,6098,1925,8,34,,Active,,,https://www.redfin.com/MI/Detroit/18025-Brinker-St-48234/home/98447806,REALCOMP,20251019887,N,Y,42.4262542,-83.0739421
MLS Listing,,Single Family Residential,14866 Houston Whittier St,Detroit,MI,48205,45000,3,1.0,PARK DRIVE SUB 2,930,3920,1951,8,48,,Active,,,https://www.redfin.com/MI/Detroit/14866-Houston-Whittier-St-48205/home/98408558,REALCOMP,20251020067,N,Y,42.4204915,-82.9684901
MLS Listing,,Single Family Residential,17126 Patton St,Detroit,MI,48219,79900,3,1.0,MAYFAIR PARK,960,5227,1946,8,83,,Active,,,https://www.redfin.com/MI/Detroit/17126-Patton-St-48219/home/98565499,REALCOMP,20251017462,N,Y,42.4155007,-83.2445087
MLS Listing,,Single Family Residential,15349 San Juan Dr,Detroit,MI,48238,140000,6,2.0,MULBERRY HILL SUB,1440,3920,1926,8,97,,Active,,,https://www.redfin.com/MI/Detroit/15349-San-Juan-Dr-48238/home/98474823,REALCOMP,5050182749,N,Y,42.403362,-83.146316
MLS Listing,,Single Family Residential,20818 Atlantic Ave,Warren,MI,48091,89900,2,1.0,RAMM & COS MOUND PARK # 01,836,4792,1951,8,108,,Active,,,https://www.redfin.com/MI/Warren/20818-Atlantic-Ave-48091/home/99657911,REALCOMP,20251019266,N,Y,42.4494837,-83.0520732
MLS Listing,,Multi-Family (2-4 Unit),59 W Margaret St,Highland Park,MI,48203,275000,8,4.0,GRIX HOME PARK,4404,3920,1927,8,62,,Active,,,https://www.redfin.com/MI/Highland-Park/59-W-Margaret-St-48203/home/98325846,REALCOMP,20251020061,N,Y,42.4259632,-83.1032922
MLS Listing,,Condo/Co-op,443 W Hancock St,Detroit,MI,48201,435000,2,2.0,Detroit,1707,,2002,8,255,335,Active,,,https://www.redfin.com/MI/Detroit/443-W-Hancock-St-48201/home/98582070,SW Michigan MLS,25036532,N,Y,42.3543833,-83.0668679
MLS Listing,,Single Family Residential,18051 Orleans St,Detroit,MI,48203,55000,4,2.0,CADILLAC HEIGHTS SUB OF N E 1/4 SEC 12,1300,3485,1929,8,42,,Active,,,https://www.redfin.com/MI/Highland-Park/18051-Orleans-St-48203/home/60965240,REALCOMP,20251020034,N,Y,42.4259538,-83.0852722
MLS Listing,,Single Family Residential,10970 W Outer Dr,Detroit,MI,48223,199000,5,3.0,TAYLORS B E BRIGHTMOOR,1900,4356,1923,8,105,,Active,,,https://www.redfin.com/MI/Detroit/10970-W-Outer-Dr-48223/home/98581623,REALCOMP,20251020013,N,Y,42.3981945,-83.2463101
MLS Listing,,Single Family Residential,8855 Stout St,Detroit,MI,48228,70000,3,1.5,WARRENDALE WARSAW 1PLATS,733,4792,1950,8,95,,Active,,,https://www.redfin.com/MI/Detroit/8855-Stout-St-48228/home/61006349,REALCOMP,20251008388,N,Y,42.3584017,-83.239863
MLS Listing,,Multi-Family (2-4 Unit),9925 Mcquade St,Detroit,MI,48206,235000,6,2.0,MC QUADES DEXTER BLVD,2304,3485,1926,8,102,,Active,,,https://www.redfin.com/MI/Detroit/9925-McQuade-St-48206/home/98464467,REALCOMP,20251020000,N,Y,42.3744874,-83.1230339
MLS Listing,,Single Family Residential,16248 Mark Twain St,Detroit,MI,48235,165000,3,2.5,CHARLES ENGEL,1748,3920,1929,8,94,,Active,,,https://www.redfin.com/MI/Detroit/16248-Mark-Twain-St-48235/home/98522275,REALCOMP,20251019998,N,Y,42.4112779,-83.1867727
MLS Listing,,Single Family Residential,7404 14th St,Detroit,MI,48209,189000,2,2.0,Detroit,640,2000,2025,8,295,,Active,,,https://www.redfin.com/MI/Detroit/7404-14th-St-48206/home/113397416,SW Michigan MLS,25036475,N,Y,42.363902,-83.095279
MLS Listing,,Single Family Residential,17510 Monica St,Detroit,MI,48221,245000,3,1.5,ARDENWOOD SUB,1331,4356,1929,8,184,,Active,,,https://www.redfin.com/MI/Detroit/17510-Monica-St-48221/home/98373025,REALCOMP,20251019969,N,Y,42.4210226,-83.1440166
MLS Listing,,Single Family Residential,4151 Nottingham Rd,Detroit,MI,48224,59500,3,1.0,NOTTINGHAM SUB,1022,4792,1938,8,58,,Active,,,https://www.redfin.com/MI/Detroit/4151-Nottingham-Rd-48224/home/60986797,REALCOMP,20251019694,N,Y,42.3931772,-82.9451996
MLS Listing,,Single Family Residential,4874 Lenox St,Detroit,MI,48215,89000,2,1.0,JEFFERSON PARK LAND CO LTD,650,3920,1940,8,137,,Active,,,https://www.redfin.com/MI/Detroit/4874-Lenox-St-48215/home/60969519,REALCOMP,20251017421,N,Y,42.3923706,-82.9654087
MLS Listing,,Multi-Family (2-4 Unit),1445 Lakepointe St,Grosse Pointe,MI,48230,295000,3,2.0,LAKE POINTE HEIGHTS SUB,1632,4792,1924,8,181,,Active,,,https://www.redfin.com/MI/Grosse-Pointe-Park/1445-Lakepointe-St-48230/home/98664207,REALCOMP,58050182701,N,Y,42.3867751,-82.9435445
