SALE TYPE,SOLD DATE,PROPERTY TYPE,ADDRESS,CITY,STATE OR PROVINCE,ZIP OR POSTAL CODE,PRICE,BEDS,BATHS,LOCATION,SQUARE FEET,LOT SIZE,YEAR BUILT,DAYS ON MARKET,$/SQUARE FEET,HOA/MONTH,STATUS,NEXT OPEN HOUSE START TIME,NEXT OPEN HOUSE END TIME,URL (SEE https://www.redfin.com/buy-a-home/comparative-market-analysis FOR INFO ON PRICING),SOURCE,MLS#,FAVORITE,INTERESTED,LATITUDE,LONGITUDE
"In accordance with local MLS rules, some MLS listings are not included in the download"
MLS Listing,,Single Family Residential,534 Pennsylvania Ave,Jackson,MS,39216,184900,2,1.0,Fondren,1502,8712,1939,1,123,,Active,,,https://www.redfin.com/MS/Jackson/534-Pennsylvania-Ave-39216/home/117942851,MLSU,2019000947,N,Y,32.3403873,-90.1745475
MLS Listing,,Single Family Residential,5232 Old Byram Rd,Byram,MS,39272,289000,3,2.5,Metes And Bounds,2201,129373,1999,1,131,,Active,,,https://www.redfin.com/MS/Byram/5232-Old-Byram-Rd-39272/home/118459925,MLSU,2019000932,N,Y,32.2043757,-90.2353721
MLS Listing,,Single Family Residential,11 Pear Orchard Park,Jackson,MS,39211,234900,3,2.0,Pear Orchard Park,1793,10454,1997,1,131,42,Active,,,https://www.redfin.com/MS/Jackson/11-Pear-Orchard-Park-39211/home/117577632,MLSU,4121095,N,Y,32.3924708,-90.1236968
MLS Listing,,Single Family Residential,335 Cummins St,Jackson,MS,39204,89000,3,2.0,Metes And Bounds,1286,10454,1954,1,69,,Active,,,https://www.redfin.com/MS/Jackson/335-Cummins-St-39204/home/166465242,MLSU,4121049,N,Y,32.2750915,-90.2200015
MLS Listing,,Single Family Residential,1034 Dorgan St,Jackson,MS,39204,24900,4,2.0,Jackson Belvedere,964,10890,1950,1,26,,Active,,,https://www.redfin.com/MS/Jackson/1034-Dorgan-St-39204/home/117298519,MLSU,4121017,N,Y,32.2743437,-90.234655
MLS Listing,,Single Family Residential,100 Rolling Meadows Dr,Jackson,MS,39211,180000,4,3.5,Rolling Meadows,2945,33541,1985,2,61,,Active,,,https://www.redfin.com/MS/Jackson/100-Rolling-Meadows-Dr-39211/home/117752793,MLSU,4120996,N,Y,32.3921587,-90.1116359
MLS Listing,,Single Family Residential,612 Heather Ln,Jackson,MS,39206,135000,4,2.0,Elmwood Park,1642,11325,1959,2,82,,Active,,,https://www.redfin.com/MS/Jackson/612-Heather-Ln-39206/home/118077470,MLSU,4120946,N,Y,32.3701534,-90.1813825
MLS Listing,,Single Family Residential,2955 Greenview Dr,Jackson,MS,39212,15000,3,1.0,Mcdowell,936,9147,1962,2,16,,Active,,,https://www.redfin.com/MS/Jackson/2955-Greenview-Dr-39212/home/118375612,MLSU,4120937,N,Y,32.2641374,-90.2241048
MLS Listing,,Single Family Residential,150 Stratford Dr,Jackson,MS,39212,439000,4,2.5,Metes And Bounds,7510,396831,1978,2,58,,Active,,,https://www.redfin.com/MS/Jackson/150-Stratford-Dr-39212/home/118362594,MLSU,4120929,N,Y,32.2403369,-90.3060035
MLS Listing,,Single Family Residential,554 Launcelot Rd,Jackson,MS,39206,149900,4,2.5,Watkins Glen,1459,10890,1950,2,103,,Active,,,https://www.redfin.com/MS/Jackson/554-Launcelot-Rd-39206/home/117673786,MLSU,4120924,N,Y,32.3618462,-90.1638869
MLS Listing,,Single Family Residential,329 Pine Ridge Rd,Jackson,MS,39206,159900,4,2.0,Del Rosa,1409,15246,1952,2,113,,Active,,,https://www.redfin.com/MS/Jackson/329-Pine-Ridge-Rd-39206/home/118020330,MLSU,4120913,N,Y,32.365283,-90.174846
MLS Listing,,Single Family Residential,702 Meadow View Cv,Jackson,MS,39272,335000,4,4.5,Brookwood,2231,26571,2006,2,150,,Active,,,https://www.redfin.com/MS/Byram/702-Meadow-View-Cv-39272/home/117831860,MLSU,4120901,N,Y,32.2154013,-90.2725244
MLS Listing,,Single Family Residential,127 Winged Foot Cir,Jackson,MS,39211,779000,4,3.0,Country Club Of Jackson,3707,87991,1974,3,210,133,Active,,,https://www.redfin.com/MS/Jackson/127-Winged-Foot-Cir-39211/home/117638644,MLSU,4120884,N,Y,32.3927877,-90.1030611
MLS Listing,,Vacant Land,3705 Terry Rd,Jackson,MS,39212,40000,,,Jackson,,60112,,3,,,Active,,,https://www.redfin.com/MS/Jackson/3705-Terry-Rd-39212/home/117978438,MLSU,4120881,N,Y,32.2471252,-90.228735
MLS Listing,,Single Family Residential,2115 Meadowbrook Rd,Jackson,MS,39211,299000,3,2.5,Meadowbrook Hills,2000,13068,1957,3,150,,Active,August-3-2025 02:00 PM,August-3-2025 04:00 PM,https://www.redfin.com/MS/Jackson/2115-Meadowbrook-Rd-39211/home/117365524,MLSU,4120867,N,Y,32.3482399,-90.1328708
MLS Listing,,Single Family Residential,1048 Meadow Heights Dr,Jackson,MS,39206,115000,3,3.0,Fondren/North Renaissance,2336,10018,1952,3,49,,Active,,,https://www.redfin.com/MS/Jackson/1048-Meadow-Heights-Dr-39206/home/117362477,MLSU,4120862,N,Y,32.35356,-90.160055
MLS Listing,,Single Family Residential,1704 Linden Pl,Jackson,MS,39202,129900,2,1.0,Belhaven/Belhaven Heights,1440,10018,1928,3,90,,Active,,,https://www.redfin.com/MS/Jackson/1704-Linden-Pl-39202/home/117335090,MLSU,4120806,N,Y,32.3205229,-90.1664024
MLS Listing,,Single Family Residential,126 Pine Cv,Jackson,MS,39212,118000,3,2.0,Willowood,1421,16988,1981,3,83,,Active,,,https://www.redfin.com/MS/Jackson/126-Pine-Cv-39212/home/117518641,MLSU,4120803,N,Y,32.2538278,-90.3054446
MLS Listing,,Single Family Residential,455 Eagle Ct,Byram,MS,39272,178500,3,2.0,Raintree Place,1547,8712,1986,4,115,,Active,,,https://www.redfin.com/MS/Byram/455-Eagle-Ct-39272/home/117414957,MLSU,4120775,N,Y,32.208947,-90.2565886
MLS Listing,,Single Family Residential,4574 Hanging Moss Rd,Jackson,MS,39206,74900,2,2.0,Elmwood Park,1306,23086,1951,4,57,,Active,,,https://www.redfin.com/MS/Jackson/4574-Hanging-Moss-Rd-39206/home/117733738,MLSU,4120740,N,Y,32.3671927,-90.1794497
MLS Listing,,Single Family Residential,316 E Mayes St,Jackson,MS,39206,184500,3,2.0,Fondren,1200,7840,1939,4,154,,Active,,,https://www.redfin.com/MS/Jackson/316-E-Mayes-St-39206/home/117606619,MLSU,4120711,N,Y,32.3450887,-90.1798608
MLS Listing,,Single Family Residential,4017 Pine Hill Dr,Jackson,MS,39206,242000,3,2.0,Fondren,1819,10890,1938,4,133,,Active,,,https://www.redfin.com/MS/Jackson/4017-Pine-Hill-Dr-39206/home/117253484,MLSU,4120709,N,Y,32.3453324,-90.1781095
MLS Listing,,Single Family Residential,1670 Kentwood Dr,Jackson,MS,39212,75000,3,2.0,Oak Forest,1170,23958,1956,4,64,,Active,,,https://www.redfin.com/MS/Jackson/1670-Kentwood-Dr-39212/home/117974804,MLSU,4120706,N,Y,32.267745,-90.252909
MLS Listing,,Single Family Residential,270 Myer Ave,Jackson,MS,39209,79900,3,1.5,West Park,1175,12632,1970,4,68,,Active,,,https://www.redfin.com/MS/Jackson/270-Myer-Ave-39209/home/117330034,MLSU,4120685,N,Y,32.316836,-90.2299935
MLS Listing,,Single Family Residential,3159 Alameda Dr,Jackson,MS,39212,37000,3,1.0,Alemeda,1255,16988,1950,5,29,,Active,,,https://www.redfin.com/MS/Jackson/3159-Alameda-Dr-39212/home/117489068,MLSU,4120673,N,Y,32.2582758,-90.2251778
MLS Listing,,Single Family Residential,1310 Collier Ave,Jackson,MS,39213,125000,3,1.0,Metes And Bounds,1054,43560,1954,5,119,,Active,,,https://www.redfin.com/MS/Jackson/1310-Collier-Ave-39213/home/118316702,MLSU,4120671,N,Y,32.350317,-90.1974226
MLS Listing,,Single Family Residential,751 Dorgan St,Jackson,MS,39204,41500,3,2.0,Creedenton,1400,13939,1955,5,30,,Active,,,https://www.redfin.com/MS/Jackson/751-Dorgan-St-39204/home/117834753,MLSU,4120657,N,Y,32.2718105,-90.2295938
MLS Listing,,Single Family Residential,1945 Camellia Ln,Jackson,MS,39204,82000,3,2.0,Garden Park,1525,11761,1958,6,54,,Active,,,https://www.redfin.com/MS/Jackson/1945-Camellia-Ln-39204/home/117890583,MLSU,4120607,N,Y,32.2796919,-90.233952
MLS Listing,,Single Family Residential,3678 Cavalier Dr,Jackson,MS,39216,519000,4,3.5,Fondren,2978,26571,1955,7,174,,Active,August-3-2025 03:00 PM,August-3-2025 05:00 PM,https://www.redfin.com/MS/Jackson/3678-Cavalier-Dr-39216/home/117567531,MLSU,4120552,N,Y,32.3420859,-90.1651282
MLS Listing,,Single Family Residential,410 Downing St,Jackson,MS,39216,199999,3,2.0,Northview Addition,1924,7840,1941,7,104,,Active,,,https://www.redfin.com/MS/Jackson/410-Downing-St-39216/home/117275300,MLSU,4120533,N,Y,32.3418968,-90.1784933
MLS Listing,,Single Family Residential,1341 E Northside Dr,Jackson,MS,39211,256500,3,2.0,Kimwood,2034,16552,1956,7,126,,Active,,,https://www.redfin.com/MS/Jackson/1341-E-Northside-Dr-39211/home/118025295,MLSU,4120526,N,Y,32.3554519,-90.1466758
MLS Listing,,Single Family Residential,609 Briarcliff Cir,Jackson,MS,39212,65000,3,2.0,Briarcliff,1613,13939,1976,7,40,,Active,,,https://www.redfin.com/MS/Jackson/609-Briarcliff-Cir-39212/home/117580461,MLSU,4120507,N,Y,32.2449164,-90.2485648
MLS Listing,,Single Family Residential,420 Downing St,Jackson,MS,39216,199999,3,2.0,Northview Addition,1293,8276,1939,7,155,,Active,,,https://www.redfin.com/MS/Jackson/420-Downing-St-39216/home/117335443,MLSU,4120498,N,Y,32.3419573,-90.1780886
MLS Listing,,Single Family Residential,436 Claiborne Ave,Jackson,MS,39209,45000,3,2.0,Westwood,1532,9583,1938,7,29,,Active,,,https://www.redfin.com/MS/Jackson/436-Claiborne-Ave-39209/home/117540989,MLSU,4120479,N,Y,32.3138797,-90.2223573
MLS Listing,,Single Family Residential,944 Madison St,Jackson,MS,39202,195000,3,2.0,Belhaven/Belhaven Heights,1936,7840,1938,7,101,,Active,,,https://www.redfin.com/MS/Jackson/944-Madison-St-39202/home/117671951,MLSU,4120477,N,Y,32.3104506,-90.1725411
MLS Listing,,Single Family Residential,1922 Shamrock Dr,Jackson,MS,39204,97000,3,2.0,Willaneel,1281,10018,1955,7,76,,Active,,,https://www.redfin.com/MS/Jackson/1922-Shamrock-Dr-39204/home/117213318,MLSU,4120460,N,Y,32.2809347,-90.2279655
MLS Listing,,Single Family Residential,165 Plummer Cir,Jackson,MS,39212,39950,3,1.0,Westmoreland Heights,1516,49222,1940,7,26,,Active,,,https://www.redfin.com/MS/Jackson/165-Plummer-Cir-39212/home/117912366,MLSU,4120450,N,Y,32.2704223,-90.2784935
MLS Listing,,Single Family Residential,4328 Whitehall Ave,Jackson,MS,39209,85000,3,2.0,Farmington Heights,2196,10454,1955,8,39,,Active,,,https://www.redfin.com/MS/Jackson/4328-Whitehall-Ave-39209/home/117754193,MLSU,4120435,N,Y,32.2987151,-90.2570941
MLS Listing,,Single Family Residential,535 Avalon Rd,Jackson,MS,39206,135000,3,2.0,Broadmoor,1199,8712,1950,8,113,,Active,,,https://www.redfin.com/MS/Jackson/535-Avalon-Rd-39206/home/117688950,MLSU,4120421,N,Y,32.3580044,-90.1652214
MLS Listing,,Single Family Residential,1924 Willow Way,Jackson,MS,39204,82000,3,2.0,Alta Woods Park,1077,16552,1950,8,76,,Active,,,https://www.redfin.com/MS/Jackson/1924-Willow-Way-39204/home/117684404,MLSU,4120414,N,Y,32.2811756,-90.2211242
MLS Listing,,Single Family Residential,314 Mcdowell Park Cir,Jackson,MS,39204,85000,3,2.0,Mcdowell Park,1388,11761,1959,8,61,,Active,,,https://www.redfin.com/MS/Jackson/314-McDowell-Park-Cir-39204/home/118330814,MLSU,4120400,N,Y,32.2715343,-90.2503299
MLS Listing,,Single Family Residential,715 Dorgan St,Jackson,MS,39204,60000,3,1.0,Creedenton,1122,11325,1955,8,53,,Active,,,https://www.redfin.com/MS/Jackson/715-Dorgan-St-39204/home/118376995,MLSU,4120395,N,Y,32.2718239,-90.2280545
MLS Listing,,Single Family Residential,1820 Highland Ter,Jackson,MS,39211,285000,3,2.0,Highland Terrace,1979,12632,1961,8,144,,Active,,,https://www.redfin.com/MS/Jackson/1820-Highland-Ter-39211/home/118098585,MLSU,4120371,N,Y,32.3601422,-90.1352828
MLS Listing,,Single Family Residential,1018 Newland St,Jackson,MS,39211,265000,4,2.5,Heatherton,2411,11761,1985,8,110,,Active,,,https://www.redfin.com/MS/Jackson/1018-Newland-St-39211/home/117255217,MLSU,4119775,N,Y,32.3692172,-90.1379615
MLS Listing,,Single Family Residential,138 James Monroe Pl,Jackson,MS,39213,66136,3,1.5,Presidential Hills,1240,11325,1972,8,53,,Active,,,https://www.redfin.com/MS/Jackson/138-James-Monroe-Pl-39213/home/118336124,MLSU,4120337,N,Y,32.3672825,-90.2624964
MLS Listing,,Single Family Residential,207 Huron St,Jackson,MS,39203,3999,2,1.0,Ohara,963,6098,1958,8,4,,Active,,,https://www.redfin.com/MS/Jackson/207-Huron-St-39203/home/117195514,MLSU,4120333,N,Y,32.3204079,-90.1935098
MLS Listing,,Single Family Residential,4151 Navajo Rd,Jackson,MS,39211,265000,3,2.0,Meadowbrook Hills,1754,15246,1960,8,151,,Active,,,https://www.redfin.com/MS/Jackson/4151-Navajo-Rd-39211/home/118215380,MLSU,4120332,N,Y,32.3476641,-90.1400137
MLS Listing,,Single Family Residential,5216 Romany Dr,Jackson,MS,39211,129750,3,2.0,Armandale,1730,13939,1966,9,75,,Active,,,https://www.redfin.com/MS/Jackson/5216-Romany-Dr-39211/home/118320126,MLSU,4114309,N,Y,32.3689682,-90.1250074
MLS Listing,,Single Family Residential,9 Glen Eagles Dr,Jackson,MS,39211,651600,3,2.5,Glen Eagles,3250,10454,1986,9,200,,Active,,,https://www.redfin.com/MS/Jackson/9-Glen-Eagles-Dr-39211/home/118345612,MLSU,4120306,N,Y,32.3969824,-90.1086755
MLS Listing,,Single Family Residential,5023 Fox Glen Dr,Jackson,MS,39212,219900,3,2.0,Foxwood,1272,10890,2025,9,173,,Active,,,https://www.redfin.com/MS/Jackson/5023-Fox-Glen-Dr-39212/home/196542996,MLSU,4120286,N,Y,32.2596556,-90.3071628
MLS Listing,,Single Family Residential,5007 Quail Ridge Dr,Jackson,MS,39212,229900,4,2.0,Foxwood,1497,10890,2025,9,154,,Active,,,https://www.redfin.com/MS/Jackson/5007-Quail-Ridge-Dr-39212/home/196543000,MLSU,4120283,N,Y,32.2588056,-90.3078135
MLS Listing,,Single Family Residential,5011 Quail Ridge Dr,Jackson,MS,39212,229900,4,2.0,Foxwood,1497,10890,2025,9,154,,Active,,,https://www.redfin.com/MS/Jackson/5011-Quail-Ridge-Dr-39212/home/196542997,MLSU,4120281,N,Y,32.2588056,-90.3078135
MLS Listing,,Single Family Residential,248 Moss Ave,Jackson,MS,39209,34500,3,2.0,Metes And Bounds,1623,43560,1937,9,21,,Active,,,https://www.redfin.com/MS/Jackson/248-Moss-Ave-39209/home/117667422,MLSU,4120275,N,Y,32.3167934,-90.2238163
MLS Listing,,Single Family Residential,742 Benning Rd,Jackson,MS,39206,125000,3,2.0,North Broadmoor,1670,14374,1968,9,75,,Active,,,https://www.redfin.com/MS/Jackson/742-Benning-Rd-39206/home/118292777,MLSU,4120263,N,Y,32.3652911,-90.1605331
MLS Listing,,Single Family Residential,1676 Smallwood St,Jackson,MS,39212,29900,3,1.0,Oak Forest,1719,10890,1960,10,17,,Active,,,https://www.redfin.com/MS/Jackson/1676-Smallwood-St-39212/home/117892726,MLSU,4120211,N,Y,32.2631813,-90.2528381
MLS Listing,,Single Family Residential,5013 Quail Ridge Dr,Jackson,MS,39212,229900,3,2.0,Foxwood,1272,10890,2025,10,181,,Active,,,https://www.redfin.com/MS/Jackson/5013-Quail-Ridge-Dr-39212/home/196331627,MLSU,4118866,N,Y,32.2588056,-90.3078135
MLS Listing,,Single Family Residential,3246 Beatrice Dr,Jackson,MS,39212,35000,3,2.0,Metes And Bounds,1925,27442,1955,10,18,,Active,,,https://www.redfin.com/MS/Jackson/3246-Beatrice-Dr-39212/home/118165712,MLSU,4120108,N,Y,32.2560843,-90.2409628
MLS Listing,,Single Family Residential,5865 E Sedgwick Ct,Jackson,MS,39211,165000,3,2.0,Canton Avenue Estates,2164,10890,1970,10,76,,Active,,,https://www.redfin.com/MS/Jackson/5865-E-Sedgwick-Ct-39211/home/117254976,MLSU,4120142,N,Y,32.3796685,-90.1133737
MLS Listing,,Multi-Family (2-4 Unit),207 Dunbar St #9,Jackson,MS,39216,125000,2,2.0,Metes And Bounds,1161,3484,1948,10,108,,Active,,,https://www.redfin.com/MS/Jackson/207-Dunbar-St-39216/unit-9/home/117868116,MLSU,4120115,N,Y,32.3390743,-90.1815655
MLS Listing,,Single Family Residential,811 Rutherford Dr,Jackson,MS,39206,185000,4,2.5,Woodlea,2200,26571,1971,11,84,,Active,,,https://www.redfin.com/MS/Jackson/811-Rutherford-Dr-39206/home/117861636,MLSU,4117913,N,Y,32.3936856,-90.1806364
MLS Listing,,Single Family Residential,3150 Ponderosa Dr,Jackson,MS,39212,52000,3,2.0,Woodville Heights,1339,11325,1964,11,39,,Active,,,https://www.redfin.com/MS/Jackson/3150-Ponderosa-Dr-39212/home/118174907,MLSU,4120074,N,Y,32.2596171,-90.2624353
MLS Listing,,Single Family Residential,731 Gardner St,Jackson,MS,39206,225000,2,1.0,Gardner,1347,21780,1953,11,167,,Active,,,https://www.redfin.com/MS/Jackson/731-Gardner-St-39206/home/117674104,MLSU,4120049,N,Y,32.352396,-90.166587
MLS Listing,,Single Family Residential,5114 Brookleigh Dr,Byram,MS,39272,209000,4,2.0,Brookleigh Hills,2037,23958,1988,11,103,4,Active,,,https://www.redfin.com/MS/Byram/5114-Brookleigh-Dr-39272/home/118364235,MLSU,4120057,N,Y,32.2074688,-90.2560999
MLS Listing,,Single Family Residential,1004 Spengler St,Jackson,MS,39202,89600,3,2.0,Spengler,1422,7405,1939,11,63,,Active,,,https://www.redfin.com/MS/Jackson/1004-Spengler-St-39202/home/117194525,MLSU,4120016,N,Y,32.3051608,-90.1750878
MLS Listing,,Single Family Residential,107 Carriage Hills Dr,Jackson,MS,39212,209000,3,2.0,Carriage Hills,1892,19602,1974,11,110,10,Active,,,https://www.redfin.com/MS/Jackson/107-Carriage-Hills-Dr-39212/home/118192784,MLSU,4118086,N,Y,32.2577464,-90.2847562
MLS Listing,,Single Family Residential,135 Queen Anne Ln,Jackson,MS,39209,89900,3,2.0,Queen Lane,1248,9583,1959,11,72,,Active,,,https://www.redfin.com/MS/Jackson/135-Queen-Anne-Ln-39209/home/118128294,MLSU,4120005,N,Y,32.3357906,-90.2715324
MLS Listing,,Single Family Residential,267 Woody Dr,Jackson,MS,39212,38000,3,1.5,North Leavell Woods,1165,29185,1950,11,33,,Active,,,https://www.redfin.com/MS/Jackson/267-Woody-Dr-39212/home/117978306,MLSU,4120002,N,Y,32.2570517,-90.2286618
MLS Listing,,Vacant Land,4821 Old Byram Road Rd,Jackson,MS,39212,450000,,,Jackson,,230868,,12,,,Active,,,https://www.redfin.com/MS/Jackson/4821-Old-Byram-Rd-39212/home/117320380,MLSU,4119977,N,Y,32.216445,-90.237217
MLS Listing,,Single Family Residential,6628 Lake Glen Dr,Jackson,MS,39213,92500,3,1.5,Lake Forest Estates,1041,10890,1977,12,89,,Active,,,https://www.redfin.com/MS/Jackson/6628-Lake-Glen-Dr-39213/home/117690279,MLSU,4119609,N,Y,32.3729709,-90.2089878
MLS Listing,,Single Family Residential,3717 Faulk Blvd,Jackson,MS,39209,62000,3,1.0,Hays,1259,16552,1950,13,49,,Active,,,https://www.redfin.com/MS/Jackson/3717-Faulk-Blvd-39209/home/117283153,MLSU,4119923,N,Y,32.3065771,-90.249264
MLS Listing,,Single Family Residential,829 Belhaven St,Jackson,MS,39202,475000,5,3.0,Belhaven,3026,6969,1927,13,157,,Active,,,https://www.redfin.com/MS/Jackson/829-Belhaven-St-39202/home/118372807,MLSU,4119907,N,Y,32.3181293,-90.1737398
MLS Listing,,Single Family Residential,749 Willaneel Dr,Jackson,MS,39209,65000,2,1.0,Jackson Belvedere,1153,13068,1950,14,56,,Active,,,https://www.redfin.com/MS/Jackson/749-Willaneel-Dr-39204/home/117866243,MLSU,4119871,N,Y,32.2796774,-90.2287402
MLS Listing,,Single Family Residential,1555 Westhaven Blvd,Jackson,MS,39209,65000,3,1.0,Westland Heights,1022,10890,1959,14,64,,Active,,,https://www.redfin.com/MS/Jackson/1555-Westhaven-Blvd-39209/home/118149791,MLSU,4119870,N,Y,32.3055428,-90.2704535
MLS Listing,,Multi-Family (2-4 Unit),1401-1402 Jamestown Way,Jackson,MS,39211,178500,5,3.5,Jamestown,2835,5227,1978,14,63,,Active,,,https://www.redfin.com/MS/Jackson/1401-Jamestown-Way-39211/home/196501139,MLSU,4119858,N,Y,32.3951691,-90.1394252
MLS Listing,,Single Family Residential,1706 Hampton St,Jackson,MS,39209,58000,3,1.0,Farmington Heights,1080,12196,1955,14,54,,Active,,,https://www.redfin.com/MS/Jackson/1706-Hampton-St-39209/home/118241929,MLSU,4119842,N,Y,32.3003588,-90.2553447
MLS Listing,,Single Family Residential,1830 Saint Mary St,Jackson,MS,39202,559000,4,3.0,Belhaven,4979,14374,1936,14,112,,Active,August-3-2025 02:00 PM,August-3-2025 04:00 PM,https://www.redfin.com/MS/Jackson/1830-Saint-Mary-St-39202/home/117603296,MLSU,4119825,N,Y,32.3227104,-90.1634465
MLS Listing,,Single Family Residential,4132 Comanche Dr,Jackson,MS,39211,259900,3,2.0,Meadowbrook Hills,1654,16117,1958,14,157,,Active,,,https://www.redfin.com/MS/Jackson/4132-Comanche-Dr-39211/home/118059900,MLSU,4119755,N,Y,32.3468094,-90.1380494
MLS Listing,,Single Family Residential,6634 Lake Glen Dr,Jackson,MS,39213,45500,3,1.5,Lake Forest Estates,1064,10890,1977,14,43,,Active,,,https://www.redfin.com/MS/Jackson/6634-Lake-Glen-Dr-39213/home/117739068,MLSU,4119710,N,Y,32.3731224,-90.2090327
MLS Listing,,Single Family Residential,216 Pine Ridge Rd,Jackson,MS,39206,124900,3,1.5,Del Rosa,1421,13068,1957,14,88,,Active,,,https://www.redfin.com/MS/Jackson/216-Pine-Ridge-Rd-39206/home/117446810,MLSU,4119684,N,Y,32.3651124,-90.1722134
MLS Listing,,Single Family Residential,10 Northpointe Cv,Jackson,MS,39211,259000,3,2.0,Northpointe Cove,2120,8712,1995,15,122,69,Active,August-3-2025 02:00 PM,August-3-2025 04:00 PM,https://www.redfin.com/MS/Jackson/10-Northpointe-Cv-39211/home/117852354,MLSU,4119639,N,Y,32.3936314,-90.1145562
MLS Listing,,Single Family Residential,2821 Greenview Dr,Jackson,MS,39212,39000,3,1.0,Mcdowell,832,8712,1950,15,47,,Active,,,https://www.redfin.com/MS/Jackson/2821-Greenview-Dr-39212/home/118091644,MLSU,4119623,N,Y,32.2675323,-90.2241417
MLS Listing,,Single Family Residential,1140 Monroe St,Jackson,MS,39202,148900,2,2.0,Belhaven,1420,27442,1944,15,105,,Active,,,https://www.redfin.com/MS/Jackson/1140-Monroe-St-39202/home/117236946,MLSU,4119594,N,Y,32.3132645,-90.1697275
MLS Listing,,Single Family Residential,1710 Pine St,Jackson,MS,39202,209900,2,2.0,Belhaven,1352,5662,1940,15,155,,Active,,,https://www.redfin.com/MS/Jackson/1710-Pine-St-39202/home/117901796,MLSU,4119573,N,Y,32.3207624,-90.1752565
MLS Listing,,Single Family Residential,3180 Whitten Rd,Jackson,MS,39212,48000,3,2.0,Metes And Bounds,1875,43560,1970,15,26,,Active,,,https://www.redfin.com/MS/Jackson/3180-Whitten-Rd-39212/home/118234639,MLSU,4119561,N,Y,32.2583311,-90.2338513
MLS Listing,,Single Family Residential,1351 Maria Dr,Jackson,MS,39204,86000,3,2.0,Westgate Park,1209,9147,1959,15,71,,Active,,,https://www.redfin.com/MS/Jackson/1351-Maria-Dr-39204/home/118339578,MLSU,4119559,N,Y,32.2715608,-90.2444982
MLS Listing,,Single Family Residential,126 Waywood Dr,Jackson,MS,39212,209900,3,2.0,Cedar Hills,1896,14810,1975,16,111,,Active,,,https://www.redfin.com/MS/Jackson/126-Waywood-Dr-39212/home/117755189,MLSU,4119543,N,Y,32.2608813,-90.2850619
MLS Listing,,Single Family Residential,405 Greenmont Dr,Jackson,MS,39212,182900,3,2.0,Cedar Hills,1380,21780,1995,16,133,,Active,,,https://www.redfin.com/MS/Jackson/405-Greenmont-Dr-39212/home/117513477,MLSU,4119539,N,Y,32.2624545,-90.2947145
MLS Listing,,Single Family Residential,1119 Hunter St,Jackson,MS,39204,9999,2,1.0,Metes And Bounds,1351,6534,1950,16,7,,Active,,,https://www.redfin.com/MS/Jackson/1119-Hunter-St-39204/home/118423018,MLSU,4119527,N,Y,32.2875847,-90.1945463
MLS Listing,,Single Family Residential,4650 Manila Dr,Jackson,MS,39206,169000,4,2.0,G. I. Subdivision,1732,10454,1952,16,98,,Active,,,https://www.redfin.com/MS/Jackson/4650-Manila-Dr-39206/home/118023997,MLSU,4119502,N,Y,32.3580845,-90.1696723
MLS Listing,,Single Family Residential,3550 Hines St,Jackson,MS,39212,75000,2,1.0,Creston Hills,772,12196,1950,16,97,,Active,,,https://www.redfin.com/MS/Jackson/3550-Hines-St-39212/home/117508833,MLSU,4119491,N,Y,32.2479374,-90.2237412
MLS Listing,,Single Family Residential,16 Waterford Pl,Jackson,MS,39211,335000,3,2.0,Waterford Place,2454,6969,2003,16,137,100,Active,,,https://www.redfin.com/MS/Jackson/16-Waterford-Pl-39211/home/117281747,MLSU,4119457,N,Y,32.3879405,-90.1161165
MLS Listing,,Single Family Residential,5525 Meadow Oaks Park Dr,Jackson,MS,39211,249900,4,2.5,Meadow Oaks Park,2476,15246,1961,16,101,,Active,,,https://www.redfin.com/MS/Jackson/5525-Meadow-Oaks-Park-Dr-39211/home/117576815,MLSU,4119455,N,Y,32.3717813,-90.127536
MLS Listing,,Single Family Residential,2823 Fairhill Dr,Jackson,MS,39212,87000,3,1.0,Fairhill,1078,10890,1950,16,81,,Active,,,https://www.redfin.com/MS/Jackson/2823-Fairhill-Dr-39212/home/117366478,MLSU,4119453,N,Y,32.2673005,-90.2321759
MLS Listing,,Single Family Residential,1005 Briarwood Dr,Jackson,MS,39211,249000,3,2.0,Briarwood Terrace,1994,65340,1963,16,125,,Active,,,https://www.redfin.com/MS/Jackson/1005-Briarwood-Dr-39211/home/117841219,MLSU,4119445,N,Y,32.3778463,-90.1354221
MLS Listing,,Single Family Residential,1551 Maria Dr,Jackson,MS,39212,38000,3,1.0,Westgate Park,1008,8712,1960,17,38,,Active,,,https://www.redfin.com/MS/Jackson/1551-Maria-Dr-39204/home/117369300,MLSU,4119441,N,Y,32.2724023,-90.2475116
MLS Listing,,Single Family Residential,227 Columbus St,Jackson,MS,39209,37500,3,1.0,Metes And Bounds,1008,6969,1940,17,37,,Active,,,https://www.redfin.com/MS/Jackson/227-Columbus-St-39209/home/117327367,MLSU,4119417,N,Y,32.3132918,-90.2158383
MLS Listing,,Single Family Residential,1051 Combs St,Jackson,MS,39204,99000,4,1.0,Belvedere,1244,11325,1950,17,80,,Active,,,https://www.redfin.com/MS/Jackson/1051-Combs-St-39204/home/117608754,MLSU,4119356,N,Y,32.2749561,-90.2346098
MLS Listing,,Single Family Residential,3712 Sunset Dr,Jackson,MS,39213,59000,3,2.0,Elraine Resy,1324,7840,1954,17,45,,Active,,,https://www.redfin.com/MS/Jackson/3712-Sunset-Dr-39213/home/117414189,MLSU,4119350,N,Y,32.3423724,-90.2224879
MLS Listing,,Single Family Residential,1027 Woody Dr,Jackson,MS,39212,85000,3,1.0,Oak Forest,1046,13939,1956,17,81,,Active,,,https://www.redfin.com/MS/Jackson/1027-Woody-Dr-39212/home/117484848,MLSU,4119346,N,Y,32.2575523,-90.2480763
MLS Listing,,Single Family Residential,951 Reaves St,Jackson,MS,39204,72000,3,1.0,Creedenton,1200,13068,1952,18,60,,Active,,,https://www.redfin.com/MS/Jackson/951-Reaves-St-39204/home/118196855,MLSU,4119274,N,Y,32.2703789,-90.2348295
MLS Listing,,Single Family Residential,540 Meadowview Dr,Jackson,MS,39206,85000,4,2.0,Ridgecrest Park,1610,12632,1957,18,53,,Active,,,https://www.redfin.com/MS/Jackson/540-Meadowview-Dr-39206/home/117363677,MLSU,4119253,N,Y,32.3628616,-90.1889908
MLS Listing,,Single Family Residential,1643 Chapman Dr,Jackson,MS,39204,18000,4,2.0,Metes And Bounds,1695,43560,1948,18,11,,Active,,,https://www.redfin.com/MS/Jackson/1643-Chapman-Dr-39204/home/117981872,MLSU,4119225,N,Y,32.2769634,-90.2589542
MLS Listing,,Single Family Residential,3650 Meadow Ln,Jackson,MS,39212,79200,3,1.5,Smith Vick,942,13939,1951,18,84,,Active,,,https://www.redfin.com/MS/Jackson/3650-Meadow-Ln-39212/home/117685765,MLSU,4117974,N,Y,32.2470527,-90.2351928
MLS Listing,,Single Family Residential,516 Naples Rd,Jackson,MS,39206,152000,3,2.5,Fondren/North Renaissance,2118,11761,1951,18,72,,Active,,,https://www.redfin.com/MS/Jackson/516-Naples-Rd-39206/home/117197768,MLSU,4119206,N,Y,32.3537696,-90.1693915
MLS Listing,,Single Family Residential,4189 Del Rosa Dr,Jackson,MS,39206,96000,4,2.0,Del Rosa,1550,10454,1953,19,62,,Active,,,https://www.redfin.com/MS/Jackson/4189-Del-Rosa-Dr-39206/home/117239787,MLSU,4116546,N,Y,32.3583165,-90.1758132
MLS Listing,,Condo/Co-op,1313 Roxbury Ct,Jackson,MS,39211,249000,3,3.0,Roxbury Royale,2617,,1985,19,95,150,Active,,,https://www.redfin.com/MS/Jackson/1313-Roxbury-Ct-39211/home/117293317,MLSU,4119179,N,Y,32.3468599,-90.1530664
MLS Listing,,Multi-Family (2-4 Unit),1101-1102 Jamestown Way #2,Jackson,MS,39211,280000,5,3.5,Jamestown,2600,5662,1978,20,108,,Active,,,https://www.redfin.com/MS/Jackson/1101-Jamestown-Way-39211/unit-2/home/117417267,MLSU,4119159,N,Y,32.3946383,-90.1392058
MLS Listing,,Single Family Residential,4023 N State St,Jackson,MS,39206,210000,4,1.5,Chickasaw Park,1977,56628,1940,20,106,,Active,,,https://www.redfin.com/MS/Jackson/4023-N-State-St-39206/home/118050199,MLSU,4119132,N,Y,32.3455904,-90.1760146
MLS Listing,,Single Family Residential,5508 Wayneland Dr,Jackson,MS,39211,165000,3,2.0,Briarwood,1531,10890,1957,20,108,,Active,,,https://www.redfin.com/MS/Jackson/5508-Wayneland-Dr-39211/home/117840936,MLSU,4119131,N,Y,32.3780118,-90.1458055
MLS Listing,,Single Family Residential,887 Briarwood Dr,Jackson,MS,39211,249000,3,2.5,Briarwood Terrace,2345,14810,1964,21,106,,Active,,,https://www.redfin.com/MS/Jackson/887-Briarwood-Dr-39211/home/117935104,MLSU,4119123,N,Y,32.3778635,-90.1395489
MLS Listing,,Single Family Residential,1503 Northlake Cir,Jackson,MS,39211,280000,5,2.5,Lake Trace North,3500,13939,1979,21,80,13,Active,,,https://www.redfin.com/MS/Jackson/1503-Northlake-Cir-39211/home/117891945,MLSU,4119106,N,Y,32.3969891,-90.1272264
MLS Listing,,Single Family Residential,2229 Scanlon Dr,Jackson,MS,39204,104900,4,2.0,Wingfield West,1651,14374,1973,21,64,,Active,,,https://www.redfin.com/MS/Jackson/2229-Scanlon-Dr-39204/home/118202497,MLSU,4119020,N,Y,32.2771315,-90.2443337
MLS Listing,,Single Family Residential,3958 Eastline Dr,Jackson,MS,39211,319900,4,3.0,Northeast Hgts,3031,20037,1956,21,106,,Active,,,https://www.redfin.com/MS/Jackson/3958-Eastline-Dr-39211/home/117293381,MLSU,4119001,N,Y,32.3432892,-90.1496366
MLS Listing,,Single Family Residential,901 Fairview St,Jackson,MS,39202,295000,4,2.0,Belhaven,3178,9583,1940,22,93,,Active,,,https://www.redfin.com/MS/Jackson/901-Fairview-St-39202/home/117321373,MLSU,4118985,N,Y,32.3202349,-90.1734347
MLS Listing,,Single Family Residential,5030 Quail Ridge Dr,Jackson,MS,39212,219900,3,2.0,Foxwood,1272,10890,2025,22,173,,Active,,,https://www.redfin.com/MS/Jackson/5030-Quail-Ridge-Dr-39212/home/196115774,MLSU,4118956,N,Y,32.2592404,-90.3072861
MLS Listing,,Single Family Residential,5026 Quail Ridge Dr,Jackson,MS,39212,219900,3,2.0,Foxwood,1272,10890,2025,22,173,,Active,,,https://www.redfin.com/MS/Jackson/5026-Quail-Ridge-Dr-39212/home/196115777,MLSU,4118953,N,Y,32.2592393,-90.3070482
MLS Listing,,Single Family Residential,228 Catalina Cir,Jackson,MS,39204,39900,3,2.0,Garden Park,1583,10890,1960,22,25,,Active,,,https://www.redfin.com/MS/Jackson/228-Catalina-Cir-39204/home/117231824,MLSU,4118950,N,Y,32.2768576,-90.2349016
MLS Listing,,Single Family Residential,5015 Quail Ridge Dr,Jackson,MS,39212,229900,4,2.0,Foxwood,1497,10890,2025,22,154,,Active,,,https://www.redfin.com/MS/Jackson/5015-Quail-Ridge-Dr-39212/home/196115752,MLSU,4118947,N,Y,32.2588056,-90.3078135
MLS Listing,,Single Family Residential,5028 Quail Ridge Dr,Jackson,MS,39212,230775,4,2.0,Foxwood,1497,10890,2025,22,154,,Active,,,https://www.redfin.com/MS/Jackson/5028-Quail-Ridge-Dr-39212/home/196115776,MLSU,4118944,N,Y,32.2592399,-90.3071671
MLS Listing,,Single Family Residential,3809 Montrose Cir,Jackson,MS,39216,285000,3,2.5,Fondren,2600,16552,1953,22,110,,Active,,,https://www.redfin.com/MS/Jackson/3809-Montrose-Cir-39216/home/117678698,MLSU,4118875,N,Y,32.3403092,-90.1625408
MLS Listing,,Single Family Residential,5347 Cedar Park Dr,Jackson,MS,39206,125000,3,2.0,Cedar Park,1347,9583,1967,22,93,,Active,,,https://www.redfin.com/MS/Jackson/5347-Cedar-Park-Dr-39206/home/117648270,MLSU,4118868,N,Y,32.3719603,-90.1539423
MLS Listing,,Single Family Residential,5496 River Thames Rd,Jackson,MS,39211,300000,4,2.0,Heatherwood Estates,2450,10890,1972,22,122,11,Active,,,https://www.redfin.com/MS/Jackson/5496-River-Thames-Rd-39211/home/118246782,MLSU,4118854,N,Y,32.3773973,-90.1349683
MLS Listing,,Single Family Residential,950 Woodville Dr,Jackson,MS,39212,20000,3,1.5,Woodville Heights,1362,11761,1962,22,15,,Active,,,https://www.redfin.com/MS/Jackson/950-Woodville-Dr-39212/home/117492893,MLSU,4118851,N,Y,32.2591927,-90.2564856
MLS Listing,,Single Family Residential,625 Pennsylvania Ave,Jackson,MS,39216,412900,5,3.0,Fondren,3341,18730,1938,22,124,,Active,,,https://www.redfin.com/MS/Jackson/625-Pennsylvania-Ave-39216/home/117568099,MLSU,4118839,N,Y,32.339925,-90.1733667
MLS Listing,,Single Family Residential,3141 Oak Forest Dr,Jackson,MS,39212,49900,3,2.0,Oak Forest,1444,14374,1956,22,35,,Active,,,https://www.redfin.com/MS/Jackson/3141-Oak-Forest-Dr-39212/home/117484373,MLSU,4118836,N,Y,32.2590308,-90.2472101
MLS Listing,,Single Family Residential,2971 Kentwood Dr,Jackson,MS,39212,84900,4,2.0,Oak Forest,1532,9147,1959,22,55,,Active,,,https://www.redfin.com/MS/Jackson/2971-Kentwood-Dr-39212/home/117446984,MLSU,4118834,N,Y,32.2644234,-90.2529429
MLS Listing,,Single Family Residential,1941 Catalina Dr,Jackson,MS,39204,90000,3,1.5,Garden Park,1458,10890,1959,23,62,,Active,,,https://www.redfin.com/MS/Jackson/1941-Catalina-Dr-39204/home/117199889,MLSU,4118767,N,Y,32.2802812,-90.2349486
MLS Listing,,Single Family Residential,1925 Catalina Dr,Jackson,MS,39204,90000,4,3.0,Garden Park,1210,10890,1959,23,74,,Active,,,https://www.redfin.com/MS/Jackson/1925-Catalina-Dr-39204/home/117390944,MLSU,4118757,N,Y,32.2812574,-90.2349445
MLS Listing,,Single Family Residential,2755 Pine Tree Dr,Jackson,MS,39204,10000,3,1.0,Pine Hill,1560,13503,1950,23,6,,Active,,,https://www.redfin.com/MS/Jackson/2755-Pine-Tree-Dr-39204/home/117565440,MLSU,4118737,N,Y,32.268977,-90.2206069
MLS Listing,,Single Family Residential,1616 Linden Pl,Jackson,MS,39202,275000,4,2.5,Belhaven,2426,7405,1950,23,113,,Active,,,https://www.redfin.com/MS/Jackson/1616-Linden-Pl-39202/home/118084510,MLSU,4118714,N,Y,32.3201422,-90.1664526
MLS Listing,,Single Family Residential,404 Mcdowell Park Cir,Jackson,MS,39204,115000,3,1.5,Mcdowell Park,1358,10018,1959,24,85,,Active,,,https://www.redfin.com/MS/Jackson/404-McDowell-Park-Cir-39204/home/117990159,MLSU,4118687,N,Y,32.270184,-90.2502957
MLS Listing,,Single Family Residential,3525 Kings Hwy,Jackson,MS,39216,415000,4,3.0,Fondren,3071,11325,1940,24,135,,Active,,,https://www.redfin.com/MS/Jackson/3525-Kings-Hwy-39216/home/117568081,MLSU,4118679,N,Y,32.3400201,-90.1715657
MLS Listing,,Single Family Residential,2180 Monaco St,Jackson,MS,39204,69900,2,2.0,Woodglen,1360,12196,1971,24,51,,Active,,,https://www.redfin.com/MS/Jackson/2180-Monaco-St-39204/home/117695957,MLSU,4118674,N,Y,32.2765997,-90.2450259
MLS Listing,,Single Family Residential,1415 Winchester St,Jackson,MS,39211,199900,4,3.0,Eastridge,2643,13503,1954,24,76,,Active,,,https://www.redfin.com/MS/Jackson/1415-Winchester-St-39211/home/117722611,MLSU,4118665,N,Y,32.3602683,-90.14542
MLS Listing,,Single Family Residential,758 Robinhood Rd,Jackson,MS,39206,156800,3,3.0,Beverly Hills,1536,12196,1950,24,102,,Active,,,https://www.redfin.com/MS/Jackson/758-Robinhood-Rd-39206/home/117720422,MLSU,4118617,N,Y,32.3589709,-90.1596579
MLS Listing,,Single Family Residential,3132 James Hill St,Jackson,MS,39213,9500,3,1.0,Watson,1267,6098,1954,24,7,,Active,,,https://www.redfin.com/MS/Jackson/3132-James-Hill-St-39213/home/117477808,MLSU,4118608,N,Y,32.3422197,-90.1898679
MLS Listing,,Single Family Residential,2334 N Pine Lea Dr,Jackson,MS,39209,149000,3,2.0,Pine Lea,1964,77972,1982,25,76,,Active,,,https://www.redfin.com/MS/Jackson/2334-N-Pine-Lea-Dr-39209/home/117763184,MLSU,4109563,N,Y,32.2933579,-90.3009754
MLS Listing,,Townhouse,5072 Harling Pl,Jackson,MS,39211,139000,2,2.0,Shadowridge,1107,2178,1987,25,126,40,Active,,,https://www.redfin.com/MS/Jackson/5072-Harling-Pl-39211/home/118314057,MLSU,4118552,N,Y,32.3664429,-90.1411877
MLS Listing,,Single Family Residential,1002 Autumn St,Jackson,MS,39212,100000,4,3.0,Woodville Heights,1953,12632,1962,25,51,,Active,,,https://www.redfin.com/MS/Jackson/1002-Autumn-St-39212/home/118037833,MLSU,4118528,N,Y,32.2601198,-90.2569201
MLS Listing,,Single Family Residential,506 Daniel Cir,Jackson,MS,39212,80000,3,1.5,Edgewood Acres,1400,13939,1958,27,57,,Active,,,https://www.redfin.com/MS/Jackson/506-Daniel-Cir-39212/home/118234685,MLSU,4118415,N,Y,32.2608837,-90.2386548
MLS Listing,,Single Family Residential,2366 Breckinridge Rd,Jackson,MS,39204,139000,4,3.0,Castlewoods,2014,11761,1971,27,69,,Active,,,https://www.redfin.com/MS/Jackson/2366-Breckinridge-Rd-39204/home/118407139,MLSU,4118405,N,Y,32.2720914,-90.2385449
MLS Listing,,Single Family Residential,210 Valley Vista Dr,Jackson,MS,39211,179000,3,2.0,Canton Avenue Estates,1639,12632,1960,27,109,,Active,,,https://www.redfin.com/MS/Jackson/210-Valley-Vista-Dr-39211/home/117875660,MLSU,4118388,N,Y,32.3754974,-90.1209889
MLS Listing,,Single Family Residential,255 Park Lane Pl,Jackson,MS,39211,185000,2,2.0,Northpointe,1440,5227,1978,28,128,114,Active,,,https://www.redfin.com/MS/Jackson/255-Park-Lane-Pl-39211/home/117790197,MLSU,4112652,N,Y,32.3958406,-90.1147235
MLS Listing,,Vacant Land,0 Cadillac St,Jackson,MS,39213,13500,,,Livingston Road Subdivision,,16552,,28,,,Active,,,https://www.redfin.com/MS/Jackson/Cadillac-Dr-39213/home/166419138,MLSU,4118352,N,Y,32.351071,-90.200614
MLS Listing,,Single Family Residential,2842 Woodbine St,Jackson,MS,39212,38500,3,2.0,Woodbine Terrace,1380,15681,1950,28,28,,Active,,,https://www.redfin.com/MS/Jackson/2842-Woodbine-St-39212/home/118230777,MLSU,4100500,N,Y,32.2664986,-90.228693
MLS Listing,,Single Family Residential,412 Colonial Cir,Jackson,MS,39211,168900,3,2.0,Club Park,1700,20037,1951,28,99,,Active,,,https://www.redfin.com/MS/Jackson/412-Colonial-Cir-39211/home/118313335,MLSU,4113129,N,Y,32.3836077,-90.1321681
MLS Listing,,Vacant Land,3955 Pinehaven Dr,Jackson,MS,39209,10000,,,Jackson,,10454,,29,,,Active,,,https://www.redfin.com/MS/Jackson/3955-Pinehaven-Dr-39209/home/118355807,MLSU,4118260,N,Y,32.4036103,-90.3024421
MLS Listing,,Vacant Land,920 Craft St,Jackson,MS,39209,30000,,,Jackson,,4791,,29,,,Active,,,https://www.redfin.com/MS/Jackson/920-Craft-St-39209/home/117486781,MLSU,4118256,N,Y,32.3017335,-90.2351322
MLS Listing,,Single Family Residential,1332 Belvoir Pl,Jackson,MS,39202,228000,6,3.0,Belhaven,3830,16117,1952,29,60,,Active,,,https://www.redfin.com/MS/Jackson/1332-Belvoir-Pl-39202/home/117947829,MLSU,4100567,N,Y,32.3218387,-90.1674277
MLS Listing,,Single Family Residential,2963 Fairhill Dr,Jackson,MS,39212,69900,3,1.0,Woodbine,1196,11761,1952,29,58,,Active,,,https://www.redfin.com/MS/Jackson/2963-Fairhill-Dr-39212/home/117989107,MLSU,4118186,N,Y,32.26276,-90.2329861
MLS Listing,,Vacant Land,0 Watkins Dr,Jackson,MS,39206,98599,,,Woodruff,,14374,,30,,,Active,,,https://www.redfin.com/MS/Jackson/Watkins-Dr-39206/home/118636589,MLSU,4118078,N,Y,32.383194,-90.194043
MLS Listing,,Single Family Residential,156 Denver St,Jackson,MS,39209,60000,4,2.5,Metes And Bounds,2200,7840,1941,31,27,,Active,,,https://www.redfin.com/MS/Jackson/156-S-Denver-St-39209/home/118307273,MLSU,4118034,N,Y,32.3128552,-90.2121386
MLS Listing,,Single Family Residential,3408 N Southland Dr,Jackson,MS,39212,29900,3,1.0,Harrel Heights,1313,13503,1957,31,23,,Active,,,https://www.redfin.com/MS/Jackson/3408-N-Southland-Dr-39212/home/117379010,MLSU,4118031,N,Y,32.2526841,-90.2176333
MLS Listing,,Single Family Residential,5317 S Venetian Way,Jackson,MS,39211,175000,3,2.0,Briarwood Addition,1334,435,1961,31,131,,Active,,,https://www.redfin.com/MS/Jackson/5317-Venetian-Way-39211/home/118313128,MLSU,4118029,N,Y,32.372126,-90.141087
MLS Listing,,Single Family Residential,810 Fairview St,Jackson,MS,39202,244000,3,2.0,Belhaven,2018,7840,1912,31,121,,Active,,,https://www.redfin.com/MS/Jackson/810-Fairview-St-39202/home/118260232,MLSU,4117966,N,Y,32.3205118,-90.1753451
MLS Listing,,Single Family Residential,5967 Huntview Dr,Jackson,MS,39206,228000,3,2.5,Woodlea,2382,18730,1973,31,96,8,Active,,,https://www.redfin.com/MS/Jackson/5967-Huntview-Dr-39206/home/117621003,MLSU,4115351,N,Y,32.3907783,-90.1851007
MLS Listing,,Single Family Residential,4630 W Cheryl Dr,Jackson,MS,39211,225000,3,2.0,Sherwood Forest,1950,20473,1961,31,115,,Active,,,https://www.redfin.com/MS/Jackson/4630-W-Cheryl-Dr-39211/home/117399906,MLSU,4117953,N,Y,32.3577538,-90.1275754
MLS Listing,,Vacant Land,621 W Hillsdale Dr,Jackson,MS,39209,2500,,,Hillsdale,,9147,,31,,,Active,,,https://www.redfin.com/MS/Jackson/621-W-Hillsdale-Dr-39209/home/117369966,MLSU,4117137,N,Y,32.3327096,-90.2589914
MLS Listing,,Single Family Residential,1283 Woodfield Dr,Jackson,MS,39211,240000,3,2.0,Wildwood North,2321,12632,1969,32,103,,Active,,,https://www.redfin.com/MS/Jackson/1283-Woodfield-Dr-39211/home/118012954,MLSU,4117920,N,Y,32.3935175,-90.1327633
MLS Listing,,Single Family Residential,1018 Combs St,Jackson,MS,39204,19000,2,1.0,Belvedere Heights,776,13939,1950,32,24,,Active,,,https://www.redfin.com/MS/Jackson/1018-Combs-St-39204/home/117699858,MLSU,4117919,N,Y,32.2750498,-90.2335207
MLS Listing,,Single Family Residential,15 Eastparke Dr,Jackson,MS,39211,1100000,5,5.0,Eastparke,5552,15681,2005,32,198,83,Active,,,https://www.redfin.com/MS/Jackson/15-Eastparke-Dr-39211/home/166471011,MLSU,4117918,N,Y,32.3517786,-90.1488553
MLS Listing,,Single Family Residential,3520 Hawthorn Dr,Jackson,MS,39216,998000,5,6.0,Fondren,6364,57063,1939,32,157,,Active,,,https://www.redfin.com/MS/Jackson/3520-Hawthorn-Dr-39216/home/117328609,MLSU,4117915,N,Y,32.3397116,-90.1695866
MLS Listing,,Single Family Residential,3328 Fleetwood Dr,Jackson,MS,39212,139500,3,2.5,Woodville Heights,2076,12196,1972,32,67,,Active,,,https://www.redfin.com/MS/Jackson/3328-Fleetwood-Dr-39212/home/117848236,MLSU,4117890,N,Y,32.2540449,-90.260975
MLS Listing,,Single Family Residential,1038 Brookley St,Jackson,MS,39212,129500,4,2.0,Woodville Heights,1828,11761,1960,32,71,,Active,,,https://www.redfin.com/MS/Jackson/1038-Brookley-St-39212/home/117310744,MLSU,4117889,N,Y,32.2553093,-90.2585361
MLS Listing,,Single Family Residential,328 Idlewild St,Jackson,MS,39203,25000,2,1.0,Metes And Bounds,1302,6534,1941,32,19,,Active,,,https://www.redfin.com/MS/Jackson/328-Idlewild-St-39203/home/117369675,MLSU,4117884,N,Y,32.3242929,-90.1952914
MLS Listing,,Single Family Residential,1136 Killarney St,Jackson,MS,39212,75000,4,2.0,Emerald Acres,1608,8712,1953,32,47,,Active,,,https://www.redfin.com/MS/Jackson/1136-Killarney-St-39212/home/118329925,MLSU,4115193,N,Y,32.2678176,-90.2377415
MLS Listing,,Single Family Residential,414 Downing St,Jackson,MS,39206,215000,3,2.0,North View,1705,10890,1940,32,126,,Active,,,https://www.redfin.com/MS/Jackson/414-Downing-St-39216/home/117324555,MLSU,4117878,N,Y,32.3418528,-90.1783835
MLS Listing,,Single Family Residential,4692 Nordell Dr,Jackson,MS,39206,165000,4,2.0,Norwood,1496,10018,1969,32,110,,Active,,,https://www.redfin.com/MS/Jackson/4692-Nordell-Dr-39206/home/117847817,MLSU,4112059,N,Y,32.375546,-90.18658
MLS Listing,,Single Family Residential,404 Downing St,Jackson,MS,39216,187000,4,2.0,Northview Addition,1428,8276,1936,32,131,,Active,,,https://www.redfin.com/MS/Jackson/404-Downing-St-39216/home/117788899,MLSU,4117837,N,Y,32.3418715,-90.1787702
MLS Listing,,Single Family Residential,3158 Alameda Dr,Jackson,MS,39212,60000,2,1.0,Alemeda,998,13939,1952,32,60,,Active,,,https://www.redfin.com/MS/Jackson/3158-Alameda-Dr-39212/home/117489122,MLSU,4116292,N,Y,32.2586176,-90.2245856
MLS Listing,,Single Family Residential,2716 Rutledge Ave,Jackson,MS,39213,104500,4,2.0,Greenfields,1493,10890,1969,32,70,,Active,,,https://www.redfin.com/MS/Jackson/2716-Rutledge-Ave-39213/home/118056425,MLSU,4117832,N,Y,32.3445114,-90.2173162
MLS Listing,,Single Family Residential,131 Hidden Valley Ln,Jackson,MS,39212,329900,3,2.5,Hidden Valley Estate,4356,37026,1983,32,76,,Active,,,https://www.redfin.com/MS/Jackson/131-Hidden-Valley-Ln-39212/home/118361951,MLSU,4117828,N,Y,32.2479511,-90.3117273
MLS Listing,,Single Family Residential,1528 Tracewood Dr,Jackson,MS,39211,285900,4,2.0,Lake Trace North,1836,2178,1983,34,156,50,Active,,,https://www.redfin.com/MS/Jackson/1528-Tracewood-Dr-39211/home/117388577,MLSU,4117788,N,Y,32.3940405,-90.1244651
MLS Listing,,Single Family Residential,47 Avery Cir,Jackson,MS,39211,436999,4,3.0,Avery Gardens,3100,23522,1983,34,141,,Active,,,https://www.redfin.com/MS/Jackson/47-Avery-Cir-39211/home/117419175,MLSU,4117779,N,Y,32.3981951,-90.1167554
MLS Listing,,Single Family Residential,3864 S Siwell Road Rd,Jackson,MS,39212,248500,3,2.0,Oakwood,2200,43560,1973,35,113,,Active,,,https://www.redfin.com/MS/Jackson/3864-S-Siwell-Rd-39212/home/117519654,MLSU,4117636,N,Y,32.2426332,-90.3004649
MLS Listing,,Single Family Residential,134 Cherry Hill Dr,Jackson,MS,39212,48000,3,1.0,Greenbriar,1036,11325,1966,36,46,,Active,,,https://www.redfin.com/MS/Jackson/134-Cherry-Hill-Dr-39212/home/117875908,MLSU,4117589,N,Y,32.2635701,-90.2213265
MLS Listing,,Single Family Residential,1172 Rockett Dr,Jackson,MS,39212,258000,3,2.0,Metes And Bounds,2150,43560,1968,36,120,,Active,,,https://www.redfin.com/MS/Jackson/1172-Rockett-Dr-39212/home/117591932,MLSU,4117525,N,Y,32.2417298,-90.3260996
MLS Listing,,Single Family Residential,3916 Oakhill Dr,Jackson,MS,39206,44900,3,2.0,Ridgecrest,1766,17859,1949,37,25,,Active,,,https://www.redfin.com/MS/Jackson/3916-Oakhill-Dr-39206/home/117254420,MLSU,4117458,N,Y,32.3579808,-90.1873148
MLS Listing,,Condo/Co-op,5125 Old Canton Rd #201,Jackson,MS,39211,159999,3,3.0,The Glen,2100,165963,1974,37,76,350,Active,,,https://www.redfin.com/MS/Jackson/5125-Old-Canton-Rd-39211/unit-201/home/118175122,MLSU,4117392,N,Y,32.3663912,-90.1388158
MLS Listing,,Single Family Residential,3218 Meadow Forest Dr,Jackson,MS,39212,79900,4,2.0,Oak Forest,1898,18295,1961,37,42,,Active,,,https://www.redfin.com/MS/Jackson/3218-Meadow-Forest-Dr-39212/home/117447371,MLSU,4117355,N,Y,32.2587248,-90.2514494
MLS Listing,,Single Family Residential,342 Ford Ave,Jackson,MS,39209,10000,0,,Bullard Hills,1184,12196,1950,38,8,,Active,,,https://www.redfin.com/MS/Jackson/342-Ford-Ave-39209/home/117887447,MLSU,4117306,N,Y,32.3327294,-90.2341361
MLS Listing,,Single Family Residential,1158 Greenbriar St,Jackson,MS,39211,175000,3,2.0,Ridgewood Park,1855,15681,1971,38,94,,Active,,,https://www.redfin.com/MS/Jackson/1158-Greenbriar-St-39211/home/117631534,MLSU,4117277,N,Y,32.3919559,-90.1370226
MLS Listing,,Single Family Residential,1404 Winchester St,Jackson,MS,39211,139500,3,3.0,Parkdale,2076,,1956,38,67,,Active,,,https://www.redfin.com/MS/Jackson/1404-Winchester-St-39211/home/117959724,MLSU,4117255,N,Y,32.3608138,-90.1459185
MLS Listing,,Single Family Residential,25 Oak Creek Pl,Jackson,MS,39211,165900,7,4.0,Northpointe,3760,13503,1978,38,44,,Active,,,https://www.redfin.com/MS/Jackson/25-Oak-Creek-Pl-39211/home/117622113,MLSU,4117230,N,Y,32.3903376,-90.1198854
MLS Listing,,Single Family Residential,2716 Shannon St,Jackson,MS,39212,24000,3,1.0,Emerald Acres,1256,10018,1954,40,19,,Active,,,https://www.redfin.com/MS/Jackson/2716-Shannon-St-39212/home/117255421,MLSU,4117091,N,Y,32.2663131,-90.2364891
MLS Listing,,Single Family Residential,420 Derrick St,Jackson,MS,39203,34900,3,1.5,Bailey Avenue,1211,6098,1972,40,29,,Active,,,https://www.redfin.com/MS/Jackson/420-Derrick-St-39203/home/117672749,MLSU,4117089,N,Y,32.3216018,-90.1977647
MLS Listing,,Single Family Residential,1940 Sheffield Dr,Jackson,MS,39211,338500,4,2.5,Sheffield,3274,21780,1971,40,103,,Active,,,https://www.redfin.com/MS/Jackson/1940-Sheffield-Dr-39211/home/117573047,MLSU,4117088,N,Y,32.3617285,-90.1341427
MLS Listing,,Single Family Residential,425 Derrick St,Jackson,MS,39203,59900,3,1.0,Ohara,1056,6534,1970,40,57,,Active,,,https://www.redfin.com/MS/Jackson/425-Derrick-St-39203/home/117237332,MLSU,4117087,N,Y,32.3212487,-90.1977827
MLS Listing,,Single Family Residential,3831 Tyrone Dr,Jackson,MS,39216,417000,4,4.0,Fondren,4000,21780,1954,41,104,,Active,,,https://www.redfin.com/MS/Jackson/3831-Tyrone-Dr-39216/home/118084853,MLSU,4117054,N,Y,32.3430817,-90.1677671
MLS Listing,,Single Family Residential,282 Iris Ave,Jackson,MS,39206,130000,3,2.0,Metes And Bounds,2885,43560,1951,41,45,,Active,,,https://www.redfin.com/MS/Jackson/282-Iris-Ave-39206/home/118303818,MLSU,4117043,N,Y,32.3635186,-90.1776861
MLS Listing,,Single Family Residential,3028 Marwood Dr,Jackson,MS,39212,115900,4,2.0,Oak Forest,1552,11325,1958,41,75,,Active,,,https://www.redfin.com/MS/Jackson/3028-Marwood-Dr-39212/home/118266042,MLSU,4101826,N,Y,32.2620963,-90.2514739
MLS Listing,,Single Family Residential,5145 Canton Heights Dr,Jackson,MS,39211,415000,4,4.5,Heatherton Estates,3579,12632,1986,41,116,,Active,,,https://www.redfin.com/MS/Jackson/5145-Canton-Heights-Dr-39211/home/118028519,MLSU,4117022,N,Y,32.3700127,-90.1385756
MLS Listing,,Single Family Residential,1510 Brecon Dr,Jackson,MS,39211,383000,4,4.5,Canton Oak Park,2871,13068,1959,42,133,,Active,,,https://www.redfin.com/MS/Jackson/1510-Brecon-Dr-39211/home/118271837,MLSU,4116987,N,Y,32.359559,-90.1436107
MLS Listing,,Single Family Residential,3039 Woodview Dr,Jackson,MS,39212,155000,4,2.0,Oak Forest,1593,21780,1956,42,97,,Active,,,https://www.redfin.com/MS/Jackson/3039-Woodview-Dr-39212/home/117484920,MLSU,4116980,N,Y,32.2615355,-90.2484608
MLS Listing,,Single Family Residential,1003 Wynwood Dr,Jackson,MS,39209,35000,2,1.0,Pecan Grove,1278,21780,1950,42,27,,Active,,,https://www.redfin.com/MS/Jackson/1003-Wynwood-Dr-39209/home/117801556,MLSU,4116942,N,Y,32.3038991,-90.2336323
MLS Listing,,Single Family Residential,1030 Glenwood St,Jackson,MS,39209,62000,2,1.0,Pecan Grove,1201,13068,1950,42,52,,Active,,,https://www.redfin.com/MS/Jackson/1030-Glenwood-St-39209/home/117295887,MLSU,4116393,N,Y,32.303291,-90.2355381
MLS Listing,,Single Family Residential,2290 Charmwood Dr,Jackson,MS,39204,139500,4,2.5,Garden Park Terrace,1984,13503,1972,42,70,,Active,,,https://www.redfin.com/MS/Jackson/2290-Charmwood-Dr-39204/home/117726117,MLSU,4116890,N,Y,32.2761554,-90.2436681
MLS Listing,,Single Family Residential,3121 Woodvile Cir,Jackson,MS,39212,80000,4,3.0,Woodville Heights,1872,2178,1962,44,43,,Active,,,https://www.redfin.com/MS/Jackson/3121-Woodville-Cir-39212/home/118174867,MLSU,4115938,N,Y,32.2594327,-90.2596585
MLS Listing,,Single Family Residential,3258 Meadow Ln,Jackson,MS,39212,78500,3,1.5,Kolb,1454,13939,1951,44,54,,Active,,,https://www.redfin.com/MS/Jackson/3258-Meadow-Ln-39212/home/117738270,MLSU,4116631,N,Y,32.255523,-90.23486
MLS Listing,,Single Family Residential,4344 California Ave,Jackson,MS,39213,135000,3,2.0,Bel Air,1528,8712,1968,45,88,,Active,,,https://www.redfin.com/MS/Jackson/4344-California-Ave-39213/home/117566492,MLSU,4116588,N,Y,32.35363,-90.2094911
MLS Listing,,Single Family Residential,764 Launcelot Rd,Jackson,MS,39206,58400,3,1.0,Broadmoor,1361,10454,1950,45,43,,Active,,,https://www.redfin.com/MS/Jackson/764-Launcelot-Rd-39206/home/118022135,MLSU,4113978,N,Y,32.3623031,-90.1596483
MLS Listing,,Single Family Residential,249 Woody Dr,Jackson,MS,39212,55000,3,2.0,Leavell Woods,1604,30492,1950,46,34,,Active,,,https://www.redfin.com/MS/Jackson/249-Woody-Dr-39212/home/117817406,MLSU,4116484,N,Y,32.2570775,-90.2279253
MLS Listing,,Single Family Residential,219 Lake Cove Dr,Jackson,MS,39212,162000,4,3.0,Willowood,2114,13068,1973,46,77,,Active,,,https://www.redfin.com/MS/Jackson/219-Lake-Cove-Dr-39212/home/117983033,MLSU,4116467,N,Y,32.2591556,-90.2927747
MLS Listing,,Single Family Residential,1704 N State St,Jackson,MS,39202,315000,4,3.0,Belhaven,3623,12632,1939,47,87,,Active,,,https://www.redfin.com/MS/Jackson/1704-N-State-St-39202/home/117664155,MLSU,4116382,N,Y,32.3217693,-90.1771528
MLS Listing,,Single Family Residential,1032 Meadowbrook Rd,Jackson,MS,39206,199900,4,3.0,Edgar S. Wilson,2377,13939,1952,48,84,,Active,,,https://www.redfin.com/MS/Jackson/1032-Meadowbrook-Rd-39206/home/118323502,MLSU,4116351,N,Y,32.3500368,-90.1599973
MLS Listing,,Townhouse,14 Robinwood Pl,Jackson,MS,39211,209900,2,2.0,Northpointe,1695,6969,1981,48,124,84,Active,,,https://www.redfin.com/MS/Jackson/14-Robinwood-Pl-39211/home/117376889,MLSU,4116331,N,Y,32.3938105,-90.1130584
MLS Listing,,Single Family Residential,6548 George Washington Dr,Jackson,MS,39213,105000,3,2.0,Presidential Hills,1272,7405,1972,49,83,,Active,,,https://www.redfin.com/MS/Jackson/6548-George-Washington-Dr-39213/home/117709686,MLSU,4116262,N,Y,32.3691821,-90.2619379
MLS Listing,,Vacant Land,00 Greenview Dr,Jackson,MS,39212,4500,,,Mcdowell,,8712,,50,,,Active,,,https://www.redfin.com/MS/Jackson/Greenview-Dr-39212/home/166422572,MLSU,4116126,N,Y,32.268249,-90.224188
MLS Listing,,Single Family Residential,325 Cedarhurst Dr,Jackson,MS,39206,85000,3,1.0,Broadmoor,1256,11761,1952,51,68,,Active,,,https://www.redfin.com/MS/Jackson/325-Cedarhurst-Dr-39206/home/117692234,MLSU,4116044,N,Y,32.3630573,-90.1679472
MLS Listing,,Single Family Residential,607 Spryfield Rd,Jackson,MS,39212,171000,3,2.0,Briarcliff,1711,14810,1973,51,100,,Active,,,https://www.redfin.com/MS/Jackson/607-Spryfield-Rd-39212/home/117807294,MLSU,4115975,N,Y,32.2441613,-90.2496525
MLS Listing,,Single Family Residential,4234 Kingsroad Ave,Jackson,MS,39213,89999,3,1.0,Bel Air,871,7405,1963,52,103,,Active,,,https://www.redfin.com/MS/Jackson/4234-Kingsroad-Ave-39213/home/118310997,MLSU,4115919,N,Y,32.3532266,-90.2170739
MLS Listing,,Single Family Residential,952 Palm St,Jackson,MS,39212,59900,4,2.0,Woodville Heights,1503,13068,1969,52,40,,Active,,,https://www.redfin.com/MS/Jackson/952-Palm-St-39212/home/118373040,MLSU,4115912,N,Y,32.2554202,-90.2559807
MLS Listing,,Vacant Land,Chasewood Drice,Jackson,MS,39212,241340,,,Jackson,,2595740,,52,,,Active,,,https://www.redfin.com/MS/Jackson/Chasewood-Dr-39212/home/166460282,MLSU,4115884,N,Y,32.241315,-90.291636
MLS Listing,,Vacant Land,Raymond Rd,Jackson,MS,39212,356036,,,Jackson,,3829359,,52,,,Active,,,https://www.redfin.com/MS/Jackson/Raymond-Rd-39212/home/117304893,MLSU,4115885,N,Y,32.267348,-90.275898
MLS Listing,,Single Family Residential,118 W Leavell Woods Dr,Jackson,MS,39212,124999,4,3.0,Metes And Bounds,2118,23958,1959,52,59,,Active,,,https://www.redfin.com/MS/Jackson/118-W-Leavell-Woods-Dr-39212/home/117482495,MLSU,4115867,N,Y,32.2555821,-90.2247308
MLS Listing,,Single Family Residential,303 Old Spanish Trl,Jackson,MS,39212,99000,4,2.0,Western Hills,2392,25700,1978,53,41,,Active,,,https://www.redfin.com/MS/Jackson/303-Old-Spanish-Trl-39212/home/117774310,MLSU,4115791,N,Y,32.2541846,-90.3145951
MLS Listing,,Single Family Residential,2067 Southwood Rd,Jackson,MS,39211,219500,3,2.0,Eastwood,1702,14810,1958,53,129,,Active,,,https://www.redfin.com/MS/Jackson/2067-Southwood-Rd-39211/home/118320931,MLSU,4115789,N,Y,32.3528218,-90.134262
MLS Listing,,Vacant Land,62 Rozell Cv,Jackson,MS,39212,46900,,,Byramdale,,62290,,53,,33,Active,,,https://www.redfin.com/MS/Jackson/62-Rozell-Cv-39212/home/196026764,MLSU,4115777,N,Y,32.231267,-90.29699
MLS Listing,,Single Family Residential,1357 Canterbury Ln,Jackson,MS,39212,129000,4,2.0,Windsor Forest,2428,11761,1972,53,53,,Active,,,https://www.redfin.com/MS/Jackson/1357-Canterbury-Ln-39212/home/117765530,MLSU,4115770,N,Y,32.2489515,-90.2691384
MLS Listing,,Single Family Residential,4783 Village Dr,Jackson,MS,39206,180000,4,2.0,Norwood Hills,1982,10018,1972,54,91,,Active,,,https://www.redfin.com/MS/Jackson/4783-Village-Dr-39206/home/118326153,MLSU,4115727,N,Y,32.3770744,-90.1917862
MLS Listing,,Single Family Residential,533 Lawrence Rd,Jackson,MS,39206,115000,4,1.5,Broadmoor,1190,10454,1953,54,97,,Active,,,https://www.redfin.com/MS/Jackson/533-Lawrence-Rd-39206/home/117198339,MLSU,4115726,N,Y,32.3637747,-90.1639251
MLS Listing,,Single Family Residential,1108 Wooddell Dr,Jackson,MS,39212,62500,2,2.0,Oak Forest,1584,10454,1960,54,39,,Active,,,https://www.redfin.com/MS/Jackson/1108-Wooddell-Dr-39212/home/117400414,MLSU,4115725,N,Y,32.2558436,-90.2487141
MLS Listing,,Single Family Residential,1777 Brecon Dr,Jackson,MS,39211,214900,3,2.0,Hillview,1971,16988,1959,56,109,,Active,,,https://www.redfin.com/MS/Jackson/1777-Brecon-Dr-39211/home/117444054,MLSU,4115642,N,Y,32.3586159,-90.136451
MLS Listing,,Single Family Residential,233 Colonial Dr,Jackson,MS,39204,145000,5,3.0,Valle Hondo,2083,19602,1952,56,70,,Active,,,https://www.redfin.com/MS/Jackson/233-Colonial-Dr-39204/home/117843923,MLSU,4115620,N,Y,32.2734174,-90.2200291
MLS Listing,,Single Family Residential,455 Armour Dr,Jackson,MS,39211,395777,5,4.0,Rollingwood,2985,24829,1963,56,133,,Active,,,https://www.redfin.com/MS/Jackson/455-Armour-Dr-39211/home/118067837,MLSU,4115605,N,Y,32.3670926,-90.1297306
MLS Listing,,Single Family Residential,558 Daniel Cir,Jackson,MS,39212,137900,3,2.0,Edgewood Acres,1878,10890,1958,56,73,,Active,,,https://www.redfin.com/MS/Jackson/558-Daniel-Cir-39212/home/118170285,MLSU,4115602,N,Y,32.2608495,-90.240128
MLS Listing,,Single Family Residential,1215 Lawnview Pl,Jackson,MS,39203,74500,3,2.0,Metes And Bounds,1213,7405,1941,56,61,,Active,,,https://www.redfin.com/MS/Jackson/1215-Lawnview-Pl-39203/home/117946643,MLSU,4115582,N,Y,32.3093614,-90.2063724
MLS Listing,,Single Family Residential,3440 Kickapoo Rd,Jackson,MS,39209,419000,8,7.0,Metes And Bounds,6714,357192,1989,56,62,,Active,,,https://www.redfin.com/MS/Jackson/3440-Kickapoo-Rd-39209/home/118391749,MLSU,4115537,N,Y,32.401268,-90.293673
MLS Listing,,Single Family Residential,1616 Poplar Blvd,Jackson,MS,39202,535000,4,2.5,Belhaven,3663,21780,1940,56,146,35,Active,,,https://www.redfin.com/MS/Jackson/1616-Poplar-Blvd-39202/home/117775173,MLSU,4115525,N,Y,32.3161209,-90.1652551
MLS Listing,,Single Family Residential,3114 Suncrest Dr,Jackson,MS,39212,70000,4,2.0,Woodville Heights,1432,12196,1962,57,49,,Active,,,https://www.redfin.com/MS/Jackson/3114-Suncrest-Dr-39212/home/118368544,MLSU,4115462,N,Y,32.259373,-90.2603443
MLS Listing,,Single Family Residential,1030 Adkins Blvd,Jackson,MS,39211,180000,4,2.0,Ridgewood Park,2178,20908,1967,57,83,,Active,,,https://www.redfin.com/MS/Jackson/1030-Adkins-Blvd-39211/home/118204798,MLSU,4115449,N,Y,32.3845629,-90.1371448
MLS Listing,,Single Family Residential,1 Village Green Cir,Jackson,MS,39211,194000,3,2.5,Northpointe,2343,6534,1983,57,83,69,Active,,,https://www.redfin.com/MS/Jackson/1-Village-Green-Cir-39211/home/117201389,MLSU,4113460,N,Y,32.3941078,-90.116593
MLS Listing,,Single Family Residential,3821 Montrose Cir,Jackson,MS,39216,295000,3,3.0,Fondren,3201,16552,1951,58,92,,Active,,,https://www.redfin.com/MS/Jackson/3821-Montrose-Cir-39216/home/117586852,MLSU,4115350,N,Y,32.3409162,-90.1619894
MLS Listing,,Condo/Co-op,5155 Wayneland Dr Unit F6,Jackson,MS,39211,104999,2,2.0,Chateau Royal,1118,,1970,58,94,,Active,,,https://www.redfin.com/MS/Jackson/5155-Wayneland-Dr-39211/unit-F6/home/118033943,MLSU,4115295,N,Y,32.3694157,-90.1468217
MLS Listing,,Single Family Residential,2033 Elizabeth Chapman Dr,Jackson,MS,39212,381500,4,2.5,Owens & Chapman,3266,87120,2003,58,117,,Active,,,https://www.redfin.com/MS/Jackson/2033-Elizabeth-Chapman-Dr-39212/home/117501001,MLSU,4115256,N,Y,32.2578256,-90.3246642
MLS Listing,,Townhouse,847 Woodbury Rd,Jackson,MS,39206,109999,2,2.0,Fox Trails,1243,,1984,59,88,,Active,,,https://www.redfin.com/MS/Jackson/847-Woodbury-Rd-39206/home/118323699,MLSU,4115230,N,Y,32.3607472,-90.1570553
MLS Listing,,Single Family Residential,2758 E Benwood Dr,Jackson,MS,39204,65000,2,1.5,Brinoy,1251,13503,1957,59,52,,Active,,,https://www.redfin.com/MS/Jackson/2758-E-Benwood-Dr-39204/home/117826920,MLSU,4115226,N,Y,32.2707364,-90.2460349
MLS Listing,,Single Family Residential,2643 Pinebrook Dr,Jackson,MS,39212,78500,4,2.0,Brookwood Park,1625,10454,1950,59,48,,Active,,,https://www.redfin.com/MS/Jackson/2643-Pinebrook-Dr-39212/home/117966908,MLSU,4115204,N,Y,32.266882,-90.234185
MLS Listing,,Single Family Residential,1058 Alta Vista Blvd,Jackson,MS,39209,70000,3,1.5,Pecan Tree Park,1405,11325,1941,60,50,,Active,,,https://www.redfin.com/MS/Jackson/1058-Alta-Vista-Blvd-39209/home/117347009,MLSU,4115124,N,Y,32.3012811,-90.2189306
MLS Listing,,Single Family Residential,1080 Alta Vista Blvd,Jackson,MS,39209,90000,3,2.0,Pecan Tree Park,1600,10890,1940,60,56,,Active,,,https://www.redfin.com/MS/Jackson/1080-Alta-Vista-Blvd-39209/home/117643603,MLSU,4115116,N,Y,32.3007075,-90.2190254
MLS Listing,,Single Family Residential,333 Reed Ave,Jackson,MS,39206,110000,3,1.0,North Meadows,1141,13503,1958,60,96,,Active,,,https://www.redfin.com/MS/Jackson/333-Reed-Ave-39206/home/117836371,MLSU,4115106,N,Y,32.3754868,-90.1563022
MLS Listing,,Single Family Residential,518 W Hilsdale Dr,Jackson,MS,39209,40000,3,1.5,Hillsdale,1400,21780,1960,60,29,,Active,,,https://www.redfin.com/MS/Jackson/518-W-Hillsdale-Dr-39209/home/195605724,MLSU,4112344,N,Y,32.3344599,-90.2591568
MLS Listing,,Single Family Residential,1104 Mccluer Rd,Jackson,MS,39212,35000,3,2.0,Metes And Bounds,1433,24829,1946,62,24,,Active,,,https://www.redfin.com/MS/Jackson/1104-McCluer-Rd-39212/home/118238007,MLSU,4114976,N,Y,32.2398032,-90.2702001
MLS Listing,,Single Family Residential,2806 Tara Rd,Jackson,MS,39212,85900,3,1.5,Emerald Hills,1100,13939,1971,63,78,,Active,,,https://www.redfin.com/MS/Jackson/2806-Tara-Rd-39212/home/118033586,MLSU,4114861,N,Y,32.2654727,-90.2396017
MLS Listing,,Single Family Residential,6605 George Washington Dr,Jackson,MS,39213,50900,3,2.0,Presidential Hills,1132,10454,1971,63,45,,Active,,,https://www.redfin.com/MS/Jackson/6605-George-Washington-Dr-39213/home/117996329,MLSU,4114815,N,Y,32.3706293,-90.2599523
MLS Listing,,Single Family Residential,1606 Lockwood Ave,Jackson,MS,39211,300000,3,3.0,Forest Park,2300,19602,1955,63,130,,Active,,,https://www.redfin.com/MS/Jackson/1606-Lockwood-Ave-39211/home/117345147,MLSU,4114807,N,Y,32.3540536,-90.1415321
MLS Listing,,Single Family Residential,151 Queen Joanna Ln,Jackson,MS,39209,64900,3,2.0,The Queens,1248,10018,1959,63,52,,Active,,,https://www.redfin.com/MS/Jackson/151-Queen-Joanna-Ln-39209/home/117408711,MLSU,4114801,N,Y,32.3363174,-90.2735513
MLS Listing,,Single Family Residential,5103 Robinson Rd,Jackson,MS,39204,35000,3,2.0,Metes And Bounds,1740,10018,1959,64,20,,Active,,,https://www.redfin.com/MS/Jackson/5103-Robinson-Rd-39204/home/118159604,MLSU,4114706,N,Y,32.2829673,-90.2615123
MLS Listing,,Single Family Residential,2566 Mcdowell Cir,Jackson,MS,39204,35000,3,1.5,Mcdowell Homes,1204,9147,1952,64,29,,Active,,,https://www.redfin.com/MS/Jackson/2566-McDowell-Cir-39204/home/117200025,MLSU,4114704,N,Y,32.2695181,-90.2364434
MLS Listing,,Single Family Residential,1218 Springdale Dr,Jackson,MS,39211,94300,3,2.0,Jackson,1456,11325,1962,64,65,5,Active,,,https://www.redfin.com/MS/Jackson/1218-Springdale-Dr-39211/home/118268512,MLSU,4114666,N,Y,32.3855969,-90.1352221
MLS Listing,,Single Family Residential,3171 Bilgray Dr,Jackson,MS,39212,69900,3,1.5,Edgewood Acres,1601,12196,1957,64,44,,Active,,,https://www.redfin.com/MS/Jackson/3171-Bilgray-Dr-39212/home/117274642,MLSU,4114661,N,Y,32.2580229,-90.2377496
MLS Listing,,Single Family Residential,114 California Pl,Jackson,MS,39213,65000,4,2.0,Bel Air,2657,12632,1968,65,24,,Active,,,https://www.redfin.com/MS/Jackson/114-California-Pl-39213/home/117698432,MLSU,4114637,N,Y,32.3537741,-90.2114191
MLS Listing,,Single Family Residential,2862 Oak Forest Dr,Jackson,MS,39212,59000,3,2.0,Oak Forest,1314,14374,1955,65,45,,Active,,,https://www.redfin.com/MS/Jackson/2862-Oak-Forest-Dr-39212/home/117844085,MLSU,4114636,N,Y,32.2663543,-90.2466017
MLS Listing,,Single Family Residential,5953 Lake Trace Cir,Jackson,MS,39211,284900,3,2.5,Lake Trace North,2280,14810,1966,65,125,,Active,,,https://www.redfin.com/MS/Jackson/5953-Lake-Trace-Cir-39211/home/117891785,MLSU,4114608,N,Y,32.3905184,-90.1217524
MLS Listing,,Single Family Residential,2547 Belvedere Dr,Jackson,MS,39204,39900,3,1.0,Jackson Belvedere,980,13939,1950,65,41,,Active,,,https://www.redfin.com/MS/Jackson/2547-Belvedere-Dr-39204/home/117838842,MLSU,4114552,N,Y,32.269463,-90.2275782
MLS Listing,,Single Family Residential,2805 Fairhill Dr,Jackson,MS,39212,39900,3,2.0,Fair Hill,1224,10018,1950,65,33,,Active,,,https://www.redfin.com/MS/Jackson/2805-Fairhill-Dr-39212/home/118314904,MLSU,4114551,N,Y,32.2679125,-90.2321523
MLS Listing,,Single Family Residential,3805 Jayne Ave,Jackson,MS,39209,65000,3,1.0,Metes And Bounds,918,7405,1952,66,71,,Active,,,https://www.redfin.com/MS/Jackson/3805-Jayne-Ave-39209/home/118315488,MLSU,4114549,N,Y,32.314941,-90.2348552
MLS Listing,,Single Family Residential,3755 Jayne Ave,Jackson,MS,39209,49900,3,1.0,Metes And Bounds,912,7840,1952,66,55,,Active,,,https://www.redfin.com/MS/Jackson/3755-Jayne-Ave-39209/home/117238869,MLSU,4114548,N,Y,32.3150749,-90.2342688
MLS Listing,,Single Family Residential,661 Robinhood Rd,Jackson,MS,39206,160000,4,2.0,Broadmoor,1500,17859,1950,66,107,,Active,,,https://www.redfin.com/MS/Jackson/661-Robinhood-Rd-39206/home/118262669,MLSU,4114546,N,Y,32.3587575,-90.1619354
MLS Listing,,Single Family Residential,1516 Booker St,Jackson,MS,39204,24900,2,1.0,Washington Addition,896,10018,1950,66,28,,Active,,,https://www.redfin.com/MS/Jackson/1516-Booker-St-39204/home/118392994,MLSU,4114533,N,Y,32.2901029,-90.2107182
MLS Listing,,Condo/Co-op,246 Eastbrooke St,Jackson,MS,39216,339900,2,2.0,Eastbrooke,1777,,1978,66,191,572,Active,,,https://www.redfin.com/MS/Jackson/246-Eastbrooke-St-39216/home/117570543,MLSU,4113753,N,Y,32.3372191,-90.1478976
MLS Listing,,Single Family Residential,15 Stanford Ct,Jackson,MS,39211,165000,3,2.0,Metes And Bounds,1403,3049,1991,66,118,,Active,,,https://www.redfin.com/MS/Jackson/15-Stanford-Ct-39211/home/117638805,MLSU,4114478,N,Y,32.3879719,-90.1114143
MLS Listing,,Vacant Land,Oooo Big Creek Rd,Byram,MS,39272,240720,,,Byram,,2439360,,66,,,Active,,,https://www.redfin.com/MS/Jackson/Oooo-Big-Creek-Rd-39272/home/195921871,MLSU,4114450,N,Y,32.215476,-90.31848
MLS Listing,,Single Family Residential,1511 Myrtle St,Jackson,MS,39202,219900,3,2.0,Belhaven,1624,8276,1940,68,135,,Active,,,https://www.redfin.com/MS/Jackson/1511-Myrtle-St-39202/home/117664052,MLSU,4111932,N,Y,32.3190311,-90.1601583
MLS Listing,,Single Family Residential,1002 Monroe St,Jackson,MS,39202,95000,3,2.0,Metes And Bounds,1728,11761,1972,69,55,,Active,,,https://www.redfin.com/MS/Jackson/1002-Monroe-St-39202/home/118297914,MLSU,4113139,N,Y,32.3103274,-90.1702394
MLS Listing,,Single Family Residential,5730 Sedgwick Dr,Jackson,MS,39211,172000,4,2.0,Metes And Bounds,1700,11761,1967,69,101,,Active,,,https://www.redfin.com/MS/Jackson/5730-Sedgwick-Dr-39211/home/118284072,MLSU,4114344,N,Y,32.3771347,-90.1148494
MLS Listing,,Multi-Family (2-4 Unit),542 Road Of Remembrance,Jackson,MS,39209,19900,2,2.0,Counrty Club Place,1698,8276,1938,69,12,,Active,,,https://www.redfin.com/MS/Jackson/542-Road-of-Remembrance-39209/home/117977036,MLSU,4114348,N,Y,32.3256093,-90.2365671
MLS Listing,,Single Family Residential,108 Myer Ave Unit A&B,Jackson,MS,39209,120000,6,2.0,Metes And Bounds,1610,12632,1985,70,75,,Active,,,https://www.redfin.com/MS/Jackson/108-Myer-Ave-39209/unit-A-B/home/194672924,MLSU,4106243,N,Y,32.3198547,-90.2300085
MLS Listing,,Vacant Land,545 Greenmont Dr,Jackson,MS,39212,14385,,,Metes And Bounds,,12632,,70,,,Active,,,https://www.redfin.com/MS/Jackson/545-Greenmont-Dr-39212/home/117764637,MLSU,4113952,N,Y,32.2673034,-90.2959442
MLS Listing,,Single Family Residential,5477 River Thames Pl,Jackson,MS,39211,321899,5,4.0,Heatherwood,3131,13503,1975,71,103,17,Active,,,https://www.redfin.com/MS/Jackson/5477-River-Thames-Pl-39211/home/117626972,MLSU,4114155,N,Y,32.3763841,-90.1364212
MLS Listing,,Vacant Land,0000 Henderson Rd,Jackson,MS,39272,162902,,,Jackson,,1655280,,71,,,Active,,,https://www.redfin.com/MS/Jackson/Henderson-Rd-39272/home/118418409,MLSU,4114068,N,Y,32.236029,-90.279661
MLS Listing,,Single Family Residential,2226 Oak Park Dr,Jackson,MS,39213,17000,3,1.5,Metes And Bounds,1008,10454,1953,71,17,,Active,,,https://www.redfin.com/MS/Jackson/2226-Oak-Park-Dr-39213/home/117414895,MLSU,4114060,N,Y,32.3357915,-90.2138968
MLS Listing,,Single Family Residential,1870 Wisteria Dr,Jackson,MS,39204,59900,3,2.0,Garden Park,1344,13068,1959,72,45,,Active,,,https://www.redfin.com/MS/Jackson/1870-Wisteria-Dr-39204/home/117490769,MLSU,4113962,N,Y,32.2810466,-90.2318924
MLS Listing,,Single Family Residential,220 Wildwood Ter,Jackson,MS,39212,86900,3,1.5,Wildwood Terrace,1240,14810,1955,73,70,,Active,,,https://www.redfin.com/MS/Jackson/220-Wildwood-Ter-39212/home/118001973,MLSU,4110831,N,Y,32.2445676,-90.2335724
MLS Listing,,Single Family Residential,3764 Camilla Dr,Jackson,MS,39212,89900,3,1.0,Woodland Homes,1052,11761,1959,73,85,,Active,,,https://www.redfin.com/MS/Jackson/3764-Camilla-Dr-39212/home/118099494,MLSU,4113827,N,Y,32.2422108,-90.2193192
MLS Listing,,Single Family Residential,217 S Sunset Ter,Jackson,MS,39212,72500,4,2.0,Sunset Terrace,1472,22215,1950,74,49,,Active,,,https://www.redfin.com/MS/Jackson/217-S-Sunset-Ter-39212/home/118322517,MLSU,4098637,N,Y,32.2458109,-90.2325646
MLS Listing,,Multi-Family (2-4 Unit),"409 E Mayes St Unit 1, 2, 3",Jackson,MS,39206,299000,5,3.0,Fondren,3150,9147,1939,74,95,,Active,,,https://www.redfin.com/MS/Jackson/409-E-Mayes-St-39206/unit-1-2-3/home/190634778,MLSU,4113729,N,Y,32.3445941,-90.1763869
MLS Listing,,Single Family Residential,5039 Forest Hill Rd,Byram,MS,39272,245000,4,2.0,Brookwood Club Estates,2800,32670,1975,74,88,,Active,,,https://www.redfin.com/MS/Byram/5039-Forest-Hill-Rd-39272/home/117651738,MLSU,4092916,N,Y,32.2127339,-90.2600524
MLS Listing,,Single Family Residential,221 Pearlie Owens Dr,Byram,MS,39212,344900,4,3.5,Byramdale,3166,60112,2006,75,109,,Active,,,https://www.redfin.com/MS/Byram/221-Pearlie-Owens-Dr-39212/home/117452410,MLSU,4113702,N,Y,32.2276418,-90.2916301
MLS Listing,,Single Family Residential,20 Winterfield Dr,Jackson,MS,39211,828000,5,5.0,Country Club Of Jackson,4491,13939,2000,76,184,232,Active,,,https://www.redfin.com/MS/Jackson/20-Winterfield-Dr-39211/home/117287538,MLSU,4113634,N,Y,32.3932068,-90.1109739
MLS Listing,,Single Family Residential,1632 Winchester St,Jackson,MS,39211,155000,3,2.0,Huntington Park,1460,13503,1959,76,106,,Active,,,https://www.redfin.com/MS/Jackson/1632-Winchester-St-39211/home/117682502,MLSU,4113631,N,Y,32.3601582,-90.1399874
MLS Listing,,Single Family Residential,503 Valley St,Jackson,MS,39209,45000,3,2.0,Elon Place,1962,11761,1939,77,23,,Active,,,https://www.redfin.com/MS/Jackson/503-Valley-St-39209/home/117334738,MLSU,4113582,N,Y,32.3066368,-90.2163825
MLS Listing,,Single Family Residential,1842 Lake Trace Dr,Jackson,MS,39211,265000,3,2.0,Lake Trace North Part 3,2024,13939,1968,77,131,4,Active,,,https://www.redfin.com/MS/Jackson/1842-Lake-Trace-Dr-39211/home/117891835,MLSU,4113575,N,Y,32.387994,-90.1221698
MLS Listing,,Single Family Residential,2943 Suncrest Dr,Jackson,MS,39212,59900,3,2.0,Metes And Bounds,1422,10890,1968,77,42,,Active,,,https://www.redfin.com/MS/Jackson/2943-Suncrest-Dr-39212/home/118175199,MLSU,4113506,N,Y,32.2647259,-90.2610599
MLS Listing,,Single Family Residential,4976 Forest Hill Rd,Byram,MS,39272,65000,3,2.5,Metes And Bounds,2422,17424,1975,78,27,,Active,,,https://www.redfin.com/MS/Byram/4976-Forest-Hill-Rd-39272/home/117633154,MLSU,4113398,N,Y,32.2160028,-90.2629468
MLS Listing,,Single Family Residential,245 Wildwood Ter,Jackson,MS,39212,136000,3,1.5,Wildwood Terrace,1252,14374,1955,78,109,,Active,,,https://www.redfin.com/MS/Jackson/245-Wildwood-Ter-39212/home/117844028,MLSU,4106832,N,Y,32.2441011,-90.2344887
MLS Listing,,Vacant Land,0 Roxbury Pl,Jackson,MS,39211,50000,,,Jackson,,17859,,79,,,Active,,,https://www.redfin.com/MS/Jackson/Roxbury-Pl-39211/home/166420053,MLSU,4113316,N,Y,32.347869,-90.151891
MLS Listing,,Vacant Land,Flag Chapel Rd,Jackson,MS,39209,75000,,,Jackson,,836352,,79,,,Active,,,https://www.redfin.com/MS/Jackson/S-Flag-Chapel-Rd-39209/home/178986678,MLSU,4113311,N,Y,32.330575,-90.265682
MLS Listing,,Single Family Residential,280 Savanna St,Jackson,MS,39212,34900,3,1.0,Virginia Village,1027,10018,1955,79,34,,Active,,,https://www.redfin.com/MS/Jackson/280-Savanna-St-39212/home/117445932,MLSU,4113307,N,Y,32.2421962,-90.2253232
MLS Listing,,Single Family Residential,210 Colonial Cir,Jackson,MS,39211,154000,3,2.0,Club Park,2176,21780,1958,79,71,,Active,,,https://www.redfin.com/MS/Jackson/210-Colonial-Cir-39211/home/118246830,MLSU,4113265,N,Y,32.3776897,-90.1287506
MLS Listing,,Single Family Residential,315 E Northside Dr,Jackson,MS,39206,179999,3,2.0,Fondren/G I,1871,21780,1950,79,96,,Active,,,https://www.redfin.com/MS/Jackson/315-W-Northside-Dr-39206/home/195805453,MLSU,4113241,N,Y,32.355298,-90.171053
MLS Listing,,Vacant Land,0 Wyndallwood Dr,Jackson,MS,39212,19000,,,Wyndallwood Heights,,118047,,80,,,Active,,,https://www.redfin.com/MS/Jackson/Wyndallwood-Dr-39212/home/166467222,MLSU,4113208,N,Y,32.244793,-90.30352
MLS Listing,,Condo/Co-op,256 Eastbrooke St,Jackson,MS,39216,549990,4,4.5,Eastbrooke,3789,,1978,80,145,706,Active,,,https://www.redfin.com/MS/Jackson/256-Eastbrooke-St-39216/home/117570558,MLSU,4113196,N,Y,32.3372411,-90.147001
MLS Listing,,Single Family Residential,913 Lanier Ave,Jackson,MS,39203,44900,2,1.0,Metes And Bounds,624,4356,1956,80,72,,Active,,,https://www.redfin.com/MS/Jackson/913-Lanier-Ave-39203/home/118389102,MLSU,4113185,N,Y,32.3191769,-90.2041874
MLS Listing,,Single Family Residential,8 Moss Forest Pl,Jackson,MS,39211,354900,4,2.5,Northpointe,2867,9583,1980,81,124,68,Active,,,https://www.redfin.com/MS/Jackson/8-Moss-Forest-Pl-39211/home/118278852,MLSU,4113042,N,Y,32.3941632,-90.1175665
MLS Listing,,Single Family Residential,1115 Barbara Ann Dr,Jackson,MS,39204,20000,3,1.5,Westgate,1200,12196,1959,82,17,,Active,,,https://www.redfin.com/MS/Jackson/1115-Barbara-Ann-Dr-39204/home/117747218,MLSU,4113004,N,Y,32.2693894,-90.2420393
MLS Listing,,Single Family Residential,1735 Barrett Ave,Jackson,MS,39204,111000,3,2.0,Metes And Bounds,1400,8276,2008,83,79,,Active,,,https://www.redfin.com/MS/Jackson/1735-Barrett-Ave-39204/home/166475305,MLSU,4109531,N,Y,32.2928566,-90.2139684
MLS Listing,,Single Family Residential,2602 Latimer Ave,Jackson,MS,39209,25000,3,1.0,Westwood,988,10018,1947,84,25,,Active,,,https://www.redfin.com/MS/Jackson/2602-Latimer-Ave-39209/home/117996969,MLSU,4112837,N,Y,32.3139323,-90.2252531
MLS Listing,,Single Family Residential,2629 Latimer Ave,Jackson,MS,39209,25000,3,1.0,Westwood,1063,9147,1947,84,24,,Active,,,https://www.redfin.com/MS/Jackson/2629-Latimer-Ave-39209/home/118306781,MLSU,4112832,N,Y,32.3134956,-90.2259868
MLS Listing,,Single Family Residential,409 Houston Ave,Jackson,MS,39209,25000,3,2.0,West Park,988,12632,1949,84,25,,Active,,,https://www.redfin.com/MS/Jackson/409-Houston-Ave-39209/home/117680296,MLSU,4112822,N,Y,32.3144143,-90.2267135
MLS Listing,,Single Family Residential,364 Sharon Hill Dr,Jackson,MS,39212,150000,4,2.0,Cedar Hill,1903,13068,1974,85,79,3,Active,,,https://www.redfin.com/MS/Jackson/364-Sharon-Hills-Dr-39212/home/118282426,MLSU,4111473,N,Y,32.2630433,-90.2836302
MLS Listing,,Single Family Residential,10855 Hwy 49n,Jackson,MS,39209,1200000,4,4.5,Metes And Bounds,5398,1742400,2012,85,222,,Active,,,https://www.redfin.com/MS/Jackson/10855-Highway-49-N-39209/home/117519063,MLSU,4112756,N,Y,32.425961,-90.298499
MLS Listing,,Single Family Residential,160 Marblehead Ct,Jackson,MS,39211,319900,5,3.5,Briarwood Terrace,4599,18295,1969,85,70,,Active,,,https://www.redfin.com/MS/Jackson/160-Marblehead-Ct-39211/home/117570802,MLSU,4112724,N,Y,32.3790624,-90.1336704
MLS Listing,,Single Family Residential,4263 Cypress Dr,Jackson,MS,39212,100000,3,2.0,Royal Forest Of Willowood,1158,,1989,85,86,,Active,,,https://www.redfin.com/MS/Jackson/4263-Cypress-Dr-39212/home/117450700,MLSU,4112669,N,Y,32.2543532,-90.2913377
MLS Listing,,Single Family Residential,2238 Alta Woods Ter,Jackson,MS,39204,60000,3,2.0,Metes And Bounds,1541,21780,1957,85,39,,Active,,,https://www.redfin.com/MS/Jackson/2238-Alta-Woods-Ter-39204/home/118377226,MLSU,4112642,N,Y,32.2767571,-90.2244923
MLS Listing,,Single Family Residential,2960 Coleman Ave,Jackson,MS,39213,89900,3,1.0,Elraine Resy,1073,5227,1970,86,84,,Active,,,https://www.redfin.com/MS/Jackson/2960-Coleman-Ave-39213/home/118084931,MLSU,4112612,N,Y,32.339066,-90.2187753
MLS Listing,,Multi-Family (5+ Unit),115 O'ferrell Ave,Jackson,MS,39209,249000,28,14.0,West Park,5763,43560,1969,86,43,,Active,,,https://www.redfin.com/MS/Jackson/115-Oferrell-Ave-39209/home/117345979,MLSU,4106537,N,Y,32.3223867,-90.2286026
MLS Listing,,Single Family Residential,6513 Abraham Lincoln Dr,Jackson,MS,39213,44400,3,2.0,Presidential Hills,1330,9147,1978,87,33,,Active,,,https://www.redfin.com/MS/Jackson/6513-Abraham-Lincoln-Dr-39213/home/118044841,MLSU,4112397,N,Y,32.3663558,-90.2586778
MLS Listing,,Single Family Residential,1008 Spring Ave,Jackson,MS,39213,37900,3,1.0,Metes And Bounds,1235,4791,1952,87,31,,Active,,,https://www.redfin.com/MS/Jackson/1008-Spring-Ave-39213/home/117594429,MLSU,4112391,N,Y,32.3251211,-90.2034954
MLS Listing,,Single Family Residential,731 Hillmont Dr,Jackson,MS,39209,25000,3,2.0,Larchmont,936,10890,1954,88,27,,Active,,,https://www.redfin.com/MS/Jackson/731-Hillmont-Dr-39209/home/117282572,MLSU,4112367,N,Y,32.3091446,-90.240468
MLS Listing,,Single Family Residential,2214 Prosperity St,Jackson,MS,39213,29900,4,1.0,Metes And Bounds,1128,3920,1970,88,27,,Active,,,https://www.redfin.com/MS/Jackson/2214-Prosperity-St-39213/home/117591722,MLSU,4112359,N,Y,32.3258997,-90.1905285
MLS Listing,,Single Family Residential,263 Shady Cir,Jackson,MS,39204,68000,3,2.0,Alta Woods Park,1574,12632,1955,88,43,,Active,,,https://www.redfin.com/MS/Jackson/263-Shady-Cir-39204/home/117801345,MLSU,4112305,N,Y,32.2802792,-90.2186834
MLS Listing,,Single Family Residential,3830 Forest Hill Rd,Jackson,MS,39212,550000,5,4.5,Metes And Bounds,5002,435600,1970,89,110,,Active,,,https://www.redfin.com/MS/Jackson/3830-Forest-Hill-Rd-39212/home/117984671,MLSU,4112264,N,Y,32.2374114,-90.2615916
MLS Listing,,Multi-Family (2-4 Unit),1202 Fortification St Unit 1-2,Jackson,MS,39202,139200,3,2.0,Belhaven/Belhaven Heights,1891,6534,1947,89,74,,Active,,,https://www.redfin.com/MS/Jackson/1202-E-Fortification-St-39202/unit-1-2/home/191755810,MLSU,4110834,N,Y,32.3123916,-90.1699537
MLS Listing,,Single Family Residential,435 Glenway Dr,Jackson,MS,39216,599000,4,3.5,Woodland Hills,4196,27442,1948,89,143,,Active,,,https://www.redfin.com/MS/Jackson/435-Glenway-Dr-39216/home/117321142,MLSU,4112238,N,Y,32.3367425,-90.1676995
MLS Listing,,Single Family Residential,1921 N Petit Bois St,Jackson,MS,39211,374000,4,3.5,Petit Bois,3992,16552,1986,90,94,,Active,,,https://www.redfin.com/MS/Jackson/1921-Petit-Bois-St-N-39211/home/118335486,MLSU,4064069,N,Y,32.3368244,-90.139823
MLS Listing,,Single Family Residential,1918 East Dr,Jackson,MS,39204,35000,3,2.0,Edgewood,944,15246,1950,90,37,,Active,,,https://www.redfin.com/MS/Jackson/1918-East-Dr-39204/home/117569882,MLSU,4112200,N,Y,32.280849,-90.21962
MLS Listing,,Single Family Residential,2805 Engleside Dr,Jackson,MS,39212,60000,3,1.0,Engleside,1200,9147,1958,90,50,,Active,,,https://www.redfin.com/MS/Jackson/2805-Engleside-Dr-39212/home/118358422,MLSU,4112189,N,Y,32.2680399,-90.2331606
MLS Listing,,Single Family Residential,361 E Northside Dr,Jackson,MS,39206,105000,2,1.0,Metes And Bounds,950,12632,1949,91,111,,Active,,,https://www.redfin.com/MS/Jackson/361-E-Northside-Dr-39206/home/118331436,MLSU,4112052,N,Y,32.3553438,-90.1695733
MLS Listing,,Condo/Co-op,111 River Pl,Jackson,MS,39211,149000,3,2.0,River Place,1450,,1978,92,103,,Active,,,https://www.redfin.com/MS/Jackson/111-River-Pl-39211/home/117923275,MLSU,4111937,N,Y,32.3894867,-90.1127455
MLS Listing,,Single Family Residential,3158 Monticello Dr,Jackson,MS,39212,49800,3,2.0,Mccandes,1368,27007,1950,92,36,,Active,,,https://www.redfin.com/MS/Jackson/3158-Monticello-Dr-39212/home/118207391,MLSU,4110938,N,Y,32.2589223,-90.2359444
MLS Listing,,Multi-Family (2-4 Unit),1326 Central St Unit 26/28,Jackson,MS,39203,122500,4,2.0,M Nelson,1727,8712,1946,93,71,,Active,,,https://www.redfin.com/MS/Jackson/1326-Central-St-39203/unit-26-28/home/190299726,MLSU,4111793,N,Y,32.3032726,-90.207175
MLS Listing,,Single Family Residential,1844 Eastover Dr,Jackson,MS,39211,525000,5,3.5,Hazelvern Heights,3114,69260,1981,93,169,,Active,,,https://www.redfin.com/MS/Jackson/1844-Eastover-Dr-39211/home/117959890,MLSU,4111731,N,Y,32.3418591,-90.1444544
MLS Listing,,Single Family Residential,101 Lake Of Pines Dr,Jackson,MS,39206,164000,3,2.0,Pine Lake,1826,17424,1968,94,90,,Active,,,https://www.redfin.com/MS/Jackson/101-Lake-of-Pines-Dr-39206/home/117200814,MLSU,4111676,N,Y,32.3707968,-90.1967339
MLS Listing,,Single Family Residential,1752 Hampton St,Jackson,MS,39209,60000,4,1.0,Farmington Heights,1632,13068,1950,94,37,,Active,,,https://www.redfin.com/MS/Jackson/1752-Hampton-St-39209/home/118126185,MLSU,4111668,N,Y,32.2990999,-90.2553347
MLS Listing,,Single Family Residential,953 Woody Dr,Jackson,MS,39212,5900,4,2.0,Greenbrook,1595,16117,1955,94,4,,Active,,,https://www.redfin.com/MS/Jackson/953-Woody-Dr-39212/home/118206928,MLSU,4107492,N,Y,32.2573605,-90.2463485
MLS Listing,,Condo/Co-op,209 River Pl,Jackson,MS,39211,141000,3,2.0,River Place,1409,4356,1978,94,100,288,Active,,,https://www.redfin.com/MS/Jackson/209-River-Pl-39211/home/176897018,MLSU,4107125,N,Y,32.3888172,-90.1125826
MLS Listing,,Single Family Residential,721 Glenmont Dr,Jackson,MS,39209,89900,3,1.5,Larchmont,1083,7405,1955,94,83,,Active,,,https://www.redfin.com/MS/Jackson/721-Glenmont-Dr-39209/home/118398594,MLSU,4111569,N,Y,32.3103422,-90.24243
MLS Listing,,Single Family Residential,4229 Meadowmont Dr,Jackson,MS,39209,85000,3,2.0,Larchmont,1043,8712,1955,94,81,,Active,,,https://www.redfin.com/MS/Jackson/4229-Meadowmont-Dr-39209/home/117386091,MLSU,4109507,N,Y,32.3086825,-90.237953
MLS Listing,,Single Family Residential,1360 Brinkley Dr,Jackson,MS,39213,116500,3,2.5,Brinkley Place,1780,21780,1963,95,65,2,Active,,,https://www.redfin.com/MS/Jackson/1360-Brinkley-Dr-39213/home/117699837,MLSU,4111523,N,Y,32.3549623,-90.1988284
MLS Listing,,Single Family Residential,39 Moss Forest Cir,Jackson,MS,39211,325000,4,2.5,Northpointe,3189,18730,1981,96,102,,Active,,,https://www.redfin.com/MS/Jackson/39-Moss-Forest-Cir-39211/home/117850606,MLSU,4111429,N,Y,32.3935533,-90.1188328
MLS Listing,,Single Family Residential,706 Meadow View Cv,Byram,MS,39272,344999,4,4.5,Brookwood,2825,19602,2005,97,122,39,Active,August-3-2025 12:00 PM,August-3-2025 02:00 PM,https://www.redfin.com/MS/Byram/706-Meadow-View-Cv-39272/home/118161080,MLSU,4111415,N,Y,32.2158834,-90.2723795
MLS Listing,,Single Family Residential,223 Lake Cove Dr,Jackson,MS,39212,121500,3,2.0,Willowood,1765,16117,1974,98,69,,Active,,,https://www.redfin.com/MS/Jackson/223-Lake-Cove-Dr-39212/home/118087982,MLSU,4111332,N,Y,32.2589961,-90.2930172
MLS Listing,,Vacant Land,102 Green Dr,Jackson,MS,39211,300000,,,Jackson,,43560,,99,,250,Active,,,https://www.redfin.com/MS/Jackson/102-Green-Dr-39211/home/166420861,MLSU,4111138,N,Y,32.349525,-90.1464452
MLS Listing,,Vacant Land,208 Deer Run,Jackson,MS,39209,99000,,,Northhaven,,77536,,100,,25,Active,,,https://www.redfin.com/MS/Jackson/208-Deer-Run-39209/home/195493726,MLSU,4111067,N,Y,32.4332589,-90.2979878
MLS Listing,,Single Family Residential,1715 Dixie Dr,Jackson,MS,39209,89000,3,1.0,Farmington Heights,960,10454,1952,100,93,,Active,,,https://www.redfin.com/MS/Jackson/1715-Dixie-Dr-39209/home/117421111,MLSU,4109640,N,Y,32.3000406,-90.2569211
MLS Listing,,Condo/Co-op,420 Saint Andrews Dr Unit A2-4,Jackson,MS,39211,650000,3,3.0,Country Club Of Jackson,1879,,1974,101,346,588,Active,,,https://www.redfin.com/MS/Jackson/420-St-Andrews-Dr-39211/unit-A2-4/home/176894793,MLSU,4110946,N,Y,32.3989464,-90.0993213
MLS Listing,,Single Family Residential,260 Marla Ave,Jackson,MS,39204,8000,3,2.0,Alta Woods Park,2880,12632,1955,101,3,,Active,,,https://www.redfin.com/MS/Jackson/260-Marla-Ave-39204/home/117341163,MLSU,4110945,N,Y,32.2798816,-90.2178014
MLS Listing,,Single Family Residential,1789 Dorgan St,Jackson,MS,39204,39200,3,2.0,Woodglen,1435,13939,1960,101,27,,Active,,,https://www.redfin.com/MS/Jackson/1789-Dorgan-St-39204/home/117265417,MLSU,4110869,N,Y,32.2743634,-90.2530472
MLS Listing,,Single Family Residential,6 Pond Side Dr,Jackson,MS,39211,379000,4,3.0,Highland Meadows,3648,11325,1984,101,104,,Active,,,https://www.redfin.com/MS/Jackson/6-Pond-Side-Dr-39211/home/118091949,MLSU,4110852,N,Y,32.3520193,-90.1445526
MLS Listing,,Single Family Residential,210 Donald St,Jackson,MS,39216,190000,3,1.0,Industrial Heights,1214,43560,1946,102,157,,Active,,,https://www.redfin.com/MS/Jackson/210-Donald-St-39216/home/117563565,MLSU,4110840,N,Y,32.3410559,-90.1815201
MLS Listing,,Single Family Residential,2826 Donaldson Dr,Jackson,MS,39212,69500,4,2.0,Grand View Addition,1278,11761,1950,102,54,,Active,,,https://www.redfin.com/MS/Jackson/2826-Donaldson-Dr-39212/home/118061676,MLSU,4110832,N,Y,32.2667033,-90.2163199
MLS Listing,,Single Family Residential,1414 Cherrie Ave,Jackson,MS,39212,29200,2,2.5,Lakeview Addition,929,16988,1979,102,31,,Active,,,https://www.redfin.com/MS/Jackson/1414-Cherrie-Ave-39212/home/117807484,MLSU,4110826,N,Y,32.2364871,-90.2843463
MLS Listing,,Single Family Residential,563 N Park Dr,Jackson,MS,39206,162000,4,2.0,North Meadows,1403,10890,1958,104,115,,Active,,,https://www.redfin.com/MS/Jackson/563-N-Park-Dr-39206/home/118086599,MLSU,4110686,N,Y,32.3640862,-90.18362
MLS Listing,,Single Family Residential,1740 Dixie Dr,Jackson,MS,39209,79000,4,2.0,Farmington Heights,1689,9583,1953,105,47,,Active,,,https://www.redfin.com/MS/Jackson/1740-Dixie-Dr-39209/home/117520909,MLSU,4110629,N,Y,32.2992699,-90.2564104
MLS Listing,,Single Family Residential,1830 Westover St,Jackson,MS,39209,69000,3,1.0,Farmington Heights,1101,10890,1950,105,63,,Active,,,https://www.redfin.com/MS/Jackson/1830-Westover-St-39209/home/117256835,MLSU,4110625,N,Y,32.2982637,-90.2585857
MLS Listing,,Single Family Residential,3561 Bowers St,Jackson,MS,39212,29900,2,1.0,Creston Hills,714,12196,1950,105,42,,Active,,,https://www.redfin.com/MS/Jackson/3561-Bowers-St-39212/home/117265020,MLSU,4110612,N,Y,32.247889,-90.2228357
MLS Listing,,Condo/Co-op,5155 Wayneland Dr Unit L4,Jackson,MS,39211,115000,3,2.5,Chateau Royal,1467,435,1970,105,78,346,Active,,,https://www.redfin.com/MS/Jackson/5155-Wayneland-Dr-39211/unit-L4/home/117198068,MLSU,4110596,N,Y,32.3694157,-90.1468217
MLS Listing,,Single Family Residential,1714 Hampton St,Jackson,MS,39209,79000,3,1.0,Farmington Heights,1229,12196,1958,105,64,,Active,,,https://www.redfin.com/MS/Jackson/1714-Hampton-St-39209/home/118282082,MLSU,4110532,N,Y,32.3001814,-90.2553436
MLS Listing,,Single Family Residential,1325 Fourth Ave,Jackson,MS,39209,75000,2,2.0,Metes And Bounds,1222,6098,1946,105,61,,Active,,,https://www.redfin.com/MS/Jackson/1325-Fourth-Ave-39203/home/117834492,MLSU,4110529,N,Y,32.3055121,-90.2065348
