SALE TYPE,SOLD DATE,PROPERTY TYPE,ADDRESS,CITY,STATE OR PROVINCE,ZIP OR POSTAL CODE,PRICE,BEDS,BATHS,LOCATION,SQUARE FEET,LOT SIZE,YEAR BUILT,DAYS ON MARKET,$/SQUARE FEET,HOA/MONTH,STATUS,NEXT OPEN HOUSE START TIME,NEXT OPEN HOUSE END TIME,URL (SEE https://www.redfin.com/buy-a-home/comparative-market-analysis FOR INFO ON PRICING),SOURCE,MLS#,FAVORITE,INTERESTED,LATITUDE,LONGITUDE
"In accordance with local MLS rules, some MLS listings are not included in the download"
MLS Listing,,Vacant Land,"Lot 1, Block 1 Greenbriar Rd",Billings,MT,59105,95000,,,LAKE HILLS SUB,,9600,,1,,,Active,,,https://www.redfin.com/MT/Billings/Lot-1-Block-1-Greenbriar-Rd-59105/home/194460627,BMTMLS,354579,N,Y,45.839258,-108.49865
MLS Listing,,Townhouse,1048 Picador Way,Billings,MT,59105,379900,3,3.5,Sterling Hills Townhomes,2224,,2007,1,171,275,Active,,,https://www.redfin.com/MT/Billings/1048-Picador-Way-59105/home/136303343,BMTMLS,354652,N,Y,45.8277893,-108.513212
MLS Listing,,Single Family Residential,112 Wyoming Ave Ave,Billings,MT,59101,439900,5,3.0,WEST SIDE ADD,3234,6500,1905,1,136,,Active,,,https://www.redfin.com/MT/Billings/112-Wyoming-Ave-59101/home/136184632,BMTMLS,354591,N,Y,45.7779322,-108.5184762
MLS Listing,,Vacant Land,TBD US Hghway 87 East,Billings,MT,59101,950000,,,Billings,,10672200,,1,,,Active,,,https://www.redfin.com/MT/Billings/TBD-U-S-Highway-87-E-59101/home/196776363,BMTMLS,354663,N,Y,45.744733,-108.378866
MLS Listing,,Townhouse,3254 Granger Ave Ave E Unit K1,Billings,MT,59102,220000,2,1.0,Timbers Townhomes,1268,,1982,1,174,200,Active,,,https://www.redfin.com/MT/Billings/3254-Granger-Ave-E-59102/unit-K1/home/136096025,BMTMLS,354589,N,Y,45.7578867,-108.5987965
MLS Listing,,Single Family Residential,8 Stanford Court Ct,Billings,MT,59102,719900,4,3.0,STANFORD COURT CONDO,4171,11391,1994,1,173,100,Active,,,https://www.redfin.com/MT/Billings/8-Stanford-Ct-59102/home/172981846,BMTMLS,354541,N,Y,45.7962101,-108.560504
MLS Listing,,Single Family Residential,1220 Tappadero Trl,Billings,MT,59101,569900,3,3.5,Whispering Pines,4231,73181,2001,1,135,,Active,,,https://www.redfin.com/MT/Billings/1220-Tappadero-Trl-59101/home/136553368,BMTMLS,354592,N,Y,45.8208164,-108.3813096
MLS Listing,,Single Family Residential,5419 Field Stone Ave,Billings,MT,59106,449900,4,3.5,Cottonwood Grove,2021,7560,2006,1,223,,Active,,,https://www.redfin.com/MT/Billings/5419-Field-Stone-Ave-59106/home/136346473,BMTMLS,354614,N,Y,45.7887944,-108.6547194
MLS Listing,,Single Family Residential,3107 Boulder Ave,Billings,MT,59102,259000,4,1.5,WOLF SUBD,2470,20247,1972,1,105,,Active,,,https://www.redfin.com/MT/Billings/3107-Boulder-Ave-59102/home/136461915,BMTMLS,354582,N,Y,45.7924969,-108.5932618
MLS Listing,,Single Family Residential,5339 Mule Deer Court Ct,Billings,MT,59106,1275000,5,4.0,GREENSLEEVES ESTATES,5310,47219,2008,1,240,73,Active,,,https://www.redfin.com/MT/Billings/5339-Mule-Deer-Ct-59106/home/196757305,BMTMLS,354656,N,Y,45.738809,-108.6510651
MLS Listing,,Single Family Residential,2758 Doss Ln,Billings,MT,59105,850000,5,3.0,DOSS ESTATES SUB,3640,57891,2008,1,234,,Active,,,https://www.redfin.com/MT/Billings/2758-Doss-Ln-59105/home/136118082,BMTMLS,354613,N,Y,45.8574911,-108.4155233
MLS Listing,,Condo/Co-op,1265 Yellowstone Ave,Billings,MT,59102,206000,1,1.0,CRESTVIEW CONDO BENNETT SUBD,870,,1984,1,237,149,Active,August-3-2025 12:30 PM,August-3-2025 02:00 PM,https://www.redfin.com/MT/Billings/1265-Yellowstone-Ave-59102/home/136110215,BMTMLS,354565,N,Y,45.7791722,-108.5479565
MLS Listing,,Vacant Land,"Lot 6, Blk 5 Serenity Estates Sub",Billings,MT,59106,150000,,,Serenity Estates Sub,,46938,,1,,,Active,,,https://www.redfin.com/MT/Billings/Lot-6-Blk-5-Serenity-Estates-Sub-59106/home/196755057,BMTMLS,354650,N,Y,45.724049,-108.63845
MLS Listing,,Vacant Land,"Lot 2, Blk 5 Serenity Estates Sub",Billings,MT,59106,150000,,,Serenity Estates Sub,,42696,,1,,,Active,,,https://www.redfin.com/MT/Billings/Lot-2-Blk-5-Serenity-Estates-Sub-59106/home/196755055,BMTMLS,354646,N,Y,45.724049,-108.63845
MLS Listing,,Vacant Land,"Lot 5, Blk 5 Serenity Estates Sub",Billings,MT,59106,165000,,,Serenity Estates Sub,,69657,,1,,,Active,,,https://www.redfin.com/MT/Billings/Lot-5-Blk-5-Serenity-Estates-Sub-59106/home/196755054,BMTMLS,354649,N,Y,45.724049,-108.63845
MLS Listing,,Vacant Land,"Lot 8, Blk 5 Serenity Estates Sub",Billings,MT,59106,150000,,,Serenity Estates Sub,,51329,,1,,,Active,,,https://www.redfin.com/MT/Billings/Lot-8-Blk-5-Serenity-Estates-Sub-59106/home/196755053,BMTMLS,354653,N,Y,45.724049,-108.63845
MLS Listing,,Vacant Land,"Lot 4, Blk 5 Serenity Estates Sub",Billings,MT,59106,150000,,,Serenity Estates Sub,,53337,,1,,,Active,,,https://www.redfin.com/MT/Billings/Lot-4-Blk-5-Serenity-Estates-Sub-59106/home/196755052,BMTMLS,354648,N,Y,45.724049,-108.63845
MLS Listing,,Vacant Land,"Lot 7, Blk 5 Serenity Estates Sub",Billings,MT,59106,140000,,,Serenity Estates Sub,,29167,,1,,,Active,,,https://www.redfin.com/MT/Billings/Lot-7-Blk-5-Serenity-Estates-Sub-59106/home/196755051,BMTMLS,354651,N,Y,45.724049,-108.63845
MLS Listing,,Vacant Land,"Lot 9, Blk 5 Serenity Estates Sub",Billings,MT,59106,145000,,,Serenity Estates Sub,,43817,,1,,,Active,,,https://www.redfin.com/MT/Billings/Lot-9-Blk-5-Serenity-Estates-Sub-59106/home/196755050,BMTMLS,354654,N,Y,45.724049,-108.63845
MLS Listing,,Vacant Land,"Lot 3, Blk 5 Serenity Estates Sub",Billings,MT,59106,160000,,,Serenity Estates Sub,,66698,,1,,,Active,,,https://www.redfin.com/MT/Billings/Lot-3-Blk-5-Serenity-Estates-Sub-59106/home/196755049,BMTMLS,354647,N,Y,45.724049,-108.63845
MLS Listing,,Vacant Land,"Lot 23, Blk 4 Serenity Estates Sub",Billings,MT,59106,130000,,,Serenity Estates Sub,,28941,,1,,,Active,,,https://www.redfin.com/MT/Billings/Lot-23-Blk-4-Serenity-Estates-Sub-59106/home/196754939,BMTMLS,354643,N,Y,45.724049,-108.63845
MLS Listing,,Vacant Land,"Lot 20, Blk 4 Serenity Estates Sub",Billings,MT,59106,130000,,,Serenity Estates Sub,,28941,,1,,,Active,,,https://www.redfin.com/MT/Billings/Lot-20-Blk-4-Serenity-Estates-Sub-59106/home/196754938,BMTMLS,354639,N,Y,45.724049,-108.63845
MLS Listing,,Vacant Land,"Lot 24, Blk 4 Serenity Estates Sub",Billings,MT,59106,135000,,,Serenity Estates Sub,,29610,,1,,,Active,,,https://www.redfin.com/MT/Billings/Lot-24-Blk-4-Serenity-Estates-Sub-59106/home/196754937,BMTMLS,354644,N,Y,45.724049,-108.63845
MLS Listing,,Vacant Land,"Lot 19, Blk 4 Serenity Estates Sub",Billings,MT,59106,130000,,,Serenity Estates Sub,,28941,,1,,,Active,,,https://www.redfin.com/MT/Billings/Lot-19-Blk-4-Serenity-Estates-Sub-59106/home/196754936,BMTMLS,354638,N,Y,45.724049,-108.63845
MLS Listing,,Vacant Land,"Lot 1, Blk 5 Serenity Estates Sub",Billings,MT,59106,150000,,,Serenity Estates Sub,,54660,,1,,,Active,,,https://www.redfin.com/MT/Billings/Lot-1-Blk-5-Serenity-Estates-Sub-59106/home/196754935,BMTMLS,354645,N,Y,45.724049,-108.63845
MLS Listing,,Vacant Land,"Lot 21, Blk 4 Serenity Estates Sub",Billings,MT,59106,130000,,,Serenity Estates Sub,,28941,,1,,,Active,,,https://www.redfin.com/MT/Billings/Lot-21-Blk-4-Serenity-Estates-Sub-59106/home/196754934,BMTMLS,354641,N,Y,45.724049,-108.63845
MLS Listing,,Vacant Land,"Lot 22, Blk 4 Serenity Estates Sub",Billings,MT,59106,130000,,,Serenity Estates Sub,,28941,,1,,,Active,,,https://www.redfin.com/MT/Billings/Lot-22-Blk-4-Serenity-Estates-Sub-59106/home/196754933,BMTMLS,354642,N,Y,45.724049,-108.63845
MLS Listing,,Vacant Land,"Lot 14, Blk 4 Serenity Estates Sub",Billings,MT,59106,130000,,,Serenity Estates Sub,,28941,,1,,,Active,,,https://www.redfin.com/MT/Billings/Lot-14-Blk-4-Serenity-Estates-Sub-59106/home/196753976,BMTMLS,354633,N,Y,45.724049,-108.63845
MLS Listing,,Vacant Land,"Lot 11, Blk 4 Serenity Estates Sub",Billings,MT,59106,140000,,,Serenity Estates Sub,,40202,,1,,,Active,,,https://www.redfin.com/MT/Billings/Lot-11-Blk-4-Serenity-Estates-Sub-59106/home/196753973,BMTMLS,354630,N,Y,45.724049,-108.63845
MLS Listing,,Vacant Land,"Lot 12, Blk 4 Serenity Estates Sub",Billings,MT,59106,160000,,,Serenity Estates Sub,,49556,,1,,,Active,,,https://www.redfin.com/MT/Billings/Lot-12-Blk-4-Serenity-Estates-Sub-59106/home/196753965,BMTMLS,354631,N,Y,45.724049,-108.63845
MLS Listing,,Vacant Land,"Lot 15, Blk 4 Serenity Estates Sub",Billings,MT,59106,130000,,,Serenity Estates Sub,,28941,,1,,,Active,,,https://www.redfin.com/MT/Billings/Lot-15-Blk-4-Serenity-Estates-Sub-59106/home/196753962,BMTMLS,354634,N,Y,45.724049,-108.63845
MLS Listing,,Vacant Land,"Lot 17, Blk 4 Serenity Estates Sub",Billings,MT,59106,130000,,,Serenity Estates Sub,,28941,,1,,,Active,,,https://www.redfin.com/MT/Billings/Lot-17-Blk-4-Serenity-Estates-Sub-59106/home/196753961,BMTMLS,354636,N,Y,45.724049,-108.63845
MLS Listing,,Vacant Land,"Lot 16, Blk 4 Serenity Estates Sub",Billings,MT,59106,130000,,,Serenity Estates Sub,,28941,,1,,,Active,,,https://www.redfin.com/MT/Billings/Lot-16-Blk-4-Serenity-Estates-Sub-59106/home/196753958,BMTMLS,354635,N,Y,45.724049,-108.63845
MLS Listing,,Vacant Land,"Lot 13, Blk 4 Serenity Estates Sub",Billings,MT,59106,140000,,,Serenity Estates Sub,,35907,,1,,,Active,,,https://www.redfin.com/MT/Billings/Lot-13-Blk-4-Serenity-Estates-Sub-59106/home/196753954,BMTMLS,354632,N,Y,45.724049,-108.63845
MLS Listing,,Vacant Land,"Lot 18, Blk 4 Serenity Estates Sub",Billings,MT,59106,130000,,,Serenity Estates Sub,,28941,,1,,,Active,,,https://www.redfin.com/MT/Billings/Lot-18-Blk-4-Serenity-Estates-Sub-59106/home/196753953,BMTMLS,354637,N,Y,45.724049,-108.63845
MLS Listing,,Vacant Land,"Lot 5, Blk 4 Serenity Estates Sub",Billings,MT,59106,140000,,,Serenity Estates Sub,,40202,,1,,,Active,,,https://www.redfin.com/MT/Billings/Lot-5-Blk-4-Serenity-Estates-Sub-59106/home/196753534,BMTMLS,354622,N,Y,45.724049,-108.63845
MLS Listing,,Vacant Land,"Lot 9, Blk 4 Serenity Estates Sub",Billings,MT,59106,140000,,,Serenity Estates Sub,,40202,,1,,,Active,,,https://www.redfin.com/MT/Billings/Lot-9-Blk-4-Serenity-Estates-Sub-59106/home/196753533,BMTMLS,354628,N,Y,45.724049,-108.63845
MLS Listing,,Vacant Land,"Lot 8, Blk 4 Serenity Estates Sub",Billings,MT,59106,140000,,,Serenity Estates Sub,,40202,,1,,,Active,,,https://www.redfin.com/MT/Billings/Lot-8-Blk-4-Serenity-Estates-Sub-59106/home/196753532,BMTMLS,354627,N,Y,45.724049,-108.63845
MLS Listing,,Vacant Land,"Lot 10, Blk 4 Serenity Estates Sub",Billings,MT,59106,140000,,,Serenity Estates Sub,,40202,,1,,,Active,,,https://www.redfin.com/MT/Billings/Lot-10-Blk-4-Serenity-Estates-Sub-59106/home/196753531,BMTMLS,354629,N,Y,45.724049,-108.63845
MLS Listing,,Vacant Land,"Lot 7, Blk 4 Serenity Estates Sub",Billings,MT,59106,140000,,,Serenity Estates Sub,,40202,,1,,,Active,,,https://www.redfin.com/MT/Billings/Lot-7-Blk-4-Serenity-Estates-Sub-59106/home/196753530,BMTMLS,354625,N,Y,45.724049,-108.63845
MLS Listing,,Vacant Land,"Lot 6, Blk 4 Serenity Estates Sub",Billings,MT,59106,140000,,,Serenity Estates Sub,,40202,,1,,,Active,,,https://www.redfin.com/MT/Billings/Lot-6-Blk-4-Serenity-Estates-Sub-59106/home/196753529,BMTMLS,354623,N,Y,45.724049,-108.63845
MLS Listing,,Vacant Land,"Lot 2, Blk 4 Serenity Estates Sub",Billings,MT,59106,140000,,,Serenity Estates Sub,,40202,,1,,,Active,,,https://www.redfin.com/MT/Billings/Lot-2-Blk-4-Serenity-Estates-Sub-59106/home/196752938,BMTMLS,354619,N,Y,45.724049,-108.63845
MLS Listing,,Vacant Land,"Lot 3, Blk 4 Serenity Estates Sub",Billings,MT,59106,140000,,,Serenity Estates Sub,,40202,,1,,,Active,,,https://www.redfin.com/MT/Billings/Lot-3-Blk-4-Serenity-Estates-Sub-59106/home/196752937,BMTMLS,354620,N,Y,45.724049,-108.63845
MLS Listing,,Vacant Land,"Lot 1, Blk 4 Serenity Estates Sub",Billings,MT,59106,150000,,,Serenity Estates Sub,,41296,,1,,,Active,,,https://www.redfin.com/MT/Billings/Lot-1-Blk-4-Serenity-Estates-Sub-59106/home/196752936,BMTMLS,354618,N,Y,45.724049,-108.63845
MLS Listing,,Vacant Land,"Lot 4, Blk 4 Serenity Estates Sub",Billings,MT,59106,140000,,,Serenity Estates Sub,,40202,,1,,,Active,,,https://www.redfin.com/MT/Billings/Lot-4-Blk-4-Serenity-Estates-Sub-59106/home/196752935,BMTMLS,354621,N,Y,45.724049,-108.63845
MLS Listing,,Vacant Land,"Lot 2, Blk 3 Serenity Estates Sub",Billings,MT,59106,349900,,,Serenity Estates Sub,,614632,,1,,,Active,,,https://www.redfin.com/MT/Billings/Lot-2-Blk-3-Serenity-Estates-Sub-59106/home/196751507,BMTMLS,354611,N,Y,45.723262,-108.64301
MLS Listing,,Vacant Land,"Lot 5, Blk 3 Serenity Estates Sub",Billings,MT,59106,145000,,,Serenity Estates Sub,,65328,,1,,,Active,,,https://www.redfin.com/MT/Billings/Lot-5-Blk-3-Serenity-Estates-Sub-59106/home/196751502,BMTMLS,354612,N,Y,45.724049,-108.63845
MLS Listing,,Vacant Land,"Lot 8, Blk 2 Serenity Estates Sub",Billings,MT,59106,150000,,,Serenity Estates Sub,,47659,,1,,,Active,,,https://www.redfin.com/MT/Billings/Lot-8-Blk-2-Serenity-Estates-Sub-59106/home/196751320,BMTMLS,354609,N,Y,45.724049,-108.63845
MLS Listing,,Vacant Land,"Lot 6, Blk 2 Serenity Estates Sub",Billings,MT,59106,140000,,,Serenity Estates Sub,,44584,,1,,,Active,,,https://www.redfin.com/MT/Billings/Lot-6-Blk-2-Serenity-Estates-Sub-59106/home/196751319,BMTMLS,354607,N,Y,45.724049,-108.63845
MLS Listing,,Vacant Land,"Lot 7, Blk 2 Serenity Estates Sub",Billings,MT,59106,140000,,,Serenity Estates Sub,,44516,,1,,,Active,,,https://www.redfin.com/MT/Billings/Lot-7-Blk-2-Serenity-Estates-Sub-59106/home/196751318,BMTMLS,354608,N,Y,45.724049,-108.63845
MLS Listing,,Single Family Residential,1524 Westchester SQ E Apt 3 Sq,Billings,MT,59105,230000,2,1.0,COVENTRY CONDOS,1133,,1983,1,203,225,Active,August-3-2025 12:30 PM,August-3-2025 02:00 PM,https://www.redfin.com/MT/Billings/1524-Westchester-Sq-E-59105/unit-3/home/136357822,BMTMLS,354585,N,Y,45.8253993,-108.4911131
MLS Listing,,Vacant Land,"Lot 1, Blk 3 Serenity Estates Sub",Billings,MT,59106,165000,,,Serenity Estates Sub,,68389,,1,,,Active,,,https://www.redfin.com/MT/Billings/Lot-1-Blk-3-Serenity-Estates-Sub-59106/home/196751317,BMTMLS,354610,N,Y,45.724049,-108.63845
MLS Listing,,Vacant Land,"Lot 5, Blk 2 Serenity Estates Sub",Billings,MT,59106,140000,,,Serenity Estates Sub,,44653,,1,,,Active,,,https://www.redfin.com/MT/Billings/Lot-5-Blk-2-Serenity-Estates-Sub-59106/home/196751315,BMTMLS,354606,N,Y,45.724049,-108.63845
MLS Listing,,Vacant Land,"Lot 4, Blk 2 Serenity Estates Sub",Billings,MT,59106,140000,,,Serenity Estates Sub,,44721,,1,,,Active,,,https://www.redfin.com/MT/Billings/Lot-4-Blk-2-Serenity-Estates-Sub-59106/home/196751173,BMTMLS,354605,N,Y,45.724049,-108.63845
MLS Listing,,Vacant Land,"Lot 1, Blk 2 Serenity Estates Sub",Billings,MT,59106,100000,,,Serenity Estates Sub,,35286,,1,,,Active,,,https://www.redfin.com/MT/Billings/Lot-1-Blk-2-Serenity-Estates-Sub-59106/home/196751170,BMTMLS,354602,N,Y,45.724049,-108.63845
MLS Listing,,Vacant Land,"Lot 3, Blk 2 Serenity Estates Sub",Billings,MT,59106,140000,,,Serenity Estates Sub,,44789,,1,,,Active,,,https://www.redfin.com/MT/Billings/Lot-3-Blk-2-Serenity-Estates-Sub-59106/home/196751168,BMTMLS,354604,N,Y,45.724049,-108.63845
MLS Listing,,Vacant Land,"Lot 2, Blk 2 Serenity Estates Sub",Billings,MT,59106,145000,,,Serenity Estates Sub,,54506,,1,,,Active,,,https://www.redfin.com/MT/Billings/Lot-2-Blk-2-Serenity-Estates-Sub-59106/home/196751167,BMTMLS,354603,N,Y,45.724049,-108.63845
MLS Listing,,Single Family Residential,440 Clark Ave Ave,Billings,MT,59101,310000,2,2.0,SUBURBAN HOMES ADD,2216,7000,1920,1,140,,Active,,,https://www.redfin.com/MT/Billings/440-Clark-Ave-59101/home/136046759,BMTMLS,354586,N,Y,45.7798616,-108.5275559
MLS Listing,,Single Family Residential,2498 Stephanie Pl,Billings,MT,59102,405000,4,2.5,Gamble,2136,9608,1976,1,190,,Active,August-2-2025 10:00 AM,August-2-2025 12:00 PM,https://www.redfin.com/MT/Billings/2498-Stephanie-Pl-59102/home/136088783,BMTMLS,354578,N,Y,45.794705,-108.5949078
MLS Listing,,Townhouse,4711 Talking Tree Drive Dr,Billings,MT,59106,399900,3,2.0,TRAILRIDGE TOWNHOMES,1712,2212,2024,1,234,175,Active,,,https://www.redfin.com/MT/Billings/4711-Talking-Tree-Drive-DR-59106/home/191440886,BMTMLS,354544,N,Y,45.757507,-108.636148
MLS Listing,,Townhouse,1650 Inverness Dr #9,Billings,MT,59105,334900,3,3.0,PINEHURST,2363,,2007,1,142,250,Active,,,https://www.redfin.com/MT/Billings/1650-Inverness-Dr-59105/unit-9/home/136469996,BMTMLS,354572,N,Y,45.8287746,-108.5042947
MLS Listing,,Townhouse,5325 Frontier Dr #2,Billings,MT,59101,265000,2,1.0,River Point Cottages II 11,952,871,2011,1,278,180,Active,,,https://www.redfin.com/MT/Billings/5325-Frontier-Dr-59101/unit-2/home/136234667,BMTMLS,354555,N,Y,45.744261,-108.5499491
MLS Listing,,Single Family Residential,5208 Amherst Dr,Billings,MT,59106,530000,3,2.0,MONT VISTA SUB 1ST FILING (15),1738,7480,2017,1,305,13,Active,August-3-2025 12:00 PM,August-3-2025 02:00 PM,https://www.redfin.com/MT/Billings/5208-Amherst-Dr-59106/home/147865343,BMTMLS,354563,N,Y,45.7952398,-108.6488597
MLS Listing,,Single Family Residential,5522 Billy Casper Drive Dr,Billings,MT,59106,595000,4,3.0,YELLOWSTONE CLUB ESTATES 6TH,3596,16734,1978,1,165,,Active,August-3-2025 02:00 PM,August-3-2025 04:00 PM,https://www.redfin.com/MT/Billings/5522-Billy-Casper-Dr-59106/home/136451491,BMTMLS,354567,N,Y,45.8083812,-108.655616
MLS Listing,,Single Family Residential,2133 Skyview Dr Dr,Billings,MT,59105,372900,3,2.0,Lake Hills Subdivision,1578,13195,1977,1,236,,Active,,,https://www.redfin.com/MT/Billings/2133-Skyview-Dr-59105/home/136380091,BMTMLS,354507,N,Y,45.8372128,-108.4883912
MLS Listing,,Mobile/Manufactured Home,12 Golden Butte Dr,Billings,MT,59102,149000,5,2.0,Casa Villiage,1680,,1972,2,89,558,Active,,,https://www.redfin.com/MT/Billings/12-Golden-Butte-Dr-59102/home/196728769,BMTMLS,354584,N,Y,45.7605878,-108.5823366
MLS Listing,,Single Family Residential,3107 Poly Dr,Billings,MT,59102,332000,5,2.0,Olson Subdivision,2094,7434,1954,2,159,,Active,,,https://www.redfin.com/MT/Billings/3107-Poly-Dr-59102/home/136333315,BMTMLS,354553,N,Y,45.7952217,-108.5939353
MLS Listing,,Vacant Land,1226 Buffalo Crossing Dr,Billings,MT,59106,440000,,,Buffalo Crossing Subd,,39735,,2,,,Active,,,https://www.redfin.com/MT/Billings/1226-Buffalo-Crossing-DR-59106/home/196698567,BMTMLS,354560,N,Y,45.806301,-108.683387
MLS Listing,,Single Family Residential,1409 Colton Blvd,Billings,MT,59102,429900,5,2.0,Carlson,2408,7200,1956,2,179,,Active,August-1-2025 04:00 PM,August-1-2025 06:00 PM,https://www.redfin.com/MT/Billings/1409-Colton-Blvd-59102/home/136144833,BMTMLS,354558,N,Y,45.7915428,-108.5519244
MLS Listing,,Single Family Residential,3005 Edmond St,Billings,MT,59102,457000,5,4.0,DURLAND HEIGHTS SUBD,2504,17058,1969,2,183,,Active,,,https://www.redfin.com/MT/Billings/3005-Edmond-St-59102/home/136408813,BMTMLS,354525,N,Y,45.7996106,-108.6000227
MLS Listing,,Single Family Residential,3450 Masterson Circle Cir,Billings,MT,59106,950000,4,5.0,Sand Cliff,4452,33977,2007,2,213,,Active,,,https://www.redfin.com/MT/Billings/3450-Masterson-Cir-59106/home/136290824,BMTMLS,354542,N,Y,45.8031422,-108.5762908
MLS Listing,,Single Family Residential,662 Aries Ave,Billings,MT,59105,387500,4,1.5,Galaxy Subd,1848,9896,1987,2,210,,Active,,,https://www.redfin.com/MT/Billings/662-Aries-Ave-59105/home/182556557,BMTMLS,354552,N,Y,45.8164418,-108.5035348
MLS Listing,,Single Family Residential,214 S 32nd St,Billings,MT,59101,150000,2,2.0,YEGEN'S ADDITION,612,3500,1914,3,245,,Active,,,https://www.redfin.com/MT/Billings/214-S-32nd-St-59101/home/136548079,BMTMLS,354530,N,Y,45.7757587,-108.5071494
MLS Listing,,Single Family Residential,626 Wyoming Ave,Billings,MT,59101,449000,5,2.0,SUBURBAN HOMES,2196,6500,1940,3,204,,Active,,,https://www.redfin.com/MT/Billings/626-Wyoming-Ave-59101/home/136029847,BMTMLS,354521,N,Y,45.7778601,-108.531926
MLS Listing,,Single Family Residential,4526 Phillip Street St,Billings,MT,59101,310000,4,2.0,Southwest Billings,1968,6534,1959,3,158,,Active,,,https://www.redfin.com/MT/Billings/4526-Phillip-St-59101/home/136068249,BMTMLS,354536,N,Y,45.7583361,-108.5293074
MLS Listing,,Townhouse,1225 Clark Ave,Billings,MT,59102,365000,4,2.5,Rustler Condo,2348,,1985,3,155,,Active,August-2-2025 12:00 PM,August-2-2025 02:00 PM,https://www.redfin.com/MT/Billings/1225-Clark-Ave-59102/home/136808459,BMTMLS,354519,N,Y,45.7798247,-108.5478729
MLS Listing,,Mobile/Manufactured Home,7 W Meadows Dr,Billings,MT,59102,45000,3,1.0,Golden Meadows,924,,1983,3,49,850,Active,,,https://www.redfin.com/MT/Billings/7-W-Meadow-Dr-59102/home/196686175,BMTMLS,354534,N,Y,45.7548052,-108.5981032
MLS Listing,,Single Family Residential,150 Sunlight Cir,Billings,MT,59101,449900,3,3.0,Emerald Eagle Estates,2562,20038,2023,3,176,,Active,,,https://www.redfin.com/MT/Billings/150-Sunlight-Cir-59101/home/165767254,BMTMLS,354543,N,Y,45.8080027,-108.3883164
MLS Listing,,Single Family Residential,1876 St. Paul Lane Ln,Billings,MT,59101,450000,3,2.5,Annafeld,1928,4600,2022,3,233,40,Active,August-3-2025 01:00 PM,August-3-2025 03:00 PM,https://www.redfin.com/MT/Billings/1876-St-Paul-Ln-59101/home/183189325,BMTMLS,354526,N,Y,45.7344839,-108.5714734
MLS Listing,,Single Family Residential,417 Hansen Ln,Billings,MT,59105,449900,3,1.0,Hansen Subd,1792,6500,1912,3,251,,Active,,,https://www.redfin.com/MT/Billings/417-Hansen-Ln-59105/home/136331774,BMTMLS,354538,N,Y,45.8121215,-108.4752034
MLS Listing,,Townhouse,4706 Sky Vista Ct,Billings,MT,59106,695000,4,2.5,Sky Vista,2423,3049,2023,3,287,225,Active,August-3-2025 11:00 AM,August-3-2025 01:00 PM,https://www.redfin.com/MT/Billings/4706-Sky-Vista-Ct-59106/home/182555238,BMTMLS,354528,N,Y,45.7958553,-108.6350945
MLS Listing,,Vacant Land,Lot 48 Block 2 Cody Boy St,Billings,MT,59106,118000,,,Mackenzie Meadows,,23025,,3,,,Active,,,https://www.redfin.com/MT/Billings/Lot-48-Block-2-Cody-Boy-ST-59106/home/196683868,BMTMLS,354540,N,Y,45.719217,-108.652016
MLS Listing,,Vacant Land,Lot 3 Block 2 Abby Rd,Billings,MT,59106,93000,,,Mackenzie Meadows,,20850,,3,,,Active,,,https://www.redfin.com/MT/Billings/Lot-3-Block-2-Abby-Rd-59106/home/196683752,BMTMLS,354537,N,Y,45.724312,-108.648067
MLS Listing,,Vacant Land,Lot 45 Block 2 Cody Boy St,Billings,MT,59106,118000,,,Mackenzie Meadows,,22963,,3,,,Active,,,https://www.redfin.com/MT/Billings/Lot-45-Block-2-Cody-Boy-ST-59106/home/196683751,BMTMLS,354539,N,Y,45.719229,-108.650661
MLS Listing,,Vacant Land,Lot 3 Block 5 Abby Rd,Billings,MT,59106,102000,,,Mackenzie Meadows,,23368,,3,,,Active,,,https://www.redfin.com/MT/Billings/Lot-3-Block-5-Abby-Rd-59106/home/196683367,BMTMLS,354535,N,Y,45.720193,-108.651071
MLS Listing,,Townhouse,218 Reda Ln #4,Billings,MT,59105,310000,3,2.5,COS,1496,,2025,4,207,,Active,,,https://www.redfin.com/MT/Billings/218-Reda-Ln-59105/unit-4/home/196668737,BMTMLS,354320,N,Y,45.8200009,-108.4808934
MLS Listing,,Vacant Land,4315 Bennett Ave Ave,Billings,MT,59105,168000,,,Bennett Acreage Tracts,,204296,,4,,,Active,,,https://www.redfin.com/MT/Billings/4315-Bennett-Ave-59105/home/165840938,BMTMLS,354524,N,Y,45.883052,-108.375762
MLS Listing,,Multi-Family (2-4 Unit),6120 Northstead Ave,Billings,MT,59101,535662,4,4.0,ANNAFELD NORTH SUB 1ST FIL (22,2140,2483,2025,4,250,,Active,,,https://www.redfin.com/MT/Billings/6120-Northstead-Ave-59101/home/196660484,BMTMLS,354523,N,Y,45.7413022,-108.5699989
MLS Listing,,Single Family Residential,6235 Western Bluffs Blvd,Billings,MT,59106,560000,5,3.0,Falcon Ridge,3493,11130,2013,4,160,7,Active,,,https://www.redfin.com/MT/Billings/6235-Western-Bluffs-Blvd-59106/home/136297602,BMTMLS,354518,N,Y,45.8057849,-108.6755847
MLS Listing,,Single Family Residential,1605 Forest Park Drive Dr,Billings,MT,59102,900000,4,3.5,FOREST PARK SUBD 5TH FILING,5338,15521,2001,4,169,24,Active,August-3-2025 12:00 PM,August-3-2025 03:00 PM,https://www.redfin.com/MT/Billings/1605-Forest-Park-Dr-59102/home/136291551,BMTMLS,354465,N,Y,45.786975,-108.5827592
MLS Listing,,Single Family Residential,2425 Westfield Drive Dr,Billings,MT,59106,887500,4,3.0,Rush-6th Filings,4802,15028,2005,5,185,,Active,,,https://www.redfin.com/MT/Billings/2425-Westfield-Dr-59106/home/136464881,BMTMLS,354505,N,Y,45.7941799,-108.6217089
MLS Listing,,Mobile/Manufactured Home,2224 US Highway 87 E #57,Billings,MT,59101,49000,3,1.0,Hillside Mobile Home Park,1216,,1979,6,40,650,Active,,,https://www.redfin.com/MT/Billings/2224-U-S-Highway-87-E-59101/unit-57/home/194347428,BMTMLS,354460,N,Y,45.7952357,-108.4281757
MLS Listing,,Single Family Residential,138 Avenue B,Billings,MT,59101,360000,3,2.0,North Elevation,2064,7000,1920,6,174,,Active,,,https://www.redfin.com/MT/Billings/138-Avenue-B-59101/home/136423109,BMTMLS,354499,N,Y,45.7848444,-108.5198612
MLS Listing,,Mobile/Manufactured Home,3520 Cherylon St,Billings,MT,59105,339900,3,2.0,Reinke,1140,47829,2024,6,298,,Active,,,https://www.redfin.com/MT/Billings/3520-Cherylon-St-59105/home/165752899,BMTMLS,354498,N,Y,45.8624523,-108.4500019
MLS Listing,,Single Family Residential,569 Sahara Drive Dr,Billings,MT,59105,399900,4,3.0,Sahara Sands,2952,10010,1977,7,135,,Active,,,https://www.redfin.com/MT/Billings/569-Sahara-Dr-59105/home/136191988,BMTMLS,354495,N,Y,45.8128311,-108.501079
MLS Listing,,Single Family Residential,3136 Amelia Cir,Billings,MT,59106,475828,5,3.0,Copper Ridge,2698,12632,2012,7,176,,Active,,,https://www.redfin.com/MT/Billings/3136-Amelia-Cir-59106/home/136294670,BMTMLS,354482,N,Y,45.8040815,-108.6853615
MLS Listing,,Single Family Residential,7126 Skycrest Dr,Billings,MT,59106,679900,5,3.0,Skycrest Estates,2992,27138,2021,7,227,32,Active,,,https://www.redfin.com/MT/Billings/7126-Skycrest-Dr-59106/home/169050633,BMTMLS,354491,N,Y,45.7495985,-108.6976942
MLS Listing,,Single Family Residential,4212 Autumn Ln,Billings,MT,59106,529900,5,2.5,ESTHER ROSE SUBD 7TH FILING,2386,30840,1977,7,222,,Active,,,https://www.redfin.com/MT/Billings/4212-Autumn-Ln-59106/home/136379062,BMTMLS,354477,N,Y,45.7286567,-108.6220313
MLS Listing,,Mobile/Manufactured Home,8 Lapin St,Billings,MT,59105,75000,3,2.0,Cherry Creek,924,,2009,7,81,850,Active,August-2-2025 11:30 AM,August-2-2025 01:00 PM,https://www.redfin.com/MT/Billings/8-Lapin-St-59105/home/196616607,BMTMLS,354489,N,Y,45.8225914,-108.4406314
MLS Listing,,Single Family Residential,607 26th St St W,Billings,MT,59102,399900,3,2.0,DESCRO SUBD,1948,6600,1956,7,205,,Active,,,https://www.redfin.com/MT/Billings/607-26th-St-W-59102/home/136034901,BMTMLS,354416,N,Y,45.7763879,-108.5812966
MLS Listing,,Mobile/Manufactured Home,1029 Krumheuer Dr Dr,Billings,MT,59101,525000,3,2.0,Billings,1248,1157825,1985,7,421,,Active,,,https://www.redfin.com/MT/Billings/1029-Krumheuer-Dr-59101/home/136501334,BMTMLS,354412,N,Y,45.8154298,-108.387717
MLS Listing,,Mobile/Manufactured Home,855 Joyce Cir Cir,Billings,MT,59105,240000,3,2.0,Two Moon Subdivision,1216,7139,2021,7,197,8,Active,,,https://www.redfin.com/MT/Billings/855-Joyce-Cir-59105/home/136570775,BMTMLS,354383,N,Y,45.8106476,-108.4638546
MLS Listing,,Single Family Residential,1409 Twin Oaks Drive Dr,Billings,MT,59105,359900,3,2.0,Twin Oaks Sub,1349,6855,2009,7,267,,Active,August-3-2025 12:00 PM,August-3-2025 02:00 PM,https://www.redfin.com/MT/Billings/1409-Twin-Oaks-Dr-59105/home/136172743,BMTMLS,354478,N,Y,45.8243153,-108.4827356
MLS Listing,,Single Family Residential,1788 Chandelier Circle Cir,Billings,MT,59106,660000,4,3.5,Shiloh Point,2753,10743,2002,7,240,,Active,August-3-2025 01:00 PM,August-3-2025 03:00 PM,https://www.redfin.com/MT/Billings/1788-Chandelier-Cir-59106/home/136535743,BMTMLS,354468,N,Y,45.7896092,-108.6212426
MLS Listing,,Single Family Residential,3920 2nd St South Ave,Billings,MT,59101,298000,3,1.0,Highland Addition,1874,7000,1911,7,159,,Active,,,https://www.redfin.com/MT/Billings/3920-2nd-Ave-S-59101/home/136248411,BMTMLS,354475,N,Y,45.7715724,-108.5166388
MLS Listing,,Multi-Family (2-4 Unit),6146-6148 Northstead Ave,Billings,MT,59101,610000,5,6.0,ANNAFELD NORTH SUB 1ST FIL (22,2578,4225,2025,7,237,,Active,,,https://www.redfin.com/MT/Billings/6146-Northstead-Ave-59101/home/196611808,BMTMLS,354453,N,Y,45.7413,-108.5702521
MLS Listing,,Single Family Residential,126 Ardmore Dr,Billings,MT,59102,340000,3,1.0,Central Heights,2304,8732,1957,7,148,,Active,,,https://www.redfin.com/MT/Billings/126-Ardmore-Dr-59102/home/136552272,BMTMLS,354336,N,Y,45.7671968,-108.5683872
MLS Listing,,Single Family Residential,2516 Aspen Creek Trl,Billings,MT,59106,699900,4,3.0,Silver Creek Estates,3068,10890,2021,7,228,27,Active,,,https://www.redfin.com/MT/Billings/2516-Aspen-Creek-Trl-59106/home/172981498,BMTMLS,354470,N,Y,45.7950426,-108.6394567
MLS Listing,,Single Family Residential,5042 Old Hardin Rd,Billings,MT,59101,359900,2,1.0,ECO BUILT SUB (18),772,29185,2017,7,466,,Active,,,https://www.redfin.com/MT/Billings/5042-Old-Hardin-Rd-59101/home/147866959,BMTMLS,354459,N,Y,45.8197791,-108.3518184
MLS Listing,,Single Family Residential,2607 Broadwater Ave,Billings,MT,59102,279000,4,2.5,Lillis,2016,9583,1958,8,138,,Active,,,https://www.redfin.com/MT/Billings/2607-Broadwater-Ave-59102/home/136089421,BMTMLS,354474,N,Y,45.777266,-108.5820032
MLS Listing,,Single Family Residential,443 Montecito Ave,Billings,MT,59105,499900,3,2.0,High Sierra,3072,10890,2025,8,163,10,Active,,,https://www.redfin.com/MT/Billings/443-Montecito-Ave-59105/home/182556072,BMTMLS,354472,N,Y,45.844945,-108.49737
MLS Listing,,Single Family Residential,1440 Granite Ave Ave,Billings,MT,59102,520000,4,2.0,Lee Heights,2776,10350,1955,8,187,,Active,,,https://www.redfin.com/MT/Billings/1440-Granite-Ave-59102/home/136442373,BMTMLS,354375,N,Y,45.8009348,-108.5532907
MLS Listing,,Single Family Residential,2911 Snowcrest Dr,Billings,MT,59102,675000,5,3.5,Castlewood Subd,3328,12280,1973,8,203,,Active,August-2-2025 12:00 PM,August-2-2025 03:00 PM,https://www.redfin.com/MT/Billings/2911-Snowcrest-Dr-59102/home/136077932,BMTMLS,354452,N,Y,45.798905,-108.6042835
MLS Listing,,Single Family Residential,3078 Colton Blvd,Billings,MT,59102,424900,2,2.0,Ridgebrook,2512,10474,1998,8,169,,Active,,,https://www.redfin.com/MT/Billings/3078-Colton-Blvd-59102/home/136005039,BMTMLS,354445,N,Y,45.7911517,-108.5923986
MLS Listing,,Single Family Residential,1224 Dublin St St,Billings,MT,59105,379900,4,3.0,PRIMROSE 2ND FILING,1740,10569,1974,8,218,,Active,,,https://www.redfin.com/MT/Billings/1224-Dublin-St-59105/home/136454859,BMTMLS,354457,N,Y,45.821359,-108.4542881
MLS Listing,,Single Family Residential,1428 Twin Oaks Dr Dr,Billings,MT,59105,350000,3,2.0,Twin Oaks,1349,6371,2010,8,259,,Active,,,https://www.redfin.com/MT/Billings/1428-Twin-Oaks-Dr-59105/home/136517531,BMTMLS,354414,N,Y,45.8252783,-108.4837694
MLS Listing,,Single Family Residential,1512 Mustang Valley Dr,Billings,MT,59105,469900,5,3.0,Bitterroot Heights Subd,2190,7000,2012,8,215,,Active,,,https://www.redfin.com/MT/Billings/1512-Mustang-Valley-Dr-59105/home/136478897,BMTMLS,354369,N,Y,45.8446563,-108.4477235
MLS Listing,,Mobile/Manufactured Home,10 Attika St N,Billings,MT,59105,159500,3,2.0,Cherry Creek,1848,,1999,8,86,850,Active,,,https://www.redfin.com/MT/Billings/10-Attika-St-N-59105/home/196571082,BMTMLS,354450,N,Y,45.8243005,-108.4424135
MLS Listing,,Single Family Residential,1114 4th Street St W,Billings,MT,59101,284900,2,1.0,SUBURBAN HOMES ADD,1554,2345,1930,9,183,,Active,,,https://www.redfin.com/MT/Billings/1114-4th-St-W-59101/home/136374590,BMTMLS,354415,N,Y,45.7816428,-108.5257103
MLS Listing,,Vacant Land,TBD Scheffler Way,Billings,MT,59106,149000,,,The Nines Sub (19),,24742,,9,,,Active,,,https://www.redfin.com/MT/Billings/TBD-Scheffler-WAY-59106/home/193848326,BMTMLS,354437,N,Y,45.806301,-108.683387
MLS Listing,,Condo/Co-op,703 N 29th ST #304 St,Billings,MT,59101,365000,2,2.0,Phoenix Condos,1204,,1985,9,303,406,Active,August-3-2025 02:30 PM,August-3-2025 04:30 PM,https://www.redfin.com/MT/Billings/703-N-29th-St-59101/home/136808801,BMTMLS,354403,N,Y,45.7870238,-108.5117315
MLS Listing,,Vacant Land,TBD Medinah Pl,Billings,MT,59106,139000,,,The Nines Sub (19),,28924,,9,,,Active,,,https://www.redfin.com/MT/Billings/TBD-Medinah-PL-59106/home/184160810,BMTMLS,354428,N,Y,45.806301,-108.683387
MLS Listing,,Single Family Residential,616 Lewis Ave Ave,Billings,MT,59101,379900,,2.0,Suburban Homes Add,,7000,1935,9,,,Active,,,https://www.redfin.com/MT/Billings/616-Lewis-Ave-59101/home/136559813,BMTMLS,354421,N,Y,45.7808302,-108.5313477
MLS Listing,,Vacant Land,TBD Bandon Dunes Pl,Billings,MT,59106,109000,,,The Nines Sub (19),,8930,,9,,,Active,,,https://www.redfin.com/MT/Billings/TBD-Bandon-Dunes-Way-59106/home/190628205,BMTMLS,354425,N,Y,45.74578,-108.675159
MLS Listing,,Townhouse,1222 Buffalo Crossing Dr. Dr,Billings,MT,59106,449900,4,2.5,Buffalo Crossing Sub,1946,8123,2025,9,231,160,Active,,,https://www.redfin.com/MT/Billings/1222-Buffalo-Crossing-Dr-DR-59106/home/195898938,BMTMLS,354373,N,Y,45.783254,-108.669131
MLS Listing,,Vacant Land,TBD Sawgrass Pl,Billings,MT,59106,99000,,,The Nines Sub (19),,8407,,9,,,Active,,,https://www.redfin.com/MT/Billings/TBD-Sawgrass-Pl-59106/home/196554524,BMTMLS,354422,N,Y,45.746395,-108.676459
MLS Listing,,Single Family Residential,8550 Sail Fish Drive Dr,Billings,MT,59106,699900,5,3.0,Tanglewood Lake Estates,3896,49353,2000,9,180,29,Active,August-3-2025 01:00 PM,August-3-2025 03:00 PM,https://www.redfin.com/MT/Billings/8550-Sail-Fish-Dr-59106/home/136290987,BMTMLS,354413,N,Y,45.7503735,-108.7351674
MLS Listing,,Townhouse,1220 Buffalo Crossing Dr. Dr,Billings,MT,59106,434900,4,2.5,Buffalo Crossing Sub.,1946,4947,2025,9,223,160,Active,August-3-2025 01:00 PM,August-3-2025 03:00 PM,https://www.redfin.com/MT/Billings/1220-Buffalo-Crossing-DR-59106/home/195070157,BMTMLS,354372,N,Y,45.783191,-108.668997
MLS Listing,,Single Family Residential,2745 Zimmerman Trail Trl,Billings,MT,59102,649500,5,3.5,Racquet Club Heights,4123,9801,1992,9,158,,Active,,,https://www.redfin.com/MT/Billings/2745-Zimmerman-Trl-59102/home/136211896,BMTMLS,354377,N,Y,45.7976285,-108.6013957
MLS Listing,,Single Family Residential,3100 S Daffodil Dr,Billings,MT,59102,475000,4,3.0,Aspen Grove 3rd Filing,3382,7200,1978,9,140,,Active,,,https://www.redfin.com/MT/Billings/3100-S-Daffodil-Dr-59102/home/136149605,BMTMLS,354409,N,Y,45.7719834,-108.5942523
MLS Listing,,Single Family Residential,1207 Benjamin Blvd Blvd,Billings,MT,59105,465000,5,3.0,High Sierra,2698,9244,2013,10,172,,Active,,,https://www.redfin.com/MT/Billings/1207-Benjamin-Blvd-59105/home/136536846,BMTMLS,354407,N,Y,45.8370923,-108.5185178
MLS Listing,,Condo/Co-op,1537 Wyoming Ave Unit B,Billings,MT,59102,158950,2,1.5,Westbrook Village Condos,1512,,1972,10,105,250,Active,,,https://www.redfin.com/MT/Billings/1537-Wyoming-Ave-59102/unit-B/home/136539990,BMTMLS,354364,N,Y,45.7781829,-108.5552804
MLS Listing,,Single Family Residential,2412 Howard Ave,Billings,MT,59102,319000,5,3.5,DESCRO,2016,6490,1960,10,158,,Active,,,https://www.redfin.com/MT/Billings/2412-Howard-Ave-59102/home/136003185,BMTMLS,354398,N,Y,45.773484,-108.577092
MLS Listing,,Mobile/Manufactured Home,38 Danube St,Billings,MT,59105,99900,3,2.0,Cherry Creek,1542,,2011,10,65,850,Active,,,https://www.redfin.com/MT/Billings/38-Danube-St-59105/home/185346944,BMTMLS,354396,N,Y,45.8202731,-108.4423771
MLS Listing,,Townhouse,1210 Buffalo Crossing Dr Dr,Billings,MT,59106,424900,4,2.5,Buffalo Crossing Sub.,1946,4947,2025,10,218,160,Active,,,https://www.redfin.com/MT/Billings/1210-Buffalo-Crossing-Dr-DR-59106/home/196273546,BMTMLS,354370,N,Y,45.782741,-108.668967
MLS Listing,,Single Family Residential,2218 Modera Ave,Billings,MT,59105,469900,3,2.0,High Sierra,3246,10976,2025,10,145,,Active,,,https://www.redfin.com/MT/Billings/2218-Modera-Ave-59105/home/192518424,BMTMLS,354400,N,Y,45.838717,-108.514758
MLS Listing,,Single Family Residential,6333 Fresh Water Ln,Billings,MT,59106,649900,3,2.0,Stone Creek,3194,23958,2025,10,203,25,Active,,,https://www.redfin.com/MT/Billings/6333-Fresh-Water-Ln-59106/home/195289721,BMTMLS,354399,N,Y,45.7296088,-108.678398
MLS Listing,,Single Family Residential,4608 Shining Light Ln,Billings,MT,59106,750000,3,2.0,Sundance Sub (22),2042,17424,2023,10,367,15,Active,August-3-2025 01:00 PM,August-3-2025 03:00 PM,https://www.redfin.com/MT/Billings/4608-Shining-Light-Ln-59106/home/196540791,BMTMLS,354397,N,Y,45.7753931,-108.6345408
MLS Listing,,Vacant Land,TBD Riviera Pl,Billings,MT,59106,105000,,,The Nines Sub (19),,10062,,10,,,Active,,,https://www.redfin.com/MT/Billings/TBD-Riviera-Pl-59106/home/183190095,BMTMLS,354392,N,Y,45.74507572,-108.6765199
MLS Listing,,Vacant Land,TBD Amen Corner Ln,Billings,MT,59106,109000,,,The Nines Sub (19),,26746,,10,,,Active,,,https://www.redfin.com/MT/Billings/TBD-Amen-Corner-Ln-59106/home/183191940,BMTMLS,354388,N,Y,45.74547006,-108.67704718
MLS Listing,,Single Family Residential,116 Broadwater Ave,Billings,MT,59101,204000,4,3.0,Suburban Subd,1980,7000,1906,10,103,,Active,,,https://www.redfin.com/MT/Billings/116-Broadwater-Ave-59101/home/136111967,BMTMLS,354330,N,Y,45.7768643,-108.5187166
MLS Listing,,Vacant Land,TBD O'donnell Ln,Billings,MT,59106,129000,,,The Nines Sub (19),,35196,,10,,,Active,,,https://www.redfin.com/MT/Billings/TBD-Odonnell-Ln-59106/home/183189795,BMTMLS,354381,N,Y,45.74676421,-108.68664381
MLS Listing,,Single Family Residential,2107 Morocco Dr,Billings,MT,59105,432000,3,2.0,High Sierra,1430,7318,2021,10,302,,Active,,,https://www.redfin.com/MT/Billings/2107-Morocco-Dr-59105/home/176216555,BMTMLS,354367,N,Y,45.8367775,-108.5076702
MLS Listing,,Townhouse,368 Jefferson St St,Billings,MT,59101,150000,4,1.0,STRAW SUBD,1792,2542,1978,10,84,,Active,,,https://www.redfin.com/MT/Billings/368-Jefferson-St-59101/home/135998515,BMTMLS,354357,N,Y,45.7632422,-108.5129048
MLS Listing,,Single Family Residential,3420 Franklin Ln,Billings,MT,59101,250000,2,1.0,Willis,876,12200,1948,10,285,,Active,August-3-2025 01:00 PM,August-3-2025 03:00 PM,https://www.redfin.com/MT/Billings/3420-Franklin-Ln-59101/home/136096002,BMTMLS,354275,N,Y,45.7648432,-108.5056734
MLS Listing,,Single Family Residential,1949 St Andrews Dr,Billings,MT,59105,526900,4,2.0,Lake Hills,2868,19166,1979,11,184,,Active,August-3-2025 01:00 PM,August-3-2025 03:00 PM,https://www.redfin.com/MT/Billings/1949-St-Andrews-Dr-59105/home/136307300,BMTMLS,354328,N,Y,45.8340021,-108.4879804
MLS Listing,,Townhouse,6188 Rosemary Rd,Billings,MT,59101,393505,3,2.5,ANNAFELD SUB 5TH FIL,1632,3528,2025,11,241,165,Active,,,https://www.redfin.com/MT/Billings/6188-Rosemary-Rd-59101/home/196519409,BMTMLS,354352,N,Y,45.7373781,-108.5715188
MLS Listing,,Townhouse,6192 Rosemary Rd,Billings,MT,59101,362874,3,2.5,ANNAFELD SUB 5TH FIL,1388,2091,2025,11,261,165,Active,,,https://www.redfin.com/MT/Billings/6192-Rosemary-Rd-59101/home/196519408,BMTMLS,354356,N,Y,45.7373951,-108.5716345
MLS Listing,,Townhouse,6202 Rosemary Rd,Billings,MT,59101,392192,3,2.5,ANNAFELD SUB 5TH FIL,1632,3146,2025,11,240,165,Active,,,https://www.redfin.com/MT/Billings/6202-Rosemary-Rd-59101/home/196519407,BMTMLS,354353,N,Y,45.7374429,-108.5718096
MLS Listing,,Condo/Co-op,3390 Canyon Dr Unit C19,Billings,MT,59102,254900,2,2.0,Maple Grove Homes Condo,1344,,1995,11,190,150,Active,,,https://www.redfin.com/MT/Billings/3390-Canyon-Dr-59102/unit-C19/home/136286880,BMTMLS,354337,N,Y,45.7587506,-108.6029331
MLS Listing,,Single Family Residential,2237 Lindero Blvd,Billings,MT,59105,414900,2,2.0,High Sierra,2424,9201,2025,11,171,,Active,,,https://www.redfin.com/MT/Billings/2237-Lindero-Blvd-59105/home/192518433,BMTMLS,354348,N,Y,45.839607,-108.508798
MLS Listing,,Condo/Co-op,1214 Clark Ave,Billings,MT,59102,235000,2,2.5,Crestview Condo Block001 Sec5,1559,576,1981,11,151,229,Active,,,https://www.redfin.com/MT/Billings/1214-Clark-Ave-59102/home/196518990,BMTMLS,354338,N,Y,45.7796507,-108.5468446
MLS Listing,,Townhouse,2004 Lake Elmo Drive Dr,Billings,MT,59105,334900,2,3.0,AZURE SKY TOWNHOMES,2664,,2003,11,126,,Active,,,https://www.redfin.com/MT/Billings/2004-Lake-Elmo-Dr-59105/home/136480111,BMTMLS,354350,N,Y,45.8348641,-108.4768023
MLS Listing,,Mobile/Manufactured Home,31 Wheatland Dr,Billings,MT,59102,75000,3,2.0,Billings,1216,,2008,11,62,,Active,,,https://www.redfin.com/MT/Billings/31-Wheatland-Dr-59102/home/183192969,BMTMLS,354355,N,Y,45.7526797,-108.5981597
MLS Listing,,Townhouse,24 Heatherwood Ln Unit 12D,Billings,MT,59102,435000,4,3.0,HEATHERWOOD TOWNHOMES,2578,3644,1974,11,169,375,Active,August-3-2025 02:00 PM,August-3-2025 04:00 PM,https://www.redfin.com/MT/Billings/24-Heatherwood-Ln-59102/unit-12D/home/136544607,BMTMLS,354283,N,Y,45.7929049,-108.5527472
MLS Listing,,Single Family Residential,4107 Roosevelt Ave,Billings,MT,59101,99000,2,1.0,Fairview,988,6273,1920,12,100,,Active,,,https://www.redfin.com/MT/Billings/4107-Roosevelt-Ave-59101/home/136029828,BMTMLS,354274,N,Y,45.7682726,-108.515535
MLS Listing,,Vacant Land,00 Winged Foot Drive Lot 10,Billings,MT,59105,105000,,,Lake Hills,,11979,,12,,,Active,,,https://www.redfin.com/MT/Billings/Winged-Foot-Dr-59105/home/165797772,BMTMLS,354333,N,Y,45.838419,-108.500528
MLS Listing,,Vacant Land,00 Greenbriar Road Lot 6A,Billings,MT,59105,99000,,,Lake Hills Subdivision,,10803,,12,,,Active,,,https://www.redfin.com/MT/Billings/Greenbriar-Rd-59105/home/165752948,BMTMLS,354332,N,Y,45.84265,-108.492842
MLS Listing,,Vacant Land,1256 & 1260 Yellowstone Ave,Billings,MT,59102,299900,,,Mysti Springs,,74052,,13,,,Active,,,https://www.redfin.com/MT/Billings/1256-Yellowstone-Ave-59102/home/185588844,BMTMLS,354326,N,Y,45.7787126,-108.5475689
MLS Listing,,Single Family Residential,465 Byrd St,Billings,MT,59101,295000,3,2.0,BUNTING SUBD,1632,7158,1979,13,181,,Active,,,https://www.redfin.com/MT/Billings/465-Byrd-St-59101/home/136362415,BMTMLS,354315,N,Y,45.7611375,-108.5139829
MLS Listing,,Single Family Residential,3106 Forsythia Blvd,Billings,MT,59102,585000,5,3.0,WILSHIRE HEIGHTS SUBD,2904,8292,1975,13,201,,Active,,,https://www.redfin.com/MT/Billings/3106-Forsythia-Blvd-59102/home/136251933,BMTMLS,354295,N,Y,45.8012259,-108.5920157
MLS Listing,,Single Family Residential,605 Sahara Dr,Billings,MT,59105,399000,4,3.0,Sahara Sands 1st Filing,2576,10173,1979,13,155,,Active,August-3-2025 01:00 PM,August-3-2025 03:00 PM,https://www.redfin.com/MT/Billings/605-Sahara-Dr-59105/home/136246250,BMTMLS,354301,N,Y,45.8127881,-108.502134
MLS Listing,,Single Family Residential,1982 Sandra Dr,Billings,MT,59105,489000,3,2.0,Meadowlark,1702,11199,2025,14,287,,Active,,,https://www.redfin.com/MT/Billings/1982-Sandra-DR-59105/home/196501151,BMTMLS,354317,N,Y,45.83419,-108.482808
MLS Listing,,Townhouse,23 Twin Pines Loop Loop,Billings,MT,59106,400000,3,2.0,Twin Pines,1446,2794,2018,14,277,300,Active,,,https://www.redfin.com/MT/Billings/23-Twin-Pines-Loop-59106/home/168784059,BMTMLS,354294,N,Y,45.7686342,-108.6233785
MLS Listing,,Single Family Residential,2919 Rimview Dr,Billings,MT,59102,405000,3,1.5,Rimview Subdivision,2246,9000,1950,14,180,,Active,August-3-2025 01:00 PM,August-3-2025 03:00 PM,https://www.redfin.com/MT/Billings/2919-Rimview-Dr-59102/home/136136751,BMTMLS,354273,N,Y,45.799195,-108.5386824
MLS Listing,,Single Family Residential,7011 Copper Bend Blvd,Billings,MT,59106,499990,3,2.0,Copper Ridge SUB 8th Fil (22),2053,7884,2024,14,244,20,Active,,,https://www.redfin.com/MT/Billings/7011-Copper-Bend-Blvd-59106/home/182554854,BMTMLS,354194,N,Y,45.8019726,-108.695076
MLS Listing,,Single Family Residential,1712 Savona St,Billings,MT,59105,424900,3,2.5,BELLVILLE SUB,2100,3852,2016,14,202,,Active,,,https://www.redfin.com/MT/Billings/1712-Savona-St-59105/home/143645235,BMTMLS,354191,N,Y,45.8299073,-108.4598583
MLS Listing,,Townhouse,3021 Jonathon Ct,Billings,MT,59102,429000,3,3.0,Applewood Patio Homes,2732,,1996,14,157,200,Active,August-3-2025 12:00 AM,August-3-2025 11:59 PM,https://www.redfin.com/MT/Billings/3021-Jonathon-Ct-59102/home/136268618,BMTMLS,354257,N,Y,45.7943994,-108.5911996
MLS Listing,,Mobile/Manufactured Home,2224 Highway 87 E #232 #232,Billings,MT,59101,99999,3,2.0,Hillside,1216,,2024,15,82,750,Active,,,https://www.redfin.com/MT/Billings/2224-U-S-Highway-87-E-59101/unit-232/home/196480852,BMTMLS,354272,N,Y,45.7929076,-108.4252767
MLS Listing,,Mobile/Manufactured Home,30 Brookpark Dr,Billings,MT,59102,129900,3,2.0,Golden Meadows Subd,1680,,1996,15,77,895,Active,,,https://www.redfin.com/MT/Billings/30-Brookpark-Dr-59102/home/183194862,BMTMLS,354249,N,Y,45.7525691,-108.5995425
MLS Listing,,Townhouse,637 Willow Branch Road Rd,Billings,MT,59106,355000,2,2.0,Trailridge Townhomes,1202,,2025,15,295,225,Active,,,https://www.redfin.com/MT/Billings/637-Willow-Branch-Road-RD-59106/home/196477938,BMTMLS,354261,N,Y,45.757497,-108.63324
MLS Listing,,Townhouse,635 Willow Branch Road Rd,Billings,MT,59106,355000,2,2.0,Trailridge Townhomes,1202,,2025,15,295,225,Active,,,https://www.redfin.com/MT/Billings/635-Willow-Branch-Road-RD-59106/home/196477937,BMTMLS,354259,N,Y,45.757594,-108.633248
MLS Listing,,Single Family Residential,1297 Cherry Island Dr,Billings,MT,59105,415000,3,2.0,CHERRY CREEK ESTATES,1530,7475,2025,15,271,,Active,,,https://www.redfin.com/MT/Billings/1297-Cherry-Island-Dr-59105/home/188041631,BMTMLS,354267,N,Y,45.822773,-108.443006
MLS Listing,,Single Family Residential,90 Sunlight Cir,Billings,MT,59101,620888,5,3.0,EMERALD EAGLE ESTATES SUB,3676,20551,2006,15,169,,Active,,,https://www.redfin.com/MT/Billings/90-Sunlight-Cir-59101/home/136317333,BMTMLS,354254,N,Y,45.8089397,-108.3896861
MLS Listing,,Single Family Residential,539 Sudan Place Pl,Billings,MT,59105,429900,5,3.0,SAHARA SANDS,2167,10839,1983,15,198,,Active,,,https://www.redfin.com/MT/Billings/539-Sudan-Pl-59105/home/136385751,BMTMLS,354263,N,Y,45.8081803,-108.4965961
MLS Listing,,Single Family Residential,5631 Mountain Front Ave Ave,Billings,MT,59106,485000,4,2.5,TRAILS WEST SUB,2192,6255,2016,15,221,12,Active,August-3-2025 11:30 AM,August-3-2025 01:30 PM,https://www.redfin.com/MT/Billings/5631-Mountain-Front-Ave-59106/home/143645564,BMTMLS,354143,N,Y,45.7803865,-108.6615026
MLS Listing,,Single Family Residential,909 Maywood Dr,Billings,MT,59102,385000,4,2.0,SUN VILLAGE SUBD,2016,7501,1973,16,191,,Active,,,https://www.redfin.com/MT/Billings/909-Maywood-Dr-59102/home/136052686,BMTMLS,353998,N,Y,45.7792037,-108.5909281
MLS Listing,,Single Family Residential,3414 Flagstone Dr,Billings,MT,59102,439900,5,3.0,CASTLEWOOD SUBD,2952,13093,1972,16,149,,Active,,,https://www.redfin.com/MT/Billings/3414-Flagstone-Dr-59102/home/136034074,BMTMLS,354244,N,Y,45.7989066,-108.6025102
MLS Listing,,Single Family Residential,4911 Silver Creek Trail Trl,Billings,MT,59106,789000,3,2.5,Silver Creek Estates,2380,16102,2025,16,332,27,Active,August-3-2025 01:00 PM,August-3-2025 03:00 PM,https://www.redfin.com/MT/Billings/4911-Silver-Creek-Trl-59106/home/195100024,BMTMLS,354266,N,Y,45.7943746,-108.6413263
MLS Listing,,Single Family Residential,4231 Stone St,Billings,MT,59101,350000,2,2.0,Southwest Park Sub,1788,5194,1963,16,196,,Active,,,https://www.redfin.com/MT/Billings/4231-Stone-St-59101/home/136412606,BMTMLS,354260,N,Y,45.757947,-108.521771
MLS Listing,,Townhouse,5960 Foxtail Ln,Billings,MT,59106,414900,3,2.0,Foxtail Village Sub,1436,3025,2017,16,289,260,Active,,,https://www.redfin.com/MT/Billings/5960-Foxtail-Ln-59106/home/136347495,BMTMLS,354262,N,Y,45.785272,-108.66806
MLS Listing,,Single Family Residential,2734 S 64th ST St W,Billings,MT,59106,825000,3,3.0,Billings,2082,191664,1992,16,396,,Active,,,https://www.redfin.com/MT/Billings/2734-S-64th-St-W-59106/home/136027092,BMTMLS,354192,N,Y,45.720259,-108.6801052
MLS Listing,,Single Family Residential,5423 Castle Stone Ave,Billings,MT,59106,460000,4,3.0,Cottonwood Grove Sub,2074,7560,2006,16,222,,Active,,,https://www.redfin.com/MT/Billings/5423-Castle-Stone-Ave-59106/home/136166764,BMTMLS,354236,N,Y,45.7869942,-108.6550614
MLS Listing,,Single Family Residential,1329 Anchor Ave,Billings,MT,59101,489900,3,2.0,Emma Jean Subdivision,1749,7698,2025,16,280,,Active,,,https://www.redfin.com/MT/Billings/1329-Anchor-Ave-59105/home/189692190,BMTMLS,354223,N,Y,45.8241776,-108.4469417
MLS Listing,,Vacant Land,520 S 32nd St,Billings,MT,59101,69900,,,BILLINGS ORIGINAL TOWNSITE,,7000,,17,,,Active,,,https://www.redfin.com/MT/Billings/520-S-32nd-St-59101/home/136340561,BMTMLS,354221,N,Y,45.7729223,-108.5043598
MLS Listing,,Single Family Residential,2250 Lindero Blvd,Billings,MT,59105,419900,3,2.0,High Sierra Subdivision,2938,8104,2025,17,143,10,Active,,,https://www.redfin.com/MT/Billings/2250-Lindero-Blvd-59105/home/194282922,BMTMLS,354241,N,Y,45.8399101,-108.5097418
MLS Listing,,Single Family Residential,1340 Redwing Cir,Billings,MT,59105,569900,5,3.0,Homestead,3304,22695,1980,17,172,,Active,,,https://www.redfin.com/MT/Billings/1340-Redwing-Cir-59105/home/136332556,BMTMLS,354206,N,Y,45.8567631,-108.4504591
MLS Listing,,Mobile/Manufactured Home,2 Prince of Wales Dr Dr,Billings,MT,59105,134900,3,2.0,Windsor Estates,1216,,2021,17,111,560,Active,,,https://www.redfin.com/MT/Billings/2-Prince-of-Wales-Dr-59105/home/196419739,BMTMLS,354200,N,Y,45.8148384,-108.477433
MLS Listing,,Townhouse,6176 Rosemary Rd,Billings,MT,59101,351134,2,2.5,ANNAFELD SUB 5TH FIL,1348,2908,2025,17,260,165,Active,,,https://www.redfin.com/MT/Billings/6176-Rosemary-Rd-59101/home/195254976,BMTMLS,354227,N,Y,45.737561,-108.5706049
MLS Listing,,Townhouse,6184 Rosemary Rd,Billings,MT,59101,332192,2,2.5,ANNAFELD SUB 5TH FIL,1088,2450,2025,17,305,165,Active,,,https://www.redfin.com/MT/Billings/6184-Rosemary-Rd-59101/home/195254970,BMTMLS,354225,N,Y,45.737561,-108.5706049
MLS Listing,,Condo/Co-op,300 N 25th St #403,Billings,MT,59101,149900,2,1.0,The Terrace 09,1000,,1972,17,150,250,Active,,,https://www.redfin.com/MT/Billings/300-N-25th-St-59101/unit-403/home/196420318,BMTMLS,354222,N,Y,45.7856332,-108.5043498
MLS Listing,,Single Family Residential,1312 Paul Revere St,Billings,MT,59105,410000,4,2.0,Centennial,2464,9583,1976,18,166,,Active,,,https://www.redfin.com/MT/Billings/1312-Paul-Revere-St-59105/home/136327445,BMTMLS,354219,N,Y,45.8221411,-108.5046114
MLS Listing,,Mobile/Manufactured Home,4703 Laila Dr,Billings,MT,59106,172000,4,2.0,Western Sky Sub,1456,,2024,18,118,699,Active,,,https://www.redfin.com/MT/Billings/4703-Laila-DR-59106/home/194753206,BMTMLS,354218,N,Y,45.751527,-108.634358
MLS Listing,,Mobile/Manufactured Home,7 Big Sky Country Drive Dr,Billings,MT,59102,110000,3,2.0,Billings,1035,,2015,18,106,,Active,,,https://www.redfin.com/MT/Billings/7-Big-Sky-Country-Cir-59102/home/136796032,BMTMLS,354211,N,Y,45.7598179,-108.5809252
MLS Listing,,Single Family Residential,743 Avenue C,Billings,MT,59102,349000,3,2.0,BILLINGS HEIGHTS SUBD,2100,10010,1946,18,166,,Active,August-3-2025 12:00 AM,August-3-2025 11:59 PM,https://www.redfin.com/MT/Billings/743-Avenue-C-59102/home/136248462,BMTMLS,354205,N,Y,45.7861905,-108.5354316
MLS Listing,,Single Family Residential,3211 4th Ave S,Billings,MT,59101,175000,4,2.0,Billings Original Townsite,1536,3000,1950,18,114,,Active,,,https://www.redfin.com/MT/Billings/3211-4th-Ave-S-59101/home/136489278,BMTMLS,354209,N,Y,45.7745485,-108.5062568
MLS Listing,,Single Family Residential,2222 River Agate Ln,Billings,MT,59106,650000,4,2.0,Stone Creek SUB,1943,18731,2025,18,335,73,Active,,,https://www.redfin.com/MT/Billings/2222-River-Agate-Ln-59106/home/196405063,BMTMLS,354189,N,Y,45.7282422,-108.6785224
MLS Listing,,Vacant Land,0 Clubhouse Way,Billings,MT,59105,155000,,,Lake Hills Subd,,16800,,18,,,Active,,,https://www.redfin.com/MT/Billings/Clubhouse-Way-59105/home/165754926,BMTMLS,354204,N,Y,45.836846,-108.503178
MLS Listing,,Single Family Residential,1819 Natalie St,Billings,MT,59105,585000,4,3.0,C.O.S. 1139,3392,46174,1994,18,172,,Active,August-3-2025 02:00 PM,August-3-2025 04:00 PM,https://www.redfin.com/MT/Billings/1819-Natalie-St-59105/home/136109597,BMTMLS,354164,N,Y,45.8332205,-108.4392337
MLS Listing,,Single Family Residential,3823 Dylan Dr Dr,Billings,MT,59101,779000,6,4.0,TWIN COULEE ESTATES SUB (09),4840,20029,2021,19,161,,Active,,,https://www.redfin.com/MT/Billings/3823-Dylan-Dr-59101/home/165830752,BMTMLS,354193,N,Y,45.8059361,-108.3868086
MLS Listing,,Single Family Residential,595 Chino Cir,Billings,MT,59105,409900,3,2.0,HIGH SIERRA SUB 21ST FILING,1327,9017,2025,20,309,,Active,,,https://www.redfin.com/MT/Billings/595-Chino-Cir-59105/home/192518268,BMTMLS,353951,N,Y,45.844263,-108.50073
MLS Listing,,Single Family Residential,139 Avenue B,Billings,MT,59101,385000,4,2.5,NORTH ELEVATION SUB,2586,7000,1931,20,149,,Active,August-3-2025 12:00 PM,August-3-2025 02:00 PM,https://www.redfin.com/MT/Billings/139-Avenue-B-59101/home/136217991,BMTMLS,354059,N,Y,45.7852962,-108.5200358
MLS Listing,,Single Family Residential,4708 Cheyenne Trl,Billings,MT,59106,625000,2,2.5,Indian Cliffs,3115,44431,1996,20,201,,Active,,,https://www.redfin.com/MT/Billings/4708-Cheyenne-Trl-59106/home/136457495,BMTMLS,354119,N,Y,45.8043436,-108.6351589
MLS Listing,,Single Family Residential,1246 Benjamin Blvd. Blvd,Billings,MT,59105,417900,3,2.0,High Sierra,2162,7405,2015,20,193,,Active,,,https://www.redfin.com/MT/Billings/1246-Benjamin-Blvd-59105/home/136847306,BMTMLS,354184,N,Y,45.8366805,-108.521378
MLS Listing,,Multi-Family (2-4 Unit),130-132 Stillwater Ln,Billings,MT,59105,425000,6,4.0,Happy Hollow,2368,13050,1977,20,179,,Active,,,https://www.redfin.com/MT/Billings/130-132-Stillwater-Ln-59105/home/196375927,BMTMLS,354048,N,Y,45.829468,-108.484052
MLS Listing,,Single Family Residential,7153 Charolais St,Billings,MT,59106,699900,4,4.0,Echo Canyon,3095,223027,1977,20,226,,Active,,,https://www.redfin.com/MT/Billings/7153-Charolais-St-59106/home/136529224,BMTMLS,354181,N,Y,45.8222819,-108.6968223
MLS Listing,,Single Family Residential,805 Clark Ave,Billings,MT,59101,325000,4,2.5,Rickman Subd,1802,5720,1945,20,180,,Active,,,https://www.redfin.com/MT/Billings/805-Clark-Ave-59101/home/136397432,BMTMLS,354091,N,Y,45.7802493,-108.536176
MLS Listing,,Single Family Residential,544 Wigwam Trl,Billings,MT,59105,379900,4,2.0,SPRING VALLEY SUBD,1932,15794,1972,21,197,,Active,,,https://www.redfin.com/MT/Billings/544-Wigwam-Trl-59105/home/136011896,BMTMLS,354137,N,Y,45.8045301,-108.5014848
MLS Listing,,Vacant Land,TBD Broadwater Ave,Billings,MT,59102,69900,,,Houle,,7000,,21,,,Active,,,https://www.redfin.com/MT/Billings/TBD-Broadwater-Ave-59106/home/183565333,BMTMLS,354136,N,Y,45.77686,-108.610269
MLS Listing,,Single Family Residential,1419 Rimrock Rd,Billings,MT,59102,449900,5,3.0,Lee Heights,3476,10350,1964,21,129,,Active,,,https://www.redfin.com/MT/Billings/1419-Rimrock-Rd-59102/home/136048252,BMTMLS,354178,N,Y,45.7987921,-108.5522247
MLS Listing,,Single Family Residential,224 Viceroy St,Billings,MT,59101,399900,5,3.0,Chrysalis Acres,2688,7069,2009,21,149,,Active,,,https://www.redfin.com/MT/Billings/224-Viceroy-St-59101/home/136536108,BMTMLS,354153,N,Y,45.7655992,-108.5184607
MLS Listing,,Single Family Residential,1337 Matador Ave Ave,Billings,MT,59105,430000,3,3.0,High Sierra,2326,7103,2009,21,185,,Active,,,https://www.redfin.com/MT/Billings/1337-Matador-Ave-59105/home/136366065,BMTMLS,354171,N,Y,45.836398,-108.5239048
MLS Listing,,Single Family Residential,5251 Amherst Drive Dr,Billings,MT,59106,535000,3,2.5,MONT VISTA SUB,2039,6700,2015,21,262,13,Active,,,https://www.redfin.com/MT/Billings/5251-Amherst-Dr-59106/home/136619622,BMTMLS,354172,N,Y,45.7956536,-108.6506237
MLS Listing,,Single Family Residential,3748 Blue Creek Rd,Billings,MT,59101,475000,5,3.0,Falcon Heights,2910,48787,1978,21,163,,Active,,,https://www.redfin.com/MT/Billings/3748-Blue-Creek-Rd-59101/home/136379149,BMTMLS,354114,N,Y,45.6993048,-108.5042575
MLS Listing,,Single Family Residential,5501 Canvasback Dr,Billings,MT,59106,649900,6,4.5,Greensleeves Estates,5161,32670,1976,21,126,125,Active,,,https://www.redfin.com/MT/Billings/5501-Canvasback-Dr-59106/home/136446412,BMTMLS,354151,N,Y,45.7359152,-108.6570599
MLS Listing,,Single Family Residential,2900 Manhattan Drive Dr,Billings,MT,59102,389900,5,2.5,SUN VILLAGE SUBD,1950,7667,1977,21,200,,Active,August-2-2025 12:00 PM,August-2-2025 02:00 PM,https://www.redfin.com/MT/Billings/2900-Manhattan-Dr-59102/home/136533936,BMTMLS,354150,N,Y,45.7795531,-108.5888211
MLS Listing,,Condo/Co-op,14 W Antelope Trl,Billings,MT,59105,369900,3,2.5,Summerhill,2516,,2004,21,147,300,Active,,,https://www.redfin.com/MT/Billings/14-W-Antelope-Trl-59105/home/136021891,BMTMLS,354160,N,Y,45.8091541,-108.486848
MLS Listing,,Single Family Residential,1724 Songbird Dr,Billings,MT,59101,595000,3,3.0,Josephine Crossing 3rd Filing,2000,5217,2014,21,298,40,Active,August-2-2025 11:00 AM,August-2-2025 01:00 PM,https://www.redfin.com/MT/Billings/1724-Songbird-Dr-59101/home/136474254,BMTMLS,354163,N,Y,45.7383929,-108.5471883
MLS Listing,,Single Family Residential,2324 Clubhouse Way,Billings,MT,59105,414000,3,2.0,LAKE HILLS SUB 33RD FILING,1500,10807,2021,21,276,,Active,,,https://www.redfin.com/MT/Billings/2324-Clubhouse-Way-59105/home/165755035,BMTMLS,354078,N,Y,45.8408687,-108.5059037
MLS Listing,,Single Family Residential,3117 East Copper Ridge Loop Loop,Billings,MT,59106,384900,3,2.0,COPPER RIDGE SUB,1372,7417,2010,22,281,,Active,August-3-2025 01:00 PM,August-3-2025 03:00 PM,https://www.redfin.com/MT/Billings/3117-E-Copper-Ridge-Loop-59106/home/136303584,BMTMLS,354161,N,Y,45.8024301,-108.6864722
MLS Listing,,Single Family Residential,522 S 35th St,Billings,MT,59101,234900,2,1.0,Southwest Add,1461,4356,1921,22,161,,Active,,,https://www.redfin.com/MT/Billings/522-S-35th-St-59101/home/136183986,BMTMLS,354133,N,Y,45.7711342,-108.5079743
MLS Listing,,Single Family Residential,2013 Clark Ave,Billings,MT,59102,344990,4,2.0,Barnes,2158,5663,1953,22,160,,Active,,,https://www.redfin.com/MT/Billings/2013-Clark-Ave-59102/home/136119100,BMTMLS,354157,N,Y,45.7800873,-108.5674835
MLS Listing,,Single Family Residential,4635 Leading Light Ln,Billings,MT,59106,865000,5,3.0,Sundance,3176,14985,2021,22,272,15,Active,,,https://www.redfin.com/MT/Billings/4635-Leading-Light-Ln-59106/home/182553179,BMTMLS,354141,N,Y,45.772016,-108.636056
MLS Listing,,Mobile/Manufactured Home,13 Hartland St N,Billings,MT,59105,58000,3,2.0,Cherry Creek,,,2000,22,,850,Active,,,https://www.redfin.com/MT/Billings/13-Hartland-St-N-59105/home/183195666,BMTMLS,354156,N,Y,45.8243816,-108.4391491
MLS Listing,,Single Family Residential,323 S 31st St,Billings,MT,59101,279900,8,4.0,Billings Original Townsite,3170,5250,1920,22,88,,Active,,,https://www.redfin.com/MT/Billings/323-S-31st-St-59101/home/147867561,BMTMLS,354152,N,Y,45.7754423,-108.5043513
MLS Listing,,Mobile/Manufactured Home,69 Nugget Dr,Billings,MT,59102,50000,2,1.0,Billings,624,,1968,22,80,575,Active,,,https://www.redfin.com/MT/Billings/69-Nugget-Pl-59105/home/196334341,BMTMLS,354121,N,Y,45.761355,-108.579975
MLS Listing,,Single Family Residential,1214 Linhaven Way Way,Billings,MT,59102,545000,4,3.0,Foote,4746,15025,1966,22,115,,Active,,,https://www.redfin.com/MT/Billings/1214-Linhaven-Way-59102/home/136044953,BMTMLS,354140,N,Y,45.7987939,-108.5467504
MLS Listing,,Condo/Co-op,1212 Blair Lane Unit #2 Ln,Billings,MT,59102,279500,3,1.5,CORONADO CONDOMINIUM,1111,,1972,22,252,312,Active,August-2-2025 09:30 AM,August-2-2025 11:30 AM,https://www.redfin.com/MT/Billings/1212-Blair-Ln-59102/home/183195303,BMTMLS,354142,N,Y,45.7825637,-108.5607232
MLS Listing,,Single Family Residential,5630 Woodgate Drive Dr,Billings,MT,59106,1430000,7,5.5,WOODGATE ESTATES SUBD,5336,261360,2004,22,268,,Active,,,https://www.redfin.com/MT/Billings/5630-Woodgate-Dr-59106/home/136576123,BMTMLS,354084,N,Y,45.7497397,-108.661193
MLS Listing,,Mobile/Manufactured Home,25 Redrock Dr,Billings,MT,59102,82000,3,2.0,Golden Meadows,1206,,1982,23,68,950,Active,,,https://www.redfin.com/MT/Billings/25-Redrock-Dr-59102/home/187381800,BMTMLS,354103,N,Y,45.7535489,-108.5999927
MLS Listing,,Single Family Residential,926 Anacapa Ln,Billings,MT,59105,420000,3,2.0,HIGH SIERRA SUB 17TH FIL,1364,7315,2023,23,308,,Active,August-2-2025 11:00 AM,August-2-2025 02:00 PM,https://www.redfin.com/MT/Billings/926-Anacapa-Ln-59105/home/188832149,BMTMLS,354072,N,Y,45.8388898,-108.5119151
MLS Listing,,Single Family Residential,2904 Bunker Hill Dr,Billings,MT,59105,369000,5,3.0,Independence Sub,2384,24394,1984,23,155,,Active,,,https://www.redfin.com/MT/Billings/2904-Bunker-Hill-Dr-59105/home/136384365,BMTMLS,354123,N,Y,45.85117,-108.4633616
MLS Listing,,Single Family Residential,143 S Santa Fe Drive Dr,Billings,MT,59102,359000,5,2.0,CENTRAL HEIGHTS,2184,7312,1958,23,164,,Active,August-3-2025 11:00 AM,August-3-2025 01:00 PM,https://www.redfin.com/MT/Billings/143-S-Santa-Fe-Dr-59102/home/136312401,BMTMLS,354110,N,Y,45.7660952,-108.5692692
MLS Listing,,Townhouse,4248 Vaughn Ln,Billings,MT,59101,265000,3,1.5,Optimist Park Twnhms,1550,3920,1984,24,171,,Active,,,https://www.redfin.com/MT/Billings/4248-Vaughn-Ln-59101/home/196290404,BMTMLS,354085,N,Y,45.7628239,-108.5216965
MLS Listing,,Condo/Co-op,1230 Clark Ave,Billings,MT,59102,323000,3,2.5,CRESTVIEW CONDO,2644,131,1984,24,122,264,Active,August-3-2025 02:00 PM,August-3-2025 04:00 PM,https://www.redfin.com/MT/Billings/1230-Clark-Ave-59102/home/136220703,BMTMLS,354099,N,Y,45.7796415,-108.5476828
MLS Listing,,Single Family Residential,1152 Toole Ct Ct,Billings,MT,59105,435000,5,2.5,Kimberley Heights,3480,10200,1978,24,125,,Active,,,https://www.redfin.com/MT/Billings/1152-Toole-Ct-59105/home/136547092,BMTMLS,353988,N,Y,45.818674,-108.4960743
MLS Listing,,Vacant Land,Lot 9 Block 4 Abby Rd,Billings,MT,59106,98000,,,Mackenzie Meadows,,19667,,24,,,Active,,,https://www.redfin.com/MT/Billings/Lot-9-Block-4-Abby-Rd-59106/home/196288175,BMTMLS,354073,N,Y,45.723176,-108.648056
MLS Listing,,Vacant Land,Lot 6 Block 4 Abby Rd,Billings,MT,59106,103000,,,Mackenzie Meadows,,21148,,24,,,Active,,,https://www.redfin.com/MT/Billings/Lot-6-Block-4-Abby-Rd-59106/home/196288166,BMTMLS,354074,N,Y,45.722029,-108.648003
MLS Listing,,Single Family Residential,1405 Carson Way Way,Billings,MT,59105,515000,6,3.0,Emma Jean,2890,7700,2013,24,178,,Active,,,https://www.redfin.com/MT/Billings/1405-Carson-Way-59105/home/136172776,BMTMLS,354096,N,Y,45.8245657,-108.4466541
MLS Listing,,Single Family Residential,5332 Dovetail Ave,Billings,MT,59106,625000,4,3.0,Legacy,2333,9600,2021,24,268,,Active,August-3-2025 01:00 PM,August-3-2025 04:00 PM,https://www.redfin.com/MT/Billings/5332-Dovetail-Ave-59106/home/165809072,BMTMLS,354098,N,Y,45.7770943,-108.6520552
MLS Listing,,Single Family Residential,4416 Clevenger Ave,Billings,MT,59101,315000,4,1.5,Als,1902,8712,1977,24,166,,Active,,,https://www.redfin.com/MT/Billings/4416-Clevenger-Ave-59101/home/136051046,BMTMLS,354093,N,Y,45.763777,-108.5262818
MLS Listing,,Single Family Residential,38-38.5 Lewis Ave,Billings,MT,59101,319900,4,3.0,West Side Add,2166,7000,1900,24,148,,Active,,,https://www.redfin.com/MT/Billings/38-38-5-Lewis-Ave-59101/home/196286920,BMTMLS,353896,N,Y,45.780853,-108.517073
MLS Listing,,Condo/Co-op,213 S 29th St,Billings,MT,59101,99900,,,Billings Original Townsite,4037,7000,1936,24,25,,Active,,,https://www.redfin.com/MT/Billings/213-S-29th-St-59101/home/147867497,BMTMLS,353898,N,Y,45.7777887,-108.5028921
MLS Listing,,Condo/Co-op,312-312.5 S 28th St,Billings,MT,59101,179900,,,Billings Original Townsite,2862,14000,1894,24,63,,Active,,,https://www.redfin.com/MT/Billings/312-S-28th-St-59101/home/136350366,BMTMLS,354089,N,Y,45.7772153,-108.5014652
MLS Listing,,Single Family Residential,135 Grand Ave,Billings,MT,59101,220000,2,1.0,North Elevation,2024,6970,1920,25,109,,Active,,,https://www.redfin.com/MT/Billings/135-Grand-Ave-59101/home/136543178,BMTMLS,354058,N,Y,45.7843117,-108.519828
MLS Listing,,Single Family Residential,603 Chino Cir,Billings,MT,59105,427900,3,2.0,HIGH SIERRA SUB 21ST FILING,1508,10019,2025,25,284,,Active,,,https://www.redfin.com/MT/Billings/603-Chino-Cir-59105/home/192518269,BMTMLS,353212,N,Y,45.84447,-108.500593
MLS Listing,,Townhouse,6018 Catherina Court Ct,Billings,MT,59101,285000,2,2.5,Annafeld Subdivision,1280,,2019,25,223,220,Active,,,https://www.redfin.com/MT/Billings/6018-Catherina-Ct-59101/home/193767965,BMTMLS,353997,N,Y,45.7389721,-108.5672448
MLS Listing,,Single Family Residential,20 Lewis Ave,Billings,MT,59101,529900,,,West Side Add,5506,14000,1920,25,96,,Active,,,https://www.redfin.com/MT/Billings/20-Lewis-Ave-59101/home/147869544,BMTMLS,353899,N,Y,45.7809372,-108.5164018
MLS Listing,,Single Family Residential,4820 Mcgirl Rd Rd,Billings,MT,59105,450000,4,2.0,Billings,3573,76056,1910,25,126,,Active,,,https://www.redfin.com/MT/Billings/4820-McGirl-Rd-59105/home/136199323,BMTMLS,353420,N,Y,45.8853342,-108.362222
MLS Listing,,Single Family Residential,1703 Cody Dr,Billings,MT,59105,419900,3,1.0,HAPPY HOLLOW SUBD,1715,22099,1963,25,245,,Active,,,https://www.redfin.com/MT/Billings/1703-Cody-Dr-59105/home/136352844,BMTMLS,354082,N,Y,45.8290873,-108.4791561
MLS Listing,,Single Family Residential,28 19th Street St W,Billings,MT,59102,396000,5,3.0,Sweet Acres,2576,7775,1967,25,154,,Active,,,https://www.redfin.com/MT/Billings/28-19th-St-W-59102/home/136306801,BMTMLS,354067,N,Y,45.7707819,-108.5650479
MLS Listing,,Single Family Residential,583 Chino Cir,Billings,MT,59105,489900,3,2.0,High Sierra,3194,14505,2025,25,153,,Active,,,https://www.redfin.com/MT/Billings/583-Chino-Cir-59105/home/192518266,BMTMLS,354077,N,Y,45.84385,-108.500927
MLS Listing,,Single Family Residential,3237 Rimrock Rd,Billings,MT,59102,389900,3,1.5,Durland Heights,1311,13594,1965,25,297,,Active,,,https://www.redfin.com/MT/Billings/3237-Rimrock-Rd-59102/home/136480391,BMTMLS,354071,N,Y,45.7989526,-108.5978157
MLS Listing,,Multi-Family (2-4 Unit),39 Broadwater Ave #2,Billings,MT,59101,279500,4,2.0,West Side Add,2520,6490,1915,25,111,,Active,,,https://www.redfin.com/MT/Billings/39-Broadwater-Ave-59101/unit-2/home/196277952,BMTMLS,354054,N,Y,45.777421,-108.5170216
MLS Listing,,Single Family Residential,4779 Sanctuary Trl Trl,Billings,MT,59101,2100000,7,6.5,Billings,6400,1960200,2007,25,328,,Active,,,https://www.redfin.com/MT/Billings/4779-Sanctuary-Trl-59101/home/136501377,BMTMLS,354047,N,Y,45.7960064,-108.3622273
MLS Listing,,Single Family Residential,2937 Miles Ave Ave,Billings,MT,59106,359000,4,2.0,MILLICE PARK,2016,7800,1964,25,178,,Active,,,https://www.redfin.com/MT/Billings/2937-Miles-Ave-59102/home/136099329,BMTMLS,354063,N,Y,45.7747663,-108.5902182
MLS Listing,,Single Family Residential,1738 High Sierra Blvd,Billings,MT,59105,399900,5,3.0,HIGH SIERRA SUB 1ST FILING,2632,10890,2002,25,152,,Active,August-2-2025 10:00 AM,August-2-2025 12:00 PM,https://www.redfin.com/MT/Billings/1738-High-Sierra-Blvd-59105/home/136412560,BMTMLS,354060,N,Y,45.8298763,-108.5166077
MLS Listing,,Single Family Residential,3442 Windmill Cir,Billings,MT,59102,415000,5,3.0,Harvest,2579,7405,1980,26,161,,Active,,,https://www.redfin.com/MT/Billings/3442-Windmill-Cir-59102/home/136379343,BMTMLS,354055,N,Y,45.761555,-108.6029793
MLS Listing,,Single Family Residential,102 Riverside Rd,Billings,MT,59101,244000,4,2.0,Willis Subdivision 2nd Filling,1900,39117,1931,28,128,,Active,,,https://www.redfin.com/MT/Billings/102-Riverside-Rd-59101/home/136154542,BMTMLS,354022,N,Y,45.7679336,-108.5050403
MLS Listing,,Single Family Residential,512 Wheatstone Dr S,Billings,MT,59102,330000,3,1.5,HARVEST SUBD,1642,8605,1982,28,201,,Active,,,https://www.redfin.com/MT/Billings/512-Wheatstone-Dr-S-59102/home/136146682,BMTMLS,353982,N,Y,45.7599524,-108.6035847
MLS Listing,,Single Family Residential,421 14th Street West St,Billings,MT,59102,349900,5,1.0,NORMANDY,2080,7465,1962,29,168,,Active,,,https://www.redfin.com/MT/Billings/421-14th-St-W-59102/home/136370842,BMTMLS,354038,N,Y,45.7747873,-108.5510191
MLS Listing,,Single Family Residential,2415 Miles Ave,Billings,MT,59102,339000,3,2.5,Descro Sub,2160,6490,1955,29,157,,Active,,,https://www.redfin.com/MT/Billings/2415-Miles-Ave-59102/home/136399420,BMTMLS,354037,N,Y,45.7747094,-108.5773304
MLS Listing,,Townhouse,2923 Eagle Butte Trail Trl,Billings,MT,59106,357000,3,2.0,Signal Peak Townhomes,1212,1212,2023,29,295,205,Active,,,https://www.redfin.com/MT/Billings/2923-Eagle-Butte-Trl-59106/home/184905479,BMTMLS,354017,N,Y,45.7992748,-108.6766489
MLS Listing,,Single Family Residential,2730 Gregory Dr S,Billings,MT,59102,575000,4,4.5,Gregory SUBD,5320,12197,1974,29,108,,Active,,,https://www.redfin.com/MT/Billings/2730-Gregory-Dr-S-59102/home/136204988,BMTMLS,354012,N,Y,45.7990066,-108.5848225
MLS Listing,,Townhouse,6395 Signal Peak Ave Ave,Billings,MT,59106,365000,3,2.0,Signal Peak Townhomes,1293,1293,2023,29,282,205,Active,,,https://www.redfin.com/MT/Billings/6395-Signal-Peak-Ave-59106/home/184905818,BMTMLS,354030,N,Y,45.7995456,-108.6792082
MLS Listing,,Townhouse,6391 Signal Peak Ave Ave,Billings,MT,59106,353000,2,2.0,Signal Peak Townhomes,1165,1165,2023,29,303,205,Active,,,https://www.redfin.com/MT/Billings/6391-Signal-Peak-Ave-59106/home/196264130,BMTMLS,354029,N,Y,45.8004055,-108.6782953
MLS Listing,,Townhouse,6389 Signal Peak Ave Ave,Billings,MT,59106,353000,2,2.0,Signal Peak Townhomes,1165,1165,2023,29,303,205,Active,,,https://www.redfin.com/MT/Billings/6389-Signal-Peak-Ave-59106/home/196264068,BMTMLS,354028,N,Y,45.8004864,-108.6781368
MLS Listing,,Vacant Land,Lot C Alkali Creek Rd,Billings,MT,59105,295000,,,TERRACE ESTATES SUB 3RD FILING,,140089,,29,,,Active,,,https://www.redfin.com/MT/Billings/Lot-C-Alkali-Creek-Rd-59105/home/196263356,BMTMLS,354007,N,Y,45.803191,-108.488925
MLS Listing,,Vacant Land,Lot D Alkali Creek Rd,Billings,MT,59105,295000,,,TERRACE ESTATES SUB 3RD FILING,,112341,,29,,,Active,,,https://www.redfin.com/MT/Billings/Lot-D-Alkali-Creek-Rd-59105/home/196263355,BMTMLS,354008,N,Y,45.817624,-108.521769
MLS Listing,,Vacant Land,Lot A Alkali Creek Rd,Billings,MT,59105,695000,,,Terrace Estates,,875164,,29,,,Active,,,https://www.redfin.com/MT/Billings/Lot-A-Alkali-Creek-Rd-59105/home/196263354,BMTMLS,353993,N,Y,45.819914,-108.524298
MLS Listing,,Single Family Residential,3121 & 3123 Prairie Dr,Billings,MT,59101,426000,4,3.0,Billings,1698,42689,1930,29,251,,Active,,,https://www.redfin.com/MT/Billings/3121-Prairie-Dr-59101/home/184606556,BMTMLS,353992,N,Y,45.7943573,-108.4052389
MLS Listing,,Condo/Co-op,1310 Yellowstone Ave #8,Billings,MT,59102,199000,2,2.0,Mystic Springs Condos,1030,,1984,29,193,248,Active,,,https://www.redfin.com/MT/Billings/1310-Yellowstone-Ave-59102/unit-8/home/136458260,BMTMLS,353984,N,Y,45.778426,-108.549097
MLS Listing,,Single Family Residential,2315 River Agate Ln,Billings,MT,59106,649900,4,3.0,Stone Creek Subd,2275,19602,2025,29,286,25,Active,,,https://www.redfin.com/MT/Billings/2315-River-Agate-Ln-59106/home/196261503,BMTMLS,354014,N,Y,45.7267269,-108.6776003
MLS Listing,,Single Family Residential,6930 Skycrest Dr,Billings,MT,59106,810000,5,3.0,Skycrest Estates,3880,21780,2019,29,209,32,Active,,,https://www.redfin.com/MT/Billings/6930-Skycrest-Dr-59106/home/169050652,BMTMLS,353975,N,Y,45.7485689,-108.6926899
MLS Listing,,Single Family Residential,721 Cave Rd,Billings,MT,59101,429000,3,2.0,Emerald Hills,2312,102802,1982,30,186,,Active,,,https://www.redfin.com/MT/Billings/721-Cave-Rd-59101/home/136026391,BMTMLS,353995,N,Y,45.8108405,-108.3590763
MLS Listing,,Townhouse,3385 Granger Ave S #4,Billings,MT,59102,219900,2,1.5,Cedrus Clump Condos,1504,436,1984,30,146,230,Active,,,https://www.redfin.com/MT/Billings/3385-Granger-Ave-S-59102/unit-4/home/136367523,BMTMLS,353983,N,Y,45.7562604,-108.6004295
MLS Listing,,Vacant Land,2303 Lake Elmo Dr,Billings,MT,59105,159000,,,Pemberton,,19428,,30,,,Active,,,https://www.redfin.com/MT/Billings/2303-Lake-Elmo-Dr-59105/home/165754177,BMTMLS,353938,N,Y,45.840009,-108.475233
MLS Listing,,Single Family Residential,153 W Hilltop Rd,Billings,MT,59105,429900,4,2.5,Kimberley Heights,2322,13141,1983,30,185,,Active,August-3-2025 02:00 PM,August-3-2025 04:00 PM,https://www.redfin.com/MT/Billings/153-W-Hilltop-Rd-59105/home/136270945,BMTMLS,353996,N,Y,45.8131668,-108.4918607
MLS Listing,,Single Family Residential,240 Terry Ave Unit 1-3,Billings,MT,59101,349000,5,3.0,Suburban,1702,7000,1919,30,205,,Active,,,https://www.redfin.com/MT/Billings/240-Terry-Ave-59101/unit-1-3/home/196254892,BMTMLS,353987,N,Y,45.774983,-108.5224682
MLS Listing,,Single Family Residential,240 Terry Ave,Billings,MT,59101,349000,5,2.0,Suburban,1702,7000,1919,30,205,,Active,,,https://www.redfin.com/MT/Billings/240-Terry-Ave-59101/home/136361106,BMTMLS,353986,N,Y,45.774983,-108.5224682
MLS Listing,,Single Family Residential,2737 Gregory Dr Dr N,Billings,MT,59102,1200000,5,3.5,GREGORY SUBD 3RD FILING,6154,28713,1984,30,195,,Active,,,https://www.redfin.com/MT/Billings/2737-Gregory-Dr-N-59102/home/136263151,BMTMLS,353941,N,Y,45.8019878,-108.585785
MLS Listing,,Vacant Land,Lot 29 Platinum Dr,Billings,MT,59106,145000,,,Onyx Pointe,,28314,,30,,,Active,,,https://www.redfin.com/MT/Billings/Lot-29-Platinum-Dr-59106/home/192709622,BMTMLS,353981,N,Y,45.733637,-108.679576
MLS Listing,,Vacant Land,Lot 23 Graphite Dr,Billings,MT,59106,143000,,,Onyx Pointe,,27878,,30,,,Active,,,https://www.redfin.com/MT/Billings/Lot-23-Graphite-DR-59106/home/192710604,BMTMLS,353980,N,Y,45.734767,-108.679575
MLS Listing,,Vacant Land,Lot 22 Graphite Dr,Billings,MT,59106,143000,,,Onyx Pointe,,27878,,30,,,Active,,,https://www.redfin.com/MT/Billings/Lot-22-Graphite-DR-59106/home/192710202,BMTMLS,353979,N,Y,45.734493,-108.679577
MLS Listing,,Single Family Residential,3903 Temple Pl,Billings,MT,59106,599000,5,2.0,Temple Estates,2804,44867,1983,30,214,,Active,August-3-2025 12:00 PM,August-3-2025 02:00 PM,https://www.redfin.com/MT/Billings/3903-Temple-Pl-59106/home/136282267,BMTMLS,353969,N,Y,45.7427509,-108.6143293
MLS Listing,,Vacant Land,Lot 3 Graphite Dr,Billings,MT,59106,140000,,,Onyx Pointe,,24394,,30,,,Active,,,https://www.redfin.com/MT/Billings/Lot-3-Graphite-DR-59106/home/192710788,BMTMLS,353978,N,Y,45.735059,-108.682407
MLS Listing,,Vacant Land,40.43 Acres Sagebrush Ridge Rd,Billings,MT,59101,250000,,,C.O.S. 3848,,1761131,,31,,,Active,,,https://www.redfin.com/MT/Billings/40-43-Acres-Stoney-Ridge-Rd-59106/home/196246836,BMTMLS,353961,N,Y,45.749957,-108.392267
MLS Listing,,Vacant Land,39.903 Acres Sage Wood Rd,Billings,MT,59101,225000,,,C.O.S. 2947,,1738175,,31,,,Active,,,https://www.redfin.com/MT/Unknown/39-903-Acres-Sage-Wood-Rd-59101/home/196246674,BMTMLS,353958,N,Y,45.755016,-108.396653
MLS Listing,,Single Family Residential,3509 Mac Duff Circle Cir,Billings,MT,59101,722900,3,2.5,Briarwood,4112,30587,1996,31,176,,Active,,,https://www.redfin.com/MT/Billings/3509-Mac-Duff-Cir-59101/home/165826170,BMTMLS,353953,N,Y,45.7110428,-108.5055645
MLS Listing,,Single Family Residential,3036 Rimrock Rd,Billings,MT,59102,399000,4,3.0,Saguaro,2456,9148,1968,31,162,,Active,,,https://www.redfin.com/MT/Billings/3036-Rimrock-Rd-59102/home/136393193,BMTMLS,353952,N,Y,45.7984477,-108.5920516
MLS Listing,,Vacant Land,Lot 20 White Ash Pl,Billings,MT,59106,109900,,,Grove Sub,,31799,,31,,,Active,,,https://www.redfin.com/MT/Billings/Lot-20-White-Ash-PL-59106/home/183193961,BMTMLS,353926,N,Y,45.740204,-108.6802
MLS Listing,,Vacant Land,40.445 Acres Sage Wood Rd,Billings,MT,59101,300000,,,C.O.S. 3848,,1761784,,31,,,Active,,,https://www.redfin.com/MT/Unknown/40-445-Acres-Sage-Wood-Rd-59101/home/196244122,BMTMLS,353950,N,Y,45.749656,-108.395558
MLS Listing,,Vacant Land,40.415 Acres Sagebrush Ridge Rd,Billings,MT,59101,250000,,,C.O.S. 3848,,1760477,,31,,,Active,,,https://www.redfin.com/MT/Billings/40-415-Acres-Stoney-Ridge-Rd-59106/home/196243938,BMTMLS,353949,N,Y,45.749779,-108.388852
MLS Listing,,Single Family Residential,3208 Harrier Lane Ln,Billings,MT,59106,649900,6,3.0,Falcon Ridge Estates 2nd,3460,9609,2016,31,188,6,Active,,,https://www.redfin.com/MT/Billings/3208-Harrier-Ln-59106/home/143645623,BMTMLS,353946,N,Y,45.8042656,-108.6815072
MLS Listing,,Single Family Residential,2244 Lindero Blvd,Billings,MT,59105,349900,3,2.0,High Sierra Subdivision,1361,6098,2025,32,257,10,Active,,,https://www.redfin.com/MT/Billings/2244-Lindero-Blvd-59105/home/196240539,BMTMLS,353945,N,Y,45.8399101,-108.5097418
MLS Listing,,Single Family Residential,1223 Harvard Ave Ave,Billings,MT,59102,385000,3,2.0,COLLEGE SUBD 2ND FILING,2048,7000,1947,32,188,,Active,,,https://www.redfin.com/MT/Billings/1223-Harvard-Ave-59102/home/136063956,BMTMLS,353934,N,Y,45.7961487,-108.5472862
MLS Listing,,Single Family Residential,605 Nelson Dr,Billings,MT,59102,230000,4,2.0,Rosedale,1648,7500,1954,32,140,,Active,,,https://www.redfin.com/MT/Billings/605-Nelson-Dr-59102/home/136254797,BMTMLS,353942,N,Y,45.7763206,-108.5599695
MLS Listing,,Single Family Residential,2920 40th Street West St,Billings,MT,59106,475000,4,3.0,MONTY'S PLACE SUBD,2773,10545,1975,32,171,,Active,,,https://www.redfin.com/MT/Billings/2920-40th-St-W-59106/home/136285326,BMTMLS,353928,N,Y,45.7993616,-108.6185323
MLS Listing,,Single Family Residential,2042 Green Terrace Dr,Billings,MT,59102,650000,6,4.0,COUNTRY CLUB HEIGHTS,3330,9646,2023,32,195,,Active,,,https://www.redfin.com/MT/Billings/2042-Green-Terrace-Dr-59102/home/136322270,BMTMLS,353923,N,Y,45.7991603,-108.5689217
MLS Listing,,Single Family Residential,7042 Copper Bnd,Billings,MT,59106,436990,3,2.0,Copper Ridge SUB 8th Fil (22),1470,7318,2025,32,297,20,Active,,,https://www.redfin.com/MT/Billings/7042-Copper-Bend-Blvd-59106/home/196235324,BMTMLS,353932,N,Y,45.8011888,-108.6972937
MLS Listing,,Single Family Residential,3079 Hunters Ridge Lp Loop,Billings,MT,59102,475000,4,2.5,HUNTERS RIDGE,1747,7025,2012,32,272,,Active,,,https://www.redfin.com/MT/Billings/3079-Hunters-Ridge-Loop-59102/home/136163643,BMTMLS,353918,N,Y,45.7674752,-108.5919011
MLS Listing,,Single Family Residential,7030 Copper Bend Blvd,Billings,MT,59106,446990,3,2.0,Copper Ridge SUB 8th Fil (22),1470,7449,2025,32,304,20,Active,,,https://www.redfin.com/MT/Billings/7030-Copper-Bend-Blvd-59106/home/182554832,BMTMLS,353912,N,Y,45.8014464,-108.6959456
MLS Listing,,Single Family Residential,7036 Copper Bend Blvd,Billings,MT,59106,460990,3,2.5,Copper Ridge SUB 8th Fil (22),1954,7405,2025,32,236,20,Active,,,https://www.redfin.com/MT/Billings/7036-Copper-Bend-Blvd-59106/home/182554831,BMTMLS,353910,N,Y,45.8014397,-108.6962466
MLS Listing,,Single Family Residential,7018 Copper Bend Blvd,Billings,MT,59106,444990,3,2.0,Copper Ridge SUB 8th Fil (22),1598,8233,2025,32,278,20,Active,,,https://www.redfin.com/MT/Billings/7018-Copper-Bend-Blvd-59106/home/182554834,BMTMLS,353911,N,Y,45.8015186,-108.695388
MLS Listing,,Single Family Residential,7024 Copper Bend Blvd,Billings,MT,59106,464990,4,2.5,Copper Ridge SUB 8th Fil (22),1954,7667,2025,32,238,20,Active,,,https://www.redfin.com/MT/Billings/7024-Copper-Bend-Blvd-59106/home/182554833,BMTMLS,353909,N,Y,45.8014911,-108.6956947
MLS Listing,,Vacant Land,0 Middle Valley Dr,Billings,MT,59105,139000,,,Hidden Lake,,104544,,32,,,Active,,,https://www.redfin.com/MT/Billings/Middle-Valley-Dr-59105/home/165819436,BMTMLS,353924,N,Y,45.887255,-108.455858
MLS Listing,,Vacant Land,00 Homewood Park Dr,Billings,MT,59106,375000,,,Billings,,3692146,,32,,,Active,,,https://www.redfin.com/MT/Billings/0-Homewood-Park-Dr-59106/home/183195174,BMTMLS,353892,N,Y,45.7696614,-108.7131101
MLS Listing,,Single Family Residential,3015 Macona Ln,Billings,MT,59102,450000,5,3.0,MCLUSKIE SUBD,3088,10400,1960,34,146,,Active,,,https://www.redfin.com/MT/Billings/3015-Macona-Ln-59102/home/136070196,BMTMLS,353904,N,Y,45.8000431,-108.5325111
MLS Listing,,Mobile/Manufactured Home,2120 Hillner Ln,Billings,MT,59101,199000,3,2.0,Eagle Rock,1344,12275,1970,34,148,,Active,,,https://www.redfin.com/MT/Billings/2120-Hillner-Ln-59101/home/136513599,BMTMLS,353903,N,Y,45.7980569,-108.4311264
MLS Listing,,Single Family Residential,1937 Lake Elmo Dr,Billings,MT,59105,340000,3,1.5,Superior Homes,1480,12632,1966,34,230,,Active,,,https://www.redfin.com/MT/Billings/1937-Lake-Elmo-Dr-59105/home/182556321,BMTMLS,353901,N,Y,45.8342122,-108.4761214
MLS Listing,,Single Family Residential,3653 Custer Ave,Billings,MT,59102,479500,4,2.0,Bickler,1967,10019,1984,35,244,,Active,,,https://www.redfin.com/MT/Billings/3653-Custer-Ave-59102/home/136445220,BMTMLS,353878,N,Y,45.7761162,-108.61003
MLS Listing,,Single Family Residential,2043 Lewis Ave,Billings,MT,59102,353000,4,2.0,Barnes,1944,7841,1954,35,182,,Active,,,https://www.redfin.com/MT/Billings/2043-Lewis-Ave-59102/home/136505904,BMTMLS,353852,N,Y,45.7807891,-108.5690715
MLS Listing,,Single Family Residential,7005 Copper Bend Blvd,Billings,MT,59106,424990,3,2.0,Copper Ridge SUB 8th Fil (22),1470,9354,2025,35,289,20,Active,,,https://www.redfin.com/MT/Billings/7005-Copper-Bend-Blvd-59106/home/182554855,BMTMLS,353819,N,Y,45.8019788,-108.6947678
MLS Listing,,Single Family Residential,2060 Edgewood Drive Dr,Billings,MT,59102,875000,6,3.5,FOREST PARK SUBD 4TH FILING,4736,12600,1994,35,185,,Active,,,https://www.redfin.com/MT/Billings/2060-Edgewood-Dr-59102/home/136351460,BMTMLS,353838,N,Y,45.7906414,-108.5799315
MLS Listing,,Single Family Residential,1614 Songbird Drive Dr,Billings,MT,59101,539950,4,3.5,JOSEPHINE CROSSING SUB,2788,4918,2016,35,194,40,Active,,,https://www.redfin.com/MT/Billings/1614-Songbird-Dr-59101/home/136846598,BMTMLS,353873,N,Y,45.7397043,-108.5463434
MLS Listing,,Single Family Residential,1133 Rimrock Rd,Billings,MT,59102,339000,3,2.0,Lohof,1456,11326,1973,35,233,,Active,,,https://www.redfin.com/MT/Billings/1133-Rimrock-Rd-59102/home/136039545,BMTMLS,353759,N,Y,45.7987458,-108.545738
MLS Listing,,Single Family Residential,3003 Macona Ln,Billings,MT,59102,449000,4,2.0,MCLUSKIE,2488,10400,1956,35,180,,Active,,,https://www.redfin.com/MT/Billings/3003-Macona-Ln-59102/home/136003687,BMTMLS,353890,N,Y,45.7995968,-108.5325457
MLS Listing,,Single Family Residential,2212 Gleneagles Blvd,Billings,MT,59105,650000,6,3.0,Lake Hills,3868,9600,2020,35,168,,Active,,,https://www.redfin.com/MT/Billings/2212-Gleneagles-Blvd-59105/home/169052644,BMTMLS,353843,N,Y,45.8384401,-108.5071533
MLS Listing,,Single Family Residential,2829 Poly Dr,Billings,MT,59102,399000,3,2.5,"Choate, Francis",2787,9720,1956,35,143,,Active,August-2-2025 02:00 PM,August-2-2025 04:00 PM,https://www.redfin.com/MT/Billings/2829-Poly-Dr-59102/home/136423723,BMTMLS,353885,N,Y,45.7952786,-108.5867626
MLS Listing,,Single Family Residential,365 Stewart Ct South Ct,Billings,MT,59105,426900,4,3.0,Kimberley,2228,10200,1975,35,192,,Active,August-2-2025 02:00 PM,August-2-2025 04:30 PM,https://www.redfin.com/MT/Billings/365-Stewart-Ct-S-59105/home/136083322,BMTMLS,353882,N,Y,45.8159144,-108.4969607
MLS Listing,,Vacant Land,1530 Prairie Meadow Ln,Billings,MT,59101,99500,,,Riverfronte Point,,8880,,36,,,Active,,,https://www.redfin.com/MT/Billings/1530-Prairie-Meadow-Ln-59101/home/165826014,BMTMLS,353881,N,Y,45.741872,-108.546951
MLS Listing,,Single Family Residential,6427 Wildflower Ln,Billings,MT,59106,1099000,6,4.0,The Meadows,4889,61420,2025,36,225,40,Active,,,https://www.redfin.com/MT/Billings/6427-Wildflower-LN-59106/home/196202110,BMTMLS,353879,N,Y,45.744079,-108.682359
MLS Listing,,Vacant Land,130 Sunlight Cir,Billings,MT,59101,70000,,,Billings,,20037,,36,,,Active,,,https://www.redfin.com/MT/Billings/130-Sunlight-Cir-59101/home/165767251,MRMLS,30052802,N,Y,45.8086019,-108.3883929
MLS Listing,,Single Family Residential,3112 6th Ave S,Billings,MT,59101,280000,4,1.5,BILLINGS ORIGINAL TOWNSITE,1148,3500,1947,36,244,,Active,August-3-2025 12:00 PM,August-3-2025 02:00 PM,https://www.redfin.com/MT/Billings/3112-6th-Ave-S-59101/home/136330849,BMTMLS,353865,N,Y,45.7731021,-108.5030559
MLS Listing,,Single Family Residential,739 Bazaar Exchange,Billings,MT,59105,354000,4,2.0,SAHARA SANDS 1ST FILING,2122,17039,1979,36,167,,Active,,,https://www.redfin.com/MT/Billings/739-Bazaar-Exchange-59105/home/136096454,BMTMLS,353866,N,Y,45.8118105,-108.4921938
MLS Listing,,Townhouse,347 Westchester Square North,Billings,MT,59105,299900,3,2.5,Mountain Ash Townhomes,1948,,2004,36,154,350,Active,,,https://www.redfin.com/MT/Billings/347-Westchester-Sq-N-59105/home/136302367,BMTMLS,353834,N,Y,45.8262785,-108.4942497
MLS Listing,,Single Family Residential,2641 Palmer Lane Ln,Billings,MT,59105,535000,3,2.0,Bitterroot Heights,1792,10286,2025,36,299,,Active,,,https://www.redfin.com/MT/Billings/2641-Palmer-Ln-59105/home/183190281,BMTMLS,353869,N,Y,45.7990062,-108.6654326
MLS Listing,,Vacant Land,1A Bermes Rd,Billings,MT,59106,395000,,,Far and Away Estates,,450410,,36,,,Active,,,https://www.redfin.com/MT/Billings/1A-Bermes-RD-59106/home/183190102,BMTMLS,353856,N,Y,45.841032,-108.724637
MLS Listing,,Vacant Land,5A Bermes Rd,Billings,MT,59106,395000,,,Far and Away Estates,,437778,,36,,,Active,,,https://www.redfin.com/MT/Billings/5A-Bermes-RD-59106/home/183189650,BMTMLS,353857,N,Y,45.841892,-108.723085
MLS Listing,,Vacant Land,13A1 Land Rush Ln,Billings,MT,59106,395000,,,Far and Away Estates,,441698,,36,,,Active,,,https://www.redfin.com/MT/Billings/13A1-Land-Rush-LN-59106/home/185699308,BMTMLS,353860,N,Y,45.83698,-108.726772
MLS Listing,,Vacant Land,Lot 19A Hidden Spring Ln,Billings,MT,59106,395000,,,Far and Away Estates,,457380,,36,,,Active,,,https://www.redfin.com/MT/Billings/Lot-19A-Spring-Creek-Ln-59106/home/194920002,BMTMLS,353862,N,Y,45.83936,-108.732119
MLS Listing,,Single Family Residential,4511 Pine Hills Rd,Billings,MT,59101,800000,3,2.0,Billings,2304,435600,1983,36,347,,Active,,,https://www.redfin.com/MT/Billings/4511-Pine-Hills-Rd-59101/home/136436896,BMTMLS,353845,N,Y,45.833,-108.368882
MLS Listing,,Vacant Land,15A1 Land Rush Lane Ln,Billings,MT,59106,395000,,,Far and Away Estates,,438649,,36,,,Active,,,https://www.redfin.com/MT/Billings/15A1-Land-Rush-Lane-LN-59106/home/185699175,BMTMLS,353861,N,Y,45.838019,-108.728532
MLS Listing,,Vacant Land,10A-2 Canyon View Ln,Billings,MT,59106,412000,,,Far and Away Estates,,561053,,36,,,Active,,,https://www.redfin.com/MT/Billings/10A-2-Canyon-View-LN-59106/home/189512379,BMTMLS,353859,N,Y,45.839029,-108.72228
MLS Listing,,Mobile/Manufactured Home,2224 US Hwy 87 E #90,Billings,MT,59101,102000,3,2.0,Hill Side Mobile Home Park,1216,,1999,36,84,650,Active,,,https://www.redfin.com/MT/Billings/2224-U-S-Hwy-87-E-59101/unit-90/home/183193994,BMTMLS,353787,N,Y,45.7929076,-108.4252767
MLS Listing,,Multi-Family (2-4 Unit),4131 Buchanan Ave,Billings,MT,59101,274900,5,3.0,Fairview,1996,6098,1939,37,138,,Active,,,https://www.redfin.com/MT/Billings/4131-Buchanan-Ave-59101/home/136269305,BMTMLS,353846,N,Y,45.7691306,-108.516721
MLS Listing,,Single Family Residential,2332 Alderson Ave,Billings,MT,59102,480000,4,2.0,ARNOLD SUBD 1ST FILING    Bloc,2684,15771,1956,37,179,,Active,August-3-2025 12:00 PM,August-3-2025 02:00 PM,https://www.redfin.com/MT/Billings/2332-Alderson-Ave-59102/home/136370066,BMTMLS,353849,N,Y,45.7829077,-108.5751848
MLS Listing,,Vacant Land,3945 Laredo Pl,Billings,MT,59102,265000,,,MONTY'S PLACE 2ND FILING,,12500,,37,,,Active,,,https://www.redfin.com/MT/Billings/3945-Laredo-Pl-59106/home/165836679,BMTMLS,353809,N,Y,45.802836,-108.617534
MLS Listing,,Vacant Land,LOT 6 Timbers Blvd S,Billings,MT,59105,138000,,,The Timbers,,30305,,37,,,Active,,,https://www.redfin.com/MT/Billings/1321-Steffanich-Dr-59105/home/136431653,BMTMLS,353830,N,Y,45.8209202,-108.4519726
MLS Listing,,Vacant Land,LOT 51 Timbers Blvd S,Billings,MT,59105,129000,,,The Timbers,,24433,,37,,,Active,,,https://www.redfin.com/MT/Billings/LOT-51-Timbers-BLVD-S-59105/home/188035513,BMTMLS,353828,N,Y,45.820164,-108.533339
MLS Listing,,Vacant Land,LOT 54 Timbers Blvd S,Billings,MT,59105,149000,,,The Timbers,,39412,,37,,,Active,,,https://www.redfin.com/MT/Billings/LOT-54-Timbers-BLVD-S-59105/home/184237350,BMTMLS,353829,N,Y,45.820055,-108.531929
MLS Listing,,Single Family Residential,7650 Century Hls,Billings,MT,59106,398000,4,2.0,CENTURY HILLS RANCHETTES,2007,43560,2004,37,198,42,Active,,,https://www.redfin.com/MT/Billings/7650-Century-Hills-Rd-N-59106/home/183195934,BMTMLS,353793,N,Y,45.7757512,-108.7123732
MLS Listing,,Single Family Residential,"1212 Custer Ave Ave Unit 1,2",Billings,MT,59102,449900,4,2.0,HOULE SUBD,2106,7000,1952,37,214,,Active,,,https://www.redfin.com/MT/Shepherd/1212-Custer-Ave-AVE-59079/unit-1-2/home/195547217,BMTMLS,353807,N,Y,45.775872,-108.546813
MLS Listing,,Single Family Residential,1212 Custer Ave,Billings,MT,59102,449900,4,2.0,Houle,2106,7000,1952,37,214,,Active,,,https://www.redfin.com/MT/Billings/1212-Custer-Ave-59102/home/135997119,BMTMLS,353808,N,Y,45.7758371,-108.5468685
MLS Listing,,Vacant Land,Lot 7 Southern Sky Ln,Billings,MT,59106,195000,,,SOUTHERN SKY ESTATES SUB,,93088,,38,,,Active,,,https://www.redfin.com/MT/Billings/Lot-7-Southern-Sky-LN-Unknown/home/186995648,BMTMLS,353701,N,Y,45.707489,-108.665037
MLS Listing,,Vacant Land,Lot 11 Amberly Ln,Billings,MT,59106,235000,,,SOUTHERN SKY ESTATES SUB,,139131,,38,,,Active,,,https://www.redfin.com/MT/Billings/Lot-11-Amberly-LN-59106/home/193096914,BMTMLS,353703,N,Y,45.708918,-108.663701
MLS Listing,,Vacant Land,Lot 4 Southern Sky Ln,Billings,MT,59106,195000,,,SOUTHERN SKY ESTATES SUB,,91607,,38,,,Active,,,https://www.redfin.com/MT/Billings/Lot-4-Southern-Sky-LN-Unknown/home/186995643,BMTMLS,353698,N,Y,45.706249,-108.66663
MLS Listing,,Vacant Land,Lot 9 Amberly Ln,Billings,MT,59106,195000,,,SOUTHERN SKY ESTATES SUB,,101408,,38,,,Active,,,https://www.redfin.com/MT/Billings/Lot-9-Amberly-LN-59106/home/193096915,BMTMLS,353702,N,Y,45.708213,-108.664023
MLS Listing,,Vacant Land,Lot 6 Southern Sky Ln,Billings,MT,59106,195000,,,SOUTHERN SKY ESTATES SUB,,95788,,38,,,Active,,,https://www.redfin.com/MT/Billings/Lot-6-Southern-Sky-LN-Unknown/home/186995645,BMTMLS,353700,N,Y,45.707043,-108.665455
MLS Listing,,Vacant Land,Lot 5 Southern Sky Ln,Billings,MT,59106,195000,,,SOUTHERN SKU ESTATES SUB,,91781,,38,,,Active,,,https://www.redfin.com/MT/Billings/Lot-5-Southern-Sky-LN-Unknown/home/186995649,BMTMLS,353699,N,Y,45.70653,-108.665681
