SALE TYPE,SOLD DATE,PROPERTY TYPE,ADDRESS,CITY,STATE OR PROVINCE,ZIP OR POSTAL CODE,PRICE,BEDS,BATHS,LOCATION,SQUARE FEET,LOT SIZE,YEAR BUILT,DAYS ON MARKET,$/SQUARE FEET,HOA/MONTH,STATUS,NEXT OPEN HOUSE START TIME,NEXT OPEN HOUSE END TIME,URL (SEE https://www.redfin.com/buy-a-home/comparative-market-analysis FOR INFO ON PRICING),SOURCE,MLS#,FAVORITE,INTERESTED,LATITUDE,LONGITUDE
"In accordance with local MLS rules, some MLS listings are not included in the download"
MLS Listing,,Single Family Residential,3220 Queensland Rd,Raleigh,NC,27614,835000,5,4.0,Wakefield,4238,12197,2005,1,197,25,Active,August-3-2025 01:00 PM,August-3-2025 04:00 PM,https://www.redfin.com/NC/Raleigh/3220-Queensland-Rd-27614/home/41296887,TMLS,10112809,N,Y,35.936458,-78.5558379
MLS Listing,,Single Family Residential,3350 Alamance Dr,Raleigh,NC,27609,1385000,3,3.0,Country Club Hills,3148,24394,1952,1,440,,Active,August-2-2025 01:00 PM,August-2-2025 04:00 PM,https://www.redfin.com/NC/Raleigh/3350-Alamance-Dr-27609/home/41106151,TMLS,10112682,N,Y,35.8289449,-78.6627967
MLS Listing,,Single Family Residential,105 Tall Rock Ct,Raleigh,NC,27610,318000,2,2.0,Victoria Place,976,10019,1987,1,326,25,Active,August-3-2025 12:00 PM,August-3-2025 02:00 PM,https://www.redfin.com/NC/Raleigh/105-Tall-Rock-Ct-27610/home/41174044,TMLS,10112191,N,Y,35.7821156,-78.5974956
MLS Listing,,Single Family Residential,420 Camden St,Raleigh,NC,27601,899000,4,3.5,Not in a Subdivision,2168,6970,2021,6,415,,Active,,,https://www.redfin.com/NC/Raleigh/420-Camden-St-27601/home/174384633,TMLS,10111710,N,Y,35.7746056,-78.6267017
MLS Listing,,Single Family Residential,12426 Pawleys Mill Cir,Raleigh,NC,27614,659000,5,4.0,St James Place,2958,10454,2003,8,223,25,Active,,,https://www.redfin.com/NC/Raleigh/12426-Pawleys-Mill-Cir-27614/home/41282635,TMLS,10111100,N,Y,35.9599933,-78.5503453
MLS Listing,,Single Family Residential,5108 Old Valley St,Raleigh,NC,27603,299000,3,1.0,Homemont,1206,13939,1959,8,248,,Active,,,https://www.redfin.com/NC/Raleigh/5108-Old-Valley-St-27603/home/41105878,TMLS,10110432,N,Y,35.7090293,-78.6431505
MLS Listing,,Condo/Co-op,222 Glenwood Ave #219,Raleigh,NC,27603,592500,3,2.0,222 Glenwood,1389,,2007,13,427,544,Active,,,https://www.redfin.com/NC/Raleigh/222-Glenwood-Ave-27603/unit-219/home/41326161,TMLS,10110172,N,Y,35.7834748,-78.6472117
MLS Listing,,Single Family Residential,3427 Piping Plover Dr,Raleigh,NC,27616,510000,5,3.0,Massey Preserve South,2864,9583,2016,14,178,50,Active,,,https://www.redfin.com/NC/Raleigh/3427-Piping-Plover-Dr-27616/home/103508010,TMLS,10110044,N,Y,35.8653206,-78.5185419
MLS Listing,,Townhouse,410 Oak Run Dr,Raleigh,NC,27606,294000,3,3.0,Oak Run Townhomes,1515,1307,1987,48,194,180,Active,,,https://www.redfin.com/NC/Raleigh/410-Oak-Run-Dr-27606/home/41175667,TMLS,10102942,N,Y,35.7808437,-78.7337447
MLS Listing,,Townhouse,7731 Kingsberry Ct,Raleigh,NC,27615,274900,3,1.5,Crown Oaks,1269,1742,1983,49,217,198,Active,,,https://www.redfin.com/NC/Raleigh/7731-Kingsberry-Ct-27615/home/41151494,TMLS,10101494,N,Y,35.88613,-78.645411
MLS Listing,,Single Family Residential,104 Benedict Ln,Raleigh,NC,27614,595000,4,2.5,Wedgefield,1950,40075,1986,55,305,,Active,,,https://www.redfin.com/NC/Raleigh/104-Benedict-Ln-27614/home/41156709,TMLS,10101460,N,Y,35.940227,-78.6440525
MLS Listing,,Single Family Residential,821 Woodburn Rd,Raleigh,NC,27605,879000,4,2.5,Cameron Village,2144,12632,1950,56,410,,Active,August-2-2025 01:00 PM,August-2-2025 03:00 PM,https://www.redfin.com/NC/Raleigh/821-Woodburn-Rd-27605/home/41108535,TMLS,10101055,N,Y,35.7951682,-78.6558786
MLS Listing,,Single Family Residential,5113 Ranger Grove Way,Raleigh,NC,27604,480000,4,2.5,Peace River Village,2369,4792,2025,69,203,50,Active,,,https://www.redfin.com/NC/Raleigh/5113-Ranger-Grove-Way-27604/home/190002784,TMLS,10098377,N,Y,35.841256,-78.523807
MLS Listing,,Condo/Co-op,9211 Calabria Dr #104,Raleigh,NC,27617,439900,4,3.5,The Cottages at Brier Creek,2101,,2009,70,209,467,Active,,,https://www.redfin.com/NC/Raleigh/9211-Calabria-Dr-27617/unit-104/home/41331059,TMLS,10097934,N,Y,35.8989098,-78.7972986
MLS Listing,,Single Family Residential,10909 Raven Rock Dr,Raleigh,NC,27614,1065000,4,4.0,Alpine Forest,4268,108028,1972,70,250,,Active,,,https://www.redfin.com/NC/Raleigh/10909-Raven-Rock-Dr-27614/home/41090718,TMLS,10096057,N,Y,35.9379754,-78.6527501
MLS Listing,,Single Family Residential,712 Beaver Dam Rd,Raleigh,NC,27607,599000,3,3.0,Ridgewood,2607,12196,1961,76,230,,Active,,,https://www.redfin.com/NC/Raleigh/712-Beaver-Dam-Rd-27607/home/41091450,TMLS,10096981,N,Y,35.7989522,-78.6813894
MLS Listing,,Townhouse,1602 Bowery Dr,Raleigh,NC,27607,589000,3,3.5,Trinity Brownstones,2212,1307,2018,76,266,225,Active,,,https://www.redfin.com/NC/Raleigh/1602-Bowery-Dr-27607/home/160459918,TMLS,10096879,N,Y,35.804714,-78.7375446
MLS Listing,,Single Family Residential,5456 Grand Traverse Dr,Raleigh,NC,27604,329000,3,2.5,Hedingham,1463,4792,1998,93,225,146,Active,,,https://www.redfin.com/NC/Raleigh/5456-Grand-Traverse-Dr-27604/home/41225954,TMLS,10092575,N,Y,35.8081153,-78.5412736
MLS Listing,,Single Family Residential,2157 Dunn Rd,Raleigh,NC,27614,399000,3,2.5,Falls River,1679,3920,2000,95,238,33,Active,,,https://www.redfin.com/NC/Raleigh/2157-Dunn-Rd-27614/home/41243803,TMLS,10091300,N,Y,35.9197253,-78.5702951
MLS Listing,,Condo/Co-op,2306 Stafford Ave Unit A,Raleigh,NC,27607,425000,2,2.0,Stafford Place,927,,1987,119,458,150,Active,,,https://www.redfin.com/NC/Raleigh/2306-Stafford-Ave-27607/unit-A/home/41249464,TMLS,10086547,N,Y,35.7907443,-78.6645834
MLS Listing,,Single Family Residential,212 Blanchard St,Raleigh,NC,27603,305000,3,1.0,Hertford Village,1032,18295,1954,1,296,,Active,,,https://www.redfin.com/NC/Raleigh/212-Blanchard-St-27603/home/41072374,TMLS,10112738,N,Y,35.7438653,-78.6432364
MLS Listing,,Single Family Residential,7516 Grist Mill Rd,Raleigh,NC,27615,2749900,5,5.5,North Ridge,4595,13939,2024,1,598,,Active,,,https://www.redfin.com/NC/Raleigh/7516-Grist-Mill-Rd-27615/home/41225038,TMLS,10113065,N,Y,35.8865705,-78.6194086
MLS Listing,,Single Family Residential,4605 Fernham Pl,Raleigh,NC,27612,618900,4,2.5,Oak Park,2324,18730,1968,1,266,,Active,August-2-2025 01:00 PM,August-2-2025 03:00 PM,https://www.redfin.com/NC/Raleigh/4605-Fernham-Pl-27612/home/41075194,TMLS,10113057,N,Y,35.8451137,-78.7058062
MLS Listing,,Townhouse,1738 Quail Ridge Road Rd,Raleigh,NC,27609,269900,3,2.5,Sweetbriar Forest,1406,1306,1973,1,192,,Active,,,https://www.redfin.com/NC/Raleigh/1738-Quail-Ridge-Rd-27609/home/41121736,TMLS,10113041,N,Y,35.8548159,-78.6085052
MLS Listing,,Single Family Residential,5220 Crescent Square St,Raleigh,NC,27616,600000,5,4.0,5401 North,3616,9148,2020,1,166,114,Active,,,https://www.redfin.com/NC/Raleigh/5220-Crescent-Square-St-27616/home/170582717,TMLS,10113036,N,Y,35.8586945,-78.5388715
MLS Listing,,Single Family Residential,2516 Stonehenge Park Dr,Raleigh,NC,27613,984500,4,4.0,Stonehenge Park,3200,10890,2011,1,308,42,Active,,,https://www.redfin.com/NC/Raleigh/2516-Stonehenge-Park-Dr-27613/home/41330017,TMLS,10113024,N,Y,35.8867422,-78.6874337
MLS Listing,,Condo/Co-op,8031 Allyns Landing Way #303,Raleigh,NC,27615,345000,2,2.0,Allyns Landing,1283,,2004,1,269,445,Active,,,https://www.redfin.com/NC/Raleigh/8031-Allyns-Landing-Way-27615/unit-303/home/41291599,TMLS,10112990,N,Y,35.8902645,-78.6510583
MLS Listing,,Single Family Residential,904 Willow Run South Dr,Raleigh,NC,27615,950000,3,3.0,Willow Run,3837,37026,1982,1,248,,Active,August-1-2025 04:00 PM,August-1-2025 06:00 PM,https://www.redfin.com/NC/Raleigh/904-Willow-Run-South-Dr-27615/home/41334785,TMLS,10112989,N,Y,35.878491,-78.6330533
MLS Listing,,Single Family Residential,4729 Adler Pass,Raleigh,NC,27612,1349000,4,4.0,The Hamptons at Umstead,4085,17149,2013,1,330,110,Active,,,https://www.redfin.com/NC/Raleigh/4729-Adler-Pass-27612/home/44546562,TMLS,10112971,N,Y,35.8404317,-78.7228584
MLS Listing,,Townhouse,1001 High Lake Ct,Raleigh,NC,27606,330000,3,2.0,Lakeview,1764,3485,1988,1,187,230,Active,,,https://www.redfin.com/NC/Raleigh/1001-High-Lake-Ct-27606/home/41179390,TMLS,10112968,N,Y,35.7669343,-78.7066636
MLS Listing,,Single Family Residential,5108 Crescent Square Street St,Raleigh,NC,27616,649000,5,5.0,5401 North,3988,7405,2021,1,163,114,Active,,,https://www.redfin.com/NC/Raleigh/5108-Crescent-Square-St-27616/home/171423167,TMLS,10112946,N,Y,35.8570604,-78.5360941
MLS Listing,,Single Family Residential,3225 Marie Dr,Raleigh,NC,27604,749000,4,2.5,Timberlake,3203,23522,1965,1,234,29,Active,,,https://www.redfin.com/NC/Raleigh/3225-Marie-Dr-27604/home/41106915,TMLS,10112926,N,Y,35.8040859,-78.588594
MLS Listing,,Single Family Residential,9109 Club Hill Dr,Raleigh,NC,27617,800000,4,2.5,Brier Creek Country Club,2746,11761,2001,1,291,236,Active,,,https://www.redfin.com/NC/Raleigh/9109-Club-Hill-Dr-27617/home/41252568,TMLS,10112923,N,Y,35.9077734,-78.792241
MLS Listing,,Single Family Residential,2301 Sapphire Valley Dr,Raleigh,NC,27604,350000,3,2.5,Hedingham,1650,3484,2002,1,212,65,Active,August-2-2025 11:00 AM,August-2-2025 02:00 PM,https://www.redfin.com/NC/Raleigh/2301-Sapphire-Valley-Dr-27604/home/41277848,TMLS,10112921,N,Y,35.8150199,-78.5427711
MLS Listing,,Single Family Residential,3709 Turnbull Ct,Raleigh,NC,27616,355000,3,3.0,Neuse Crossing,1604,8712,1993,1,221,11,Active,,,https://www.redfin.com/NC/Raleigh/3709-Turnbull-Ct-27616/home/41197218,TMLS,10112914,N,Y,35.8842855,-78.5191188
MLS Listing,,Townhouse,7002 Racine Way,Raleigh,NC,27615,349900,3,2.5,Northridge Trace,1550,1742,2008,1,226,120,Active,,,https://www.redfin.com/NC/Raleigh/7002-Racine-Way-27615/home/41322254,TMLS,10112906,N,Y,35.8759172,-78.594753
MLS Listing,,Single Family Residential,5001 Alenja Ln,Raleigh,NC,27616,440000,5,3.0,Triple Creek at Valley Stream,2468,9583,2003,1,178,31,Active,August-2-2025 12:00 PM,August-2-2025 02:00 PM,https://www.redfin.com/NC/Raleigh/5001-Alenja-Ln-27616/home/41273254,TMLS,10112905,N,Y,35.8417994,-78.5591547
MLS Listing,,Townhouse,3107 White Blossom Ct,Raleigh,NC,27610,338990,3,3.5,The Maple Townes,1897,,2025,1,179,340,Active,,,https://www.redfin.com/NC/Raleigh/3107-White-Blossom-Ct-27610/home/196036772,TMLS,10112897,N,Y,35.77285385131836,-78.58887481689453
MLS Listing,,Single Family Residential,3005 Glen Burnie Dr,Raleigh,NC,27607,675000,4,2.5,Meredith Woods,2354,18730,1973,1,287,,Active,August-2-2025 02:00 PM,August-2-2025 04:00 PM,https://www.redfin.com/NC/Raleigh/3005-Glen-Burnie-Dr-27607/home/41069729,TMLS,10112896,N,Y,35.82362,-78.6937868
MLS Listing,,Condo/Co-op,618 N Boylan Ave #1020,Raleigh,NC,27603,549000,2,2.0,Paramount,1164,,2005,1,472,614,Active,,,https://www.redfin.com/NC/Raleigh/618-N-Boylan-Ave-27603/unit-1020/home/41303086,TMLS,10112892,N,Y,35.7879321,-78.6484287
MLS Listing,,Single Family Residential,3312 Deering Dr,Raleigh,NC,27616,350000,3,2.5,McKinley Mill,1507,13068,2003,1,232,33,Active,,,https://www.redfin.com/NC/Raleigh/3312-Deering-Dr-27616/home/41275826,TMLS,10112880,N,Y,35.881774,-78.5130048
MLS Listing,,Townhouse,1776 Quail Ridge Rd,Raleigh,NC,27609,274500,4,2.5,Sweetbriar Forest,1508,1307,1974,1,182,320,Active,,,https://www.redfin.com/NC/Raleigh/1776-Quail-Ridge-Rd-27609/home/41121716,TMLS,10112873,N,Y,35.8555493,-78.6083226
MLS Listing,,Single Family Residential,1409 Trailwood Dr,Raleigh,NC,27606,450000,3,2.5,Not in a Subdivision,2498,29621,1957,1,180,,Active,,,https://www.redfin.com/NC/Raleigh/1409-Trailwood-Dr-27606/home/41078429,TMLS,10112871,N,Y,35.7606719,-78.6905054
MLS Listing,,Single Family Residential,2860 Rue Sans Famille,Raleigh,NC,27607,425000,2,2.0,Sans Famille,1695,6098,1980,1,251,61,Active,,,https://www.redfin.com/NC/Raleigh/2860-Rue-Sans-Famille-27607/home/41135325,TMLS,10112867,N,Y,35.8229921,-78.6875564
MLS Listing,,Townhouse,306 Dechlan Ln,Cary,NC,27513,489900,3,2.5,Ardmore,1960,2614,2013,1,250,183,Active,,,https://www.redfin.com/NC/Cary/306-Dechlan-Ln-27513/home/49771701,TMLS,10112855,N,Y,35.8008073,-78.7653493
MLS Listing,,Single Family Residential,10708 Trappers Creek Dr,Raleigh,NC,27614,935000,4,2.5,Manchester,3663,40511,1989,1,255,36,Active,August-2-2025 11:00 AM,August-2-2025 01:00 PM,https://www.redfin.com/NC/Raleigh/10708-Trappers-Creek-Dr-27614/home/41172717,TMLS,10112853,N,Y,35.9236457,-78.6250887
MLS Listing,,Townhouse,2539 Kasota Ln,Raleigh,NC,27610,355000,3,3.5,Olde Towne,1896,4791,2023,1,187,165,Active,,,https://www.redfin.com/NC/Raleigh/2539-Kasota-Ln-27610/home/184218495,TMLS,10112849,N,Y,35.734257,-78.558556
MLS Listing,,Townhouse,7130 Racine Way,Raleigh,NC,27615,330000,3,2.5,Northridge Trace,1604,1306,2007,1,206,135,Active,August-2-2025 11:00 AM,August-2-2025 01:00 PM,https://www.redfin.com/NC/Raleigh/7130-Racine-Way-27615/home/41321268,TMLS,10112838,N,Y,35.8753986,-78.5959263
MLS Listing,,Single Family Residential,1208 Lorimer Rd,Raleigh,NC,27606,585000,3,3.5,Not in a Subdivision,1660,26571,1977,1,352,,Active,,,https://www.redfin.com/NC/Raleigh/1208-Lorimer-Rd-27606/home/41076344,TMLS,10112836,N,Y,35.7818813,-78.6976446
MLS Listing,,Townhouse,4013 Silver Oak Ln,Durham,NC,27703,379990,3,3.5,Tanglewood,1780,,2025,1,213,225,Active,,,https://www.redfin.com/NC/Durham/4013-Silver-Oak-LN-27703/home/196738236,TMLS,10112834,N,Y,35.908416,-78.820697
MLS Listing,,Single Family Residential,2222 Watkins St,Raleigh,NC,27604,699000,3,2.0,Woodcrest,1623,10019,1959,1,431,,Active,,,https://www.redfin.com/NC/Raleigh/2222-Watkins-St-27604/home/41112205,TMLS,10112827,N,Y,35.8034256,-78.6140051
MLS Listing,,Single Family Residential,114 Clarendon Cres,Raleigh,NC,27610,460000,3,2.0,Longview Gardens,1682,30492,1955,1,273,,Active,,,https://www.redfin.com/NC/Raleigh/114-Clarendon-Cres-27610/home/41083560,TMLS,10112826,N,Y,35.7810305,-78.6024319
MLS Listing,,Single Family Residential,5709 Hedgemoor Dr,Raleigh,NC,27612,575000,3,2.5,Kings Mill Village,1811,12196,1982,1,318,,Active,,,https://www.redfin.com/NC/Raleigh/5709-Hedgemoor-Dr-27612/home/41334925,TMLS,10112824,N,Y,35.857928,-78.6779662
MLS Listing,,Single Family Residential,3400 Suncrest Village Ln,Raleigh,NC,27616,425000,4,2.5,Suncrest Village,2025,8712,2001,1,210,40,Active,,,https://www.redfin.com/NC/Raleigh/3400-Suncrest-Village-Ln-27616/home/41277325,TMLS,10112812,N,Y,35.873942,-78.5225418
MLS Listing,,Single Family Residential,11637 Appaloosa Run W,Raleigh,NC,27613,550000,4,3.0,Black Horse Run,2504,43560,1978,1,220,91,Active,August-3-2025 01:00 PM,August-3-2025 03:00 PM,https://www.redfin.com/NC/Raleigh/11637-Appaloosa-Run-W-27613/home/41121262,TMLS,10112804,N,Y,35.9567909,-78.7053272
MLS Listing,,Single Family Residential,3209 Caldwell Dr,Raleigh,NC,27607,710000,3,2.0,Meredith Woods,1807,14810,1964,1,393,,Active,August-2-2025 12:00 PM,August-2-2025 04:00 PM,https://www.redfin.com/NC/Raleigh/3209-Caldwell-Dr-27607/home/41084537,TMLS,10112797,N,Y,35.8103708,-78.6951379
MLS Listing,,Single Family Residential,7752 Winners Edge St,Raleigh,NC,27617,315000,2,2.5,Alexander Place,1348,1742,2004,1,234,165,Active,August-2-2025 12:00 PM,August-2-2025 02:00 PM,https://www.redfin.com/NC/Raleigh/7752-Winners-Edge-St-27617/home/41285245,TMLS,10112790,N,Y,35.9145347,-78.7726066
MLS Listing,,Condo/Co-op,4700 Westgrove St #721,Raleigh,NC,27606,255000,2,1.0,Westgrove Towers,658,,1986,1,388,305,Active,,,https://www.redfin.com/NC/Raleigh/4700-Westgrove-St-27606/unit-721/home/41164891,TMLS,10112779,N,Y,35.7875995,-78.7003313
MLS Listing,,Single Family Residential,6629 Suburban Dr,Raleigh,NC,27615,499999,4,2.5,North Haven,1979,12196,1972,1,253,,Active,,,https://www.redfin.com/NC/Raleigh/6629-Suburban-Dr-27615/home/41120860,TMLS,10112775,N,Y,35.8743218,-78.6279382
MLS Listing,,Townhouse,14311 Foxcroft Rd,Raleigh,NC,27614,299500,4,3.0,Kingston at Wakefield Plantation,1894,1742,2013,1,158,234,Active,August-2-2025 12:00 PM,August-2-2025 03:00 PM,https://www.redfin.com/NC/Raleigh/14311-Foxcroft-Rd-27614/home/44658613,TMLS,10112766,N,Y,35.9559185,-78.5456089
MLS Listing,,Single Family Residential,4600 Huntington Ct,Raleigh,NC,27609,789000,3,2.0,Lakemont,1615,13939,1965,1,489,,Active,August-2-2025 02:00 PM,August-2-2025 04:00 PM,https://www.redfin.com/NC/Raleigh/4600-Huntington-Ct-27609/home/41086970,TMLS,10112756,N,Y,35.8442949,-78.6353656
MLS Listing,,Townhouse,6050 Beale Loop,Raleigh,NC,27616,389990,3,2.5,City Walk,2003,3049,2018,1,195,180,Active,August-2-2025 01:00 PM,August-2-2025 03:00 PM,https://www.redfin.com/NC/Raleigh/6050-Beale-Loop-27616/home/145521942,TMLS,10112753,N,Y,35.8649823,-78.5882048
MLS Listing,,Single Family Residential,5808 Cavanaugh Dr,Raleigh,NC,27614,1900000,5,5.5,The Registry at Bailey Farm,6298,55756,2005,1,302,200,Active,August-2-2025 01:00 PM,August-2-2025 04:00 PM,https://www.redfin.com/NC/Raleigh/5808-Cavanaugh-Dr-27614/home/41291761,TMLS,10111344,N,Y,35.9421239,-78.6648821
MLS Listing,,Single Family Residential,908 Walkertown Dr,Raleigh,NC,27614,630000,4,2.5,Ravens Ridge,2641,9147,2001,1,239,33,Active,,,https://www.redfin.com/NC/Raleigh/908-Walkertown-Dr-27614/home/41271056,TMLS,10111567,N,Y,35.9152607,-78.5883421
MLS Listing,,Single Family Residential,12208 Pawleys Mill Cir,Raleigh,NC,27614,769900,4,3.5,Wakefield,3683,10454,2000,1,209,25,Active,August-1-2025 03:00 PM,August-1-2025 07:00 PM,https://www.redfin.com/NC/Raleigh/12208-Pawleys-Mill-Cir-27614/home/41263987,TMLS,10111832,N,Y,35.9612545,-78.5533506
MLS Listing,,Single Family Residential,4009 High Mountain Dr,Raleigh,NC,27603,555000,3,3.0,Eagle Mountain,2544,23522,2003,1,218,,Active,,,https://www.redfin.com/NC/Raleigh/4009-High-Mountain-Dr-27603/home/41276535,TMLS,10112242,N,Y,35.6670209,-78.6776245
MLS Listing,,Single Family Residential,1416 Oakhill Ct,Raleigh,NC,27610,289900,3,2.0,Idlewood Village,1034,7405,1971,1,280,,Active,,,https://www.redfin.com/NC/Raleigh/1416-Oakhill-Ct-27610/home/41075259,TMLS,10112745,N,Y,35.7393393,-78.6136504
MLS Listing,,Single Family Residential,4732 Rembert Dr,Raleigh,NC,27612,785000,4,3.0,Brookhaven,2695,26571,1960,1,291,,Active,,,https://www.redfin.com/NC/Raleigh/4732-Rembert-Dr-27612/home/41099703,TMLS,10112743,N,Y,35.8509974,-78.6865895
MLS Listing,,Single Family Residential,5609 Crooked Stick Trl,Raleigh,NC,27612,650000,4,2.5,Turnberry,2868,11761,1986,1,227,3,Active,August-2-2025 12:00 PM,August-2-2025 02:00 PM,https://www.redfin.com/NC/Raleigh/5609-Crooked-Stick-Trl-27612/home/41166814,TMLS,10112742,N,Y,35.8556756,-78.6849348
MLS Listing,,Single Family Residential,2256 Rumson Rd,Raleigh,NC,27610,549900,3,2.0,Woodcrest,1601,14810,1959,1,343,,Active,,,https://www.redfin.com/NC/Raleigh/2256-Rumson-Rd-27610/home/41070205,TMLS,10112728,N,Y,35.8020575,-78.6067332
MLS Listing,,Single Family Residential,8602 Holdenby Trl,Raleigh,NC,27616,590000,5,4.0,Highland Creek,3544,9148,2007,1,166,71,Active,August-2-2025 10:00 AM,August-2-2025 02:00 PM,https://www.redfin.com/NC/Raleigh/8602-Holdenby-Trl-27616/home/41359994,TMLS,10112727,N,Y,35.8997326,-78.5109302
MLS Listing,,Single Family Residential,1308 Kubek Way #60,Raleigh,NC,27616,499900,5,3.0,Watkins Grove,2678,10018,2025,1,187,60,Active,,,https://www.redfin.com/NC/Raleigh/1308-Kubek-Way-27616/unit-60/home/196701711,TMLS,10112699,N,Y,35.861334,-78.508742
MLS Listing,,Single Family Residential,100 Chalcedony St,Raleigh,NC,27603,385000,3,2.5,Eagle Ridge,1799,322561800,2002,1,214,42,Active,August-2-2025 01:00 PM,August-2-2025 03:00 PM,https://www.redfin.com/NC/Raleigh/100-Chalcedony-St-27603/home/41261577,TMLS,10112687,N,Y,35.6632494,-78.6650785
MLS Listing,,Single Family Residential,1106 S Blount St,Raleigh,NC,27601,549000,3,2.0,Not in a Subdivision,1300,5663,2025,1,422,,Active,August-1-2025 04:00 PM,August-1-2025 06:00 PM,https://www.redfin.com/NC/Raleigh/1106-S-Blount-St-27601/home/41098773,TMLS,10112686,N,Y,35.7666042,-78.6374597
MLS Listing,,Single Family Residential,807 Grovemont Rd,Raleigh,NC,27603,315000,3,2.0,Not in a Subdivision,1116,25264,1957,1,282,,Active,,,https://www.redfin.com/NC/Raleigh/807-Grovemont-Rd-27603/home/41069115,TMLS,10112664,N,Y,35.7094361,-78.6524347
MLS Listing,,Single Family Residential,8909 Creekstone Ct #11,Raleigh,NC,27615,675000,4,3.0,Woodstone,2939,32670,1977,1,230,,Active,,,https://www.redfin.com/NC/Raleigh/8909-Creekstone-Ct-27615/unit-11/home/196696478,TMLS,10112659,N,Y,35.9001947,-78.6045131
MLS Listing,,Single Family Residential,2613 Hawtree Dr,Raleigh,NC,27613,769900,3,2.5,Wildwood Green,2863,15246,1994,1,269,76,Active,,,https://www.redfin.com/NC/Raleigh/2613-Hawtree-Dr-27613/home/41185629,TMLS,10112647,N,Y,35.9061673,-78.6826143
MLS Listing,,Townhouse,202 Kentigern Dr,Raleigh,NC,27606,560000,4,2.5,Pipers Grove,2239,4356,2023,1,250,168,Active,,,https://www.redfin.com/NC/Raleigh/202-Kentigern-Dr-27606/home/184234366,TMLS,10112635,N,Y,35.7409574,-78.7416982
MLS Listing,,Single Family Residential,6033 Wildorlyn Cir,Raleigh,NC,27603,434900,3,2.0,Crimson,1889,95832,1992,1,230,,Active,,,https://www.redfin.com/NC/Raleigh/6033-Wildorlyn-Cir-27603/home/41193571,TMLS,10112626,N,Y,35.6127405,-78.6395962
MLS Listing,,Single Family Residential,912 Williams Rd,Raleigh,NC,27610,280000,3,1.5,Not in a Subdivision,1143,25700,1964,1,245,,Active,,,https://www.redfin.com/NC/Raleigh/912-Williams-Rd-27610/home/41106028,TMLS,10112604,N,Y,35.767474,-78.5814365
MLS Listing,,Single Family Residential,2901 Alder Ridge Ln,Raleigh,NC,27603,415000,3,2.5,Trailwood Hills,1793,6970,1998,1,231,36,Active,August-3-2025 12:00 PM,August-3-2025 03:00 PM,https://www.redfin.com/NC/Raleigh/2901-Alder-Ridge-Ln-27603/home/41223530,TMLS,10112584,N,Y,35.7469039,-78.6821573
MLS Listing,,Single Family Residential,2712 Quail Point Dr,Raleigh,NC,27603,335000,3,2.0,Stagecoach,1210,35719,1991,1,277,,Active,August-2-2025 01:00 PM,August-2-2025 03:00 PM,https://www.redfin.com/NC/Raleigh/2712-Quail-Point-Dr-27603/home/41177000,TMLS,10112574,N,Y,35.6294712,-78.6771422
MLS Listing,,Single Family Residential,6257 Oak Passage Dr,Raleigh,NC,27603,460000,4,2.5,Sauls Glen,2434,27007,2023,1,189,,Active,,,https://www.redfin.com/NC/Raleigh/6257-Oak-Passage-Dr-27603/home/182035588,TMLS,10112568,N,Y,35.606321,-78.630476
MLS Listing,,Single Family Residential,9200 Dakins Ct,Raleigh,NC,27615,475000,3,2.5,Durant Trace,2029,9148,1998,1,234,11,Active,,,https://www.redfin.com/NC/Raleigh/9200-Dakins-Ct-27615/home/41219779,TMLS,10112567,N,Y,35.9025401,-78.5909904
MLS Listing,,Single Family Residential,2216 Gresham Lake Rd,Raleigh,NC,27615,999900,4,3.5,North Ridge Estates,3200,17859,2011,1,312,,Active,August-3-2025 02:00 PM,August-3-2025 04:00 PM,https://www.redfin.com/NC/Raleigh/2216-Gresham-Lake-Rd-27615/home/41177348,TMLS,10112563,N,Y,35.8857962,-78.6010794
MLS Listing,,Single Family Residential,1105 Blenheim Dr,Raleigh,NC,27612,900000,3,2.5,Blenheim,2113,13503,1975,1,426,,Active,,,https://www.redfin.com/NC/Raleigh/1105-Blenheim-Dr-27612/home/41126122,TMLS,10112562,N,Y,35.8297133,-78.672048
MLS Listing,,Townhouse,701 W Lane St #103,Raleigh,NC,27603,800000,2,2.5,West Lane Townhomes,2059,1306,1998,1,389,150,Active,August-2-2025 02:00 PM,August-2-2025 04:00 PM,https://www.redfin.com/NC/Raleigh/701-W-Lane-St-27603/unit-103/home/41239571,TMLS,10112557,N,Y,35.7837306,-78.6496919
MLS Listing,,Townhouse,6121 Loch Laural Ln,Raleigh,NC,27613,255000,2,1.5,Londonderry Townhomes,1014,1742,1985,1,251,168,Active,,,https://www.redfin.com/NC/Raleigh/6121-Loch-Laural-Ln-27613/home/41153735,TMLS,10112549,N,Y,35.8637808,-78.6978946
MLS Listing,,Condo/Co-op,4621 Timbermill Ct #101,Raleigh,NC,27612,230000,2,2.0,Richland Run,1019,,1987,1,226,304,Active,,,https://www.redfin.com/NC/Raleigh/4621-Timbermill-Ct-27612/unit-101/home/41177234,TMLS,10112543,N,Y,35.8370545,-78.7168489
MLS Listing,,Single Family Residential,7412 Mine Shaft Rd,Raleigh,NC,27615,429900,4,2.0,Mine Valley,1615,12197,1979,1,266,,Active,,,https://www.redfin.com/NC/Raleigh/7412-Mine-Shaft-Rd-27615/home/41135630,TMLS,10112521,N,Y,35.8787815,-78.6559264
MLS Listing,,Single Family Residential,5519 Spindlewood Ct,Durham,NC,27703,460000,4,2.5,Harrington Pines,2182,6098,2002,1,211,21,Active,August-3-2025 11:00 AM,August-3-2025 01:00 PM,https://www.redfin.com/NC/Durham/5519-Spindlewood-Ct-27703/home/43591377,TMLS,10112516,N,Y,35.9261749,-78.7569145
MLS Listing,,Single Family Residential,11808 Black Horse Run,Raleigh,NC,27613,649900,4,2.5,Black Horse Run,2521,43995,1979,1,258,91,Active,,,https://www.redfin.com/NC/Raleigh/11808-Black-Horse-Run-27613/home/41122577,TMLS,10112510,N,Y,35.9550427,-78.7040133
MLS Listing,,Single Family Residential,2208 Sierra Dr,Raleigh,NC,27603,400000,3,2.0,Pleasant Ridge Estates,1308,11761,1966,1,306,,Active,August-3-2025 12:00 PM,August-3-2025 02:00 PM,https://www.redfin.com/NC/Raleigh/2208-Sierra-Dr-27603/home/41089528,TMLS,10112507,N,Y,35.7514804,-78.6732118
MLS Listing,,Single Family Residential,12212 Ashton Woods Ln,Raleigh,NC,27614,774000,5,3.5,Wakefield,3531,12196,2004,1,219,23,Active,,,https://www.redfin.com/NC/Raleigh/12212-Ashton-Woods-Ln-27614/home/41276440,TMLS,10108058,N,Y,35.9624265,-78.5524824
MLS Listing,,Condo/Co-op,6433 New Market Way,Raleigh,NC,27615,250000,3,2.5,North Ridge Condominiums,1480,,1969,1,169,365,Active,,,https://www.redfin.com/NC/Raleigh/6433-New-Market-Way-27615/home/41146717,TMLS,10112504,N,Y,35.871158,-78.6182649
MLS Listing,,Single Family Residential,712 Latitude Way,Raleigh,NC,27610,349000,3,2.5,Lakeland Estates,1948,6969,2006,2,179,45,Active,,,https://www.redfin.com/NC/Raleigh/712-Latitude-Way-27610/home/41297501,TMLS,10112500,N,Y,35.7844322,-78.5461876
MLS Listing,,Vacant Land,2317 Grandmas Ln,Raleigh,NC,27603,160000,,,To Be Added,,50965,,2,,,Active,,,https://www.redfin.com/NC/Raleigh/2317-Grandmas-Ln-27603/home/41119707,TMLS,10112499,N,Y,35.6509514,-78.7160313
MLS Listing,,Single Family Residential,107 Berry Mill Ln #134,Raleigh,NC,27603,650000,5,4.0,Georgias Landing,2984,8842,2025,2,218,85,Active,August-1-2025 10:00 AM,August-1-2025 04:30 PM,https://www.redfin.com/NC/Raleigh/107-Berry-Mill-Ln-27603/unit-134/home/195417685,TMLS,10112478,N,Y,35.69668,-78.681971
MLS Listing,,Condo/Co-op,1224 S Person St #201,Raleigh,NC,27601,561740,3,2.5,The Grey,2425,,2025,2,232,250,Active,August-1-2025 01:00 PM,August-1-2025 05:00 PM,https://www.redfin.com/NC/Raleigh/1224-S-Person-St-27601/unit-201/home/196686569,TMLS,10112475,N,Y,35.7650429,-78.6358838
MLS Listing,,Townhouse,1631 Claiborne Court Ct,Raleigh,NC,27606,299000,2,2.5,Thistledown Townhomes,1225,1306,1989,2,244,154,Active,,,https://www.redfin.com/NC/Raleigh/1631-Claiborne-Ct-27606/home/41184565,TMLS,10112469,N,Y,35.7553771,-78.6940315
MLS Listing,,Single Family Residential,2940 Landing Falls Ln,Raleigh,NC,27616,450000,3,2.5,Landings at Neuse Crossing,2889,7405,2007,2,156,20,Active,,,https://www.redfin.com/NC/Raleigh/2940-Landing-Falls-Ln-27616/home/41314539,TMLS,10112468,N,Y,35.8725962,-78.5316779
MLS Listing,,Condo/Co-op,1236 S Person St #201,Raleigh,NC,27601,604490,3,2.5,The Grey,2425,,2025,2,249,250,Active,August-1-2025 01:00 PM,August-1-2025 05:00 PM,https://www.redfin.com/NC/Raleigh/1236-S-Person-St-27601/unit-201/home/196686037,TMLS,10112464,N,Y,35.7649632,-78.635888
MLS Listing,,Condo/Co-op,1228 S Person St #201,Raleigh,NC,27601,610740,3,2.5,The Grey,2435,,2025,2,251,250,Active,August-1-2025 01:00 PM,August-1-2025 05:00 PM,https://www.redfin.com/NC/Raleigh/1228-S-Person-St-27601/unit-201/home/196685627,TMLS,10112454,N,Y,35.7650163,-78.6358852
MLS Listing,,Single Family Residential,618 Velma Hopkins Ln,Raleigh,NC,27603,965000,3,3.5,Caraleigh,2572,3049,2025,2,375,17,Active,,,https://www.redfin.com/NC/Raleigh/618-Velma-Hopkins-Ln-27603/home/163358222,TMLS,10112447,N,Y,35.7607311,-78.6561186
MLS Listing,,Townhouse,1105 Glascock St #101,Raleigh,NC,27610,585000,4,4.0,Not in a Subdivision,1870,,2025,2,313,275,Active,,,https://www.redfin.com/NC/Raleigh/1105-Glascock-St-27610/unit-101/home/189960099,TMLS,10112444,N,Y,35.7931599,-78.614114
MLS Listing,,Condo/Co-op,800 Moratuck Dr #202,Raleigh,NC,27604,275000,2,2.0,Atlantic Place,946,,2001,2,291,220,Active,,,https://www.redfin.com/NC/Raleigh/800-Moratuck-Dr-27604/unit-202/home/41258489,TMLS,10112440,N,Y,35.8166639,-78.6133551
MLS Listing,,Townhouse,5061 Lundy Dr #102,Raleigh,NC,27606,545000,3,3.5,Wrenwood,2375,,2024,2,229,210,Active,,,https://www.redfin.com/NC/Raleigh/5061-Lundy-Dr-27606/unit-102/home/190609663,TMLS,10112433,N,Y,35.7775136,-78.7194326
MLS Listing,,Vacant Land,2303 Van Dyke Ave,Raleigh,NC,27607,395000,,,Forest Hills,,6970,,2,,,Active,,,https://www.redfin.com/NC/Raleigh/2303-Van-Dyke-Ave-27607/home/41092018,TMLS,10112431,N,Y,35.7953656,-78.6626497
MLS Listing,,Single Family Residential,1417 Hathaway Rd,Raleigh,NC,27608,1395000,4,4.5,Budleigh,3751,20473,1953,2,372,,Active,,,https://www.redfin.com/NC/Raleigh/1417-Hathaway-Rd-27608/home/41110589,TMLS,10112427,N,Y,35.8065815,-78.6642941
MLS Listing,,Townhouse,6141 Beale Loop,Raleigh,NC,27616,370000,3,2.5,City Walk,1755,2613,2019,2,211,172,Active,,,https://www.redfin.com/NC/Raleigh/6141-Beale-Loop-27616/home/166759859,TMLS,10112416,N,Y,35.8639234,-78.5863483
MLS Listing,,Townhouse,8117 Farmlea Cir,Raleigh,NC,27616,175000,2,1.5,Berkshire Downs West,966,871,1992,2,181,118,Active,,,https://www.redfin.com/NC/Raleigh/8117-Farmlea-Cir-27616/home/41198103,TMLS,10112407,N,Y,35.8838119,-78.5587557
MLS Listing,,Townhouse,808 Culpepper Ln,Raleigh,NC,27610,609900,3,2.5,Lockwood,2012,10890,2024,2,303,300,Active,August-2-2025 01:00 PM,August-2-2025 03:00 PM,https://www.redfin.com/NC/Raleigh/808-Culpepper-Ln-27610/home/41078531,TMLS,10112403,N,Y,35.7897584,-78.6018744
MLS Listing,,Townhouse,2126 Kedvale Ave,Raleigh,NC,27617,339000,2,2.5,Gateway Townhomes at Brier Creek,1466,2613,2007,2,231,155,Active,,,https://www.redfin.com/NC/Raleigh/2126-Kedvale-Ave-27617/home/41306103,TMLS,10112374,N,Y,35.9069156,-78.808478
MLS Listing,,Townhouse,634 Macmillan Way,Knightdale,NC,27545,399999,4,3.5,Silverstone,2105,2200,2025,2,190,180,Active,,,https://www.redfin.com/NC/Knightdale/634-Macmillan-Way-27545/home/194333497,TMLS,10112365,N,Y,35.761904,-78.521952
MLS Listing,,Townhouse,636 Macmillan Way,Knightdale,NC,27545,369999,3,2.5,Silverstone,1945,2200,2025,2,190,180,Active,,,https://www.redfin.com/NC/Knightdale/636-Macmillan-Way-27545/home/194333496,TMLS,10112361,N,Y,35.761845,-78.521934
MLS Listing,,Townhouse,7704 Falcon Rest Cir,Raleigh,NC,27615,315000,3,2.5,Cottages of Stonehenge,1408,,1985,2,224,258,Active,August-3-2025 02:00 PM,August-3-2025 04:00 PM,https://www.redfin.com/NC/Raleigh/7704-Falcon-Rest-Cir-27615/home/41291685,TMLS,10111845,N,Y,35.893484,-78.678846
MLS Listing,,Condo/Co-op,2610 Oldgate Dr #302,Raleigh,NC,27604,269000,2,2.0,Mellowfield Condominiums,1038,,2006,2,259,249,Active,,,https://www.redfin.com/NC/Raleigh/2610-Oldgate-Dr-27604/unit-302/home/41320291,TMLS,10112356,N,Y,35.8171011,-78.6146749
MLS Listing,,Townhouse,638 Macmillan Way,Knightdale,NC,27545,389999,4,3.5,Silverstone,2105,2200,2025,2,185,180,Active,,,https://www.redfin.com/NC/Knightdale/638-Macmillan-Way-27545/home/194333499,TMLS,10112353,N,Y,35.761787,-78.521916
MLS Listing,,Townhouse,8412 Pilots View Dr,Raleigh,NC,27617,379900,3,2.5,Glenwood Crossing,1638,1742,2007,2,232,157,Active,,,https://www.redfin.com/NC/Raleigh/8412-Pilots-View-Dr-27617/home/41321246,TMLS,10112355,N,Y,35.8903667,-78.7415046
MLS Listing,,Single Family Residential,449 Kings Hollow Dr,Raleigh,NC,27603,799000,3,3.5,Kings Ridge,3414,45302,2007,2,234,14,Active,,,https://www.redfin.com/NC/Raleigh/449-Kings-Hollow-Dr-27603/home/41311257,TMLS,10112351,N,Y,35.6306752,-78.6593593
MLS Listing,,Single Family Residential,196 Ryder Cup Cir,Raleigh,NC,27603,412000,3,2.5,Eagle Ridge,1682,5227,2006,2,245,42,Active,,,https://www.redfin.com/NC/Raleigh/196-Ryder-Cup-Cir-27603/home/41305432,TMLS,10112101,N,Y,35.6689417,-78.6631918
MLS Listing,,Townhouse,4245 Toccopola St,Raleigh,NC,27604,258500,3,2.5,New Hope Crossing,1397,1307,2001,3,185,156,Active,August-2-2025 11:00 AM,August-2-2025 03:00 PM,https://www.redfin.com/NC/Raleigh/4245-Toccopola-St-27604/home/41232837,TMLS,10112334,N,Y,35.8106122,-78.5686802
MLS Listing,,Vacant Land,1238 Duffy Pl,Raleigh,NC,27603,349900,,,Fuller Heights,,3049,,3,,,Active,,,https://www.redfin.com/NC/Raleigh/1238-Duffy-Pl-27603/home/196668398,TMLS,10112321,N,Y,35.7631079,-78.6532509
MLS Listing,,Single Family Residential,5716 Spring Rd,Raleigh,NC,27603,269900,3,1.5,Echo Heights,1214,40075,1965,3,222,,Active,,,https://www.redfin.com/NC/Raleigh/5716-Spring-Rd-27603/home/41104227,TMLS,10112314,N,Y,35.702878,-78.6426663
MLS Listing,,Townhouse,6610 Gibraltar Rock Dr,Raleigh,NC,27610,281780,3,2.5,Cavastead,1442,2178,2025,3,195,137,Active,,,https://www.redfin.com/NC/Raleigh/6610-Gibraltar-Rock-Dr-27610/home/194338190,TMLS,10112307,N,Y,35.715446,-78.542906
MLS Listing,,Townhouse,6606 Gibraltar Rock Dr,Raleigh,NC,27610,269990,3,2.5,Cavastead,1442,2178,2025,3,187,137,Active,,,https://www.redfin.com/NC/Raleigh/6606-Gibraltar-Rock-Dr-27610/home/194338206,TMLS,10112306,N,Y,35.715507,-78.542783
MLS Listing,,Single Family Residential,4404 Deer Knoll Ct,Raleigh,NC,27603,475000,4,2.5,Rand Meadows,2491,30056,2001,3,191,21,Active,,,https://www.redfin.com/NC/Raleigh/4404-Deer-Knoll-Ct-27603/home/41260195,TMLS,10112282,N,Y,35.6457029,-78.6504897
MLS Listing,,Single Family Residential,5617 Rangeley Dr,Raleigh,NC,27609,375000,3,1.5,Northclift,1391,,1969,3,270,,Active,,,https://www.redfin.com/NC/Raleigh/5617-Rangeley-Dr-27609/home/41109648,TMLS,10112265,N,Y,35.8591715,-78.6418353
MLS Listing,,Vacant Land,Mccoy Rd,Raleigh,NC,27603,99000,,,Raleigh,,43560,,3,,,Active,,,https://www.redfin.com/NC/Raleigh/McCoy-Rd-27603/home/146828330,LPRMLS,747744,N,Y,35.70346,-78.682513
MLS Listing,,Single Family Residential,508 Driewood Ct,Raleigh,NC,27609,789000,4,2.5,Cedar Hills Estates,2315,16117,1968,3,341,,Active,August-1-2025 04:00 PM,August-1-2025 06:00 PM,https://www.redfin.com/NC/Raleigh/508-Driewood-Ct-27609/home/41333086,TMLS,10112226,N,Y,35.8523637,-78.6291646
MLS Listing,,Single Family Residential,829 Colleton Rd,Raleigh,NC,27610,329900,2,1.0,Windsor Park,917,9147,1950,3,360,,Active,,,https://www.redfin.com/NC/Raleigh/829-Colleton-Rd-27610/home/41085362,TMLS,10112205,N,Y,35.7913883,-78.6126306
MLS Listing,,Single Family Residential,6508 Deerview Dr,Raleigh,NC,27606,525000,4,2.5,Huntingwood Estates,2194,43200,1977,3,239,4,Active,,,https://www.redfin.com/NC/Raleigh/6508-Deerview-Dr-27606/home/41136365,TMLS,10112194,N,Y,35.7096448,-78.7454289
MLS Listing,,Single Family Residential,2128 Ridge Rd,Raleigh,NC,27607,5800000,4,5.5,Coley Forest,6316,16953,2025,3,918,,Active,,,https://www.redfin.com/NC/Raleigh/2128-Ridge-Rd-27607/home/41105948,TMLS,10112192,N,Y,35.8208257,-78.6771911
MLS Listing,,Single Family Residential,4342 Bay Rum Ln,Raleigh,NC,27610,425000,4,2.5,Battle Ridge,2565,23958,2010,3,166,15,Active,,,https://www.redfin.com/NC/Raleigh/4342-Bay-Rum-Ln-27610/home/41296953,TMLS,10109680,N,Y,35.729172,-78.5349647
MLS Listing,,Condo/Co-op,1535 Caraleigh Mills Ct #111,Raleigh,NC,27603,620000,2,2.0,Caraleigh Mills,1309,,1892,4,474,532,Active,,,https://www.redfin.com/NC/Raleigh/1535-Caraleigh-Mills-Ct-27603/unit-111/home/41291723,TMLS,10112144,N,Y,35.7596389,-78.6533605
MLS Listing,,Single Family Residential,1217 Prairie Pond Cir,Raleigh,NC,27614,1450000,4,4.5,Ethans Glen,6165,92347,2006,4,235,101,Active,,,https://www.redfin.com/NC/Raleigh/1217-Prairie-Pond-Cir-27614/home/41293416,TMLS,10112123,N,Y,35.976854,-78.6671467
MLS Listing,,Single Family Residential,3604 Waleback Ln,Raleigh,NC,27610,349900,3,2.5,Tryon Place,1700,4791,2016,4,206,25,Active,,,https://www.redfin.com/NC/Raleigh/3604-Waleback-Ln-27610/home/103508194,TMLS,10112115,N,Y,35.7337525,-78.6117943
MLS Listing,,Townhouse,1813 Fox Hollow Dr,Raleigh,NC,27610,220000,2,1.5,Fox Hollow,1228,3920,1987,4,179,,Active,,,https://www.redfin.com/NC/Raleigh/1813-Fox-Hollow-Dr-27610/home/41147581,TMLS,10112113,N,Y,35.739464,-78.6078233
MLS Listing,,Vacant Land,7805 Crestwood Dr,Raleigh,NC,27603,79900,,,Lakewood Estates,,14375,,5,,,Active,,,https://www.redfin.com/NC/Raleigh/7805-Crestwood-Dr-27603/home/163344772,TMLS,10112099,N,Y,35.6659571,-78.6854251
MLS Listing,,Single Family Residential,2017 Brilliant Dr,Raleigh,NC,27616,530000,3,2.5,Brighton Knoll,2242,53143,2001,5,236,,Active,,,https://www.redfin.com/NC/Raleigh/2017-Brilliant-Dr-27616/home/41253662,TMLS,10112089,N,Y,35.8353903,-78.4938513
MLS Listing,,Single Family Residential,7528 Argent Valley Dr,Raleigh,NC,27616,344900,3,2.5,Brighton,1380,4356,2001,5,250,20,Active,,,https://www.redfin.com/NC/Raleigh/7528-Argent-Valley-Dr-27616/home/41259092,TMLS,10112088,N,Y,35.8892365,-78.5115595
MLS Listing,,Single Family Residential,5639 Bennettwood Ct,Raleigh,NC,27612,879900,4,3.5,Bennett Place,3649,11761,2004,5,241,,Active,,,https://www.redfin.com/NC/Raleigh/5639-Bennettwood-Ct-27612/home/41341513,TMLS,10112070,N,Y,35.8592335,-78.6790429
MLS Listing,,Single Family Residential,3805 Mike Levi Ct,Raleigh,NC,27610,400000,4,2.5,Dowling Ridge,2111,9147,2008,5,189,30,Active,,,https://www.redfin.com/NC/Raleigh/3805-Mike-Levi-Ct-27610/home/41314095,TMLS,10112058,N,Y,35.7577365,-78.5757803
MLS Listing,,Single Family Residential,124 Dartmoor Ln,Raleigh,NC,27614,1650000,4,6.0,Georges Grant,6772,42253,2013,5,244,108,Active,,,https://www.redfin.com/NC/Raleigh/124-Dartmoor-Ln-27614/home/44518188,TMLS,10112053,N,Y,35.9431484,-78.6411919
MLS Listing,,Townhouse,810 Culpepper Ln,Raleigh,NC,27610,609900,3,2.5,Lockwood,1996,10585,2024,5,306,300,Active,August-2-2025 01:00 PM,August-2-2025 03:00 PM,https://www.redfin.com/NC/Raleigh/810-Culpepper-Ln-27610/home/191557299,TMLS,10112049,N,Y,35.7898034,-78.6019151
MLS Listing,,Townhouse,10548 Pleasant Branch Dr Lot 24,Raleigh,NC,27614,520000,3,3.5,Raven Ridge,2425,2178,2025,5,214,190,Active,August-1-2025 01:00 PM,August-1-2025 05:00 PM,https://www.redfin.com/NC/Raleigh/10548-Pleasant-Branch-Dr-27614/unit-24/home/196622406,TMLS,10112040,N,Y,35.91661,-78.592009
MLS Listing,,Condo/Co-op,11370 Clubhaven Pl #103,Raleigh,NC,27617,265000,2,2.0,Avera Place Condos,1266,,2005,5,209,240,Active,August-2-2025 12:00 PM,August-2-2025 03:00 PM,https://www.redfin.com/NC/Raleigh/11370-Clubhaven-Pl-27617/unit-103/home/41312055,TMLS,10112036,N,Y,35.9229804,-78.7985508
MLS Listing,,Townhouse,7928 Dukes Dynasty Dr,Raleigh,NC,27615,325000,3,3.5,North Raleigh Meadows,1831,1306,2008,5,177,169,Active,,,https://www.redfin.com/NC/Raleigh/7928-Dukes-Dynasty-Dr-27615/home/41328726,TMLS,10112029,N,Y,35.8850616,-78.5926424
MLS Listing,,Condo/Co-op,2811 Edridge Ct #201,Raleigh,NC,27612,289900,2,2.0,Ridgecroft,934,,1985,5,310,200,Active,,,https://www.redfin.com/NC/Raleigh/2811-Edridge-Ct-27612/unit-201/home/41244083,TMLS,10112014,N,Y,35.820844,-78.7005564
MLS Listing,,Townhouse,7661 Winners Edge St,Raleigh,NC,27617,359000,3,3.5,Alexander Place,1852,1742,2005,5,194,165,Active,,,https://www.redfin.com/NC/Raleigh/7661-Winners-Edge-St-27617/home/41286989,TMLS,10111758,N,Y,35.9131362,-78.7719252
MLS Listing,,Single Family Residential,3922 Massey Run,Raleigh,NC,27616,425000,3,2.5,Massey Preserve,2228,6098,2014,5,191,50,Active,,,https://www.redfin.com/NC/Raleigh/3922-Massey-Run-27616/home/109592480,TMLS,10111053,N,Y,35.8648701,-78.5239438
MLS Listing,,Single Family Residential,4909 Baylor Ct,Raleigh,NC,27609,725000,4,3.0,Lakemont,2063,20473,1966,6,351,,Active,,,https://www.redfin.com/NC/Raleigh/4909-Baylor-Ct-27609/home/41115197,TMLS,10111991,N,Y,35.8499204,-78.6277801
MLS Listing,,Single Family Residential,840 Nightshade Way,Raleigh,NC,27610,345000,3,2.0,Meadowcreek,1645,7840,2005,6,210,25,Active,August-2-2025 11:00 AM,August-2-2025 01:00 PM,https://www.redfin.com/NC/Raleigh/840-Nightshade-Way-27610/home/41285327,TMLS,10111979,N,Y,35.7640605,-78.6131242
MLS Listing,,Condo/Co-op,2621 Oldgate Dr #202,Raleigh,NC,27604,274900,2,2.0,Mellowfield Condominiums,1048,,2006,6,262,237,Active,,,https://www.redfin.com/NC/Raleigh/2621-Oldgate-Dr-27604/unit-202/home/41323845,TMLS,10111971,N,Y,35.8173477,-78.6141281
MLS Listing,,Single Family Residential,2920 Tuckland Dr,Raleigh,NC,27610,295000,3,2.0,Riverbrooke,1420,8276,2000,6,208,19,Active,,,https://www.redfin.com/NC/Raleigh/2920-Tuckland-Dr-27610/home/41344739,TMLS,10111959,N,Y,35.7406212,-78.573924
MLS Listing,,Single Family Residential,1515 St Marys St,Raleigh,NC,27608,4500000,6,7.0,Hayes Barton,6018,13503,2025,6,748,,Active,,,https://www.redfin.com/NC/Raleigh/1515-Saint-Marys-St-27608/home/41067781,TMLS,10111946,N,Y,35.7998173,-78.6535367
MLS Listing,,Single Family Residential,1504 Malcus Ct #52,Fuquay Varina,NC,27526,563900,3,2.5,Rowlands Grant,2763,5662,2025,6,204,49,Active,,,https://www.redfin.com/NC/Fuquay-Varina/1504-Malcus-CT-27526/unit-52/home/196615601,TMLS,10111938,N,Y,35.634795,-78.689044
MLS Listing,,Single Family Residential,6801 Holly Springs Rd,Raleigh,NC,27606,750000,3,3.0,Not in a Subdivision,2534,98010,1957,6,296,,Active,August-2-2025 02:00 PM,August-2-2025 04:00 PM,https://www.redfin.com/NC/Raleigh/6801-Holly-Springs-Rd-27606/home/41096903,TMLS,10111936,N,Y,35.7341059,-78.7450384
MLS Listing,,Single Family Residential,308 Swans Mill Xing,Raleigh,NC,27614,3500000,5,7.0,Swans Mill,8420,315809,2003,6,416,150,Active,August-3-2025 01:00 PM,August-3-2025 04:00 PM,https://www.redfin.com/NC/Raleigh/308-Swans-Mill-Xing-27614/home/41205400,TMLS,10111928,N,Y,35.9423014,-78.6237062
MLS Listing,,Single Family Residential,2009 Philcrest Rd,Raleigh,NC,27612,899900,3,2.5,Not in a Subdivision,3043,130680,1959,6,296,,Active,,,https://www.redfin.com/NC/Raleigh/2009-Philcrest-Rd-27612/home/41091133,TMLS,10111927,N,Y,35.84154,-78.67267
MLS Listing,,Single Family Residential,1421 Alpine Creek Dr,Raleigh,NC,27614,4950000,5,6.5,Alpine Creek Estates,8350,91911,2020,6,593,250,Active,,,https://www.redfin.com/NC/Raleigh/1421-Alpine-Creek-Dr-27614/home/163323506,TMLS,10111924,N,Y,35.941354,-78.600018
MLS Listing,,Townhouse,6607 Pathfinder Way,Raleigh,NC,27616,350000,3,2.5,Townes at Stoneridge,1732,2178,2021,6,202,128,Active,,,https://www.redfin.com/NC/Raleigh/6607-Pathfinder-Way-27616/home/176561143,TMLS,10111925,N,Y,35.8483111,-78.5347064
MLS Listing,,Townhouse,2802 Bedfordshire Ct,Raleigh,NC,27604,249900,2,2.5,Broadlands,1562,1742,1997,6,160,270,Active,,,https://www.redfin.com/NC/Raleigh/2802-Bedfordshire-Ct-27604/home/41343954,TMLS,10111917,N,Y,35.8174248,-78.5864613
MLS Listing,,Condo/Co-op,317 W Morgan St #302,Raleigh,NC,27601,342500,1,1.0,The Dawson on Morgan,835,,2005,6,410,292,Active,,,https://www.redfin.com/NC/Raleigh/317-W-Morgan-St-27601/unit-302/home/41311209,TMLS,10111900,N,Y,35.7795363,-78.6437232
MLS Listing,,Single Family Residential,2108 Leadenhall Way,Raleigh,NC,27603,434990,3,2.5,Trailwood Springs,1562,7841,1995,6,278,35,Active,July-27-2027 01:00 AM,July-27-2027 04:00 PM,https://www.redfin.com/NC/Raleigh/2108-Leadenhall-Way-27603/home/41204035,TMLS,10111896,N,Y,35.7479378,-78.6873175
MLS Listing,,Single Family Residential,203 Baggett Ave,Raleigh,NC,27604,1299000,4,3.0,Belvidere Park,3265,9148,2025,6,398,,Active,,,https://www.redfin.com/NC/Raleigh/203-Baggett-Ave-27604/home/41109190,TMLS,10111892,N,Y,35.7999135,-78.6217199
MLS Listing,,Townhouse,5436 Sharpe Dr,Raleigh,NC,27612,289900,2,2.5,Oak Park West,1177,1742,1985,6,246,230,Active,,,https://www.redfin.com/NC/Raleigh/5436-Sharpe-Dr-27612/home/41341425,TMLS,10111888,N,Y,35.8514282,-78.7095753
MLS Listing,,Single Family Residential,4945 Liverpool Ln,Raleigh,NC,27604,385000,3,2.5,Hedingham,1670,6970,1988,6,231,65,Active,,,https://www.redfin.com/NC/Raleigh/4945-Liverpool-Ln-27604/home/41173379,TMLS,10111883,N,Y,35.8034481,-78.557737
MLS Listing,,Single Family Residential,4421 Black Lion Way,Raleigh,NC,27610,825000,4,3.5,Mial Plantation,4217,49223,2003,6,196,,Active,,,https://www.redfin.com/NC/Raleigh/4421-Black-Lion-Way-27610/home/41259270,TMLS,10111877,N,Y,35.7281669,-78.4669264
MLS Listing,,Single Family Residential,2129 Beneventum Ct,Raleigh,NC,27606,1050000,4,4.0,Olde South Trace,3864,125888,1995,6,272,,Active,,,https://www.redfin.com/NC/Raleigh/2129-Beneventum-Ct-27606/home/41205371,TMLS,10111875,N,Y,35.7199561,-78.7186084
MLS Listing,,Single Family Residential,8310 Chimneycap Dr,Raleigh,NC,27613,434900,3,2.5,Cornerstone Park,1795,3049,2002,6,242,129,Active,,,https://www.redfin.com/NC/Raleigh/8310-Chimneycap-Dr-27613/home/41258883,TMLS,10111864,N,Y,35.8897379,-78.7390776
MLS Listing,,Single Family Residential,4400 Knightsbridge Way,Raleigh,NC,27604,409999,4,2.5,Southall,2117,9148,1989,6,194,43,Active,,,https://www.redfin.com/NC/Raleigh/4400-Knightsbridge-Way-27604/home/41168084,TMLS,10111862,N,Y,35.8176619,-78.565669
MLS Listing,,Townhouse,3103 Fortress Gate Dr,Raleigh,NC,27614,489900,3,2.5,Calloway On The Green,2376,3484,2005,6,206,248,Active,,,https://www.redfin.com/NC/Raleigh/3103-Fortress-Gate-Dr-27614/home/41303305,TMLS,10111859,N,Y,35.9631894,-78.5530498
MLS Listing,,Single Family Residential,4248 Beacon Heights Dr,Raleigh,NC,27604,305000,2,2.0,Village at Beacon Hill,1247,4791,1998,6,245,40,Active,August-2-2025 10:00 AM,August-2-2025 12:00 PM,https://www.redfin.com/NC/Raleigh/4248-Beacon-Heights-Dr-27604/home/41339952,TMLS,10111854,N,Y,35.8026744,-78.569358
MLS Listing,,Townhouse,4802 Black Mountain Path,Raleigh,NC,27612,339900,3,3.5,Delta Ridge,1769,1306,2001,6,192,212,Active,,,https://www.redfin.com/NC/Raleigh/4802-Black-Mountain-Path-27612/home/41339807,TMLS,10111848,N,Y,35.857657,-78.719389
MLS Listing,,Multi-Family (5+ Unit),1106 S East St,Raleigh,NC,27601,1900000,20,10.0,South Park,8880,40510,1986,6,214,,Active,,,https://www.redfin.com/NC/Raleigh/1106-S-East-St-27601/home/41271352,TMLS,10111847,N,Y,35.7665375,-78.6331135
MLS Listing,,Single Family Residential,12413 Angel Vale Pl,Durham,NC,27703,520000,3,3.0,Huntley,1929,6098,2019,6,270,160,Active,,,https://www.redfin.com/NC/Durham/12413-Angel-Vale-Pl-27703/home/147232378,TMLS,10111831,N,Y,35.9273848,-78.7583052
MLS Listing,,Single Family Residential,2509 Fitzgerald Dr,Raleigh,NC,27610,260000,3,1.0,Biltmore Hills,975,9147,1960,6,267,,Active,,,https://www.redfin.com/NC/Raleigh/2509-Fitzgerald-Dr-27610/home/41079275,TMLS,10111829,N,Y,35.7489934,-78.6277628
MLS Listing,,Single Family Residential,2715 Vanderbilt Ave,Raleigh,NC,27607,840000,3,2.5,Fairmont,2085,8712,1928,6,403,,Active,,,https://www.redfin.com/NC/Raleigh/2715-Vanderbilt-Ave-27607/home/41074694,TMLS,10111825,N,Y,35.7895288,-78.6721872
MLS Listing,,Single Family Residential,4717 Parr Vista Ct,Raleigh,NC,27612,475000,3,2.5,Delta Ridge,1793,7405,1999,6,265,30,Active,,,https://www.redfin.com/NC/Raleigh/4717-Parr-Vista-Ct-27612/home/41241939,TMLS,10111776,N,Y,35.8553729,-78.7177555
MLS Listing,,Single Family Residential,6104 Ballou Ct,Raleigh,NC,27609,495000,3,2.0,Northclift,1583,11761,1971,6,313,,Active,,,https://www.redfin.com/NC/Raleigh/6104-Ballou-Ct-27609/home/41074128,TMLS,10111767,N,Y,35.8650019,-78.6508747
MLS Listing,,Townhouse,3116 Crater Loop,Raleigh,NC,27610,295000,2,2.5,Liberty Station,1331,1307,2022,6,222,145,Active,,,https://www.redfin.com/NC/Raleigh/3116-Crater-Loop-27610/home/178219932,TMLS,10111757,N,Y,35.737369,-78.630679
MLS Listing,,Single Family Residential,1928 Foxbrook Dr,Raleigh,NC,27603,585000,3,2.5,Foxmoor,2300,31363,1998,6,254,11,Active,August-3-2025 12:00 PM,August-3-2025 02:00 PM,https://www.redfin.com/NC/Raleigh/1928-Foxbrook-Dr-27603/home/41233404,TMLS,10111750,N,Y,35.6763841,-78.7089031
MLS Listing,,Condo/Co-op,29 Enterprise St #309,Raleigh,NC,27607,1020000,3,3.0,29 Enterprise,1660,,2024,6,614,391,Active,August-2-2025 12:00 PM,August-2-2025 02:00 PM,https://www.redfin.com/NC/Raleigh/29-Enterprise-St-27607/unit-309/home/192707880,TMLS,10111743,N,Y,35.7885366,-78.6642465
MLS Listing,,Townhouse,6036 Epping Forest Dr,Raleigh,NC,27613,305000,3,2.5,Brittany Woods,1582,1306,1995,6,193,313,Active,,,https://www.redfin.com/NC/Raleigh/6036-Epping-Forest-Dr-27613/home/41212731,TMLS,10111742,N,Y,35.8763005,-78.7099881
MLS Listing,,Townhouse,9205 Fawn Lake Dr,Raleigh,NC,27617,675000,3,2.5,Brier Creek Country Club,2700,,2000,6,250,375,Active,August-3-2025 01:00 PM,August-3-2025 03:00 PM,https://www.redfin.com/NC/Raleigh/9205-Fawn-Lake-Dr-27617/home/41313898,TMLS,10109135,N,Y,35.9025839,-78.7956485
MLS Listing,,Single Family Residential,3209 Marshlane Way,Raleigh,NC,27610,420000,4,2.5,Chastain,2459,8712,2002,6,171,17,Active,,,https://www.redfin.com/NC/Raleigh/3209-Marshlane-Way-27610/home/41259314,TMLS,10111728,N,Y,35.737801,-78.5411124
MLS Listing,,Townhouse,884 Cupola Dr,Raleigh,NC,27603,300000,2,2.5,Renaissance Park,1407,1307,2011,6,213,185,Active,,,https://www.redfin.com/NC/Raleigh/884-Cupola-Dr-27603/home/41327466,TMLS,10111712,N,Y,35.7327939,-78.6586337
MLS Listing,,Townhouse,10133 Bessborough Dr,Raleigh,NC,27617,350000,2,2.5,Mulberry Park,1670,1742,2006,6,210,,Active,,,https://www.redfin.com/NC/Raleigh/10133-Bessborough-Dr-27617/home/43608574,TMLS,10111707,N,Y,35.9217337,-78.7622902
MLS Listing,,Single Family Residential,1012 Mountain Laurel Dr,Raleigh,NC,27603,510000,3,2.0,Laurel Grove,2844,30927,1997,6,179,,Active,August-2-2025 11:00 AM,August-2-2025 01:00 PM,https://www.redfin.com/NC/Raleigh/1012-Mountain-Laurel-Dr-27603/home/41220191,TMLS,10111706,N,Y,35.599936,-78.6332582
MLS Listing,,Single Family Residential,407 Sustainable Way,Raleigh,NC,27610,499900,4,3.5,Montage,2433,4356,2022,6,205,55,Active,August-2-2025 01:00 PM,August-2-2025 03:00 PM,https://www.redfin.com/NC/Raleigh/407-Sustainable-Way-27610/home/178766710,TMLS,10111692,N,Y,35.7738327,-78.585115
MLS Listing,,Single Family Residential,1200 Misty Morning Way,Raleigh,NC,27603,650000,3,2.5,Turner Downs,2915,24829,2007,6,223,35,Active,August-3-2025 01:00 PM,August-3-2025 03:00 PM,https://www.redfin.com/NC/Raleigh/1200-Misty-Morning-Way-27603/home/41314981,TMLS,10111680,N,Y,35.6171382,-78.6780327
MLS Listing,,Townhouse,6212 Pesta Ct,Raleigh,NC,27612,391900,3,3.5,Lynnwood Bluff,1952,1307,2017,6,201,155,Active,,,https://www.redfin.com/NC/Raleigh/6212-Pesta-Ct-27612/home/112904714,TMLS,10111275,N,Y,35.8673851,-78.7240525
MLS Listing,,Ranch,5817 Countryview Ln,Raleigh,NC,27606,349000,2,1.0,Swift Creek,936,53143,1958,6,373,,Active,,,https://www.redfin.com/NC/Raleigh/5817-Countryview-Ln-27606/home/41114004,TMLS,10111535,N,Y,35.7150022,-78.7059803
MLS Listing,,Single Family Residential,506 Glascock St,Raleigh,NC,27604,995000,4,2.5,Not in a Subdivision,2098,10454,2025,6,474,,Active,,,https://www.redfin.com/NC/Raleigh/506-Glascock-St-27604/home/41075385,TMLS,10109166,N,Y,35.7928387,-78.6258431
MLS Listing,,Townhouse,7719 Kelley Ct,Raleigh,NC,27615,310000,3,2.0,Midland Townes,1353,871,1985,7,229,180,Active,,,https://www.redfin.com/NC/Raleigh/7719-Kelley-Ct-27615/home/41161879,TMLS,10111668,N,Y,35.8825693,-78.6434564
MLS Listing,,Single Family Residential,1400 Crete Dr,Raleigh,NC,27606,720000,4,2.5,Athens Wood,2343,10890,2005,7,307,45,Active,August-2-2025 12:00 PM,August-2-2025 03:00 PM,https://www.redfin.com/NC/Raleigh/1400-Crete-Dr-27606/home/41280519,TMLS,10111667,N,Y,35.7712429,-78.7110953
MLS Listing,,Townhouse,2228 Trailwood Valley Cir,Raleigh,NC,27603,345000,3,2.5,Trailwood Valley,1450,871,2001,7,238,135,Active,,,https://www.redfin.com/NC/Raleigh/2228-Trailwood-Valley-Cir-27603/home/41247808,TMLS,10111665,N,Y,35.7524972,-78.684282
MLS Listing,,Condo/Co-op,523 S West St #402,Raleigh,NC,27601,1520000,3,2.5,The Fairweather,2826,33541,2020,7,538,1084,Active,,,https://www.redfin.com/NC/Raleigh/523-S-West-St-27601/unit-402/home/148737554,TMLS,10111662,N,Y,35.7736063,-78.6461238
MLS Listing,,Single Family Residential,1816 Foxbrook Dr,Raleigh,NC,27603,600000,3,2.5,Foxmoor,2507,23522,1999,7,239,11,Active,August-3-2025 01:00 PM,August-3-2025 03:00 PM,https://www.redfin.com/NC/Raleigh/1816-Foxbrook-Dr-27603/home/41234297,TMLS,10111654,N,Y,35.6763968,-78.705258
MLS Listing,,Single Family Residential,5039 Kaplan Dr,Raleigh,NC,27606,480000,3,3.0,Cardinal Hills,2205,13504,1969,7,218,,Active,,,https://www.redfin.com/NC/Raleigh/5039-Kaplan-Dr-27606/home/41095380,TMLS,10111644,N,Y,35.7762532,-78.7076517
MLS Listing,,Single Family Residential,6504 Bunker Hill Dr,Raleigh,NC,27610,376000,4,2.5,Johns Pointe,2299,6534,2018,7,164,25,Active,,,https://www.redfin.com/NC/Raleigh/6504-Bunker-Hill-Dr-27610/home/144052444,TMLS,10111643,N,Y,35.7290248,-78.5427871
MLS Listing,,Single Family Residential,3004 Avensburg Ct,Raleigh,NC,27614,830000,4,3.5,Wakefield,3856,12632,2001,7,215,25,Active,August-3-2025 01:00 PM,August-3-2025 03:00 PM,https://www.redfin.com/NC/Raleigh/3004-Avensburg-Ct-27614/home/41262481,TMLS,10110643,N,Y,35.9608049,-78.5543312
MLS Listing,,Single Family Residential,12028 Pawleys Mill Cir,Raleigh,NC,27614,750000,4,3.5,Wakefield,,9583,2002,7,,25,Active,August-3-2025 01:00 PM,August-3-2025 03:00 PM,https://www.redfin.com/NC/Raleigh/12028-Pawleys-Mill-Cir-27614/home/41275326,TMLS,10111639,N,Y,35.9589883,-78.5512208
MLS Listing,,Single Family Residential,1520 Hanover St,Raleigh,NC,27608,650000,2,2.0,Roanoke Park,1066,7405,1942,7,610,,Active,August-2-2025 02:00 PM,August-2-2025 04:00 PM,https://www.redfin.com/NC/Raleigh/1520-Hanover-St-27608/home/41102233,TMLS,10111633,N,Y,35.802568,-78.6387706
MLS Listing,,Townhouse,5345 Big Bass Dr,Raleigh,NC,27610,299900,3,3.5,Edgewater,1723,1306,2008,7,174,126,Active,,,https://www.redfin.com/NC/Raleigh/5345-Big-Bass-Dr-27610/home/41298290,TMLS,10111616,N,Y,35.7968086,-78.5438861
MLS Listing,,Townhouse,2921 Imperial Oaks Dr,Raleigh,NC,27614,450000,4,3.5,Wakefield,2586,3484,2001,7,174,217,Active,,,https://www.redfin.com/NC/Raleigh/2921-Imperial-Oaks-Dr-27614/home/41276960,TMLS,10111613,N,Y,35.9615283,-78.5550874
MLS Listing,,Townhouse,8032 Sycamore Hill Lane Ln,Raleigh,NC,27612,405000,3,3.5,Townes at Umstead,1973,1742,2006,7,205,145,Active,,,https://www.redfin.com/NC/Raleigh/8032-Sycamore-Hill-Ln-27612/home/41356394,TMLS,10111603,N,Y,35.8807425,-78.7430378
MLS Listing,,Townhouse,6698 Gibraltar Rock Dr,Raleigh,NC,27610,279990,3,2.5,Cavastead,1443,2178,2025,7,194,137,Active,August-2-2025 01:00 PM,August-2-2025 04:00 PM,https://www.redfin.com/NC/Raleigh/6698-Gibraltar-Rock-Dr-27610/home/194338351,TMLS,10111600,N,Y,35.713295,-78.541702
MLS Listing,,Single Family Residential,2848 W Jameson Rd,Raleigh,NC,27604,350000,3,2.5,Broadlands,1526,6098,1986,7,229,50,Active,,,https://www.redfin.com/NC/Raleigh/2848-W-Jameson-Rd-27604/home/41231376,TMLS,10111587,N,Y,35.8174596,-78.5857127
MLS Listing,,Townhouse,161 Sunny Acres Rd,Raleigh,NC,27603,297465,3,2.5,Rollman Farms,1564,2178,2025,7,190,150,Active,,,https://www.redfin.com/NC/Raleigh/161-Sunny-Acres-Rd-27603/home/194339548,TMLS,10088473,N,Y,35.6939823,-78.6545602
MLS Listing,,Single Family Residential,1234 Cheshire Downs (lot 6) Ct,Smithfield,NC,27577,378965,3,3.0,Cheshire,2404,30492,2025,7,158,46,Active,,,https://www.redfin.com/NC/Smithfield/1234-Cheshire-Downs-lot-6-CT-Unknown/home/196591432,TMLS,10111577,N,Y,35.649835,-78.687686
MLS Listing,,Single Family Residential,6521 Camellia Creek Dr,Raleigh,NC,27603,834900,4,3.5,Mornington Estates,3211,31363,2023,7,260,34,Active,,,https://www.redfin.com/NC/Raleigh/6521-Camellia-Creek-Dr-27603/home/184222022,TMLS,10111571,N,Y,35.609898,-78.674457
MLS Listing,,Single Family Residential,3233 Ward Rd,Raleigh,NC,27604,399900,3,2.0,Brentwood,1184,11325,1961,7,338,,Active,,,https://www.redfin.com/NC/Raleigh/3233-Ward-Rd-27604/home/41111160,TMLS,10111569,N,Y,35.8230498,-78.6045764
MLS Listing,,Single Family Residential,8224 Clear Brook Dr,Raleigh,NC,27615,600000,3,2.5,Summerfield North,2203,13068,1981,7,272,,Active,August-2-2025 02:00 PM,August-2-2025 04:00 PM,https://www.redfin.com/NC/Raleigh/8224-Clear-Brook-Dr-27615/home/41131207,TMLS,10111536,N,Y,35.8903762,-78.6349967
MLS Listing,,Single Family Residential,5129 Bartons Enclave Ln,Raleigh,NC,27613,862500,4,4.5,Bartons Creek Enclave,4074,34848,2000,7,212,25,Active,,,https://www.redfin.com/NC/Raleigh/5129-Bartons-Enclave-Ln-27613/home/41249492,TMLS,10111532,N,Y,35.9281882,-78.7313852
MLS Listing,,Townhouse,1604 Oakland Hills Way,Raleigh,NC,27604,239000,2,2.5,Hedingham,1214,3484,1995,7,197,197,Active,,,https://www.redfin.com/NC/Raleigh/1604-Oakland-Hills-Way-27604/home/41187584,TMLS,10111520,N,Y,35.806034,-78.5453196
MLS Listing,,Single Family Residential,8012 Thomasville Ct,Raleigh,NC,27612,435000,3,2.0,Westborough,1377,10019,1999,7,316,,Active,,,https://www.redfin.com/NC/Raleigh/8012-Thomasville-Ct-27612/home/41241004,TMLS,10111518,N,Y,35.8671475,-78.7278319
MLS Listing,,Single Family Residential,1936 Crag Burn Ln,Raleigh,NC,27604,310000,3,2.5,Hedingham,1465,3485,1997,7,212,65,Active,,,https://www.redfin.com/NC/Raleigh/1936-Crag-Burn-Ln-27604/home/41217769,TMLS,10111501,N,Y,35.8089344,-78.5428013
MLS Listing,,Townhouse,3904 Bentley Bridge Rd,Raleigh,NC,27612,785000,3,3.0,Bentley Ridge,3066,4356,2000,7,256,170,Active,August-2-2025 02:00 PM,August-2-2025 04:00 PM,https://www.redfin.com/NC/Raleigh/3904-Bentley-Bridge-Rd-27612/home/41238124,TMLS,10111499,N,Y,35.8231198,-78.7015673
MLS Listing,,Townhouse,2718 Sammish Way,Wake Forest,NC,27587,374999,3,2.5,Forestville Station,1885,3210,2025,7,199,160,Active,,,https://www.redfin.com/NC/Wake-Forest/2718-Sammish-Way-27587/home/194334259,TMLS,10111493,N,Y,35.9006822,-78.5053048
MLS Listing,,Single Family Residential,4807 Greenbrier Rd,Raleigh,NC,27603,385000,3,2.0,Greenbrier,1977,17860,1963,7,195,,Active,,,https://www.redfin.com/NC/Raleigh/4807-Greenbrier-Rd-27603/home/41089654,TMLS,10111487,N,Y,35.71507,-78.6459149
MLS Listing,,Single Family Residential,1234 Cheshire Downs (lot 7) Ct,Smithfield,NC,27577,382820,4,2.5,Cheshire,2845,30012,2025,7,135,46,Active,,,https://www.redfin.com/NC/Smithfield/1234-Cheshire-Downs-lot-7-CT-Unknown/home/196576813,TMLS,10111476,N,Y,35.650366,-78.687997
MLS Listing,,Townhouse,10568 Brookside Reserve Rd,Raleigh,NC,27614,280362,2,2.5,Richland Reserve,1155,1742,2025,7,243,112,Active,,,https://www.redfin.com/NC/Raleigh/10568-Brookside-Reserve-RD-27614/home/196576741,TMLS,10111470,N,Y,35.940661,-78.543675
MLS Listing,,Single Family Residential,5020 Red Cedar Rd,Raleigh,NC,27613,900000,3,3.0,Not in a Subdivision,3413,73616,1957,7,264,,Active,,,https://www.redfin.com/NC/Raleigh/5020-Red-Cedar-Rd-27613/home/41127978,TMLS,10110258,N,Y,35.9238367,-78.7297324
MLS Listing,,Single Family Residential,3212 Loyal Ln,Raleigh,NC,27615,639000,5,3.5,Durant Trails,2951,8712,1993,7,217,38,Active,,,https://www.redfin.com/NC/Raleigh/3212-Loyal-Ln-27615/home/41185242,TMLS,10111450,N,Y,35.898958,-78.5862339
MLS Listing,,Single Family Residential,3632 Turney Dr,Raleigh,NC,27610,453790,5,3.0,Barwell Park,2511,,2025,7,181,64,Active,,,https://www.redfin.com/NC/Raleigh/3632-Turney-Dr-27610/home/190007854,TMLS,10111448,N,Y,35.727871,-78.551639
MLS Listing,,Townhouse,8006 Dukes Dynasty Dr,Raleigh,NC,27615,335000,3,3.5,North Raleigh Meadows,1852,1307,2009,7,181,169,Active,,,https://www.redfin.com/NC/Raleigh/8006-Dukes-Dynasty-Dr-27615/home/41327739,TMLS,10111439,N,Y,35.8859147,-78.5927755
MLS Listing,,Single Family Residential,600 Hardimont Rd,Raleigh,NC,27609,799900,3,2.5,Woods Of St. Albans,2249,13939,1994,7,356,,Active,,,https://www.redfin.com/NC/Raleigh/600-Hardimont-Rd-27609/home/41201217,TMLS,10111437,N,Y,35.8347697,-78.6288386
MLS Listing,,Single Family Residential,1318 Mayfair Rd,Raleigh,NC,27608,1350000,3,2.5,Four Acres,3183,13504,1953,7,424,,Active,August-2-2025 11:00 AM,August-2-2025 01:00 PM,https://www.redfin.com/NC/Raleigh/1318-Mayfair-Rd-27608/home/41102625,TMLS,10111433,N,Y,35.8038694,-78.6664439
MLS Listing,,Townhouse,2716 Sammish Way,Wake Forest,NC,27587,359999,3,2.5,Forestville Station,1616,2354,2025,7,223,160,Active,,,https://www.redfin.com/NC/Raleigh/2716-Sammish-Way-27616/home/194334254,TMLS,10111432,N,Y,35.9006122,-78.5052872
MLS Listing,,Condo/Co-op,1011 Nicholwood Dr #209,Raleigh,NC,27605,320000,1,1.0,Parkridge Lane,739,,1986,7,433,260,Active,,,https://www.redfin.com/NC/Raleigh/1011-Nicholwood-Dr-27605/unit-209/home/41254007,TMLS,10111420,N,Y,35.7942736,-78.6517932
MLS Listing,,Single Family Residential,3204 Manor Ridge Dr,Raleigh,NC,27603,738000,5,3.5,Manor Ridge,4090,57934,1973,7,180,,Active,,,https://www.redfin.com/NC/Raleigh/3204-Manor-Ridge-Dr-27603/home/41104053,TMLS,10111411,N,Y,35.685863,-78.692189
MLS Listing,,Single Family Residential,9509 Candor Oaks Dr,Raleigh,NC,27615,599900,4,3.5,Simms Branch,2688,11761,1996,7,223,31,Active,,,https://www.redfin.com/NC/Raleigh/9509-Candor-Oaks-Dr-27615/home/41270116,TMLS,10111398,N,Y,35.9052835,-78.5977633
MLS Listing,,Single Family Residential,1032 Vestavia Woods Dr,Raleigh,NC,27615,725000,4,2.5,Vestavia Woods,2746,13068,1987,7,264,25,Active,August-3-2025 12:00 PM,August-3-2025 02:00 PM,https://www.redfin.com/NC/Raleigh/1032-Vestavia-Woods-Dr-27615/home/41173345,TMLS,10111383,N,Y,35.8898872,-78.6654596
MLS Listing,,Single Family Residential,4304 Bartholomew Cir,Raleigh,NC,27604,332500,3,2.5,Heddington Village,1450,5227,1993,7,229,65,Active,,,https://www.redfin.com/NC/Raleigh/4304-Bartholomew-Cir-27604/home/41182849,TMLS,10111376,N,Y,35.8067985,-78.5631352
MLS Listing,,Single Family Residential,125 Lord Ashley Rd,Raleigh,NC,27610,1450000,5,4.5,Longview Gardens,3654,29620,2022,7,397,,Active,August-2-2025 11:00 AM,August-2-2025 01:00 PM,https://www.redfin.com/NC/Raleigh/125-Lord-Ashley-Rd-27610/home/41069326,TMLS,10111370,N,Y,35.7813712,-78.6081849
MLS Listing,,Single Family Residential,2816 Alder Ridge Ln,Raleigh,NC,27603,367000,3,3.0,Trailwood Hills,1731,,2002,7,212,36,Active,,,https://www.redfin.com/NC/Raleigh/2816-Alder-Ridge-Ln-27603/home/41221004,TMLS,10111362,N,Y,35.7474759,-78.6816895
MLS Listing,,Single Family Residential,10520 Leafwood Pl,Raleigh,NC,27613,814900,4,2.5,Wood Valley,2684,50965,1982,7,304,5,Active,,,https://www.redfin.com/NC/Raleigh/10520-Leafwood-Pl-27613/home/41141838,TMLS,10111349,N,Y,35.9311482,-78.7087458
MLS Listing,,Single Family Residential,8101 Kingsland Dr,Raleigh,NC,27613,729000,4,4.0,Kingsland,3225,60548,1984,7,226,5,Active,,,https://www.redfin.com/NC/Raleigh/8101-Kingsland-Dr-27613/home/41131794,TMLS,10111335,N,Y,35.8880136,-78.7074942
MLS Listing,,Townhouse,785 Fallon Grove Way,Raleigh,NC,27608,800000,3,3.5,The Grove at Fallon Park,2668,2178,2014,7,300,207,Active,,,https://www.redfin.com/NC/Raleigh/785-Fallon-Grove-Way-27608/home/54800320,TMLS,10111333,N,Y,35.812515,-78.631901
MLS Listing,,Single Family Residential,8132 Rolling Glenn Dr,Raleigh,NC,27616,375000,3,2.5,Braefield,1618,5662,2004,7,232,32,Active,,,https://www.redfin.com/NC/Raleigh/8132-Rolling-Glenn-Dr-27616/home/41281047,TMLS,10111319,N,Y,35.8895088,-78.5059665
MLS Listing,,Mobile/Manufactured Home,6616 Rock Service Station Rd,Raleigh,NC,27603,278500,3,2.0,Not in a Subdivision,1512,73181,1994,7,184,,Active,,,https://www.redfin.com/NC/Raleigh/6616-Rock-Service-Station-Rd-27603/home/41332718,TMLS,10111214,N,Y,35.5997343,-78.6540063
MLS Listing,,Condo/Co-op,2631 Oldgate Dr #101,Raleigh,NC,27604,285000,2,2.0,Mellowfield Condominiums,979,,2006,7,291,249,Active,August-2-2025 12:00 PM,August-2-2025 02:00 PM,https://www.redfin.com/NC/Raleigh/2631-Oldgate-Dr-27604/unit-101/home/41321333,TMLS,10110582,N,Y,35.8174637,-78.6133487
MLS Listing,,Townhouse,4555 Treerose Way,Raleigh,NC,27606,349000,2,2.5,Meadowood Crossings,1433,2178,2002,7,244,200,Active,,,https://www.redfin.com/NC/Raleigh/4555-Treerose-Way-27606/home/41256401,TMLS,10111165,N,Y,35.7540468,-78.7165366
MLS Listing,,Townhouse,1210 Shadowbark Ct,Raleigh,NC,27603,284900,3,2.0,Pine Winds,1462,1742,1993,8,195,180,Active,,,https://www.redfin.com/NC/Raleigh/1210-Shadowbark-Ct-27603/home/41186988,TMLS,10111286,N,Y,35.7171557,-78.6512875
MLS Listing,,Single Family Residential,392 Travel Lite Dr,Raleigh,NC,27603,439000,3,2.5,Waverly Pointe,2178,33541,2002,8,202,,Active,,,https://www.redfin.com/NC/Raleigh/392-Travel-Lite-Dr-27603/home/41270269,TMLS,10111283,N,Y,35.5856889,-78.6233603
MLS Listing,,Single Family Residential,7536 Oakberry Dr,Raleigh,NC,27616,450000,4,3.0,Bryson Village,2483,6098,2016,8,181,60,Active,,,https://www.redfin.com/NC/Raleigh/7536-Oakberry-Dr-27616/home/105280558,TMLS,10111274,N,Y,35.8376733,-78.5108547
MLS Listing,,Townhouse,6696 Gibraltar Rock Dr,Raleigh,NC,27610,269990,3,2.5,Cavastead,1442,2178,2025,8,187,137,Active,,,https://www.redfin.com/NC/Raleigh/6696-Gibraltar-Rock-Dr-27610/home/194338350,TMLS,10111257,N,Y,35.713339,-78.541759
MLS Listing,,Single Family Residential,1129 Marlborough Rd,Raleigh,NC,27610,369000,3,1.5,Lockwood,1101,14810,1975,8,335,,Active,,,https://www.redfin.com/NC/Raleigh/1129-Marlborough-Rd-27610/home/41077594,TMLS,10111252,N,Y,35.7947762,-78.6043281
MLS Listing,,Single Family Residential,3521 Piedmont Dr,Raleigh,NC,27604,320000,3,2.0,Trawick Downs,1337,7841,1992,8,239,,Active,,,https://www.redfin.com/NC/Raleigh/3521-Piedmont-Dr-27604/home/41174509,TMLS,10111249,N,Y,35.8076246,-78.5800799
MLS Listing,,Single Family Residential,1820 Flint Hill Ln,Raleigh,NC,27604,499990,4,2.5,Allen Park,2739,8712,2025,8,183,85,Active,August-2-2025 01:00 PM,August-2-2025 04:00 PM,https://www.redfin.com/NC/Raleigh/1820-Flint-Hill-Ln-27604/home/194333798,TMLS,10111248,N,Y,35.818924,-78.513334
MLS Listing,,Townhouse,2714 Sammish Way,Raleigh,NC,27616,374999,3,2.5,Forestville Station,1714,2354,2025,8,219,160,Active,,,https://www.redfin.com/NC/Raleigh/2714-Sammish-WAY-27616/home/196561223,TMLS,10111239,N,Y,35.900541,-78.505267
MLS Listing,,Single Family Residential,414 Heather Dr,Raleigh,NC,27606,585000,3,3.0,Not in a Subdivision,2200,4792,2016,8,266,,Active,August-2-2025 10:00 AM,August-2-2025 11:55 PM,https://www.redfin.com/NC/Raleigh/414-Heather-Dr-27606/home/105838422,TMLS,10111234,N,Y,35.7870293,-78.7142516
MLS Listing,,Townhouse,6129 Arsenal Ave,Raleigh,NC,27610,320585,3,2.5,Battle Bridge,1570,2614,2025,8,204,145,Active,August-1-2025 11:00 AM,August-1-2025 05:00 PM,https://www.redfin.com/NC/Raleigh/6129-Arsenal-Ave-27610/home/190007605,TMLS,10111217,N,Y,35.722979,-78.546293
MLS Listing,,Single Family Residential,912 Siskin Rd,Knightdale,NC,27545,431990,4,3.0,Stoneriver,2255,4791,2025,8,192,94,Active,August-2-2025 10:30 AM,August-2-2025 04:30 PM,https://www.redfin.com/NC/Knightdale/912-Siskin-Rd-27545/home/194332060,TMLS,10111209,N,Y,35.7633579,-78.5331999
MLS Listing,,Single Family Residential,904 Siskin Rd,Knightdale,NC,27545,429990,4,3.0,Stoneriver,2255,4791,2025,8,191,94,Active,,,https://www.redfin.com/NC/Knightdale/904-Siskin-Rd-27545/home/194332069,TMLS,10111192,N,Y,35.7632059,-78.533005
MLS Listing,,Townhouse,2710 Sammish Way,Raleigh,NC,27616,394999,3,2.5,Forestville Station,1883,4173,2025,8,210,160,Active,,,https://www.redfin.com/NC/Raleigh/2710-Sammish-WAY-27616/home/196559894,TMLS,10111189,N,Y,35.901073,-78.504036
MLS Listing,,Single Family Residential,4709 Delta Lake Dr,Raleigh,NC,27612,539500,3,2.5,Delta Ridge,1945,6534,1999,8,277,32,Active,,,https://www.redfin.com/NC/Raleigh/4709-Delta-Lake-Dr-27612/home/41243946,TMLS,10111174,N,Y,35.8559873,-78.717413
MLS Listing,,Single Family Residential,6508 Sanctuary Falls Dr,Raleigh,NC,27614,3860000,5,6.0,Sanctuary at Falls Lake,7750,42557,2025,8,498,340,Active,,,https://www.redfin.com/NC/Raleigh/6508-Falls-Bridge-Dr-27614/home/196558348,TMLS,10111158,N,Y,35.961918,-78.671623
MLS Listing,,Single Family Residential,3713 Arrowwood Dr,Raleigh,NC,27604,399000,3,2.0,Brentwood Estates,2023,13503,1968,8,197,,Active,,,https://www.redfin.com/NC/Raleigh/3713-Arrowwood-Dr-27604/home/41086135,TMLS,10111153,N,Y,35.8333503,-78.5931192
MLS Listing,,Single Family Residential,4016 Edward Pride Wynd,Raleigh,NC,27612,1800000,6,6.5,Olde Raleigh,6766,16988,1990,8,266,259,Active,,,https://www.redfin.com/NC/Raleigh/4016-Edward-Pride-Wynd-27612/home/41175531,TMLS,10111123,N,Y,35.8312093,-78.7061194
MLS Listing,,Single Family Residential,5001 Marathon Ln,Raleigh,NC,27616,449000,4,2.5,Triple Creek at Valley Stream,2411,9148,2001,8,186,28,Active,,,https://www.redfin.com/NC/Raleigh/5001-Marathon-Ln-27616/home/41271759,TMLS,10111083,N,Y,35.8396516,-78.5582516
MLS Listing,,Condo/Co-op,8011 Allyns Landing Way #202,Raleigh,NC,27615,299999,2,2.0,Allyns Landing,1234,,2003,8,243,433,Active,,,https://www.redfin.com/NC/Raleigh/8011-Allyns-Landing-Way-27615/unit-202/home/41291622,TMLS,10111079,N,Y,35.8896112,-78.6511291
MLS Listing,,Condo/Co-op,7124 Longstreet Dr,Raleigh,NC,27615,178000,3,2.0,Stoney Hollow,1147,,1975,8,155,413,Active,,,https://www.redfin.com/NC/Raleigh/7124-Longstreet-Dr-27615/home/183293320,TMLS,10111078,N,Y,35.8744673,-78.6472973
MLS Listing,,Single Family Residential,1529 Battery Dr,Raleigh,NC,27610,535000,3,2.5,Battery Heights,1416,5663,2018,8,378,,Active,,,https://www.redfin.com/NC/Raleigh/1529-Battery-Dr-27610/home/41112478,TMLS,10111071,N,Y,35.7768262,-78.6153892
MLS Listing,,Townhouse,1116 Epiphany Rd,Morrisville,NC,27560,420000,3,2.5,Trivium at Brier Creek,2004,2614,2018,8,210,209,Active,August-2-2025 02:00 PM,August-2-2025 04:00 PM,https://www.redfin.com/NC/Morrisville/1116-Epiphany-Rd-27560/home/146628605,TMLS,10111068,N,Y,35.9159211,-78.8105621
MLS Listing,,Single Family Residential,236 Augusta Pond Way #123,Raleigh,NC,27603,649000,5,4.0,Georgias Landing,3523,6054,2025,8,184,85,Active,August-1-2025 10:00 AM,August-1-2025 04:30 PM,https://www.redfin.com/NC/Raleigh/236-Augusta-Pond-Way-27603/unit-123/home/196551786,TMLS,10111061,N,Y,35.697882,-78.68304
MLS Listing,,Single Family Residential,8117 Bright Oak Trl,Raleigh,NC,27616,345000,3,2.5,Brighton,1360,5227,2003,8,254,20,Active,,,https://www.redfin.com/NC/Raleigh/8117-Bright-Oak-Trl-27616/home/41272263,TMLS,10111051,N,Y,35.8900797,-78.514725
MLS Listing,,Single Family Residential,3620 Waleback Ln,Raleigh,NC,27610,395000,4,2.5,Tryon Place,2755,4792,2017,8,143,25,Active,,,https://www.redfin.com/NC/Raleigh/3620-Waleback-Ln-27610/home/113805325,TMLS,10111047,N,Y,35.7331916,-78.6118432
MLS Listing,,Townhouse,2909 Benevolence Dr,Raleigh,NC,27610,299000,3,2.5,Providence,1606,1307,2016,8,186,148,Active,,,https://www.redfin.com/NC/Raleigh/2909-Benevolence-Dr-27610/home/102717109,TMLS,10111036,N,Y,35.7426501,-78.5927374
MLS Listing,,Single Family Residential,1404 Rock Dam Ct,Raleigh,NC,27615,5100000,5,4.5,North Ridge,6020,41382,2000,8,847,,Active,,,https://www.redfin.com/NC/Raleigh/1404-Rock-Dam-Ct-27615/home/41226330,TMLS,10111031,N,Y,35.8860877,-78.6173636
MLS Listing,,Single Family Residential,1300 Formal Garden Way,Raleigh,NC,27603,585000,4,2.5,Renaissance Park,2528,6970,2010,8,231,81,Active,,,https://www.redfin.com/NC/Raleigh/1300-Formal-Garden-Way-27603/home/41324776,TMLS,10111026,N,Y,35.7386165,-78.6588588
MLS Listing,,Townhouse,5054 Avenida Del Sol Dr,Raleigh,NC,27616,250000,2,2.0,The Villages,1164,2178,1984,8,215,124,Active,,,https://www.redfin.com/NC/Raleigh/5054-Avenida-del-Sol-Dr-27616/home/41151429,TMLS,10111021,N,Y,35.854436,-78.5779404
MLS Listing,,Single Family Residential,5621 Advantis Dr,Raleigh,NC,27610,340000,3,3.0,Pearl Ridge,1982,7405,2003,9,172,13,Active,,,https://www.redfin.com/NC/Raleigh/5621-Advantis-Dr-27610/home/41273249,TMLS,10110971,N,Y,35.7279459,-78.558832
MLS Listing,,Single Family Residential,3617 Carlow Ct,Raleigh,NC,27612,1275000,4,2.5,Triple Gate,3882,15682,2000,9,328,,Active,,,https://www.redfin.com/NC/Raleigh/3617-Carlow-Ct-27612/home/41237472,TMLS,10110921,N,Y,35.8282925,-78.6858087
MLS Listing,,Single Family Residential,6820 Brixley Cir,Raleigh,NC,27614,2950000,4,6.5,Brixley,5827,54014,2026,9,506,,Active,,,https://www.redfin.com/NC/Raleigh/2809-Spring-Forest-Rd-27616/home/196353020,TMLS,10110912,N,Y,35.8570956,-78.5934242
MLS Listing,,Townhouse,2403 Savior St,Raleigh,NC,27610,260000,2,2.5,Providence Townes,1422,871,2009,9,183,149,Active,,,https://www.redfin.com/NC/Raleigh/2403-Savior-St-27610/home/41321722,TMLS,10110865,N,Y,35.7444075,-78.593458
MLS Listing,,Condo/Co-op,8611 Brushfoot Way #107,Raleigh,NC,27616,350000,3,3.5,Durant Towns,1746,,2023,9,200,196,Active,,,https://www.redfin.com/NC/Raleigh/8611-Brushfoot-Way-27616/unit-107/home/190002454,TMLS,10110861,N,Y,35.8941952,-78.5562001
MLS Listing,,Single Family Residential,225 Elm St,Raleigh,NC,27601,1395000,3,3.5,Not in a Subdivision,2125,5662,1906,9,656,,Active,,,https://www.redfin.com/NC/Raleigh/225-Elm-St-27601/home/41102400,TMLS,10110843,N,Y,35.7831436,-78.630739
MLS Listing,,Single Family Residential,3613 Turney Dr,Raleigh,NC,27610,428490,4,2.5,Barwell Park,2164,,2025,9,198,64,Active,,,https://www.redfin.com/NC/Raleigh/3613-Turney-Dr-27610/home/194331797,TMLS,10110839,N,Y,35.7287109,-78.552066
MLS Listing,,Single Family Residential,3623 Turney Dr,Raleigh,NC,27610,432490,4,2.5,Barwell Park,2164,10018,2025,9,200,64,Active,,,https://www.redfin.com/NC/Raleigh/3623-Turney-Dr-27610/home/190007853,TMLS,10110837,N,Y,35.728412,-78.551896
MLS Listing,,Single Family Residential,3604 Turney Dr,Raleigh,NC,27610,421490,4,2.5,Barwell Park,2164,,2025,9,195,64,Active,,,https://www.redfin.com/NC/Raleigh/3604-Turney-Dr-27610/home/194331789,TMLS,10110833,N,Y,35.729072,-78.552555
MLS Listing,,Condo/Co-op,400 W North St #1628,Raleigh,NC,27603,415000,1,1.0,West Condominiums,950,,2008,9,437,414,Active,,,https://www.redfin.com/NC/Raleigh/400-W-North-St-27603/unit-1628/home/41361202,TMLS,10110829,N,Y,35.7852674,-78.6452816
MLS Listing,,Townhouse,8518 Arboles Ct,Raleigh,NC,27613,320000,2,2.5,Cornerstone Park,1300,1742,2004,9,246,45,Active,,,https://www.redfin.com/NC/Raleigh/8518-Arboles-Ct-27613/home/41289181,TMLS,10110817,N,Y,35.8896156,-78.7401921
MLS Listing,,Condo/Co-op,319 Fayetteville St #315,Raleigh,NC,27601,495000,1,1.0,Hudson,1275,,2005,9,388,426,Active,,,https://www.redfin.com/NC/Raleigh/319-Fayetteville-St-27601/unit-315/home/41307097,TMLS,10110804,N,Y,35.7761123,-78.6388542
MLS Listing,,Condo/Co-op,222 Glenwood Ave #703,Raleigh,NC,27603,499000,2,2.0,222 Glenwood,1222,,2007,9,408,490,Active,,,https://www.redfin.com/NC/Raleigh/222-Glenwood-Ave-27603/unit-703/home/41329732,TMLS,10110798,N,Y,35.7834748,-78.6472117
MLS Listing,,Single Family Residential,10329 Fanny Brown Rd,Raleigh,NC,27603,305000,3,1.5,Pine Meadow,1375,30056,1976,10,222,,Active,,,https://www.redfin.com/NC/Raleigh/10329-Fanny-Brown-Rd-27603/home/41129889,TMLS,10110791,N,Y,35.6308853,-78.6877151
MLS Listing,,Townhouse,2561 Bent Green St,Raleigh,NC,27614,399999,3,2.0,Wakefield,1744,6098,2002,10,229,294,Active,,,https://www.redfin.com/NC/Raleigh/2561-Bent-Green-St-27614/home/41256647,TMLS,10110778,N,Y,35.9371068,-78.5627121
MLS Listing,,Townhouse,6127 Arsenal Ave,Raleigh,NC,27610,306255,3,2.5,Battle Bridge,1604,2178,2025,10,191,145,Active,August-2-2025 11:00 AM,August-2-2025 05:00 PM,https://www.redfin.com/NC/Raleigh/6127-Arsenal-Ave-27610/home/190007606,TMLS,10110744,N,Y,35.7230429,-78.546293
MLS Listing,,Condo/Co-op,1221 University Ct #203,Raleigh,NC,27606,285000,4,4.0,University Commons Lake Pk,1219,,1997,10,234,202,Active,,,https://www.redfin.com/NC/Raleigh/1221-University-Ct-27606/unit-203/home/41225522,TMLS,10110735,N,Y,35.763247,-78.7016665
MLS Listing,,Townhouse,1523 Crescent Townes Way,Raleigh,NC,27604,334990,3,3.5,Crescent Townes,1889,1307,2025,10,177,205,Active,,,https://www.redfin.com/NC/Raleigh/1523-Crescent-Townes-Way-27604/home/190008053,TMLS,10110724,N,Y,35.802352,-78.557706
MLS Listing,,Single Family Residential,2133 Ridge Rd,Raleigh,NC,27607,925000,3,2.0,Starview,1799,15246,1959,10,514,,Active,,,https://www.redfin.com/NC/Raleigh/2133-Ridge-Rd-27607/home/41108666,TMLS,10110716,N,Y,35.8213158,-78.677961
MLS Listing,,Townhouse,1527 Crescent Townes Way,Raleigh,NC,27604,317990,3,3.5,Crescent Townes,1889,871,2025,10,168,205,Active,,,https://www.redfin.com/NC/Raleigh/1527-Crescent-Townes-Way-27604/home/190008055,TMLS,10110712,N,Y,35.802446,-78.557697
MLS Listing,,Single Family Residential,3609 Turney Dr,Raleigh,NC,27610,458490,5,3.0,Barwell Park,2511,,2025,10,183,64,Active,,,https://www.redfin.com/NC/Raleigh/3609-Turney-Dr-27610/home/194331798,TMLS,10110711,N,Y,35.728914,-78.552032
MLS Listing,,Single Family Residential,2627 Marchmont St,Raleigh,NC,27608,1969000,4,3.5,Budleigh East,3799,6098,2025,10,518,274,Active,,,https://www.redfin.com/NC/Raleigh/2627-Marchmont-St-27608/home/184233331,TMLS,10110709,N,Y,35.8107673,-78.6538047
MLS Listing,,Single Family Residential,3608 Turney Dr,Raleigh,NC,27610,454490,5,3.0,Barwell Park,2511,,2025,10,181,64,Active,,,https://www.redfin.com/NC/Raleigh/3608-Turney-Dr-27610/home/194331788,TMLS,10110705,N,Y,35.728837,-78.552604
MLS Listing,,Single Family Residential,5901 Sodium St,Raleigh,NC,27610,422490,4,2.5,Barwell Park,2164,,2025,10,195,64,Active,,,https://www.redfin.com/NC/Raleigh/5901-Sodium-St-27610/home/194331791,TMLS,10110700,N,Y,35.729768,-78.552468
MLS Listing,,Single Family Residential,4408 Walker Hallow St,Raleigh,NC,27616,615000,4,3.0,Belmont,2525,6970,2022,10,244,133,Active,,,https://www.redfin.com/NC/Raleigh/4408-Walker-Hallow-St-27616/home/176950382,TMLS,10110698,N,Y,35.8380791,-78.5516892
MLS Listing,,Single Family Residential,3601 Turney Dr,Raleigh,NC,27610,429490,4,2.5,Barwell Park,2164,,2025,10,198,64,Active,,,https://www.redfin.com/NC/Raleigh/3601-Turney-Dr-27610/home/194331800,TMLS,10110699,N,Y,35.729329,-78.551952
MLS Listing,,Single Family Residential,2516 Constitution Dr,Raleigh,NC,27615,475000,4,2.5,Woods Of North Ridge,1971,6534,1994,10,241,19,Active,August-2-2025 02:00 PM,August-2-2025 04:00 PM,https://www.redfin.com/NC/Raleigh/2516-Constitution-Dr-27615/home/41197023,TMLS,10110696,N,Y,35.8820857,-78.5940376
MLS Listing,,Single Family Residential,6005 Sodium St,Raleigh,NC,27610,402990,4,2.0,Barwell Park,1764,,2025,10,228,64,Active,,,https://www.redfin.com/NC/Raleigh/6005-Sodium-St-27610/home/194331820,TMLS,10110695,N,Y,35.72981,-78.549936
MLS Listing,,Single Family Residential,6017 Sodium St,Raleigh,NC,27610,399990,4,2.0,Barwell Park,1764,,2025,10,227,64,Active,,,https://www.redfin.com/NC/Raleigh/6017-Sodium-St-27610/home/194331826,TMLS,10110694,N,Y,35.729736,-78.549477
MLS Listing,,Single Family Residential,829 Greenwich St,Raleigh,NC,27610,299000,3,2.0,Worthdale,1313,10454,1961,10,228,,Active,,,https://www.redfin.com/NC/Raleigh/829-Greenwich-St-27610/home/41090830,TMLS,10110679,N,Y,35.7666568,-78.5935813
MLS Listing,,Townhouse,5944 Kohler Ln,Raleigh,NC,27616,325000,3,2.5,Villages of Fox Run,1545,2178,2006,10,210,195,Active,,,https://www.redfin.com/NC/Raleigh/5944-Kohler-Ln-27616/home/41299031,TMLS,10110652,N,Y,35.8620081,-78.5634057
MLS Listing,,Single Family Residential,2005 Shenandoah Rd,Raleigh,NC,27603,420000,5,3.0,Pleasant Ridge Estates,1986,22651,1983,10,211,,Active,,,https://www.redfin.com/NC/Raleigh/2005-Shenandoah-Rd-27603/home/41146397,TMLS,10110301,N,Y,35.7551127,-78.6734735
MLS Listing,,Condo/Co-op,606 Daniels St Unit B,Raleigh,NC,27605,389900,1,1.0,The Woodburn,597,,2021,11,653,295,Active,,,https://www.redfin.com/NC/Raleigh/606-Daniels-St-27605/unit-B/home/175599621,TMLS,10110428,N,Y,35.7924901,-78.6608062
MLS Listing,,Condo/Co-op,7010 Sandy Forks Rd #106,Raleigh,NC,27615,299000,3,2.5,Sandy Forks Place,1621,,1986,11,184,360,Active,,,https://www.redfin.com/NC/Raleigh/7010-Sandy-Forks-Rd-27615/unit-106/home/41163600,TMLS,10110619,N,Y,35.8703113,-78.6251275
MLS Listing,,Single Family Residential,1820 Hunting Ridge Rd,Raleigh,NC,27615,1595000,5,3.5,North Ridge,5324,32234,1981,11,300,,Active,,,https://www.redfin.com/NC/Raleigh/1820-Hunting-Ridge-Rd-27615/home/41125794,TMLS,10110606,N,Y,35.8780284,-78.6069191
MLS Listing,,Townhouse,3225 Philmont Dr,Raleigh,NC,27615,450000,3,2.5,The Reserve at Durant,1875,2613,1996,11,240,250,Active,,,https://www.redfin.com/NC/Raleigh/3225-Philmont-Dr-27615/home/41214304,TMLS,10110598,N,Y,35.8979095,-78.5861001
MLS Listing,,Single Family Residential,6508 Century Oak Ct,Raleigh,NC,27613,4350000,5,7.0,Southern Hills Estates,9651,54014,2022,11,451,196,Active,,,https://www.redfin.com/NC/Raleigh/6508-Century-Oak-Ct-27613/home/168663851,TMLS,10110593,N,Y,35.960635,-78.691986
MLS Listing,,Single Family Residential,3917 Mount Moran Rd,Raleigh,NC,27616,499000,4,3.0,Milburnie Ridge,2801,9148,2023,12,178,50,Active,,,https://www.redfin.com/NC/Raleigh/3917-Mount-Moran-Rd-27616/home/184220533,TMLS,10110584,N,Y,35.845557,-78.506017
MLS Listing,,Townhouse,10545 Pleasant Branch Dr Unit 101,Raleigh,NC,27614,360000,2,2.5,Raven Ridge,1524,,2025,12,236,265,Active,August-1-2025 01:00 PM,August-1-2025 05:00 PM,https://www.redfin.com/NC/North-Raleigh/10545-Pleasant-Branch-Dr-27614/unit-101/home/196480812,TMLS,10110552,N,Y,35.9165111,-78.5922574
MLS Listing,,Single Family Residential,529 Solar Dr,Raleigh,NC,27610,318900,3,2.0,Appollo Heights,1311,9583,1969,12,243,,Active,,,https://www.redfin.com/NC/Raleigh/529-Solar-Dr-27610/home/41132253,TMLS,10110545,N,Y,35.7687382,-78.6078319
MLS Listing,,Single Family Residential,7308 River Glen Ct,Raleigh,NC,27614,850000,4,2.5,Remington Forest,3401,41382,2005,12,250,38,Active,,,https://www.redfin.com/NC/Raleigh/7308-River-Glen-Ct-27614/home/41277067,TMLS,10110530,N,Y,35.9813009,-78.6430568
MLS Listing,,Single Family Residential,6024 Lunenburg Dr,Raleigh,NC,27603,825000,4,3.0,Mornington Estates,3541,52707,2021,12,233,34,Active,,,https://www.redfin.com/NC/Raleigh/6024-Lunenburg-Dr-27603/home/171417560,TMLS,10110519,N,Y,35.6121653,-78.6779534
MLS Listing,,Townhouse,4429 Log Cabin Dr,Raleigh,NC,27616,275000,2,2.5,Somerset Place,1475,1742,2006,12,186,95,Active,,,https://www.redfin.com/NC/Raleigh/4429-Log-Cabin-Dr-27616/home/41296922,TMLS,10110511,N,Y,35.8536866,-78.5683875
MLS Listing,,Single Family Residential,2809 Bardwell Rd,Raleigh,NC,27604,314900,3,1.5,Brentwood,1235,15682,1960,12,255,,Active,,,https://www.redfin.com/NC/Raleigh/2809-Bardwell-Rd-27604/home/41069939,TMLS,10109811,N,Y,35.8214649,-78.5988942
MLS Listing,,Single Family Residential,4008 Landover Ln,Raleigh,NC,27616,360000,3,2.5,Landover,1516,6534,2004,12,237,38,Active,,,https://www.redfin.com/NC/Raleigh/4008-Landover-Ln-27616/home/41278200,TMLS,10110479,N,Y,35.8546808,-78.5245776
MLS Listing,,Single Family Residential,6705 Oviedo Dr,Raleigh,NC,27603,350000,3,2.0,Sun Ridge Farm,1637,34412,2000,12,214,,Active,,,https://www.redfin.com/NC/Raleigh/6705-Oviedo-Dr-27603/home/41241060,TMLS,10109619,N,Y,35.5909446,-78.6222962
MLS Listing,,Single Family Residential,203 W West Roanoke Park Dr,Raleigh,NC,27608,789000,3,2.0,Roanoke Park,1108,7405,1950,12,712,,Active,,,https://www.redfin.com/NC/Raleigh/203-W-Roanoke-Park-Dr-27608/home/41076379,TMLS,10110195,N,Y,35.803007,-78.639585
MLS Listing,,Townhouse,2125 Ventana Ln,Raleigh,NC,27604,250000,2,2.5,Hedingham,1020,2178,1998,12,245,140,Active,August-2-2025 11:00 AM,August-2-2025 02:00 PM,https://www.redfin.com/NC/Raleigh/2125-Ventana-Ln-27604/home/41239532,TMLS,10110255,N,Y,35.8116368,-78.5425225
MLS Listing,,Single Family Residential,5604 Leonard Mill Rd,Raleigh,NC,27616,320000,3,2.0,Somerset Springs,1143,9583,1996,12,280,23,Active,,,https://www.redfin.com/NC/Raleigh/5604-Leonard-Mill-Rd-27616/home/41214772,TMLS,10110136,N,Y,35.8572403,-78.567901
MLS Listing,,Townhouse,1314 Still Monument Way,Raleigh,NC,27603,395000,3,2.5,Renaissance Park,2117,3049,2012,13,187,200,Active,,,https://www.redfin.com/NC/Raleigh/1314-Still-Monument-Way-27603/home/41324545,TMLS,10110472,N,Y,35.7361859,-78.6560481
MLS Listing,,Single Family Residential,1321 S Bloodworth St,Raleigh,NC,27601,539000,3,2.5,Not in a Subdivision,1346,3920,2017,13,400,,Active,,,https://www.redfin.com/NC/Raleigh/1321-S-Bloodworth-St-27601/home/144327129,TMLS,10110461,N,Y,35.7635555,-78.6338663
MLS Listing,,Single Family Residential,5008 Tallwood Dr,Raleigh,NC,27613,620000,3,4.0,Hunter Hills,2769,63162,1979,13,224,,Active,,,https://www.redfin.com/NC/Raleigh/5008-Tallwood-Dr-27613/home/41134027,TMLS,10110459,N,Y,35.9577992,-78.71817
MLS Listing,,Townhouse,1613 Bruce Cir,Raleigh,NC,27603,795000,3,3.5,Not in a Subdivision,2281,23958,2025,13,349,325,Active,,,https://www.redfin.com/NC/Raleigh/1613-Bruce-Cir-27603/home/189997608,TMLS,10110439,N,Y,35.740625,-78.664812
MLS Listing,,Single Family Residential,2868 Orchard Trace Way,Raleigh,NC,27610,320000,4,2.5,Dutchman Creek,2344,6098,2005,13,137,17,Active,,,https://www.redfin.com/NC/Raleigh/2868-Orchard-Trace-Way-27610/home/41294597,TMLS,10110429,N,Y,35.7392015,-78.5886964
MLS Listing,,Single Family Residential,1810 Dorton Rd,Raleigh,NC,27607,749900,3,2.0,Medfield Estates,2064,36590,1966,13,363,,Active,,,https://www.redfin.com/NC/Raleigh/1810-Dorton-Rd-27607/home/41074602,TMLS,10110427,N,Y,35.8056347,-78.7470558
MLS Listing,,Townhouse,11020 Southwalk Ln,Raleigh,NC,27614,450000,3,2.5,Falls River Townhomes,1928,2178,1998,13,233,271,Active,,,https://www.redfin.com/NC/Raleigh/11020-Southwalk-Ln-27614/home/41235310,TMLS,10110419,N,Y,35.9092729,-78.5893173
MLS Listing,,Single Family Residential,5205 Pine Swell Way,Raleigh,NC,27610,299900,3,2.5,Williford Place,1198,9148,2001,13,250,,Active,,,https://www.redfin.com/NC/Raleigh/5205-Pine-Swell-Way-27610/home/41260201,TMLS,10110412,N,Y,35.760544,-78.5539326
MLS Listing,,Single Family Residential,11705 Durant Rd,Raleigh,NC,27614,915000,4,3.0,Not in a Subdivision,3026,104979,1974,13,302,,Active,,,https://www.redfin.com/NC/Raleigh/11705-Durant-Rd-27614/home/41121435,TMLS,10110378,N,Y,35.9113112,-78.609496
MLS Listing,,Townhouse,1317 Rollman Farm Rd,Raleigh,NC,27603,329990,3,2.5,Rollman Farms,1630,2614,2025,13,202,150,Active,August-2-2025 01:00 PM,August-2-2025 04:00 PM,https://www.redfin.com/NC/Garner/1317-Rollman-Farm-Rd-27603/home/196496469,TMLS,10110338,N,Y,35.6917811,-78.652867
MLS Listing,,Single Family Residential,6512 Johnsdale Rd,Raleigh,NC,27615,475000,3,2.0,Litchford Forest,1767,30492,1963,13,269,,Active,,,https://www.redfin.com/NC/Raleigh/6512-Johnsdale-Rd-27615/home/41077209,TMLS,10110339,N,Y,35.8692211,-78.5991653
MLS Listing,,Townhouse,8611 Brushfoot Way #109,Raleigh,NC,27616,349000,4,3.5,Durant Towns,1723,,2024,13,203,196,Active,,,https://www.redfin.com/NC/Raleigh/8611-Brushfoot-Way-27616/unit-109/home/190002453,TMLS,10110337,N,Y,35.8941952,-78.5562001
MLS Listing,,Townhouse,3110 Settle In Ln,Raleigh,NC,27614,354000,3,3.0,Bedford at Falls River,1939,1742,2004,13,183,82,Active,,,https://www.redfin.com/NC/Raleigh/3110-Settle-in-Ln-27614/home/41281679,TMLS,10110331,N,Y,35.9241589,-78.5579856
MLS Listing,,Townhouse,10569 Brookside Reserve Rd,Raleigh,NC,27614,288918,2,2.5,Richland Reserve,1155,,2025,13,250,112,Active,,,https://www.redfin.com/NC/Raleigh/10569-Brookside-Reserve-RD-27614/home/196493746,TMLS,10110325,N,Y,35.940552,-78.544686
MLS Listing,,Single Family Residential,1968 Shadow Glen Dr,Raleigh,NC,27604,335000,3,2.5,Hedingham,1524,4356,1998,13,220,65,Active,,,https://www.redfin.com/NC/Raleigh/1968-Shadow-Glen-Dr-27604/home/41217035,TMLS,10110319,N,Y,35.8095157,-78.543182
MLS Listing,,Townhouse,8341 Hollister Hills Dr,Raleigh,NC,27616,315000,3,2.5,Highland Creek,1606,,2013,13,196,196,Active,,,https://www.redfin.com/NC/Raleigh/8341-Hollister-Hills-Dr-27616/home/59277669,TMLS,10110296,N,Y,35.8937121,-78.5158048
MLS Listing,,Single Family Residential,2020 Gardenbrook Dr,Raleigh,NC,27606,739900,4,3.5,Eagle Creek,3172,45738,1999,13,233,,Active,August-3-2025 12:00 PM,August-3-2025 01:00 PM,https://www.redfin.com/NC/Raleigh/2020-Gardenbrook-Dr-27606/home/41212706,TMLS,10110315,N,Y,35.7182119,-78.7333377
MLS Listing,,Single Family Residential,1200 Hazelnut Dr,Raleigh,NC,27610,280500,3,1.5,Kingwood Forest,1145,11761,1969,13,245,,Active,,,https://www.redfin.com/NC/Raleigh/1200-Hazelnut-Dr-27610/home/41069536,TMLS,10110288,N,Y,35.7435539,-78.616928
MLS Listing,,Single Family Residential,12325 Cilcain Ct,Raleigh,NC,27614,775000,4,3.5,Wakefield,3202,13504,2001,13,242,25,Active,,,https://www.redfin.com/NC/Raleigh/12325-Cilcain-Ct-27614/home/41250085,TMLS,10110289,N,Y,35.9512493,-78.569448
MLS Listing,,Single Family Residential,9017 Winged Thistle Ct,Raleigh,NC,27617,1050000,5,4.5,Briar Creek,4014,13939,2001,13,262,75,Active,,,https://www.redfin.com/NC/Raleigh/9017-Winged-Thistle-Ct-27617/home/41247101,TMLS,10110270,N,Y,35.9086085,-78.7926664
MLS Listing,,Single Family Residential,3205 Vallejo Trl,Raleigh,NC,27610,438600,5,3.5,Chasteal Trails,3025,7405,2006,13,145,21,Active,,,https://www.redfin.com/NC/Raleigh/3205-Vallejo-Trl-27610/home/41312185,TMLS,10110268,N,Y,35.7370345,-78.5492594
MLS Listing,,Multi-Family (2-4 Unit),628 Rawls Dr,Raleigh,NC,27610,470000,4,4.0,Country Club View,1886,10454,1979,13,249,,Active,,,https://www.redfin.com/NC/Raleigh/628-Rawls-Dr-27610/home/41135292,TMLS,10110259,N,Y,35.7732617,-78.5875871
MLS Listing,,Single Family Residential,3438 Leonard St,Raleigh,NC,27607,2695000,4,5.5,Ridgewood,4633,16117,2026,13,582,,Active,,,https://www.redfin.com/NC/Raleigh/3438-Leonard-St-27607/home/41338104,TMLS,10110248,N,Y,35.8036288,-78.6840909
MLS Listing,,Single Family Residential,2321 Toll Mill Ct,Raleigh,NC,27606,1595000,4,6.0,Sanctuary at Yates Mill,4280,37026,2021,13,373,99,Active,,,https://www.redfin.com/NC/Raleigh/2321-Toll-Mill-Ct-27606/home/174380238,TMLS,10110236,N,Y,35.7144839,-78.7276531
MLS Listing,,Single Family Residential,1001 Phoenix Pl,Raleigh,NC,27610,1400000,4,4.5,Phoenix Place,3313,18295,2025,13,423,,Active,,,https://www.redfin.com/NC/Raleigh/1001-Phoenix-Pl-27610/home/163175292,TMLS,10110232,N,Y,35.794616,-78.605908
MLS Listing,,Single Family Residential,911 Temple St,Raleigh,NC,27609,975000,4,3.0,Chestnut Hills,3118,21344,1966,13,313,,Active,,,https://www.redfin.com/NC/Raleigh/911-Temple-St-27609/home/41075446,TMLS,10110231,N,Y,35.8554753,-78.6516294
MLS Listing,,Single Family Residential,1005 Phoenix Pl,Raleigh,NC,27610,1050000,3,3.5,Phoenix Place,2627,16117,2025,13,400,,Active,,,https://www.redfin.com/NC/Raleigh/1005-Phoenix-Pl-27610/home/163321440,TMLS,10110218,N,Y,35.794402,-78.60598
