SALE TYPE,SOLD DATE,PROPERTY TYPE,ADDRESS,CITY,STATE OR PROVINCE,ZIP OR POSTAL CODE,PRICE,BEDS,BATHS,LOCATION,SQUARE FEET,LOT SIZE,YEAR BUILT,DAYS ON MARKET,$/SQUARE FEET,HOA/MONTH,STATUS,NEXT OPEN HOUSE START TIME,NEXT OPEN HOUSE END TIME,URL (SEE https://www.redfin.com/buy-a-home/comparative-market-analysis FOR INFO ON PRICING),SOURCE,MLS#,FAVORITE,INTERESTED,LATITUDE,LONGITUDE
"In accordance with local MLS rules, some MLS listings are not included in the download"
MLS Listing,,Single Family Residential,4809 Marena Pl,Durham,NC,27707,815000,5,4.0,Marena Place,3398,27878,2006,2,240,,Active,,,https://www.redfin.com/NC/Durham/4809-Marena-Pl-27707/home/43598162,TMLS,10112669,N,Y,35.93024,-78.9967585
MLS Listing,,Single Family Residential,1201 South St,Durham,NC,27707,400000,4,3.0,Not in a Subdivision,1517,4792,1955,2,264,,Active,,,https://www.redfin.com/NC/Durham/1201-South-St-27707/home/44532153,TMLS,10112547,N,Y,35.9817353,-78.9064005
MLS Listing,,Single Family Residential,2906 Apollo St,Durham,NC,27704,285000,3,2.0,Landmark,1241,6098,1989,7,230,,Active,,,https://www.redfin.com/NC/Durham/2906-Apollo-St-27704/home/43562018,TMLS,10111034,N,Y,36.0365012,-78.86973
MLS Listing,,Single Family Residential,7125 Crested Iris Pl,Durham,NC,27703,654000,4,3.0,Andrews Chapel,2713,5662,2023,8,241,89,Active,August-2-2025 10:00 AM,August-2-2025 12:00 PM,https://www.redfin.com/NC/Durham/7125-Crested-Iris-Pl-27703/home/182393357,TMLS,10111339,N,Y,35.927827,-78.7683904
MLS Listing,,Single Family Residential,214 Cloverdale Dr,Durham,NC,27703,320000,3,2.0,Ridgewood,1283,8712,1999,14,249,900,Active,,,https://www.redfin.com/NC/Durham/214-Cloverdale-Dr-27703/home/43566424,TMLS,10110233,N,Y,35.9976928,-78.8097481
MLS Listing,,Single Family Residential,2519 Chapel Hill Rd,Durham,NC,27707,655000,4,2.5,Wa Wa Yanda,2953,17860,1953,14,222,,Active,,,https://www.redfin.com/NC/Durham/2519-Chapel-Hill-Rd-27707/home/43522968,TMLS,10109328,N,Y,35.9809628,-78.9340866
MLS Listing,,Vacant Land,209 Barclay Rd,Durham,NC,27712,43000,,,Brentwood,,22651,,21,,,Active,,,https://www.redfin.com/NC/Durham/209-Barclay-Rd-27712/home/43579659,TMLS,10108824,N,Y,36.0987265,-78.9042822
MLS Listing,,Single Family Residential,1126 Apogee Dr,Durham,NC,27713,354000,3,2.5,Southern Pointe Townhomes,1760,2178,2019,21,201,165,Active,,,https://www.redfin.com/NC/Durham/1126-Apogee-Dr-27713/home/169617925,TMLS,10108745,N,Y,35.954167,-78.888981
MLS Listing,,Single Family Residential,1814 Shiva Ct,Durham,NC,27703,389000,3,3.0,Pagehurst,1823,6098,2002,28,213,27,Active,,,https://www.redfin.com/NC/Durham/1814-Shiva-Ct-27703/home/43605640,TMLS,10107436,N,Y,35.9239592,-78.8156888
MLS Listing,,Single Family Residential,2710 Broad St,Durham,NC,27704,320000,2,1.0,Lockeland,906,7405,1952,56,353,,Active,,,https://www.redfin.com/NC/Durham/2710-Broad-St-27704/home/43537382,TMLS,10101390,N,Y,36.0361143,-78.908809
MLS Listing,,Single Family Residential,1014 E Club Blvd,Durham,NC,27704,365000,4,2.0,Boulevard Heights,1514,7841,1953,79,241,,Active,,,https://www.redfin.com/NC/Durham/1014-E-Club-Blvd-27704/home/43540887,TMLS,10096155,N,Y,36.0231865,-78.8776817
MLS Listing,,Single Family Residential,2513 Magnolia Tree Ln,Durham,NC,27703,465000,3,2.5,Rustica Oaks,2255,5227,2016,85,206,60,Active,,,https://www.redfin.com/NC/Durham/2513-Magnolia-Tree-Ln-27703/home/49676770,TMLS,10094581,N,Y,35.94926,-78.8801283
MLS Listing,,Townhouse,2113 Rockface Way,Durham,NC,27703,315000,2,2.5,Olive Grove,1218,2178,2023,1,259,200,Active,,,https://www.redfin.com/NC/Durham/2113-Rockface-Way-27703/home/190703535,TMLS,10113319,N,Y,35.963154,-78.784303
MLS Listing,,Single Family Residential,106 Red Bird Dr,Durham,NC,27704,419500,3,2.5,Cardinal Lake,3880,7405,2009,1,108,78,Active,,,https://www.redfin.com/NC/Durham/106-Red-Bird-Dr-27704/home/43613122,TMLS,10113309,N,Y,36.0137064,-78.8099423
MLS Listing,,Single Family Residential,27 Garden Hills Ct,Durham,NC,27712,480000,4,2.5,Dover Ridge,2310,20038,2003,1,208,14,Active,,,https://www.redfin.com/NC/Durham/27-Garden-Hills-Ct-27712/home/43590472,TMLS,10113281,N,Y,36.0879296,-78.9255314
MLS Listing,,Single Family Residential,3135 Hope Valley Rd,Durham,NC,27707,440000,3,2.0,Not in a Subdivision,1431,22216,1983,1,307,,Active,August-3-2025 01:00 PM,August-3-2025 03:00 PM,https://www.redfin.com/NC/Durham/3135-Hope-Valley-Rd-27707/home/43536585,TMLS,10113277,N,Y,35.9630307,-78.9323373
MLS Listing,,Single Family Residential,103 Bermuda Green Dr,Durham,NC,27703,419900,4,2.5,Grove Park,1807,10454,2003,1,232,65,Active,,,https://www.redfin.com/NC/Durham/103-Bermuda-Green-Dr-27703/home/43589966,TMLS,10113275,N,Y,35.9834246,-78.8069416
MLS Listing,,Single Family Residential,2314 Faucette Ave,Durham,NC,27704,380000,3,2.0,Milan Woods,1340,10018,1994,1,284,16,Active,,,https://www.redfin.com/NC/Durham/2314-Faucette-Ave-27704/home/43561927,TMLS,10113268,N,Y,36.0073166,-78.8567989
MLS Listing,,Townhouse,61 Fashion Pl,Durham,NC,27705,186000,1,1.0,Crystal Pines,686,1306,1984,1,271,140,Active,,,https://www.redfin.com/NC/Durham/61-Fashion-Pl-27705/home/43570461,TMLS,10113240,N,Y,36.0477128,-78.932801
MLS Listing,,Townhouse,3646 Crystal Ct,Durham,NC,27705,185000,1,1.0,Crystal Pines,807,1307,1982,1,229,144,Active,,,https://www.redfin.com/NC/Durham/3646-Crystal-Ct-27705/home/43570374,TMLS,10113231,N,Y,36.0453819,-78.930688
MLS Listing,,Single Family Residential,631 Conover Rd,Durham,NC,27703,675000,4,3.5,Ravenstone,2781,24394,2025,1,243,47,Active,,,https://www.redfin.com/NC/Durham/631-Conover-Rd-27703/home/43608048,TMLS,10113210,N,Y,35.969266,-78.787553
MLS Listing,,Townhouse,1337 Scholar Dr,Durham,NC,27703,365000,3,2.5,Shepards Square,1712,1742,2020,1,213,132,Active,,,https://www.redfin.com/NC/Durham/1337-Scholar-Dr-27703/home/171114493,TMLS,10113203,N,Y,35.957608,-78.871926
MLS Listing,,Single Family Residential,614 Red Cedar Cir,Durham,NC,27712,515000,4,2.5,Treyburn,2550,12632,2004,1,202,51,Active,,,https://www.redfin.com/NC/Durham/614-Red-Cedar-Cir-27712/home/43591804,TMLS,10113186,N,Y,36.1290535,-78.8558921
MLS Listing,,Single Family Residential,135 Rosaline Ln,Durham,NC,27713,500000,4,3.0,Belcrest,2309,7405,2010,1,217,175,Active,,,https://www.redfin.com/NC/Durham/135-Rosaline-Ln-27713/home/43609694,TMLS,10113185,N,Y,35.9319907,-78.9148261
MLS Listing,,Single Family Residential,1012 Ringhill Bluff Dr,Durham,NC,27704,400000,3,2.0,Timberleaf,1455,6534,2023,1,275,89,Active,August-2-2025 01:00 PM,August-2-2025 03:00 PM,https://www.redfin.com/NC/Durham/1012-Ringhill-Bluff-Dr-27704/home/193442843,TMLS,10113183,N,Y,36.0200072,-78.8443589
MLS Listing,,Townhouse,10 Hartford Ct,Durham,NC,27707,240000,2,1.5,Breckenridge,2,,1989,1,120000,154,Active,,,https://www.redfin.com/NC/Durham/10-Hartford-Ct-27707/home/43536763,TMLS,10113176,N,Y,35.9599589,-78.9279021
MLS Listing,,Single Family Residential,105 Blackford Ct,Durham,NC,27712,735000,4,4.5,Treyburn,4051,22651,1993,1,181,51,Active,August-3-2025 02:00 PM,August-3-2025 04:00 PM,https://www.redfin.com/NC/Durham/105-Blackford-Ct-27712/home/43585274,TMLS,10113173,N,Y,36.1294307,-78.8590597
MLS Listing,,Vacant Land,7516 Massey Chapel Road Rd,Durham,NC,27713,330000,,,Ellison Heights,,17859,,1,,,Active,,,https://www.redfin.com/NC/Durham/7516-Massey-Chapel-Rd-27713/home/43554618,TMLS,10113171,N,Y,35.8973233,-78.9391178
MLS Listing,,Single Family Residential,551 Homeland Ave,Durham,NC,27707,320000,2,2.5,Not in a Subdivision,1234,6098,2024,1,259,,Active,August-2-2025 11:00 AM,August-2-2025 01:00 PM,https://www.redfin.com/NC/Durham/551-Homeland-Ave-27707/home/191314866,TMLS,10113160,N,Y,35.960926,-78.906467
MLS Listing,,Townhouse,71 Stone Hill Ct,Durham,NC,27704,209900,2,2.0,Stonewall Village,1199,1306,1984,1,175,187,Active,,,https://www.redfin.com/NC/Durham/71-Stone-Hill-Ct-27704/home/43538116,TMLS,10113138,N,Y,36.0537602,-78.907826
MLS Listing,,Single Family Residential,5 Huckleberry Ct,Durham,NC,27713,529000,4,2.5,Settlers Mill,1959,13504,1992,1,270,,Active,August-2-2025 11:00 AM,August-2-2025 03:00 PM,https://www.redfin.com/NC/Durham/5-Huckleberry-Ct-27713/home/43559231,TMLS,10113133,N,Y,35.8921341,-78.9200051
MLS Listing,,Single Family Residential,435 Kings Lake Way,Durham,NC,27703,615000,4,3.5,Ashton Hall,3124,5227,2021,1,197,75,Active,,,https://www.redfin.com/NC/Durham/435-Kings-Lake-Way-27703/home/188332856,TMLS,10113127,N,Y,35.9577466,-78.8323741
MLS Listing,,Townhouse,216 W Geer St Unit A,Durham,NC,27701,1195000,3,3.5,Not in a Subdivision,2539,3920,2019,1,471,450,Active,August-2-2025 01:00 PM,August-2-2025 03:00 PM,https://www.redfin.com/NC/Durham/216-W-Geer-St-27701/unit-A/home/43522702,TMLS,10113110,N,Y,36.0040003,-78.8973578
MLS Listing,,Single Family Residential,1916 Sherman Ave,Durham,NC,27707,395000,3,2.5,Not in a Subdivision,1500,13504,2022,1,263,,Active,August-2-2025 01:00 PM,August-2-2025 03:00 PM,https://www.redfin.com/NC/Durham/1916-Sherman-Ave-27707/home/43542857,TMLS,10112851,N,Y,35.9641049,-78.8911151
MLS Listing,,Single Family Residential,6 Foxlair Ct,Durham,NC,27712,544900,4,2.5,Fieldstone by the Eno,2278,14375,1998,1,239,12,Active,August-3-2025 02:00 PM,August-3-2025 04:00 PM,https://www.redfin.com/NC/Durham/6-Foxlair-Ct-27712/home/43588575,TMLS,10112486,N,Y,36.0671183,-78.9485385
MLS Listing,,Townhouse,1053 Shoreside Dr,Durham,NC,27713,458500,4,3.5,The Pointe at Stratford Lakes,2483,2613,2021,1,185,154,Active,August-2-2025 02:00 PM,August-2-2025 04:00 PM,https://www.redfin.com/NC/Durham/1053-Shoreside-Dr-27713/home/176505391,TMLS,10112506,N,Y,35.9420512,-78.9139383
MLS Listing,,Townhouse,1523 Tamarisk Ln,Durham,NC,27703,398990,4,3.5,Everton,2184,1960,2025,1,183,181,Active,,,https://www.redfin.com/NC/Durham/1523-Tamarisk-Ln-27703/home/196629693,TMLS,10113095,N,Y,35.9420978,-78.7870193
MLS Listing,,Townhouse,1522 Tamarisk Ln,Durham,NC,27703,389990,4,3.5,Everton,2184,2482,2025,1,179,181,Active,,,https://www.redfin.com/NC/Durham/1522-Tamarisk-Ln-27703/home/196687502,TMLS,10113093,N,Y,35.9420978,-78.7870193
MLS Listing,,Single Family Residential,1311 Martin Luther King Jr Pkwy,Durham,NC,27707,639000,4,3.0,Not in a Subdivision,2235,27007,1984,1,286,,Active,,,https://www.redfin.com/NC/Durham/1311-Martin-Luther-King-Pkwy-27707/home/43536413,TMLS,10113089,N,Y,35.95796,-78.9372643
MLS Listing,,Townhouse,5226 Dilbagh Dr,Durham,NC,27703,330000,3,2.5,Pagehurst,1540,5227,2004,1,214,165,Active,August-3-2025 11:00 AM,August-3-2025 01:00 PM,https://www.redfin.com/NC/Durham/5226-Dilbagh-Dr-27703/home/43610568,TMLS,10113088,N,Y,35.9234821,-78.8135458
MLS Listing,,Single Family Residential,1019 Elmira Ave,Durham,NC,27707,390000,5,4.0,Royal Oaks,3595,29185,1963,1,108,,Active,,,https://www.redfin.com/NC/Durham/1019-Elmira-Ave-27707/home/43543036,TMLS,10113078,N,Y,35.9592041,-78.8964105
MLS Listing,,Single Family Residential,3 Windchime Ct,Durham,NC,27704,369000,4,2.5,Magnolia Creek,1680,8712,2019,1,220,40,Active,August-3-2025 12:00 PM,August-3-2025 02:00 PM,https://www.redfin.com/NC/Durham/3-Windchime-Ct-27704/home/146528753,TMLS,10113071,N,Y,36.055957,-78.8851624
MLS Listing,,Single Family Residential,15 Silverbush Ct,Durham,NC,27707,695000,4,3.0,Forrest Brook Cluster,2989,9583,2006,1,233,,Active,August-2-2025 12:00 PM,August-2-2025 02:00 PM,https://www.redfin.com/NC/Durham/15-Silverbush-Ct-27707/home/43604815,TMLS,10113047,N,Y,35.9600103,-78.9447027
MLS Listing,,Single Family Residential,2909 Chapel Hill Rd,Durham,NC,27707,399000,3,1.0,University Terrace,1255,23522,1930,1,318,,Active,,,https://www.redfin.com/NC/Durham/2909-Chapel-Hill-Rd-27707/home/43534934,TMLS,10113033,N,Y,35.9709865,-78.9380976
MLS Listing,,Condo/Co-op,521 N Mangum St #32,Durham,NC,27701,395000,1,1.0,Not in a Subdivision,708,,2023,1,558,290,Active,August-1-2025 04:00 PM,August-1-2025 06:00 PM,https://www.redfin.com/NC/Durham/521-N-Mangum-St-27701/unit-32/home/185178045,TMLS,10113025,N,Y,35.9995609,-78.897129
MLS Listing,,Single Family Residential,1020 Big Spring Cir,Durham,NC,27703,649000,5,3.5,Brightleaf at the Park,3797,9583,2018,1,171,95,Active,August-3-2025 02:00 PM,August-3-2025 04:00 PM,https://www.redfin.com/NC/Durham/1020-Big-Spring-Cir-27703/home/147232474,TMLS,10113019,N,Y,35.9560353,-78.8042013
MLS Listing,,Condo/Co-op,929 Morreene Rd Unit A23,Durham,NC,27705,330000,3,3.0,Partners Place,1401,,2002,1,236,294,Active,,,https://www.redfin.com/NC/Durham/929-Morreene-Rd-27705/unit-A23/home/43590651,TMLS,10113006,N,Y,36.0088019,-78.9532793
MLS Listing,,Vacant Land,7304 Oak Leaf Dr,Chapel Hill,NC,27517,325000,,,Oak Hill,,24829,,1,,,Active,,,https://www.redfin.com/NC/Chapel-Hill/7304-Oak-Leaf-Dr-27516/home/43551517,TMLS,10112998,N,Y,35.8916746,-78.9798652
MLS Listing,,Townhouse,500 W Woodcroft Pkwy Unit Durham,Durham,NC,27713,279000,2,2.0,Woodcroft,1079,2178,1984,1,259,230,Active,August-3-2025 02:00 PM,August-3-2025 04:00 PM,https://www.redfin.com/NC/Durham/500-W-Woodcroft-Pkwy-27713/home/196001336,TMLS,10112957,N,Y,35.9231642,-78.9342998
MLS Listing,,Single Family Residential,334 King Lear Ln,Morrisville,NC,27560,480000,3,2.5,Four Seasons at Renaissance,1993,6534,2016,1,241,60,Active,August-1-2025 04:00 PM,August-1-2025 06:00 PM,https://www.redfin.com/NC/Morrisville/334-King-Lear-Ln-27560/home/43612506,TMLS,10112950,N,Y,35.8895057,-78.8298879
MLS Listing,,Townhouse,2037 Glen Crossing Dr,Durham,NC,27704,324990,3,2.5,Glenn Crossing,1386,28314,2025,1,234,149,Active,August-2-2025 10:00 AM,August-2-2025 06:00 PM,https://www.redfin.com/NC/Durham/2037-Glen-Crossing-Dr-27704/home/193445289,TMLS,10112944,N,Y,36.038739,-78.8425264
MLS Listing,,Single Family Residential,4305 Regis Ave,Durham,NC,27705,575000,3,2.0,Spring Valley,2710,,1968,1,212,,Active,,,https://www.redfin.com/NC/Durham/4305-Regis-Ave-27705/home/43572086,TMLS,10112937,N,Y,36.0433759,-78.9752874
MLS Listing,,Single Family Residential,2708 Ferrand Dr,Durham,NC,27705,560000,3,2.5,Spring Valley,2291,20037,1998,1,244,,Active,August-3-2025 01:00 PM,August-3-2025 03:00 PM,https://www.redfin.com/NC/Durham/2708-Ferrand-Dr-27705/home/43572054,TMLS,10112933,N,Y,36.0429633,-78.9740063
MLS Listing,,Single Family Residential,2 Barkwood Ct,Durham,NC,27713,2100000,4,4.5,,4760,31363,2013,1,441,267,Active,,,https://www.redfin.com/NC/Durham/2-Barkwood-Ct-27713/home/43608154,Hive MLS,100522312,N,Y,35.8665827,-78.9579794
MLS Listing,,Townhouse,779 Willard St,Durham,NC,27701,885000,3,3.5,The Terraces at Morehead Hill,2310,1176,2024,1,383,175,Active,,,https://www.redfin.com/NC/Durham/779-Willard-St-27701/home/176504384,TMLS,10112901,N,Y,35.989151,-78.907635
MLS Listing,,Single Family Residential,208 Monticello Ave,Durham,NC,27707,775000,4,3.5,Preston Woods,2376,36590,1971,1,326,,Active,August-2-2025 12:00 PM,August-2-2025 02:00 PM,https://www.redfin.com/NC/Durham/208-Monticello-Ave-27707/home/43536046,TMLS,10112881,N,Y,35.9658417,-78.9235714
MLS Listing,,Vacant Land,604 E Geer St,Durham,NC,27701,75000,,,T E Cheek,,10019,,1,,,Active,,,https://www.redfin.com/NC/Durham/604-E-Geer-St-27701/home/43525503,TMLS,10112879,N,Y,36.003314,-78.885492
MLS Listing,,Single Family Residential,618 Belvin Ave,Durham,NC,27704,270000,2,1.0,Not in a Subdivision,1032,4791,1947,1,262,,Active,,,https://www.redfin.com/NC/Durham/618-Belvin-Ave-27704/home/43540638,TMLS,10112852,N,Y,36.0352624,-78.8855811
MLS Listing,,Townhouse,1130 Merlot Hills Ln,Durham,NC,27704,299990,3,2.5,Bull City North,1592,,2025,1,188,135,Active,August-2-2025 01:00 PM,August-2-2025 03:00 PM,https://www.redfin.com/NC/Durham/1130-Merlot-Hills-Ln-27704/home/196479891,TMLS,10112844,N,Y,36.061461,-78.893374
MLS Listing,,Single Family Residential,607 Lee St,Durham,NC,27701,1139000,5,4.5,Not in a Subdivision,3512,9583,2019,1,324,,Active,,,https://www.redfin.com/NC/Durham/607-Lee-St-27701/home/43525664,TMLS,10112843,N,Y,36.0020312,-78.8882765
MLS Listing,,Single Family Residential,2009 Eden Shire Way,Durham,NC,27712,555000,5,3.0,Umstead Grove,3015,5662,2024,1,184,95,Active,August-2-2025 01:00 PM,August-2-2025 03:00 PM,https://www.redfin.com/NC/Durham/2009-Eden-Shire-Way-27712/home/187844204,TMLS,10112828,N,Y,36.074505,-78.945706
MLS Listing,,Single Family Residential,3908 Cash Rd,Durham,NC,27703,299000,3,1.0,Not in a Subdivision,1095,20038,1960,1,273,,Active,August-2-2025 11:00 AM,August-2-2025 03:00 PM,https://www.redfin.com/NC/Durham/3908-Cash-Rd-27703/home/43563292,TMLS,10112800,N,Y,35.9428357,-78.8436835
MLS Listing,,Townhouse,1005 Channel Drop Dr. Dr,Durham,NC,27703,375000,3,2.5,Atwater,1643,2178,2022,1,228,132,Active,August-2-2025 01:00 PM,August-2-2025 03:00 PM,https://www.redfin.com/NC/Durham/1005-Channel-Drop-Dr-27703/home/182392573,TMLS,10112799,N,Y,35.9488725,-78.8680728
MLS Listing,,Single Family Residential,2613 Azalea Dr,Durham,NC,27703,625000,3,2.5,Lakeshore,2630,33541,2019,1,238,68,Active,August-2-2025 12:00 PM,August-2-2025 03:00 PM,https://www.redfin.com/NC/Durham/2613-Azalea-Dr-27703/home/43563499,TMLS,10112789,N,Y,35.9291125,-78.8312064
MLS Listing,,Single Family Residential,106 W Edgewood Dr,Durham,NC,27704,375000,2,1.0,Not in a Subdivision,862,7405,1941,1,435,,Active,August-2-2025 12:00 PM,August-2-2025 02:00 PM,https://www.redfin.com/NC/Durham/106-W-Edgewood-Dr-27704/home/43535541,TMLS,10112760,N,Y,36.0277741,-78.8936757
MLS Listing,,Townhouse,1000 Fargo St Unit G3,Durham,NC,27707,224900,2,1.5,Sunridge Pointe,1178,1306,1985,1,191,78,Active,,,https://www.redfin.com/NC/Durham/1000-Fargo-St-27707/unit-G3/home/43534475,TMLS,10112757,N,Y,35.9847119,-78.9086097
MLS Listing,,Single Family Residential,1118 Scholastic Cir,Durham,NC,27713,825000,5,5.0,Chancellors Ridge,3529,10454,2003,1,234,44,Active,August-2-2025 02:00 PM,August-2-2025 04:00 PM,https://www.redfin.com/NC/Durham/1118-Scholastic-Cir-27713/home/43591049,TMLS,10112147,N,Y,35.8895428,-78.9541614
MLS Listing,,Single Family Residential,2803 B Fawn Ave,Durham,NC,27705,515000,3,2.5,Not in a Subdivision,1283,3049,2025,2,401,,Active,August-9-2025 01:00 PM,August-9-2025 03:00 PM,https://www.redfin.com/NC/Durham/2803-Fawn-Ave-27705/home/196721411,TMLS,10112741,N,Y,36.033031,-78.9315328
MLS Listing,,Townhouse,717 Quiet Woods Pl,Durham,NC,27712,349000,3,2.0,Country Club Heights,1737,4356,2003,2,201,186,Active,August-2-2025 02:00 PM,August-2-2025 04:00 PM,https://www.redfin.com/NC/Durham/717-Quiet-Woods-Pl-27712/home/43602178,TMLS,10112726,N,Y,36.0714483,-78.9772031
MLS Listing,,Single Family Residential,113 Silver Fir Ln,Durham,NC,27713,480000,3,2.5,Belgreen,2012,3920,2020,2,239,60,Active,August-2-2025 12:00 PM,August-2-2025 03:00 PM,https://www.redfin.com/NC/Durham/113-Silver-Fir-Ln-27713/home/173318264,TMLS,10112701,N,Y,35.9352249,-78.9021152
MLS Listing,,Vacant Land,120 James Ross Drive Rd,Durham,NC,27713,280000,,,Ellison Heights,,23958,,2,,,Active,,,https://www.redfin.com/NC/Durham/120-James-Ross-Rd-27713/home/43554620,TMLS,10112695,N,Y,35.8975951,-78.9385885
MLS Listing,,Townhouse,704 Blackpool Dr,Durham,NC,27703,590315,3,2.5,Courtyards at Oak Grove,2410,3920,2025,2,245,285,Active,,,https://www.redfin.com/NC/Durham/704-Blackpool-DR-Unknown/home/196696938,TMLS,10112673,N,Y,35.944971,-78.794612
MLS Listing,,Townhouse,702 Blackpool Dr,Durham,NC,27703,594790,3,2.5,Courtyards at Oak Grove,2410,3920,2025,2,247,285,Active,,,https://www.redfin.com/NC/Durham/702-Blackpool-DR-Unknown/home/196696862,TMLS,10112671,N,Y,35.946252,-78.793579
MLS Listing,,Single Family Residential,1008 Plath Dr,Durham,NC,27703,629000,2,2.0,Creekside at Bethpage,2076,5663,2021,2,303,262,Active,,,https://www.redfin.com/NC/Durham/1008-Plath-Dr-27703/home/176504456,TMLS,10112663,N,Y,35.9012739,-78.8304933
MLS Listing,,Townhouse,6003 Grey Colt Way,Durham,NC,27703,341890,3,2.5,Triple Crown,1792,3049,2025,2,191,240,Active,,,https://www.redfin.com/NC/Durham/6003-Grey-Colt-Rd-27703/home/193444803,TMLS,10112662,N,Y,35.971775,-78.777792
MLS Listing,,Townhouse,5015 Shipper Ln,Durham,NC,27703,324990,3,2.5,Triple Crown,1792,2613,2025,2,181,240,Active,,,https://www.redfin.com/NC/Durham/5015-Shipper-Ln-27703/home/193444781,TMLS,10112657,N,Y,35.97226333618164,-78.77876281738281
MLS Listing,,Single Family Residential,,Durham,NC,27712,599000,4,3.0,,2925,30056,1983,2,205,,Active,,,https://www.redfin.com/NC/Durham/Undisclosed-address-27712/home/43577263,TMLS,10112632,N,Y,36.0812475,-78.9491118
MLS Listing,,Single Family Residential,123 Carlion Ct,Durham,NC,27713,715000,4,2.5,Fairfield,2908,16553,1994,2,246,77,Active,,,https://www.redfin.com/NC/Durham/123-Carlion-Ct-27713/home/43555824,TMLS,10112618,N,Y,35.8826111,-78.9277871
MLS Listing,,Single Family Residential,1007 Shovelhead Dr #4,Durham,NC,27703,422177,3,2.5,Chandler Run,1924,4791,2025,2,219,118,Active,August-2-2025 11:00 AM,August-2-2025 03:00 PM,https://www.redfin.com/NC/Durham/1007-Shovelhead-DR-27703/unit-4/home/196695025,TMLS,10112593,N,Y,35.990863,-78.837622
MLS Listing,,Townhouse,1062 Flagler St,Durham,NC,27713,399000,3,2.5,Southpoint Station,2125,2614,2019,2,188,132,Active,,,https://www.redfin.com/NC/Durham/1062-Flagler-St-27713/home/169617969,TMLS,10112591,N,Y,35.9105907,-78.9178404
MLS Listing,,Single Family Residential,2 Premier Ct,Durham,NC,27713,625000,4,2.5,Emorywood,2096,11761,2017,2,298,47,Active,August-2-2025 03:00 PM,August-2-2025 05:00 PM,https://www.redfin.com/NC/Durham/2-Premier-Ct-27713/home/143040832,TMLS,10112587,N,Y,35.9424749,-78.8960016
MLS Listing,,Single Family Residential,512 W Bywood Dr,Durham,NC,27712,418000,3,2.0,Milton Forest,2196,30056,1971,2,190,,Active,,,https://www.redfin.com/NC/Durham/512-W-Bywood-Dr-27712/home/43593969,TMLS,10112536,N,Y,36.1125142,-78.9172314
MLS Listing,,Townhouse,3 Paddington Pl,Chapel Hill,NC,27517,350000,2,2.0,Falconbridge Townhomes,1315,3485,1983,2,266,403,Active,,,https://www.redfin.com/NC/Chapel-Hill/3-Paddington-Pl-27517/home/43551650,TMLS,10112530,N,Y,35.9079978,-78.9904735
MLS Listing,,Single Family Residential,2506 Dominion St,Durham,NC,27704,314900,4,2.0,Boulevard Heights,1103,6970,1925,2,285,,Active,,,https://www.redfin.com/NC/Durham/2506-Dominion-St-27704/home/43540456,TMLS,10112529,N,Y,36.0236445,-78.8816746
MLS Listing,,Single Family Residential,5519 Spindlewood Ct,Durham,NC,27703,460000,4,2.5,Harrington Pines,2182,6098,2002,2,211,21,Active,August-3-2025 11:00 AM,August-3-2025 01:00 PM,https://www.redfin.com/NC/Durham/5519-Spindlewood-Ct-27703/home/43591377,TMLS,10112516,N,Y,35.9261749,-78.7569145
MLS Listing,,Single Family Residential,1028 Nickelby St,Durham,NC,27703,740000,3,3.5,Creekside at Bethpage,2516,7841,2018,2,294,262,Active,,,https://www.redfin.com/NC/Durham/1028-Nickelby-St-27703/home/146628604,TMLS,10112505,N,Y,35.9037056,-78.8285184
MLS Listing,,Single Family Residential,1603 Hermitage Ct,Durham,NC,27707,1450000,4,3.0,Not in a Subdivision,3403,27007,1930,2,426,,Active,,,https://www.redfin.com/NC/Durham/1603-Hermitage-Ct-27707/home/43594481,TMLS,10111698,N,Y,35.9816032,-78.9144082
MLS Listing,,Single Family Residential,617 Bacon Street St,Durham,NC,27703,214900,2,1.0,College View,798,8276,1950,3,269,,Active,,,https://www.redfin.com/NC/Durham/617-Bacon-St-27703/home/43532444,TMLS,10112503,N,Y,35.9779551,-78.8836053
MLS Listing,,Vacant Land,224 Curlew Dr Dr,Chapel Hill,NC,27514,137500,,,Oak Hill,,20037,,3,,,Active,,,https://www.redfin.com/NC/Chapel-Hill/224-Curlew-Dr-27517/home/43593972,TMLS,10112494,N,Y,35.890782,-78.97851
MLS Listing,,Single Family Residential,5504 Pelham Rd,Durham,NC,27713,500000,3,2.0,Parkwood,1917,14374,1971,3,261,21,Active,,,https://www.redfin.com/NC/Durham/5504-Pelham-Rd-27713/home/43594425,TMLS,10112482,N,Y,35.8858414,-78.9148677
MLS Listing,,Single Family Residential,5026 Gatewood Dr,Durham,NC,27712,399900,4,2.0,Brogden Heights,2220,25265,1971,3,180,,Active,,,https://www.redfin.com/NC/Durham/5026-Gatewood-Dr-27712/home/43578352,TMLS,10112477,N,Y,36.0817403,-78.9249993
MLS Listing,,Townhouse,1526 Tamarisk Ln,Durham,NC,27703,409990,4,3.5,Everton,2184,1960,2025,3,188,181,Active,,,https://www.redfin.com/NC/Durham/1526-Tamarisk-Ln-27703/home/196685584,TMLS,10112453,N,Y,35.9420978,-78.7870193
MLS Listing,,Single Family Residential,208 Latta Rd,Durham,NC,27712,475000,3,2.0,Not in a Subdivision,2088,43995,1967,3,227,,Active,August-2-2025 01:00 PM,August-2-2025 03:00 PM,https://www.redfin.com/NC/Durham/208-Latta-Rd-27712/home/43577868,TMLS,10112436,N,Y,36.0779129,-78.9152765
MLS Listing,,Condo/Co-op,806 Kendall Dr,Durham,NC,27703,198000,2,1.5,Park Place,1069,,1989,3,185,200,Active,,,https://www.redfin.com/NC/Durham/806-Kendall-Dr-27703/home/194837531,TMLS,10112419,N,Y,35.9698772,-78.8392585
MLS Listing,,Townhouse,3111 Ivey Wood Ln,Durham,NC,27703,235000,2,1.5,Amberlynn Valley,1019,871,2005,3,231,125,Active,,,https://www.redfin.com/NC/Durham/3111-Ivey-Wood-Ln-27703/home/43600413,TMLS,10112380,N,Y,35.9716012,-78.8465404
MLS Listing,,Townhouse,102 Harvest Oaks Ln #58,Durham,NC,27703,325000,3,2.5,Ganyard Farm,1540,1306,2017,3,211,178,Active,,,https://www.redfin.com/NC/Durham/102-Harvest-Oaks-Ln-27703/unit-58/home/43607670,TMLS,10112368,N,Y,35.9815744,-78.8332652
MLS Listing,,Single Family Residential,1151 W Horseshoe Rd,Durham,NC,27703,299000,3,1.5,Not in a Subdivision,1453,21780,1965,3,206,,Active,,,https://www.redfin.com/NC/Durham/1151-Horseshoe-Rd-27703/home/43563084,TMLS,10112359,N,Y,35.964046,-78.84202
MLS Listing,,Single Family Residential,2949 Historic Cir,Morrisville,NC,27560,775000,4,3.0,Kitts Creek,3200,7405,2017,4,242,81,Active,,,https://www.redfin.com/NC/Morrisville/2949-Historic-Cir-27560/home/144612401,TMLS,10112331,N,Y,35.8670231,-78.8587826
MLS Listing,,Single Family Residential,1018 Laredo Ln,Durham,NC,27703,539900,5,3.5,Brightleaf at the Park,2688,6098,2016,4,201,100,Active,,,https://www.redfin.com/NC/Durham/1018-Laredo-Ln-27703/home/103501995,TMLS,10112332,N,Y,35.9537761,-78.8078145
MLS Listing,,Townhouse,1423 Chowan Ave,Durham,NC,27713,399455,4,3.5,Townes at Courtney Creek,2144,2613,2025,4,186,120,Active,,,https://www.redfin.com/NC/Durham/1423-Chowan-Ave-27713/home/196664277,TMLS,10112302,N,Y,35.9469565,-78.8930232
MLS Listing,,Townhouse,1421 Chowan Ave,Durham,NC,27713,337065,4,3.5,Townes at Courtney Creek,1715,2613,2025,4,197,120,Active,,,https://www.redfin.com/NC/Durham/1421-Chowan-Ave-27713/home/196663660,TMLS,10112300,N,Y,35.9469565,-78.8930232
MLS Listing,,Vacant Land,5519 Kemp Rd,Durham,NC,27703,275000,,,Not in a Subdivision,,88426,,4,,,Active,,,https://www.redfin.com/NC/Durham/5519-Kemp-Rd-27703/home/193792805,TMLS,10112295,N,Y,35.9649131,-78.7587391
MLS Listing,,Single Family Residential,810 Berwyn Ave,Durham,NC,27704,409900,3,2.5,Not in a Subdivision,1611,16988,2025,4,254,,Active,,,https://www.redfin.com/NC/Durham/810-Berwyn-Ave-27704/home/43540339,TMLS,10112286,N,Y,36.032959,-78.880206
MLS Listing,,Ranch,119 Southerland St,Durham,NC,27703,215000,2,1.0,Southern Heights,1024,15246,1955,4,210,,Active,,,https://www.redfin.com/NC/Durham/119-Southerland-St-27703/home/43543327,TMLS,10112279,N,Y,35.9926268,-78.8606014
MLS Listing,,Single Family Residential,3323 Nantuckett Ave,Durham,NC,27703,345000,3,2.0,Hidden Hollow,1303,9148,1991,4,265,,Active,,,https://www.redfin.com/NC/Durham/3323-Nantuckett-Ave-27703/home/43560064,TMLS,10112270,N,Y,35.975964,-78.8389517
MLS Listing,,Single Family Residential,2417 Dellwood Dr,Durham,NC,27705,429451,3,2.0,Not in a Subdivision,2229,20473,1964,4,193,,Active,August-2-2025 02:00 PM,August-2-2025 04:00 PM,https://www.redfin.com/NC/Durham/2417-Dellwood-Dr-27705/home/43573569,TMLS,10112249,N,Y,36.0362596,-78.9851186
MLS Listing,,Single Family Residential,2002 Cross Bones Blvd #36,Durham,NC,27703,440705,3,2.5,Chandler Run,2082,4791,2025,4,212,118,Active,August-2-2025 11:00 AM,August-2-2025 03:00 PM,https://www.redfin.com/NC/Durham/2002-Cross-Bones-BLVD-27703/unit-36/home/196653231,TMLS,10112243,N,Y,35.990805,-78.836971
MLS Listing,,Single Family Residential,812 Berwyn Ave,Durham,NC,27704,314900,3,2.5,Not in a Subdivision,1260,5227,2025,4,250,,Active,,,https://www.redfin.com/NC/Durham/812-Berwyn-Ave-27704/home/193446035,TMLS,10112236,N,Y,36.0331795,-78.8800748
MLS Listing,,Townhouse,2617 Wyntercrest Ln,Durham,NC,27713,329900,3,2.5,Wynterfield,1978,1307,2006,4,167,90,Active,,,https://www.redfin.com/NC/Durham/2617-Wyntercrest-Ln-27713/home/43605494,TMLS,10112117,N,Y,35.9435847,-78.8897703
MLS Listing,,Townhouse,,Durham,NC,27704,269990,3,2.5,,1309,2178,2018,4,206,130,Active,,,https://www.redfin.com/NC/Durham/Undisclosed-address-27704/home/43599409,TMLS,10112221,N,Y,36.051166,-78.883972
MLS Listing,,Multi-Family (2-4 Unit),4411 American Dr,Durham,NC,27705,499900,4,4.0,American Village,2205,18295,1983,4,227,,Active,,,https://www.redfin.com/NC/Durham/4411-American-Dr-27705/home/43571121,TMLS,10112207,N,Y,36.0166383,-78.9743362
MLS Listing,,Townhouse,1044 Zelkova Ln,Chapel Hill,NC,27517,540076,3,3.5,Twinleaf Townes,2317,2187,2025,5,233,160,Active,,,https://www.redfin.com/NC/Chapel-Hill/1044-Zelkova-Ln-27517/home/193446382,TMLS,10112146,N,Y,35.9145499,-78.9873026
MLS Listing,,Townhouse,100 Stratford Lakes Dr #227,Durham,NC,27713,300000,2,2.5,Stratford Lakes,1419,1306,2009,5,211,185,Active,,,https://www.redfin.com/NC/Durham/100-Stratford-Lakes-Dr-27713/unit-227/home/43609947,TMLS,10112145,N,Y,35.9439674,-78.9117462
MLS Listing,,Single Family Residential,3106 Kiawa Pointe Ln #212,Durham,NC,27703,421685,2,2.0,Falls Village,1602,5663,2025,5,263,275,Active,,,https://www.redfin.com/NC/Durham/3106-Kiawa-Pointe-Ln-27703/unit-212/home/196626082,TMLS,10112129,N,Y,35.983978,-78.7640009
MLS Listing,,Single Family Residential,506 Maumelle Way #204,Durham,NC,27703,459685,3,2.0,Falls Village,1862,5663,2025,5,247,275,Active,,,https://www.redfin.com/NC/Durham/506-Maumelle-Way-27703/unit-204/home/196625928,TMLS,10112127,N,Y,35.984212,-78.7649969
MLS Listing,,Single Family Residential,504 Maumelle Way #203,Durham,NC,27703,439235,2,2.0,Falls Village,1684,5663,2025,5,261,275,Active,,,https://www.redfin.com/NC/Durham/504-Maumelle-Way-27703/unit-203/home/196625901,TMLS,10112126,N,Y,35.984303,-78.764911
MLS Listing,,Single Family Residential,3609 Cub Creek Rd,Durham,NC,27704,289900,3,2.0,Not in a Subdivision,1162,11717,1946,6,249,,Active,,,https://www.redfin.com/NC/Durham/3609-Cub-Creek-Rd-27704/home/43602972,TMLS,10112103,N,Y,36.041951,-78.881985
MLS Listing,,Single Family Residential,2709 Shenandoah Ave,Durham,NC,27704,374900,2,1.0,North Gate,868,9147,1941,6,432,,Active,,,https://www.redfin.com/NC/Durham/2709-Shenandoah-Ave-27704/home/43534458,TMLS,10112102,N,Y,36.0259284,-78.8946752
MLS Listing,,Single Family Residential,1318 Cosmic Dr,Durham,NC,27703,493030,4,3.0,Stella View,2472,8363,2025,6,199,109,Active,,,https://www.redfin.com/NC/Durham/1318-Cosmic-Dr-27703/home/193446595,TMLS,10112077,N,Y,35.9577569,-78.8111236
MLS Listing,,Single Family Residential,917 Lippincott Rd,Durham,NC,27703,635000,5,3.0,Ellis Crossing,3145,5662,2018,6,202,63,Active,,,https://www.redfin.com/NC/Durham/917-Lippincott-Rd-27703/home/147232401,TMLS,10112073,N,Y,35.9471584,-78.8592907
MLS Listing,,Single Family Residential,1104 Red Roses Ave,Durham,NC,27703,569990,5,4.0,Triple Crown,3037,7840,2025,6,188,110,Active,,,https://www.redfin.com/NC/Durham/1104-Red-Roses-Ave-27703/home/193444691,TMLS,10112067,N,Y,35.9687257,-78.7778113
MLS Listing,,Single Family Residential,2012 English Saddle Ln,Durham,NC,27703,449530,4,3.0,Triple Crown,2134,4356,2025,6,211,110,Active,,,https://www.redfin.com/NC/Durham/2012-English-Saddle-Ln-27703/home/193444719,TMLS,10112062,N,Y,35.97473907470703,-78.7791976928711
MLS Listing,,Condo/Co-op,11370 Clubhaven Pl #103,Raleigh,NC,27617,265000,2,2.0,Avera Place Condos,1266,,2005,6,209,240,Active,August-2-2025 12:00 PM,August-2-2025 03:00 PM,https://www.redfin.com/NC/Raleigh/11370-Clubhaven-Pl-27617/unit-103/home/41312055,TMLS,10112036,N,Y,35.9229804,-78.7985508
MLS Listing,,Single Family Residential,1448a Maplewood Dr,Durham,NC,27704,306000,2,2.5,Not in a Subdivision,1171,4356,2025,6,261,,Active,August-3-2025 12:00 PM,August-3-2025 03:00 PM,https://www.redfin.com/NC/Durham/1448-Maplewood-Dr-27704/home/193446245,TMLS,10112028,N,Y,36.033772,-78.86519
MLS Listing,,Condo/Co-op,4101 Five Oaks Dr #37,Durham,NC,27707,369900,4,3.0,,1790,,1980,6,207,293,Active,,,https://www.redfin.com/NC/Durham/4101-Five-Oaks-Dr-27707/unit-37/home/43550934,Hive MLS,100521436,N,Y,35.9434556,-78.9856424
MLS Listing,,Single Family Residential,8 Colton Ct,Durham,NC,27713,425000,4,2.5,Settlers Point,2159,11326,1997,6,197,,Active,,,https://www.redfin.com/NC/Durham/8-Colton-Ct-27713/home/43557521,TMLS,10109290,N,Y,35.8925251,-78.9205427
MLS Listing,,Single Family Residential,2423 Bivins Rd,Durham,NC,27712,719000,4,3.5,Fitzford Estates,1850,32670,2025,7,389,,Active,,,https://www.redfin.com/NC/Durham/2423-Bivins-Rd-27712/home/43579199,TMLS,10112004,N,Y,36.0911297,-78.9549283
MLS Listing,,Single Family Residential,2417 Bivins Rd,Durham,NC,27712,799000,4,3.5,Fitzford Estates,2453,111078,2025,7,326,,Active,,,https://www.redfin.com/NC/Durham/2417-Bivins-Rd-27712/home/43579198,TMLS,10112003,N,Y,36.0908662,-78.9546321
MLS Listing,,Single Family Residential,113 Laurston Ct,Durham,NC,27712,719000,4,3.5,Fitzford Estates,1850,30056,2025,7,389,,Active,,,https://www.redfin.com/NC/Durham/113-Laurston-Ct-27712/home/43578731,TMLS,10112002,N,Y,36.0907054,-78.9554714
MLS Listing,,Townhouse,105 Journey Pl,Durham,NC,27703,400000,3,2.5,West Brier Townes at Alexander Park,2434,1742,2019,7,164,175,Active,August-2-2025 12:00 PM,August-2-2025 02:00 PM,https://www.redfin.com/NC/Durham/105-Journey-Pl-27703/home/169619059,TMLS,10112000,N,Y,35.9150745,-78.8236865
MLS Listing,,Vacant Land,2715a Cammie St,Durham,NC,27705,140000,,,Not in a Subdivision,,12632,,7,,,Active,,,https://www.redfin.com/NC/Durham/2715-Cammie-St-27705/home/43538024,TMLS,10111983,N,Y,36.0410448,-78.9315565
MLS Listing,,Single Family Residential,5611 Red Coach Rd,Durham,NC,27712,675000,4,2.5,Grande Oaks,2924,31798,1987,7,231,,Active,,,https://www.redfin.com/NC/Durham/5611-Red-Coach-Rd-27712/home/43578415,TMLS,10111981,N,Y,36.0878287,-78.9457489
MLS Listing,,Single Family Residential,502 Maumelle Way #202,Durham,NC,27703,460770,2,2.0,Falls Village,1915,5663,2025,7,241,275,Active,,,https://www.redfin.com/NC/Durham/502-Maumelle-Way-27703/unit-202/home/196616664,TMLS,10111964,N,Y,35.984393,-78.764825
MLS Listing,,Townhouse,3833 SW Durham Dr,Durham,NC,27707,450000,3,3.0,Patterson Glen,2223,4356,2010,7,202,240,Active,,,https://www.redfin.com/NC/Durham/3833-Southwest-Durham-Dr-27707/home/43611655,TMLS,10111962,N,Y,35.9462203,-78.9828766
MLS Listing,,Single Family Residential,2815 Nc 55 Hwy,Durham,NC,27713,437500,3,3.0,Oakmont Circle,2269,20038,1967,7,193,,Active,August-2-2025 02:00 PM,August-2-2025 04:00 PM,https://www.redfin.com/NC/Durham/2815-NC-Hwy-55-27713/home/43558812,TMLS,10111949,N,Y,35.9414676,-78.8867827
MLS Listing,,Single Family Residential,7117 Crested Iris Pl,Durham,NC,27703,719000,5,4.0,Andrews Chapel,3332,6970,2023,7,216,83,Active,August-2-2025 12:00 PM,August-2-2025 04:00 PM,https://www.redfin.com/NC/Durham/7117-Crested-Iris-Pl-27703/home/182393355,TMLS,10111933,N,Y,35.9280682,-78.7681725
MLS Listing,,Vacant Land,700 Toronto Ave,Durham,NC,27704,1100000,,,Durham,,258310,,7,,,Active,,,https://www.redfin.com/NC/Durham/700-E-Trinity-Ave-27704/home/43543778,CANOPYMLS as Distributed by MLS Grid,4284796,N,Y,36.0319801,-78.8821179
MLS Listing,,Single Family Residential,2414 Chapin St,Durham,NC,27707,360000,3,2.0,Not in a Subdivision,1394,8276,1975,7,258,,Active,,,https://www.redfin.com/NC/Durham/2414-Chapin-St-27707/home/43529889,TMLS,10111871,N,Y,35.9673852,-78.9003201
MLS Listing,,Single Family Residential,2100 Summit St,Durham,NC,27707,1099999,4,3.5,New Hope,3371,15682,1947,7,326,,Active,,,https://www.redfin.com/NC/Durham/2100-Summit-St-27707/home/43526564,TMLS,10111867,N,Y,35.9765581,-78.9176865
MLS Listing,,Single Family Residential,22 Acornridge Ct,Durham,NC,27707,1200000,4,3.5,New Hope Valley,3662,22215,2001,7,328,,Active,,,https://www.redfin.com/NC/Durham/22-Acornridge-Ct-27707/home/43551205,TMLS,10111857,N,Y,35.947934,-78.9671584
MLS Listing,,Townhouse,123 Forest Oaks Dr,Durham,NC,27705,270000,2,2.5,Forest Oaks Townhomes,1372,1307,1988,7,197,277,Active,August-2-2025 12:00 PM,August-2-2025 02:00 PM,https://www.redfin.com/NC/Durham/123-Forest-Oaks-Dr-27705/home/43573198,TMLS,10111838,N,Y,36.0195288,-78.9622918
MLS Listing,,Single Family Residential,1304 Tralea Dr,Durham,NC,27707,340000,3,2.0,Fisher Heights,1160,6098,1978,7,293,,Active,August-2-2025 12:00 PM,August-2-2025 02:00 PM,https://www.redfin.com/NC/Durham/1304-Tralea-Dr-27707/home/43534600,TMLS,10111835,N,Y,35.9538092,-78.9083541
MLS Listing,,Single Family Residential,12413 Angel Vale Pl,Durham,NC,27703,520000,3,3.0,Huntley,1929,6098,2019,7,270,160,Active,,,https://www.redfin.com/NC/Durham/12413-Angel-Vale-Pl-27703/home/147232378,TMLS,10111831,N,Y,35.9273848,-78.7583052
MLS Listing,,Townhouse,506 N Roxboro St,Durham,NC,27701,725000,2,2.5,Elliott Square,1756,1306,2021,7,413,190,Active,August-3-2025 12:00 PM,August-3-2025 02:00 PM,https://www.redfin.com/NC/Durham/506-N-Roxboro-St-27701/home/173317953,TMLS,10111819,N,Y,35.997214,-78.8952769
MLS Listing,,Single Family Residential,3107 Rosebriar Dr,Durham,NC,27705,325000,3,1.5,Not in a Subdivision,1239,25265,1958,7,262,,Active,,,https://www.redfin.com/NC/Durham/3107-Rosebriar-Dr-27705/home/43577232,TMLS,10111817,N,Y,36.0616275,-78.9399025
MLS Listing,,Single Family Residential,701 Lyon Tree Ln,Durham,NC,27713,629000,3,2.5,Lyons Farm,2741,10019,2005,7,229,30,Active,August-1-2025 06:00 PM,August-1-2025 08:00 PM,https://www.redfin.com/NC/Durham/701-Lyon-Tree-Ln-27713/home/43600268,TMLS,10111816,N,Y,35.8764397,-78.9202579
MLS Listing,,Single Family Residential,3431 Balfour E,Durham,NC,27713,243600,2,2.0,Villages of Cornwallis,1062,1742,1986,7,229,238,Active,,,https://www.redfin.com/NC/Durham/3431-Balfour-E-27713/home/43558326,TMLS,10111809,N,Y,35.9332745,-78.8946503
MLS Listing,,Ranch,115 Omega Rd,Durham,NC,27712,320000,2,1.0,Not in a Subdivision,963,18731,1959,7,332,,Active,,,https://www.redfin.com/NC/Durham/115-Omega-Rd-27712/home/43575894,TMLS,10111803,N,Y,36.0761398,-78.9084975
MLS Listing,,Single Family Residential,2264 Jollay St,Durham,NC,27703,584900,5,3.0,Ellis Walk,2979,4791,2023,7,196,63,Active,August-2-2025 02:00 PM,August-2-2025 04:00 PM,https://www.redfin.com/NC/Durham/2264-Jollay-St-27703/home/184850952,TMLS,10111805,N,Y,35.9525738,-78.8538844
MLS Listing,,Single Family Residential,3 Harold Keen Ct,Durham,NC,27703,599900,4,2.5,Grove Park,3003,16988,1989,7,200,65,Active,August-3-2025 12:00 PM,August-3-2025 02:00 PM,https://www.redfin.com/NC/Durham/3-Harold-Keen-Ct-27703/home/43565316,TMLS,10111787,N,Y,35.9738664,-78.8113411
MLS Listing,,Single Family Residential,408 Anita St,Durham,NC,27701,1000000,3,3.0,Not in a Subdivision,2729,9147,2022,7,366,,Active,,,https://www.redfin.com/NC/Durham/408-Anita-St-27701/home/170555578,TMLS,10111783,N,Y,36.0084645,-78.8902241
MLS Listing,,Townhouse,711 Keystone Park Dr #70,Morrisville,NC,27560,349900,3,2.5,Keystone Crossing,1631,1742,2007,7,215,132,Active,,,https://www.redfin.com/NC/Morrisville/711-Keystone-Park-Dr-27560/unit-70/home/43605991,TMLS,10111778,N,Y,35.869793,-78.8534489
MLS Listing,,Condo/Co-op,807 W Trinity Ave #232,Durham,NC,27701,255000,1,1.0,Duke Tower Condominiums,600,,1972,7,425,387,Active,,,https://www.redfin.com/NC/Durham/807-W-Trinity-Ave-27701/unit-232/home/43600337,TMLS,10111764,N,Y,36.0048026,-78.9046462
MLS Listing,,Single Family Residential,5 Morristown Cir,Durham,NC,27705,950000,5,3.5,Colony at American Village,3934,21780,2005,7,241,26,Active,,,https://www.redfin.com/NC/Durham/5-Morristown-Cir-27705/home/43600917,TMLS,10111762,N,Y,36.0218438,-78.9751276
MLS Listing,,Townhouse,122 Torpoint Rd,Durham,NC,27703,380000,3,2.5,Winsford at the Park,1897,2614,2016,7,200,179,Active,,,https://www.redfin.com/NC/Durham/122-Torpoint-Rd-27703/home/105594694,TMLS,10111753,N,Y,35.9445835,-78.8703964
MLS Listing,,Single Family Residential,2110 Bivins Rd,Durham,NC,27712,888888,4,3.0,Not in a Subdivision,3629,156816,1957,7,245,,Active,August-2-2025 02:00 PM,August-2-2025 04:00 PM,https://www.redfin.com/NC/Durham/2110-Bivins-Rd-27712/home/43600157,TMLS,10111746,N,Y,36.0892386,-78.9492849
MLS Listing,,Single Family Residential,4714 Lazyriver Dr,Durham,NC,27712,379900,3,2.5,Eno Trace,1584,13504,1993,7,240,31,Active,August-2-2025 11:00 AM,August-2-2025 01:00 PM,https://www.redfin.com/NC/Durham/4714-Lazyriver-Dr-27712/home/43577566,TMLS,10111726,N,Y,36.0785593,-78.8893933
MLS Listing,,Townhouse,2822 Pickett Rd #132,Durham,NC,27705,355000,2,2.0,Pickett Park,1516,435,2006,7,234,235,Active,August-2-2025 02:00 PM,August-2-2025 04:00 PM,https://www.redfin.com/NC/Durham/2822-Pickett-Rd-27705/unit-132/home/43605427,TMLS,10111724,N,Y,35.973963,-78.9573183
MLS Listing,,Single Family Residential,1921 Nc Hwy 55,Durham,NC,27707,310000,3,2.0,Not in a Subdivision,1218,8276,1983,7,255,,Active,,,https://www.redfin.com/NC/Durham/1921-NC-Highway-55-27707/home/43542734,TMLS,10111718,N,Y,35.965377,-78.8948199
MLS Listing,,Townhouse,1006 Flagler St,Durham,NC,27713,375000,3,2.5,Southpoint Station,1757,2178,2019,7,213,132,Active,August-3-2025 01:00 PM,August-3-2025 04:00 PM,https://www.redfin.com/NC/Durham/1006-Flagler-St-27713/home/169617946,TMLS,10111704,N,Y,35.9120667,-78.9174313
MLS Listing,,Single Family Residential,4502 Alderbrook Ln,Durham,NC,27713,425000,3,2.0,Hope Valley Farms,1300,7405,2001,7,327,33,Active,August-3-2025 02:00 PM,August-3-2025 04:00 PM,https://www.redfin.com/NC/Durham/4502-Alderbrook-Ln-27713/home/43604219,TMLS,10111700,N,Y,35.9406965,-78.9307958
MLS Listing,,Townhouse,130 Boarstall Crk,Durham,NC,27707,450000,3,2.5,Creekside Commons,2068,3049,2020,7,218,135,Active,,,https://www.redfin.com/NC/Durham/130-Boarstall-Crk-27707/home/173318350,TMLS,10111679,N,Y,35.9302082,-78.9937075
MLS Listing,,Single Family Residential,1118 Briar Rose Ln,Durham,NC,27704,399000,4,2.5,Magnolia Creek,1920,10018,2019,7,208,40,Active,,,https://www.redfin.com/NC/Durham/1118-Briar-Rose-Ln-27704/home/162088941,TMLS,10109137,N,Y,36.0569742,-78.8854774
MLS Listing,,Single Family Residential,116 Chestnut St,Durham,NC,27707,700000,4,2.5,Not in a Subdivision,2092,6098,2025,8,335,,Active,,,https://www.redfin.com/NC/Durham/116-Chestnut-St-27707/home/43532562,TMLS,10108606,N,Y,35.9864682,-78.9041463
MLS Listing,,Single Family Residential,5203 Sweet Clover Ct,Durham,NC,27703,369900,3,2.0,Ashley Forest,1257,9583,1988,8,294,38,Active,August-2-2025 02:00 PM,August-2-2025 04:00 PM,https://www.redfin.com/NC/Durham/5203-Sweet-Clover-Ct-27703/home/43564087,TMLS,10111641,N,Y,35.9299497,-78.8193935
MLS Listing,,Single Family Residential,21 China Doll Ct,Durham,NC,27713,2850000,5,5.0,The Hills of Rosemont,5692,243151,2004,8,501,513,Active,,,https://www.redfin.com/NC/Durham/21-China-Doll-Ct-27713/home/41386835,TMLS,10111636,N,Y,35.8498657,-78.9276241
MLS Listing,,Single Family Residential,500 Maumelle Way #201,Durham,NC,27703,449635,2,2.0,Falls Village,1602,7405,2025,8,281,275,Active,,,https://www.redfin.com/NC/Durham/500-Maumelle-Way-27703/unit-201/home/196592569,TMLS,10111591,N,Y,35.984504,-78.76474
MLS Listing,,Single Family Residential,2231 Knight Crossing Rd,Durham,NC,27703,599990,3,3.0,Nichols Farm,2570,10019,2022,8,233,161,Active,August-2-2025 12:00 PM,August-2-2025 03:00 PM,https://www.redfin.com/NC/Durham/2231-Knight-Crossing-Rd-27703/home/182392342,TMLS,10111570,N,Y,35.9551391,-78.7955721
MLS Listing,,Single Family Residential,909 N Gregson St,Durham,NC,27701,1999000,5,5.5,Not in a Subdivision,5416,8276,1920,8,369,,Active,August-3-2025 12:00 PM,August-3-2025 02:00 PM,https://www.redfin.com/NC/Durham/909-N-Gregson-St-27701/home/43519346,TMLS,10111551,N,Y,36.0095787,-78.9085461
MLS Listing,,Single Family Residential,1415 Bivins Street St,Durham,NC,27707,2990000,4,4.5,Not in a Subdivision,4772,20091,2025,8,627,,Active,,,https://www.redfin.com/NC/Durham/1415-Bivins-St-27707/home/43600882,TMLS,10111543,N,Y,35.9843241,-78.9193828
MLS Listing,,Single Family Residential,200 Callandale Ln,Durham,NC,27703,650000,4,2.5,Ashton Hall,3697,6534,2013,8,176,75,Active,August-3-2025 02:00 PM,August-3-2025 04:00 PM,https://www.redfin.com/NC/Durham/200-Callandale-Ln-27703/home/49676401,TMLS,10111490,N,Y,35.9558962,-78.8318857
MLS Listing,,Vacant Land,1819 E Geer St,Durham,NC,27704,200000,,,Not in a Subdivision,,61855,,8,,,Active,,,https://www.redfin.com/NC/Durham/1819-E-Geer-St-27704/home/43562653,TMLS,10111421,N,Y,36.017327,-78.859916
MLS Listing,,Single Family Residential,1811 University Dr,Durham,NC,27707,379000,2,1.0,Forest Hills,940,7405,1953,8,403,,Active,,,https://www.redfin.com/NC/Durham/1811-University-Dr-27707/home/43530671,TMLS,10111417,N,Y,35.9782835,-78.9156273
MLS Listing,,Single Family Residential,6205 Dello St,Durham,NC,27712,384900,3,2.0,Milton Forest,1530,29185,1969,8,252,,Active,August-3-2025 01:00 PM,August-3-2025 03:00 PM,https://www.redfin.com/NC/Durham/6205-Dello-St-27712/home/43581984,TMLS,10111402,N,Y,36.1144925,-78.9214826
MLS Listing,,Single Family Residential,1823 E Geer St,Durham,NC,27704,350000,3,1.0,Not in a Subdivision,2432,51401,1935,8,144,,Active,,,https://www.redfin.com/NC/Durham/1823-E-Geer-St-27704/home/110080701,TMLS,10111366,N,Y,36.0168743,-78.8593076
MLS Listing,,Mobile/Manufactured Home,1821 E Geer St,Durham,NC,27704,220000,2,2.0,Not in a Subdivision,1011,40511,1992,8,218,,Active,,,https://www.redfin.com/NC/Durham/1821-E-Geer-St-27704/home/43561666,TMLS,10111360,N,Y,36.0172888,-78.8594941
MLS Listing,,Single Family Residential,3614 Kilgo Dr,Durham,NC,27705,675000,5,3.5,Carillon Forest,3157,10019,2010,8,214,45,Active,August-2-2025 12:00 PM,August-2-2025 02:00 PM,https://www.redfin.com/NC/Durham/3614-Kilgo-Dr-27705/home/43606932,TMLS,10111358,N,Y,35.9821963,-78.988546
MLS Listing,,Single Family Residential,341 Oxfordshire Ln,Chapel Hill,NC,27517,1100000,5,4.5,Southpoint Manor,4204,14374,2006,8,262,92,Active,August-2-2025 01:00 PM,August-2-2025 03:00 PM,https://www.redfin.com/NC/Chapel-Hill/341-Oxfordshire-Ln-27517/home/43605768,TMLS,10111354,N,Y,35.8952715,-78.977707
MLS Listing,,Single Family Residential,619 Ashburn Ln,Durham,NC,27703,525000,5,3.0,Ravenstone,3512,10890,2008,8,149,47,Active,,,https://www.redfin.com/NC/Durham/619-Ashburn-Ln-27703/home/43608712,TMLS,10111338,N,Y,35.9681692,-78.7919592
MLS Listing,,Single Family Residential,3202 Hornbuckle Pl,Durham,NC,27707,350000,3,1.5,Quail Hollow,1552,11326,1983,8,226,,Active,,,https://www.redfin.com/NC/Durham/3202-Hornbuckle-Pl-27707/home/43540443,TMLS,10111336,N,Y,35.9632956,-78.9449172
MLS Listing,,Townhouse,1003 Canary Pepper Dr,Durham,NC,27713,460000,3,2.5,Providence at Southpoint,2020,2178,2022,8,228,154,Active,August-2-2025 02:00 PM,August-2-2025 04:00 PM,https://www.redfin.com/NC/Durham/1003-Canary-Pepper-Dr-27713/home/176504854,TMLS,10111332,N,Y,35.9075499,-78.9165855
MLS Listing,,Townhouse,101 Golden Meadow Ct,Durham,NC,27704,299900,3,2.5,Cardinal Lake,1473,3049,2011,8,204,158,Active,,,https://www.redfin.com/NC/Durham/101-Golden-Meadow-Ct-27704/home/43613266,TMLS,10111328,N,Y,36.016352,-78.8102302
MLS Listing,,Single Family Residential,2524 Indian Trl,Durham,NC,27705,485000,3,1.0,Not in a Subdivision,1185,14810,1954,8,409,,Active,,,https://www.redfin.com/NC/Durham/2524-Indian-Trl-27705/home/43540446,TMLS,10111304,N,Y,36.0250628,-78.9353874
MLS Listing,,Single Family Residential,627 Price Ave,Durham,NC,27701,200000,2,1.0,Stokesdale,902,5227,1945,9,222,,Active,August-3-2025 01:00 PM,August-3-2025 03:00 PM,https://www.redfin.com/NC/Durham/627-Price-Ave-27701/home/43532259,TMLS,10111247,N,Y,35.9791698,-78.8965973
MLS Listing,,Townhouse,73 Stoneridge Rd,Durham,NC,27705,356999,2,2.0,,1426,3920,1984,9,250,215,Active,,,https://www.redfin.com/NC/Durham/73-Stoneridge-Rd-27705/home/43545987,Hive MLS,100520809,N,Y,35.9803096,-78.9607935
MLS Listing,,Townhouse,4117 Brenmar Ln,Durham,NC,27713,315000,2,2.5,Hope Valley Farms,1146,2178,2003,9,275,170,Active,,,https://www.redfin.com/NC/Durham/4117-Brenmar-Ln-27713/home/43592921,TMLS,10111232,N,Y,35.9432236,-78.9301128
MLS Listing,,Single Family Residential,601 Lindley Dr,Durham,NC,27703,280000,3,2.0,Cedar Hills,1204,15682,1987,9,233,,Active,,,https://www.redfin.com/NC/Durham/601-Lindley-Dr-27703/home/43541547,TMLS,10111220,N,Y,35.9797185,-78.8443048
MLS Listing,,Single Family Residential,204 E Lynch St,Durham,NC,27701,295000,3,1.5,Not in a Subdivision,1204,6534,1932,9,245,,Active,,,https://www.redfin.com/NC/Durham/204-E-Lynch-St-27701/home/43526987,TMLS,10111215,N,Y,36.0070592,-78.8907728
MLS Listing,,Townhouse,117 Torrey Heights Ln,Durham,NC,27703,405000,3,3.0,Brier Village,2038,3920,2013,9,199,218,Active,,,https://www.redfin.com/NC/Durham/117-Torrey-Heights-Ln-27703/home/44655353,TMLS,10111159,N,Y,35.9199974,-78.8140015
MLS Listing,,Townhouse,512 Gordon St #405,Durham,NC,27701,644990,3,2.5,The Grove,1690,696,2025,9,382,217,Active,August-1-2025 10:00 AM,August-1-2025 05:00 PM,https://www.redfin.com/NC/Durham/512-Gordon-St-27701/unit-405/home/182392603,TMLS,10111156,N,Y,35.9945219,-78.9101224
MLS Listing,,Single Family Residential,1207 Wall St,Durham,NC,27701,250000,2,1.0,Golden Belt Mfg Company,969,5663,1918,9,258,,Active,,,https://www.redfin.com/NC/Durham/1207-Wall-St-27701/home/43525790,TMLS,10111129,N,Y,35.9896963,-78.8856994
MLS Listing,,Single Family Residential,405 N Elizabeth St,Durham,NC,27701,550000,4,2.5,Not in a Subdivision,2091,9147,1924,9,263,,Active,,,https://www.redfin.com/NC/Durham/405-N-Elizabeth-St-27701/home/43527119,TMLS,10111121,N,Y,35.996081,-78.8910394
MLS Listing,,Single Family Residential,1015 Sora Way,Durham,NC,27703,499990,5,3.0,Harlowe Point,2475,5227,2023,9,202,142,Active,,,https://www.redfin.com/NC/Durham/1015-Sora-Way-27703/home/193444151,TMLS,10111102,N,Y,35.9673959,-78.8330465
MLS Listing,,Townhouse,1116 Epiphany Rd,Morrisville,NC,27560,420000,3,2.5,Trivium at Brier Creek,2004,2614,2018,9,210,209,Active,August-2-2025 02:00 PM,August-2-2025 04:00 PM,https://www.redfin.com/NC/Morrisville/1116-Epiphany-Rd-27560/home/146628605,TMLS,10111068,N,Y,35.9159211,-78.8105621
MLS Listing,,Single Family Residential,1112 Hooper Pl,Durham,NC,27703,810000,3,3.0,Carolina Arbors,2697,8712,2014,9,300,244,Active,,,https://www.redfin.com/NC/Durham/1112-Hooper-Pl-27703/home/103501558,TMLS,10111066,N,Y,35.9326675,-78.7836278
MLS Listing,,Multi-Family (2-4 Unit),114 E Club Blvd,Durham,NC,27704,250000,2,2.0,Not in a Subdivision,1354,9147,1940,9,185,,Active,,,https://www.redfin.com/NC/Durham/114-E-Club-Blvd-27704/home/43524388,TMLS,10111037,N,Y,36.0194787,-78.8914001
MLS Listing,,Single Family Residential,2932 Sprucewood Dr,Durham,NC,27707,265950,4,2.0,Forest View Heights,1440,13121,1988,9,185,,Active,,,https://www.redfin.com/NC/Durham/2932-Sprucewood-Dr-27707/home/43537038,TMLS,10111035,N,Y,35.95507,-78.9192359
MLS Listing,,Vacant Land,1500 Ridgeway Ave Ave,Durham,NC,27701,150000,,,Not in a Subdivision,,16988,,10,,,Active,,,https://www.redfin.com/NC/Durham/1500-Ridgeway-Ave-27701/home/43532044,TMLS,10111004,N,Y,35.970582,-78.888409
MLS Listing,,Single Family Residential,3217 Rowena Ave,Durham,NC,27703,1200000,3,2.0,Not in a Subdivision,1658,379843,1950,10,724,,Active,,,https://www.redfin.com/NC/Durham/3217-Rowena-Ave-27703/home/43541998,TMLS,10110917,N,Y,35.9707526,-78.8576512
MLS Listing,,Vacant Land,513 Usher St,Durham,NC,27704,180000,,,Not in a Subdivision,,9583,,10,,,Active,,,https://www.redfin.com/NC/Durham/513-Usher-St-27704/home/43541156,TMLS,10110911,N,Y,36.036268,-78.877867
MLS Listing,,Single Family Residential,115 Macwood Dr,Durham,NC,27712,395000,3,2.0,Not in a Subdivision,1550,20038,1968,10,255,,Active,August-1-2025 04:30 PM,August-1-2025 06:30 PM,https://www.redfin.com/NC/Durham/115-Macwood-Dr-27712/home/43582048,TMLS,10110875,N,Y,36.0900024,-78.9122961
MLS Listing,,Single Family Residential,1217 Junction Rd,Durham,NC,27704,150000,2,2.0,Not in a Subdivision,1056,31799,1954,10,142,,Active,,,https://www.redfin.com/NC/Durham/1217-Junction-Rd-27704/home/43567061,TMLS,10110845,N,Y,36.0201967,-78.8411016
MLS Listing,,Single Family Residential,30 Appleton Pl,Durham,NC,27705,4000000,4,3.5,Croasdaile,4644,43560,2020,10,861,40,Active,,,https://www.redfin.com/NC/Durham/30-Appleton-Pl-27705/home/43541097,TMLS,10110664,N,Y,36.0365623,-78.9496612
MLS Listing,,Single Family Residential,105 Hay Sedge Ct,Durham,NC,27705,570000,5,3.5,Stoneybrook Cottages,2967,13503,2007,11,192,35,Active,,,https://www.redfin.com/NC/Durham/105-Hay-Sedge-Ct-27705/home/43606637,TMLS,10110534,N,Y,36.0357791,-78.9566163
MLS Listing,,Single Family Residential,1446 Maplewood Dr,Durham,NC,27704,244900,3,1.0,Not in a Subdivision,1572,131115,1949,11,156,,Active,,,https://www.redfin.com/NC/Durham/1446-Maplewood-Dr-27704/home/43561980,TMLS,10110777,N,Y,36.0336177,-78.8655663
MLS Listing,,Single Family Residential,6304 Forest Ridge Dr,Durham,NC,27713,320000,2,2.0,Woodcreek,907,4356,1998,11,353,25,Active,,,https://www.redfin.com/NC/Durham/6304-Forest-Ridge-Dr-27713/home/43556091,TMLS,10110776,N,Y,35.9196393,-78.9129648
MLS Listing,,Single Family Residential,108 Edward Booth Ln,Durham,NC,27713,2300000,5,5.5,Colvard Farms,5880,30492,2018,11,391,267,Active,,,https://www.redfin.com/NC/Durham/108-Edward-Booth-Ln-27713/home/109463486,TMLS,10110746,N,Y,35.8683684,-78.9502889
MLS Listing,,Single Family Residential,2609 Heather Glen Rd,Durham,NC,27712,439900,4,3.0,Heather Glen,2310,20038,1976,11,190,3,Active,,,https://www.redfin.com/NC/Durham/2609-Heather-Glen-Rd-27712/home/43578993,TMLS,10110708,N,Y,36.086674,-78.961009
MLS Listing,,Single Family Residential,518 N Guthrie Ave,Durham,NC,27703,350000,3,2.0,Not in a Subdivision,2132,10454,1949,11,164,,Active,August-2-2025 11:00 AM,August-2-2025 01:00 PM,https://www.redfin.com/NC/Durham/518-N-Guthrie-Ave-27703/home/43530246,TMLS,10110683,N,Y,35.9917086,-78.8762896
MLS Listing,,Vacant Land,511 Usher St,Durham,NC,27704,180000,,,Not in a Subdivision,,10019,,12,,,Active,,,https://www.redfin.com/NC/Durham/511-Usher-St-27704/home/43541155,TMLS,10110634,N,Y,36.036121,-78.8778179
MLS Listing,,Townhouse,100 Stratford Lakes Dr #101,Durham,NC,27713,325000,2,3.0,Stratford Lakes,1520,2178,2013,12,214,185,Active,,,https://www.redfin.com/NC/Durham/100-Stratford-Lakes-Dr-27713/unit-101/home/43607329,TMLS,10110632,N,Y,35.9443795,-78.9116611
MLS Listing,,Single Family Residential,3417 Glenn Rd,Durham,NC,27704,530000,3,3.0,Not in a Subdivision,3740,103411,1955,13,142,,Active,,,https://www.redfin.com/NC/Durham/3417-Glenn-Rd-27704/home/43561694,TMLS,10110583,N,Y,36.0349338,-78.8475637
MLS Listing,,Townhouse,5119 Jessip St,Morrisville,NC,27560,414900,3,2.5,Page Park,2030,2614,2019,13,204,205,Active,,,https://www.redfin.com/NC/Morrisville/5119-Jessip-St-27560/home/167694198,TMLS,10110579,N,Y,35.8886509,-78.8292098
MLS Listing,,Townhouse,1205 Bell Heather Rd #18,Durham,NC,27703,414613,3,2.5,Ovation at Sweetbrier,1856,2663,2025,13,223,270,Active,,,https://www.redfin.com/NC/Durham/1205-Carr-Rd-27703/unit-18/home/196505957,TMLS,10110572,N,Y,35.957181,-78.790297
MLS Listing,,Single Family Residential,1110 W Wellwater Ave,Durham,NC,27703,518000,4,3.0,Sherron Farms,2580,6534,2018,13,201,55,Active,,,https://www.redfin.com/NC/Durham/1110-W-Wellwater-Ave-27703/home/148709014,TMLS,10110571,N,Y,35.967513,-78.797813
MLS Listing,,Townhouse,1203 Bell Heather Rd #17,Durham,NC,27703,416010,3,2.5,Ovation at Sweetbrier,1856,2663,2025,13,224,270,Active,,,https://www.redfin.com/NC/Durham/1203-Carr-Rd-27703/unit-17/home/196505936,TMLS,10110568,N,Y,35.95686,-78.790913
MLS Listing,,Condo/Co-op,500 N Duke St #56203,Durham,NC,27701,520000,1,1.0,Bullington Warehouse Condo,1628,,1984,13,319,444,Active,August-3-2025 12:00 PM,August-3-2025 02:00 PM,https://www.redfin.com/NC/Durham/500-N-Duke-St-27701/unit-56-203/home/43523467,TMLS,10110539,N,Y,36.0028425,-78.90575
MLS Listing,,Single Family Residential,601 Weeping Willow Dr,Durham,NC,27704,359750,4,2.5,Summer Meadow,2011,6970,2007,13,179,40,Active,,,https://www.redfin.com/NC/Durham/601-Weeping-Willow-Dr-27704/home/43601811,TMLS,10110521,N,Y,36.0644972,-78.8889602
MLS Listing,,Single Family Residential,2418 Mont Haven Dr,Durham,NC,27712,484990,3,2.5,Willowhaven,2134,20473,2007,13,227,,Active,August-3-2025 12:00 PM,August-3-2025 02:00 PM,https://www.redfin.com/NC/Durham/2418-Mont-Haven-Dr-27712/home/43602288,TMLS,10103902,N,Y,36.0850638,-78.960606
MLS Listing,,Single Family Residential,4317 Marbrey Dr,Durham,NC,27703,455000,5,2.5,Marbrey Landing,2259,13504,2001,13,201,12,Active,,,https://www.redfin.com/NC/Durham/4317-Marbrey-Dr-27703/home/43589387,TMLS,10110488,N,Y,35.9937276,-78.8030883
MLS Listing,,Single Family Residential,118 Rosedale Creek Dr,Durham,NC,27703,415000,2,2.0,Carolina Arbors,1292,5227,2013,13,321,244,Active,,,https://www.redfin.com/NC/Durham/118-Rosedale-Creek-Dr-27703/home/65112118,TMLS,10110487,N,Y,35.9271428,-78.7840486
MLS Listing,,Single Family Residential,616 Belt St,Durham,NC,27701,405000,3,2.5,Not in a Subdivision,1200,2613,2025,13,338,,Active,,,https://www.redfin.com/NC/Durham/616-Bell-St-27701/home/43525744,TMLS,10094793,N,Y,35.992711,-78.889031
MLS Listing,,Single Family Residential,2813 State St,Durham,NC,27704,325000,3,1.5,Not in a Subdivision,1058,10019,1958,13,307,,Active,,,https://www.redfin.com/NC/Durham/2813-State-St-27704/home/43533086,TMLS,10110022,N,Y,36.0265978,-78.8876403
MLS Listing,,Townhouse,1107 Bell Heather Rd #4,Durham,NC,27703,426983,4,3.5,Ovation at Sweetbrier,2096,2613,2025,14,204,270,Active,,,https://www.redfin.com/NC/Durham/1107-Carr-Rd-27703/unit-4/home/196502796,TMLS,10110482,N,Y,35.955968,-78.790664
MLS Listing,,Townhouse,1103 Bell Heather Rd #2,Durham,NC,27703,416657,3,2.5,Ovation at Sweetbrier,1856,2613,2025,14,224,270,Active,,,https://www.redfin.com/NC/Durham/1103-Carr-Rd-27703/unit-2/home/196502425,TMLS,10110481,N,Y,35.955803,-78.790717
MLS Listing,,Townhouse,707 Tambor Rd,Durham,NC,27713,364990,4,3.5,Townes at Courtney Creek,1951,2178,2025,14,187,120,Active,,,https://www.redfin.com/NC/Durham/707-Carr-Rd-27703/home/196500963,TMLS,10110449,N,Y,35.94903564453125,-78.88958740234375
MLS Listing,,Single Family Residential,2905 Reynolda Cir,Durham,NC,27712,625000,4,3.5,Eno Forest,2928,13503,2014,14,213,62,Active,August-3-2025 02:00 PM,August-3-2025 04:00 PM,https://www.redfin.com/NC/Durham/2905-Reynolda-Cir-27712/home/43606267,TMLS,10110444,N,Y,36.0687916,-78.9359457
MLS Listing,,Townhouse,1002 Flagler St,Durham,NC,27713,415775,3,2.5,Southpoint Station,2114,2178,2019,14,197,132,Active,August-3-2025 02:00 PM,August-3-2025 05:00 PM,https://www.redfin.com/NC/Durham/1002-Flagler-St-27713/home/169617944,TMLS,10110440,N,Y,35.9120865,-78.9172775
MLS Listing,,Townhouse,6 Weybridge Pl,Chapel Hill,NC,27517,419500,3,2.5,Falconbridge Townhomes,1908,2178,1984,14,220,403,Active,,,https://www.redfin.com/NC/Chapel-Hill/6-Weybridge-Pl-27517/home/43594792,TMLS,10110383,N,Y,35.9078921,-78.9879101
MLS Listing,,Single Family Residential,301 Monk Rd,Durham,NC,27704,335000,3,1.0,Not in a Subdivision,919,93218,1954,14,365,,Active,,,https://www.redfin.com/NC/Durham/301-Monk-Rd-27704/home/43569729,TMLS,10110293,N,Y,36.0587833,-78.8998478
MLS Listing,,Single Family Residential,2011 Walnut St,Durham,NC,27705,448000,3,2.0,Warren Park,1250,11761,1959,14,358,,Active,,,https://www.redfin.com/NC/Durham/2011-Walnut-St-27705/home/43539319,TMLS,10110282,N,Y,36.0254318,-78.9256799
MLS Listing,,Townhouse,2015 Rooster Spur Ct,Durham,NC,27713,465000,3,2.5,Providence at Southpoint,2139,2178,2021,14,217,154,Active,,,https://www.redfin.com/NC/Durham/2015-Rooster-Spur-Ct-27713/home/176504894,TMLS,10110221,N,Y,35.907163,-78.917606
MLS Listing,,Single Family Residential,3333 Lassiter St,Durham,NC,27707,394999,3,2.5,Not in a Subdivision,1431,10890,1996,14,276,,Active,,,https://www.redfin.com/NC/Durham/3333-Lassiter-St-27707/home/43536683,TMLS,10110196,N,Y,35.9615774,-78.9409746
MLS Listing,,Townhouse,1519 Chesterfield,Durham,NC,27703,429000,3,2.5,Davis Park Townes,1894,2613,2020,14,227,141,Active,August-3-2025 11:30 AM,August-3-2025 01:30 PM,https://www.redfin.com/NC/Durham/1519-Chesterfield-Ln-27703/home/173317620,TMLS,10110193,N,Y,35.88054,-78.855441
MLS Listing,,Single Family Residential,1915 Taylor St,Durham,NC,27703,325000,3,2.0,The Driver Lands,1050,6098,1941,14,310,,Active,August-3-2025 02:00 PM,August-3-2025 04:00 PM,https://www.redfin.com/NC/Durham/1915-Taylor-St-27703/home/43527803,TMLS,10110187,N,Y,35.9890567,-78.8767555
MLS Listing,,Single Family Residential,6 Drye Ln,Durham,NC,27713,436800,3,2.5,Auburn,2217,4791,2003,14,197,44,Active,,,https://www.redfin.com/NC/Durham/6-Drye-Ln-27713/home/43598822,TMLS,10110178,N,Y,35.9121592,-78.9082312
MLS Listing,,Townhouse,5515 S Roxboro St #4,Durham,NC,27713,391500,3,2.5,Valley Crest,1757,2178,2005,14,223,265,Active,,,https://www.redfin.com/NC/Durham/5515-S-Roxboro-St-27713/unit-4/home/43597106,TMLS,10110175,N,Y,35.9267319,-78.9527842
MLS Listing,,Single Family Residential,202 Cottage Ln,Durham,NC,27713,434900,3,2.0,Whitney Park,1628,5227,1986,14,267,195,Active,,,https://www.redfin.com/NC/Durham/202-Cottage-Ln-27713/home/43574641,TMLS,10109876,N,Y,35.9116501,-78.9467738
MLS Listing,,Single Family Residential,1719 James St,Durham,NC,27707,295000,2,1.0,Not in a Subdivision,709,9147,1934,14,416,,Active,,,https://www.redfin.com/NC/Durham/1719-James-St-27707/home/43526624,TMLS,10110047,N,Y,35.9805567,-78.9258497
MLS Listing,,Townhouse,1101 Bell Heather Rd #1,Durham,NC,27703,444519,3,2.5,Ovation at Sweetbrier,1883,3484,2025,15,236,270,Active,,,https://www.redfin.com/NC/Durham/1101-Carr-Rd-27703/unit-1/home/196482229,TMLS,10110139,N,Y,35.955773,-78.790782
MLS Listing,,Single Family Residential,605 Dupree St,Durham,NC,27701,349000,4,2.0,Stokesdale,1554,8276,1920,15,225,,Active,,,https://www.redfin.com/NC/Durham/605-Dupree-St-27701/home/43531593,TMLS,10110133,N,Y,35.9775545,-78.898864
MLS Listing,,Townhouse,2010 Bunchberry Ln,Durham,NC,27703,389000,3,2.5,Dogwood Pointe,1894,3049,2022,15,205,149,Active,,,https://www.redfin.com/NC/Durham/2010-Bunchbery-Ln-27703/home/173318244,TMLS,10110117,N,Y,35.9732471,-78.7908174
MLS Listing,,Single Family Residential,817 Poplar St,Durham,NC,27703,499995,4,2.5,Brightwood Trails,2684,8537,2014,15,186,45,Active,August-3-2025 11:00 AM,August-3-2025 01:00 PM,https://www.redfin.com/NC/Durham/817-Poplar-St-27703/home/43609984,TMLS,10110094,N,Y,35.9613092,-78.8016248
MLS Listing,,Ranch,2014 Kapalua Way #194,Durham,NC,27703,595000,3,3.5,Falls Village,2665,9583,2025,15,223,275,Active,,,https://www.redfin.com/NC/Durham/2014-Kapalua-Way-27703/unit-194/home/196479566,TMLS,10110069,N,Y,35.984235,-78.76581
MLS Listing,,Single Family Residential,1224 N Roxboro St,Durham,NC,27701,499000,3,2.0,Not in a Subdivision,1266,5227,1920,15,394,,Active,,,https://www.redfin.com/NC/Durham/1224-N-Roxboro-St-27701/home/49676524,TMLS,10109991,N,Y,36.0050587,-78.892376
MLS Listing,,Single Family Residential,1 Kings Grant Ct,Durham,NC,27703,449000,3,2.5,Grove Park,2212,10018,1988,15,203,57,Active,,,https://www.redfin.com/NC/Durham/1-Kings-Grant-Ct-27703/home/43566107,TMLS,10109988,N,Y,35.9768336,-78.8128568
MLS Listing,,Townhouse,121 Long Shadow Pl,Durham,NC,27713,250000,2,2.5,Woodcroft,1204,1307,1985,15,208,380,Active,August-2-2025 01:00 PM,August-2-2025 03:00 PM,https://www.redfin.com/NC/Durham/121-Long-Shadow-Pl-27713/home/43552067,TMLS,10109937,N,Y,35.9256593,-78.9408858
MLS Listing,,Townhouse,100 Stratford Lakes Dr #150,Durham,NC,27713,294999,2,2.5,Stratford Lakes,1280,1306,2008,15,230,185,Active,,,https://www.redfin.com/NC/Durham/100-Stratford-Lakes-Dr-27713/unit-150/home/43607917,TMLS,10109913,N,Y,35.9443795,-78.9116611
MLS Listing,,Single Family Residential,409 Morreene Rd,Durham,NC,27705,600000,3,2.5,Not in a Subdivision,2519,9148,2021,15,238,,Active,August-2-2025 12:00 PM,August-2-2025 02:00 PM,https://www.redfin.com/NC/Durham/409-Morreene-Rd-27705/home/172927988,TMLS,10109899,N,Y,36.0188549,-78.9574316
MLS Listing,,Single Family Residential,1409 Sedgefield St,Durham,NC,27705,989000,5,4.5,Not in a Subdivision,3460,7405,2024,15,286,,Active,,,https://www.redfin.com/NC/Durham/1409-Sedgefield-St-27705/home/43523104,TMLS,10109856,N,Y,36.0204205,-78.916787
MLS Listing,,Single Family Residential,404 Andrews Rd,Durham,NC,27705,485000,3,2.5,Turnage Heights,1511,10019,2024,15,321,,Active,,,https://www.redfin.com/NC/Durham/404-Andrews-Rd-27705/home/183169837,TMLS,10109853,N,Y,36.015234,-78.95405
MLS Listing,,Single Family Residential,313 W Cornwallis Rd,Durham,NC,27707,1095000,5,4.5,Not in a Subdivision,3330,14374,2025,15,329,,Active,,,https://www.redfin.com/NC/Durham/313-W-Cornwallis-Rd-27707/home/43523714,TMLS,10109845,N,Y,35.9689091,-78.9258408
MLS Listing,,Townhouse,226 Marietta Way,Durham,NC,27703,460000,4,3.5,Andrews Chapel,2398,2178,2021,15,192,184,Active,August-3-2025 01:00 PM,August-3-2025 03:00 PM,https://www.redfin.com/NC/Durham/226-Marietta-Way-27703/home/173766228,TMLS,10109830,N,Y,35.9227884,-78.7740191
MLS Listing,,Single Family Residential,1008 Sounding Ln,Durham,NC,27703,499000,2,2.0,Creekside at Bethpage,1680,4792,2018,15,297,269,Active,,,https://www.redfin.com/NC/Durham/1008-Sounding-Ln-27703/home/147232811,TMLS,10109783,N,Y,35.9067988,-78.8243608
MLS Listing,,Townhouse,1304 Cozart St #308,Durham,NC,27704,270000,3,2.5,Swanns Mill,1478,1306,2012,15,183,163,Active,,,https://www.redfin.com/NC/Durham/1304-Cozart-St-27704/unit-308/home/43607665,TMLS,10109781,N,Y,36.060304,-78.8715069
MLS Listing,,Single Family Residential,5313 Revere Rd,Durham,NC,27713,425000,3,2.0,Parkwood,1567,12196,1964,16,271,21,Active,,,https://www.redfin.com/NC/Durham/5313-Revere-Rd-27713/home/43560847,TMLS,10109770,N,Y,35.8878897,-78.9068781
MLS Listing,,Townhouse,53 Willow Bridge Dr,Durham,NC,27707,320000,3,2.5,Willow Bridge Villas,1515,1742,1981,16,211,180,Active,,,https://www.redfin.com/NC/Durham/53-Willow-Bridge-Dr-27707/home/43547614,TMLS,10109753,N,Y,35.9358702,-78.9445906
MLS Listing,,Townhouse,517 Woodwinds Dr,Durham,NC,27713,330000,3,2.0,Woodcroft,1357,3485,1986,16,243,332,Active,August-2-2025 01:00 PM,August-2-2025 03:00 PM,https://www.redfin.com/NC/Durham/517-Woodwinds-Dr-27713/home/43595134,TMLS,10109745,N,Y,35.9247983,-78.9358524
MLS Listing,,Single Family Residential,709 Wendy Way,Durham,NC,27712,295000,3,1.5,Cardens Creek,1129,30927,1979,16,261,,Active,August-1-2025 08:00 AM,August-1-2025 07:00 PM,https://www.redfin.com/NC/Durham/709-Wendy-Way-27712/home/43580642,TMLS,10109723,N,Y,36.1075026,-78.9241285
MLS Listing,,Vacant Land,610 Raynor St,Durham,NC,27703,125000,,,To Be Added,,4538,,16,,,Active,,,https://www.redfin.com/NC/Durham/610-Raynor-St-27703/home/150916671,TMLS,10109715,N,Y,35.9912977,-78.871672
MLS Listing,,Vacant Land,612 Raynor St,Durham,NC,27703,100000,,,To Be Added,,3524,,16,,,Active,,,https://www.redfin.com/NC/Durham/612-Raynor-St-27703/home/150926398,TMLS,10109711,N,Y,35.9913977,-78.8715867
MLS Listing,,Single Family Residential,1609 Dexter St,Durham,NC,27701,435000,2,2.0,Not in a Subdivision,1376,6534,1950,16,316,,Active,,,https://www.redfin.com/NC/Durham/1609-Dexter-St-27701/home/43521245,TMLS,10109689,N,Y,36.0182727,-78.9017049
MLS Listing,,Single Family Residential,5018 Gatewood Dr,Durham,NC,27712,379900,3,2.0,Brogden Heights,1600,26136,1971,16,237,,Active,,,https://www.redfin.com/NC/Durham/5018-Gatewood-Dr-27712/home/43578354,TMLS,10108385,N,Y,36.0813972,-78.9249789
MLS Listing,,Vacant Land,212 W Alton St,Durham,NC,27707,98000,,,Hillside Park,,37026,,16,,,Active,,,https://www.redfin.com/NC/Durham/212-W-Alton-St-27707/home/43530818,TMLS,10109668,N,Y,35.972562,-78.909339
MLS Listing,,Single Family Residential,205 Landreth Ct,Durham,NC,27713,695000,5,3.5,Lakehurst Pointe,3281,10890,2001,16,212,42,Active,,,https://www.redfin.com/NC/Durham/205-Landreth-Ct-27713/home/43587000,TMLS,10109652,N,Y,35.8966292,-78.9240263
MLS Listing,,Single Family Residential,5501 Paces Ferry Dr,Durham,NC,27712,435000,3,2.5,Dover Ridge,2064,15682,2005,16,211,14,Active,,,https://www.redfin.com/NC/Durham/5501-Paces-Ferry-Dr-27712/home/43590204,TMLS,10109618,N,Y,36.0906066,-78.9272361
MLS Listing,,Single Family Residential,2822 Nation Ave,Durham,NC,27707,534980,3,2.0,Tuscaloosa Forest,1564,10890,2004,16,342,,Active,,,https://www.redfin.com/NC/Durham/2822-Nation-Ave-27707/home/43598113,TMLS,10109613,N,Y,35.9757235,-78.9355573
MLS Listing,,Townhouse,901 Selby Ave,Durham,NC,27713,449000,3,2.5,Trailside Townes,1931,4791,2025,16,233,180,Active,,,https://www.redfin.com/NC/Durham/901-Selby-Ave-27713/home/196443818,TMLS,10109611,N,Y,35.9536612,-78.8947121
MLS Listing,,Multi-Family (2-4 Unit),1112 Camden Ave,Durham,NC,27701,650000,4,1.0,Not in a Subdivision,1550,10890,1949,16,419,,Active,,,https://www.redfin.com/NC/Durham/1112-Camden-Ave-27701/home/43525158,TMLS,10109583,N,Y,36.0119701,-78.880968
MLS Listing,,Single Family Residential,135 Shadow Hawk Dr,Durham,NC,27713,635000,3,2.5,Chamberlynne,2638,9147,2014,16,241,58,Active,August-3-2025 12:00 PM,August-3-2025 02:00 PM,https://www.redfin.com/NC/Durham/135-Shadow-Hawk-Dr-27713/home/103501870,TMLS,10109581,N,Y,35.9314147,-78.9299159
MLS Listing,,Single Family Residential,1112 Epiphany Rd,Morrisville,NC,27560,500000,4,2.5,Trivium at Brier Creek,2593,2613,2018,16,193,209,Active,,,https://www.redfin.com/NC/Morrisville/1112-Epiphany-Rd-27560/home/147232590,TMLS,10109576,N,Y,35.9158571,-78.8109871
MLS Listing,,Single Family Residential,5802 Lillie Dr,Durham,NC,27712,339999,3,2.0,Not in a Subdivision,1133,26136,1987,16,300,,Active,,,https://www.redfin.com/NC/Durham/5802-Lillie-Dr-27712/home/43578769,LPRMLS,747086,N,Y,36.0885399,-78.9585111
MLS Listing,,Single Family Residential,2811 Skybrook Ln,Durham,NC,27703,450000,3,2.5,Bradbury,2251,5663,2005,16,200,25,Active,,,https://www.redfin.com/NC/Durham/2811-Skybrook-Ln-27703/home/43597166,TMLS,10109541,N,Y,35.9261439,-78.8290641
MLS Listing,,Single Family Residential,10 Haywood Ct,Durham,NC,27705,550000,4,2.5,Hillandale Commons,2372,9148,2006,17,232,20,Active,,,https://www.redfin.com/NC/Durham/10-Haywood-Ct-27705/home/43593137,TMLS,10109502,N,Y,36.026844,-78.9393844
MLS Listing,,Single Family Residential,2027 Buffalo Way Way,Durham,NC,27704,300000,3,1.5,Landon Farms,1170,5662,2003,17,256,14,Active,August-3-2025 02:00 PM,August-3-2025 04:00 PM,https://www.redfin.com/NC/Durham/2027-Buffalo-Way-27704/home/43590746,TMLS,10109452,N,Y,36.0194185,-78.8521213
MLS Listing,,Ranch,904 Fiske St,Durham,NC,27703,400000,3,2.5,Not in a Subdivision,1755,20473,1959,17,228,,Active,,,https://www.redfin.com/NC/Durham/904-Fiske-St-27703/home/43528217,TMLS,10109341,N,Y,35.9949303,-78.8744485
MLS Listing,,Single Family Residential,1309 Watts St,Durham,NC,27701,475000,3,2.0,Not in a Subdivision,1335,6534,1930,17,356,,Active,,,https://www.redfin.com/NC/Durham/1309-Watts-St-27701/home/43518886,TMLS,10109331,N,Y,36.0139263,-78.9111045
MLS Listing,,Condo/Co-op,214 Hunt St #603,Durham,NC,27701,1595000,2,2.0,Not in a Subdivision,1967,,2023,17,811,819,Active,,,https://www.redfin.com/NC/Durham/214-Hunt-St-27701/unit-603/home/193445060,TMLS,10109327,N,Y,36.0001707,-78.9004501
MLS Listing,,Single Family Residential,19 San Rimini Way,Durham,NC,27707,2650000,4,5.0,Maida Vale,5275,23958,2017,17,502,390,Active,,,https://www.redfin.com/NC/Durham/19-San-Rimini-Way-27707/home/43607955,TMLS,10108927,N,Y,35.9279366,-78.9969158
MLS Listing,,Single Family Residential,2752 Weldon Terrace Ter,Durham,NC,27703,319900,3,1.5,Not in a Subdivision,1167,9583,1960,18,274,,Active,,,https://www.redfin.com/NC/Durham/2752-Weldon-Ter-27703/home/43535570,TMLS,10109295,N,Y,35.9801695,-78.865779
MLS Listing,,Single Family Residential,4419 Nightfall Ct,Durham,NC,27713,400000,2,2.0,Hope Valley North,1094,4791,1999,18,366,33,Active,,,https://www.redfin.com/NC/Durham/4419-Nightfall-Ct-27713/home/43589955,TMLS,10109274,N,Y,35.9407382,-78.9274625
MLS Listing,,Townhouse,130 Holly Berry Ln,Durham,NC,27703,330000,3,2.5,Rustica Oaks,1912,2614,2014,18,173,267,Active,August-2-2025 12:00 PM,August-2-2025 02:00 PM,https://www.redfin.com/NC/Durham/130-Holly-Berry-Ln-27703/home/56655276,TMLS,10109262,N,Y,35.9478068,-78.8816435
MLS Listing,,Single Family Residential,115 Ashworth Dr,Durham,NC,27707,1175000,4,3.0,Ashworth Estates,3200,54014,1954,18,367,,Active,,,https://www.redfin.com/NC/Durham/115-Ashworth-Dr-27707/home/43549141,TMLS,10109251,N,Y,35.9429347,-78.9697406
MLS Listing,,Single Family Residential,1310 Martin Luther King Pkwy,Durham,NC,27707,825000,4,2.0,Not in a Subdivision,2312,159429,1979,18,357,,Active,,,https://www.redfin.com/NC/Durham/1310-Martin-Luther-King-Pkwy-27707/home/43536455,TMLS,10109203,N,Y,35.958967,-78.9373627
MLS Listing,,Vacant Land,212 Barnhill St,Durham,NC,27713,180000,,,Southwest,,65340,,19,,,Active,,,https://www.redfin.com/NC/Durham/212-Barnhill-St-27707/home/43534109,TMLS,10109151,N,Y,35.961442,-78.921447
MLS Listing,,Vacant Land,3025 Farthing St,Durham,NC,27704,375000,,,Not in a Subdivision,,15681,,19,,,Active,,,https://www.redfin.com/NC/Durham/3025-Farthing-St-27704/home/43540177,TMLS,10109127,N,Y,36.029905,-78.8936582
MLS Listing,,Vacant Land,3226 3228 Rowena Ave,Durham,NC,27703,110000,,,Not in a Subdivision,,40075,,19,,,Active,,,https://www.redfin.com/NC/Durham/3228-Rowena-Ave-27703/home/193445854,TMLS,10109124,N,Y,35.969794,-78.858205
MLS Listing,,Ranch,1414 Vickers Ave,Durham,NC,27707,335000,3,1.0,Not in a Subdivision,1104,11761,1950,19,303,,Active,,,https://www.redfin.com/NC/Durham/1414-Vickers-Ave-27707/home/43529053,TMLS,10109112,N,Y,35.9842454,-78.9122955
MLS Listing,,Single Family Residential,1813 Grady Dr,Durham,NC,27712,314000,3,2.0,Not in a Subdivision,1322,20037,1970,19,238,,Active,,,https://www.redfin.com/NC/Durham/1813-Grady-Dr-27712/home/43582119,TMLS,10109103,N,Y,36.0815494,-78.9361729
MLS Listing,,Single Family Residential,140 E End Ave,Durham,NC,27703,414990,3,2.5,East End Residences,1578,5227,2025,20,263,,Active,,,https://www.redfin.com/NC/Durham/140-E-End-Ave-27703/home/185193341,TMLS,10109092,N,Y,35.9752838,-78.8591071
MLS Listing,,Single Family Residential,136 E End Ave,Durham,NC,27703,409990,3,2.5,East End Residences,1577,4791,2025,20,260,,Active,,,https://www.redfin.com/NC/Durham/136-E-End-Ave-27703/home/188332778,TMLS,10109090,N,Y,35.97527,-78.859078
MLS Listing,,Townhouse,1207 Bell Heather Rd #19,Durham,NC,27703,441041,3,2.5,Ovation at Sweetbrier,1883,3484,2025,20,234,270,Active,,,https://www.redfin.com/NC/Durham/1207-Carr-Rd-27703/unit-19/home/196376848,TMLS,10109085,N,Y,35.952177,-78.793356
MLS Listing,,Townhouse,1201 Bell Heather Rd #16,Durham,NC,27703,439076,3,2.5,Ovation at Sweetbrier,1883,3484,2025,20,233,270,Active,,,https://www.redfin.com/NC/Durham/1201-Carr-Rd-27703/unit-16/home/196376846,TMLS,10109084,N,Y,35.953404,-78.792755
MLS Listing,,Single Family Residential,1022 Homecoming Way,Durham,NC,27703,399500,3,2.5,Copley Farm,2021,6098,2018,20,198,59,Active,,,https://www.redfin.com/NC/Durham/1022-Homecoming-Way-27703/home/147233285,TMLS,10106666,N,Y,35.9972748,-78.822633
MLS Listing,,Single Family Residential,1500 Valley Run,Durham,NC,27707,495000,3,2.0,Valley Run,1848,10018,1985,20,268,5,Active,,,https://www.redfin.com/NC/Durham/1500-Valley-Run-27707/home/43534261,TMLS,10109060,N,Y,35.9617511,-78.952475
MLS Listing,,Townhouse,2206 Alpine Rd,Durham,NC,27707,245000,2,2.5,Breckenridge,1090,1307,1984,20,225,154,Active,,,https://www.redfin.com/NC/Durham/2206-Alpine-Rd-27707/home/43536259,TMLS,10109051,N,Y,35.9600232,-78.9293433
MLS Listing,,Single Family Residential,2905 Cammie St,Durham,NC,27705,525000,4,2.5,Not in a Subdivision,1888,6970,2021,20,278,,Active,,,https://www.redfin.com/NC/Durham/2905-Cammie-St-27705/home/175461580,TMLS,10108607,N,Y,36.0415546,-78.9345364
MLS Listing,,Townhouse,424 Shale Creek Dr,Durham,NC,27703,436900,3,2.5,Andrews Chapel,2083,3484,2020,20,210,184,Active,,,https://www.redfin.com/NC/Durham/424-Shale-Creek-Dr-27703/home/170304752,TMLS,10108793,N,Y,35.921611,-78.77633
MLS Listing,,Single Family Residential,3300 Shaftsbury Drive St,Durham,NC,27704,439000,4,2.0,Not in a Subdivision,2129,29620,1979,21,206,,Active,,,https://www.redfin.com/NC/Durham/3300-Shaftsbury-St-27704/home/43538492,TMLS,10109025,N,Y,36.0441993,-78.912359
MLS Listing,,Multi-Family (2-4 Unit),4316 American Dr,Durham,NC,27705,550000,4,3.0,American Village,2350,14375,1981,21,234,,Active,,,https://www.redfin.com/NC/Durham/4316-American-Dr-27705/home/43572820,TMLS,10109017,N,Y,36.0158903,-78.9714706
MLS Listing,,Single Family Residential,111 Court Jester Way,Morrisville,NC,27560,839000,5,4.5,Sterling,4479,6969,2015,21,187,60,Active,,,https://www.redfin.com/NC/Morrisville/111-Court-Jester-Way-27560/home/43612291,TMLS,10109011,N,Y,35.8910118,-78.8308608
MLS Listing,,Single Family Residential,5406 Garrett Rd,Durham,NC,27707,1600000,4,4.5,Not in a Subdivision,5000,35762,2023,21,320,10,Active,August-2-2025 02:30 PM,August-2-2025 04:30 PM,https://www.redfin.com/NC/Durham/5406-Garrett-Rd-27707/home/182393867,TMLS,10108994,N,Y,35.9453087,-78.9694824
MLS Listing,,Vacant Land,500 Potter St,Durham,NC,27701,650000,,,Not in a Subdivision,,44866,,21,,,Active,,,https://www.redfin.com/NC/Durham/500-Potter-St-27701/home/43531803,TMLS,10108977,N,Y,35.978577,-78.889356
MLS Listing,,Townhouse,5515 S Roxboro St #3,Durham,NC,27713,389500,3,2.5,Valley Crest,1782,2178,2005,21,219,265,Active,,,https://www.redfin.com/NC/Durham/5515-S-Roxboro-St-27713/unit-3/home/183138875,TMLS,10108968,N,Y,35.9267319,-78.9527842
MLS Listing,,Single Family Residential,113 Herbert St,Durham,NC,27703,299900,3,2.0,Not in a Subdivision,1516,8276,1940,21,198,,Active,,,https://www.redfin.com/NC/Durham/113-Herbert-St-27703/home/43542886,TMLS,10108964,N,Y,35.9907908,-78.8641735
MLS Listing,,Condo/Co-op,600 Audubon Lake Dr Unit 3a23,Durham,NC,27713,175000,1,1.0,Brandon Ridge Spring Hill,626,,1986,21,280,182,Active,,,https://www.redfin.com/NC/Durham/600-Audubon-Lake-Dr-27713/unit-3A23/home/43577184,TMLS,10108962,N,Y,35.9109938,-78.9474104
MLS Listing,,Single Family Residential,2228 Cedar Grove Dr,Durham,NC,27703,484000,3,2.5,Alexander Crossing,3032,12632,2005,21,160,32,Active,,,https://www.redfin.com/NC/Durham/2228-Cedar-Grove-Dr-27703/home/43602842,TMLS,10108956,N,Y,35.9204926,-78.8300344
MLS Listing,,Townhouse,524 Summer Breeze Dr,Durham,NC,27704,259900,2,2.5,Summer Meadow,1307,3049,2004,21,199,140,Active,,,https://www.redfin.com/NC/Durham/524-Summer-Breeze-Dr-27704/home/43602347,TMLS,10108934,N,Y,36.060734,-78.8880868
MLS Listing,,Single Family Residential,2658 Lawndale Ave,Durham,NC,27705,535000,2,2.5,Not in a Subdivision,1200,2178,2025,21,446,,Active,,,https://www.redfin.com/NC/Durham/2658-Lawndale-Ave-27705/home/195887031,TMLS,10108930,N,Y,36.0152335,-78.9313111
MLS Listing,,Single Family Residential,5313 Falkirk Dr,Durham,NC,27712,484000,4,3.0,Heather Glen,2463,31363,1976,21,197,,Active,August-3-2025 11:00 AM,August-3-2025 01:00 PM,https://www.redfin.com/NC/Durham/5313-Falkirk-Dr-27712/home/43580924,TMLS,10108891,N,Y,36.0871814,-78.9663025
MLS Listing,,Single Family Residential,1812 Birmingham Ave,Durham,NC,27704,265000,3,1.0,Not in a Subdivision,1170,18730,1955,21,226,,Active,,,https://www.redfin.com/NC/Durham/1812-Birmingham-Ave-27704/home/43537843,TMLS,10108873,N,Y,36.0355984,-78.9068834
MLS Listing,,Single Family Residential,304 Spring St,Durham,NC,27703,310000,2,2.0,Not in a Subdivision,1190,8712,1940,21,261,,Active,,,https://www.redfin.com/NC/Durham/304-Spring-St-27703/home/43560192,TMLS,10108846,N,Y,35.9658804,-78.8534038
MLS Listing,,Single Family Residential,703 E Markham Ave,Durham,NC,27701,749000,3,2.5,Not in a Subdivision,2818,3833,2025,21,266,,Active,August-2-2025 02:00 PM,August-2-2025 04:00 PM,https://www.redfin.com/NC/Durham/703-E-Markham-Ave-27701/home/162795786,TMLS,10108807,N,Y,36.009112,-78.885778
MLS Listing,,Townhouse,1636 Holly Grove Way,Durham,NC,27713,350000,3,2.5,Wynterfield,1544,1742,2012,21,227,110,Active,,,https://www.redfin.com/NC/Durham/1636-Holly-Grove-Way-27713/home/43610265,TMLS,10108768,N,Y,35.9401936,-78.8884243
MLS Listing,,Single Family Residential,1143 Sweet Cream Ct,Durham,NC,27703,430000,3,2.5,Copley Farm,1975,4791,2020,21,218,58,Active,,,https://www.redfin.com/NC/Durham/1143-Sweet-Cream-Ct-27703/home/172523351,TMLS,10108765,N,Y,36.0001084,-78.8212457
MLS Listing,,Single Family Residential,2904 Wadsworth Ave Unit A,Durham,NC,27707,364000,2,2.5,Not in a Subdivision,1205,3484,2023,21,302,,Active,,,https://www.redfin.com/NC/Durham/2904-Wadsworth-Ave-27707/unit-A/home/193922419,TMLS,10108757,N,Y,35.9612255,-78.92278
MLS Listing,,Single Family Residential,1701 Ruffin St,Durham,NC,27701,395000,3,1.0,Not in a Subdivision,930,9583,1950,21,425,,Active,,,https://www.redfin.com/NC/Durham/1701-Ruffin-St-27701/home/43520779,TMLS,10108735,N,Y,36.0179642,-78.9031954
MLS Listing,,Single Family Residential,1300 Ruffin St,Durham,NC,27701,420000,3,1.0,Not in a Subdivision,1016,8712,1946,21,413,,Active,August-3-2025 01:00 PM,August-3-2025 03:00 PM,https://www.redfin.com/NC/Durham/1300-Ruffin-St-27701/home/43522527,TMLS,10108102,N,Y,36.012254,-78.902845
MLS Listing,,Single Family Residential,5807 Craig Rd,Durham,NC,27712,385000,3,3.0,Not in a Subdivision,2112,50094,1981,22,182,,Active,,,https://www.redfin.com/NC/Durham/5807-Craig-Rd-27712/home/44410422,TMLS,10108703,N,Y,36.0859662,-78.9783937
MLS Listing,,Single Family Residential,4307 Pope Rd,Durham,NC,27707,519900,3,2.5,Not in a Subdivision,1998,20909,1967,22,260,,Active,,,https://www.redfin.com/NC/Durham/4307-Pope-Rd-27707/home/43549673,TMLS,10108696,N,Y,35.9372156,-78.9967218
MLS Listing,,Single Family Residential,2206 E Club Blvd,Durham,NC,27704,300000,2,1.0,Oak Grove,912,12632,1946,22,329,,Active,,,https://www.redfin.com/NC/Durham/2206-E-Club-Blvd-27704/home/43565110,TMLS,10108689,N,Y,36.0254955,-78.855494
MLS Listing,,Single Family Residential,1109 Magnolia Dr,Durham,NC,27707,329000,3,2.0,Not in a Subdivision,1129,10890,1960,22,291,,Active,,,https://www.redfin.com/NC/Durham/1109-Magnolia-Dr-27707/home/43542842,TMLS,10108686,N,Y,35.9623451,-78.8933235
MLS Listing,,Single Family Residential,310 E Pilot St,Durham,NC,27707,418000,4,2.5,Hillside Park,1910,10890,1967,22,219,,Active,,,https://www.redfin.com/NC/Durham/310-E-Pilot-St-27707/home/43523448,TMLS,10108669,N,Y,35.9672403,-78.9095797
MLS Listing,,Single Family Residential,810 Royal Oaks Dr,Durham,NC,27712,385000,3,2.0,Mason Woods,1524,23522,1976,22,253,,Active,,,https://www.redfin.com/NC/Durham/810-Royal-Oaks-Dr-27712/home/43582896,TMLS,10108664,N,Y,36.1257285,-78.9184803
MLS Listing,,Townhouse,1010 Navigon Dr,Durham,NC,27713,359900,3,2.5,Southern Pointe Townhomes,1856,3049,2019,22,194,165,Active,,,https://www.redfin.com/NC/Durham/1010-Navigon-Dr-27713/home/169619434,TMLS,10108656,N,Y,35.953215,-78.889062
MLS Listing,,Condo/Co-op,214 Hunt St #503,Durham,NC,27701,1375000,2,2.0,The Vega Condominium,1991,,2023,22,691,822,Active,,,https://www.redfin.com/NC/Durham/214-Hunt-St-27701/unit-503/home/193445056,TMLS,10108639,N,Y,36.0001707,-78.9004501
MLS Listing,,Single Family Residential,6609 Hunters Ln,Durham,NC,27713,690000,4,3.0,Hunters Wood,2911,25265,1970,22,237,,Active,,,https://www.redfin.com/NC/Durham/6609-Hunters-Ln-27713/home/43556488,TMLS,10108634,N,Y,35.9020404,-78.9201675
MLS Listing,,Single Family Residential,3 Fieldcrest Ct,Durham,NC,27713,579900,4,2.5,Hope Valley Farms,2395,10019,1990,22,242,20,Active,,,https://www.redfin.com/NC/Durham/3-Fieldcrest-Ct-27713/home/43548219,TMLS,10108608,N,Y,35.9294292,-78.9483384
MLS Listing,,Single Family Residential,1254 Camden Ave,Durham,NC,27701,425000,4,2.5,Not in a Subdivision,1852,,2022,22,229,,Active,,,https://www.redfin.com/NC/Durham/1254-Camden-Ave-27701/home/178932510,TMLS,10108600,N,Y,36.0123681,-78.8790357
MLS Listing,,Townhouse,100 Stratford Lakes Dr #322 #322,Durham,NC,27713,325000,2,2.5,Stratford Lakes,1409,1306,2010,22,231,185,Active,,,https://www.redfin.com/NC/Durham/100-Stratford-Lakes-Dr-27713/unit-322/home/43610376,TMLS,10108590,N,Y,35.9443795,-78.9116611
MLS Listing,,Townhouse,120 Holly Berry Ln,Durham,NC,27703,360000,4,3.0,Rustica Oaks,1914,2614,2014,22,188,267,Active,,,https://www.redfin.com/NC/Durham/120-Holly-Berry-Ln-27703/home/58450988,TMLS,10108577,N,Y,35.9480827,-78.8816342
MLS Listing,,Condo/Co-op,2705 Crest St #3,Durham,NC,27705,174700,1,1.0,To Be Added,378,,1985,22,462,,Active,,,https://www.redfin.com/NC/Durham/2705-Crest-St-27705/unit-3/home/43520671,TMLS,10108565,N,Y,36.0125384,-78.93938
MLS Listing,,Single Family Residential,7 Monteith Ct,Durham,NC,27713,759900,4,2.5,Lakehurst,3247,13068,1999,22,234,46,Active,,,https://www.redfin.com/NC/Durham/7-Monteith-Ct-27713/home/43588358,TMLS,10106421,N,Y,35.8918897,-78.9247137
MLS Listing,,Townhouse,1151 Epiphany Rd,Morrisville,NC,27560,480000,4,3.5,Trivium at Brier Creek,2675,2178,2019,22,179,209,Active,,,https://www.redfin.com/NC/Morrisville/1151-Epiphany-Rd-27560/home/169617623,TMLS,10108529,N,Y,35.9152067,-78.8103961
MLS Listing,,Single Family Residential,6740 Guess Rd,Hillsborough,NC,27278,285000,3,2.0,Not in a Subdivision,1420,27878,1969,22,201,,Active,,,https://www.redfin.com/NC/Hillsborough/6740-Guess-Rd-27278/home/43582055,TMLS,10108496,N,Y,36.1266841,-78.9443987
MLS Listing,,Townhouse,1315 Canary Pepper Dr #28,Durham,NC,27713,469500,3,2.5,Providence at Southpoint,2095,2178,2023,22,224,154,Active,,,https://www.redfin.com/NC/Durham/1315-Canary-Pepper-Dr-27713/unit-28/home/193939921,TMLS,10108474,N,Y,35.9059497,-78.917325
MLS Listing,,Single Family Residential,1819 Nixon St,Durham,NC,27707,429000,4,3.0,Not in a Subdivision,1861,11761,2021,22,231,,Active,,,https://www.redfin.com/NC/Durham/1819-Nixon-St-27707/home/173317086,TMLS,10108451,N,Y,35.967221,-78.8889555
MLS Listing,,Townhouse,930 Watercolor Way,Durham,NC,27713,824900,4,3.5,751 South,2814,3485,2023,22,293,310,Active,August-3-2025 02:00 PM,August-3-2025 04:00 PM,https://www.redfin.com/NC/Durham/930-Watercolor-Way-27713/home/169618375,TMLS,10108436,N,Y,35.878152,-78.957345
MLS Listing,,Single Family Residential,6 Blake Ct,Durham,NC,27712,370000,3,2.0,Brittany Woods,1356,23086,1993,22,273,,Active,,,https://www.redfin.com/NC/Durham/6-Blake-Ct-27712/home/43581447,TMLS,10108405,N,Y,36.0938834,-78.9148106
MLS Listing,,Single Family Residential,2506 N Duke St,Durham,NC,27704,409900,4,2.0,Not in a Subdivision,1350,11761,1957,22,304,,Active,,,https://www.redfin.com/NC/Durham/2506-N-Duke-St-27704/home/43526697,TMLS,10108375,N,Y,36.0297786,-78.9052028
MLS Listing,,Single Family Residential,3215 Oxford Dr,Durham,NC,27707,356000,2,1.0,University Estates,1067,15681,1956,22,334,,Active,,,https://www.redfin.com/NC/Durham/3215-Oxford-Dr-27707/home/43538576,TMLS,10108370,N,Y,35.9634429,-78.9337532
MLS Listing,,Single Family Residential,5106 Stockton Way,Durham,NC,27707,875000,4,3.5,Prescott Place,3611,10018,2002,22,242,46,Active,,,https://www.redfin.com/NC/Durham/5106-Stockton-Way-27707/home/43603990,TMLS,10108338,N,Y,35.9343685,-78.9847408
MLS Listing,,Townhouse,18 Willow Bridge Dr,Durham,NC,27707,275000,2,1.5,Woodbridge Villas,1462,1742,1981,22,188,186,Active,,,https://www.redfin.com/NC/Durham/18-Willow-Bridge-Dr-27707/home/43544758,TMLS,10108323,N,Y,35.9348969,-78.9458538
MLS Listing,,Townhouse,82 Forest Oaks Dr,Durham,NC,27705,275000,2,3.0,Forest Oaks Townhomes,1371,1307,1988,22,201,277,Active,,,https://www.redfin.com/NC/Durham/82-Forest-Oaks-Dr-27705/home/43572915,TMLS,10108317,N,Y,36.0193943,-78.9609076
MLS Listing,,Townhouse,1119 Latitude Dr,Durham,NC,27713,360000,3,2.5,Southern Pointe Townhomes,1767,2178,2019,22,204,165,Active,,,https://www.redfin.com/NC/Durham/1119-Latitude-Dr-27713/home/169617919,TMLS,10108311,N,Y,35.9538404,-78.8890032
MLS Listing,,Townhouse,15 Willow Bridge Dr,Durham,NC,27707,280000,3,2.5,Woodbridge Villas,1471,1742,1981,22,190,186,Active,,,https://www.redfin.com/NC/Durham/15-Willow-Bridge-Dr-27707/home/43547727,TMLS,10108153,N,Y,35.9351115,-78.9457393
MLS Listing,,Vacant Land,106 W Umstead St St,Durham,NC,27707,130000,,,Not in a Subdivision,,9147,,23,,,Active,,,https://www.redfin.com/NC/Durham/106-W-Umstead-St-27707/home/43532656,TMLS,10108275,N,Y,35.982726,-78.9056607
MLS Listing,,Single Family Residential,4918 Tyne Dr,Durham,NC,27703,388000,4,2.5,Durham,1772,16988,1985,23,219,,Active,,,https://www.redfin.com/NC/Durham/4918-Tyne-Dr-27703/home/43566439,CANOPYMLS as Distributed by MLS Grid,4279739,N,Y,35.9947973,-78.8083586
MLS Listing,,Condo/Co-op,7250 Nc 751 Hwy #2204,Durham,NC,27707,315000,1,1.0,The Landing at Southpoint,960,,2008,23,328,397,Active,,,https://www.redfin.com/NC/Durham/7250-NC-Highway-751-27707/unit-2204/home/43611291,TMLS,10108246,N,Y,35.9146462,-78.9653692
MLS Listing,,Townhouse,4100 Five Oak Dr #37,Durham,NC,27707,310000,2,2.5,Five Oaks,1601,2178,1974,23,194,273,Active,,,https://www.redfin.com/NC/Durham/4100-Five-Oaks-Dr-27707/unit-37/home/43549231,TMLS,10108220,N,Y,35.9438402,-78.9891028
