SALE TYPE,SOLD DATE,PROPERTY TYPE,ADDRESS,CITY,STATE OR PROVINCE,ZIP OR POSTAL CODE,PRICE,BEDS,BATHS,LOCATION,SQUARE FEET,LOT SIZE,YEAR BUILT,DAYS ON MARKET,$/SQUARE FEET,HOA/MONTH,STATUS,NEXT OPEN HOUSE START TIME,NEXT OPEN HOUSE END TIME,URL (SEE https://www.redfin.com/buy-a-home/comparative-market-analysis FOR INFO ON PRICING),SOURCE,MLS#,FAVORITE,INTERESTED,LATITUDE,LONGITUDE
"In accordance with local MLS rules, some MLS listings are not included in the download"
MLS Listing,,Single Family Residential,345 Silver Creek Trl,Kernersville,NC,27284,347500,4,2.5,Beeson Park,1975,11761,1999,28,176,12,Active,,,https://www.redfin.com/NC/Kernersville/345-Silver-Creek-Trl-27284/home/94860136,Triad MLS,1186381,N,Y,36.083295,-80.107939
MLS Listing,,Single Family Residential,4627 Shattalon Dr,Winston-salem,NC,27106,349990,3,2.5,,1660,16117,2023,36,211,,Active,August-2-2025 02:00 PM,August-2-2025 04:00 PM,https://www.redfin.com/NC/Winston-Salem/4627-Shattalon-Dr-27106/home/194666035,Triad MLS,1185514,N,Y,36.1609178,-80.3338267
MLS Listing,,Single Family Residential,155 Linbrook Dr,Winston-salem,NC,27106,310000,3,2.0,,1760,23958,1979,50,176,,Active,August-3-2025 01:00 PM,August-3-2025 03:00 PM,https://www.redfin.com/NC/Winston-Salem/155-Linbrook-Dr-27106/home/94907467,Triad MLS,1183613,N,Y,36.1309592,-80.3057825
MLS Listing,,Condo/Co-op,4455 Brassfield Dr #306,Winston-salem,NC,27105,183000,2,2.0,Northern Quarters,1168,1306,2006,70,157,235,Active,,,https://www.redfin.com/NC/Winston-Salem/4455-Brassfield-Dr-27105/unit-306/home/94848966,Triad MLS,1181684,N,Y,36.1845946,-80.2688405
MLS Listing,,Single Family Residential,481 David Smith Rd,Winston-salem,NC,27127,329900,3,2.5,Kimberly Village,2798,148975,1955,105,118,,Active,,,https://www.redfin.com/NC/Winston-Salem/481-David-Smith-Rd-27127/home/95000940,Triad MLS,1177589,N,Y,35.963259,-80.2346795
MLS Listing,,Single Family Residential,884 Orchestra Dr,Winston-salem,NC,27127,345000,4,2.5,Fiddlers Glenn,2443,11325,2010,126,141,22,Active,,,https://www.redfin.com/NC/Winston-Salem/884-Orchestra-Dr-27127/home/187851419,Triad MLS,1174812,N,Y,36.0414256,-80.251234
MLS Listing,,Single Family Residential,4611 Paradise Ln,Winston-salem,NC,27101,330000,3,3.0,Mari-Dell Acres,2583,20037,1974,204,128,,Active,,,https://www.redfin.com/NC/Winston-Salem/4611-Paradise-Ln-27101/home/94901295,Triad MLS,1165581,N,Y,36.1398684,-80.1666896
MLS Listing,,Single Family Residential,2307 Palo Verde Dr,Winston-salem,NC,27106,359900,3,2.0,Sterling Court,1995,20473,1976,1,180,,Active,,,https://www.redfin.com/NC/Winston-Salem/2307-Palo-Verde-Dr-27106/home/94934055,Triad MLS,1189656,N,Y,36.1370352,-80.3718248
MLS Listing,,Single Family Residential,1070 Jonestown Rd,Winston Salem,NC,27127,362900,4,2.5,Winston Salem,1800,19602,2025,1,202,,Active,,,https://www.redfin.com/NC/Winston-Salem/1070-Jonestown-RD-27127/home/196264607,CANOPYMLS as Distributed by MLS Grid,4287896,N,Y,36.060777,-80.342787
MLS Listing,,Single Family Residential,913 Long Dr,Winston-salem,NC,27106,245000,3,1.0,Brookwood,1374,22651,1954,1,178,,Active,August-2-2025 01:00 PM,August-2-2025 03:00 PM,https://www.redfin.com/NC/Winston-Salem/913-Long-Dr-27106/home/94902516,Triad MLS,1189596,N,Y,36.1432328,-80.273019
MLS Listing,,Single Family Residential,132 Carrisbrooke Ln,Winston-salem,NC,27104,285000,2,2.0,Kings Grant,1794,8276,1983,1,159,41,Active,,,https://www.redfin.com/NC/Winston-Salem/132-Carrisbrooke-Ln-27104/home/79153190,Triad MLS,1189713,N,Y,36.0906211,-80.3453036
MLS Listing,,Townhouse,2640 Windy Xing,Winston-salem,NC,27127,214000,3,2.5,Crosswinds Townhomes,1755,871,1983,1,122,,Active,August-3-2025 02:00 PM,August-3-2025 04:00 PM,https://www.redfin.com/NC/Winston-Salem/2640-Windy-Xing-27127/home/94962969,Triad MLS,1189131,N,Y,36.0464429,-80.2871136
MLS Listing,,Condo/Co-op,148 Cedar Lake Trl,Winston-salem,NC,27104,169900,2,2.0,Cedar Lake Condominiums,1121,,1979,1,152,297,Active,August-3-2025 02:00 PM,August-3-2025 04:00 PM,https://www.redfin.com/NC/Winston-Salem/148-Cedar-Lake-Trl-27104/home/94913975,Triad MLS,1189386,N,Y,36.0878106,-80.3543634
MLS Listing,,Single Family Residential,614 Denny Dr,Winston-salem,NC,27107,229000,3,2.0,Smith Farm,1212,5662,2005,1,189,15,Active,August-2-2025 12:00 PM,August-2-2025 02:00 PM,https://www.redfin.com/NC/Winston-Salem/614-Denny-Dr-27107/home/94842056,Triad MLS,1189320,N,Y,36.0815891,-80.1431855
MLS Listing,,Single Family Residential,410 Beaumont St,Winston-salem,NC,27101,289410,4,2.0,,1605,3049,1920,1,180,,Active,,,https://www.redfin.com/NC/Winston-Salem/410-Beaumont-St-27101/home/94863918,Triad MLS,1189683,N,Y,36.0871883,-80.2547616
MLS Listing,,Single Family Residential,4121 Tolley Ridge Ln,Winston-salem,NC,27106,385000,3,2.5,Bay Creek,2272,14810,1997,1,169,,Active,,,https://www.redfin.com/NC/Winston-Salem/4121-Tolley-Ridge-Ln-27106/home/94904905,Triad MLS,1189481,N,Y,36.157299,-80.3452807
MLS Listing,,Single Family Residential,4692 Linville Ave,Kernersville,NC,27284,385000,3,2.5,,3126,28749,1946,1,123,,Active,,,https://www.redfin.com/NC/Kernersville/4692-Linville-Ave-27284/home/94957374,Triad MLS,1188486,N,Y,36.0940355,-80.1463412
MLS Listing,,Townhouse,2188 Shady Stone Dr,Winston-salem,NC,27127,300000,3,3.0,Preston Woods,1678,2178,2013,1,179,103,Active,,,https://www.redfin.com/NC/Winston-Salem/2188-Shady-Stone-Dr-27127/home/94855630,Triad MLS,1189235,N,Y,36.0411536,-80.2697272
MLS Listing,,Single Family Residential,515 Silverbrook Ct,Winston-salem,NC,27106,830000,4,3.5,Brookberry Farm,3502,11325,2011,1,237,275,Active,August-3-2025 02:00 PM,August-3-2025 04:00 PM,https://www.redfin.com/NC/Winston-Salem/515-Silverbrook-Ct-27106/home/94850742,Triad MLS,1189419,N,Y,36.1019536,-80.3705744
MLS Listing,,Condo/Co-op,113 Ivy Glen Ct,Winston-salem,NC,27127,185000,2,2.0,Ivy Glen Condominiums,1180,,2000,1,157,199,Active,,,https://www.redfin.com/NC/Winston-Salem/113-Ivy-Glen-Ct-27127/home/94970149,Triad MLS,1189436,N,Y,36.052681,-80.285765
MLS Listing,,Single Family Residential,1110 Heron Ridge Rd,Winston-salem,NC,27106,750000,4,4.5,Brookberry Farm,2598,8276,2019,1,289,240,Active,August-2-2025 02:00 PM,August-2-2025 04:00 PM,https://www.redfin.com/NC/Winston-Salem/1110-Heron-Ridge-Rd-27106/home/109623901,Triad MLS,1189226,N,Y,36.1149047,-80.3666366
MLS Listing,,Single Family Residential,2408 Walker Ave,Winston-salem,NC,27103,318000,2,1.0,Ardmore,1020,11325,1939,1,312,,Active,August-2-2025 02:00 PM,August-2-2025 04:00 PM,https://www.redfin.com/NC/Winston-Salem/2408-Walker-Ave-27103/home/94868307,Triad MLS,1189350,N,Y,36.0770897,-80.2819215
MLS Listing,,Single Family Residential,1121 Rich Ave,Winston-salem,NC,27101,239000,3,2.0,,1835,6969,1956,1,130,,Active,,,https://www.redfin.com/NC/Winston-Salem/1121-Rich-Ave-27101/home/94862951,Triad MLS,1189434,N,Y,36.1089211,-80.2214049
MLS Listing,,Single Family Residential,248 Anita Dr,Winston-salem,NC,27104,525000,3,2.0,Country Club Estates,2954,15245,1962,1,178,,Active,,,https://www.redfin.com/NC/Winston-Salem/248-Anita-Dr-27104/home/94908559,Triad MLS,1189524,N,Y,36.0926935,-80.3030697
MLS Listing,,Single Family Residential,372 Shady Grove Ct,Winston-salem,NC,27103,355000,4,2.5,Hillcrest Towne Center,2682,8276,2012,1,132,58,Active,,,https://www.redfin.com/NC/Winston-Salem/372-Shady-Grove-Ct-27103/home/94847434,Triad MLS,1189558,N,Y,36.0523319,-80.3292
MLS Listing,,Vacant Land,2891 Millwheel Rd,Pfafftown,NC,27040,69900,,,Pfafftown,,102801,,1,,,Active,,,https://www.redfin.com/NC/Pfafftown/2891-Millwheel-Rd-27040/home/94931749,Triad MLS,1189592,N,Y,36.1512133,-80.381751
MLS Listing,,Single Family Residential,3882 Ruskin Ct,Winston-salem,NC,27105,259900,3,2.0,Ebony Hills,1476,17424,2025,1,176,,Active,August-3-2025 02:00 PM,August-3-2025 04:00 PM,https://www.redfin.com/NC/Winston-Salem/3882-Ruskin-Ct-27105/home/94961671,Triad MLS,1189545,N,Y,36.137626,-80.199754
MLS Listing,,Single Family Residential,1025 Motor Rd,Winston-salem,NC,27105,259900,4,1.0,,1478,29185,1950,1,176,,Active,,,https://www.redfin.com/NC/Winston-Salem/1025-Motor-Rd-27105/home/94875212,Triad MLS,1189316,N,Y,36.1584671,-80.2319189
MLS Listing,,Single Family Residential,363 Elmwood Dr,Winston-salem,NC,27127,289900,4,2.0,Konnoak,1669,19602,1954,1,174,,Active,,,https://www.redfin.com/NC/Winston-Salem/363-Elmwood-Dr-27127/home/94874036,Triad MLS,1188768,N,Y,36.0493816,-80.2455519
MLS Listing,,Single Family Residential,561 Lori Ln,Winston-salem,NC,27127,338000,3,2.0,Kimberly Village,1493,19166,1974,1,226,,Active,,,https://www.redfin.com/NC/Winston-Salem/561-Lori-Ln-27127/home/95000897,Triad MLS,1189593,N,Y,35.9640066,-80.2425236
MLS Listing,,Townhouse,1210 United Ct,Winston-salem,NC,27103,314500,3,2.0,Wyngate Village,1812,2178,2018,1,174,147,Active,,,https://www.redfin.com/NC/Winston-Salem/1210-United-Ct-27103/home/146496169,Triad MLS,1189403,N,Y,36.0600607,-80.3469627
MLS Listing,,Townhouse,328 Lamplighter Cir,Winston-salem,NC,27104,244900,4,3.0,Stonebridge,2297,2178,1974,1,107,257,Active,,,https://www.redfin.com/NC/Winston-Salem/328-Lamplighter-Cir-27104/home/94918489,Triad MLS,1189152,N,Y,36.0897001,-80.3570115
MLS Listing,,Single Family Residential,3457 Grandview Crossing Ln,Winston-salem,NC,27040,489999,4,3.5,Grandview Crossing,2930,9147,2014,1,167,21,Active,,,https://www.redfin.com/NC/Pfafftown/3457-Grandview-Crossing-Ln-27040/home/77459519,Triad MLS,1189177,N,Y,36.1658852,-80.3564035
MLS Listing,,Single Family Residential,3563 Milhaven Rd,Winston-salem,NC,27106,399900,3,2.0,,2595,199504,1955,1,154,,Active,,,https://www.redfin.com/NC/Winston-Salem/3563-Milhaven-Rd-27106/home/94901757,Triad MLS,1189249,N,Y,36.1115742,-80.3306837
MLS Listing,,Townhouse,2739 Crosswinds Dr,Winston-salem,NC,27127,198500,2,2.0,Crosswinds Townhomes,1133,2613,1982,1,175,,Active,,,https://www.redfin.com/NC/Winston-Salem/2739-Crosswinds-Dr-27127/home/94963358,Triad MLS,1189382,N,Y,36.0468251,-80.2858485
MLS Listing,,Single Family Residential,1453 Finwick Dr,Winston-salem,NC,27040,355000,3,2.5,Long Creek Village,2253,6969,2022,1,158,52,Active,,,https://www.redfin.com/NC/Pfafftown/1453-Finwick-Dr-27040/home/181279328,Triad MLS,1189455,N,Y,36.2010764,-80.3193065
MLS Listing,,Single Family Residential,205 Heatherton Way,Winston-salem,NC,27104,592000,4,3.5,Huntcliff,2999,27878,1980,1,197,6,Active,,,https://www.redfin.com/NC/Winston-Salem/205-Heatherton-Way-27104/home/94962071,Triad MLS,1188990,N,Y,36.0809137,-80.3547693
MLS Listing,,Single Family Residential,516 Mccreary St,Winston-salem,NC,27105,259900,4,3.0,Montview,1634,9583,2025,2,159,,Active,,,https://www.redfin.com/NC/Winston-Salem/516-McCreary-St-27105/home/196578817,Triad MLS,1188870,N,Y,36.1433632,-80.2382379
MLS Listing,,Single Family Residential,524 Mccreary St,Winston-salem,NC,27105,259900,4,3.0,Montview,1634,11761,2025,2,159,,Active,,,https://www.redfin.com/NC/Winston-Salem/524-McCreary-St-27105/home/196583262,Triad MLS,1188919,N,Y,36.1433481,-80.2379687
MLS Listing,,Single Family Residential,211 Clayton St,Winston-salem,NC,27105,104000,3,2.0,,2140,10018,1927,2,49,,Active,,,https://www.redfin.com/NC/Winston-Salem/211-Clayton-St-27105/home/94877928,Triad MLS,1189338,N,Y,36.1421318,-80.2493761
MLS Listing,,Single Family Residential,880 Motor Rd,Winston-salem,NC,27105,257000,3,3.0,Not in a Subdivision,1782,11761,1991,2,144,,Active,,,https://www.redfin.com/NC/Winston-Salem/880-Motor-Rd-27105/home/94875186,TMLS,10112705,N,Y,36.1580409,-80.2373134
MLS Listing,,Single Family Residential,138 S Gordon Dr,Winston-salem,NC,27104,185000,2,1.0,Gordon Manor,783,9583,1956,2,236,,Active,,,https://www.redfin.com/NC/Winston-Salem/138-S-Gordon-Dr-27104/home/108675884,Triad MLS,1189504,N,Y,36.0873246,-80.3179957
MLS Listing,,Single Family Residential,449 Bedford Knoll Dr,Winston-salem,NC,27107,250000,4,2.5,Bedford Park,1944,9147,2002,2,129,,Active,,,https://www.redfin.com/NC/Winston-Salem/449-Bedford-Knoll-Dr-27107/home/94836106,Triad MLS,1189472,N,Y,36.0767628,-80.1584242
MLS Listing,,Single Family Residential,2350 Dianne Ave,Winston-salem,NC,27106,399900,6,5.0,Green Acres,3188,22651,1989,2,125,,Active,,,https://www.redfin.com/NC/Winston-Salem/2350-Dianne-Ave-27106/home/94906967,Triad MLS,1189251,N,Y,36.1281893,-80.3214739
MLS Listing,,Single Family Residential,1299 Norman Shoaf Rd,Winston-salem,NC,27107,420000,3,2.0,Shoaf Acres,1797,49222,2025,2,234,,Active,August-2-2025 02:00 PM,August-2-2025 04:00 PM,https://www.redfin.com/NC/Winston-Salem/1299-Norman-Shoaf-Rd-27107/home/196694519,Triad MLS,1189430,N,Y,35.9689633,-80.1986908
MLS Listing,,Single Family Residential,1791 Timber Cove Ct,Winston-salem,NC,27127,355000,4,2.5,Old Salisbury Place,2557,22651,2006,2,139,53,Active,,,https://www.redfin.com/NC/Winston-Salem/1791-Timber-Cove-Ct-27127/home/94845600,Triad MLS,1189372,N,Y,36.0259154,-80.2782331
MLS Listing,,Townhouse,203 Dornoch Dr,Winston-salem,NC,27107,349000,2,2.0,Meadowlands - Highlands,1245,4791,2006,2,280,231,Active,,,https://www.redfin.com/NC/Winston-Salem/203-Dornoch-Dr-27107/home/94983774,Triad MLS,1189423,N,Y,36.0049403,-80.1490096
MLS Listing,,Single Family Residential,1029 Rundell St,Winston-salem,NC,27105,174900,2,1.0,Carver Crest,868,6969,1956,3,201,,Active,,,https://www.redfin.com/NC/Winston-Salem/1029-Rundell-St-27105/home/94866113,Triad MLS,1189286,N,Y,36.1071824,-80.2543264
MLS Listing,,Single Family Residential,205 Cedar Trl,Winston-salem,NC,27104,949000,5,4.5,Sherwood Forest,4328,49658,1993,3,219,,Active,,,https://www.redfin.com/NC/Winston-Salem/205-Cedar-Trl-27104/home/94915820,Triad MLS,1188502,N,Y,36.1013696,-80.3449522
MLS Listing,,Single Family Residential,5314 Ironwood Dr,Winston-salem,NC,27127,332500,5,3.0,Fishel Village,2484,6098,2023,3,134,75,Active,August-2-2025 10:00 AM,August-2-2025 12:00 PM,https://www.redfin.com/NC/Winston-Salem/5314-Ironwood-Dr-27127/home/194660262,Triad MLS,1189069,N,Y,36.0021143,-80.2541304
MLS Listing,,Single Family Residential,307 Wayside Dr,Winston-salem,NC,27107,80000,2,1.5,,1125,13939,1930,3,71,,Active,,,https://www.redfin.com/NC/Winston-Salem/307-Wayside-Dr-27107/home/94882077,Triad MLS,1189297,N,Y,36.0744771,-80.1627588
MLS Listing,,Single Family Residential,3705 Whitehaven Rd,Winston-salem,NC,27106,349900,4,2.5,Forsyth Forest,2287,24393,1968,3,153,,Active,,,https://www.redfin.com/NC/Winston-Salem/3705-Whitehaven-Rd-27106/home/94907713,Triad MLS,1188304,N,Y,36.1451242,-80.3313213
MLS Listing,,Single Family Residential,2465 W Clemmonsville Rd,Winston-salem,NC,27127,258900,3,1.0,,1492,25700,1958,3,174,,Active,August-3-2025 02:00 PM,August-3-2025 04:00 PM,https://www.redfin.com/NC/Winston-Salem/2465-W-Clemmonsville-Rd-27127/home/94914997,Triad MLS,1189335,N,Y,36.0325191,-80.3234214
MLS Listing,,Single Family Residential,4520 Carver School Rd,Winston-salem,NC,27105,194900,3,2.0,,1214,9147,2000,3,161,,Active,August-2-2025 01:00 PM,August-2-2025 03:00 PM,https://www.redfin.com/NC/Winston-Salem/4520-Carver-School-Rd-27105/home/94970411,Triad MLS,1189260,N,Y,36.1525134,-80.2137601
MLS Listing,,Single Family Residential,3801 Ebert Rd,Winston-salem,NC,27127,229900,3,1.5,,1496,17424,1956,3,154,,Active,,,https://www.redfin.com/NC/Winston-Salem/3801-Ebert-Rd-27127/home/94909651,Triad MLS,1189245,N,Y,36.040541,-80.2904323
MLS Listing,,Vacant Land,5916 Holder Rd #1013,Clemmons,NC,27012,95000,,,Clemmons,,156380,,3,,,Active,,,https://www.redfin.com/NC/Clemmons/5916-Holder-Rd-27012/unit-1013/home/196682860,Triad MLS,1189331,N,Y,36.0657088,-80.3696225
MLS Listing,,Single Family Residential,828 Weavil Rd,Kernersville,NC,27284,245000,3,2.0,,1227,40075,2002,3,200,,Active,,,https://www.redfin.com/NC/Kernersville/828-Weavil-Rd-27284/home/94969775,Triad MLS,1189281,N,Y,36.097786,-80.1303866
MLS Listing,,Single Family Residential,217 Focus Ln,Winston-salem,NC,27107,359900,4,2.5,,2302,10454,2022,3,156,,Active,,,https://www.redfin.com/NC/Winston-Salem/217-Focus-Ln-27106/home/180413301,Triad MLS,1189109,N,Y,36.1695666,-80.3032428
MLS Listing,,Single Family Residential,2534 Union Cross Rd,Winston-salem,NC,27107,350000,3,2.0,Wood Cove,3344,48351,1972,4,105,,Active,,,https://www.redfin.com/NC/Winston-Salem/2534-Union-Cross-Rd-27107/home/94890424,Triad MLS,1189291,N,Y,36.0438596,-80.1866129
MLS Listing,,Single Family Residential,4556 Westhill Pl,Kernersville,NC,27284,425000,4,3.5,Vernon Farms,3684,9583,2008,4,115,32,Active,August-3-2025 02:00 PM,August-3-2025 04:00 PM,https://www.redfin.com/NC/Kernersville/4556-Westhill-Pl-27284/home/94842202,Triad MLS,1189193,N,Y,36.0965359,-80.1494493
MLS Listing,,Single Family Residential,2683 Wood Valley Rd #15,Winston-salem,NC,27106,375000,3,2.5,River Rock,1819,8712,2025,4,206,42,Active,,,https://www.redfin.com/NC/Winston-Salem/2683-Wood-Valley-Rd-27106/unit-15/home/196658364,Triad MLS,1189266,N,Y,36.1402146,-80.3178491
MLS Listing,,Single Family Residential,360 Grand Ct,Winston-salem,NC,27104,349000,4,2.0,West Highlands,2380,17859,1961,4,147,,Active,,,https://www.redfin.com/NC/Winston-Salem/360-Grand-Ct-27104/home/94887413,Triad MLS,1189215,N,Y,36.094276,-80.284432
MLS Listing,,Single Family Residential,316 Wiley Ave,Winston-salem,NC,27104,369900,3,1.5,Buena Vista,1372,6969,1954,4,270,,Active,August-3-2025 12:00 PM,August-3-2025 02:00 PM,https://www.redfin.com/NC/Winston-Salem/316-Wiley-Ave-27104/home/94878148,Triad MLS,1189242,N,Y,36.1022147,-80.2693828
MLS Listing,,Single Family Residential,121 Huckabee Cir,Winston-salem,NC,27105,262000,3,2.0,Gladstone Courts,1709,20473,1959,4,153,,Active,,,https://www.redfin.com/NC/Winston-Salem/121-Huckabee-Cir-27105/home/94897624,Triad MLS,1189224,N,Y,36.168971,-80.2509729
MLS Listing,,Single Family Residential,1725 Ivanhoe St,Winston-salem,NC,27107,110000,2,1.0,Cedardale,952,14374,1924,4,116,,Active,,,https://www.redfin.com/NC/Winston-Salem/1725-Ivanhoe-St-27107/home/94875867,Triad MLS,1187839,N,Y,36.0634693,-80.2014059
MLS Listing,,Single Family Residential,1452 Vestal Rd,Rural Hall,NC,27045,250000,3,1.5,Creekview,1127,22215,1972,4,222,,Active,,,https://www.redfin.com/NC/Rural-Hall/1452-Vestal-Rd-27045/home/94941186,Triad MLS,1189138,N,Y,36.2037489,-80.312998
MLS Listing,,Single Family Residential,4855 Fleetwood Cir,Winston-salem,NC,27106,265000,3,2.0,,1195,32670,1947,5,222,,Active,,,https://www.redfin.com/NC/Winston-Salem/4855-Fleetwood-Cir-27106/home/94931803,Triad MLS,1187996,N,Y,36.120497,-80.3550549
MLS Listing,,Townhouse,556 Oxford St,Winston-salem,NC,27103,259000,3,3.5,Hampton Commons,2126,1306,2002,5,122,159,Active,,,https://www.redfin.com/NC/Winston-Salem/556-Oxford-St-27103/home/79079524,Triad MLS,1188756,N,Y,36.052419,-80.3073606
MLS Listing,,Single Family Residential,193 Redcoat Ln,Winston-salem,NC,27107,400000,3,2.0,,1493,23958,1964,5,268,,Active,,,https://www.redfin.com/NC/Winston-Salem/193-Redcoat-Ln-27107/home/95033661,Triad MLS,1189087,N,Y,35.9894787,-80.167241
MLS Listing,,Single Family Residential,4615 Ogburn Ave,Winston-salem,NC,27105,219900,3,1.5,,1249,17859,1952,5,176,,Active,,,https://www.redfin.com/NC/Winston-Salem/4615-Ogburn-Ave-27105/home/94881924,Triad MLS,1189116,N,Y,36.1589628,-80.2360576
MLS Listing,,Single Family Residential,1584 Shady Grove Church Rd,Winston-salem,NC,27107,313000,3,2.0,,1508,40946,1987,6,208,,Active,August-1-2025 08:00 AM,August-1-2025 07:00 PM,https://www.redfin.com/NC/Winston-Salem/1584-Shady-Grove-Church-Rd-27107/home/95001223,Triad MLS,1186558,N,Y,35.9734451,-80.1571841
MLS Listing,,Single Family Residential,730 Somerset Dr,Winston-salem,NC,27103,360000,3,2.5,Ashford,2027,14374,1994,6,178,,Active,,,https://www.redfin.com/NC/Winston-Salem/730-Somerset-Dr-27103/home/94912808,Triad MLS,1189108,N,Y,36.0482152,-80.3332269
MLS Listing,,Single Family Residential,3940 Muddy Creek Dr,Winston-salem,NC,27107,375000,4,2.0,,1970,11325,2019,6,190,,Active,,,https://www.redfin.com/NC/Winston-Salem/3940-Muddy-Creek-Dr-27107/home/70490251,Triad MLS,1188531,N,Y,36.0267605,-80.2238866
MLS Listing,,Townhouse,281 Collingswood Dr,Winston-salem,NC,27127,355000,3,2.0,The Commons At Millers Creek,1743,7405,2014,6,204,170,Active,August-3-2025 02:00 PM,August-3-2025 04:00 PM,https://www.redfin.com/NC/Winston-Salem/281-Collingswood-Dr-27127/home/70520749,Triad MLS,1189114,N,Y,35.9887223,-80.2665314
MLS Listing,,Vacant Land,3852 Crusade Dr,Winston-salem,NC,27401,41000,,,Winston-Salem,,14374,,6,,,Active,,,https://www.redfin.com/NC/Winston-Salem/3852-Crusade-Dr-27101/home/94898126,Triad MLS,1189103,N,Y,36.1238456,-80.1829273
MLS Listing,,Single Family Residential,5748 Fox Chase Dr,Winston-salem,NC,27105,247000,3,2.0,Fox Glenn,1179,6098,2007,6,209,10,Active,August-3-2025 02:00 PM,August-3-2025 04:00 PM,https://www.redfin.com/NC/Winston-Salem/5748-Fox-Chase-Dr-27105/home/94844710,Triad MLS,1188737,N,Y,36.197271,-80.2855501
MLS Listing,,Single Family Residential,1120 Bethania Rural Hall Rd,Rural Hall,NC,27045,479000,3,3.0,,3349,81021,1968,7,143,,Active,,,https://www.redfin.com/NC/Rural-Hall/1120-Bethania-Rural-Hall-Rd-27045/home/94938786,Triad MLS,1188732,N,Y,36.2075947,-80.3055326
MLS Listing,,Single Family Residential,2201 Blue Stone Ln,Winston-salem,NC,27107,315000,3,2.0,Pebble Creek,1256,25264,1981,7,251,,Active,August-2-2025 01:00 PM,August-2-2025 03:00 PM,https://www.redfin.com/NC/Winston-Salem/2201-Blue-Stone-Ln-27107/home/94956046,Triad MLS,1188996,N,Y,36.0790203,-80.1258694
MLS Listing,,Townhouse,4541 Brassfield Dr,Winston-salem,NC,27105,260000,3,2.5,Northern Quarters,1934,1742,2005,7,134,138,Active,,,https://www.redfin.com/NC/Winston-Salem/4541-Brassfield-Dr-27105/home/94845042,Triad MLS,1189027,N,Y,36.1864825,-80.2690659
MLS Listing,,Vacant Land,000 Chippewa Dr,Winston-salem,NC,27106,8250,,,Tomahawk Place,,23958,,7,,,Active,,,https://www.redfin.com/NC/Winston-Salem/Chippewa-St-27106/home/94932503,Triad MLS,1189076,N,Y,36.130076,-80.380155
MLS Listing,,Single Family Residential,3471 Robindale Dr,Winston-salem,NC,27107,339900,3,2.0,Robbins Brook,1388,9147,2025,7,245,119,Active,,,https://www.redfin.com/NC/Winston-Salem/3471-Robindale-Dr-27107/home/196615896,Triad MLS,1189049,N,Y,36.0724369,-80.1592489
MLS Listing,,Townhouse,3606 Swaim Ct,Winston-salem,NC,27127,190000,2,2.0,Swaim Court Townhomes,1156,1306,1994,7,164,118,Active,,,https://www.redfin.com/NC/Winston-Salem/3606-Swaim-Ct-27127/home/94964807,Triad MLS,1189025,N,Y,36.046914,-80.287685
MLS Listing,,Single Family Residential,817 Orchestra Dr,Winston-salem,NC,27127,375000,4,2.5,Fiddlers Glenn,2577,12196,2010,7,146,22,Active,August-3-2025 02:00 PM,August-3-2025 04:00 PM,https://www.redfin.com/NC/Winston-Salem/817-Orchestra-Dr-27127/home/94850714,Triad MLS,1189024,N,Y,36.0409692,-80.2492935
MLS Listing,,Single Family Residential,2066 Craig St,Winston-salem,NC,27103,559000,4,2.5,Ardmore,2541,9147,2009,7,220,,Active,,,https://www.redfin.com/NC/Winston-Salem/2066-Craig-St-27103/home/94867575,Triad MLS,1189009,N,Y,36.086867,-80.2706731
MLS Listing,,Townhouse,2472 Hartfield Cir,Winston-salem,NC,27103,239900,2,2.5,Griffith Park,1498,1742,2014,7,160,108,Active,,,https://www.redfin.com/NC/Winston-Salem/2472-Hartfield-Cir-27103/home/52769201,Triad MLS,1188724,N,Y,36.0438681,-80.3111586
MLS Listing,,Condo/Co-op,326 Meadows Cir,Winston-salem,NC,27104,157000,2,2.0,The Meadows,1016,435,1985,7,155,227,Active,,,https://www.redfin.com/NC/Winston-Salem/326-Meadows-Cir-27104/home/94964052,Triad MLS,1188664,N,Y,36.0741974,-80.3531061
MLS Listing,,Single Family Residential,120 Wyman Ct,Winston-salem,NC,27106,318500,3,2.0,,1387,7405,1998,7,230,,Active,,,https://www.redfin.com/NC/Winston-Salem/120-Wyman-Ct-27106/home/94861123,Triad MLS,1189003,N,Y,36.1370227,-80.2982021
MLS Listing,,Townhouse,5312 Summit Heights Dr,Winston-salem,NC,27104,165000,3,1.5,Summit At Peacehaven,970,871,1985,7,170,220,Active,,,https://www.redfin.com/NC/Winston-Salem/5312-Summit-Heights-Dr-27104/home/94913767,Triad MLS,1188573,N,Y,36.0750718,-80.3564607
MLS Listing,,Single Family Residential,713 Friar Tuck Rd,Winston-salem,NC,27104,579900,3,2.0,Sherwood Forest,2850,24829,1959,7,203,,Active,,,https://www.redfin.com/NC/Winston-Salem/713-Friar-Tuck-Rd-27104/home/94906819,Triad MLS,1189011,N,Y,36.1058601,-80.3240118
MLS Listing,,Single Family Residential,3202 Ridgeback Dr,Winston-salem,NC,27107,235000,3,2.0,Ridgewood Place,1146,10018,2007,7,205,,Active,,,https://www.redfin.com/NC/Winston-Salem/3202-Ridgeback-Dr-27107/home/94845934,Triad MLS,1188775,N,Y,36.0710976,-80.1723907
MLS Listing,,Single Family Residential,4332 Mashie Dr,Pfafftown,NC,27040,365000,3,2.0,Patrick Place,2270,21780,1968,7,161,,Active,August-3-2025 02:00 PM,August-3-2025 04:00 PM,https://www.redfin.com/NC/Pfafftown/4332-Mashie-Dr-27040/home/94932788,Triad MLS,1188985,N,Y,36.1721178,-80.3564171
MLS Listing,,Single Family Residential,268 S Pine Valley Rd,Winston-salem,NC,27104,1385000,4,5.0,Buena Vista,5240,28749,1951,7,264,,Active,,,https://www.redfin.com/NC/Winston-Salem/268-S-Pine-Valley-Rd-27104/home/94872470,Triad MLS,1188802,N,Y,36.0964202,-80.2925554
MLS Listing,,Single Family Residential,140 Meadowsweet Ct,Winston-salem,NC,27107,359900,5,3.5,Robbins Brook,2860,6969,2010,7,126,50,Active,,,https://www.redfin.com/NC/Winston-Salem/140-Meadowsweet-Ct-27107/home/94847342,Triad MLS,1188967,N,Y,36.0800873,-80.1546606
MLS Listing,,Single Family Residential,5304 Northridge Dr,Winston-salem,NC,27105,265000,3,2.5,North Oaks Village,1584,8276,2017,7,167,,Active,August-2-2025 01:00 AM,August-2-2025 03:00 PM,https://www.redfin.com/NC/Winston-Salem/5304-Northridge-Dr-27105/home/140529704,Triad MLS,1188713,N,Y,36.1660001,-80.2544702
MLS Listing,,Condo/Co-op,1757 S Hawthorne Rd,Winston-salem,NC,27103,140000,1,1.0,Hawthorne Court Condominiums,618,435,1966,7,227,250,Active,,,https://www.redfin.com/NC/Winston-Salem/1757-S-Hawthorne-Rd-27103/home/94963442,Triad MLS,1188657,N,Y,36.0777252,-80.292721
MLS Listing,,Single Family Residential,2925 Robinhood Rd,Winston-salem,NC,27106,995000,4,3.5,Buena Vista,4489,23958,2007,8,222,,Active,,,https://www.redfin.com/NC/Winston-Salem/2925-Robinhood-Rd-27106/home/77451485,Triad MLS,1188055,N,Y,36.1122995,-80.2993935
MLS Listing,,Single Family Residential,3407 Scarsborough Dr,Winston-salem,NC,27104,514900,5,3.0,Sherwood Forest - Forestdale,3022,14374,1979,8,170,,Active,August-2-2025 02:00 PM,August-2-2025 04:00 PM,https://www.redfin.com/NC/Winston-Salem/3407-Scarsborough-Dr-27104/home/94901898,Triad MLS,1188481,N,Y,36.1147433,-80.3155691
MLS Listing,,Condo/Co-op,623 Ivy Glen Dr,Winston-salem,NC,27127,180000,2,2.0,Ivy Glen Condominiums,1180,,2001,8,153,200,Active,,,https://www.redfin.com/NC/Winston-Salem/623-Ivy-Glen-Dr-27127/home/94972979,Triad MLS,1188846,N,Y,36.051056,-80.286471
MLS Listing,,Single Family Residential,5715 Fox Chase Dr,Winston-salem,NC,27105,269900,3,2.0,Fox Glenn,1257,6098,2006,8,215,10,Active,,,https://www.redfin.com/NC/Winston-Salem/5715-Fox-Chase-Dr-27105/home/94842787,Triad MLS,1188783,N,Y,36.1966021,-80.2849915
MLS Listing,,Single Family Residential,4403 Mill Creek Rd,Winston-salem,NC,27106,340000,3,2.0,Town And Country Estates,1583,13503,1998,8,215,,Active,,,https://www.redfin.com/NC/Winston-Salem/4403-Mill-Creek-Rd-27106/home/94856681,Triad MLS,1188941,N,Y,36.1427739,-80.3217676
MLS Listing,,Condo/Co-op,836 Oak St,Winston-salem,NC,27101,325000,2,2.0,836 Oak Street Condominium,1048,,1920,8,310,325,Active,,,https://www.redfin.com/NC/Winston-Salem/836-Oak-St-NW-27101/home/148138874,Triad MLS,1188925,N,Y,36.1056022,-80.2484893
MLS Listing,,Condo/Co-op,401 E 4th St #206,Winston-salem,NC,27101,499900,2,2.0,Piedmont Leaf Lofts,1729,871,2006,8,289,463,Active,,,https://www.redfin.com/NC/Winston-Salem/401-E-4th-St-27101/unit-206/home/94847811,Triad MLS,1188748,N,Y,36.0981676,-80.2481561
MLS Listing,,Townhouse,5830 Landon Dr,Pfafftown,NC,27040,269500,2,2.0,Long Creek Village Townhomes,1103,1306,2005,8,244,,Active,,,https://www.redfin.com/NC/Pfafftown/5830-Landon-Dr-27040/home/77449939,Triad MLS,1188553,N,Y,36.2021045,-80.3272375
MLS Listing,,Single Family Residential,4817 Mount Hope Dr,Winston-salem,NC,27107,338640,4,2.5,Mount Hope Estates,2162,7840,2025,8,157,60,Active,,,https://www.redfin.com/NC/Winston-Salem/4817-Mount-Hope-Dr-27107/home/196577028,Triad MLS,1188904,N,Y,36.0011656,-80.2261656
MLS Listing,,Condo/Co-op,222 Timberline Ridge Ct,Winston-salem,NC,27106,167000,2,2.0,Deacon Ridge Condos,1163,1306,2001,8,144,278,Active,,,https://www.redfin.com/NC/Winston-Salem/222-Timberline-Ridge-Ct-27106/home/94970000,Triad MLS,1188844,N,Y,36.1489074,-80.2823557
MLS Listing,,Single Family Residential,113 Briar Ridge Cir,Winston-salem,NC,27104,380000,3,3.0,Breckinridge,2255,10890,1989,8,169,235,Active,August-2-2025 02:00 PM,August-2-2025 04:00 PM,https://www.redfin.com/NC/Winston-Salem/113-Briar-Ridge-Cir-27104/home/94913099,Triad MLS,1188803,N,Y,36.0800603,-80.3586629
MLS Listing,,Townhouse,111 Chrisfield Cir,Winston-salem,NC,27104,220000,2,2.5,Chrisfield,1464,871,1987,8,150,253,Active,,,https://www.redfin.com/NC/Winston-Salem/111-Chrisfield-Cir-27104/home/94963578,Triad MLS,1188449,N,Y,36.082712,-80.348982
MLS Listing,,Townhouse,4079 Aster Point Ct #15,Pfafftown,NC,27040,275000,3,2.5,Villas At Grandview,1762,1306,2025,8,156,200,Active,,,https://www.redfin.com/NC/Pfafftown/4079-Aster-Point-Ct-27040/unit-15/home/196572052,Triad MLS,1188867,N,Y,36.1540455,-80.3553341
MLS Listing,,Single Family Residential,3719 Contimental Sq #370,Kernersville,NC,27284,366523,4,2.5,Vernon Farms,2014,,2025,8,182,45,Active,,,https://www.redfin.com/NC/Kernersville/3719-Contimental-Sq-27284/unit-370/home/196571146,Triad MLS,1188326,N,Y,36.0932503,-80.156912
MLS Listing,,Single Family Residential,170 Hamilton Ave,Winston-salem,NC,27107,285000,3,2.0,Wilson Heights,1594,16988,1967,8,179,,Active,,,https://www.redfin.com/NC/Winston-Salem/170-Hamilton-Ave-27107/home/95000449,Triad MLS,1188842,N,Y,36.019157,-80.2120981
MLS Listing,,Condo/Co-op,147 Cedar Lake Trl,Winston-salem,NC,27104,174000,2,2.5,Cedar Lake Condominiums,1737,435,1979,8,100,225,Active,August-2-2025 02:00 PM,August-2-2025 04:00 PM,https://www.redfin.com/NC/Winston-Salem/147-Cedar-Lake-Trl-27104/home/94913972,Triad MLS,1188709,N,Y,36.0877995,-80.3543868
MLS Listing,,Single Family Residential,4488 Redfern Pl,Winston-salem,NC,27107,439000,5,3.0,Glenmore Creek,2875,13939,2012,8,153,33,Active,,,https://www.redfin.com/NC/Winston-Salem/4488-Redfern-Pl-27107/home/94848830,Triad MLS,1188704,N,Y,36.0404864,-80.1686516
MLS Listing,,Condo/Co-op,420 Vista Cir,Winston-salem,NC,27106,1270000,,,Vista Court Condos,9792,435,1986,8,130,2215,Active,,,https://www.redfin.com/NC/Winston-Salem/420-Vista-Cir-27106/home/94903306,Triad MLS,1188706,N,Y,36.1708893,-80.3074537
MLS Listing,,Townhouse,3130 Manchester Ave,Winston-salem,NC,27103,181990,2,1.5,Hampton Commons,1000,871,2003,8,182,159,Active,,,https://www.redfin.com/NC/Winston-Salem/3130-Manchester-Ave-27103/home/94839677,Triad MLS,1188829,N,Y,36.0512214,-80.3058264
MLS Listing,,Single Family Residential,4152 Meredith Woods Ln,Winston-salem,NC,27107,269500,3,2.5,Meredith Woods,2042,13068,2002,9,132,16,Active,,,https://www.redfin.com/NC/Winston-Salem/4152-Meredith-Woods-Ln-27107/home/94967786,Triad MLS,1188436,N,Y,36.0250123,-80.2212289
MLS Listing,,Single Family Residential,1125 Stella Ct,Rural Hall,NC,27045,309900,4,2.5,Chandler Pointe,2060,9147,2020,9,150,48,Active,,,https://www.redfin.com/NC/Rural-Hall/1125-Stella-Ct-27045/home/170957014,Triad MLS,1188441,N,Y,36.2098261,-80.3072455
MLS Listing,,Single Family Residential,2647 Reid St,Winston-salem,NC,27107,269900,3,2.5,,1398,10018,2025,9,193,,Active,,,https://www.redfin.com/NC/Winston-Salem/2647-Reid-St-27107/home/195854990,Triad MLS,1188790,N,Y,36.0767374,-80.1880213
MLS Listing,,Single Family Residential,2643 Reid St,Winston-salem,NC,27107,268900,3,2.5,,1398,10018,2025,9,192,,Active,,,https://www.redfin.com/NC/Winston-Salem/2643-Reid-St-27107/home/77451840,Triad MLS,1188772,N,Y,36.0768358,-80.1882682
MLS Listing,,Single Family Residential,1509 NE 22nd St,Winston-salem,NC,27105,229000,3,2.0,Fairview Heights,1425,7405,2025,9,161,,Active,,,https://www.redfin.com/NC/Winston-Salem/1509-NE-22nd-St-27105/home/94862982,Triad MLS,1188624,N,Y,36.1192602,-80.2266631
MLS Listing,,Single Family Residential,1920 Robinhood Rd,Winston-salem,NC,27104,699900,3,4.0,Buena Vista,2207,13068,1950,9,317,,Active,,,https://www.redfin.com/NC/Winston-Salem/1920-Robinhood-Rd-27104/home/94870301,Triad MLS,1188688,N,Y,36.1098688,-80.2742167
MLS Listing,,Townhouse,1653 Windsong Ct,Winston-salem,NC,27127,159900,2,2.0,Southbend Townhomes,942,1742,1983,9,170,200,Active,,,https://www.redfin.com/NC/Winston-Salem/1653-Windsong-Ct-27127/home/94918752,Triad MLS,1188734,N,Y,36.0536084,-80.2657521
MLS Listing,,Single Family Residential,3140 S Stratford Rd,Winston-salem,NC,27103,241000,3,2.0,Old Sides Mill Place,1198,20908,1950,9,201,,Active,,,https://www.redfin.com/NC/Winston-Salem/3140-S-Stratford-Rd-27103/home/94921741,Triad MLS,1188570,N,Y,36.0253095,-80.3581124
MLS Listing,,Vacant Land,310 Hastings Hill Rd,Winston-salem,NC,27284,40000,,,Not in a Subdivision,,287496,,9,,,Active,,,https://www.redfin.com/NC/Kernersville/310-Hastings-Hill-Rd-27284/home/94854453,TMLS,10111018,N,Y,36.1126483,-80.1423677
MLS Listing,,Vacant Land,0 Morris Rd Rd,Winston-salem,NC,27101,30000,,,Not in a Subdivision,,232610,,9,,,Active,,,https://www.redfin.com/NC/Winston-Salem/Morris-Rd-27101/home/94951008,TMLS,10111017,N,Y,36.138971,-80.13828
MLS Listing,,Single Family Residential,2554 Greenwich Rd,Winston-salem,NC,27104,499900,3,3.0,West Highlands,2644,16988,1961,10,189,,Active,,,https://www.redfin.com/NC/Winston-Salem/2554-Greenwich-Rd-27104/home/94887419,Triad MLS,1188112,N,Y,36.0930983,-80.2859419
MLS Listing,,Condo/Co-op,2920 Ramsgate Ct #46,Winston Salem,NC,27106,107000,2,1.5,Ramsgate,1163,435,1970,10,92,422,Active,,,https://www.redfin.com/NC/Winston-Salem/2920-Ramsgate-Ct-27106/unit-46/home/196541757,CANOPYMLS as Distributed by MLS Grid,4284391,N,Y,36.1271321,-80.2623886
MLS Listing,,Mobile/Manufactured Home,300 Franklin Dr,Winston-salem,NC,27107,250000,3,2.0,,1050,45302,1984,10,238,,Active,,,https://www.redfin.com/NC/Winston-Salem/300-Franklin-Dr-27107/home/163125612,Triad MLS,1188691,N,Y,36.0029468,-80.1272626
MLS Listing,,Single Family Residential,4991 Fleetwood Cir,Winston-salem,NC,27106,307500,2,1.0,,1600,54885,1950,10,192,,Active,,,https://www.redfin.com/NC/Winston-Salem/4991-Fleetwood-Cir-27106/home/143464970,Triad MLS,1188587,N,Y,36.1236149,-80.3569473
MLS Listing,,Single Family Residential,5119 Old Rural Hall Rd,Winston-salem,NC,27105,245000,3,1.5,,1505,22651,1946,10,163,,Active,,,https://www.redfin.com/NC/Winston-Salem/5119-Old-Rural-Hall-Rd-27105/home/94883941,Triad MLS,1188604,N,Y,36.1629744,-80.2310685
MLS Listing,,Single Family Residential,3125 Carver School Rd,Winston-salem,NC,27105,279500,3,2.0,,1209,24829,2025,10,231,,Active,,,https://www.redfin.com/NC/Winston-Salem/3125-Carver-School-Rd-27105/home/94900436,Triad MLS,1188561,N,Y,36.125137,-80.205862
MLS Listing,,Single Family Residential,1004 Albert St,Winston-salem,NC,27101,419900,3,2.0,West Salem,1271,8276,1905,10,330,,Active,August-3-2025 02:00 PM,August-3-2025 04:00 PM,https://www.redfin.com/NC/Winston-Salem/1004-Albert-St-27101/home/94864175,Triad MLS,1188577,N,Y,36.0892399,-80.2534755
MLS Listing,,Single Family Residential,2225 Fosterdale West Ln,Kernersville,NC,27284,276000,3,2.0,Oak Meadows,1199,10890,1995,10,230,,Active,,,https://www.redfin.com/NC/Kernersville/2225-Fosterdale-West-Ln-27284/home/94957492,Triad MLS,1188584,N,Y,36.0787187,-80.1275166
MLS Listing,,Single Family Residential,524 Holly Ridge Dr #1002,Winston-salem,NC,27105,329500,2,2.0,,1295,20037,2025,10,254,,Active,,,https://www.redfin.com/NC/Winston-Salem/524-Holly-Ridge-Dr-27105/unit-1002/home/196531296,Triad MLS,1188575,N,Y,36.1974196,-80.2606511
MLS Listing,,Single Family Residential,4774 Baux Mountain Rd,Winston-salem,NC,27105,290000,3,2.0,Idlewild,1147,53578,1952,11,253,,Active,,,https://www.redfin.com/NC/Winston-Salem/4774-Baux-Mountain-Rd-27105/home/94896395,Triad MLS,1188446,N,Y,36.1709599,-80.222803
MLS Listing,,Condo/Co-op,533 Mill Pond Dr,Winston-salem,NC,27106,186000,2,2.0,Mill Pond At Brooks Landing,1111,1306,1999,11,167,215,Active,,,https://www.redfin.com/NC/Winston-Salem/533-Mill-Pond-Dr-27106/home/94858775,Triad MLS,1188494,N,Y,36.118415,-80.356496
MLS Listing,,Single Family Residential,185 Frontier Dr,Kernersville,NC,27284,255000,3,2.0,Woodbridge,1563,24393,1973,11,163,,Active,,,https://www.redfin.com/NC/Kernersville/185-Frontier-Dr-27284/home/94954998,Triad MLS,1188405,N,Y,36.1105065,-80.1476475
MLS Listing,,Single Family Residential,1514 Motsinger Rd,Winston-salem,NC,27107,589000,4,3.0,Park Place,3501,24393,2022,11,168,485,Active,,,https://www.redfin.com/NC/Winston-Salem/1514-Motsinger-Rd-27107/home/180890169,Triad MLS,1188435,N,Y,35.9916757,-80.1521868
MLS Listing,,Single Family Residential,4501 Thomasville Rd,Winston-salem,NC,27107,269900,3,2.0,Meriweather Estates,2210,20037,1977,11,122,,Active,,,https://www.redfin.com/NC/Winston-Salem/4501-Thomasville-Rd-27107/home/94892996,Triad MLS,1188478,N,Y,36.0277673,-80.1626188
MLS Listing,,Single Family Residential,2680 Chatfield Dr,Winston-salem,NC,27103,300000,4,2.5,Chatfield,2349,11761,2005,11,128,,Active,,,https://www.redfin.com/NC/Winston-Salem/2680-Chatfield-Dr-27103/home/94841204,Triad MLS,1188439,N,Y,36.0363132,-80.3456988
MLS Listing,,Single Family Residential,2725 Spicewood Dr,Winston-salem,NC,27106,319500,3,2.5,,2035,38768,1969,11,157,,Active,August-3-2025 02:00 PM,August-3-2025 04:00 PM,https://www.redfin.com/NC/Winston-Salem/2725-Spicewood-Dr-27106/home/94932220,Triad MLS,1188345,N,Y,36.1450152,-80.3570055
MLS Listing,,Condo/Co-op,1018 Cedar Place Ct,Winston-salem,NC,27107,123000,2,1.5,South Wind Villas,1024,871,1990,12,120,200,Active,,,https://www.redfin.com/NC/Winston-Salem/1018-Cedar-Place-Ct-27107/home/196028034,Triad MLS,1183717,N,Y,36.0406826,-80.2049311
MLS Listing,,Townhouse,2006 Bluff View Dr,Winston-salem,NC,27127,232000,3,2.5,The Bluffs At Ivy Glen,1544,1306,2004,13,150,175,Active,,,https://www.redfin.com/NC/Winston-Salem/2006-Bluffview-Dr-27127/home/70520844,Triad MLS,1188397,N,Y,36.0512497,-80.2840541
MLS Listing,,Single Family Residential,4460 Lane St,Winston-salem,NC,27105,207000,3,2.0,,1288,,1940,13,161,,Active,,,https://www.redfin.com/NC/Winston-Salem/4460-Lane-St-27105/home/94882347,Triad MLS,1188332,N,Y,36.152473,-80.2214592
MLS Listing,,Single Family Residential,4334 Reidsville Rd,Winston-salem,NC,27101,314900,2,2.0,,1939,28200,1953,13,162,,Active,,,https://www.redfin.com/NC/Winston-Salem/4334-Reidsville-Rd-27101/home/94885764,Triad MLS,1188375,N,Y,36.1275643,-80.1744344
MLS Listing,,Single Family Residential,5244 Old Plantation Cir,Winston Salem,NC,27104,489900,4,3.0,Plantation,3009,10149,1999,14,163,106,Active,,,https://www.redfin.com/NC/Winston-Salem/5244-Old-Plantation-Cir-27104/home/94860536,CANOPYMLS as Distributed by MLS Grid,4283208,N,Y,36.0769642,-80.3618848
MLS Listing,,Condo/Co-op,810 W 4th St #304,Winston-salem,NC,27101,265000,1,1.0,West End,720,,2006,14,368,286,Active,,,https://www.redfin.com/NC/Winston-Salem/810-W-4th-St-27101/unit-304/home/77456290,Triad MLS,1188336,N,Y,36.0972444,-80.2539484
MLS Listing,,Single Family Residential,2725 Woodlore Trl,Winston-salem,NC,27103,249000,3,2.0,Woodland Hills,2184,4356,1983,14,114,,Active,,,https://www.redfin.com/NC/Winston-Salem/2725-Woodlore-Trl-27103/home/94914901,Triad MLS,1188329,N,Y,36.0532026,-80.292391
MLS Listing,,Single Family Residential,4656 Walcott St,Winston-salem,NC,27106,169900,3,1.5,,1234,20908,1958,14,138,,Active,,,https://www.redfin.com/NC/Winston-Salem/4656-Walcott-St-27106/home/94880396,Triad MLS,1188301,N,Y,36.1545932,-80.2697435
MLS Listing,,Single Family Residential,2305 Teapot Ct,Winston-salem,NC,27106,390000,3,2.5,Moravian Forest,2878,35719,1989,14,136,,Active,,,https://www.redfin.com/NC/Winston-Salem/2305-Teapot-Ct-27106/home/94905316,Triad MLS,1188074,N,Y,36.176683,-80.3149345
MLS Listing,,Single Family Residential,3713 Contimental Sq #369,Kernersville,NC,27284,370121,3,2.5,Vernon Farms,2151,,2025,14,172,45,Active,,,https://www.redfin.com/NC/Kernersville/3713-Contimental-Sq-27284/unit-369/home/196490203,Triad MLS,1187912,N,Y,36.0932503,-80.156912
MLS Listing,,Single Family Residential,3908 Leo St,Winston-salem,NC,27105,224900,3,1.0,Tallywood,1324,16117,1945,14,170,,Active,,,https://www.redfin.com/NC/Winston-Salem/3908-Leo-St-27105/home/94873402,Triad MLS,1188292,N,Y,36.1414249,-80.2407585
MLS Listing,,Single Family Residential,3725 Contimental Sq #371,Kernersville,NC,27284,377457,4,2.5,Vernon Farms,2151,,2025,14,175,45,Active,,,https://www.redfin.com/NC/Kernersville/3725-Contimental-Sq-27284/unit-371/home/196490024,Triad MLS,1187785,N,Y,36.0932503,-80.156912
MLS Listing,,Single Family Residential,3707 Contimental Sq #368,Kernersville,NC,27284,361455,4,2.5,Vernon Farms,1911,,2025,14,189,45,Active,,,https://www.redfin.com/NC/Kernersville/3707-Contimental-Sq-27284/unit-368/home/196489982,Triad MLS,1187749,N,Y,36.0932503,-80.156912
MLS Listing,,Single Family Residential,800 Brent St,Winston-salem,NC,27103,454900,5,2.0,Ardmore,2086,9583,1942,14,218,,Active,August-3-2025 02:00 PM,August-3-2025 04:00 PM,https://www.redfin.com/NC/Winston-Salem/800-Brent-St-27103/home/94866984,Triad MLS,1187928,N,Y,36.0819127,-80.2639467
MLS Listing,,Single Family Residential,500 Hedgewood Pl,Winston-salem,NC,27104,549900,5,3.5,Sherwood Forest,3056,22215,1972,14,180,,Active,,,https://www.redfin.com/NC/Winston-Salem/500-Hedgewood-Pl-27104/home/79076447,Triad MLS,1188180,N,Y,36.0950339,-80.3353992
MLS Listing,,Single Family Residential,2948 Lashmit Dr,Winston-salem,NC,27103,390000,5,4.0,,2272,21344,2022,14,172,,Active,August-2-2025 12:00 PM,August-2-2025 02:00 PM,https://www.redfin.com/NC/Winston-Salem/2948-Lashmit-Dr-27103/home/94915908,Triad MLS,1187897,N,Y,36.0602837,-80.3149345
MLS Listing,,Single Family Residential,5009 Hogan Point Ct,Winston-salem,NC,27127,252000,3,2.5,Hampton Hall,1490,6534,2013,14,169,13,Active,,,https://www.redfin.com/NC/Winston-Salem/5009-Hogan-Point-Ct-27127/home/94852592,Triad MLS,1187355,N,Y,36.0103614,-80.2845027
MLS Listing,,Townhouse,2504 Tantelon Pl,Winston-salem,NC,27127,207500,3,2.5,Heather Hills,1520,,1978,15,137,169,Active,August-3-2025 02:00 PM,August-3-2025 04:00 PM,https://www.redfin.com/NC/Winston-Salem/2504-Tantelon-Pl-27127/home/94909413,Triad MLS,1187386,N,Y,36.0477632,-80.2918392
MLS Listing,,Single Family Residential,155 Shady Ln,Winston-salem,NC,27107,307000,3,1.5,Evergreen Acres,1754,20037,1963,15,175,,Active,,,https://www.redfin.com/NC/Winston-Salem/155-Shady-Ln-27107/home/70503966,Triad MLS,1187805,N,Y,35.9684671,-80.2101637
MLS Listing,,Mobile/Manufactured Home,2660 Shiloh Dr,Winston-salem,NC,27106,130000,3,2.0,,1684,400316,1988,15,77,,Active,,,https://www.redfin.com/NC/Winston-Salem/2660-Shiloh-Dr-27106/home/94905111,Triad MLS,1187615,N,Y,36.177751,-80.3183932
MLS Listing,,Single Family Residential,3031 Bon Air Ave,Winston-salem,NC,27105,144500,3,1.5,,960,10018,1949,15,151,,Active,,,https://www.redfin.com/NC/Winston-Salem/3031-NE-Bon-Air-Ave-27105/home/94870685,Triad MLS,1187223,N,Y,36.1306209,-80.2430348
MLS Listing,,Condo/Co-op,4732 Tatton Park Cir Unit 2B,Winston-salem,NC,27103,170500,2,2.0,Tatton Park,1075,,2005,15,159,276,Active,August-2-2025 01:00 PM,August-2-2025 03:00 PM,https://www.redfin.com/NC/Winston-Salem/4732-Tatton-Park-Cir-27103/unit-2B/home/94843151,Triad MLS,1188110,N,Y,36.06821,-80.344526
MLS Listing,,Single Family Residential,1637 Wisteria Dr,Winston-salem,NC,27106,765000,4,3.0,The Arbors At Brookberry,2818,10890,2018,15,271,280,Active,,,https://www.redfin.com/NC/Winston-Salem/1637-Wisteria-Dr-27106/home/171061278,Triad MLS,1188047,N,Y,36.1186611,-80.365757
MLS Listing,,Single Family Residential,1023 Montgomery St,Winston-salem,NC,27101,310000,3,1.0,West Salem,1219,10018,1923,15,254,,Active,,,https://www.redfin.com/NC/Winston-Salem/1023-Montgomery-St-27101/home/94864425,Triad MLS,1188250,N,Y,36.0832039,-80.2525961
MLS Listing,,Single Family Residential,2035 Ardmore Village Ln,Winston-salem,NC,27127,267500,3,2.0,Ardmore Village,1469,9147,1996,15,182,,Active,,,https://www.redfin.com/NC/Winston-Salem/2035-Ardmore-Village-Ln-27127/home/94966879,Triad MLS,1187923,N,Y,36.0452394,-80.2714114
MLS Listing,,Single Family Residential,4148 Salem Springs Ct,Winston-salem,NC,27107,289000,3,2.5,Salem Springs,1839,7405,2007,15,157,19,Active,,,https://www.redfin.com/NC/Winston-Salem/4148-Salem-Springs-Ct-27107/home/94970489,Triad MLS,1187921,N,Y,36.0282089,-80.2180918
MLS Listing,,Single Family Residential,287 Dove Dr,Winston-salem,NC,27107,350000,3,3.5,Palace Acres,2380,,1977,15,147,,Active,,,https://www.redfin.com/NC/Winston-Salem/287-Dove-Dr-27107/home/95000764,Triad MLS,1187957,N,Y,35.9885645,-80.2324522
MLS Listing,,Single Family Residential,1045 Wendover Cir,Winston-salem,NC,27104,429900,4,2.0,Reynolda Homes,2668,11761,1953,15,161,,Active,,,https://www.redfin.com/NC/Winston-Salem/1045-Wendover-Cir-27104/home/94886331,Triad MLS,1188133,N,Y,36.1131578,-80.2696662
MLS Listing,,Vacant Land,0 Ralph Craver Rd,Lexington,NC,27295,500000,,,Lexington,,879912,,15,,,Active,,,https://www.redfin.com/NC/Lexington/Ralph-Craver-Rd-27295/home/95034802,Triad MLS,1187363,N,Y,35.961445,-80.201161
MLS Listing,,Single Family Residential,2856 Wesleyan Ln,Winston-salem,NC,27106,515000,3,2.0,Cummings Court,2202,17859,1958,15,234,,Active,August-3-2025 02:00 PM,August-3-2025 04:00 PM,https://www.redfin.com/NC/Winston-Salem/2856-Wesleyan-Ln-27106/home/94887773,Triad MLS,1188198,N,Y,36.1225673,-80.2923217
MLS Listing,,Single Family Residential,5506 Winona St,Winston-salem,NC,27106,269900,2,2.0,,1721,63597,1951,15,157,,Active,,,https://www.redfin.com/NC/Winston-Salem/5506-Winona-St-27106/home/94903179,Triad MLS,1188164,N,Y,36.1613243,-80.3212541
MLS Listing,,Single Family Residential,3025 Kaymoore Dr,Winston-salem,NC,27127,318000,4,2.5,Kaymoore,1952,9147,2003,15,163,25,Active,August-7-2025 04:00 PM,August-7-2025 06:00 PM,https://www.redfin.com/NC/Winston-Salem/3025-Kaymoore-Dr-27127/home/94857291,Triad MLS,1188155,N,Y,36.015415,-80.2764527
MLS Listing,,Single Family Residential,2804 Monarch Way,Winston-salem,NC,27106,497855,3,3.0,Crescent Hill,2211,6969,2025,15,225,39,Active,,,https://www.redfin.com/NC/Winston-Salem/2804-Monarch-Way-27106/home/196476886,Triad MLS,1188053,N,Y,36.1360345,-80.367599
MLS Listing,,Single Family Residential,5491 Shattalon Dr,Winston-salem,NC,27106,269500,3,2.0,Old Town Heights,1367,31798,1951,15,197,,Active,,,https://www.redfin.com/NC/Winston-Salem/5491-Shattalon-Dr-27106/home/94902742,Triad MLS,1188167,N,Y,36.1708577,-80.2947599
MLS Listing,,Single Family Residential,0 Grey Fox Ln,Winston-salem,NC,27106,799900,4,3.5,Crescent Hill,3226,214794,2025,15,248,39,Active,,,https://www.redfin.com/NC/Winston-Salem/Grey-Fox-Ln-27106/home/196469559,Triad MLS,1188041,N,Y,36.13667,-80.368602
MLS Listing,,Single Family Residential,2777 Calumet St,Winston-salem,NC,27104,360000,2,2.0,Buena Vista,1045,8712,1953,15,344,,Active,,,https://www.redfin.com/NC/Winston-Salem/2777-Calumet-St-27106/home/94872822,Triad MLS,1187833,N,Y,36.1137711,-80.2926199
MLS Listing,,Single Family Residential,353 St James Dr,Winston-salem,NC,27107,575000,3,2.0,St. James Place,2550,10454,2016,15,225,164,Active,,,https://www.redfin.com/NC/Winston-Salem/353-St-James-Dr-27107/home/94989429,Triad MLS,1188137,N,Y,36.0103646,-80.1601298
MLS Listing,,Single Family Residential,4121 Allistair Rd,Winston-salem,NC,27104,540000,4,3.0,Sherwood Forest,3332,14810,1978,15,162,,Active,,,https://www.redfin.com/NC/Winston-Salem/4121-Allistair-Rd-27104/home/94961907,Triad MLS,1187988,N,Y,36.1061232,-80.330068
MLS Listing,,Single Family Residential,1209 Irving St,Winston-salem,NC,27103,465000,4,2.0,Ardmore,1808,12632,1952,15,257,,Active,,,https://www.redfin.com/NC/Winston-Salem/1209-Irving-St-27103/home/94883395,Triad MLS,1187732,N,Y,36.0755533,-80.2718217
MLS Listing,,Single Family Residential,238 Kendall Dr,Winston-salem,NC,27107,295000,3,2.5,Kendall Farms,1773,6098,2019,15,166,19,Active,,,https://www.redfin.com/NC/Winston-Salem/238-Kendall-Dr-27107/home/94851508,Triad MLS,1188039,N,Y,36.021684,-80.2289608
MLS Listing,,Single Family Residential,2756 Trent St,Winston-salem,NC,27127,219900,2,1.5,Bahnson Place,1392,25264,1935,15,158,,Active,,,https://www.redfin.com/NC/Winston-Salem/2756-Trent-St-27127/home/94866468,Triad MLS,1187687,N,Y,36.0625064,-80.2480824
MLS Listing,,Single Family Residential,2375 Jefferson Ave,Winston-salem,NC,27103,275000,2,1.0,Ardmore,909,7405,1949,16,303,,Active,,,https://www.redfin.com/NC/Winston-Salem/2375-Jefferson-Ave-27103/home/94868409,Triad MLS,1187736,N,Y,36.076678,-80.2803771
MLS Listing,,Single Family Residential,240 Midpines Dr,Winston-salem,NC,27127,350000,3,2.0,Midpines Estates,1652,29185,1971,16,212,,Active,,,https://www.redfin.com/NC/Winston-Salem/240-Midpines-Dr-27127/home/95034539,Triad MLS,1187576,N,Y,35.972398,-80.2453034
MLS Listing,,Single Family Residential,2583 Dogwood Falls St,Winston-salem,NC,27103,325000,3,3.0,Chateau Ridge,1811,871,1980,16,179,165,Active,August-2-2025 12:00 PM,August-2-2025 02:00 PM,https://www.redfin.com/NC/Winston-Salem/2583-Dogwood-Falls-St-27103/home/94916418,Triad MLS,1187741,N,Y,36.0594149,-80.2809782
MLS Listing,,Single Family Residential,3312 Anderson Dr,Winston-salem,NC,27127,595000,5,4.5,Konnaoak Hills,3198,17859,1954,16,186,,Active,August-10-2025 02:30 PM,August-10-2025 04:30 PM,https://www.redfin.com/NC/Winston-Salem/3312-Anderson-Dr-27127/home/94878701,Triad MLS,1186350,N,Y,36.0510872,-80.2409195
MLS Listing,,Single Family Residential,1065 Gales Ave,Winston-salem,NC,27103,384900,3,2.0,Ardmore,1939,10454,1991,16,199,,Active,August-3-2025 02:00 PM,August-3-2025 04:00 PM,https://www.redfin.com/NC/Winston-Salem/1065-Gales-Ave-27103/home/94964874,Triad MLS,1186796,N,Y,36.0760908,-80.2638724
MLS Listing,,Single Family Residential,348 E Sprague St,Winston-salem,NC,27127,265000,3,2.0,Washington Park,1119,7405,1907,16,237,,Active,,,https://www.redfin.com/NC/Winston-Salem/348-E-Sprague-St-27127/home/94864546,Triad MLS,1188080,N,Y,36.0693418,-80.2323018
MLS Listing,,Single Family Residential,3256 Robinhood Rd,Winston-salem,NC,27106,630000,4,3.0,Robinhood Trails,3397,23522,1965,16,185,,Active,,,https://www.redfin.com/NC/Winston-Salem/3256-Robinhood-Rd-27106/home/94888106,Triad MLS,1187889,N,Y,36.11333,-80.3081591
MLS Listing,,Single Family Residential,205 Cabot Dr,Winston-salem,NC,27103,424900,4,3.5,Cameron Village,2286,9583,2005,16,186,,Active,,,https://www.redfin.com/NC/Winston-Salem/205-Cabot-Dr-27103/home/77288633,Triad MLS,1188035,N,Y,36.0473463,-80.3761539
MLS Listing,,Single Family Residential,1433 W 4th St,Winston-salem,NC,27101,319950,4,2.0,W.B And J.P. Taylor,1914,10454,1922,16,167,,Active,,,https://www.redfin.com/NC/Winston-Salem/1433-W-4th-St-27101/home/94864132,Triad MLS,1187491,N,Y,36.0878188,-80.258485
MLS Listing,,Vacant Land,00 Weavil Rd,Winston-salem,NC,27107,225000,,,Winston-Salem,,401187,,16,,,Active,,,https://www.redfin.com/NC/Winston-Salem/Weavil-Rd-27107/home/94972340,Triad MLS,1187136,N,Y,35.947875,-80.183266
MLS Listing,,Single Family Residential,1056 Gales Ave,Winston-salem,NC,27103,358000,3,2.0,Ardmore,1755,9583,1991,16,204,,Active,,,https://www.redfin.com/NC/Winston-Salem/1056-Gales-Ave-27103/home/80158168,Triad MLS,1187954,N,Y,36.0762385,-80.2644881
MLS Listing,,Townhouse,4059 Aster Point Ct #11,Pfafftown,NC,27040,275500,3,2.5,Villas At Grandview,1762,1306,2024,16,156,200,Active,,,https://www.redfin.com/NC/Pfafftown/4059-Aster-Point-Ct-27040/unit-11/home/196237545,Triad MLS,1186274,N,Y,36.1540292,-80.3556994
MLS Listing,,Single Family Residential,1012 Glousman Rd,Winston-salem,NC,27104,749900,4,5.0,Sherwood Forest,4580,16117,1985,17,164,,Active,,,https://www.redfin.com/NC/Winston-Salem/1012-Glousman-Rd-27104/home/94963084,Triad MLS,1187820,N,Y,36.1072946,-80.3351455
MLS Listing,,Single Family Residential,4926 Grove Ave,Winston-salem,NC,27105,254900,3,2.0,,1327,9147,2025,17,192,,Active,August-1-2025 04:00 PM,August-1-2025 06:00 PM,https://www.redfin.com/NC/Winston-Salem/4926-Grove-Ave-27105/home/173881471,Triad MLS,1187972,N,Y,36.159002,-80.230125
MLS Listing,,Single Family Residential,1042 Madison Ave,Winston-salem,NC,27103,265000,3,1.0,Ardmore,1100,10018,1952,17,241,,Active,August-3-2025 02:00 PM,August-3-2025 04:00 PM,https://www.redfin.com/NC/Winston-Salem/1042-Madison-Ave-27103/home/94875649,Triad MLS,1187915,N,Y,36.0761735,-80.2679013
MLS Listing,,Vacant Land,000 Hickory Tree Rd,Winston-salem,NC,27127,752712,,,Winston-Salem,,94089,,17,,,Active,,,https://www.redfin.com/NC/Winston-Salem/Hickory-Tree-Rd-27127/home/94974075,Triad MLS,1187848,N,Y,35.990076,-80.25212
MLS Listing,,Single Family Residential,4632 Pinehill Dr,Pfafftown,NC,27040,449900,3,2.5,,2650,21780,2025,17,170,,Active,,,https://www.redfin.com/NC/Pfafftown/4632-Pinehill-Dr-27040/home/94931462,Triad MLS,1187731,N,Y,36.1516507,-80.3581498
MLS Listing,,Single Family Residential,1541 S Broad St #1016,Winston-salem,NC,27127,519000,4,2.5,,2539,18295,2025,17,204,,Active,August-3-2025 02:00 PM,August-3-2025 04:00 PM,https://www.redfin.com/NC/Winston-Salem/1541-S-Broad-St-27127/unit-1016/home/196418159,Triad MLS,1187841,N,Y,36.0765267,-80.2433911
MLS Listing,,Single Family Residential,1519 S Broad St #1014,Winston-salem,NC,27127,474000,3,2.5,,2203,12632,2025,17,215,,Active,August-3-2025 02:00 PM,August-3-2025 04:00 PM,https://www.redfin.com/NC/Winston-Salem/1519-S-Broad-St-27127/unit-1014/home/196416301,Triad MLS,1187830,N,Y,36.0768307,-80.2434632
MLS Listing,,Single Family Residential,467 Harper St,Winston-salem,NC,27104,234999,3,2.0,Sheffield Gardens,1378,17424,1962,18,171,,Active,,,https://www.redfin.com/NC/Winston-Salem/467-Harper-St-27104/home/94893389,Triad MLS,1186238,N,Y,36.0836579,-80.3098553
MLS Listing,,Single Family Residential,1409 Charolais Dr,Winston-salem,NC,27106,839945,4,3.5,Brookberry Farm,2787,7405,2025,18,301,150,Active,,,https://www.redfin.com/NC/Winston-Salem/1409-Charolais-Dr-27106/home/196408552,Triad MLS,1187789,N,Y,36.1047044,-80.3814822
MLS Listing,,Single Family Residential,4342 Penns Meadow Ln,Winston-salem,NC,27106,773399,3,3.0,Brookberry Farm,2433,8712,2025,18,318,150,Active,,,https://www.redfin.com/NC/Winston-Salem/4342-Penns-Meadow-Ln-27106/home/196407793,Triad MLS,1187783,N,Y,36.1042246,-80.3813699
MLS Listing,,Single Family Residential,5507 Hydrangea St,Winston-salem,NC,27104,379999,4,2.5,La Reynolds,2158,4181,2025,18,176,53,Active,,,https://www.redfin.com/NC/Winston-Salem/5507-Hydrangea-St-27104/home/196322564,Triad MLS,1187776,N,Y,36.0921361,-80.3759473
MLS Listing,,Townhouse,2723 Reynolds Park Rd,Winston-salem,NC,27107,164000,3,2.0,Salem Village Townhomes,1302,871,1973,18,126,218,Active,August-1-2025 08:00 AM,August-1-2025 07:00 PM,https://www.redfin.com/NC/Winston-Salem/2723-Reynolds-Park-Rd-27107/home/94961546,Triad MLS,1187755,N,Y,36.0857618,-80.1938129
MLS Listing,,Single Family Residential,5367 Darwood Estate Ln,Winston-salem,NC,27106,529900,3,2.5,,1902,62726,2009,18,279,,Active,,,https://www.redfin.com/NC/Winston-Salem/5367-Darwood-Estate-Ln-27106/home/94931089,Triad MLS,1186800,N,Y,36.1021801,-80.3645037
MLS Listing,,Single Family Residential,465 Sheffield Dr,Winston-salem,NC,27104,1900000,4,4.5,Buena Vista,5571,21780,2004,18,341,,Active,,,https://www.redfin.com/NC/Winston-Salem/465-Sheffield-Dr-27104/home/94872401,Triad MLS,1187714,N,Y,36.1061277,-80.2925213
MLS Listing,,Single Family Residential,131 Pendleton Ln,Winston-salem,NC,27104,1350000,3,3.5,Pendleton,4096,5662,2019,18,330,483,Active,,,https://www.redfin.com/NC/Winston-Salem/131-Pendleton-Ln-27104/home/167991542,Triad MLS,1186917,N,Y,36.0928596,-80.3054493
MLS Listing,,Condo/Co-op,4532 Fernhaven Cir,Winston-salem,NC,27104,265000,3,3.5,The Glade,1875,871,1985,18,141,398,Active,,,https://www.redfin.com/NC/Winston-Salem/4532-Fernhaven-Cir-27104/home/70502547,Triad MLS,1187718,N,Y,36.0961005,-80.3096818
MLS Listing,,Single Family Residential,134 Kanah Ct,Winston-salem,NC,27107,439900,4,4.0,Kanah Place,2645,35719,2023,19,166,,Active,August-2-2025 01:00 PM,August-2-2025 03:00 PM,https://www.redfin.com/NC/Winston-Salem/134-Kanah-Ct-27107/home/94977106,Triad MLS,1187553,N,Y,35.9911321,-80.2351123
MLS Listing,,Townhouse,726 Sterling Brooke Ct,Winston-salem,NC,27103,279800,2,2.5,Wyngate Village,1523,1306,2012,19,184,146,Active,,,https://www.redfin.com/NC/Winston-Salem/726-Sterling-Brooke-Ct-27103/home/94853740,Triad MLS,1186761,N,Y,36.0645436,-80.3442446
MLS Listing,,Single Family Residential,2336 Montrose Ave,Winston-salem,NC,27105,205000,3,1.0,Greenway Place,1372,6098,1929,20,149,,Active,,,https://www.redfin.com/NC/Winston-Salem/2336-Montrose-Ave-27105/home/94875146,Triad MLS,1187084,N,Y,36.1189386,-80.244212
MLS Listing,,Vacant Land,0 Marble St,Winston-salem,NC,27107,20000,,,Winston-Salem,,6534,,20,,,Active,,,https://www.redfin.com/NC/Winston-Salem/Marble-St-27107/home/94876187,Triad MLS,1187620,N,Y,36.069401,-80.20395
MLS Listing,,Vacant Land,1605 Waughtown St,Winston-salem,NC,27107,13000,,,Winston-Salem,,3049,,20,,,Active,,,https://www.redfin.com/NC/Winston-Salem/1605-Waughtown-St-27107/home/94876184,Triad MLS,1187618,N,Y,36.0690681,-80.2041401
MLS Listing,,Single Family Residential,548 Rockbridge Dr,Kernersville,NC,27284,349900,4,2.5,Rock Bridge,1842,10890,2004,20,190,25,Active,,,https://www.redfin.com/NC/Kernersville/548-Rockbridge-Dr-27284/home/94840957,Triad MLS,1187318,N,Y,36.1083143,-80.150076
MLS Listing,,Townhouse,3346 Hyde Place Cir,Winston-salem,NC,27103,225000,2,2.0,Hyde Place Townhomes,1092,1306,2007,20,206,100,Active,,,https://www.redfin.com/NC/Winston-Salem/3346-Hyde-Place-Cir-27103/home/189126130,Triad MLS,1187488,N,Y,36.0445494,-80.3078497
MLS Listing,,Single Family Residential,2030 Gyro Dr,Winston-salem,NC,27127,284900,3,2.5,Ardmore Estates,1448,9147,2004,20,197,,Active,,,https://www.redfin.com/NC/Winston-Salem/2030-Gyro-Dr-27127/home/94840742,Triad MLS,1187625,N,Y,36.0556639,-80.2789686
MLS Listing,,Single Family Residential,556 Mission Rd,Winston-salem,NC,27103,240000,3,2.0,,1096,10454,2001,21,219,,Active,,,https://www.redfin.com/NC/Winston-Salem/556-Mission-Rd-27103/home/94970678,Triad MLS,1187501,N,Y,36.0870175,-80.2933429
MLS Listing,,Townhouse,211 Lamplighter Cir,Winston-salem,NC,27104,214900,3,2.0,Stonebridge,1455,,1974,21,148,270,Active,,,https://www.redfin.com/NC/Winston-Salem/211-Lamplighter-Cir-27104/home/94918654,Triad MLS,1187616,N,Y,36.0892397,-80.3558491
MLS Listing,,Single Family Residential,447 Wentworth Dr,Winston-salem,NC,27107,605000,3,2.5,Meadowlands,2175,20908,2025,21,278,42,Active,,,https://www.redfin.com/NC/Winston-Salem/447-Wentworth-Dr-27107/home/172659469,Triad MLS,1187585,N,Y,36.0138094,-80.1648614
MLS Listing,,Single Family Residential,429 Wentworth Dr,Winston-salem,NC,27107,663000,4,2.5,Meadowlands,2515,23958,2025,21,264,42,Active,,,https://www.redfin.com/NC/Winston-Salem/429-Wentworth-Dr-27107/home/172659470,Triad MLS,1187592,N,Y,36.013638,-80.1652639
MLS Listing,,Single Family Residential,3721 Fraternity Church Rd,Winston-salem,NC,27127,213500,2,1.0,,1203,36590,1941,21,177,,Active,,,https://www.redfin.com/NC/Winston-Salem/3721-Fraternity-Church-Rd-27127/home/94911795,Triad MLS,1187277,N,Y,36.0233281,-80.3425582
MLS Listing,,Single Family Residential,181 Westhaven Cir,Winston-salem,NC,27104,699000,3,3.5,Westhaven,3328,2178,1998,21,210,250,Active,August-3-2025 02:00 PM,August-3-2025 04:00 PM,https://www.redfin.com/NC/Winston-Salem/181-Westhaven-Cir-27104/home/94965225,Triad MLS,1187419,N,Y,36.0944208,-80.3091672
MLS Listing,,Townhouse,3969 Valley Ct Unit A,Winston-salem,NC,27106,232400,2,2.0,Sherwood West,1577,1742,1977,21,147,150,Active,August-2-2025 01:00 PM,August-2-2025 03:00 PM,https://www.redfin.com/NC/Winston-Salem/3969-Valley-Ct-27106/unit-A/home/94961455,Triad MLS,1187529,N,Y,36.1272618,-80.3211835
MLS Listing,,Mobile/Manufactured Home,1299 Teague Rd,Winston-salem,NC,27107,219900,3,2.0,,1678,20037,1987,21,131,,Active,,,https://www.redfin.com/NC/Winston-Salem/1299-Teague-Rd-27107/home/94890408,Triad MLS,1187439,N,Y,36.0442304,-80.1928804
MLS Listing,,Single Family Residential,518 Efird St,Winston-salem,NC,27105,149000,2,1.0,Montview,1017,13503,1955,21,147,,Active,,,https://www.redfin.com/NC/Winston-Salem/518-Efird-St-27105/home/94873221,Triad MLS,1187490,N,Y,36.1422899,-80.2380345
MLS Listing,,Single Family Residential,168 Oak Summit Rd,Winston-salem,NC,27105,366000,3,3.0,Hunter Hills,3711,23958,1952,21,99,,Active,,,https://www.redfin.com/NC/Winston-Salem/168-Oak-Summit-Rd-27105/home/94905678,Triad MLS,1187282,N,Y,36.1732608,-80.2701271
MLS Listing,,Single Family Residential,2467 Fiddlers Glenn Dr,Winston-salem,NC,27127,365000,4,2.5,Fiddlers Glenn,2470,8276,2006,21,148,22,Active,,,https://www.redfin.com/NC/Winston-Salem/2467-Fiddlers-Glenn-Dr-27127/home/94843740,Triad MLS,1187457,N,Y,36.0412344,-80.2545597
MLS Listing,,Single Family Residential,4150 Mae Len Dr,Winston-salem,NC,27107,299000,3,2.5,Meredith Woods,2007,11325,2002,21,149,16,Active,,,https://www.redfin.com/NC/Winston-Salem/4150-Mae-Len-Dr-27107/home/94972836,Triad MLS,1187483,N,Y,36.0260137,-80.2228898
MLS Listing,,Single Family Residential,5235 Ironwood Dr,Winston-salem,NC,27127,325000,4,2.5,Fishel Village,2250,5227,2023,22,144,75,Active,,,https://www.redfin.com/NC/Winston-Salem/5235-Ironwood-Dr-27127/home/185602721,Triad MLS,1187330,N,Y,36.0015754,-80.2519691
MLS Listing,,Townhouse,320 Oak Arbor Ln,Winston-salem,NC,27104,205000,2,2.5,Jamestowne,1374,871,1985,22,149,160,Active,,,https://www.redfin.com/NC/Winston-Salem/320-Oak-Arbor-Ln-27104/home/91493948,Triad MLS,1187493,N,Y,36.089056,-80.3590883
MLS Listing,,Townhouse,5360 Farm House Trl,Winston-salem,NC,27103,254900,3,2.5,Wyngate Village,1604,1306,2018,22,159,,Active,,,https://www.redfin.com/NC/Winston-Salem/5360-Farm-House-Trl-27103/home/146668508,Triad MLS,1187266,N,Y,36.0619863,-80.3491276
MLS Listing,,Single Family Residential,1609 Normandy Ln,Winston-salem,NC,27103,280000,3,1.5,Sandersted,1329,19602,1957,22,211,,Active,,,https://www.redfin.com/NC/Winston-Salem/1609-Normandy-Ln-27103/home/94888227,Triad MLS,1186668,N,Y,36.0683211,-80.2846615
MLS Listing,,Townhouse,712 N Chestnut St,Winston-salem,NC,27101,310000,3,2.0,Goler Heights,1300,2178,2012,22,238,55,Active,,,https://www.redfin.com/NC/Winston-Salem/712-N-Chestnut-St-27101/home/94839590,Triad MLS,1186297,N,Y,36.1032083,-80.2423955
MLS Listing,,Single Family Residential,5410 Alamo Dr,Winston-salem,NC,27104,375000,3,2.0,Shallowford Hills,2002,20473,1969,22,187,,Active,,,https://www.redfin.com/NC/Winston-Salem/5410-Alamo-Dr-27104/home/94916064,Triad MLS,1187465,N,Y,36.0865105,-80.3624607
MLS Listing,,Single Family Residential,1432 Scofield Ct,Rural Hall,NC,27045,310000,4,2.5,Chandler Pointe,2231,8276,2019,22,139,48,Active,,,https://www.redfin.com/NC/Rural-Hall/1432-Scofield-Ct-27045/home/148716559,Triad MLS,1187070,N,Y,36.2116558,-80.3076938
MLS Listing,,Single Family Residential,115 Glasmere Ct,Winston-salem,NC,27101,329900,4,2.5,Silver Chalice,2006,6534,2025,22,164,50,Active,,,https://www.redfin.com/NC/Winston-Salem/115-Glasmere-Ct-27101/home/94898755,Triad MLS,1187242,N,Y,36.1238172,-80.1796093
MLS Listing,,Single Family Residential,135 Glasmere Ct,Winston-salem,NC,27101,329900,4,2.5,Silver Chalice,2006,6534,2025,22,164,50,Active,,,https://www.redfin.com/NC/Winston-Salem/135-Glasmere-Ct-27101/home/94898756,Triad MLS,1187290,N,Y,36.1234389,-80.1797894
MLS Listing,,Single Family Residential,811 Gibb St,Winston-salem,NC,27106,539900,4,3.5,Cottage Hill,2163,10018,2024,22,250,105,Active,August-2-2025 02:00 AM,August-2-2025 04:00 PM,https://www.redfin.com/NC/Winston-Salem/811-Gibb-St-27106/home/182315096,Triad MLS,1187360,N,Y,36.119249,-80.335105
MLS Listing,,Townhouse,1773 Grand Silo Way,Winston-salem,NC,27127,218000,2,2.5,Heritage Park,1444,1306,2008,22,151,249,Active,,,https://www.redfin.com/NC/Winston-Salem/1773-Grand-Silo-Way-27127/home/84276677,Triad MLS,1187372,N,Y,36.0465106,-80.2665986
MLS Listing,,Single Family Residential,1650 Billy Dr,Winston-salem,NC,27107,225000,3,2.0,Pleasant Hill,1114,10890,1997,22,202,,Active,,,https://www.redfin.com/NC/Winston-Salem/1650-Billy-Dr-27107/home/94967065,Triad MLS,1186047,N,Y,36.074801,-80.2097032
MLS Listing,,Vacant Land,0 Bethlehem Ln,Winston-salem,NC,27105,25000,,,Winston-Salem,,11761,,22,,,Active,,,https://www.redfin.com/NC/Winston-Salem/Bethlehem-Ln-27105/home/196330241,Triad MLS,1186871,N,Y,36.11739,-80.225838
MLS Listing,,Townhouse,801 Queensbury Dr,Winston-salem,NC,27127,410000,3,2.0,Friedberg Village,1663,3484,2014,23,247,195,Active,,,https://www.redfin.com/NC/Winston-Salem/801-Queensbury-Dr-27127/home/94989411,Triad MLS,1186588,N,Y,35.9890689,-80.3043137
MLS Listing,,Single Family Residential,4012 Huntscroft Ln,Winston-salem,NC,27106,589900,4,3.0,Huntscroft At Glenridge,2965,13068,1989,23,199,59,Active,,,https://www.redfin.com/NC/Winston-Salem/4012-Huntscroft-Ln-27106/home/94901680,Triad MLS,1187025,N,Y,36.1147046,-80.3273117
MLS Listing,,Vacant Land,4025 Rookwood Ln,Winston-salem,NC,27106,89900,,,Winston-Salem,,24393,,23,,,Active,,,https://www.redfin.com/NC/Winston-Salem/4025-Rookwood-Ln-27106/home/94904483,Triad MLS,1187110,N,Y,36.14713,-80.346516
MLS Listing,,Vacant Land,4029 Rookwood Ln,Winston-salem,NC,27106,89900,,,Winston-Salem,,28314,,23,,,Active,,,https://www.redfin.com/NC/Winston-Salem/4029-Rookwood-Ln-27106/home/94904480,Triad MLS,1187270,N,Y,36.1471779,-80.346888
MLS Listing,,Single Family Residential,5285 Hidden Stream Dr,Lewisville,NC,27023,649900,4,3.5,Covington Place,3608,12196,2008,23,180,21,Active,August-3-2025 02:00 PM,August-3-2025 04:00 PM,https://www.redfin.com/NC/Lewisville/5285-Hidden-Stream-Dr-27023/home/94848322,Triad MLS,1187200,N,Y,36.0996903,-80.3802611
MLS Listing,,Single Family Residential,4203 Dellwood Dr,Winston-salem,NC,27105,95000,2,1.0,,900,7405,1939,23,106,,Active,,,https://www.redfin.com/NC/Winston-Salem/4203-Dellwood-Dr-27105/home/94878686,Triad MLS,1186990,N,Y,36.1440026,-80.2589572
MLS Listing,,Townhouse,1085 Richmond Park Dr,Winston-salem,NC,27103,269000,2,2.5,Wyngate Village,1511,1306,2016,23,178,146,Active,August-3-2025 02:00 PM,August-3-2025 04:00 PM,https://www.redfin.com/NC/Winston-Salem/1085-Richmond-Park-Dr-27103/home/105321220,Triad MLS,1187192,N,Y,36.0612975,-80.3456604
MLS Listing,,Single Family Residential,6814 Capstone Ct,Rural Hall,NC,27045,369900,4,2.5,Chandler Pointe,2290,14374,2022,23,162,48,Active,,,https://www.redfin.com/NC/Rural-Hall/6814-Capstone-Ct-27045/home/194667784,CANOPYMLS as Distributed by MLS Grid,4278713,N,Y,36.2171703,-80.3135032
MLS Listing,,Single Family Residential,236 Glade View Ct,Winston-salem,NC,27101,1370400,4,4.5,West End,3818,6534,2025,23,359,150,Active,,,https://www.redfin.com/NC/Winston-Salem/236-Glade-View-Ct-27101/home/94855652,Triad MLS,1186869,N,Y,36.0964444,-80.2615193
MLS Listing,,Vacant Land,0 Reynolds Park Rd,Winston-salem,NC,27107,125000,,,Winston-Salem,,44431,,23,,,Active,,,https://www.redfin.com/NC/Winston-Salem/0-Reynolds-Park-Rd-27107/home/196300962,Triad MLS,1186434,N,Y,36.0881682,-80.2211756
MLS Listing,,Condo/Co-op,2309 Terra Stone Ct Unit D,Clemmons,NC,27103,192000,2,2.0,Cobblestone Condominiums,1140,,1983,23,168,212,Active,,,https://www.redfin.com/NC/Winston-Salem/2309-Terra-Stone-Ct-27103/unit-D/home/94922209,Triad MLS,1186944,N,Y,36.0402764,-80.3815689
MLS Listing,,Condo/Co-op,3751 Heathrow Dr,Winston-salem,NC,27127,169500,2,1.5,Heather Hills,1188,,1978,24,143,169,Active,,,https://www.redfin.com/NC/Winston-Salem/3751-Heathrow-Dr-27127/home/94909688,Triad MLS,1186841,N,Y,36.048689,-80.288066
MLS Listing,,Single Family Residential,1709 N Jackson Ave,Winston-salem,NC,27105,240000,3,1.0,,2204,7840,1960,24,109,,Active,,,https://www.redfin.com/NC/Winston-Salem/1709-N-Jackson-Ave-27105/home/94863392,Triad MLS,1187147,N,Y,36.1153575,-80.2249849
MLS Listing,,Single Family Residential,508 Surrey Path Trl,Winston-salem,NC,27104,579900,4,3.0,Sherwood Forest,2781,16552,2025,24,209,23,Active,,,https://www.redfin.com/NC/Winston-Salem/508-Surrey-Path-Trl-27104/home/109623853,Triad MLS,1185963,N,Y,36.0974432,-80.3491162
MLS Listing,,Single Family Residential,748 Surrey Path Trl,Winston-salem,NC,27104,599900,4,3.0,Sherwood Forest,2811,13503,2025,24,213,23,Active,,,https://www.redfin.com/NC/Winston-Salem/748-Surrey-Path-Trl-27104/home/184714393,Triad MLS,1187105,N,Y,36.100142,-80.353489
MLS Listing,,Townhouse,2546 Tantelon Pl,Winston-salem,NC,27127,229000,4,3.0,Heather Hills,2399,1742,1978,24,95,169,Active,,,https://www.redfin.com/NC/Winston-Salem/2546-Tantelon-Pl-27127/home/94909396,Triad MLS,1187093,N,Y,36.0473836,-80.2926578
MLS Listing,,Single Family Residential,1457 Douglas St,Winston-salem,NC,27105,199500,4,1.5,,1134,6534,1932,24,176,,Active,,,https://www.redfin.com/NC/Winston-Salem/1457-Douglas-St-27105/home/94871258,Triad MLS,1186066,N,Y,36.1142034,-80.2138964
MLS Listing,,Single Family Residential,1811 Lomond St,Winston-salem,NC,27127,145000,2,2.0,Centerville,1608,9583,1925,24,90,,Active,,,https://www.redfin.com/NC/Winston-Salem/1811-Lomond-St-27127/home/94865960,Triad MLS,1186994,N,Y,36.0727025,-80.2332642
MLS Listing,,Townhouse,3318 Hyde Place Cir,Winston-salem,NC,27103,238000,2,2.0,Hyde Place Townhomes,1103,1306,2010,24,216,100,Active,,,https://www.redfin.com/NC/Winston-Salem/3318-Hyde-Place-Cir-27103/home/77448889,Triad MLS,1187031,N,Y,36.0445508,-80.3074325
MLS Listing,,Single Family Residential,4372 Oak Ridge Dr,Winston-salem,NC,27105,120000,3,1.0,,1051,43124,1940,24,114,,Active,,,https://www.redfin.com/NC/Winston-Salem/4372-Oak-Ridge-Dr-27105/home/94899446,Triad MLS,1187048,N,Y,36.1475562,-80.2030254
MLS Listing,,Single Family Residential,3659 Cornell Blvd,Winston-salem,NC,27107,219900,3,1.5,,1410,10890,1948,24,156,,Active,August-3-2025 02:00 AM,August-3-2025 04:00 PM,https://www.redfin.com/NC/Winston-Salem/3659-Cornell-Blvd-27107/home/94884413,Triad MLS,1186648,N,Y,36.0427015,-80.2364874
MLS Listing,,Single Family Residential,1308 Weatherbee Dr,Winston-salem,NC,27103,375000,3,2.0,Hampton Woods,2884,19602,1976,25,130,,Active,,,https://www.redfin.com/NC/Winston-Salem/1308-Weatherbee-Dr-27103/home/94918100,Triad MLS,1186730,N,Y,36.0514744,-80.3481256
MLS Listing,,Townhouse,130 Alpine Ct,Winston-salem,NC,27104,464500,4,3.5,Sherwood Hills,3653,2178,2005,25,127,248,Active,August-3-2025 02:00 PM,August-3-2025 04:00 PM,https://www.redfin.com/NC/Winston-Salem/130-Alpine-Ct-27104/home/94860946,Triad MLS,1186947,N,Y,36.1018719,-80.3379995
MLS Listing,,Condo/Co-op,4455 Brassfield Dr #304,Winston-salem,NC,27105,192500,2,2.0,Northern Quarters,1150,871,2006,25,167,219,Active,,,https://www.redfin.com/NC/Winston-Salem/4455-Brassfield-Dr-27105/unit-304/home/94848964,Triad MLS,1186714,N,Y,36.1845946,-80.2688405
MLS Listing,,Single Family Residential,112 Westhaven Cir,Winston-salem,NC,27104,665000,3,3.5,Westhaven,2913,3920,1988,25,228,250,Active,August-3-2025 02:00 PM,August-3-2025 04:00 PM,https://www.redfin.com/NC/Winston-Salem/112-Westhaven-Cir-27104/home/94965238,Triad MLS,1186645,N,Y,36.0948366,-80.3065285
MLS Listing,,Condo/Co-op,250 Vista Cir Unit A,Winston-salem,NC,27106,159900,2,1.5,Vista Court Condos,1405,435,1983,25,114,221,Active,August-2-2025 10:00 AM,August-2-2025 12:00 PM,https://www.redfin.com/NC/Winston-Salem/250-Vista-Cir-27106/unit-A/home/94903238,Triad MLS,1186890,N,Y,36.1700821,-80.3068253
MLS Listing,,Single Family Residential,3737 Burbank Ln,Winston-salem,NC,27106,761900,4,4.5,Greenbrier Farm,3736,24829,2002,25,204,110,Active,,,https://www.redfin.com/NC/Winston-Salem/3737-Burbank-Ln-27106/home/94969522,Triad MLS,1186074,N,Y,36.144274,-80.3329954
MLS Listing,,Single Family Residential,965 Peachtree Meadows Cir,Kernersville,NC,27284,299000,4,2.5,Peachtree Meadows,1992,7405,2006,25,150,75,Active,,,https://www.redfin.com/NC/Kernersville/965-Peachtree-Meadows-Cir-27284/home/94840594,Triad MLS,1186911,N,Y,36.1034803,-80.1297693
MLS Listing,,Single Family Residential,942 Holland St,Winston-salem,NC,27101,327000,3,1.5,Granville Place,2381,,1950,25,137,,Active,,,https://www.redfin.com/NC/Winston-Salem/942-Holland-St-27101/home/94864047,Triad MLS,1185129,N,Y,36.0801023,-80.2538217
MLS Listing,,Single Family Residential,5453 Hanover Park Dr,Winston-salem,NC,27103,539000,3,2.5,Hanover Park,2638,220849,1984,26,204,8,Active,August-2-2025 12:00 PM,August-2-2025 02:00 PM,https://www.redfin.com/NC/Winston-Salem/5453-Hanover-Park-Dr-27103/home/94913266,Triad MLS,1186518,N,Y,36.0694942,-80.3643579
MLS Listing,,Townhouse,813 Brickwood Ct,Winston-salem,NC,27127,159900,2,1.5,,960,871,1985,26,167,,Active,,,https://www.redfin.com/NC/Winston-Salem/813-Brickwood-Ct-27127/home/73903003,Triad MLS,1186812,N,Y,36.0539909,-80.2511003
MLS Listing,,Single Family Residential,3509 Dunbarton Dr,Winston-salem,NC,27107,278000,3,2.0,Scotland Ridge,1956,9583,2003,27,142,27,Active,,,https://www.redfin.com/NC/Winston-Salem/3509-Dunbarton-Dr-27107/home/94837443,Triad MLS,1186319,N,Y,36.0877188,-80.1631113
MLS Listing,,Townhouse,2612 Tantelon Pl,Winston-salem,NC,27127,195000,4,3.5,Heather Hills,1957,871,1978,28,100,179,Active,,,https://www.redfin.com/NC/Winston-Salem/2612-Tantelon-Pl-27127/home/94909440,Triad MLS,1186491,N,Y,36.0477211,-80.2928857
MLS Listing,,Single Family Residential,4622 S Main St,Winston-salem,NC,27127,233900,2,2.0,,1098,255261,1937,28,213,,Active,August-3-2025 02:00 PM,August-3-2025 04:00 PM,https://www.redfin.com/NC/Winston-Salem/4622-S-Main-St-27127/home/94891907,Triad MLS,1186517,N,Y,36.0202443,-80.2426232
MLS Listing,,Single Family Residential,4254 Lochurst Dr,Pfafftown,NC,27040,410000,3,2.5,Grandview Place,2485,11325,2017,29,165,21,Active,,,https://www.redfin.com/NC/Pfafftown/4254-Lochurst-Dr-27040/home/94853062,Triad MLS,1186519,N,Y,36.1621247,-80.3510406
MLS Listing,,Single Family Residential,1311 Bolton St,Winston-salem,NC,27103,558000,5,3.0,Ardmore,2771,16988,1956,29,201,,Active,,,https://www.redfin.com/NC/Winston-Salem/1311-Bolton-St-27103/home/87576975,Triad MLS,1186499,N,Y,36.0720878,-80.289914
MLS Listing,,Single Family Residential,1732 Harrison Ave,Winston-salem,NC,27105,230000,3,2.0,,1088,6098,1937,29,211,,Active,,,https://www.redfin.com/NC/Winston-Salem/1732-Harrison-Ave-27105/home/94871290,Triad MLS,1186122,N,Y,36.1169616,-80.2573201
MLS Listing,,Vacant Land,0 Lee St,Winston-salem,NC,27107,25000,,,Winston-Salem,,16147,,29,,,Active,,,https://www.redfin.com/NC/Winston-Salem/Lee-St-27107/home/95034328,Triad MLS,1186628,N,Y,35.980165,-80.196804
MLS Listing,,Single Family Residential,4325 Rosebriar Ln,Winston-salem,NC,27106,305000,3,2.5,,2072,19602,1974,29,147,,Active,,,https://www.redfin.com/NC/Winston-Salem/4325-Rosebriar-Ln-27106/home/94904031,Triad MLS,1186529,N,Y,36.1475327,-80.3314506
MLS Listing,,Single Family Residential,1066 Russell Dr,Winston Salem,NC,27127,336900,3,2.0,Winston Salem,1552,9147,2025,29,217,166,Active,,,https://www.redfin.com/NC/Winston-Salem/1066-Russell-Dr-27127/home/195263135,CANOPYMLS as Distributed by MLS Grid,4277935,N,Y,36.0485497,-80.2561416
MLS Listing,,Condo/Co-op,423 Scholastic Dr,Winston-salem,NC,27106,169500,2,2.0,Deacon Ridge Condos,1152,1306,2004,29,147,286,Active,,,https://www.redfin.com/NC/Winston-Salem/423-Scholastic-Dr-27106/home/94841890,Triad MLS,1186167,N,Y,36.1471834,-80.2805292
MLS Listing,,Condo/Co-op,814 Scholastic Dr,Winston-salem,NC,27106,171000,2,2.0,Deacon Ridge Condos,1169,1306,2004,29,146,286,Active,,,https://www.redfin.com/NC/Winston-Salem/814-Scholastic-Dr-27106/home/94841875,Triad MLS,1186300,N,Y,36.1477675,-80.2811037
MLS Listing,,Condo/Co-op,1168 Academic Dr,Winston-salem,NC,27103,259900,2,2.5,Deacon Ridge Townhomes,1471,1306,2003,29,177,190,Active,,,https://www.redfin.com/NC/Winston-Salem/1168-Academic-Dr-27106/home/94839937,Triad MLS,1186674,N,Y,36.1495067,-80.2802898
MLS Listing,,Single Family Residential,925 Walnut St,Winston-salem,NC,27101,385000,3,2.0,Granville Park,2226,14810,1955,29,173,,Active,,,https://www.redfin.com/NC/Winston-Salem/925-Walnut-St-27101/home/91514274,Triad MLS,1186600,N,Y,36.0826048,-80.2492164
MLS Listing,,Townhouse,816 Brickwood Ct,Winston-salem,NC,27127,145000,2,2.0,Brickwood Place,1441,871,1985,29,101,155,Active,,,https://www.redfin.com/NC/Winston-Salem/816-Brickwood-Ct-27127/home/94911011,Triad MLS,1186527,N,Y,36.053721,-80.2505535
MLS Listing,,Single Family Residential,824 Vandar Dr,Winston-salem,NC,27106,385000,3,2.5,,1726,10454,2025,29,223,,Active,August-2-2025 01:00 PM,August-2-2025 03:00 PM,https://www.redfin.com/NC/Winston-Salem/824-Sr1366-27106/home/196263312,Triad MLS,1186673,N,Y,36.1213624,-80.3242715
MLS Listing,,Single Family Residential,828 Vandar Dr,Winston-salem,NC,27106,380000,3,2.0,,1555,10454,2025,29,244,,Active,,,https://www.redfin.com/NC/Winston-Salem/828-Sr1366-27106/home/196263293,Triad MLS,1186671,N,Y,36.1215608,-80.3243044
MLS Listing,,Single Family Residential,2990 Reynolds Sq,Winston Salem,NC,27106,1880000,5,4.5,Buena Vista,5133,10890,2011,29,366,433,Active,,,https://www.redfin.com/NC/Winston-Salem/2990-Reynolds-Sq-27106/home/94972615,CANOPYMLS as Distributed by MLS Grid,4277707,N,Y,36.1080157,-80.298154
MLS Listing,,Single Family Residential,133 Southview Dr,Winston-salem,NC,27127,390000,3,2.0,Southview,3331,218235,1954,29,117,,Active,,,https://www.redfin.com/NC/Winston-Salem/133-Southview-Dr-27127/home/94879500,Triad MLS,1186470,N,Y,36.0385297,-80.2404694
MLS Listing,,Condo/Co-op,327 Mar Don Hills Ct,Winston-salem,NC,27104,174900,3,1.5,Mar Don Court Condo,1540,435,1987,30,114,341,Active,,,https://www.redfin.com/NC/Winston-Salem/327-Mar-Don-Hills-Ct-27104/home/94964823,Triad MLS,1186438,N,Y,36.0758308,-80.3331994
MLS Listing,,Single Family Residential,844 Holland St,Winston-salem,NC,27101,335000,4,2.0,West End,1647,13503,1951,30,203,,Active,,,https://www.redfin.com/NC/Winston-Salem/844-Holland-St-27101/home/94864502,Triad MLS,1186523,N,Y,36.0819406,-80.2529722
MLS Listing,,Single Family Residential,290 Janet Ave,Winston-salem,NC,27104,259900,3,2.0,,1183,9147,2010,30,220,,Active,,,https://www.redfin.com/NC/Winston-Salem/290-Janet-Ave-27104/home/94849032,Triad MLS,1186358,N,Y,36.0853538,-80.3143251
MLS Listing,,Single Family Residential,1615 Stoneshire Ct,Winston-salem,NC,27127,242500,3,2.5,,1596,10018,2005,30,152,,Active,,,https://www.redfin.com/NC/Winston-Salem/1615-Stoneshire-Ct-27127/home/94843247,Triad MLS,1186502,N,Y,36.0458668,-80.2677645
MLS Listing,,Single Family Residential,852 N Cameron Ave,Winston-salem,NC,27101,259000,4,2.5,Reynolds Town,2000,9147,1920,30,130,,Active,,,https://www.redfin.com/NC/Winston-Salem/852-N-Cameron-Ave-27101/home/94862836,Triad MLS,1180630,N,Y,36.1053212,-80.2227024
MLS Listing,,Single Family Residential,2632 Bartram Pl,Winston Salem,NC,27106,3995000,4,6.5,Buena Vista,6012,85813,2019,30,665,250,Active,,,https://www.redfin.com/NC/Winston-Salem/2632-Bartram-Pl-27106/home/171067046,CANOPYMLS as Distributed by MLS Grid,4276992,N,Y,36.1204805,-80.2764885
MLS Listing,,Single Family Residential,5030 Tutelo Trl,Winston-salem,NC,27127,264900,3,2.5,Saponi Village,1419,10890,1997,30,187,,Active,,,https://www.redfin.com/NC/Winston-Salem/5030-Tutelo-Trl-27127/home/94910355,Triad MLS,1185884,N,Y,36.0101635,-80.2779188
MLS Listing,,Single Family Residential,2830 Neushore Dr,Winston-salem,NC,27127,509900,4,3.0,Shore Acres,2893,66211,1984,31,176,,Active,,,https://www.redfin.com/NC/Winston-Salem/2830-Neushore-Dr-27127/home/94910409,Triad MLS,1186188,N,Y,36.0212266,-80.2786219
MLS Listing,,Single Family Residential,621 Mulberry St,Winston Salem,NC,27101,349900,2,1.0,Winston Salem,1838,10018,1900,31,190,,Active,,,https://www.redfin.com/NC/Winston-Salem/621-Mulberry-St-27101/home/94863658,CANOPYMLS as Distributed by MLS Grid,4277093,N,Y,36.0860615,-80.2481844
MLS Listing,,Vacant Land,222 Kingfish St,Winston-salem,NC,27107,65000,,,Winston-Salem,,63162,,31,,,Active,,,https://www.redfin.com/NC/Winston-Salem/222-Kingfish-St-27107/home/95035383,Triad MLS,1184891,N,Y,35.9442219,-80.182914
MLS Listing,,Single Family Residential,4489 Westhill Pl,Kernersville,NC,27284,300000,3,2.0,Vernon Farms,1445,8276,2004,31,208,35,Active,,,https://www.redfin.com/NC/Kernersville/4489-Westhill-Pl-27284/home/94840705,Triad MLS,1186382,N,Y,36.0954115,-80.150356
MLS Listing,,Single Family Residential,3615 Maverick St,Winston-salem,NC,27106,269900,4,2.0,Bethania Heights,1741,34412,1970,31,155,,Active,,,https://www.redfin.com/NC/Winston-Salem/3615-Maverick-St-27106/home/94880311,Triad MLS,1186072,N,Y,36.164105,-80.3179923
MLS Listing,,Single Family Residential,4348 Mashie Dr,Pfafftown,NC,27040,379900,4,3.0,Patrick Place,2034,22215,1967,31,187,,Active,,,https://www.redfin.com/NC/Pfafftown/4348-Mashie-Dr-27040/home/94932790,Triad MLS,1186207,N,Y,36.1723788,-80.3571866
MLS Listing,,Single Family Residential,920 Gales Ave,Winston-salem,NC,27103,399995,4,3.0,Ardmore,1497,14374,1969,31,267,,Active,,,https://www.redfin.com/NC/Winston-Salem/920-Gales-Ave-27103/home/94894533,Triad MLS,1186118,N,Y,36.0788422,-80.2651286
MLS Listing,,Single Family Residential,4798 Cherry St,Winston-salem,NC,27105,367900,4,2.0,,2008,49222,1927,32,183,,Active,,,https://www.redfin.com/NC/Winston-Salem/4798-Cherry-St-27105/home/94904854,Triad MLS,1186154,N,Y,36.1580113,-80.2665705
MLS Listing,,Single Family Residential,97 Shadylawn Dr,Winston-salem,NC,27104,524900,4,3.5,Peace Haven Place,3302,11761,1994,32,159,,Active,,,https://www.redfin.com/NC/Winston-Salem/97-Shadylawn-Dr-27104/home/94965674,Triad MLS,1186233,N,Y,36.0999167,-80.3371461
MLS Listing,,Single Family Residential,3256 Williston Ct,Walkertown,NC,27051,499900,4,3.0,,1974,28749,2025,32,253,,Active,,,https://www.redfin.com/NC/Walkertown/3256-Williston-Ct-27051/home/196234500,Triad MLS,1186229,N,Y,36.149342,-80.175089
MLS Listing,,Vacant Land,0 Lynndale Dr,Winston-salem,NC,27106,200000,,,Winston-Salem,,164656,,32,,,Active,,,https://www.redfin.com/NC/Winston-Salem/Lynndale-Dr-27106/home/94931278,Triad MLS,1185361,N,Y,36.114786,-80.374963
MLS Listing,,Condo/Co-op,315 N Spruce St #307,Winston-salem,NC,27101,239000,1,1.5,Ymca Condominium,939,14810,1924,32,255,317,Active,,,https://www.redfin.com/NC/Winston-Salem/315-N-Spruce-St-27101/unit-307/home/94963632,Triad MLS,1186248,N,Y,36.0974342,-80.2484604
MLS Listing,,Condo/Co-op,1620 Cherry Blossom Ln #301,Winston-salem,NC,27127,199900,2,2.0,Holmes Creek Condos,1209,1306,2006,32,165,145,Active,,,https://www.redfin.com/NC/Winston-Salem/1620-Cherry-Blossom-Ln-27127/unit-301/home/94848066,Triad MLS,1185916,N,Y,36.0185969,-80.2625114
MLS Listing,,Single Family Residential,1816 5th St,Winston-salem,NC,27101,99900,3,1.0,,1250,7840,1956,32,80,,Active,,,https://www.redfin.com/NC/Winston-Salem/1816-E-5th-St-27101/home/94870131,Triad MLS,1186187,N,Y,36.1003533,-80.2226897
MLS Listing,,Single Family Residential,2045 Storm Canyon Rd,Winston Salem,NC,27106,599900,5,4.0,Whispering Winds,2890,19602,2025,32,208,,Active,,,https://www.redfin.com/NC/Winston-Salem/2045-Storm-Canyon-Rd-27106/home/182314213,CANOPYMLS as Distributed by MLS Grid,4276354,N,Y,36.1270433,-80.3637912
MLS Listing,,Single Family Residential,370 Inlet Place Dr,Winston-salem,NC,27127,325000,3,2.5,Gables - Bridgton Place,2134,4791,2018,32,152,13,Active,,,https://www.redfin.com/NC/Winston-Salem/370-Inlet-Place-Dr-27127/home/146861292,Triad MLS,1186138,N,Y,36.0254216,-80.2482876
MLS Listing,,Single Family Residential,1067 E Kent Rd,Winston Salem,NC,27104,6500000,6,10.5,Buena Vista,21081,314503,2002,33,308,,Active,,,https://www.redfin.com/NC/Winston-Salem/1067-E-Kent-Rd-27104/home/94878859,CANOPYMLS as Distributed by MLS Grid,4263540,N,Y,36.114978,-80.2695693
MLS Listing,,Single Family Residential,2841 Deerwood Dr,Winston-salem,NC,27103,263500,3,2.0,Knollwood Manor,1566,12632,1962,33,168,,Active,,,https://www.redfin.com/NC/Winston-Salem/2841-Deerwood-Dr-27103/home/94892926,Triad MLS,1185472,N,Y,36.0839632,-80.2914166
MLS Listing,,Single Family Residential,661 Apache Dr,Winston-salem,NC,27107,288500,3,2.0,Cherokee Valley,1357,19602,2022,34,213,,Active,August-2-2025 10:00 AM,August-2-2025 12:00 PM,https://www.redfin.com/NC/Winston-Salem/661-Apache-Dr-27107/home/94990385,Triad MLS,1185654,N,Y,35.9949879,-80.1255407
MLS Listing,,Single Family Residential,2094 Pembrooke Forest Dr,Winston-salem,NC,27106,385000,3,2.5,,2165,17859,1992,34,178,,Active,,,https://www.redfin.com/NC/Winston-Salem/2094-Pembrooke-Forest-Dr-27106/home/94905234,Triad MLS,1186125,N,Y,36.1825735,-80.3119312
MLS Listing,,Single Family Residential,1494 Land Grove Dr,Kernersville,NC,27284,398000,4,2.5,Sedge Hollow,2333,7405,2020,35,171,40,Active,,,https://www.redfin.com/NC/Kernersville/1494-Land-Grove-Dr-27284/home/173530277,Triad MLS,1186099,N,Y,36.0867287,-80.1167805
MLS Listing,,Condo/Co-op,2301 Flagstone Ct Unit D,Winston-salem,NC,27103,165000,2,2.0,Cobblestone Condominiums,1061,435,1981,35,156,212,Active,,,https://www.redfin.com/NC/Winston-Salem/2301-Flagstone-Ct-27103/unit-D/home/94922220,Triad MLS,1186025,N,Y,36.0412508,-80.381767
MLS Listing,,Townhouse,301 Beeson Ct,Clemmons,NC,27012,407900,3,3.0,Meadowfield Terrace,2067,7840,2024,35,197,180,Active,,,https://www.redfin.com/NC/Clemmons/301-Beeson-CT-Unknown/home/189498637,Triad MLS,1186084,N,Y,35.984423,-80.324149
MLS Listing,,Single Family Residential,1712 E First St,Winston-salem,NC,27101,144900,3,2.0,,1655,8276,1924,35,88,,Active,,,https://www.redfin.com/NC/Winston-Salem/1712-E-1st-St-27101/home/94863168,Triad MLS,1185529,N,Y,36.0957283,-80.2241569
MLS Listing,,Townhouse,303 Beeson Ct,Clemmons,NC,27012,398900,2,2.0,Meadowfield Terrace,1966,7840,2024,35,203,180,Active,,,https://www.redfin.com/NC/Clemmons/303-Beeson-CT-Unknown/home/189498640,Triad MLS,1186013,N,Y,35.984396,-80.32396
MLS Listing,,Single Family Residential,1901 Runnymede Rd,Winston-salem,NC,27104,1175000,4,5.0,Buena Vista,4548,26136,1979,35,258,,Active,,,https://www.redfin.com/NC/Winston-Salem/1901-Runnymede-Rd-27104/home/94870985,Triad MLS,1186046,N,Y,36.0988976,-80.2733207
MLS Listing,,Single Family Residential,812 Gales Ave,Winston-salem,NC,27103,435000,3,2.0,Ardmore,1402,10890,1930,35,310,,Active,,,https://www.redfin.com/NC/Winston-Salem/812-Gales-Ave-27103/home/94867036,TMLS,10105563,N,Y,36.0812251,-80.2650779
MLS Listing,,Single Family Residential,574 Freeport Ct,Winston-salem,NC,27127,325776,3,2.0,Gables - Bridgton Place,2058,6098,2020,35,158,11,Active,,,https://www.redfin.com/NC/Winston-Salem/574-Freeport-Ct-27127/home/178684084,Triad MLS,1186064,N,Y,36.0266339,-80.2503602
MLS Listing,,Single Family Residential,506 W 26th St,Winston-salem,NC,27105,175000,3,1.0,,1160,7405,1953,35,151,,Active,,,https://www.redfin.com/NC/Winston-Salem/506-W-26th-St-27105/home/94872267,Triad MLS,1185987,N,Y,36.1223906,-80.2571507
MLS Listing,,Single Family Residential,827 Woodcote Dr,Winston-salem,NC,27107,208000,3,2.0,,1212,10018,1969,35,172,,Active,,,https://www.redfin.com/NC/Winston-Salem/827-Woodcote-Dr-27107/home/94895621,Triad MLS,1185730,N,Y,36.0580602,-80.2201923
MLS Listing,,Single Family Residential,531 Old Hollow Rd,Winston-salem,NC,27105,319900,3,2.5,,1639,23086,2025,35,195,,Active,,,https://www.redfin.com/NC/Winston-Salem/531-Old-Hollow-Rd-27105/home/196205395,Triad MLS,1185926,N,Y,36.1954004,-80.2578155
MLS Listing,,Single Family Residential,505 Stonegate Ln,Winston-salem,NC,27104,1695000,6,6.5,Stone Oaks,8603,88426,1994,36,197,125,Active,,,https://www.redfin.com/NC/Winston-Salem/505-Stonegate-Ln-27104/home/94963818,Triad MLS,1185736,N,Y,36.0990924,-80.3147132
MLS Listing,,Single Family Residential,2500 Lomond St,Winston-salem,NC,27127,298000,4,3.5,,2076,6534,1915,36,144,,Active,,,https://www.redfin.com/NC/Winston-Salem/2500-Lomond-St-27127/home/94865875,Triad MLS,1185734,N,Y,36.066643,-80.2351265
MLS Listing,,Single Family Residential,5134 Fallmeade Rd,Kernersville,NC,27284,355000,5,3.0,Bell West,2175,,2025,36,163,54,Active,,,https://www.redfin.com/NC/Kernersville/5134-Fallmeade-Rd-27284/home/196197779,Triad MLS,1180069,N,Y,36.0974098,-80.1443421
MLS Listing,,Single Family Residential,1420 Thornhill Ln,Winston-salem,NC,27106,619900,4,4.5,Glenridge,4666,16988,1991,36,133,59,Active,,,https://www.redfin.com/NC/Winston-Salem/1420-Thornhill-Ln-27106/home/94901844,Triad MLS,1185746,N,Y,36.1146324,-80.3245199
MLS Listing,,Townhouse,298 Lamplighter Cir,Winston-salem,NC,27104,365000,3,3.0,Stonebridge,2250,2178,2022,36,162,270,Active,,,https://www.redfin.com/NC/Winston-Salem/298-Lamplighter-Cir-27104/home/194665023,Triad MLS,1185080,N,Y,36.0896913,-80.3558101
MLS Listing,,Single Family Residential,2800 Loch Dr,Winston-salem,NC,27106,330000,3,2.0,Belvedere Estates,2124,24829,1958,36,155,,Active,,,https://www.redfin.com/NC/Winston-Salem/2800-Loch-Dr-27106/home/77462065,Triad MLS,1185575,N,Y,36.139957,-80.3059866
MLS Listing,,Single Family Residential,5386 Spicewood Lake Ln,Winston-salem,NC,27106,394353,5,3.0,Hanes Lake,2179,,2025,36,181,67,Active,,,https://www.redfin.com/NC/Winston-Salem/5386-Spicewood-Lake-LN-27106/home/196194089,Triad MLS,1185898,N,Y,36.15065383911133,-80.36156463623047
MLS Listing,,Single Family Residential,394 Stanleyville Manor Ave,Rural Hall,NC,27045,400000,3,3.0,,2984,50093,1961,36,134,,Active,,,https://www.redfin.com/NC/Rural-Hall/394-Stanleyville-Manor-Ave-27045/home/94937291,Triad MLS,1185855,N,Y,36.2025204,-80.2867908
MLS Listing,,Single Family Residential,4860 Manteo Ln,Winston-salem,NC,27127,350000,4,3.5,Farmbrook,2600,10018,1995,36,135,,Active,,,https://www.redfin.com/NC/Winston-Salem/4860-Manteo-Ln-27127/home/94910652,Triad MLS,1185829,N,Y,36.0117821,-80.2790739
MLS Listing,,Single Family Residential,304 Braxton Ridge Ct,Winston-salem,NC,27104,499900,3,2.5,,2745,23086,1985,37,182,,Active,,,https://www.redfin.com/NC/Winston-Salem/304-Braxton-Ridge-Ct-27104/home/94909075,Triad MLS,1184613,N,Y,36.09422,-80.3436401
MLS Listing,,Single Family Residential,3410 Lambeth St,Winston-salem,NC,27107,129900,3,2.5,Green Park,768,4356,1957,37,169,,Active,,,https://www.redfin.com/NC/Winston-Salem/3410-Lambeth-St-27107/home/94871395,Triad MLS,1185818,N,Y,36.052942,-80.2230294
MLS Listing,,Single Family Residential,5515 Bethania Rd,Pfafftown,NC,27040,369900,4,2.0,,2732,30491,1961,37,135,,Active,,,https://www.redfin.com/NC/Pfafftown/5515-Bethania-Rd-27040/home/94858488,Triad MLS,1185783,N,Y,36.1781525,-80.3418142
MLS Listing,,Townhouse,211 Hawks Nest Cir,Clemmons,NC,27012,370000,3,2.5,Meadowfield Trace,1974,2482,2019,37,187,150,Active,,,https://www.redfin.com/NC/Clemmons/211-Hawks-Nest-Cir-27012/home/94985071,Triad MLS,1185074,N,Y,35.9833649,-80.3242892
MLS Listing,,Townhouse,203 Creekside Ter,Clemmons,NC,27012,399900,3,3.0,Meadowfield Terrace,2067,4356,2025,37,193,180,Active,,,https://www.redfin.com/NC/Clemmons/203-Creekside-Ter-27012/home/195830186,Triad MLS,1185670,N,Y,35.9848305,-80.3244375
MLS Listing,,Single Family Residential,4176 Gumtree Rd,Winston-salem,NC,27107,699900,4,3.5,,3383,69696,2007,37,207,,Active,,,https://www.redfin.com/NC/Winston-Salem/4176-Gumtree-Rd-27107/home/95009254,Triad MLS,1185539,N,Y,36.0091863,-80.1726213
MLS Listing,,Single Family Residential,1415 E 4th St,Winston-salem,NC,27101,175000,3,1.0,,1744,7405,1940,37,100,,Active,,,https://www.redfin.com/NC/Winston-Salem/1415-E-4th-St-27101/home/94862757,Triad MLS,1185608,N,Y,36.0884507,-80.2585034
MLS Listing,,Condo/Co-op,836 Oak St #301,Winston-salem,NC,27101,229900,1,1.0,,750,,1920,37,307,229,Active,,,https://www.redfin.com/NC/Winston-Salem/836-Oak-St-27101/unit-301/home/94851600,Triad MLS,1185687,N,Y,36.1056317,-80.2485194
MLS Listing,,Single Family Residential,3331 Carver School Rd,Winston-salem,NC,27105,235000,4,1.5,,1265,11761,1954,37,186,,Active,,,https://www.redfin.com/NC/Winston-Salem/3331-Carver-School-Rd-27105/home/94898325,Triad MLS,1185371,N,Y,36.1284595,-80.2063834
MLS Listing,,Single Family Residential,2187 Cleveland Ave,Winston-salem,NC,27105,235000,3,2.0,,1318,9147,2025,37,178,,Active,,,https://www.redfin.com/NC/Winston-Salem/2187-N-Cleveland-Ave-27105/home/196184614,Triad MLS,1185582,N,Y,36.1186637,-80.2300788
MLS Listing,,Single Family Residential,5421 High Valley Ln,Winston-salem,NC,27104,594900,4,3.0,Sherwood Forest,2811,20473,2025,37,212,23,Active,,,https://www.redfin.com/NC/Winston-Salem/5421-High-Valley-Ln-27104/home/184716157,Triad MLS,1185201,N,Y,36.0997879,-80.351337
MLS Listing,,Condo/Co-op,2920 Ramsgate Ct,Winston-salem,NC,27106,107000,2,1.5,Ramsgate Condo,1163,435,1970,38,92,422,Active,,,https://www.redfin.com/NC/Winston-Salem/2920-Ramsgate-Ct-27106/home/94963211,Triad MLS,1185677,N,Y,36.1271321,-80.2623886
