SALE TYPE,SOLD DATE,PROPERTY TYPE,ADDRESS,CITY,STATE OR PROVINCE,ZIP OR POSTAL CODE,PRICE,BEDS,BATHS,LOCATION,SQUARE FEET,LOT SIZE,YEAR BUILT,DAYS ON MARKET,$/SQUARE FEET,HOA/MONTH,STATUS,NEXT OPEN HOUSE START TIME,NEXT OPEN HOUSE END TIME,URL (SEE https://www.redfin.com/buy-a-home/comparative-market-analysis FOR INFO ON PRICING),SOURCE,MLS#,FAVORITE,INTERESTED,LATITUDE,LONGITUDE
"In accordance with local MLS rules, some MLS listings are not included in the download"
MLS Listing,,Vacant Land,3216 Broadway N,Fargo,ND,58102,850000,,,Fargo,,24829,,1,,,Active,,,https://www.redfin.com/ND/Fargo/3216-Broadway-N-58102/home/164790727,NORTHSTARMLS as Distributed by MLS Grid,6765246,N,Y,46.920108,-96.787811
MLS Listing,,Condo/Co-op,2550 18th St S #103,Fargo,ND,58103,160000,3,2.0,Fargo,1182,27312,1984,1,135,,Active,,,https://www.redfin.com/ND/Fargo/2550-18th-St-S-58103/unit-103/home/136144277,NORTHSTARMLS as Distributed by MLS Grid,6764070,N,Y,46.841046,-96.8101681
MLS Listing,,Single Family Residential,1808 25th Ave S,Fargo,ND,58103,315000,4,2.0,Fargo,1646,11412,1983,1,191,,Active,,,https://www.redfin.com/ND/Fargo/1808-25th-Ave-S-58103/home/136108201,NORTHSTARMLS as Distributed by MLS Grid,6765370,N,Y,46.8423935,-96.8118943
MLS Listing,,Single Family Residential,1610 2nd Ave S,Fargo,ND,58103,241900,2,2.0,Fargo,1504,7535,1954,1,161,,Active,,,https://www.redfin.com/ND/Fargo/1610-2nd-Ave-S-58103/home/136094109,NORTHSTARMLS as Distributed by MLS Grid,6758311,N,Y,46.8727638,-96.807533
MLS Listing,,Single Family Residential,1819 67th Ave S,Fargo,ND,58104,449900,4,3.0,Fargo,2491,9278,2022,1,181,,Active,August-3-2025 01:00 PM,August-3-2025 02:30 PM,https://www.redfin.com/ND/Fargo/1819-67th-Ave-S-58104/home/144636139,NORTHSTARMLS as Distributed by MLS Grid,6764557,N,Y,46.7842001,-96.8092807
MLS Listing,,Single Family Residential,3548 Buchanan St S,Fargo,ND,58104,410000,4,3.0,Fargo,2604,10062,2005,1,157,,Active,,,https://www.redfin.com/ND/Fargo/3548-Buchanan-St-S-58104/home/136085860,NORTHSTARMLS as Distributed by MLS Grid,6765145,N,Y,46.8264077,-96.8585195
MLS Listing,,Single Family Residential,2014 7th St N,Fargo,ND,58102,259900,2,2.0,Fargo,1796,6838,1954,1,145,,Active,,,https://www.redfin.com/ND/Fargo/2014-7th-St-N-58102/home/136437173,NORTHSTARMLS as Distributed by MLS Grid,6765105,N,Y,46.9062036,-96.788976
MLS Listing,,Townhouse,2820 35th Ave S,Fargo,ND,58104,235000,3,2.0,Fargo,1560,2134,1994,1,151,200,Active,,,https://www.redfin.com/ND/Fargo/2820-35th-Ave-S-58104/home/136449857,NORTHSTARMLS as Distributed by MLS Grid,6764568,N,Y,46.8270508,-96.8258479
MLS Listing,,Single Family Residential,6734 Belding Dr S,Fargo,ND,58104,339900,3,2.0,Selkirk Place,1917,4800,2025,1,177,,Active,,,https://www.redfin.com/ND/Prairie-Rose/6734-Belding-DR-S-58104/home/196756010,NORTHSTARMLS as Distributed by MLS Grid,6764221,N,Y,46.7868212384,-96.834493472
MLS Listing,,Single Family Residential,2356 20th Ave S,Fargo,ND,58103,199900,3,2.0,Fargo,1444,5662,1976,1,138,,Active,,,https://www.redfin.com/ND/Fargo/2356-20th-Ave-S-58103/home/136338577,NORTHSTARMLS as Distributed by MLS Grid,6764603,N,Y,46.8495292,-96.8158466
MLS Listing,,Single Family Residential,6297 57th Ave S,Fargo,ND,58104,315000,4,2.0,Fargo,2080,7318,2015,1,151,,Active,August-3-2025 03:00 PM,August-3-2025 04:30 PM,https://www.redfin.com/ND/Fargo/6297-57th-Ave-S-58104/home/187360272,NORTHSTARMLS as Distributed by MLS Grid,6764027,N,Y,46.7970112,-96.8917635
MLS Listing,,Single Family Residential,1525 29th Ave S,Fargo,ND,58103,340000,4,2.0,Fargo,2184,6534,1988,1,156,,Active,August-3-2025 01:00 PM,August-3-2025 02:30 PM,https://www.redfin.com/ND/Fargo/1525-29th-Ave-S-58103/home/136393439,NORTHSTARMLS as Distributed by MLS Grid,6763546,N,Y,46.8361183,-96.8034482
MLS Listing,,Single Family Residential,2208 10th St S,Fargo,ND,58103,310000,3,3.0,Fargo,1952,9100,1963,2,159,,Active,,,https://www.redfin.com/ND/Fargo/2208-10th-St-S-58103/home/136082021,NORTHSTARMLS as Distributed by MLS Grid,6761609,N,Y,46.8457611,-96.7943104
MLS Listing,,Single Family Residential,1338 8th St N,Fargo,ND,58102,260000,3,2.0,Fargo,2262,7361,1945,2,115,,Active,,,https://www.redfin.com/ND/Fargo/1338-8th-St-N-58102/home/136544742,NORTHSTARMLS as Distributed by MLS Grid,6763553,N,Y,46.8941855,-96.7910298
MLS Listing,,Single Family Residential,5149 7th Ln S,Fargo,ND,58103,279900,3,2.0,Fargo,1734,5706,1999,2,161,,Active,,,https://www.redfin.com/ND/Fargo/5149-7th-Ln-S-58103/home/136146961,NORTHSTARMLS as Distributed by MLS Grid,6763822,N,Y,46.8688617,-96.8718621
MLS Listing,,Single Family Residential,6279 59th Ave S,Fargo,ND,58104,309900,3,3.0,Fargo,1637,4965,2016,2,189,,Active,August-3-2025 01:00 PM,August-3-2025 02:30 PM,https://www.redfin.com/ND/Fargo/6279-59th-Ave-S-58104/home/136697543,NORTHSTARMLS as Distributed by MLS Grid,6763012,N,Y,46.7952874,-96.8906935
MLS Listing,,Single Family Residential,7315 27th St S,Fargo,ND,58104,450000,4,3.0,Fargo,2426,7492,2023,2,185,,Active,,,https://www.redfin.com/ND/Fargo/7315-27th-St-S-58104/home/196695055,NORTHSTARMLS as Distributed by MLS Grid,6763694,N,Y,46.7778809,-96.8234373
MLS Listing,,Single Family Residential,1035 University Dr N,Fargo,ND,58102,217500,2,1.0,Fargo,1252,6969,1915,2,174,,Active,,,https://www.redfin.com/ND/Fargo/1035-University-Dr-N-58102/home/136431466,NORTHSTARMLS as Distributed by MLS Grid,6762998,N,Y,46.888126,-96.797724
MLS Listing,,Single Family Residential,7494 Eagle Pointe Dr S,Fargo,ND,58104,499900,4,3.0,Fargo,2418,11891,2025,3,207,4,Active,,,https://www.redfin.com/ND/Fargo/7494-Eagle-Pointe-Dr-S-58104/home/164880350,NORTHSTARMLS as Distributed by MLS Grid,6763653,N,Y,46.775388,-96.804672
MLS Listing,,Single Family Residential,411 12th St N,Fargo,ND,58102,225000,3,2.0,Fargo,1643,6969,1912,3,137,,Active,,,https://www.redfin.com/ND/Fargo/411-12th-St-N-58102/home/136287227,NORTHSTARMLS as Distributed by MLS Grid,6762386,N,Y,46.8809777,-96.7966537
MLS Listing,,Single Family Residential,7405 Claire Dr S,Fargo,ND,58104,479900,4,3.0,Eagle Pointe,2443,12022,2025,3,196,4,Active,,,https://www.redfin.com/ND/Fargo/7405-Claire-Dr-S-58104/home/168770459,NORTHSTARMLS as Distributed by MLS Grid,6763415,N,Y,46.777287,-96.807168
MLS Listing,,Single Family Residential,2391 Eagle Valley Dr S,Fargo,ND,58104,319500,3,2.0,Fargo,1748,33207,2024,3,183,100,Active,,,https://www.redfin.com/ND/Fargo/2391-Eagle-Valley-Dr-S-58104/home/191945958,NORTHSTARMLS as Distributed by MLS Grid,6759454,N,Y,46.7777032,-96.8188321
MLS Listing,,Single Family Residential,1937 19th St S,Fargo,ND,58103,434900,4,4.0,Fargo,3046,10062,1983,3,143,,Active,,,https://www.redfin.com/ND/Fargo/1937-19th-St-S-58103/home/136478176,NORTHSTARMLS as Distributed by MLS Grid,6763038,N,Y,46.8490236,-96.8121351
MLS Listing,,Single Family Residential,1482 66th Ave S,Fargo,ND,58104,383323,4,2.0,Fargo,2108,6375,2024,3,182,,Active,,,https://www.redfin.com/ND/Fargo/1482-66th-Ave-S-58104/home/196682110,NORTHSTARMLS as Distributed by MLS Grid,6762635,N,Y,46.7845749,-96.803693
MLS Listing,,Single Family Residential,906 University Dr S,Fargo,ND,58103,131000,3,2.0,Fargo,1664,3789,1922,3,79,,Active,,,https://www.redfin.com/ND/Fargo/906-University-Dr-S-58103/home/136541471,NORTHSTARMLS as Distributed by MLS Grid,6761995,N,Y,46.8654581,-96.7980782
MLS Listing,,Single Family Residential,7394 21st St S,Fargo,ND,58104,364900,4,3.0,Fargo,2109,6229,2016,4,173,,Active,,,https://www.redfin.com/ND/Fargo/7394-21st-St-S-58104/home/136699364,NORTHSTARMLS as Distributed by MLS Grid,6762201,N,Y,46.7760856,-96.8138472
MLS Listing,,Single Family Residential,6715 Meadow View Dr S,Fargo,ND,58104,342935,3,2.0,Fargo,2083,4428,2024,4,165,,Active,,,https://www.redfin.com/ND/Fargo/1453-69th-Ave-S-58104/home/144636264,NORTHSTARMLS as Distributed by MLS Grid,6762625,N,Y,46.782429,-96.802447
MLS Listing,,Townhouse,5881 41 St S,Fargo,ND,58104,449900,3,3.0,Fargo,2141,2534,2022,4,210,125,Active,,,https://www.redfin.com/ND/Fargo/5881-41st-St-S-58104/home/196650507,NORTHSTARMLS as Distributed by MLS Grid,6762509,N,Y,46.7966517,-96.8495921
MLS Listing,,Townhouse,5887 41 St S,Fargo,ND,58104,389900,3,3.0,Fargo,1826,1507,2022,4,214,125,Active,,,https://www.redfin.com/ND/Fargo/5887-41st-St-S-58104/home/196649521,NORTHSTARMLS as Distributed by MLS Grid,6762486,N,Y,46.7964408,-96.8496154
MLS Listing,,Townhouse,5885 41 St S,Fargo,ND,58104,389900,3,3.0,Fargo,1826,1507,2022,4,214,125,Active,,,https://www.redfin.com/ND/Fargo/5885-41st-St-S-58104/home/196649001,NORTHSTARMLS as Distributed by MLS Grid,6762468,N,Y,46.7965021,-96.8496093
MLS Listing,,Townhouse,5879 41 St S,Fargo,ND,58104,389900,3,3.0,Fargo,1826,1259,2022,4,214,125,Active,,,https://www.redfin.com/ND/Fargo/5879-41st-St-S-58104/home/196648353,NORTHSTARMLS as Distributed by MLS Grid,6762456,N,Y,46.7967133,-96.849605
MLS Listing,,Townhouse,5877 41 St S,Fargo,ND,58104,389900,3,3.0,Fargo,1826,1259,2022,4,214,125,Active,,,https://www.redfin.com/ND/Fargo/5877-41st-St-S-58104/home/196645961,NORTHSTARMLS as Distributed by MLS Grid,6762405,N,Y,46.7967696,-96.8495992
MLS Listing,,Single Family Residential,1629 10th St S,Fargo,ND,58103,405000,4,2.0,Fargo,2453,9278,1953,4,165,,Active,August-3-2025 01:00 PM,August-3-2025 03:00 PM,https://www.redfin.com/ND/Fargo/1629-10th-St-S-58103/home/136414242,NORTHSTARMLS as Distributed by MLS Grid,6755253,N,Y,46.8545509,-96.7954508
MLS Listing,,Single Family Residential,2992 74th Ave S,Fargo,ND,58104,379900,4,2.0,Fargo,2190,8450,2023,4,173,,Active,August-3-2025 01:00 PM,August-3-2025 02:30 PM,https://www.redfin.com/ND/Fargo/2992-74th-Ave-S-58104/home/196640027,NORTHSTARMLS as Distributed by MLS Grid,6756560,N,Y,46.7767349,-96.8274076
MLS Listing,,Single Family Residential,7304 27th St S,Fargo,ND,58104,350000,3,2.0,Fargo,1828,7318,2022,6,191,,Active,August-3-2025 03:00 PM,August-3-2025 04:30 PM,https://www.redfin.com/ND/Fargo/7304-27th-St-S-58104/home/187362611,NORTHSTARMLS as Distributed by MLS Grid,6761844,N,Y,46.7780248,-96.8227912
MLS Listing,,Condo/Co-op,200 4th Ave N #408,Fargo,ND,58102,1699000,3,3.0,Fargo,2585,64686,2018,7,657,650,Active,,,https://www.redfin.com/ND/Fargo/200-4th-Ave-N-58102/unit-408/home/196617678,NORTHSTARMLS as Distributed by MLS Grid,6760906,N,Y,46.8791668,-96.7832502
MLS Listing,,Multi-Family (2-4 Unit),1109 10th St N,Fargo,ND,58102,215000,2,3.0,Fargo,1392,7840,1914,7,154,,Active,,,https://www.redfin.com/ND/Fargo/1109-10th-St-N-58102/home/136521181,NORTHSTARMLS as Distributed by MLS Grid,6761438,N,Y,46.8892788,-96.7934488
MLS Listing,,Single Family Residential,5956 58th St S,Fargo,ND,58104,359000,3,3.0,Fargo,1964,7143,2017,7,183,,Active,August-3-2025 01:00 PM,August-3-2025 02:30 PM,https://www.redfin.com/ND/Fargo/5956-58th-St-S-58104/home/187362298,NORTHSTARMLS as Distributed by MLS Grid,6761211,N,Y,46.7938938,-96.8861256
MLS Listing,,Condo/Co-op,3250 15th Ave S #2,Fargo,ND,58103,222000,3,2.0,Fargo,1415,93566,1979,7,157,350,Active,,,https://www.redfin.com/ND/Fargo/3250-15th-Ave-S-58103/unit-2/home/136572430,NORTHSTARMLS as Distributed by MLS Grid,6761116,N,Y,46.8565887,-96.8331055
MLS Listing,,Single Family Residential,6002 66th St S,Fargo,ND,58104,475000,5,3.0,Fargo,2946,8886,2017,7,161,,Active,,,https://www.redfin.com/ND/Fargo/6002-66th-St-S-58104/home/187362800,NORTHSTARMLS as Distributed by MLS Grid,6761232,N,Y,46.7936071,-96.895248
MLS Listing,,Townhouse,1341 E Rose Creek Pkwy S #8,Fargo,ND,58104,555000,2,3.0,Fargo,3040,3571,1992,7,183,150,Active,August-3-2025 03:00 PM,August-3-2025 04:30 PM,https://www.redfin.com/ND/Fargo/1341-E-Rose-Creek-Pkwy-S-58104/unit-8/home/136175190,NORTHSTARMLS as Distributed by MLS Grid,6761589,N,Y,46.8081525,-96.8077443
MLS Listing,,Single Family Residential,3337 Monroe St S,Fargo,ND,58104,375000,4,2.0,Fargo,2284,10367,2003,7,164,,Active,,,https://www.redfin.com/ND/Fargo/3337-Monroe-St-S-58104/home/136456932,NORTHSTARMLS as Distributed by MLS Grid,6759967,N,Y,46.8292374,-96.8579262
MLS Listing,,Single Family Residential,5811 41st St S,Fargo,ND,58104,625000,4,3.0,Fargo,3166,2165,2022,7,197,125,Active,,,https://www.redfin.com/ND/Fargo/5811-41st-St-S-58104/home/196612466,NORTHSTARMLS as Distributed by MLS Grid,6761450,N,Y,46.7971195,-96.8496484
MLS Listing,,Single Family Residential,5809 41st St S,Fargo,ND,58104,625000,4,3.0,Fargo,2,2165,2022,7,312500,125,Active,,,https://www.redfin.com/ND/Fargo/5809-41st-St-S-58104/home/196612162,NORTHSTARMLS as Distributed by MLS Grid,6761413,N,Y,46.7971126,-96.8494977
MLS Listing,,Single Family Residential,1902 23rd Ave S,Fargo,ND,58103,439900,4,3.0,Fargo,2912,9178,1985,7,151,,Active,August-3-2025 01:00 PM,August-3-2025 03:00 PM,https://www.redfin.com/ND/Fargo/1902-23rd-Ave-S-58103/home/136478657,NORTHSTARMLS as Distributed by MLS Grid,6759807,N,Y,46.8439936,-96.8168118
MLS Listing,,Single Family Residential,1031 Gibraltor Ave N,Fargo,ND,58102,70000,3,2.0,Fargo,1000,3200,2023,7,70,,Active,,,https://www.redfin.com/ND/Fargo/1031-Gibraltor-Ave-58102/home/196609551,NORTHSTARMLS as Distributed by MLS Grid,6760464,N,Y,46.9240484,-96.7948311
MLS Listing,,Condo/Co-op,3245 17 Ave S #101,Fargo,ND,58103,215000,2,2.0,Fargo,1132,23730,1978,8,190,200,Active,,,https://www.redfin.com/ND/Fargo/3245-17th-Ave-S-58103/unit-101/home/136182292,NORTHSTARMLS as Distributed by MLS Grid,6759781,N,Y,46.854549,-96.8324215
MLS Listing,,Single Family Residential,1125 5th St N,Fargo,ND,58102,649900,4,3.0,Fargo,3052,9847,1922,8,213,,Active,,,https://www.redfin.com/ND/Fargo/1125-5th-St-N-58102/home/136458971,NORTHSTARMLS as Distributed by MLS Grid,6760180,N,Y,46.8896396,-96.7857945
MLS Listing,,Townhouse,4284 Estate Dr S,Fargo,ND,58104,284500,4,4.0,Fargo,2202,4338,2010,8,129,17,Active,August-3-2025 01:00 PM,August-3-2025 02:30 PM,https://www.redfin.com/ND/Fargo/4284-Estate-Dr-S-58104/home/136056895,NORTHSTARMLS as Distributed by MLS Grid,6759962,N,Y,46.8150442,-96.8726288
MLS Listing,,Townhouse,4158 Arthur Dr S,Fargo,ND,58104,315000,3,3.0,Fargo,1959,1848,2018,8,161,,Active,,,https://www.redfin.com/ND/Fargo/4158-Arthur-Dr-58104/home/172036849,NORTHSTARMLS as Distributed by MLS Grid,6759476,N,Y,46.816758,-96.849098
MLS Listing,,Townhouse,4162 Arthur Dr S,Fargo,ND,58104,315000,3,3.0,Fargo,1959,1848,2018,8,161,,Active,August-3-2025 03:00 PM,August-3-2025 04:30 PM,https://www.redfin.com/ND/Fargo/4162-Arthur-Dr-58104/home/172036850,NORTHSTARMLS as Distributed by MLS Grid,6759385,N,Y,46.81676,-96.849266
MLS Listing,,Multi-Family (2-4 Unit),1261 10th St N,Fargo,ND,58102,274900,7,3.0,Fargo,2344,,1930,8,117,,Active,,,https://www.redfin.com/ND/Fargo/1261-10th-St-N-58102/home/136165870,NORTHSTARMLS as Distributed by MLS Grid,6755937,N,Y,46.892603,-96.7933701
MLS Listing,,Single Family Residential,813 12th St N,Fargo,ND,58102,269900,4,2.0,Fargo,1184,4660,1912,8,228,,Active,,,https://www.redfin.com/ND/Fargo/813-12th-St-N-58102/home/136521911,NORTHSTARMLS as Distributed by MLS Grid,6759138,N,Y,46.8852572,-96.7965421
MLS Listing,,Single Family Residential,1425 7th St N,Fargo,ND,58102,215000,2,1.0,Fargo,1170,7502,1946,9,184,,Active,August-3-2025 03:00 PM,August-3-2025 04:30 PM,https://www.redfin.com/ND/Fargo/1425-7th-St-N-58102/home/136450589,NORTHSTARMLS as Distributed by MLS Grid,6759886,N,Y,46.8961807,-96.7888371
MLS Listing,,Single Family Residential,1112 University Dr S,Fargo,ND,58103,329000,4,3.0,Fargo,2962,10497,1923,9,111,,Active,,,https://www.redfin.com/ND/Fargo/1112-University-Dr-S-58103/home/136569230,NORTHSTARMLS as Distributed by MLS Grid,6759876,N,Y,46.86325,-96.7981119
MLS Listing,,Single Family Residential,1526 9th Ave S,Fargo,ND,58103,185000,2,1.0,Fargo,624,7850,1923,9,296,,Active,,,https://www.redfin.com/ND/Fargo/1526-9th-Ave-S-58103/home/136276588,NORTHSTARMLS as Distributed by MLS Grid,6755658,N,Y,46.8655926,-96.8054074
MLS Listing,,Townhouse,1172 Eagle Park Dr S,Fargo,ND,58104,485000,4,3.0,Fargo,2568,158689,1999,9,189,274,Active,,,https://www.redfin.com/ND/Fargo/1172-Eagle-Park-Dr-S-58104/home/136433686,NORTHSTARMLS as Distributed by MLS Grid,6755560,N,Y,46.8261647,-96.7999343
MLS Listing,,Single Family Residential,1115 9th St N,Fargo,ND,58102,189900,2,2.0,Fargo,1441,4399,1920,9,132,,Active,,,https://www.redfin.com/ND/Fargo/1115-9th-St-N-58102/home/136566575,NORTHSTARMLS as Distributed by MLS Grid,6757855,N,Y,46.8891195,-96.7918574
MLS Listing,,Multi-Family (2-4 Unit),609 3rd St N,Fargo,ND,58102,329900,8,4.0,Fargo,3089,6969,1900,9,107,,Active,,,https://www.redfin.com/ND/Fargo/609-3rd-St-N-58102/home/136424082,NORTHSTARMLS as Distributed by MLS Grid,6759140,N,Y,46.88265,-96.7828799
MLS Listing,,Single Family Residential,66 Meadowlark Ln N,Fargo,ND,58102,390000,4,3.0,Fargo,2347,11020,1967,10,166,,Active,August-3-2025 03:00 PM,August-3-2025 04:30 PM,https://www.redfin.com/ND/Fargo/66-Meadowlark-Ln-N-58102/home/136175403,NORTHSTARMLS as Distributed by MLS Grid,6756952,N,Y,46.9109341,-96.7723867
MLS Listing,,Single Family Residential,117 Broadway N #200,Fargo,ND,58102,204900,1,1.0,Fargo,642,10497,1911,10,319,170,Active,,,https://www.redfin.com/ND/Fargo/117-Broadway-N-58102/unit-200/home/187360000,NORTHSTARMLS as Distributed by MLS Grid,6759332,N,Y,46.8776532,-96.7872737
MLS Listing,,Condo/Co-op,1110 3rd Ave N Unit 604W,Fargo,ND,58102,219900,1,2.0,Fargo,1000,50224,1978,10,220,225,Active,,,https://www.redfin.com/ND/Fargo/1110-3rd-Ave-N-58102/unit-604W/home/136592979,NORTHSTARMLS as Distributed by MLS Grid,6759691,N,Y,46.8792081,-96.7962052
MLS Listing,,Single Family Residential,109 18th Ave N,Fargo,ND,58102,249000,4,2.0,Fargo,2206,7718,1951,10,113,,Active,,,https://www.redfin.com/ND/Fargo/109-18th-Ave-N-58102/home/136349300,NORTHSTARMLS as Distributed by MLS Grid,6754718,N,Y,46.9021656,-96.7809907
MLS Listing,,Single Family Residential,322 19th St N,Fargo,ND,58102,215000,2,2.0,Fargo,1075,6969,1925,10,200,,Active,,,https://www.redfin.com/ND/Fargo/322-19th-St-N-58102/home/136115509,NORTHSTARMLS as Distributed by MLS Grid,6758214,N,Y,46.8804395,-96.8109951
MLS Listing,,Single Family Residential,2724 34th Ave S,Fargo,ND,58104,294900,3,3.0,Fargo,1750,6466,1996,10,169,,Active,,,https://www.redfin.com/ND/Fargo/2724-34th-Ave-S-58104/home/136219149,NORTHSTARMLS as Distributed by MLS Grid,6758731,N,Y,46.8291709,-96.8244219
MLS Listing,,Single Family Residential,1309 17th St S,Fargo,ND,58103,324900,4,2.0,Fargo,2188,7492,1969,11,148,,Active,,,https://www.redfin.com/ND/Fargo/1309-17th-St-S-58103/home/136479558,NORTHSTARMLS as Distributed by MLS Grid,6758989,N,Y,46.8611171,-96.809392
MLS Listing,,Single Family Residential,1501 69th Ave S,Fargo,ND,58104,315000,4,2.0,Fargo,2120,5787,2018,11,149,,Active,,,https://www.redfin.com/ND/Fargo/1501-69th-Ave-S-58104/home/172037027,NORTHSTARMLS as Distributed by MLS Grid,6758846,N,Y,46.7824121,-96.8044788
MLS Listing,,Condo/Co-op,2308 18th St S Unit H,Fargo,ND,58103,129900,2,1.0,Fargo,936,31363,1978,11,139,200,Active,,,https://www.redfin.com/ND/Fargo/2308-18th-St-S-58103/unit-H/home/136454132,NORTHSTARMLS as Distributed by MLS Grid,6758459,N,Y,46.844368,-96.8143594
MLS Listing,,Single Family Residential,2126 5th Ave S,Fargo,ND,58103,295000,4,2.0,Fargo,1916,6882,1998,11,154,,Active,,,https://www.redfin.com/ND/Fargo/2126-5th-Ave-S-58103/home/136219484,NORTHSTARMLS as Distributed by MLS Grid,6756226,N,Y,46.8695384,-96.8154918
MLS Listing,,Single Family Residential,1322 9th Ave S,Fargo,ND,58103,175000,3,1.0,Fargo,1360,9147,1923,11,129,,Active,,,https://www.redfin.com/ND/Fargo/1322-9th-Ave-S-58103/home/136451805,NORTHSTARMLS as Distributed by MLS Grid,6758554,N,Y,46.8655292,-96.7996928
MLS Listing,,Single Family Residential,226 30th Ave N,Fargo,ND,58102,345000,4,2.0,Fargo,2328,9801,1970,12,148,,Active,,,https://www.redfin.com/ND/Fargo/226-30th-Ave-N-58102/home/136140609,NORTHSTARMLS as Distributed by MLS Grid,6754590,N,Y,46.9174413,-96.781745
MLS Listing,,Single Family Residential,6765 Belding Dr S,Fargo,ND,58104,375620,3,3.0,Fargo,1976,4769,2025,13,190,,Active,,,https://www.redfin.com/ND/Prairie-Rose/6765-Belding-DR-S-58104/home/196505662,NORTHSTARMLS as Distributed by MLS Grid,6757935,N,Y,46.7867358877,-96.8352306176
MLS Listing,,Condo/Co-op,1129 22nd St S Unit B09,Fargo,ND,58103,110000,2,2.0,Fargo,967,38376,1978,13,114,250,Active,,,https://www.redfin.com/ND/Fargo/1129-22nd-St-S-58103/unit-B09/home/136449307,NORTHSTARMLS as Distributed by MLS Grid,6756672,N,Y,46.8633914,-96.8158477
MLS Listing,,Single Family Residential,1908 23rd St S,Fargo,ND,58103,415000,5,4.0,Fargo,2449,11848,1977,14,169,,Active,,,https://www.redfin.com/ND/Fargo/1908-23rd-St-S-58103/home/136338476,NORTHSTARMLS as Distributed by MLS Grid,6753116,N,Y,46.8498424,-96.8127773
MLS Listing,,Single Family Residential,6707 54th Ave S,Fargo,ND,58104,615000,5,4.0,Fargo,3719,11630,2021,14,165,,Active,,,https://www.redfin.com/ND/Fargo/6707-54th-Ave-S-58104/home/188969846,NORTHSTARMLS as Distributed by MLS Grid,6756598,N,Y,46.8005036,-96.8982875
MLS Listing,,Single Family Residential,6230 21st St S,Fargo,ND,58104,534622,3,2.0,Fargo,1816,7497,2025,14,294,150,Active,,,https://www.redfin.com/ND/Fargo/6230-21st-St-S-58104/home/196500906,NORTHSTARMLS as Distributed by MLS Grid,6757167,N,Y,46.7909665,-96.8131136
MLS Listing,,Condo/Co-op,801 6th Ave N Unit E20,Fargo,ND,58102,94900,2,1.0,Fargo,1005,43560,1963,14,94,189,Active,,,https://www.redfin.com/ND/Fargo/801-6th-Ave-N-58102/unit-E20/home/136394122,NORTHSTARMLS as Distributed by MLS Grid,6754789,N,Y,46.8828322,-96.7915292
MLS Listing,,Single Family Residential,3310 28th Ave S,Fargo,ND,58103,450000,4,3.0,Fargo,2524,11848,1996,14,178,,Active,August-3-2025 03:00 PM,August-3-2025 04:30 PM,https://www.redfin.com/ND/Fargo/3310-28th-Ave-S-58103/home/136069333,NORTHSTARMLS as Distributed by MLS Grid,6751869,N,Y,46.839965,-96.8324229
MLS Listing,,Single Family Residential,1596 75th Ave S,Fargo,ND,58104,785000,5,4.0,Fargo,3644,20443,2016,14,215,4,Active,,,https://www.redfin.com/ND/Fargo/1596-75th-Ave-S-58104/home/164837726,NORTHSTARMLS as Distributed by MLS Grid,6757468,N,Y,46.7750009,-96.8081708
MLS Listing,,Single Family Residential,1117 3rd Ave S,Fargo,ND,58103,399900,5,3.0,Fargo,3768,7448,1905,14,106,,Active,August-3-2025 01:00 PM,August-3-2025 02:30 PM,https://www.redfin.com/ND/Fargo/1117-3rd-Ave-S-58103/home/136508290,NORTHSTARMLS as Distributed by MLS Grid,6756374,N,Y,46.8720378,-96.7970002
MLS Listing,,Single Family Residential,1118 8th Ave S,Fargo,ND,58103,250000,4,3.0,Fargo,2972,7000,1924,14,84,,Active,,,https://www.redfin.com/ND/Fargo/1118-8th-Ave-S-58103/home/136541448,NORTHSTARMLS as Distributed by MLS Grid,6756859,N,Y,46.8665831,-96.7975696
MLS Listing,,Single Family Residential,3008 18th St S,Fargo,ND,58103,250000,3,1.0,Fargo,1040,5633,1980,14,240,,Active,,,https://www.redfin.com/ND/Fargo/3008-18th-St-S-58103/home/136492034,NORTHSTARMLS as Distributed by MLS Grid,6755733,N,Y,46.8354562,-96.810045
MLS Listing,,Single Family Residential,1729 49th St S,Fargo,ND,58103,269900,3,2.0,Fargo,1930,4530,1998,14,140,,Active,,,https://www.redfin.com/ND/Fargo/1729-49th-St-S-58103/home/136146847,NORTHSTARMLS as Distributed by MLS Grid,6756798,N,Y,46.85356,-96.86929
MLS Listing,,Single Family Residential,1714 2nd Ave S,Fargo,ND,58103,264900,3,1.0,Fargo,1210,9060,1955,14,219,,Active,,,https://www.redfin.com/ND/Fargo/1714-2nd-Ave-S-58103/home/136131489,NORTHSTARMLS as Distributed by MLS Grid,6756581,N,Y,46.8727363,-96.8099533
MLS Listing,,Single Family Residential,7479 18th St S,Fargo,ND,58104,375000,3,2.0,Fargo,1532,6229,2018,15,245,,Active,,,https://www.redfin.com/ND/Fargo/7479-18th-St-S-58104/home/144636123,NORTHSTARMLS as Distributed by MLS Grid,6756486,N,Y,46.7755233,-96.8114665
MLS Listing,,Single Family Residential,3671 Crimson Loop S,Fargo,ND,58104,625000,5,4.0,Fargo,3668,11804,2017,15,170,,Active,,,https://www.redfin.com/ND/Fargo/3671-Crimson-Loop-S-58104/home/136698259,NORTHSTARMLS as Distributed by MLS Grid,6756322,N,Y,46.823195,-96.8790837
MLS Listing,,Condo/Co-op,117 Broadway N #204,Fargo,ND,58102,199900,1,1.0,Fargo,603,31092,1911,15,332,166,Active,August-3-2025 10:00 AM,August-3-2025 12:00 PM,https://www.redfin.com/ND/Fargo/117-Broadway-N-58102/unit-204/home/187358360,NORTHSTARMLS as Distributed by MLS Grid,6756469,N,Y,46.8776532,-96.7872737
MLS Listing,,Condo/Co-op,4249 51st St S,Fargo,ND,58104,270000,4,4.0,Fargo,1949,2570,2010,15,139,75,Active,,,https://www.redfin.com/ND/Fargo/4249-51st-St-S-58104/home/136376736,NORTHSTARMLS as Distributed by MLS Grid,6756080,N,Y,46.8155711,-96.873761
MLS Listing,,Single Family Residential,1830 5th Ave S,Fargo,ND,58103,275000,3,2.0,Fargo,1596,14000,1922,15,172,,Active,,,https://www.redfin.com/ND/Fargo/1830-5th-Ave-S-58103/home/136543062,NORTHSTARMLS as Distributed by MLS Grid,6756409,N,Y,46.8695468,-96.8121793
MLS Listing,,Single Family Residential,2803 33rd St S,Fargo,ND,58103,390000,4,3.0,Fargo,2628,11456,1993,16,148,,Active,,,https://www.redfin.com/ND/Fargo/2803-33rd-St-S-58103/home/136286894,NORTHSTARMLS as Distributed by MLS Grid,6754412,N,Y,46.8399179,-96.8316206
MLS Listing,,Single Family Residential,3625 Taylor St S,Fargo,ND,58104,419000,4,3.0,Fargo,2672,10236,2007,16,157,,Active,,,https://www.redfin.com/ND/Fargo/3625-Taylor-St-S-58104/home/136325907,NORTHSTARMLS as Distributed by MLS Grid,6750572,N,Y,46.8243373,-96.8553894
MLS Listing,,Single Family Residential,1455 66th Ave S,Fargo,ND,58104,495133,3,2.0,Fargo,1666,7800,2024,16,297,,Active,,,https://www.redfin.com/ND/Fargo/1455-66th-Ave-S-58104/home/194285468,NORTHSTARMLS as Distributed by MLS Grid,6756075,N,Y,46.785109,-96.802653
MLS Listing,,Condo/Co-op,1437 Broadway N #101,Fargo,ND,58102,170000,2,2.0,Fargo,1553,90169,1973,16,109,301,Active,,,https://www.redfin.com/ND/Fargo/1437-Broadway-N-58102/unit-101/home/136428038,NORTHSTARMLS as Distributed by MLS Grid,6690141,N,Y,46.8965172,-96.7872205
MLS Listing,,Condo/Co-op,311 Prairiewood Cir S #202,Fargo,ND,58103,100000,2,1.0,Fargo,910,53404,1978,16,110,150,Active,,,https://www.redfin.com/ND/Fargo/311-Prairiewood-Cir-S-58103/unit-202/home/136429886,NORTHSTARMLS as Distributed by MLS Grid,6754546,N,Y,46.8503506,-96.8357304
MLS Listing,,Single Family Residential,4822 34th Ave S,Fargo,ND,58104,349000,3,3.0,Fargo,1944,4791,2013,17,180,,Active,,,https://www.redfin.com/ND/Fargo/4822-34th-Ave-S-58104/home/136511683,NORTHSTARMLS as Distributed by MLS Grid,6751018,N,Y,46.8284376,-96.8685284
MLS Listing,,Single Family Residential,921 16th St S,Fargo,ND,58103,279000,4,2.0,Fargo,2094,7710,1949,17,133,,Active,August-3-2025 03:00 PM,August-3-2025 04:30 PM,https://www.redfin.com/ND/Fargo/921-16th-St-S-58103/home/136042727,NORTHSTARMLS as Distributed by MLS Grid,6755503,N,Y,46.864902,-96.8067992
MLS Listing,,Townhouse,4832 51st Ave S,Fargo,ND,58104,294000,3,2.0,Fargo,1672,4550,2007,17,176,,Active,,,https://www.redfin.com/ND/Fargo/4832-51st-Ave-S-58104/home/136341279,NORTHSTARMLS as Distributed by MLS Grid,6754254,N,Y,46.8044499,-96.8698249
MLS Listing,,Single Family Residential,1137 11th St N,Fargo,ND,58102,230000,4,2.0,Fargo,1560,7056,1916,17,147,,Active,,,https://www.redfin.com/ND/Fargo/1137-11th-St-N-58102/home/136099665,NORTHSTARMLS as Distributed by MLS Grid,6754456,N,Y,46.8900866,-96.7950825
MLS Listing,,Single Family Residential,1592 69th Ave S,Fargo,ND,58104,379900,3,3.0,Fargo,2117,8232,2019,18,179,,Active,August-3-2025 03:00 PM,August-3-2025 04:30 PM,https://www.redfin.com/ND/Fargo/1592-69th-Ave-S-58104/home/172037036,NORTHSTARMLS as Distributed by MLS Grid,6753889,N,Y,46.7819657,-96.8067461
MLS Listing,,Single Family Residential,3113 8th St N,Fargo,ND,58102,290000,4,3.0,Fargo,2343,8260,1963,18,124,,Active,August-3-2025 01:00 PM,August-3-2025 02:30 PM,https://www.redfin.com/ND/Fargo/3113-8th-St-N-58102/home/136564777,NORTHSTARMLS as Distributed by MLS Grid,6751772,N,Y,46.918287,-96.7894588
MLS Listing,,Condo/Co-op,3237 17th Ave S #101,Fargo,ND,58103,165000,2,2.0,Fargo,1132,29533,1977,18,146,275,Active,August-3-2025 01:00 PM,August-3-2025 02:30 PM,https://www.redfin.com/ND/Fargo/3237-17th-Ave-S-58103/unit-101/home/136146366,NORTHSTARMLS as Distributed by MLS Grid,6752440,N,Y,46.8545576,-96.8319367
MLS Listing,,Single Family Residential,726 Oak St N,Fargo,ND,58102,309000,4,2.0,Fargo,1994,5711,1914,19,155,,Active,,,https://www.redfin.com/ND/Fargo/726-Oak-St-N-58102/home/136414379,NORTHSTARMLS as Distributed by MLS Grid,6752460,N,Y,46.8840576,-96.7789368
MLS Listing,,Single Family Residential,406 22nd St S,Fargo,ND,58103,235000,3,2.0,Fargo,1560,6359,1972,20,151,,Active,,,https://www.redfin.com/ND/Fargo/406-22nd-St-S-58103/home/136238180,NORTHSTARMLS as Distributed by MLS Grid,6754238,N,Y,46.8714907,-96.8150501
MLS Listing,,Single Family Residential,1636 2nd Ave S,Fargo,ND,58103,209000,2,1.0,Fargo,768,8407,1951,21,272,,Active,,,https://www.redfin.com/ND/Fargo/1636-2nd-Ave-S-58103/home/136430205,NORTHSTARMLS as Distributed by MLS Grid,6752620,N,Y,46.8727644,-96.8087763
MLS Listing,,Single Family Residential,7339 24th St S,Fargo,ND,58104,335000,4,3.0,Fargo,2170,5357,2020,21,154,,Active,,,https://www.redfin.com/ND/Fargo/7339-24th-St-S-58104/home/175404798,NORTHSTARMLS as Distributed by MLS Grid,6753984,N,Y,46.7773475,-96.8188511
MLS Listing,,Single Family Residential,6656 Belding Dr S,Fargo,ND,58104,439900,4,3.0,Selkirk,1894,8614,2025,21,232,,Active,August-3-2025 01:00 PM,August-3-2025 02:30 PM,https://www.redfin.com/ND/Fargo/6656-Belding-Dr-S-58104/home/196356352,NORTHSTARMLS as Distributed by MLS Grid,6753590,N,Y,46.78661,-96.832403
MLS Listing,,Single Family Residential,4703 Woodhaven St S,Fargo,ND,58104,835000,5,3.0,Fargo,4530,17669,2008,21,184,,Active,,,https://www.redfin.com/ND/Fargo/4703-Woodhaven-St-S-58104/home/136397215,NORTHSTARMLS as Distributed by MLS Grid,6753457,N,Y,46.8099392,-96.8522309
MLS Listing,,Single Family Residential,3402 Par St N,Fargo,ND,58102,389900,3,2.0,Fargo,2123,10846,1976,22,184,,Active,,,https://www.redfin.com/ND/Fargo/3402-Par-St-N-58102/home/136055513,NORTHSTARMLS as Distributed by MLS Grid,6752919,N,Y,46.9217068,-96.7698987
MLS Listing,,Townhouse,4394 46th Ave S Unit B,Fargo,ND,58104,329900,3,4.0,Fargo,1848,61724,2004,22,179,275,Active,,,https://www.redfin.com/ND/Fargo/4394-46th-Ave-S-58104/unit-B/home/136085875,NORTHSTARMLS as Distributed by MLS Grid,6752667,N,Y,46.8116081,-96.8600887
MLS Listing,,Single Family Residential,51 6th Ave N,Fargo,ND,58102,344000,5,3.0,Fargo,3002,8232,1905,22,115,,Active,,,https://www.redfin.com/ND/Fargo/51-6th-Ave-N-58102/home/136557877,NORTHSTARMLS as Distributed by MLS Grid,6752965,N,Y,46.8824565,-96.7788855
MLS Listing,,Single Family Residential,2902 24th Ave S,Fargo,ND,58103,445000,5,4.0,Fargo,2947,9060,1986,22,151,,Active,,,https://www.redfin.com/ND/Fargo/2902-24th-Ave-S-58103/home/136389589,NORTHSTARMLS as Distributed by MLS Grid,6752391,N,Y,46.8431724,-96.8251866
MLS Listing,,Single Family Residential,3730 Taylor St S,Fargo,ND,58104,415000,4,3.0,Fargo,2896,10239,2007,22,143,,Active,,,https://www.redfin.com/ND/Fargo/3730-Taylor-St-S-58104/home/136048912,NORTHSTARMLS as Distributed by MLS Grid,6752513,N,Y,46.8221559,-96.8545387
MLS Listing,,Single Family Residential,6028 59th Ave S,Fargo,ND,58104,415000,4,3.0,Fargo,2544,6229,2016,23,163,,Active,,,https://www.redfin.com/ND/Fargo/6028-59th-Ave-S-58104/home/187362326,NORTHSTARMLS as Distributed by MLS Grid,6750657,N,Y,46.7947675,-96.8886046
MLS Listing,,Single Family Residential,3624 Decorah Way,Fargo,ND,58104,520320,4,3.0,Fargo,2436,7140,2025,23,214,100,Active,,,https://www.redfin.com/ND/Horace/3624-Decorah-WAY-Unknown/home/196325096,NORTHSTARMLS as Distributed by MLS Grid,6752637,N,Y,46.8248600981,-96.8672886847
MLS Listing,,Single Family Residential,4801 Decorah Way S,Fargo,ND,58104,539020,4,3.0,Fargo,2088,9091,2025,23,258,100,Active,,,https://www.redfin.com/ND/Prairie-Rose/4801-Decorah-WAY-S-58104/home/196324295,NORTHSTARMLS as Distributed by MLS Grid,6752563,N,Y,46.8249663853,-96.8677866019
MLS Listing,,Condo/Co-op,2440 15th St S Unit B14,Fargo,ND,58103,200000,2,2.0,Fargo,1620,62334,1976,23,123,275,Active,,,https://www.redfin.com/ND/Fargo/2440-15th-St-S-58103/unit-B14/home/136221464,NORTHSTARMLS as Distributed by MLS Grid,6741156,N,Y,46.8444012,-96.8033696
MLS Listing,,Condo/Co-op,2636 18th St S #8,Fargo,ND,58103,250000,2,2.0,Fargo,1265,31493,1980,23,198,200,Active,,,https://www.redfin.com/ND/Fargo/2636-18th-St-S-58103/unit-8/home/136429614,NORTHSTARMLS as Distributed by MLS Grid,6751086,N,Y,46.8390832,-96.8101523
MLS Listing,,Single Family Residential,2510 10th St N,Fargo,ND,58102,389900,3,2.0,Fargo,2112,9278,1958,24,185,,Active,,,https://www.redfin.com/ND/Fargo/2510-10th-St-N-58102/home/136297372,NORTHSTARMLS as Distributed by MLS Grid,6751396,N,Y,46.9103952,-96.79378
MLS Listing,,Single Family Residential,1329 12th St N,Fargo,ND,58102,204900,4,2.0,Fargo,1588,6969,1928,24,129,,Active,,,https://www.redfin.com/ND/Fargo/1329-12th-St-N-58102/home/136166274,NORTHSTARMLS as Distributed by MLS Grid,6750322,N,Y,46.8939259,-96.7963708
MLS Listing,,Single Family Residential,1610 9th St N,Fargo,ND,58102,192000,2,2.0,Fargo,832,7013,1949,24,231,,Active,,,https://www.redfin.com/ND/Fargo/1610-9th-St-N-58102/home/136115597,NORTHSTARMLS as Distributed by MLS Grid,6750700,N,Y,46.8998699,-96.7924094
MLS Listing,,Single Family Residential,3501 19th St S,Fargo,ND,58104,385000,4,2.0,Fargo,1840,8755,1989,24,209,,Active,,,https://www.redfin.com/ND/Fargo/3501-19th-St-S-58104/home/136468947,NORTHSTARMLS as Distributed by MLS Grid,6750986,N,Y,46.8270565,-96.8124512
MLS Listing,,Single Family Residential,802 11th Ave N,Fargo,ND,58102,259000,5,2.0,Fargo,2289,3615,1920,25,113,,Active,,,https://www.redfin.com/ND/Fargo/802-11th-Ave-N-58102/home/136566732,NORTHSTARMLS as Distributed by MLS Grid,6749830,N,Y,46.8883488,-96.791265
MLS Listing,,Single Family Residential,5501 Farmstead Ct S,Fargo,ND,58104,445000,4,3.0,Fargo,2900,12763,2005,26,153,,Active,,,https://www.redfin.com/ND/Fargo/5501-Farmstead-Ct-S-58104/home/136470273,NORTHSTARMLS as Distributed by MLS Grid,6748170,N,Y,46.8180852,-96.8776178
MLS Listing,,Single Family Residential,2833 1st St N,Fargo,ND,58102,389900,4,2.0,Fargo,3274,10410,1972,29,119,,Active,August-3-2025 01:00 PM,August-3-2025 02:30 PM,https://www.redfin.com/ND/Fargo/2833-1st-St-N-58102/home/136428400,NORTHSTARMLS as Distributed by MLS Grid,6745780,N,Y,46.9134755,-96.7776947
MLS Listing,,Single Family Residential,4592 44th St S,Fargo,ND,58104,370000,5,2.0,Fargo,1996,10497,2003,29,185,,Active,,,https://www.redfin.com/ND/Fargo/4592-44th-St-S-58104/home/136056082,NORTHSTARMLS as Distributed by MLS Grid,6723866,N,Y,46.8122278,-96.8592393
MLS Listing,,Single Family Residential,921 6th Ave N,Fargo,ND,58102,169900,4,2.0,Fargo,1536,3963,1917,30,111,,Active,,,https://www.redfin.com/ND/Fargo/921-6th-Ave-N-58102/home/136162469,NORTHSTARMLS as Distributed by MLS Grid,6748088,N,Y,46.8827956,-96.7937834
MLS Listing,,Single Family Residential,1509 14th St S,Fargo,ND,58103,290000,4,2.0,Fargo,1428,8232,1953,30,203,,Active,,,https://www.redfin.com/ND/Fargo/1509-14th-St-S-58103/home/136443353,NORTHSTARMLS as Distributed by MLS Grid,6748556,N,Y,46.8571594,-96.8020347
MLS Listing,,Condo/Co-op,2402 18th St S #3,Fargo,ND,58103,129000,2,1.0,Fargo,921,84419,1978,31,140,150,Active,,,https://www.redfin.com/ND/Fargo/2402-18th-St-S-58103/unit-3/home/136394943,NORTHSTARMLS as Distributed by MLS Grid,6747583,N,Y,46.8441798,-96.8139675
MLS Listing,,Single Family Residential,3129 7th St N,Fargo,ND,58102,297000,3,3.0,Fargo,2128,9365,1969,31,140,,Active,,,https://www.redfin.com/ND/Fargo/3129-7th-St-N-58102/home/136570363,NORTHSTARMLS as Distributed by MLS Grid,6747968,N,Y,46.919059,-96.7882822
MLS Listing,,Single Family Residential,2309 9th St S,Fargo,ND,58103,312500,3,3.0,Fargo,2272,9100,1965,31,138,,Active,August-2-2025 01:00 PM,August-2-2025 02:30 PM,https://www.redfin.com/ND/Fargo/2309-9th-St-S-58103/home/136571660,NORTHSTARMLS as Distributed by MLS Grid,6745083,N,Y,46.8446287,-96.793804
MLS Listing,,Single Family Residential,1140 19th St N,Fargo,ND,58102,175000,3,2.0,Fargo,2104,6969,1938,31,83,,Active,,,https://www.redfin.com/ND/Fargo/1140-19th-St-N-58102/home/136556681,NORTHSTARMLS as Distributed by MLS Grid,6747540,N,Y,46.8900417,-96.8111089
MLS Listing,,Single Family Residential,429 9th Ave S,Fargo,ND,58103,399900,4,2.0,Fargo,1704,6969,1907,32,235,,Active,,,https://www.redfin.com/ND/Fargo/429-9th-Ave-S-58103/home/136135155,NORTHSTARMLS as Distributed by MLS Grid,6744053,N,Y,46.8657513,-96.7876235
MLS Listing,,Single Family Residential,3109 41st Ave S,Fargo,ND,58104,897900,7,5.0,Fargo,6350,15420,2012,33,141,,Active,,,https://www.redfin.com/ND/Fargo/3109-41st-Ave-S-58104/home/136381416,NORTHSTARMLS as Distributed by MLS Grid,6699432,N,Y,46.8167726,-96.8273693
MLS Listing,,Townhouse,4583 44th St S,Fargo,ND,58104,315000,3,3.0,Fargo,2032,3179,2003,35,155,213,Active,,,https://www.redfin.com/ND/Fargo/4583-44th-St-S-58104/home/136321423,NORTHSTARMLS as Distributed by MLS Grid,6743976,N,Y,46.8124818,-96.8600435
MLS Listing,,Single Family Residential,113 23rd St S,Fargo,ND,58103,130000,2,1.0,Fargo,596,6969,1953,35,218,,Active,,,https://www.redfin.com/ND/Fargo/113-23rd-St-S-58103/home/136402759,NORTHSTARMLS as Distributed by MLS Grid,6746372,N,Y,46.8743169,-96.8168453
MLS Listing,,Single Family Residential,7326 28th St S,Fargo,ND,58104,449000,3,3.0,Fargo,1746,7492,2022,35,257,,Active,,,https://www.redfin.com/ND/Fargo/7326-28th-St-S-58104/home/187359509,NORTHSTARMLS as Distributed by MLS Grid,6746221,N,Y,46.7777273,-96.823995
MLS Listing,,Single Family Residential,4996 37th Ave S,Fargo,ND,58104,345000,3,3.0,Fargo,1651,4965,2022,35,209,,Active,,,https://www.redfin.com/ND/Fargo/4996-37th-Ave-S-58104/home/184019497,NORTHSTARMLS as Distributed by MLS Grid,6745944,N,Y,46.8224226,-96.8715126
MLS Listing,,Condo/Co-op,5409 University Dr S Unit D,Fargo,ND,58104,304900,2,2.0,Fargo,1500,453241,2000,36,203,320,Active,,,https://www.redfin.com/ND/Fargo/5409-University-Dr-S-58104/unit-D/home/136340427,NORTHSTARMLS as Distributed by MLS Grid,6746094,N,Y,46.80084,-96.806384
MLS Listing,,Single Family Residential,1245 1st St N,Fargo,ND,58102,324000,2,2.0,Fargo,2170,9713,1948,36,149,,Active,,,https://www.redfin.com/ND/Fargo/1245-1st-St-N-58102/home/136538481,NORTHSTARMLS as Distributed by MLS Grid,6746064,N,Y,46.8920423,-96.7797826
MLS Listing,,Multi-Family (2-4 Unit),1101 4th Ave S,Fargo,ND,58103,255000,5,4.0,Fargo,2736,,1899,37,93,,Active,,,https://www.redfin.com/ND/Fargo/1101-4th-Ave-S-58103/home/190340607,NORTHSTARMLS as Distributed by MLS Grid,6719170,N,Y,46.8709682,-96.7964262
MLS Listing,,Multi-Family (2-4 Unit),1414-1416 S 6th Ave S,Fargo,ND,58103,265000,6,4.0,Fargo,1188,6098,1920,37,223,,Active,,,https://www.redfin.com/ND/Fargo/1414-1416-6th-Ave-S-58103/home/196188799,NORTHSTARMLS as Distributed by MLS Grid,6744904,N,Y,46.868502,-96.802082
MLS Listing,,Single Family Residential,2524 25th Ave S,Fargo,ND,58103,286900,4,2.0,Fargo,2512,6316,1986,37,114,63,Active,August-3-2025 03:00 PM,August-3-2025 04:30 PM,https://www.redfin.com/ND/Fargo/2524-25th-Ave-S-58103/home/136134168,NORTHSTARMLS as Distributed by MLS Grid,6742454,N,Y,46.842308,-96.8212082
MLS Listing,,Single Family Residential,25 Birch Ln S,Fargo,ND,58103,440000,4,3.0,Fargo,2980,11194,1977,37,148,,Active,,,https://www.redfin.com/ND/Fargo/25-Birch-Ln-S-58103/home/136299476,NORTHSTARMLS as Distributed by MLS Grid,6744086,N,Y,46.8539069,-96.8291342
MLS Listing,,Single Family Residential,1253 3rd St N,Fargo,ND,58102,275000,3,2.0,Fargo,1964,6969,1956,38,140,,Active,,,https://www.redfin.com/ND/Fargo/1253-3rd-St-N-58102/home/136526916,NORTHSTARMLS as Distributed by MLS Grid,6743322,N,Y,46.8923143,-96.7828038
MLS Listing,,Single Family Residential,6724 32nd St S,Fargo,ND,58104,404900,4,3.0,Fargo,2126,5570,2025,38,190,,Active,,,https://www.redfin.com/ND/Fargo/6724-32nd-St-S-58104/home/196179927,NORTHSTARMLS as Distributed by MLS Grid,6740392,N,Y,46.7869907,-96.8313281
MLS Listing,,Single Family Residential,1321 4th St N,Fargo,ND,58102,264000,2,2.0,Fargo,1354,6838,1928,39,195,,Active,,,https://www.redfin.com/ND/Fargo/1321-4th-St-N-58102/home/136573174,NORTHSTARMLS as Distributed by MLS Grid,6737852,N,Y,46.880842,-96.798962
MLS Listing,,Vacant Land,3650 Veterans Blvd S,Fargo,ND,58104,555000,,,Fargo,,,,39,,,Active,,,https://www.redfin.com/ND/Fargo/3650-Veterans-Blvd-S-58104/home/136698269,NORTHSTARMLS as Distributed by MLS Grid,6743992,N,Y,46.8022179,-96.8817779
MLS Listing,,Single Family Residential,6719 Belding Dr S,Fargo,ND,58104,348730,4,2.0,Fargo,1932,4760,2025,39,181,,Active,,,https://www.redfin.com/ND/Prairie-Rose/6719-Belding-DR-S-58104/home/196166616,NORTHSTARMLS as Distributed by MLS Grid,6743693,N,Y,46.7866440964,-96.833005034
MLS Listing,,Single Family Residential,6759 Belding Dr S,Fargo,ND,58104,324995,3,2.0,Fargo,1469,4769,2025,40,221,,Active,,,https://www.redfin.com/ND/Prairie-Rose/6759-Belding-DR-S-58104/home/196162515,NORTHSTARMLS as Distributed by MLS Grid,6742288,N,Y,46.786690168,-96.8317470651
MLS Listing,,Single Family Residential,118 36th Ave N,Fargo,ND,58102,240000,3,2.0,Fargo,1621,5227,1986,40,148,,Active,,,https://www.redfin.com/ND/Fargo/118-36th-Ave-N-58102/home/136371559,NORTHSTARMLS as Distributed by MLS Grid,6742353,N,Y,46.9238295,-96.7791229
MLS Listing,,Single Family Residential,619 University Dr S,Fargo,ND,58103,310000,3,2.0,Fargo,2464,6969,1907,42,126,,Active,,,https://www.redfin.com/ND/Fargo/619-University-Dr-S-58103/home/136440145,NORTHSTARMLS as Distributed by MLS Grid,6739911,N,Y,46.8680825,-96.7987241
MLS Listing,,Single Family Residential,6847 Belding Dr S,Fargo,ND,58104,349820,3,3.0,Selkirk,1646,4522,2025,42,213,,Active,,,https://www.redfin.com/ND/Prairie-Rose/6847-Belding-DR-S-58104/home/196151520,NORTHSTARMLS as Distributed by MLS Grid,6742976,N,Y,46.7865888652,-96.8301992
MLS Listing,,Single Family Residential,4450 48th St S,Fargo,ND,58104,429900,4,2.0,Fargo,2410,9100,2005,42,178,,Active,,,https://www.redfin.com/ND/Fargo/4450-48th-St-S-58104/home/136495099,NORTHSTARMLS as Distributed by MLS Grid,6741082,N,Y,46.8130477,-96.8677311
MLS Listing,,Single Family Residential,1449 66th Ave S,Fargo,ND,58104,655559,4,3.0,Fargo,2570,9206,2024,42,255,,Active,,,https://www.redfin.com/ND/Fargo/1449-66th-Ave-S-58104/home/194241399,NORTHSTARMLS as Distributed by MLS Grid,6742668,N,Y,46.785106,-96.802389
MLS Listing,,Single Family Residential,2566 69th Ave S,Fargo,ND,58104,353600,2,2.0,Fargo,1475,6765,2025,42,240,,Active,,,https://www.redfin.com/ND/Fargo/2566-69th-Ave-S-58104/home/196145746,NORTHSTARMLS as Distributed by MLS Grid,6742470,N,Y,46.783067,-96.82088
MLS Listing,,Single Family Residential,7328 Aquiline Dr S,Fargo,ND,58104,444900,3,3.0,Fargo,1929,6250,2022,42,231,,Active,,,https://www.redfin.com/ND/Fargo/7328-Aquiline-Dr-S-58104/home/192200153,NORTHSTARMLS as Distributed by MLS Grid,6740444,N,Y,46.7776664,-96.8157871
MLS Listing,,Condo/Co-op,2501 30th Ave S #203,Fargo,ND,58103,415000,2,2.0,Fargo,1771,121009,1997,42,234,405,Active,,,https://www.redfin.com/ND/Fargo/2501-30th-Ave-S-58103/unit-203/home/136355472,NORTHSTARMLS as Distributed by MLS Grid,6741944,N,Y,46.8364339,-96.820808
MLS Listing,,Condo/Co-op,2419 25 1/2 Ave S #205,Fargo,ND,58103,154900,2,1.0,Fargo,1008,24959,1982,42,154,175,Active,,,https://www.redfin.com/ND/Fargo/2419-25-1-2-Ave-S-58103/unit-205/home/136527920,NORTHSTARMLS as Distributed by MLS Grid,6742382,N,Y,46.841957,-96.8190593
MLS Listing,,Single Family Residential,513 10th St S,Fargo,ND,58103,244900,4,3.0,Fargo,1386,6490,1896,43,177,,Active,,,https://www.redfin.com/ND/Fargo/513-10th-St-S-58103/home/136414633,NORTHSTARMLS as Distributed by MLS Grid,6738132,N,Y,46.8690884,-96.7952429
MLS Listing,,Condo/Co-op,1129 22nd St S Unit B12,Fargo,ND,58103,125000,2,1.0,Fargo,967,38376,1978,43,129,250,Active,,,https://www.redfin.com/ND/Fargo/1129-22nd-St-S-58103/unit-B12/home/136348702,NORTHSTARMLS as Distributed by MLS Grid,6733694,N,Y,46.8633914,-96.8158477
MLS Listing,,Multi-Family (2-4 Unit),402 23rd St S,Fargo,ND,58103,240000,6,3.0,Fargo,2964,,1928,43,81,,Active,,,https://www.redfin.com/ND/Fargo/402-23rd-St-S-58103/home/136097744,NORTHSTARMLS as Distributed by MLS Grid,6737406,N,Y,46.8715946,-96.8165619
MLS Listing,,Single Family Residential,3050 18th St S,Fargo,ND,58103,240000,3,2.0,Fargo,1672,3876,1993,43,144,,Active,,,https://www.redfin.com/ND/Fargo/3050-18th-St-S-58103/home/136468315,NORTHSTARMLS as Distributed by MLS Grid,6739691,N,Y,46.8338612,-96.8100798
MLS Listing,,Condo/Co-op,12 Broadway N #201,Fargo,ND,58102,915000,2,2.0,Fargo,2160,16291,2004,44,424,442,Active,,,https://www.redfin.com/ND/Fargo/12-Broadway-N-58102/unit-201/home/136550530,NORTHSTARMLS as Distributed by MLS Grid,6741440,N,Y,46.8752993,-96.7883544
MLS Listing,,Single Family Residential,1479 66th Ave S,Fargo,ND,58104,533058,4,3.0,Fargo,2277,6630,2024,44,234,,Active,August-3-2025 03:00 PM,August-3-2025 04:30 PM,https://www.redfin.com/ND/Fargo/1479-66th-Ave-S-58104/home/195589728,NORTHSTARMLS as Distributed by MLS Grid,6741418,N,Y,46.785117,-96.803675
MLS Listing,,Townhouse,1365 Highpointe Dr N,Fargo,ND,58102,459900,4,3.0,Fargo,3702,6005,2003,45,124,275,Active,,,https://www.redfin.com/ND/Fargo/1365-Highpointe-Dr-N-58102/home/136446439,NORTHSTARMLS as Distributed by MLS Grid,6734856,N,Y,46.8943165,-96.7896147
MLS Listing,,Single Family Residential,1031 College St N,Fargo,ND,58102,269000,5,3.0,Fargo,1890,7000,1957,45,142,,Active,,,https://www.redfin.com/ND/Fargo/1031-College-St-N-58102/home/136286739,NORTHSTARMLS as Distributed by MLS Grid,6740199,N,Y,46.8880269,-96.7992393
MLS Listing,,Single Family Residential,6728 Ashwood Loop,Fargo,ND,58104,779900,4,4.0,Fargo,3750,14766,2018,45,208,,Active,,,https://www.redfin.com/ND/Fargo/6728-Ashwood-Loop-58104/home/136514194,NORTHSTARMLS as Distributed by MLS Grid,6739262,N,Y,46.7979337,-96.8993285
MLS Listing,,Condo/Co-op,1110 3rd Ave N Unit 201E,Fargo,ND,58102,173900,2,2.0,Fargo,1000,50224,1978,45,174,,Active,,,https://www.redfin.com/ND/Fargo/1110-3rd-Ave-N-58102/unit-201E/home/136300573,NORTHSTARMLS as Distributed by MLS Grid,6739958,N,Y,46.8792081,-96.7962052
MLS Listing,,Single Family Residential,6611 Belding Dr S,Fargo,ND,58104,359900,3,2.0,Fargo,1917,9147,2025,45,188,,Active,,,https://www.redfin.com/ND/Prairie-Rose/6611-Belding-DR-S-58104/home/195591016,NORTHSTARMLS as Distributed by MLS Grid,6740601,N,Y,46.7872905252,-96.8333950769
MLS Listing,,Condo/Co-op,2501 30th Ave S #109,Fargo,ND,58103,349900,1,1.0,Fargo,1451,121009,1997,45,241,353,Active,,,https://www.redfin.com/ND/Fargo/2501-30th-Ave-S-58103/unit-109/home/136464480,NORTHSTARMLS as Distributed by MLS Grid,6738966,N,Y,46.8364339,-96.820808
MLS Listing,,Single Family Residential,2819 33rd St S,Fargo,ND,58103,400000,4,3.0,Fargo,2752,10806,1992,45,145,,Active,,,https://www.redfin.com/ND/Fargo/2819-33rd-St-S-58103/home/136218042,NORTHSTARMLS as Distributed by MLS Grid,6737432,N,Y,46.8392701,-96.8316458
MLS Listing,,Single Family Residential,2319 10th St S,Fargo,ND,58103,284900,3,3.0,Fargo,2240,9060,1963,45,127,,Active,,,https://www.redfin.com/ND/Fargo/2319-10th-St-S-58103/home/136082000,NORTHSTARMLS as Distributed by MLS Grid,6739310,N,Y,46.8444252,-96.7950407
MLS Listing,,Single Family Residential,2924 Prairie Farms Cir S,Fargo,ND,58104,889900,5,3.0,Fargo,3490,13155,2025,46,255,4,Active,,,https://www.redfin.com/ND/Fargo/2924-Prairie-Farms-Cir-S-58104/home/168770562,NORTHSTARMLS as Distributed by MLS Grid,6740031,N,Y,46.7984545,-96.8274071
MLS Listing,,Vacant Land,6648 Selkirk Dr S,Fargo,ND,58104,495000,,,Fargo,,91911,,46,,,Active,,,https://www.redfin.com/ND/Fargo/6648-Selkirk-Dr-S-58104/home/196113506,NORTHSTARMLS as Distributed by MLS Grid,6739851,N,Y,46.7862774,-96.8293996
MLS Listing,,Single Family Residential,1413 4th St N,Fargo,ND,58102,549900,4,3.0,Fargo,4184,13547,1973,47,131,,Active,,,https://www.redfin.com/ND/Fargo/1413-4th-St-N-58102/home/136572202,NORTHSTARMLS as Distributed by MLS Grid,6739256,N,Y,46.8959325,-96.7841617
MLS Listing,,Single Family Residential,3113 Bohnet Blvd N,Fargo,ND,58102,409000,4,3.0,Fargo,2338,9713,1980,48,175,,Active,,,https://www.redfin.com/ND/Fargo/3113-Bohnet-Blvd-N-58102/home/136402734,NORTHSTARMLS as Distributed by MLS Grid,6736652,N,Y,46.9188303,-96.7679127
MLS Listing,,Vacant Land,6783 Belding Dr S,Fargo,ND,58104,49900,,,Fargo,,,,49,,,Active,,,https://www.redfin.com/ND/Prairie-Rose/6783-Belding-DR-S-58104/home/196082214,NORTHSTARMLS as Distributed by MLS Grid,6734766,N,Y,46.7850986943,-96.8324917463
MLS Listing,,Vacant Land,TBD S 40th Ave S,Fargo,ND,58104,900000,,,Fargo,,1,,49,,,Active,,,https://www.redfin.com/ND/Fargo/TBD-40th-Ave-S-58104/home/196080888,NORTHSTARMLS as Distributed by MLS Grid,6738772,N,Y,46.8188743121,-96.8760329408
MLS Listing,,Single Family Residential,3127 Peterson Pkwy N,Fargo,ND,58102,630000,6,5.0,Fargo,4912,17946,1985,49,128,,Active,August-3-2025 03:00 PM,August-3-2025 04:30 PM,https://www.redfin.com/ND/Fargo/3127-Peterson-Pkwy-N-58102/home/136379134,NORTHSTARMLS as Distributed by MLS Grid,6709615,N,Y,46.9191746,-96.7664779
MLS Listing,,Single Family Residential,824 9th St N,Fargo,ND,58102,179900,4,2.0,Fargo,1819,6969,1907,49,99,,Active,,,https://www.redfin.com/ND/Fargo/824-9th-St-N-58102/home/136368854,NORTHSTARMLS as Distributed by MLS Grid,6737652,N,Y,46.8856999,-96.7927497
MLS Listing,,Single Family Residential,3211 30th Ave S,Fargo,ND,58103,267000,3,2.0,Fargo,2180,6141,1994,49,122,,Active,,,https://www.redfin.com/ND/Fargo/3211-30th-Ave-S-58103/home/136130884,NORTHSTARMLS as Distributed by MLS Grid,6736800,N,Y,46.8372444,-96.8311084
MLS Listing,,Condo/Co-op,2711 12th St S Unit A2,Fargo,ND,58103,160000,3,2.0,Fargo,1242,57368,1964,50,129,550,Active,,,https://www.redfin.com/ND/Fargo/2711-12th-St-S-58103/unit-A2/home/136575271,NORTHSTARMLS as Distributed by MLS Grid,6735490,N,Y,46.8383829,-96.7972536
MLS Listing,,Townhouse,4388 52nd St S,Fargo,ND,58104,349900,3,3.0,Fargo,2604,6446,2004,50,134,,Active,,,https://www.redfin.com/ND/Fargo/4388-52nd-St-S-58104/home/136399657,NORTHSTARMLS as Distributed by MLS Grid,6728930,N,Y,46.8138771,-96.8749865
MLS Listing,,Single Family Residential,7339 21st St S,Fargo,ND,58104,435000,5,3.0,Fargo,2800,6500,2018,51,155,,Active,,,https://www.redfin.com/ND/Fargo/7339-21st-St-S-58104/home/136699658,NORTHSTARMLS as Distributed by MLS Grid,6737097,N,Y,46.7775108,-96.8138889
MLS Listing,,Condo/Co-op,234 Main Ave #717,Fargo,ND,58103,520000,2,2.0,Fargo,1513,1513,2023,52,344,350,Active,,,https://www.redfin.com/ND/Fargo/234-Main-Ave-58103/unit-717/home/196039130,NORTHSTARMLS as Distributed by MLS Grid,6736458,N,Y,46.8736946,-96.7820481
MLS Listing,,Single Family Residential,5962 57th Ave S,Fargo,ND,58104,359900,3,3.0,Fargo,1923,6098,2014,52,187,,Active,,,https://www.redfin.com/ND/Fargo/5962-57th-Ave-S-58104/home/136678111,NORTHSTARMLS as Distributed by MLS Grid,6735435,N,Y,46.7964942,-96.8869227
MLS Listing,,Single Family Residential,715 49th St S,Fargo,ND,58103,314999,4,2.0,Fargo,1742,11238,1996,52,181,,Active,,,https://www.redfin.com/ND/Fargo/715-49th-St-S-58103/home/136464462,NORTHSTARMLS as Distributed by MLS Grid,6733941,N,Y,46.8687329,-96.8687808
MLS Listing,,Single Family Residential,1345 4th St N,Fargo,ND,58102,355000,3,2.0,Fargo,1771,6856,1930,52,200,,Active,,,https://www.redfin.com/ND/Fargo/1345-4th-St-N-58102/home/136379662,NORTHSTARMLS as Distributed by MLS Grid,6732356,N,Y,46.8944484,-96.7842364
MLS Listing,,Single Family Residential,1522 1st Ave S,Fargo,ND,58103,249000,2,2.0,Fargo,1100,7550,1914,53,226,,Active,,,https://www.redfin.com/ND/Fargo/1522-1st-Ave-S-58103/home/136460254,NORTHSTARMLS as Distributed by MLS Grid,6731311,N,Y,46.8738047,-96.8050567
MLS Listing,,Condo/Co-op,319 Broadway N #306,Fargo,ND,58102,399900,2,1.0,Fargo,1175,9801,1913,53,340,439,Active,,,https://www.redfin.com/ND/Fargo/319-Broadway-N-58102/unit-306/home/136232482,NORTHSTARMLS as Distributed by MLS Grid,6735737,N,Y,46.8797345,-96.7875276
MLS Listing,,Townhouse,1415 W Gateway Cir S #14,Fargo,ND,58103,270000,2,2.0,Fargo,2045,90779,1984,55,132,250,Active,,,https://www.redfin.com/ND/Fargo/1415-W-Gateway-Cir-S-58103/unit-14/home/136291138,NORTHSTARMLS as Distributed by MLS Grid,6714568,N,Y,46.8597303,-96.8264744
MLS Listing,,Single Family Residential,1602 11th St N,Fargo,ND,58102,154900,4,2.0,Fargo,1232,7013,1916,55,126,,Active,,,https://www.redfin.com/ND/Fargo/1602-11th-St-N-58102/home/136581232,NORTHSTARMLS as Distributed by MLS Grid,6734399,N,Y,46.8995767,-96.7953784
MLS Listing,,Multi-Family (2-4 Unit),721 8th St N,Fargo,ND,58102,250000,5,4.0,Fargo,3194,,1925,56,78,,Active,,,https://www.redfin.com/ND/Fargo/721-8th-St-N-58102/home/136393969,NORTHSTARMLS as Distributed by MLS Grid,6734913,N,Y,46.8840627,-96.7905527
MLS Listing,,Single Family Residential,4337 66th St S,Fargo,ND,58104,799000,5,4.0,Fargo,2529,36590,2009,56,316,,Active,,,https://www.redfin.com/ND/Fargo/4337-66th-St-S-58104/home/136502865,NORTHSTARMLS as Distributed by MLS Grid,6730555,N,Y,46.8155163,-96.8993641
MLS Listing,,Single Family Residential,1633 1st St N,Fargo,ND,58102,260000,5,2.0,Fargo,1524,7448,1951,56,171,,Active,,,https://www.redfin.com/ND/Fargo/1633-1st-St-N-58102/home/136337493,NORTHSTARMLS as Distributed by MLS Grid,6731319,N,Y,46.9006208,-96.7799131
MLS Listing,,Single Family Residential,1036 12th St N,Fargo,ND,58102,285000,5,2.0,Fargo,1904,7000,1916,56,150,,Active,,,https://www.redfin.com/ND/Fargo/1036-12th-St-N-58102/home/136428959,NORTHSTARMLS as Distributed by MLS Grid,6733646,N,Y,46.8881273,-96.7970662
MLS Listing,,Condo/Co-op,1110 3rd Ave N Unit 104E,Fargo,ND,58102,159900,2,2.0,Fargo,1000,50224,1978,56,160,225,Active,,,https://www.redfin.com/ND/Fargo/1110-3rd-Ave-N-58102/unit-104E/home/136162520,NORTHSTARMLS as Distributed by MLS Grid,6734372,N,Y,46.8792081,-96.7962052
MLS Listing,,Townhouse,1395 Highpointe Dr N,Fargo,ND,58102,439900,4,3.0,Fargo,3651,7100,2003,56,120,275,Active,,,https://www.redfin.com/ND/Fargo/1395-Highpointe-Dr-N-58102/home/136592206,NORTHSTARMLS as Distributed by MLS Grid,6724122,N,Y,46.8950195,-96.7895986
MLS Listing,,Single Family Residential,1538 10 St N,Fargo,ND,58102,220000,3,1.0,Fargo,1194,7000,1946,57,184,,Active,August-3-2025 01:00 PM,August-3-2025 02:30 PM,https://www.redfin.com/ND/Fargo/1538-10th-St-N-58102/home/136416337,NORTHSTARMLS as Distributed by MLS Grid,6720680,N,Y,46.8990328,-96.7939695
MLS Listing,,Vacant Land,6610 32nd St S,Fargo,ND,58102,165000,,,Selkirk,,20908,,57,,,Active,,,https://www.redfin.com/ND/Fargo/6610-32nd-St-S-58104/home/189105950,NORTHSTARMLS as Distributed by MLS Grid,6734159,N,Y,46.787085,-96.830725
MLS Listing,,Single Family Residential,1121 4th Ave S,Fargo,ND,58103,475000,5,2.0,Fargo,3779,7000,1902,57,126,,Active,,,https://www.redfin.com/ND/Fargo/1121-4th-Ave-S-58103/home/136420246,NORTHSTARMLS as Distributed by MLS Grid,6730041,N,Y,46.8709447,-96.7974395
MLS Listing,,Single Family Residential,4408 Riverwood Dr N,Fargo,ND,58102,669000,7,4.0,Fargo,4711,12719,2000,57,142,,Active,August-3-2025 01:00 PM,August-3-2025 02:30 PM,https://www.redfin.com/ND/Fargo/4408-Riverwood-Dr-N-58102/home/136338075,NORTHSTARMLS as Distributed by MLS Grid,6733522,N,Y,46.9381671,-96.7932632
MLS Listing,,Single Family Residential,1546 68th Ave S,Fargo,ND,58104,325000,4,2.0,Fargo,1912,4835,2020,57,170,,Active,,,https://www.redfin.com/ND/Fargo/1546-68th-Ave-S-58104/home/175404543,NORTHSTARMLS as Distributed by MLS Grid,6733568,N,Y,46.7828538,-96.805351
MLS Listing,,Single Family Residential,1044 16 St N,Fargo,ND,58102,2300000,2,2.0,Fargo,1308,5600,1925,57,1758,,Active,,,https://www.redfin.com/ND/Fargo/1044-16th-St-N-58102/home/136543225,NORTHSTARMLS as Distributed by MLS Grid,6733548,N,Y,46.8884501,-96.8064937
MLS Listing,,Single Family Residential,1442 11th Ave S,Fargo,ND,58103,334900,4,3.0,Fargo,2220,6621,1927,58,151,,Active,,,https://www.redfin.com/ND/Fargo/1442-11th-Ave-S-58103/home/136449152,NORTHSTARMLS as Distributed by MLS Grid,6731615,N,Y,46.863443,-96.8034043
MLS Listing,,Single Family Residential,4467 53rd St S,Fargo,ND,58104,349900,3,3.0,Fargo,1722,4875,2005,59,203,,Active,,,https://www.redfin.com/ND/Fargo/4467-53rd-St-S-58104/home/136211828,NORTHSTARMLS as Distributed by MLS Grid,6728976,N,Y,46.812215,-96.8773853
MLS Listing,,Single Family Residential,4465 53rd St S,Fargo,ND,58104,325000,2,2.0,Fargo,1452,4874,2005,59,224,,Active,,,https://www.redfin.com/ND/Fargo/4465-53rd-St-S-58104/home/136210245,NORTHSTARMLS as Distributed by MLS Grid,6726202,N,Y,46.812317,-96.8773913
MLS Listing,,Single Family Residential,1614 2nd St N,Fargo,ND,58102,219000,3,2.0,Fargo,1672,7143,1950,59,131,,Active,,,https://www.redfin.com/ND/Fargo/1614-2nd-St-N-58102/home/136536933,NORTHSTARMLS as Distributed by MLS Grid,6731375,N,Y,46.8996861,-96.7818513
MLS Listing,,Single Family Residential,7364 27th St S,Fargo,ND,58104,395000,4,4.0,Fargo,2557,6500,2022,60,154,,Active,August-3-2025 01:00 PM,August-3-2025 02:30 PM,https://www.redfin.com/ND/Fargo/7364-27th-St-S-58104/home/187362862,NORTHSTARMLS as Distributed by MLS Grid,6731608,N,Y,46.7771778,-96.8227878
MLS Listing,,Single Family Residential,2009 7th St N,Fargo,ND,58102,240000,3,1.0,Fargo,1860,6838,1954,60,129,,Active,,,https://www.redfin.com/ND/Fargo/2009-7th-St-N-58102/home/136589520,NORTHSTARMLS as Distributed by MLS Grid,6726459,N,Y,46.9060308,-96.7883632
MLS Listing,,Single Family Residential,1010 University Dr N,Fargo,ND,58102,214900,4,2.0,Fargo,1536,4486,1918,60,140,,Active,,,https://www.redfin.com/ND/Fargo/1010-University-Dr-N-58102/home/136217115,NORTHSTARMLS as Distributed by MLS Grid,6722520,N,Y,46.8643173,-96.7980199
MLS Listing,,Vacant Land,6810 32nd St S,Fargo,ND,58104,59000,,,Fargo,,,,62,,,Active,,,https://www.redfin.com/ND/Fargo/6810-32nd-St-S-58104/home/195965362,NORTHSTARMLS as Distributed by MLS Grid,6730438,N,Y,46.7870822,-96.8308613
MLS Listing,,Single Family Residential,4295 Bristlecone Loop S,Fargo,ND,58104,894900,3,3.0,Fargo,2550,13114,2025,62,351,,Active,,,https://www.redfin.com/ND/Fargo/4295-Bristlecone-Loop-S-58104/home/136686817,NORTHSTARMLS as Distributed by MLS Grid,6730662,N,Y,46.797704,-96.855499
MLS Listing,,Vacant Land,6837 Belding Dr S,Fargo,ND,58104,42900,,,Fargo,,,,63,,,Active,,,https://www.redfin.com/ND/Prairie-Rose/6837-Belding-DR-S-58104/home/195959532,NORTHSTARMLS as Distributed by MLS Grid,6730258,N,Y,46.7856808026,-96.8322161606
MLS Listing,,Vacant Land,6744 32nd St S,Fargo,ND,58104,59900,,,Fargo,,,,63,,,Active,,,https://www.redfin.com/ND/Fargo/6744-32nd-St-S-58104/home/195958065,NORTHSTARMLS as Distributed by MLS Grid,6729947,N,Y,46.7870822,-96.8308613
MLS Listing,,Vacant Land,6711 Belding Dr S,Fargo,ND,58104,49900,,,Selkirk 3rd Addition,,,,63,,,Active,,,https://www.redfin.com/ND/Prairie-Rose/6711-Belding-DR-S-58104/home/195958801,NORTHSTARMLS as Distributed by MLS Grid,6730128,N,Y,46.7854194095,-96.8316989648
MLS Listing,,Vacant Land,6820 32nd St S,Fargo,ND,58104,42900,,,Selkirk 3rd Addition,,,,63,,,Active,,,https://www.redfin.com/ND/Fargo/6820-32nd-St-S-58104/home/195958798,NORTHSTARMLS as Distributed by MLS Grid,6730462,N,Y,46.7870822,-96.8308613
MLS Listing,,Vacant Land,6809 32nd St S,Fargo,ND,58104,49900,,,Fargo,,,,63,,,Active,,,https://www.redfin.com/ND/Fargo/6809-32nd-St-S-58104/home/195958797,NORTHSTARMLS as Distributed by MLS Grid,6730145,N,Y,46.7869907,-96.8313281
MLS Listing,,Vacant Land,6823 Belding Dr S,Fargo,ND,58104,42900,,,Fargo,,,,63,,,Active,,,https://www.redfin.com/ND/Prairie-Rose/6823-Belding-DR-S-58104/home/195958796,NORTHSTARMLS as Distributed by MLS Grid,6730370,N,Y,46.7849443526,-96.8315683206
MLS Listing,,Vacant Land,6800 32nd St S,Fargo,ND,58104,59900,,,Fargo,,,,63,,,Active,,,https://www.redfin.com/ND/Fargo/6800-32nd-St-S-58104/home/195957340,NORTHSTARMLS as Distributed by MLS Grid,6730264,N,Y,46.7870822,-96.8308613
MLS Listing,,Vacant Land,6714 S 32nd St,Fargo,ND,58104,59900,,,Selkirk 3rd Addition,,,,63,,,Active,,,https://www.redfin.com/ND/Fargo/6714-32nd-St-S-58104/home/195957107,NORTHSTARMLS as Distributed by MLS Grid,6730231,N,Y,46.7870822,-96.8308613
MLS Listing,,Single Family Residential,2652 70 Ave S,Fargo,ND,58104,899000,5,3.0,Fargo,3280,11325,2020,64,274,,Active,,,https://www.redfin.com/ND/Fargo/2652-70th-Ave-S-58104/home/136686136,NORTHSTARMLS as Distributed by MLS Grid,6726534,N,Y,46.7812586,-96.8228035
MLS Listing,,Single Family Residential,4176 Arthur Dr S,Fargo,ND,58104,389255,2,2.0,Fargo,1440,62595,2024,64,270,100,Active,,,https://www.redfin.com/ND/Fargo/4176-Arthur-Dr-58104/home/183317304,NORTHSTARMLS as Distributed by MLS Grid,6729018,N,Y,46.8172584,-96.8493424
MLS Listing,,Single Family Residential,4150 Arthur Dr,Fargo,ND,58104,412705,3,2.0,Fargo,1535,62552,2024,64,269,100,Active,,,https://www.redfin.com/ND/Fargo/4150-Arthur-Dr-58104/home/183317298,NORTHSTARMLS as Distributed by MLS Grid,6729064,N,Y,46.8169998,-96.8489296
MLS Listing,,Single Family Residential,4174 Arthur Dr S,Fargo,ND,58104,408180,3,2.0,Fargo,1535,62552,2024,64,266,100,Active,,,https://www.redfin.com/ND/Fargo/4174-Arthur-Dr-58104/home/183317303,NORTHSTARMLS as Distributed by MLS Grid,6729258,N,Y,46.8172011,-96.8493393
MLS Listing,,Single Family Residential,4148 Arthur Dr S,Fargo,ND,58104,393955,2,2.0,Fargo,1440,62595,2025,64,274,100,Active,,,https://www.redfin.com/ND/Fargo/4148-Arthur-Dr-58104/home/183317297,NORTHSTARMLS as Distributed by MLS Grid,6729013,N,Y,46.8170809,-96.8489327
MLS Listing,,Condo/Co-op,220 8th St S Unit B2,Fargo,ND,58103,375000,2,2.0,Fargo,1472,22476,1980,65,255,250,Active,,,https://www.redfin.com/ND/Fargo/220-8th-St-S-58103/unit-B2/home/136081513,NORTHSTARMLS as Distributed by MLS Grid,6725970,N,Y,46.8717674,-96.7908116
MLS Listing,,Single Family Residential,1550 13 1/2 St S,Fargo,ND,58103,149000,2,1.0,Fargo,720,8058,1950,65,207,,Active,,,https://www.redfin.com/ND/Fargo/1550-13-1-2-St-S-58103/home/136115416,NORTHSTARMLS as Distributed by MLS Grid,6727827,N,Y,46.8558447,-96.7996894
MLS Listing,,Single Family Residential,2856 28th Ave S,Fargo,ND,58103,617000,4,4.0,Fargo,3510,11979,1987,65,176,105,Active,,,https://www.redfin.com/ND/Fargo/2856-28th-Ave-S-58103/home/136105410,NORTHSTARMLS as Distributed by MLS Grid,6727807,N,Y,46.8388824,-96.8265201
MLS Listing,,Single Family Residential,1908 65th Ave S,Fargo,ND,58104,572000,3,2.0,Fargo,2040,18774,2021,65,280,8,Active,August-3-2025 01:00 PM,August-3-2025 02:30 PM,https://www.redfin.com/ND/Fargo/1908-65th-Ave-S-58104/home/136091355,NORTHSTARMLS as Distributed by MLS Grid,6727022,N,Y,46.786798,-96.811165
MLS Listing,,Single Family Residential,2717 88th Ave S,Fargo,ND,58104,825000,3,3.0,Fargo,2831,217843,1971,65,291,,Active,,,https://www.redfin.com/ND/Fargo/2717-88th-Ave-S-58104/home/190303500,NORTHSTARMLS as Distributed by MLS Grid,6728024,N,Y,46.761554,-96.8243569
MLS Listing,,Single Family Residential,601 10th St S,Fargo,ND,58103,165000,3,1.0,Fargo,1412,5600,1907,66,117,,Active,,,https://www.redfin.com/ND/Fargo/601-10th-St-S-58103/home/136420738,NORTHSTARMLS as Distributed by MLS Grid,6726684,N,Y,46.868734,-96.7952854
MLS Listing,,Single Family Residential,3138 25th Ave S,Fargo,ND,58103,407800,4,3.0,Fargo,2384,11325,1993,70,171,105,Active,,,https://www.redfin.com/ND/Fargo/3138-25th-Ave-S-58103/home/136363087,NORTHSTARMLS as Distributed by MLS Grid,6726396,N,Y,46.8432678,-96.8293242
MLS Listing,,Single Family Residential,3667 Evergreen Rd N,Fargo,ND,58102,397500,4,3.0,Fargo,2440,10186,1975,70,163,,Active,,,https://www.redfin.com/ND/Fargo/3667-Evergreen-Rd-N-58102/home/136043068,NORTHSTARMLS as Distributed by MLS Grid,6722208,N,Y,46.9254487,-96.770558
MLS Listing,,Single Family Residential,2514 Willow Rd N,Fargo,ND,58102,359900,4,2.0,Fargo,2394,10497,1966,71,150,,Active,,,https://www.redfin.com/ND/Fargo/2514-Willow-Rd-N-58102/home/136111812,NORTHSTARMLS as Distributed by MLS Grid,6721738,N,Y,46.9099935,-96.7735893
MLS Listing,,Condo/Co-op,621 7th St S #204,Fargo,ND,58103,170000,3,2.0,Fargo,1350,13213,1970,71,126,150,Active,,,https://www.redfin.com/ND/Fargo/621-7th-St-S-58103/unit-204/home/136544999,NORTHSTARMLS as Distributed by MLS Grid,6718856,N,Y,46.8678609,-96.7906504
MLS Listing,,Multi-Family (2-4 Unit),728 8th St N,Fargo,ND,58102,225000,4,3.0,Fargo,2264,8276,1908,72,99,,Active,,,https://www.redfin.com/ND/Fargo/728-8th-St-N-58102/home/136572736,NORTHSTARMLS as Distributed by MLS Grid,6724300,N,Y,46.8844258,-96.7913236
MLS Listing,,Single Family Residential,1474 66th Ave S,Fargo,ND,58104,496827,4,3.0,Fargo,2884,7492,2024,73,172,,Active,August-3-2025 03:00 PM,August-3-2025 04:30 PM,https://www.redfin.com/ND/Fargo/1474-66th-Ave-S-58104/home/195611727,NORTHSTARMLS as Distributed by MLS Grid,6724144,N,Y,46.784573,-96.803471
MLS Listing,,Townhouse,1033 27th St N,Fargo,ND,58102,180000,3,2.0,Fargo,1284,4835,1971,73,140,,Active,,,https://www.redfin.com/ND/Fargo/1033-27th-St-N-58102/home/136267428,NORTHSTARMLS as Distributed by MLS Grid,6724816,N,Y,46.8882802,-96.8223583
MLS Listing,,Townhouse,1035 27th St N,Fargo,ND,58102,160000,2,1.0,Fargo,884,4965,1971,73,181,,Active,,,https://www.redfin.com/ND/Fargo/1035-27th-St-N-58102/home/136324515,NORTHSTARMLS as Distributed by MLS Grid,6724761,N,Y,46.8882879,-96.8224164
MLS Listing,,Single Family Residential,6009 27th St S,Fargo,ND,58104,949900,4,7.0,Fargo,5498,15550,2009,73,173,,Active,,,https://www.redfin.com/ND/Fargo/6009-27th-St-S-58104/home/136196926,NORTHSTARMLS as Distributed by MLS Grid,6721586,N,Y,46.7938829,-96.8238939
MLS Listing,,Single Family Residential,7358 30th St S,Fargo,ND,58104,474900,4,4.0,Fargo,2153,7797,2025,73,221,,Active,,,https://www.redfin.com/ND/Fargo/7358-30th-St-S-58104/home/195857253,NORTHSTARMLS as Distributed by MLS Grid,6720904,N,Y,46.7774671,-96.82745
MLS Listing,,Single Family Residential,1464 69th Ave S,Fargo,ND,58104,347519,4,2.0,Fargo,1983,5320,2024,73,175,,Active,,,https://www.redfin.com/ND/Fargo/1464-69th-Ave-S-58104/home/195843206,NORTHSTARMLS as Distributed by MLS Grid,6720782,N,Y,46.781864,-96.802836
MLS Listing,,Condo/Co-op,234 Main Ave #719,Fargo,ND,58103,700000,2,2.0,Fargo,1826,54145,2023,73,383,430,Active,,,https://www.redfin.com/ND/Fargo/234-Main-Ave-58103/unit-719/home/195227622,NORTHSTARMLS as Distributed by MLS Grid,6693065,N,Y,46.873603,-96.782207
MLS Listing,,Townhouse,779 Royal Oaks Dr N,Fargo,ND,58102,319900,2,3.0,Fargo,2655,2831,1988,74,120,250,Active,,,https://www.redfin.com/ND/Fargo/779-Royal-Oaks-Dr-N-58102/home/136570066,NORTHSTARMLS as Distributed by MLS Grid,6723399,N,Y,46.926838,-96.788213
MLS Listing,,Condo/Co-op,210 11th St N #103,Fargo,ND,58102,289900,2,2.0,Fargo,1040,12719,1916,75,279,200,Active,,,https://www.redfin.com/ND/Fargo/210-11th-St-N-58102/unit-103/home/188969479,NORTHSTARMLS as Distributed by MLS Grid,6723263,N,Y,46.8788366,-96.7959744
MLS Listing,,Condo/Co-op,210 11th St N #202,Fargo,ND,58102,339900,2,2.0,Fargo,1030,12719,1916,75,330,200,Active,,,https://www.redfin.com/ND/Fargo/210-11th-St-N-58102/unit-202/home/188969484,NORTHSTARMLS as Distributed by MLS Grid,6723272,N,Y,46.8788366,-96.7959744
MLS Listing,,Single Family Residential,1482 69th Ave S,Fargo,ND,58104,340220,3,3.0,Fargo,1806,5320,2024,75,188,,Active,,,https://www.redfin.com/ND/Fargo/1482-69th-Ave-S-58104/home/144636215,NORTHSTARMLS as Distributed by MLS Grid,6722668,N,Y,46.7818784,-96.8036463
MLS Listing,,Single Family Residential,1114 8th St N,Fargo,ND,58102,234900,2,2.0,Fargo,2108,6926,1916,76,111,,Active,,,https://www.redfin.com/ND/Fargo/1114-8th-St-N-58102/home/136336399,NORTHSTARMLS as Distributed by MLS Grid,6721199,N,Y,46.8892361,-96.791242
MLS Listing,,Single Family Residential,1630 7th St N,Fargo,ND,58102,280000,3,3.0,Fargo,1900,7013,1947,77,147,,Active,,,https://www.redfin.com/ND/Fargo/1630-7th-St-N-58102/home/136428612,NORTHSTARMLS as Distributed by MLS Grid,6722677,N,Y,46.9005635,-96.7894004
MLS Listing,,Townhouse,5050 Prosperity Way S,Fargo,ND,58104,864900,3,3.0,Fargo,3311,10410,2016,78,261,440,Active,,,https://www.redfin.com/ND/Fargo/5050-Prosperity-Way-S-58104/home/164896807,NORTHSTARMLS as Distributed by MLS Grid,6715136,N,Y,46.8069579,-96.8270541
MLS Listing,,Condo/Co-op,2501 30th Ave S #201,Fargo,ND,58103,791999,2,2.0,Fargo,2675,121009,1997,78,296,550,Active,,,https://www.redfin.com/ND/Fargo/2501-30th-Ave-S-58103/unit-201/home/136535645,NORTHSTARMLS as Distributed by MLS Grid,6721894,N,Y,46.8364339,-96.820808
MLS Listing,,Other,2318 15th St S Unit C11,Fargo,ND,58103,269000,2,2.0,Fargo,2308,71874,1973,78,117,200,Active,,,https://www.redfin.com/ND/Fargo/2318-15th-St-S-58103/unit-C11/home/136240624,NORTHSTARMLS as Distributed by MLS Grid,6719903,N,Y,46.844692,-96.8033422
MLS Listing,,Condo/Co-op,300 Broadway N #204,Fargo,ND,58102,549900,2,2.0,Fargo,1486,19209,2007,79,370,,Active,,,https://www.redfin.com/ND/Fargo/300-Broadway-N-58102/unit-204/home/136511597,NORTHSTARMLS as Distributed by MLS Grid,6720993,N,Y,46.87935,-96.7880549
MLS Listing,,Single Family Residential,6844 24th St S,Fargo,ND,58104,450000,3,3.0,Fargo,1745,9626,2013,79,258,,Active,,,https://www.redfin.com/ND/Fargo/6844-24th-St-S-58104/home/136333078,NORTHSTARMLS as Distributed by MLS Grid,6716796,N,Y,46.7837147,-96.8172338
MLS Listing,,Single Family Residential,40 S Terrace N,Fargo,ND,58102,285000,5,2.0,Fargo,2270,8058,1955,80,126,,Active,,,https://www.redfin.com/ND/Fargo/40-S-Terrace-N-58102/home/136585121,NORTHSTARMLS as Distributed by MLS Grid,6719061,N,Y,46.8830406,-96.7748713
MLS Listing,,Single Family Residential,2807 Edgewood Dr N,Fargo,ND,58102,410800,5,2.0,Fargo,2020,8712,1965,80,203,,Active,,,https://www.redfin.com/ND/Fargo/2807-Edgewood-Dr-N-58102/home/136241277,NORTHSTARMLS as Distributed by MLS Grid,6720216,N,Y,46.9129758,-96.7820092
MLS Listing,,Single Family Residential,6048 27th St S,Fargo,ND,58104,749000,5,5.0,Fargo,4038,17685,2009,80,185,,Active,August-3-2025 03:00 PM,August-3-2025 04:30 PM,https://www.redfin.com/ND/Fargo/6048-27th-St-S-58104/home/136512534,NORTHSTARMLS as Distributed by MLS Grid,6715746,N,Y,46.7936352,-96.8215682
MLS Listing,,Condo/Co-op,300 Main Ave #603,Fargo,ND,58103,365000,1,2.0,Fargo,1213,107157,2023,81,301,250,Active,,,https://www.redfin.com/ND/Fargo/300-Main-Ave-58103/unit-603/home/189121430,NORTHSTARMLS as Distributed by MLS Grid,6719506,N,Y,46.873273,-96.7833959
MLS Listing,,Multi-Family (2-4 Unit),"4203, 4209, 4213 51st St S",Fargo,ND,58104,800000,11,12.0,Fargo,6534,,2010,85,122,,Active,,,https://www.redfin.com/ND/Fargo/4203-51st-St-S-58104/home/136096690,NORTHSTARMLS as Distributed by MLS Grid,6717702,N,Y,46.8162146,-96.8734663
MLS Listing,,Condo/Co-op,210 11th St N #205,Fargo,ND,58102,185000,0,1.0,Fargo,635,12719,1916,85,291,200,Active,,,https://www.redfin.com/ND/Fargo/210-11th-St-N-58102/unit-205/home/188969486,NORTHSTARMLS as Distributed by MLS Grid,6717327,N,Y,46.8788366,-96.7959744
MLS Listing,,Condo/Co-op,2650 S 15th St S #203,Fargo,ND,58103,87500,1,1.0,Fargo,731,47001,1978,86,120,135,Active,,,https://www.redfin.com/ND/Fargo/2650-15th-St-S-58103/unit-203/home/136556612,NORTHSTARMLS as Distributed by MLS Grid,6716004,N,Y,46.8399861,-96.8010075
MLS Listing,,Townhouse,4970 Avery Ln S,Fargo,ND,58104,559900,3,3.0,Fargo,2683,7361,2016,86,209,150,Active,,,https://www.redfin.com/ND/Fargo/4970-Avery-Ln-S-58104/home/136704310,NORTHSTARMLS as Distributed by MLS Grid,6715182,N,Y,46.8067751,-96.8495402
MLS Listing,,Single Family Residential,1524 5th Ave S,Fargo,ND,58103,389000,5,3.0,Fargo,1968,6969,1914,86,198,,Active,,,https://www.redfin.com/ND/Fargo/1524-5th-Ave-S-58103/home/136568735,NORTHSTARMLS as Distributed by MLS Grid,6715989,N,Y,46.8695193,-96.8054701
MLS Listing,,Single Family Residential,130 S Woodcrest Dr N,Fargo,ND,58102,474500,4,3.0,Fargo,3906,1460,1969,86,121,,Active,,,https://www.redfin.com/ND/Fargo/130-S-Woodcrest-Dr-N-58102/home/136253398,NORTHSTARMLS as Distributed by MLS Grid,6716386,N,Y,46.9085318,-96.7690436
MLS Listing,,Single Family Residential,1011 10th Ave N,Fargo,ND,58102,224000,4,2.0,Fargo,1915,2962,1908,87,117,,Active,,,https://www.redfin.com/ND/Fargo/1011-10th-Ave-N-58102/home/136099734,NORTHSTARMLS as Distributed by MLS Grid,6716228,N,Y,46.8869615,-96.7945193
MLS Listing,,Single Family Residential,4226 Timberline Dr S,Fargo,ND,58104,894900,6,4.0,Fargo,4563,19994,1997,91,196,,Active,,,https://www.redfin.com/ND/Fargo/4226-Timberline-Dr-S-58104/home/136589720,NORTHSTARMLS as Distributed by MLS Grid,6713948,N,Y,46.8149204,-96.8278313
MLS Listing,,Single Family Residential,6028 Silverleaf Dr S,Fargo,ND,58104,699900,5,4.0,Fargo,4040,13634,2010,91,173,,Active,,,https://www.redfin.com/ND/Fargo/6028-Silverleaf-Dr-S-58104/home/136368203,NORTHSTARMLS as Distributed by MLS Grid,6713066,N,Y,46.793304,-96.8240837
MLS Listing,,Condo/Co-op,234 Main Ave #714,Fargo,ND,58103,505000,2,3.0,Fargo,1460,54145,2023,91,346,338,Active,,,https://www.redfin.com/ND/Fargo/234-Main-Ave-58103/unit-714/home/195586898,NORTHSTARMLS as Distributed by MLS Grid,6713827,N,Y,46.8736577,-96.7820413
MLS Listing,,Condo/Co-op,234 Main Ave #612,Fargo,ND,58103,450000,2,2.0,Fargo,1454,63336240,2023,92,309,339,Active,,,https://www.redfin.com/ND/Fargo/234-Main-Ave-58103/unit-612/home/195583251,NORTHSTARMLS as Distributed by MLS Grid,6712981,N,Y,46.873603,-96.782207
MLS Listing,,Single Family Residential,4769 Prairie Pond Xing S,Fargo,ND,58104,1052000,5,3.0,Fargo,4177,11194,2025,92,252,,Active,,,https://www.redfin.com/ND/Fargo/4769-Prairie-Pond-Xing-S-58104/home/164804744,NORTHSTARMLS as Distributed by MLS Grid,6713539,N,Y,46.8090982,-96.8892187
MLS Listing,,Condo/Co-op,234 Main Ave #619,Fargo,ND,58103,675000,2,2.0,Fargo,1826,52272,2023,92,370,431,Active,,,https://www.redfin.com/ND/Fargo/234-Main-Ave-58103/unit-619/home/195579817,NORTHSTARMLS as Distributed by MLS Grid,6712945,N,Y,46.873603,-96.782207
MLS Listing,,Condo/Co-op,234 Main Ave #611,Fargo,ND,58103,550000,2,2.0,Fargo,1619,1619,2023,92,340,381,Active,,,https://www.redfin.com/ND/Fargo/234-Main-Ave-58103/unit-611/home/195575150,NORTHSTARMLS as Distributed by MLS Grid,6713197,N,Y,46.873603,-96.782207
MLS Listing,,Single Family Residential,6672 14th St S,Fargo,ND,58104,543495,3,2.0,Fargo,1673,9100,2024,92,325,,Active,,,https://www.redfin.com/ND/Fargo/6672-14th-St-S-58104/home/195573221,NORTHSTARMLS as Distributed by MLS Grid,6709171,N,Y,46.7836939,-96.800629
MLS Listing,,Single Family Residential,1490 66th Ave S,Fargo,ND,58104,533695,4,3.0,Fargo,2784,8250,2024,92,192,,Active,August-3-2025 03:00 PM,August-3-2025 04:30 PM,https://www.redfin.com/ND/Fargo/1490-66th-Ave-S-58104/home/195573186,NORTHSTARMLS as Distributed by MLS Grid,6709037,N,Y,46.784577,-96.803927
MLS Listing,,Condo/Co-op,319 Broadway N #202,Fargo,ND,58102,675000,2,2.0,Fargo,1695,9801,1913,93,398,525,Active,,,https://www.redfin.com/ND/Fargo/319-Broadway-N-58102/unit-202/home/136512161,NORTHSTARMLS as Distributed by MLS Grid,6706684,N,Y,46.8797345,-96.7875276
MLS Listing,,Multi-Family (2-4 Unit),803 10th Ave N,Fargo,ND,58102,274900,4,2.0,Fargo,2571,11761,1916,93,107,,Active,,,https://www.redfin.com/ND/Fargo/803-10th-Ave-N-58102/home/136283362,NORTHSTARMLS as Distributed by MLS Grid,6712648,N,Y,46.8870023,-96.7914182
MLS Listing,,Single Family Residential,4288 Pine Pkwy S,Fargo,ND,58104,608500,5,3.0,Fargo,3590,12763,2025,93,169,,Active,,,https://www.redfin.com/ND/Fargo/4288-Pine-Pkwy-S-58104/home/136687135,NORTHSTARMLS as Distributed by MLS Grid,6707491,N,Y,46.7972269,-96.8551907
MLS Listing,,Single Family Residential,5883 Autumn Dr S,Fargo,ND,58104,425000,4,2.0,Fargo,2150,15226,2013,93,198,,Active,,,https://www.redfin.com/ND/Fargo/5883-Autumn-Dr-S-58104/home/136194416,NORTHSTARMLS as Distributed by MLS Grid,6711799,N,Y,46.7963885,-96.8345638
MLS Listing,,Single Family Residential,111 19th Ave N,Fargo,ND,58102,475000,4,4.0,Fargo,2655,21910,1965,93,179,,Active,,,https://www.redfin.com/ND/Fargo/111-19th-Ave-N-58102/home/136289308,NORTHSTARMLS as Distributed by MLS Grid,6709709,N,Y,46.9050248,-96.7796363
MLS Listing,,Single Family Residential,7329 21st St S,Fargo,ND,58104,459900,4,4.0,Fargo,2396,6490,2020,98,192,,Active,,,https://www.redfin.com/ND/Fargo/7329-21st-St-S-58104/home/136699665,NORTHSTARMLS as Distributed by MLS Grid,6705158,N,Y,46.7776488,-96.8138889
MLS Listing,,Single Family Residential,1346 1st Ave S,Fargo,ND,58103,219900,4,2.0,Fargo,1784,6403,1907,98,123,,Active,,,https://www.redfin.com/ND/Fargo/1346-1st-Ave-S-58103/home/136416837,NORTHSTARMLS as Distributed by MLS Grid,6709846,N,Y,46.8737708,-96.80069
MLS Listing,,Single Family Residential,1311 Cossette Dr S,Fargo,ND,58104,699900,5,3.0,Fargo,2977,42209,1996,99,235,,Active,,,https://www.redfin.com/ND/Fargo/1311-Cossette-Dr-S-58104/home/136157698,NORTHSTARMLS as Distributed by MLS Grid,6706281,N,Y,46.7530892,-96.8001557
MLS Listing,,Single Family Residential,1250 8th St N,Fargo,ND,58102,319900,3,3.0,Fargo,1530,7462,1928,99,209,,Active,,,https://www.redfin.com/ND/Fargo/1250-8th-St-N-58102/home/136094535,NORTHSTARMLS as Distributed by MLS Grid,6697600,N,Y,46.8922086,-96.7911112
MLS Listing,,Vacant Land,5311 Grayland Dr S,Fargo,ND,58104,195000,,,Fargo,,20908,,99,,,Active,,,https://www.redfin.com/ND/Fargo/5311-Grayland-Dr-S-58104/home/195502464,NORTHSTARMLS as Distributed by MLS Grid,6708400,N,Y,46.8019031,-96.8997773
MLS Listing,,Vacant Land,5317 Grayland Dr S,Fargo,ND,58104,175000,,,Fargo,,13068,,99,,,Active,,,https://www.redfin.com/ND/Fargo/5317-Grayland-Dr-S-58104/home/195502405,NORTHSTARMLS as Distributed by MLS Grid,6708430,N,Y,46.8016072,-96.8997981
MLS Listing,,Vacant Land,6750 55th Ave S,Fargo,ND,58104,439900,,,Fargo,,84506,,99,,,Active,,,https://www.redfin.com/ND/Fargo/6750-55th-Ave-S-58104/home/195502300,NORTHSTARMLS as Distributed by MLS Grid,6708435,N,Y,46.7990012,-96.8985993
MLS Listing,,Single Family Residential,7441 15th St S,Fargo,ND,58104,594900,3,2.0,Fargo,2084,10943,2019,99,285,8,Active,,,https://www.redfin.com/ND/Fargo/7441-15th-St-S-58104/home/164804097,NORTHSTARMLS as Distributed by MLS Grid,6707688,N,Y,46.7760433,-96.8043995
MLS Listing,,Single Family Residential,2577 69th Ave S,Fargo,ND,58104,425140,4,3.0,Fargo,2585,6751,2025,100,164,,Active,,,https://www.redfin.com/ND/Fargo/2577-69th-Ave-S-58104/home/195490654,NORTHSTARMLS as Distributed by MLS Grid,6706939,N,Y,46.783585,-96.821112
MLS Listing,,Single Family Residential,7352 Eagle Pointe Dr S,Fargo,ND,58104,570000,3,2.0,Fargo,2040,10497,2022,100,279,4,Active,,,https://www.redfin.com/ND/Fargo/7352-Eagle-Pointe-Dr-S-58104/home/164862677,NORTHSTARMLS as Distributed by MLS Grid,6703785,N,Y,46.7775515,-96.805119
MLS Listing,,Single Family Residential,4205 Bristlecone Loop S,Fargo,ND,58104,484900,4,3.0,Fargo,2648,12675,2024,100,183,,Active,,,https://www.redfin.com/ND/Fargo/4205-Bristlecone-Loop-S-58104/home/136686710,NORTHSTARMLS as Distributed by MLS Grid,6707365,N,Y,46.797656,-96.8518069
MLS Listing,,Condo/Co-op,12 Broadway St N #203,Fargo,ND,58102,399000,2,2.0,Fargo,1229,16291,1925,102,325,475,Active,,,https://www.redfin.com/ND/Fargo/12-Broadway-N-58102/unit-203/home/136602824,NORTHSTARMLS as Distributed by MLS Grid,6706746,N,Y,46.8752993,-96.7883544
MLS Listing,,Single Family Residential,1119 Broadway N,Fargo,ND,58102,1495000,6,3.0,Fargo,6284,14174,1916,103,238,,Active,,,https://www.redfin.com/ND/Fargo/1119-Broadway-N-58102/home/136278688,GNMLS,4018466,N,Y,46.8893456,-96.7872968
MLS Listing,,Single Family Residential,5944 58th St S,Fargo,ND,58104,440000,4,3.0,Fargo,2606,7143,2018,105,169,,Active,August-3-2025 03:00 PM,August-3-2025 04:30 PM,https://www.redfin.com/ND/Fargo/5944-58th-St-S-58104/home/195455554,NORTHSTARMLS as Distributed by MLS Grid,6705896,N,Y,46.7940259,-96.8860779
MLS Listing,,Townhouse,1611 32nd St S,Fargo,ND,58103,275000,4,3.0,Fargo,2872,119746,1978,108,96,275,Active,,,https://www.redfin.com/ND/Fargo/1611-32nd-St-S-58103/home/136407826,NORTHSTARMLS as Distributed by MLS Grid,6703265,N,Y,46.8551646,-96.830584
MLS Listing,,Townhouse,3220 40th Ave S Unit D,Fargo,ND,58104,309000,3,3.0,Fargo,1978,26789,2003,109,156,300,Active,,,https://www.redfin.com/ND/Fargo/3220-40th-Ave-S-58104/unit-D/home/136232693,NORTHSTARMLS as Distributed by MLS Grid,6702869,N,Y,46.8174015,-96.8308339
MLS Listing,,Single Family Residential,6636 27th St S,Fargo,ND,58104,417500,4,3.0,Fargo,1918,6490,2022,109,218,,Active,,,https://www.redfin.com/ND/Fargo/6636-27th-St-S-58104/home/187362632,NORTHSTARMLS as Distributed by MLS Grid,6702568,N,Y,46.7863895,-96.8228871
MLS Listing,,Condo/Co-op,117 Broadway N #202,Fargo,ND,58102,345000,2,1.0,Fargo,993,31092,1911,110,347,273,Active,,,https://www.redfin.com/ND/Fargo/117-Broadway-N-58102/unit-202/home/187359186,NORTHSTARMLS as Distributed by MLS Grid,6701028,N,Y,46.8776532,-96.7872737
MLS Listing,,Condo/Co-op,117 Broadway N #203,Fargo,ND,58102,335000,1,1.0,Fargo,678,31092,1911,110,494,187,Active,,,https://www.redfin.com/ND/Fargo/117-Broadway-N-58102/unit-203/home/187359487,NORTHSTARMLS as Distributed by MLS Grid,6701027,N,Y,46.8776532,-96.7872737
MLS Listing,,Condo/Co-op,117 Broadway N #307,Fargo,ND,58102,215000,1,1.0,Fargo,719,31092,1911,110,299,198,Active,,,https://www.redfin.com/ND/Fargo/117-Broadway-N-58102/unit-307/home/187358287,NORTHSTARMLS as Distributed by MLS Grid,6701018,N,Y,46.8776532,-96.7872737
MLS Listing,,Condo/Co-op,117 Broadway N #308,Fargo,ND,58102,460000,3,2.0,Fargo,1513,31092,1911,110,304,415,Active,,,https://www.redfin.com/ND/Fargo/117-Broadway-N-58102/unit-308/home/187359237,NORTHSTARMLS as Distributed by MLS Grid,6701012,N,Y,46.8776532,-96.7872737
MLS Listing,,Condo/Co-op,117 Broadway N #209,Fargo,ND,58102,225000,1,1.0,Fargo,649,31092,1911,110,347,178,Active,,,https://www.redfin.com/ND/Fargo/117-Broadway-N-58102/unit-209/home/187358962,NORTHSTARMLS as Distributed by MLS Grid,6701024,N,Y,46.8776532,-96.7872737
MLS Listing,,Condo/Co-op,117 Broadway N #302,Fargo,ND,58102,415000,2,2.0,Fargo,1198,31092,1911,110,346,329,Active,,,https://www.redfin.com/ND/Fargo/117-Broadway-N-58102/unit-302/home/187358453,NORTHSTARMLS as Distributed by MLS Grid,6701021,N,Y,46.8776532,-96.7872737
MLS Listing,,Condo/Co-op,117 Broadway N #303,Fargo,ND,58102,535000,2,2.0,Fargo,1326,31092,1911,110,403,365,Active,,,https://www.redfin.com/ND/Fargo/117-Broadway-N-58102/unit-303/home/187358780,NORTHSTARMLS as Distributed by MLS Grid,6701019,N,Y,46.8776532,-96.7872737
MLS Listing,,Condo/Co-op,117 Broadway N #212,Fargo,ND,58102,325000,1,2.0,Fargo,1016,31092,1911,110,320,274,Active,,,https://www.redfin.com/ND/Fargo/117-Broadway-N-58102/unit-212/home/187358500,NORTHSTARMLS as Distributed by MLS Grid,6701023,N,Y,46.8776532,-96.7872737
MLS Listing,,Single Family Residential,4170 Arthur Dr S,Fargo,ND,58104,389255,2,2.0,Fargo,1461,62552,2024,111,266,100,Active,,,https://www.redfin.com/ND/Fargo/4170-Arthur-Dr-58104/home/183317301,NORTHSTARMLS as Distributed by MLS Grid,6702112,N,Y,46.8170845,-96.8493438
MLS Listing,,Single Family Residential,1576 75th Ave S,Fargo,ND,58104,469900,2,2.0,Fargo,1325,10759,2023,112,355,,Active,,,https://www.redfin.com/ND/Fargo/1576-75th-Ave-S-58104/home/168770485,NORTHSTARMLS as Distributed by MLS Grid,6701555,N,Y,46.7749812,-96.8068702
MLS Listing,,Condo/Co-op,200 4th Ave N #201,Fargo,ND,58102,629000,2,2.0,Fargo,1925,64686,2018,113,327,478,Active,,,https://www.redfin.com/ND/Fargo/200-4th-Ave-N-58102/unit-201/home/190470139,NORTHSTARMLS as Distributed by MLS Grid,6697745,N,Y,46.8791814,-96.7828834
MLS Listing,,Single Family Residential,5839 57th Ave S,Fargo,ND,58104,325000,3,3.0,Fargo,1715,4660,2014,113,190,,Active,,,https://www.redfin.com/ND/Fargo/5839-57th-Ave-S-58104/home/136333411,NORTHSTARMLS as Distributed by MLS Grid,6699965,N,Y,46.7967265,-96.8858075
MLS Listing,,Single Family Residential,3187 Archer Pl S,Fargo,ND,58104,640660,4,3.0,Selkirk Place,2477,21351,2025,114,259,,Active,,,https://www.redfin.com/ND/Fargo/3187-Archer-Pl-S-58104/home/189105149,NORTHSTARMLS as Distributed by MLS Grid,6698932,N,Y,46.788812,-96.831484
MLS Listing,,Condo/Co-op,300 Broadway N #404,Fargo,ND,58102,1945000,3,4.0,Fargo,3201,19209,2007,114,608,1289,Active,,,https://www.redfin.com/ND/Fargo/300-Broadway-N-58102/unit-404/home/136550910,NORTHSTARMLS as Distributed by MLS Grid,6695221,N,Y,46.87935,-96.7880549
MLS Listing,,Condo/Co-op,234 Main Ave #711,Fargo,ND,58103,625000,2,2.0,Fargo,1614,1614,2023,115,387,380,Active,,,https://www.redfin.com/ND/Fargo/234-Main-Ave-58103/unit-711/home/195228441,NORTHSTARMLS as Distributed by MLS Grid,6693057,N,Y,46.873603,-96.782207
MLS Listing,,Condo/Co-op,234 Main Ave #716,Fargo,ND,58103,505000,2,3.0,Fargo,1456,1456,2023,115,347,338,Active,,,https://www.redfin.com/ND/Fargo/234-Main-Ave-58103/unit-716/home/195228528,NORTHSTARMLS as Distributed by MLS Grid,6692818,N,Y,46.873603,-96.782207
MLS Listing,,Condo/Co-op,234 Main Ave #613,Fargo,ND,58103,460000,2,2.0,Fargo,1512,54145,2023,115,304,353,Active,,,https://www.redfin.com/ND/Fargo/234-Main-Ave-58103/unit-613/home/195229518,NORTHSTARMLS as Distributed by MLS Grid,6692732,N,Y,46.873603,-96.782207
MLS Listing,,Single Family Residential,2298 57 Ave S,Fargo,ND,58104,280000,4,2.0,Fargo,1796,4720,2010,119,156,,Active,,,https://www.redfin.com/ND/Fargo/2298-57th-Ave-S-58104/home/136092399,NORTHSTARMLS as Distributed by MLS Grid,6697907,N,Y,46.7960847,-96.8159606
MLS Listing,,Other,5889 41st St S,Fargo,ND,58104,489900,4,3.0,Maple Cove,2429,1611,2022,119,202,125,Active,,,https://www.redfin.com/ND/Fargo/5889-41st-St-S-58104/home/195260717,NORTHSTARMLS as Distributed by MLS Grid,6696543,N,Y,46.7963738,-96.8496113
MLS Listing,,Single Family Residential,5592 Farmstead Ct S,Fargo,ND,58104,560000,4,4.0,Fargo,2817,9975,2005,120,199,,Active,,,https://www.redfin.com/ND/Fargo/5592-Farmstead-Ct-S-58104/home/136315618,NORTHSTARMLS as Distributed by MLS Grid,6697031,N,Y,46.8172462,-96.8792275
MLS Listing,,Single Family Residential,2878 Lilac Ln N,Fargo,ND,58102,884900,5,5.0,Fargo,4228,21257,1991,120,209,,Active,,,https://www.redfin.com/ND/Fargo/2878-Lilac-Ln-N-58102/home/136287915,NORTHSTARMLS as Distributed by MLS Grid,6695632,N,Y,46.9144456,-96.7695609
MLS Listing,,Single Family Residential,2902 3rd St N,Fargo,ND,58102,399000,4,3.0,Fargo,2813,8145,1968,120,142,,Active,,,https://www.redfin.com/ND/Fargo/2902-3rd-St-N-58102/home/136278670,NORTHSTARMLS as Distributed by MLS Grid,6696714,N,Y,46.9139898,-96.7829572
MLS Listing,,Single Family Residential,1100 3rd Ave S,Fargo,ND,58103,815900,7,5.0,Fargo,8594,13982,1899,122,95,,Active,,,https://www.redfin.com/ND/Fargo/1100-3rd-Ave-S-58103/home/136539450,NORTHSTARMLS as Distributed by MLS Grid,6689615,N,Y,46.8714176,-96.7965013
MLS Listing,,Single Family Residential,1625 11th St N,Fargo,ND,58102,235000,4,2.0,Fargo,1884,7013,1949,126,125,,Active,,,https://www.redfin.com/ND/Fargo/1625-11th-St-N-58102/home/136050479,NORTHSTARMLS as Distributed by MLS Grid,6691617,N,Y,46.9004308,-96.7947638
MLS Listing,,Townhouse,4154 Arthur Dr S,Fargo,ND,58104,379900,3,3.0,Fargo,2023,3532,2018,127,188,150,Active,,,https://www.redfin.com/ND/Fargo/4154-Arthur-Dr-58104/home/175403780,NORTHSTARMLS as Distributed by MLS Grid,6691645,N,Y,46.816756,-96.848895
MLS Listing,,Single Family Residential,6035 27th St S,Fargo,ND,58104,799900,6,4.0,Fargo,4274,12175,2009,128,187,,Active,August-3-2025 12:00 PM,August-3-2025 01:30 PM,https://www.redfin.com/ND/Fargo/6035-27th-St-S-58104/home/136190687,NORTHSTARMLS as Distributed by MLS Grid,6690381,N,Y,46.7935202,-96.823288
MLS Listing,,Single Family Residential,4109 66 St S,West Fargo,ND,58104,1249900,5,3.0,West Fargo,4698,30388,2010,128,266,11,Active,,,https://www.redfin.com/ND/Fargo/4109-66th-St-S-58104/home/136497158,NORTHSTARMLS as Distributed by MLS Grid,6691408,N,Y,46.8180271,-96.8976804
MLS Listing,,Single Family Residential,5891 59th Ave S,Fargo,ND,58104,374000,4,3.0,Fargo,2352,9626,2018,135,159,,Active,,,https://www.redfin.com/ND/Fargo/5891-59th-Ave-S-58104/home/180848903,NORTHSTARMLS as Distributed by MLS Grid,6685721,N,Y,46.7950963,-96.8869322
MLS Listing,,Single Family Residential,4270 Bristlecone Loop S,Fargo,ND,58104,720000,3,2.0,Fargo,1870,12850,2025,135,385,,Active,,,https://www.redfin.com/ND/Fargo/4270-Bristlecone-Loop-S-58104/home/136686878,NORTHSTARMLS as Distributed by MLS Grid,6686995,N,Y,46.7981369,-96.854776
MLS Listing,,Single Family Residential,2582 69th Ave S,Fargo,ND,58104,457745,4,3.0,Fargo,2713,6751,2025,137,169,250,Active,,,https://www.redfin.com/ND/Fargo/2582-69th-Ave-S-58104/home/195068787,NORTHSTARMLS as Distributed by MLS Grid,6685285,N,Y,46.7830764,-96.8213059
MLS Listing,,Single Family Residential,1524 1st Ave S,Fargo,ND,58103,184000,2,2.0,Fargo,1641,7535,1914,140,112,,Active,,,https://www.redfin.com/ND/Fargo/1524-1st-Ave-S-58103/home/136417783,NORTHSTARMLS as Distributed by MLS Grid,6684286,N,Y,46.873789,-96.8052613
MLS Listing,,Single Family Residential,5881 31st St S,Fargo,ND,58104,1075000,5,4.0,Fargo,3608,32365,2021,141,298,,Active,,,https://www.redfin.com/ND/Fargo/5881-31st-St-S-58104/home/168770622,NORTHSTARMLS as Distributed by MLS Grid,6684298,N,Y,46.7955599,-96.8298473
MLS Listing,,Townhouse,1112 12 St N #101,Fargo,ND,58102,395000,4,3.0,Fargo,2086,15834,2022,142,189,250,Active,,,https://www.redfin.com/ND/Fargo/1112-12th-Ave-S-58102/unit-101/home/188969863,NORTHSTARMLS as Distributed by MLS Grid,6684129,N,Y,46.8891484,-96.7970194
MLS Listing,,Townhouse,1112 12 St N #106,Fargo,ND,58102,349900,3,3.0,Fargo,1855,15834,2022,142,189,250,Active,,,https://www.redfin.com/ND/Fargo/1112-12th-Ave-S-58102/unit-106/home/188969868,NORTHSTARMLS as Distributed by MLS Grid,6684117,N,Y,46.8891484,-96.7970194
MLS Listing,,Townhouse,1112 12 St N #105,Fargo,ND,58102,349900,3,3.0,Fargo,1855,15834,2022,142,189,250,Active,,,https://www.redfin.com/ND/Fargo/1112-12th-Ave-S-58102/unit-105/home/188969867,NORTHSTARMLS as Distributed by MLS Grid,6684085,N,Y,46.8891484,-96.7970194
MLS Listing,,Townhouse,1112 12 St N #102,Fargo,ND,58102,349900,3,3.0,Fargo,1855,15834,2022,142,189,250,Active,,,https://www.redfin.com/ND/Fargo/1112-12th-Ave-S-58102/unit-102/home/188969864,NORTHSTARMLS as Distributed by MLS Grid,6684067,N,Y,46.8891484,-96.7970194
MLS Listing,,Townhouse,1112 12 St N #104,Fargo,ND,58102,349900,3,3.0,Fargo,1855,15834,2022,142,189,250,Active,,,https://www.redfin.com/ND/Fargo/1112-12th-Ave-S-58102/unit-104/home/188969866,NORTHSTARMLS as Distributed by MLS Grid,6684013,N,Y,46.8891484,-96.7970194
MLS Listing,,Townhouse,1112 12 St N #103,Fargo,ND,58102,349900,3,3.0,Fargo,1855,15834,2022,142,189,250,Active,,,https://www.redfin.com/ND/Fargo/1112-12th-St-N-58102/unit-103/home/187359492,NORTHSTARMLS as Distributed by MLS Grid,6683900,N,Y,46.8891484,-96.7970194
MLS Listing,,Condo/Co-op,1110 3rd Ave N Unit 704E,Fargo,ND,58102,174900,1,2.0,Fargo,1000,50224,1978,142,175,225,Active,,,https://www.redfin.com/ND/Fargo/1110-3rd-Ave-N-58102/unit-704E/home/136470632,NORTHSTARMLS as Distributed by MLS Grid,6682028,N,Y,46.8792081,-96.7962052
MLS Listing,,Single Family Residential,326 20th St N,Fargo,ND,58102,199000,3,2.0,Fargo,672,6969,1933,145,296,,Active,,,https://www.redfin.com/ND/Fargo/326-20th-St-N-58102/home/136291921,NORTHSTARMLS as Distributed by MLS Grid,6635856,N,Y,46.8805601,-96.8125575
MLS Listing,,Condo/Co-op,2815 9th St N Unit B4,Fargo,ND,58102,139900,3,2.0,Fargo,1632,16643,1961,148,86,275,Active,,,https://www.redfin.com/ND/Fargo/2815-9th-St-N-58102/unit-B4/home/136304126,NORTHSTARMLS as Distributed by MLS Grid,6679848,N,Y,46.9128656,-96.7906314
MLS Listing,,Single Family Residential,3511 50th St S,Fargo,ND,58104,528900,5,3.0,Fargo,3580,9757,2012,148,148,,Active,,,https://www.redfin.com/ND/Fargo/3511-50th-St-S-58104/home/136233973,NORTHSTARMLS as Distributed by MLS Grid,6680011,N,Y,46.8270462,-96.8721696
MLS Listing,,Single Family Residential,1124 5th Ave S,Fargo,ND,58103,399900,4,3.0,Fargo,2398,7230,1905,150,167,,Active,,,https://www.redfin.com/ND/Fargo/1124-5th-Ave-S-58103/home/136281526,NORTHSTARMLS as Distributed by MLS Grid,6678897,N,Y,46.8693935,-96.7976672
MLS Listing,,Single Family Residential,3521 Grandwood Dr N,Fargo,ND,58102,824985,4,4.0,Fargo,2645,13802,2022,151,312,29,Active,,,https://www.redfin.com/ND/Fargo/3521-Grandwood-Dr-N-58102/home/168770662,NORTHSTARMLS as Distributed by MLS Grid,6679209,N,Y,46.9231021,-96.7679312
MLS Listing,,Single Family Residential,2009 Rose Creek Blvd S,Fargo,ND,58104,1299990,4,4.0,Fargo,5021,19950,2013,154,259,13,Active,,,https://www.redfin.com/ND/Fargo/2009-Rose-Creek-Blvd-S-58104/home/136248335,NORTHSTARMLS as Distributed by MLS Grid,6677818,N,Y,46.8057,-96.8124758
MLS Listing,,Single Family Residential,3291 Timber Creek Cir S,Fargo,ND,58104,768000,3,3.0,Fargo,2154,17206,2021,154,357,,Active,,,https://www.redfin.com/ND/Fargo/3291-Timber-Crk-Cir-S-58104/home/136342418,NORTHSTARMLS as Distributed by MLS Grid,6675371,N,Y,46.80748,-96.829414
MLS Listing,,Condo/Co-op,813 6th Ave N Unit C16,Fargo,ND,58102,77000,1,1.0,Fargo,807,1,1963,169,95,159,Active,,,https://www.redfin.com/ND/Fargo/813-6th-Ave-N-58102/unit-C16/home/136544892,NORTHSTARMLS as Distributed by MLS Grid,6639994,N,Y,46.8828507,-96.7920851
MLS Listing,,Condo/Co-op,12 Broadway N #206,Fargo,ND,58102,574900,2,2.0,Fargo,199,16291,1925,172,2889,,Active,,,https://www.redfin.com/ND/Fargo/12-Broadway-N-58102/unit-206/home/136193627,NORTHSTARMLS as Distributed by MLS Grid,6657008,N,Y,46.8752993,-96.7883544
MLS Listing,,Condo/Co-op,200 4th Ave N #102,Fargo,ND,58102,499000,2,2.0,Fargo,1510,64686,2018,176,330,382,Active,,,https://www.redfin.com/ND/Fargo/200-4th-Ave-N-58102/unit-102/home/187358363,NORTHSTARMLS as Distributed by MLS Grid,6657797,N,Y,46.8795957,-96.7830008
MLS Listing,,Townhouse,5883 41 St S,Fargo,ND,58104,449900,3,3.0,Fargo,2141,2534,2022,177,210,125,Active,,,https://www.redfin.com/ND/Fargo/5883-41st-St-S-58104/home/194618039,NORTHSTARMLS as Distributed by MLS Grid,6658035,N,Y,46.7965638,-96.849608
MLS Listing,,Single Family Residential,5891 41st St S,Fargo,ND,58104,599900,4,3.0,Fargo,3166,2165,2022,177,189,125,Active,,,https://www.redfin.com/ND/Fargo/5891-41st-St-S-58104/home/187358391,NORTHSTARMLS as Distributed by MLS Grid,6658006,N,Y,46.7960739,-96.8491899
MLS Listing,,Single Family Residential,5893 41st St S,Fargo,ND,58104,599000,4,3.0,Fargo,3166,2165,2022,177,189,125,Active,,,https://www.redfin.com/ND/Fargo/5893-41st-St-S-58104/home/187359390,NORTHSTARMLS as Distributed by MLS Grid,6657996,N,Y,46.7960808,-96.8493406
MLS Listing,,Single Family Residential,1579 Claire Dr S,Fargo,ND,58104,549900,3,2.0,Fargo,2200,12153,2022,177,250,4,Active,,,https://www.redfin.com/ND/Fargo/1579-Claire-Dr-S-58104/home/168770458,NORTHSTARMLS as Distributed by MLS Grid,6657692,N,Y,46.7777693,-96.8078325
