SALE TYPE,SOLD DATE,PROPERTY TYPE,ADDRESS,CITY,STATE OR PROVINCE,ZIP OR POSTAL CODE,PRICE,BEDS,BATHS,LOCATION,SQUARE FEET,LOT SIZE,YEAR BUILT,DAYS ON MARKET,$/SQUARE FEET,HOA/MONTH,STATUS,NEXT OPEN HOUSE START TIME,NEXT OPEN HOUSE END TIME,URL (SEE https://www.redfin.com/buy-a-home/comparative-market-analysis FOR INFO ON PRICING),SOURCE,MLS#,FAVORITE,INTERESTED,LATITUDE,LONGITUDE
"In accordance with local MLS rules, some MLS listings are not included in the download"
MLS Listing,,Townhouse,17477 Riviera Dr,Omaha,NE,68136,390000,3,3.5,Tiburon Pointe,3230,2178,1998,7,121,300,Active,,,https://www.redfin.com/NE/Omaha/17477-Riviera-Dr-68136/home/183132020,GPRMLS,22520872,N,Y,41.1563481,-96.1878182
MLS Listing,,Single Family Residential,908 S 38th Ave,Omaha,NE,68105,319900,3,1.0,Dietz Gould,1371,4792,1936,14,233,,Active,,,https://www.redfin.com/NE/Omaha/908-S-38th-Ave-68105/home/63906189,GPRMLS,22520071,N,Y,41.2506987,-95.9707865
MLS Listing,,Single Family Residential,686 N 164th St,Omaha,NE,68118,1080000,4,4.0,Barrington Park,5978,20909,1999,17,181,50,Active,,,https://www.redfin.com/NE/Omaha/686-N-164th-St-68118/home/63895691,GPRMLS,22519601,N,Y,41.2685381,-96.1730075
MLS Listing,,Single Family Residential,4425 Vernon Ave,Omaha,NE,68111,129947,2,1.0,BLODGETT AND KRAJACIS ADDITION,720,6534,1955,1,180,,Active,,,https://www.redfin.com/NE/Omaha/4425-Vernon-Ave-68111/home/64056522,GPRMLS,22521612,N,Y,41.3164536,-95.9796859
MLS Listing,,Single Family Residential,8225 Clay St,Omaha,NE,68122,255000,3,2.0,Lake Cunningham Hills,1675,5663,2003,1,152,,Active,,,https://www.redfin.com/NE/Omaha/8225-Clay-St-68122/home/63913015,GPRMLS,22521610,N,Y,41.3386805,-96.0402302
MLS Listing,,Single Family Residential,9901 S 176 St,Omaha,NE,68136,625000,3,2.5,Tiburon,4093,16988,1996,1,153,,Active,,,https://www.redfin.com/NE/Omaha/9901-S-176th-St-68136/home/63941996,GPRMLS,22521606,N,Y,41.1613184,-96.1903011
MLS Listing,,Single Family Residential,9514 Grover St,Omaha,NE,68124,699900,4,3.0,Rockbrook Park,4204,12632,1965,1,166,,Active,,,https://www.redfin.com/NE/Omaha/9514-Grover-St-68124/home/64030796,GPRMLS,22521608,N,Y,41.2267836,-96.0615698
MLS Listing,,Single Family Residential,6326 N 112th Cir,Omaha,NE,68164,265000,3,2.0,RAMBLERIDGE,1424,6000,1976,1,186,,Active,,,https://www.redfin.com/NE/Omaha/6326-N-112th-Cir-68164/home/63982098,GPRMLS,22521605,N,Y,41.3167818,-96.0868479
MLS Listing,,Single Family Residential,13510 Hickory Cir,Omaha,NE,68144,349000,3,3.0,Trendwood,1616,8556,1964,1,216,,Active,August-2-2025 01:00 PM,August-2-2025 04:00 PM,https://www.redfin.com/NE/Omaha/13510-Hickory-Cir-68144/home/63870105,GPRMLS,22521041,N,Y,41.2435178,-96.1240065
MLS Listing,,Single Family Residential,4232 Mason St,Omaha,NE,68105,265000,2,2.0,Leavenworth Heights,1375,4860,1916,1,193,,Active,,,https://www.redfin.com/NE/Omaha/4232-Mason-St-68105/home/63870148,GPRMLS,22521604,N,Y,41.2496879,-95.9771514
MLS Listing,,Single Family Residential,18892 Mason Plz,Omaha,NE,68022,429000,4,3.0,Villas at the Grove,3039,4950,2004,1,141,145,Active,,,https://www.redfin.com/NE/Elkhorn/18892-Mason-Plz-68022/home/63926575,GPRMLS,22521603,N,Y,41.2494356,-96.2120231
MLS Listing,,Single Family Residential,19634 U St,Omaha,NE,68135,290000,3,2.0,Arbor Gate,1254,5227,2006,1,231,8,Active,August-2-2025 11:00 AM,August-2-2025 01:00 PM,https://www.redfin.com/NE/Omaha/19634-U-St-68135/home/103533286,GPRMLS,22521602,N,Y,41.201173,-96.2231466
MLS Listing,,Single Family Residential,4204 Pacific St,Omaha,NE,68105,215000,4,2.0,Leavenworth Heights,1771,4356,1925,1,121,,Active,,,https://www.redfin.com/NE/Omaha/4204-Pacific-St-68105/home/63902891,GPRMLS,22521601,N,Y,41.2489728,-95.9759946
MLS Listing,,Townhouse,6040 N 167th Ct,Bennington,NE,68007,220000,2,2.5,Stone Creek Village,1232,436,2007,1,179,300,Active,,,https://www.redfin.com/NE/Omaha/6040-N-167th-Ct-68116/home/64018689,GPRMLS,22521598,N,Y,41.3134089,-96.176803
MLS Listing,,Single Family Residential,422 S 152nd Cir,Omaha,NE,68154,384000,4,1.5,Piedmont,2757,9583,1978,1,139,,Active,,,https://www.redfin.com/NE/Omaha/422-S-152nd-Cir-68154/home/64061054,GPRMLS,22521504,N,Y,41.2548546,-96.1501972
MLS Listing,,Single Family Residential,1422 S 190th Plz,Omaha,NE,68130,629000,4,3.0,Brookfield at the Ridges (aka Whispering Hollow),3568,9628,2007,1,176,,Active,August-2-2025 02:00 PM,August-2-2025 04:00 PM,https://www.redfin.com/NE/Omaha/1422-S-190th-Plz-68130/home/64021306,GPRMLS,22521591,N,Y,41.2450461,-96.2150484
MLS Listing,,Single Family Residential,3717 Cornhusker Dr,Omaha,NE,68124,285000,3,1.5,ARMBRUSTS WESTRIDGE,1540,14810,1966,1,185,,Active,,,https://www.redfin.com/NE/Omaha/3717-Cornhusker-Dr-68124/home/103535501,GPRMLS,22521590,N,Y,41.2240895,-96.0532977
MLS Listing,,Single Family Residential,2623 Burdette St,Omaha,NE,68111,160000,2,1.0,PATRICKS ADD,851,3780,1900,1,188,,Active,,,https://www.redfin.com/NE/Omaha/2623-Burdette-St-68111/home/103555324,GPRMLS,22521588,N,Y,41.2790496,-95.9512374
MLS Listing,,Single Family Residential,5314 N 48th St,Omaha,NE,68104,235000,4,2.0,Hargleroad 2nd,2120,7200,1957,1,111,,Active,August-3-2025 01:00 PM,August-3-2025 03:00 PM,https://www.redfin.com/NE/Omaha/5314-N-48th-St-68104/home/64021305,GPRMLS,22521583,N,Y,41.3072302,-95.986237
MLS Listing,,Single Family Residential,15705 Emiline St,Omaha,NE,68136,415000,4,2.5,Millard Park,3079,9583,1995,1,135,,Active,,,https://www.redfin.com/NE/Omaha/15705-Emiline-St-68136/home/63957123,GPRMLS,22521582,N,Y,41.1890114,-96.1613062
MLS Listing,,Single Family Residential,5508 S 165th St,Omaha,NE,68135,486000,4,2.5,Quail Hollow,2311,10019,2014,1,210,8,Active,,,https://www.redfin.com/NE/Omaha/5508-S-165th-St-68135/home/64065548,GPRMLS,22521578,N,Y,41.2021408,-96.1723105
MLS Listing,,Single Family Residential,10511 Himebaugh Ave,Omaha,NE,68134,265000,4,3.0,Crown Point,1564,7405,1985,1,169,,Active,,,https://www.redfin.com/NE/Omaha/10511-Himebaugh-Ave-68134/home/103568107,GPRMLS,22521573,N,Y,41.3112753,-96.0785789
MLS Listing,,Single Family Residential,2610 N 58th St,Omaha,NE,68104,335000,3,2.0,Rose Hill,1688,8712,1907,1,198,,Active,,,https://www.redfin.com/NE/Omaha/2610-N-58th-St-68104/home/103594403,GPRMLS,22521568,N,Y,41.2826521,-96.0025326
MLS Listing,,Single Family Residential,14541 Decatur St,Omaha,NE,68154,300000,3,1.5,Stonehenge,1802,6534,1989,1,166,,Active,,,https://www.redfin.com/NE/Omaha/14541-Decatur-St-68154/home/63933702,GPRMLS,22521562,N,Y,41.2757657,-96.1415055
MLS Listing,,Single Family Residential,8412 Read St,Omaha,NE,68122,264900,3,2.0,Somerset,1548,7841,1997,1,171,,Active,,,https://www.redfin.com/NE/Omaha/8412-Read-St-68122/home/63859785,GPRMLS,22521560,N,Y,41.3239496,-96.0434827
MLS Listing,,Single Family Residential,15019 Camden Ave,Omaha,NE,68116,325000,3,3.0,Westin Hills West,2046,5663,2002,1,159,122,Active,August-2-2025 12:00 PM,August-2-2025 02:00 PM,https://www.redfin.com/NE/Omaha/15019-Camden-Ave-68116/home/63886820,GPRMLS,22521559,N,Y,41.3058476,-96.1502318
MLS Listing,,Townhouse,5018 S 150th Plz,Omaha,NE,68137,310000,2,2.0,Walnut Grove,1470,,1978,1,211,345,Active,,,https://www.redfin.com/NE/Omaha/5018-S-150th-Plz-68137/home/187076844,GPRMLS,22521555,N,Y,41.2075381,-96.1482663
MLS Listing,,Single Family Residential,2134 S 48th St,Omaha,NE,68106,265000,3,3.0,Shriver Place,1993,6970,1948,1,133,,Active,,,https://www.redfin.com/NE/Omaha/2134-S-48th-St-68106/home/63870923,GPRMLS,22521556,N,Y,41.238496,-95.9857583
MLS Listing,,Condo/Co-op,11937 Miracle Hills Dr #3,Omaha,NE,68154,212500,2,1.0,MIRACLE HILLS CONDO,1165,436,1985,1,182,500,Active,,,https://www.redfin.com/NE/Omaha/11937-Miracle-Hills-Dr-68154/unit-3/home/103605208,GPRMLS,22521552,N,Y,41.26823,-96.09979
MLS Listing,,Single Family Residential,11014 Jackson St,Omaha,NE,68154,275000,3,3.0,Wears West Pacific,1642,7420,1968,1,167,,Active,,,https://www.redfin.com/NE/Omaha/11014-Jackson-St-68154/home/103571361,GPRMLS,22521551,N,Y,41.2543494,-96.0855927
MLS Listing,,Single Family Residential,17130 Patterson Dr,Omaha,NE,68135,400000,4,3.5,LAKE SHORE,3211,10454,1995,1,125,,Active,,,https://www.redfin.com/NE/Omaha/17130-Patterson-Dr-68135/home/103519123,GPRMLS,22520406,N,Y,41.213961,-96.1837495
MLS Listing,,Single Family Residential,5820 S 115th Cir,Omaha,NE,68137,310000,3,2.5,ROXBURY WEST REPLAT I,1946,5663,1994,1,159,,Active,,,https://www.redfin.com/NE/Omaha/5820-S-115th-Cir-68137/home/63875534,GPRMLS,22521550,N,Y,41.1994766,-96.092227
MLS Listing,,Single Family Residential,12124 Montauk Dr,Papillion,NE,68046,528000,5,3.5,NORTH SHORE,3161,9496,2015,1,167,17,Active,,,https://www.redfin.com/NE/Papillion/12124-Montauk-Dr-68046/home/79940056,GPRMLS,22521548,N,Y,41.157898,-96.1023286
MLS Listing,,Single Family Residential,16326 Ames Ave,Omaha,NE,68116,325000,3,3.5,ELK CREEK CROSSING,1746,8276,1998,1,186,6,Active,August-3-2025 11:00 AM,August-3-2025 01:00 PM,https://www.redfin.com/NE/Omaha/16326-Ames-Ave-68116/home/103569519,GPRMLS,22520202,N,Y,41.2990627,-96.1709903
MLS Listing,,Single Family Residential,9912 Harney Pkwy N,Omaha,NE,68114,810000,4,4.0,Regency,3514,15246,1974,1,231,200,Active,,,https://www.redfin.com/NE/Omaha/9912-Harney-Pkwy-N-68114/home/196764781,GPRMLS,22517652,N,Y,41.2544467,-96.0690363
MLS Listing,,Single Family Residential,17429 Edna Cir,Omaha,NE,68136,279900,3,2.0,Hickory Ridge,1943,9191,1999,1,144,,Active,,,https://www.redfin.com/NE/Omaha/17429-Edna-Cir-68136/home/63919952,GPRMLS,22520312,N,Y,41.1882675,-96.1878649
MLS Listing,,Single Family Residential,2205 F St,Omaha,NE,68107,270000,4,2.0,SPRING LAKE PARK,1570,5227,1906,1,172,,Active,,,https://www.redfin.com/NE/Omaha/2205-F-St-68107/home/63904065,GPRMLS,22517840,N,Y,41.2194898,-95.9446453
MLS Listing,,Condo/Co-op,312 S 16th St #502,Omaha,NE,68102,210000,2,2.0,Regis Condominiums,1049,,1918,1,200,414,Active,,,https://www.redfin.com/NE/Omaha/312-S-16th-St-68102/unit-502/home/164985119,GPRMLS,22520110,N,Y,41.256866,-95.937489
MLS Listing,,Single Family Residential,15909 Vernon Ave,Omaha,NE,68116,535000,5,4.5,Stone Creek,4056,11761,2004,1,132,11,Active,August-3-2025 12:00 PM,August-3-2025 02:00 PM,https://www.redfin.com/NE/Omaha/15909-Vernon-Ave-68116/home/63914632,GPRMLS,22520655,N,Y,41.3163606,-96.1639013
MLS Listing,,Single Family Residential,17642 Emiline St,Omaha,NE,68136,268000,3,2.0,Hickory Ridge,1256,6098,2003,1,213,,Active,August-2-2025 11:00 AM,August-2-2025 01:00 PM,https://www.redfin.com/NE/Omaha/17642-Emiline-St-68136/home/64012423,GPRMLS,22519457,N,Y,41.1902932,-96.1906853
MLS Listing,,Single Family Residential,14811 Parker Plz,Omaha,NE,68118,260000,3,2.0,ELDORADO,1542,6300,1976,1,169,4,Active,August-2-2025 12:00 PM,August-2-2025 02:00 PM,https://www.redfin.com/NE/Omaha/14811-Parker-Plz-68154/home/103567992,GPRMLS,22521319,N,Y,41.2766619,-96.1440234
MLS Listing,,Single Family Residential,12523 Patrick Cir,Omaha,NE,68164,310000,3,2.5,Willow Wood,1933,5200,1986,1,160,,Active,,,https://www.redfin.com/NE/Omaha/12523-Patrick-Cir-68164/home/63888462,GPRMLS,22521032,N,Y,41.2779474,-96.1092643
MLS Listing,,Single Family Residential,15394 Burt St,Omaha,NE,68154,370000,3,2.5,PEPPERWOOD,2241,10019,1983,1,165,2,Active,,,https://www.redfin.com/NE/Omaha/15394-Burt-St-68154/home/64037416,GPRMLS,22516502,N,Y,41.2689577,-96.1535383
MLS Listing,,Single Family Residential,1516 N 144 Avenue Circle,Omaha,NE,68154,295000,3,2.5,Stonehenge,1525,7405,1989,1,193,,Active,August-3-2025 12:00 PM,August-3-2025 02:00 PM,https://www.redfin.com/NE/Omaha/1516-N-144th-Avenue-Cir-68154/home/64009088,GPRMLS,22521546,N,Y,41.2740088,-96.1399681
MLS Listing,,Condo/Co-op,5114 Ash St,Omaha,NE,68137,218900,3,2.5,Oaktowne Square,1656,436,1975,1,132,360,Active,,,https://www.redfin.com/NE/Omaha/5114-Ash-St-68137/home/103558176,GPRMLS,22521539,N,Y,41.2063847,-96.1088196
MLS Listing,,Single Family Residential,16135 Redwood St,Omaha,NE,68136,270000,3,2.0,Springhill,1022,7187,2005,1,264,,Active,,,https://www.redfin.com/NE/Omaha/16135-Redwood-St-68136/home/64026542,GPRMLS,22521535,N,Y,41.1829038,-96.1668231
MLS Listing,,Single Family Residential,2619 Rees St,Omaha,NE,68105,179900,2,1.0,HICKORY PLACE,856,1307,1888,1,210,,Active,,,https://www.redfin.com/NE/Omaha/2619-Rees-St-68105/home/103522128,GPRMLS,22521534,N,Y,41.2490702,-95.9514367
MLS Listing,,Multi-Family (5+ Unit),1120 Park Ave,Omaha,NE,68105,649900,7,6.5,Hanscom Park,,11250,1900,1,,,Active,,,https://www.redfin.com/NE/Omaha/1120-Park-Ave-68105/home/82440389,GPRMLS,22521532,N,Y,41.2481361,-95.9562425
MLS Listing,,Townhouse,4004 Harney St,Omaha,NE,68104,410000,3,3.5,HIGHLAND PLACE,2428,,1907,1,169,470,Active,,,https://www.redfin.com/NE/Omaha/4004-Harney-St-68131/home/178821225,GPRMLS,22521531,N,Y,41.257364,-95.9736033
MLS Listing,,Single Family Residential,11337 Leavenworth Cir Cir,Omaha,NE,68108,310000,3,2.5,Champions Meadowview,1880,12200,1972,1,165,,Active,,,https://www.redfin.com/NE/Omaha/11337-Leavenworth-Cir-68154/home/103560240,GPRMLS,22521530,N,Y,41.2526603,-96.0907188
MLS Listing,,Townhouse,320 S 40th St,Omaha,NE,68106,415000,3,3.0,Highland Place,2502,,1907,1,166,470,Active,,,https://www.redfin.com/NE/Omaha/320-S-40th-St-68131/home/178895261,GPRMLS,22521529,N,Y,41.257412,-95.9735113
MLS Listing,,Single Family Residential,5013 N 126th St,Omaha,NE,68164,295000,3,2.0,TRANQUILITY VIEW 3RD ADD,1438,7405,1996,1,205,,Active,,,https://www.redfin.com/NE/Omaha/5013-N-126th-St-68164/home/63858943,GPRMLS,22521527,N,Y,41.3039162,-96.1105947
MLS Listing,,Townhouse,17209 Manderson St,Omaha,NE,68116,275000,3,2.0,Quail Run,1661,4356,2007,1,166,145,Active,August-3-2025 12:30 PM,August-3-2025 02:00 PM,https://www.redfin.com/NE/Omaha/17209-Manderson-St-68116/home/63999914,GPRMLS,22521522,N,Y,41.2926504,-96.1847339
MLS Listing,,Single Family Residential,5748 N 80 St,Omaha,NE,68134,365000,5,3.0,Saddle Hills,2501,14000,2005,1,146,,Active,August-3-2025 12:30 PM,August-3-2025 02:00 PM,https://www.redfin.com/NE/Omaha/5748-N-80th-St-68134/home/63931765,GPRMLS,22521520,N,Y,41.3112978,-96.0385969
MLS Listing,,Single Family Residential,8402 Hanover St,Omaha,NE,68122,280000,3,2.5,Somerset,1538,6098,2001,1,182,,Active,August-2-2025 12:00 PM,August-2-2025 02:00 PM,https://www.redfin.com/NE/Omaha/8402-Hanover-St-68122/home/64028077,GPRMLS,22521515,N,Y,41.3278855,-96.0427024
MLS Listing,,Single Family Residential,1705 S 116th St,Omaha,NE,68144,525000,3,3.0,Skylark Heights,3031,23495,1960,1,173,,Active,August-3-2025 01:00 PM,August-3-2025 03:00 PM,https://www.redfin.com/NE/Omaha/1705-S-116th-St-68144/home/103578754,GPRMLS,22521508,N,Y,41.2425917,-96.0935539
MLS Listing,,Single Family Residential,2212 N 140th Ave,Omaha,NE,68164,425000,3,3.5,green meadows,3487,28440,1978,1,122,,Active,,,https://www.redfin.com/NE/Omaha/2212-N-140th-Ave-68164/home/99449385,GPRMLS,22521505,N,Y,41.279812,-96.1328211
MLS Listing,,Single Family Residential,2416 S 166th St,Omaha,NE,68130,345000,3,2.5,LEAWOOD SOUTHWEST,2548,7405,1979,1,135,,Active,August-2-2025 01:00 PM,August-2-2025 03:00 PM,https://www.redfin.com/NE/Omaha/2416-S-166th-St-68130/home/103574683,GPRMLS,22521494,N,Y,41.2373054,-96.1744987
MLS Listing,,Single Family Residential,6326 S 178th St,Omaha,NE,68135,475000,4,2.5,Cinnamon Creek,3212,10010,2004,1,148,3,Active,,,https://www.redfin.com/NE/Omaha/6326-S-178th-St-68135/home/63928157,GPRMLS,22521493,N,Y,41.1943384,-96.194702
MLS Listing,,Single Family Residential,321 S 169 Cir,Omaha,NE,68118,450000,3,3.0,Pacific Springs,2475,11592,2004,1,182,180,Active,,,https://www.redfin.com/NE/Omaha/321-S-169th-Cir-68118/home/63926211,GPRMLS,22521485,N,Y,41.2566904,-96.1776904
MLS Listing,,Single Family Residential,16929 Curtis Ave,Omaha,NE,68116,369900,3,2.5,LAKEVIEW 168,1986,10890,2025,1,186,10,Active,,,https://www.redfin.com/NE/Omaha/16929-Curtis-Ave-68116/home/177350727,GPRMLS,22521484,N,Y,41.315294,-96.1811625
MLS Listing,,Single Family Residential,8141 Browne St,Omaha,NE,68134,325000,4,1.5,PINECREST,1960,37897,1953,1,166,,Active,August-2-2025 01:00 PM,August-2-2025 03:00 PM,https://www.redfin.com/NE/Omaha/8141-Browne-St-68134/home/69716469,GPRMLS,22521483,N,Y,41.304264,-96.0392439
MLS Listing,,Single Family Residential,12079 Westover Rd,Omaha,NE,68154,469000,5,3.5,DEER RIDGE,3326,11326,1966,1,141,,Active,August-3-2025 11:00 AM,August-3-2025 01:00 PM,https://www.redfin.com/NE/Omaha/12079-Westover-Rd-68154/home/63964092,GPRMLS,22521481,N,Y,41.2552251,-96.1028908
MLS Listing,,Single Family Residential,2601 N 70th St,Omaha,NE,68104,212000,2,2.0,BONITA,1601,6624,1957,1,132,,Active,August-3-2025 12:00 PM,August-3-2025 02:00 PM,https://www.redfin.com/NE/Omaha/2601-N-70th-St-68104/home/63927202,GPRMLS,22521480,N,Y,41.2827535,-96.0200277
MLS Listing,,Single Family Residential,8368 S 176th Ave,Omaha,NE,68137,469990,4,4.0,Mirabel,2964,9627,2025,1,159,,Active,,,https://www.redfin.com/NE/Omaha/8368-S-176th-Ave-68136/home/187989123,GPRMLS,22521477,N,Y,41.1744278,-96.191347
MLS Listing,,Single Family Residential,6308 N 46 Ave,Omaha,NE,68104,230000,4,1.0,BLODGETT & KRAJACICS,1490,6900,1958,1,154,,Active,,,https://www.redfin.com/NE/Omaha/6308-N-46th-Ave-68104/home/63855438,GPRMLS,22521474,N,Y,41.3161432,-95.9832513
MLS Listing,,Single Family Residential,2130 Pinkney St,Omaha,NE,68110,120000,3,1.0,Kountze Place,1725,3049,1908,1,70,,Active,,,https://www.redfin.com/NE/Omaha/2130-Pinkney-St-68110/home/103585967,GPRMLS,22521475,N,Y,41.2907507,-95.9451878
MLS Listing,,Single Family Residential,13626 Whitmore St,Omaha,NE,68142,394990,4,3.0,Westbrook Hills,2191,6250,2025,1,180,16,Active,,,https://www.redfin.com/NE/Omaha/13626-Whitmore-St-68142/home/194613687,GPRMLS,22521473,N,Y,41.322106,-96.127535
MLS Listing,,Single Family Residential,13623 Whitmore St,Omaha,NE,68142,349990,4,3.0,Westbrook Hills,1925,7438,2025,1,182,16,Active,,,https://www.redfin.com/NE/Omaha/13623-Whitmore-St-68142/home/194613649,GPRMLS,22521471,N,Y,41.321583,-96.127402
MLS Listing,,Single Family Residential,9307 S 177th St,Omaha,NE,68136,450000,4,3.0,PALISADES WEST,2618,11042,2023,1,172,10,Active,August-3-2025 01:00 PM,August-3-2025 03:00 PM,https://www.redfin.com/NE/Omaha/9307-S-177th-St-68136/home/148385908,GPRMLS,22521472,N,Y,41.166882,-96.192309
MLS Listing,,Single Family Residential,13619 Whitmore St,Omaha,NE,68142,349990,4,3.0,Westbrook Hills,1925,7438,2025,1,182,16,Active,,,https://www.redfin.com/NE/Omaha/13619-Whitmore-St-68142/home/194613648,GPRMLS,22521470,N,Y,41.321577,-96.127199
MLS Listing,,Single Family Residential,5210 S 165th St,Omaha,NE,68135,469900,5,3.0,QUAIL HOLLOW,3308,10019,2001,1,142,8,Active,August-3-2025 02:00 PM,August-3-2025 04:00 PM,https://www.redfin.com/NE/Omaha/5210-S-165th-St-68135/home/63881804,GPRMLS,22521467,N,Y,41.2047323,-96.1729168
MLS Listing,,Single Family Residential,9641 Grand Ave,Omaha,NE,68134,229950,3,1.0,Tomahawk Hills 7th Add,1146,8712,1969,1,201,,Active,,,https://www.redfin.com/NE/Omaha/9641-Grand-Ave-68134/home/103535744,GPRMLS,22521464,N,Y,41.3026201,-96.0641649
MLS Listing,,Single Family Residential,3716 Lincoln Blvd,Omaha,NE,68131,235000,3,2.0,Bemis Park,1544,4792,1904,1,152,,Active,,,https://www.redfin.com/NE/Omaha/3716-Lincoln-Blvd-68131/home/63869894,GPRMLS,22521255,N,Y,41.2694632,-95.9682422
MLS Listing,,Single Family Residential,3615 S 102nd St,Omaha,NE,68124,525000,4,3.0,Dolls Rockbrook,2972,14500,1966,1,177,,Active,,,https://www.redfin.com/NE/Omaha/3615-S-102nd-St-68124/home/103589780,GPRMLS,22521444,N,Y,41.2251986,-96.0734364
MLS Listing,,Single Family Residential,4116 N 142nd Ave,Omaha,NE,68164,434899,4,3.5,Hillsborough,2918,10890,1995,1,149,10,Active,,,https://www.redfin.com/NE/Omaha/4116-N-142nd-Ave-68164/home/64023277,GPRMLS,22521443,N,Y,41.2951481,-96.1359645
MLS Listing,,Single Family Residential,5410 S 49 St,Omaha,NE,68117,195000,3,1.5,Homestead Addition,1248,5320,1900,1,156,,Active,,,https://www.redfin.com/NE/Omaha/5410-S-49th-St-68117/home/103606999,GPRMLS,22521439,N,Y,41.2031163,-95.9891991
MLS Listing,,Single Family Residential,14767 Ames Ave,Omaha,NE,68116,335000,4,2.5,ARBOR OAKS REPLAT ONE,2424,7405,2000,1,138,2,Active,August-2-2025 02:00 PM,August-2-2025 04:00 PM,https://www.redfin.com/NE/Omaha/14767-Ames-Ave-68116/home/63980106,GPRMLS,22521437,N,Y,41.29871,-96.1465966
MLS Listing,,Single Family Residential,19726 K St,Omaha,NE,68135,585000,4,5.0,Whitehawk,3368,10019,2006,1,174,,Active,August-2-2025 01:30 PM,August-2-2025 02:30 PM,https://www.redfin.com/NE/Omaha/19726-K-St-68135/home/63975702,GPRMLS,22521433,N,Y,41.213331,-96.2237437
MLS Listing,,Single Family Residential,7743 Cuming Cir,Omaha,NE,68114,215000,3,1.0,UNDERWOOD PARK,934,13504,1954,1,230,,Active,August-2-2025 01:00 PM,August-2-2025 04:00 PM,https://www.redfin.com/NE/Omaha/7743-Cuming-Cir-68114/home/103594224,GPRMLS,22521432,N,Y,41.2676682,-96.0348481
MLS Listing,,Single Family Residential,4206 William St,Omaha,NE,68105,420000,5,2.5,Morton Meadows,2220,14375,1908,1,189,,Active,August-2-2025 12:00 PM,August-2-2025 02:00 PM,https://www.redfin.com/NE/Omaha/4206-William-St-68105/home/63896732,GPRMLS,22520752,N,Y,41.2464,-95.9761941
MLS Listing,,Single Family Residential,16027 Wakeley St,Omaha,NE,68118,439000,5,3.5,Pacific Meadows,3382,9583,1992,1,130,6,Active,,,https://www.redfin.com/NE/Omaha/16027-Wakeley-St-68118/home/63901131,GPRMLS,22521431,N,Y,41.2613092,-96.1649426
MLS Listing,,Single Family Residential,10478 S 179th St,Omaha,NE,68136,615000,3,3.0,Lakeside at Tiburon,3495,11761,2005,1,176,58,Active,,,https://www.redfin.com/NE/Omaha/10478-S-179th-St-68136/home/95052246,GPRMLS,22521428,N,Y,41.1556706,-96.1948828
MLS Listing,,Single Family Residential,3511 N 57th St,Omaha,NE,68104,208000,3,2.0,Vassar Place,1194,6250,1952,1,174,,Active,August-2-2025 12:00 PM,August-2-2025 02:00 PM,https://www.redfin.com/NE/Omaha/3511-N-57th-St-68104/home/64027343,GPRMLS,22521425,N,Y,41.2909041,-96.0001765
MLS Listing,,Single Family Residential,6028 N 110th Cir,Omaha,NE,68164,299900,3,2.5,Rambleridge,1605,5663,1981,1,187,,Active,,,https://www.redfin.com/NE/Omaha/6028-N-110th-Cir-68164/home/103603144,GPRMLS,22521419,N,Y,41.3143927,-96.0848567
MLS Listing,,Single Family Residential,4332 Walnut St,Omaha,NE,68105,298500,3,1.0,TWINRIDGE,1269,4792,1927,1,235,,Active,August-2-2025 11:00 AM,August-2-2025 01:00 PM,https://www.redfin.com/NE/Omaha/4332-Walnut-St-68105/home/103586847,GPRMLS,22521420,N,Y,41.2431716,-95.9784661
MLS Listing,,Single Family Residential,9674 N 30 St,Omaha,NE,68112,550000,4,4.5,Wyman Heights,3077,62291,1957,1,179,,Active,,,https://www.redfin.com/NE/Omaha/9674-N-30th-St-68112/home/103600563,GPRMLS,22521416,N,Y,41.3504057,-95.9643894
MLS Listing,,Single Family Residential,9012 Shirley St,Omaha,NE,68124,785000,4,3.5,Sunset,3417,29600,1960,1,230,,Active,August-3-2025 12:30 PM,August-3-2025 02:00 PM,https://www.redfin.com/NE/Omaha/9012-Shirley-St-68124/home/64054977,GPRMLS,22521414,N,Y,41.2417785,-96.0536975
MLS Listing,,Single Family Residential,14740 Drexel St,Omaha,NE,68137,327500,3,2.5,Stony Brook,2153,9148,1975,1,152,,Active,August-2-2025 10:00 PM,August-2-2025 11:30 PM,https://www.redfin.com/NE/Omaha/14740-Drexel-St-68137/home/103550896,GPRMLS,22521415,N,Y,41.1924624,-96.144118
MLS Listing,,Single Family Residential,16859 Crown Point Ave,Omaha,NE,68116,530000,3,2.5,Pier 15,1828,13510,2024,1,290,21,Active,August-3-2025 12:00 PM,August-3-2025 02:00 PM,https://www.redfin.com/NE/Omaha/16859-Crown-Point-Ave-68116/home/144823720,GPRMLS,22521407,N,Y,41.3125318,-96.1792307
MLS Listing,,Single Family Residential,12941 Eagle Run Dr,Omaha,NE,68164,499900,4,3.5,Eagle Run,3749,14810,1990,1,133,21,Active,August-2-2025 11:00 AM,August-2-2025 01:00 PM,https://www.redfin.com/NE/Omaha/12941-Eagle-Run-Dr-68164/home/64006716,GPRMLS,22521406,N,Y,41.2856956,-96.1162349
MLS Listing,,Condo/Co-op,1211 S 121st Plz #119,Omaha,NE,68144,137000,2,1.0,Boardwalk Condominiums,920,,1966,1,149,256,Active,,,https://www.redfin.com/NE/Omaha/1211-S-121st-Plz-68144/unit-119/home/63971903,GPRMLS,22521400,N,Y,41.2474279,-96.1020248
MLS Listing,,Single Family Residential,13417 Frances St,Omaha,NE,68144,375000,4,3.5,MONTCLAIR OF WESTWOOD,2707,8610,1969,1,139,,Active,August-2-2025 01:00 PM,August-2-2025 03:00 PM,https://www.redfin.com/NE/Omaha/13417-Frances-St-68144/home/98672372,GPRMLS,22521399,N,Y,41.2399954,-96.1226623
MLS Listing,,Townhouse,2510 N 42 St,Omaha,NE,68111,220000,3,2.5,Woodland Ridge,1404,6273,2012,1,157,75,Active,,,https://www.redfin.com/NE/Omaha/2510-N-42nd-St-68111/home/64052389,GPRMLS,22521393,N,Y,41.2817261,-95.9760339
MLS Listing,,Single Family Residential,6933 Cuming St,Omaha,NE,68132,455000,4,3.0,Calkins,2537,10890,1955,1,179,,Active,August-1-2025 05:00 PM,August-1-2025 07:00 PM,https://www.redfin.com/NE/Omaha/6933-Cuming-St-68132/home/64067490,GPRMLS,22521391,N,Y,41.2675889,-96.020613
MLS Listing,,Single Family Residential,2120 S 48th St,Omaha,NE,68106,235000,2,2.0,Shriver Place,1281,8255,1932,1,183,,Active,August-2-2025 12:00 PM,August-2-2025 02:00 PM,https://www.redfin.com/NE/Omaha/2120-S-48th-St-68106/home/103570838,GPRMLS,22521390,N,Y,41.2389991,-95.985748
MLS Listing,,Single Family Residential,1545 S 25th Ave,Omaha,NE,68105,187700,3,4.5,Shulls,1535,5227,1929,2,122,,Active,,,https://www.redfin.com/NE/Omaha/1545-S-25th-Ave-68105/home/103531087,GPRMLS,22507545,N,Y,41.2436752,-95.9491584
MLS Listing,,Single Family Residential,2537 Monroe St,Omaha,NE,68107,182600,3,3.5,Harris & Pattersons Annex,1136,4792,1951,2,161,,Active,,,https://www.redfin.com/NE/Omaha/2537-Monroe-St-68107/home/103605802,GPRMLS,22507529,N,Y,41.1934519,-95.9495151
MLS Listing,,Single Family Residential,346 N 35th St,Omaha,NE,68131,253900,4,3.0,Hawthrone,2271,8276,1916,2,112,,Active,,,https://www.redfin.com/NE/Omaha/346-N-35th-St-68131/home/63901613,GPRMLS,22507548,N,Y,41.2634193,-95.964381
MLS Listing,,Single Family Residential,6626 Michael Cir,Papillion,NE,68133,325000,2,2.0,Stockmans Hollow,1370,6970,2016,2,237,150,Active,,,https://www.redfin.com/NE/Papillion/6626-Michael-Cir-68133/home/110118454,GPRMLS,22521130,N,Y,41.1741995,-96.0151934
MLS Listing,,Single Family Residential,5103 Izard St,Omaha,NE,68132,425000,3,1.5,Dundee Place,1979,6534,1941,2,215,,Active,August-3-2025 01:00 PM,August-3-2025 02:30 PM,https://www.redfin.com/NE/Omaha/5103-Izard-St-68132/home/64052629,GPRMLS,22521065,N,Y,41.2684988,-95.9930859
MLS Listing,,Single Family Residential,4112 N 213 Cir,Omaha,NE,68022,225000,3,2.0,RAMBLEWOOD REPLAT II,1308,9906,1978,2,172,,Active,August-1-2025 04:00 PM,August-1-2025 06:00 PM,https://www.redfin.com/NE/Elkhorn/4112-N-213th-Cir-68022/home/103552008,GPRMLS,22519237,N,Y,41.2965853,-96.2473851
MLS Listing,,Single Family Residential,2201 N 166th St,Omaha,NE,68116,280000,3,2.0,CARRIAGE HILL,1375,6098,2019,2,204,,Active,August-3-2025 12:00 PM,August-3-2025 02:00 PM,https://www.redfin.com/NE/Omaha/2201-N-166th-St-68116/home/63990583,GPRMLS,22517296,N,Y,41.2796728,-96.174694
MLS Listing,,Single Family Residential,3045 Ida St,Omaha,NE,68112,149899,3,1.5,UPLAND TERRACE,1216,6970,1929,2,123,,Active,August-2-2025 11:00 AM,August-2-2025 01:00 PM,https://www.redfin.com/NE/Omaha/3045-Ida-St-68112/home/63939441,GPRMLS,22520582,N,Y,41.3209931,-95.9586053
MLS Listing,,Single Family Residential,18312 Cheyenne Rd,Omaha,NE,68136,899900,6,3.0,Bridgeport,3574,11761,2021,2,252,63,Active,,,https://www.redfin.com/NE/Omaha/18312-Cheyenne-Rd-68136/home/148385113,GPRMLS,22520822,N,Y,41.1597539,-96.2033196
MLS Listing,,Single Family Residential,13414 Eagle Run Dr,Omaha,NE,68164,1049000,4,4.5,Eagle Run West,5685,20550,1996,2,185,108,Active,August-3-2025 01:00 PM,August-3-2025 03:00 PM,https://www.redfin.com/NE/Omaha/13414-Eagle-Run-Dr-68164/home/103519919,GPRMLS,22520158,N,Y,41.2872982,-96.1244969
MLS Listing,,Multi-Family (2-4 Unit),1004 Glenwood Ave,Omaha,NE,68131,375000,,,Bemis Park,,,1906,2,,,Active,,,https://www.redfin.com/NE/Omaha/1004-Glenwood-Ave-68131/home/103606562,GPRMLS,22521253,N,Y,41.2695692,-95.9678942
MLS Listing,,Single Family Residential,1713 N 84th St,Omaha,NE,68114,215000,2,2.0,MAENNER-WESTBROOK,1688,5663,1961,2,127,,Active,,,https://www.redfin.com/NE/Omaha/1713-N-84th-St-68114/home/63964716,GPRMLS,22521385,N,Y,41.2739057,-96.0409756
MLS Listing,,Single Family Residential,13473 Oak St,Omaha,NE,68144,280000,3,2.0,Kingswood Estates,1680,7722,1963,2,167,,Active,August-3-2025 01:00 PM,August-3-2025 03:00 PM,https://www.redfin.com/NE/Omaha/13473-Oak-St-68144/home/63961849,GPRMLS,22521380,N,Y,41.2305104,-96.1241843
MLS Listing,,Single Family Residential,3317 S 159 St,Omaha,NE,68130,300000,3,2.5,Center Park,1550,7841,1976,2,194,,Active,,,https://www.redfin.com/NE/Omaha/3317-S-159th-St-68130/home/63860976,GPRMLS,22521377,N,Y,41.2284299,-96.1615552
MLS Listing,,Single Family Residential,15323 Blackwell Dr,Omaha,NE,68137,300000,3,2.5,PHEASANT RUN,1683,915,1978,2,178,,Active,,,https://www.redfin.com/NE/Omaha/15323-Blackwell-Dr-68137/home/103564383,GPRMLS,22521375,N,Y,41.1991399,-96.1548342
MLS Listing,,Single Family Residential,7768 N 86th Ave,Omaha,NE,68122,300000,3,2.0,somerset,1537,6970,2023,2,195,,Active,,,https://www.redfin.com/NE/Omaha/7768-N-86th-Ave-68122/home/103589284,GPRMLS,22521373,N,Y,41.329509,-96.047106
MLS Listing,,Single Family Residential,11435 Sunburst St,Omaha,NE,68164,315000,3,2.5,Roanoke Estate,2260,9672,1971,2,139,,Active,August-3-2025 12:00 PM,August-3-2025 01:30 PM,https://www.redfin.com/NE/Omaha/11435-Sunburst-St-68164/home/63889466,GPRMLS,22521372,N,Y,41.2996602,-96.0923104
MLS Listing,,Single Family Residential,5635 N 93rd Ave,Omaha,NE,68134,268000,3,2.0,NORTH OAKS,1356,7860,1968,2,198,,Active,,,https://www.redfin.com/NE/Omaha/5635-N-93rd-Ave-68134/home/103547590,GPRMLS,22521371,N,Y,41.3107258,-96.0588668
MLS Listing,,Single Family Residential,1216 S 167th St,Omaha,NE,68130,368000,4,3.5,Pacific Heights,2458,7405,1987,2,150,,Active,,,https://www.redfin.com/NE/Omaha/1216-S-167th-St-68130/home/63868018,GPRMLS,22521369,N,Y,41.2476312,-96.1748151
MLS Listing,,Single Family Residential,4506 S 27 Cir,Omaha,NE,68107,210000,3,1.0,South Omaha,1517,1700,1900,2,138,,Active,,,https://www.redfin.com/NE/Omaha/4506-S-27th-Cir-68107/home/63932957,GPRMLS,22521362,N,Y,41.2144256,-95.9516882
MLS Listing,,Single Family Residential,821 N 121st St,Omaha,NE,68154,325000,3,5.0,Miracle Hills,2317,14810,1972,2,140,,Active,,,https://www.redfin.com/NE/Omaha/821-N-121st-St-68154/home/63956384,GPRMLS,22521356,N,Y,41.267221,-96.1009809
MLS Listing,,Single Family Residential,2205 Pratt St,Omaha,NE,68110,130000,3,1.0,Kountze Place,1247,3920,1909,2,104,,Active,,,https://www.redfin.com/NE/Omaha/2205-Pratt-St-68110/home/103607101,GPRMLS,22521353,N,Y,41.2921156,-95.9457246
MLS Listing,,Single Family Residential,7412 S 185th St,Omaha,NE,68136,490000,4,1.5,River Oaks,2560,9361,2022,2,191,10,Active,August-2-2025 11:00 AM,August-2-2025 01:00 PM,https://www.redfin.com/NE/Omaha/7412-S-185th-St-68136/home/173203224,GPRMLS,22521347,N,Y,41.1844041,-96.2058645
MLS Listing,,Single Family Residential,1611 S 171st Cir,Omaha,NE,68130,375000,4,2.5,Rose Garden Estates,2121,10716,1989,2,177,,Active,,,https://www.redfin.com/NE/Omaha/1611-S-171st-Cir-68130/home/64030659,GPRMLS,22521333,N,Y,41.2439142,-96.1806711
MLS Listing,,Single Family Residential,7918 Howell St,Omaha,NE,68122,275000,3,2.0,Lake Cunningham Ridge,1373,7165,2003,2,200,,Active,August-3-2025 01:00 PM,August-3-2025 02:30 PM,https://www.redfin.com/NE/Omaha/7918-Howell-St-68122/home/63980735,GPRMLS,22521320,N,Y,41.3427082,-96.0358054
MLS Listing,,Condo/Co-op,12727 W Dodge Rd Unit 101A,Omaha,NE,68154,178500,2,2.0,Whitehall,1035,,1974,2,172,550,Active,,,https://www.redfin.com/NE/Omaha/12727-W-Dodge-Rd-68154/unit-101A/home/64032154,GPRMLS,22521317,N,Y,41.2619617,-96.1107787
MLS Listing,,Single Family Residential,11417 R St,Omaha,NE,68137,275000,3,2.0,Roxbury,2019,13068,1967,2,136,,Active,August-2-2025 12:00 PM,August-2-2025 02:00 PM,https://www.redfin.com/NE/Omaha/11417-R-St-68137/home/63990065,GPRMLS,22521313,N,Y,41.2043728,-96.0912827
MLS Listing,,Single Family Residential,18880 Patrick Cir,Elkhorn,NE,68022,750000,5,4.5,Blondo Ridges,3602,14358,2018,2,208,25,Active,,,https://www.redfin.com/NE/Elkhorn/18880-Patrick-Cir-68022/home/143960116,GPRMLS,22521308,N,Y,41.2785512,-96.2102355
MLS Listing,,Single Family Residential,8406 N 47th St,Omaha,NE,68152,595000,4,3.5,COLONIAL ACRES,4445,48591,1966,2,134,,Active,August-3-2025 11:00 AM,August-3-2025 01:00 PM,https://www.redfin.com/NE/Omaha/8406-N-47th-St-68152/home/64062118,GPRMLS,22521299,N,Y,41.335212,-95.9837047
MLS Listing,,Single Family Residential,3914 N 94th St,Omaha,NE,68134,320000,4,2.0,Maple Village,2276,10019,1968,2,141,,Active,,,https://www.redfin.com/NE/Omaha/3914-N-94th-St-68134/home/63995896,GPRMLS,22521296,N,Y,41.2944268,-96.0599097
MLS Listing,,Single Family Residential,17118 Sprague St,Omaha,NE,68116,315000,3,2.0,Quail Run,1681,6970,2002,2,187,,Active,,,https://www.redfin.com/NE/Omaha/17118-Sprague-St-68116/home/63976036,GPRMLS,22521292,N,Y,41.2962251,-96.1826118
MLS Listing,,Single Family Residential,3824 Seward St,Omaha,NE,68111,235000,4,2.0,Orchard Hill,1626,6500,1918,2,145,,Active,,,https://www.redfin.com/NE/Omaha/3824-Seward-St-68111/home/103578079,GPRMLS,22521291,N,Y,41.2742663,-95.9699526
MLS Listing,,Single Family Residential,9127 Hanover St,Omaha,NE,68122,295000,3,2.0,Glenmoor,1440,5617,2017,2,205,11,Active,,,https://www.redfin.com/NE/Omaha/9127-Hanover-St-68122/home/103613098,GPRMLS,22521289,N,Y,41.3278815,-96.0548705
MLS Listing,,Single Family Residential,1114 S 54 St,Omaha,NE,68106,330000,4,2.0,WAKELEY ADD,1526,7650,1926,2,216,,Active,August-3-2025 01:00 PM,August-3-2025 03:00 PM,https://www.redfin.com/NE/Omaha/1114-S-54th-St-68106/home/63975179,GPRMLS,22521287,N,Y,41.2479901,-95.9968515
MLS Listing,,Condo/Co-op,770 N 93 St Unit 1B4,Omaha,NE,68114-9999,448000,2,1.0,Coronado Condo,2092,,1983,2,214,573,Active,,,https://www.redfin.com/NE/Omaha/770-N-93rd-St-68114/unit-1B4/home/103584628,GPRMLS,22521280,N,Y,41.2666088,-96.0580443
MLS Listing,,Condo/Co-op,105 S 9th St #706,Omaha,NE,68102,450000,1,2.0,BEEBE & RUNYAN CONDOMINIUM,1083,,1913,2,416,421,Active,,,https://www.redfin.com/NE/Omaha/105-S-9th-St-68102/unit-706/home/173369451,GPRMLS,22521277,N,Y,41.2593481,-95.9273427
MLS Listing,,Single Family Residential,3207 S 134 Ave,Omaha,NE,68144,285000,4,2.0,Kingswood Estates,1852,7841,1963,2,154,,Active,,,https://www.redfin.com/NE/Omaha/3207-S-134th-Ave-68144/home/103525463,GPRMLS,22521275,N,Y,41.2298987,-96.122327
MLS Listing,,Single Family Residential,3603 N 202 St,Omaha,NE,68022,370000,3,2.5,Winterburns,1652,8245,1992,2,224,,Active,,,https://www.redfin.com/NE/Elkhorn/3603-N-202nd-St-68022/home/103597809,GPRMLS,22521266,N,Y,41.2915108,-96.2290292
MLS Listing,,Single Family Residential,17110 Palisades Dr,Omaha,NE,68136,370000,3,2.5,PALISADES,1572,8276,2010,2,235,28,Active,August-3-2025 12:00 PM,August-3-2025 02:00 PM,https://www.redfin.com/NE/Omaha/17110-Palisades-Dr-68136/home/64041835,GPRMLS,22521262,N,Y,41.1662937,-96.1820241
MLS Listing,,Single Family Residential,833 N 75 St,Omaha,NE,68114,265000,4,2.0,Underwood Park,2027,10019,1954,2,131,,Active,,,https://www.redfin.com/NE/Omaha/833-N-75th-St-68114/home/63910601,GPRMLS,22521260,N,Y,41.2682455,-96.0290719
MLS Listing,,Single Family Residential,14820 Fowler Ave,Omaha,NE,68116,335000,3,3.0,Westin Hills,2552,6098,2002,2,131,,Active,August-2-2025 12:00 PM,August-2-2025 02:00 PM,https://www.redfin.com/NE/Omaha/14820-Fowler-Ave-68116/home/64058560,GPRMLS,22521259,N,Y,41.3016546,-96.1463033
MLS Listing,,Single Family Residential,10337 Pinehurst Ave,Omaha,NE,68124,550000,3,3.0,Rockbrook,2432,14400,1955,3,226,,Active,,,https://www.redfin.com/NE/Omaha/10337-Pinehurst-Ave-68124/home/64049735,GPRMLS,22521061,N,Y,41.2367327,-96.0747939
MLS Listing,,Single Family Residential,16108 Adams St,Omaha,NE,68135,399900,5,3.0,Western Oaks,2894,8712,2008,3,138,,Active,,,https://www.redfin.com/NE/Omaha/16108-Adams-St-68135/home/64075141,GPRMLS,22521247,N,Y,41.1953727,-96.1661423
MLS Listing,,Single Family Residential,4817 N 93 St,Omaha,NE,68134,273000,4,2.0,Tomahawk,1681,12632,1963,3,162,,Active,August-2-2025 10:00 AM,August-2-2025 12:00 PM,https://www.redfin.com/NE/Omaha/4817-N-93rd-St-68134/home/103581705,GPRMLS,22521245,N,Y,41.3027228,-96.0571499
MLS Listing,,Single Family Residential,8853 N 82nd Ave,Omaha,NE,68122,269000,3,2.0,Lake Cunningham Hills,1345,5490,1997,3,200,,Active,,,https://www.redfin.com/NE/Omaha/8853-N-82nd-Ave-68122/home/63889942,GPRMLS,22521239,N,Y,41.3406638,-96.0402102
MLS Listing,,Single Family Residential,6421 N 168 Ave,Omaha,NE,68116,317900,2,2.0,LAKEVIEW 168,1421,10890,2025,3,224,110,Active,,,https://www.redfin.com/NE/Omaha/6421-N-168th-Ave-68116/home/177350817,GPRMLS,22521238,N,Y,41.3171532,-96.1780042
MLS Listing,,Single Family Residential,6417 N 168 Ave,Omaha,NE,68116,317900,2,2.0,LAKEVIEW 168,1421,10890,2025,3,224,110,Active,,,https://www.redfin.com/NE/Omaha/6417-N-168th-Ave-68116/home/177350816,GPRMLS,22521237,N,Y,41.3170006,-96.1779951
MLS Listing,,Multi-Family (2-4 Unit),6808 N 30 St,Omaha,NE,68104,222000,2,1.0,UPLAND TERRACE,1336,697,1922,3,166,,Active,,,https://www.redfin.com/NE/Omaha/6808-N-30th-St-68112/home/64037967,GPRMLS,22521235,N,Y,41.3206724,-95.9568972
MLS Listing,,Townhouse,819 S 31 St,Omaha,NE,68105,430000,3,2.5,Leavenworth Rows,1866,1801,2016,3,230,160,Active,,,https://www.redfin.com/NE/Omaha/819-S-31st-St-68105/home/103617866,GPRMLS,22521234,N,Y,41.251623,-95.958445
MLS Listing,,Single Family Residential,2428 S 182 Cir,Omaha,NE,68130,845000,5,4.0,The Ridges,3351,18774,2021,3,252,42,Active,,,https://www.redfin.com/NE/Omaha/2428-S-182nd-Cir-68130/home/103572280,GPRMLS,22521221,N,Y,41.2351376,-96.1966658
MLS Listing,,Single Family Residential,16498 Cinnamon Dr,Omaha,NE,68136,875000,4,3.5,Cinnamon Acres,4020,125453,1994,3,218,25,Active,August-3-2025 11:00 AM,August-3-2025 01:00 PM,https://www.redfin.com/NE/Omaha/16498-Cinnamon-Dr-68136/home/64063123,GPRMLS,22521216,N,Y,41.1682355,-96.1718812
MLS Listing,,Single Family Residential,13318 Spring St,Omaha,NE,68144,410000,3,3.0,Kingswood Heights,2649,7906,2015,3,155,125,Active,,,https://www.redfin.com/NE/Omaha/13318-Spring-St-68144/home/64067015,GPRMLS,22521215,N,Y,41.2293163,-96.120904
MLS Listing,,Single Family Residential,11018 S 174th St,Omaha,NE,68136,649500,6,3.0,Tiburon Ridge,3966,12197,2017,3,164,,Active,,,https://www.redfin.com/NE/Omaha/11018-S-174th-St-68136/home/64071227,GPRMLS,22521210,N,Y,41.148852,-96.18744
MLS Listing,,Single Family Residential,2229 S 181st Cir,Omaha,NE,68130,625000,4,2.5,The Ridges,3829,21344,1997,3,163,63,Active,August-2-2025 01:00 PM,August-2-2025 03:00 PM,https://www.redfin.com/NE/Omaha/2229-S-181st-Cir-68130/home/63871306,GPRMLS,22521208,N,Y,41.2378977,-96.1987898
MLS Listing,,Single Family Residential,4625 Capitol Ave,Omaha,NE,68132,385000,4,2.5,Briggs Place,2086,5300,1915,3,185,,Active,,,https://www.redfin.com/NE/Omaha/4625-Capitol-Ave-68132/home/63962478,GPRMLS,22521204,N,Y,41.2602965,-95.9839787
MLS Listing,,Condo/Co-op,725 Riverfront Dr,Omaha,NE,68102,699999,3,2.0,RIVERFRONT PLACE,2664,4356,2005,3,263,1024,Active,,,https://www.redfin.com/NE/Omaha/725-Riverfront-Dr-68102/home/173361856,GPRMLS,22521199,N,Y,41.2664927,-95.9252248
MLS Listing,,Single Family Residential,4735 Erskine St,Omaha,NE,68104,215000,2,2.0,BAKER PLACE,1282,6400,1918,3,168,,Active,,,https://www.redfin.com/NE/Omaha/4735-Erskine-St-68104/home/64065374,GPRMLS,22521196,N,Y,41.2803375,-95.9852298
MLS Listing,,Single Family Residential,7710 N 127th Ave,Omaha,NE,68142,950000,5,4.5,Deer Creek,4143,13504,2014,3,229,29,Active,,,https://www.redfin.com/NE/Omaha/7710-N-127th-Ave-68142/home/64062794,GPRMLS,22521192,N,Y,41.3305921,-96.1121902
MLS Listing,,Single Family Residential,11005 V St,Omaha,NE,68137,285000,3,2.5,Roxbury,2182,10454,1974,3,131,,Active,August-3-2025 01:00 PM,August-3-2025 03:00 PM,https://www.redfin.com/NE/Omaha/11005-V-St-68137/home/103595370,GPRMLS,22518902,N,Y,41.1990252,-96.0848772
MLS Listing,,Single Family Residential,19114 T St,Omaha,NE,68135,285000,3,2.0,Coyote Run,1380,8276,2002,3,207,,Active,,,https://www.redfin.com/NE/Omaha/19114-T-St-68135/home/103555393,GPRMLS,22521184,N,Y,41.202633,-96.2146793
MLS Listing,,Single Family Residential,2909 Bristol St,Omaha,NE,68111,175000,4,1.5,LANDS,1518,5227,1910,3,115,,Active,,,https://www.redfin.com/NE/Omaha/2909-Bristol-St-68111/home/103522583,GPRMLS,22521185,N,Y,41.288966,-95.9559032
MLS Listing,,Condo/Co-op,2315 Harney St #204,Omaha,NE,68102,155000,1,1.0,St. Clare Condominiums,651,,1913,3,238,270,Active,,,https://www.redfin.com/NE/Omaha/2315-Harney-St-68102/unit-204/home/103600541,GPRMLS,22521174,N,Y,41.2562965,-95.9463731
MLS Listing,,Single Family Residential,3707 N 19th St,Omaha,NE,68110,119000,3,1.0,Kirkwood,946,5227,1900,3,126,,Active,,,https://www.redfin.com/NE/Omaha/3707-Florence-Blvd-68110/home/103567108,GPRMLS,22521160,N,Y,41.2926236,-95.9419245
MLS Listing,,Single Family Residential,5902 Leavenworth St,Omaha,NE,68106,380000,3,2.0,Elmwood,2320,7475,1941,3,164,,Active,August-3-2025 11:00 AM,August-3-2025 01:00 PM,https://www.redfin.com/NE/Omaha/5902-Leavenworth-St-68106/home/63937231,GPRMLS,22521156,N,Y,41.2525926,-96.0036021
MLS Listing,,Single Family Residential,8108 S 184 Ter,Omaha,NE,68136,510000,3,2.5,GARDEN OAKS,1844,13068,2024,3,277,42,Active,,,https://www.redfin.com/NE/Omaha/8108-S-184th-Ter-68136/home/143966035,GPRMLS,22521153,N,Y,41.1790643,-96.2045799
MLS Listing,,Single Family Residential,4411 Commercial Ave,Omaha,NE,68110,140000,2,1.0,REINHARDT 1ST ADD,752,7841,1910,3,186,,Active,,,https://www.redfin.com/NE/Omaha/4411-Commercial-Ave-68110/home/64013609,GPRMLS,22521151,N,Y,41.2982439,-95.9390263
MLS Listing,,Single Family Residential,2314 Deer Park Blvd,Omaha,NE,68108,125000,2,1.0,Lands,520,2800,1890,3,240,,Active,,,https://www.redfin.com/NE/Omaha/2314-Deer-Park-Blvd-68108/home/103586270,GPRMLS,22521141,N,Y,41.2283862,-95.9461106
MLS Listing,,Single Family Residential,1301 N 97th Cir,Omaha,NE,68114,450000,5,3.0,Meadowbrook,3430,15246,1969,3,131,,Active,,,https://www.redfin.com/NE/Omaha/1301-N-97th-Cir-68114/home/63912949,GPRMLS,22521140,N,Y,41.2734404,-96.0642585
MLS Listing,,Single Family Residential,8110 S 151st St,Omaha,NE,68138,305000,4,2.5,ROCK CREEK,1610,6970,1986,3,189,,Active,August-3-2025 02:00 PM,August-3-2025 03:00 PM,https://www.redfin.com/NE/Omaha/8110-S-151st-St-68138/home/64060972,GPRMLS,22521138,N,Y,41.1778776,-96.1492626
MLS Listing,,Single Family Residential,7011 S 167th Ave,Omaha,NE,68136,430000,4,3.0,Millard Park,2998,14375,1999,3,143,,Active,,,https://www.redfin.com/NE/Omaha/7011-S-167th-Ave-68136/home/63866369,GPRMLS,22518737,N,Y,41.1893161,-96.1764383
MLS Listing,,Single Family Residential,18103 Mayberry St,Omaha,NE,68130,765000,6,5.5,Pacific Ridge,5330,10454,2003,3,144,46,Active,,,https://www.redfin.com/NE/Omaha/18103-Mayberry-ST-68130/home/160627559,GPRMLS,22521127,N,Y,41.2395091,-96.2004383
MLS Listing,,Single Family Residential,8202 Potter St,Omaha,NE,68122-0000,295000,3,2.5,Somerset,1523,6480,1999,3,194,,Active,,,https://www.redfin.com/NE/Omaha/8202-Potter-St-68122/home/103541412,GPRMLS,22521126,N,Y,41.3297646,-96.0399525
MLS Listing,,Single Family Residential,18710 Lillian St,Omaha,NE,68136,499000,5,3.5,SUGAR CREEK,3852,10890,2005,3,130,7,Active,,,https://www.redfin.com/NE/Omaha/18710-Lillian-St-68136/home/63944590,GPRMLS,22521125,N,Y,41.1846204,-96.2095083
MLS Listing,,Single Family Residential,4526 S 199th Ave,Omaha,NE,68135,475000,4,3.0,Canterberry South,3126,11054,2016,4,152,,Active,,,https://www.redfin.com/NE/Omaha/4526-S-199th-Ave-68135/home/101695277,GPRMLS,22520237,N,Y,41.213947,-96.228607
MLS Listing,,Single Family Residential,5131 S 84th St,Ralston,NE,68127,225000,3,1.0,Ralston,1132,19000,1956,4,199,,Active,,,https://www.redfin.com/NE/Omaha/5131-S-84th-St-68127/home/103550516,GPRMLS,22520678,N,Y,41.2059662,-96.0426967
MLS Listing,,Single Family Residential,3043 Arcadia Ave,Omaha,NE,68111,200000,3,1.5,Arcadia Court,991,5227,1946,4,202,,Active,,,https://www.redfin.com/NE/Omaha/3043-Arcadia-Ave-68111/home/103534479,GPRMLS,22520153,N,Y,41.3124139,-95.9582941
MLS Listing,,Single Family Residential,10416 Browne St,Omaha,NE,68134,350000,3,2.5,Sunny Slope,2596,12632,1973,4,135,,Active,August-3-2025 12:00 PM,August-3-2025 02:00 PM,https://www.redfin.com/NE/Omaha/10416-Browne-St-68134/home/64022678,GPRMLS,22519538,N,Y,41.3054438,-96.076993
MLS Listing,,Single Family Residential,4918 N 27th St,Omaha,NE,68111,160000,3,1.0,Clayton Place,1122,3920,1917,4,143,,Active,,,https://www.redfin.com/NE/Omaha/4918-N-27th-St-68111/home/64006013,GPRMLS,22521121,N,Y,41.3038849,-95.9519973
MLS Listing,,Single Family Residential,11105 Monroe St,Omaha,NE,68137,315000,3,2.5,Brookhaven,1464,8712,1985,4,215,,Active,August-3-2025 01:00 PM,August-3-2025 03:00 PM,https://www.redfin.com/NE/Omaha/11105-Monroe-St-68137/home/103532177,GPRMLS,22521118,N,Y,41.1935317,-96.0874686
MLS Listing,,Single Family Residential,1003 S 42nd St,Omaha,NE,68105,199000,2,1.0,THORNBURG PLACE,1418,6098,1890,4,140,,Active,,,https://www.redfin.com/NE/Omaha/1003-S-42nd-St-68105/home/64065432,GPRMLS,22521117,N,Y,41.2498264,-95.9754092
MLS Listing,,Single Family Residential,4521 A St,Omaha,NE,68106,329950,3,2.0,Radio Heights,1346,12730,1953,4,245,,Active,August-3-2025 12:00 PM,August-3-2025 03:00 PM,https://www.redfin.com/NE/Omaha/4521-A-St-68106/home/103590495,GPRMLS,22521107,N,Y,41.2255373,-95.9823762
MLS Listing,,Single Family Residential,4711 S 102nd St,Omaha,NE,68127,305000,3,2.5,MOCKINGBIRD HILLS,2212,9583,1978,4,138,,Active,August-3-2025 01:00 PM,August-3-2025 03:00 PM,https://www.redfin.com/NE/Omaha/4711-S-102nd-St-68127/home/103554901,GPRMLS,22521099,N,Y,41.2118095,-96.0714994
MLS Listing,,Single Family Residential,6714 N 35th St,Omaha,NE,68102,65000,2,1.0,Dillons,994,7410,1952,4,65,,Active,,,https://www.redfin.com/NE/Omaha/6714-N-35th-St-68112/home/196656716,GPRMLS,22521094,N,Y,41.3204719,-95.9642631
MLS Listing,,Single Family Residential,3909 N 60th St,Omaha,NE,68104,125000,3,2.0,Bensondale,2104,6558,1962,4,59,,Active,,,https://www.redfin.com/NE/Omaha/3909-N-60th-St-68104/home/196656715,GPRMLS,22521095,N,Y,41.294434,-96.0044095
MLS Listing,,Single Family Residential,2533 S 46th Ave,Omaha,NE,68106,160000,3,1.0,Ambler Place,964,6750,1955,4,166,,Active,,,https://www.redfin.com/NE/Omaha/2533-S-46th-Ave-68106/home/196656292,GPRMLS,22521092,N,Y,41.234567,-95.9827445
MLS Listing,,Single Family Residential,2743 S 50th St,Omaha,NE,68106,160000,3,2.0,Lands,1577,7367,1972,4,101,,Active,,,https://www.redfin.com/NE/Omaha/2743-S-50th-St-68106/home/196656291,GPRMLS,22521093,N,Y,41.2325238,-95.9899421
MLS Listing,,Single Family Residential,2942 Martha St,Omaha,NE,68105,130000,4,1.0,Clarks Place,1572,7025,1916,4,83,,Active,,,https://www.redfin.com/NE/Omaha/2942-Martha-St-68105/home/196656290,GPRMLS,22521091,N,Y,41.2384,-95.9563782
MLS Listing,,Single Family Residential,4013 Newport Ave,Omaha,NE,68112,149711,3,1.5,FLORENCE PARK ADD,1257,9583,1955,4,119,,Active,,,https://www.redfin.com/NE/Omaha/4013-Newport-Ave-68112/home/103579857,GPRMLS,22521086,N,Y,41.3191737,-95.9732544
MLS Listing,,Vacant Land,408 William St,Omaha,NE,68108,275000,,,CREDIT FONCIER,,14553,,4,,,Active,,,https://www.redfin.com/NE/Omaha/408-William-St-68108/home/103555669,GPRMLS,22521036,N,Y,41.2461795,-95.9219092
MLS Listing,,Single Family Residential,4941 N 93rd Ave,Omaha,NE,68134,269000,4,2.0,TOMAHAWK HILLS 4TH ADD,1172,7500,1970,4,230,,Active,,,https://www.redfin.com/NE/Omaha/4941-N-93rd-Ave-68134/home/63861056,GPRMLS,22521034,N,Y,41.3035678,-96.0587782
MLS Listing,,Single Family Residential,18913 Hayes Cir,Omaha,NE,68135,355000,3,3.0,Harrison Park Village,1997,11761,2012,4,178,130,Active,August-3-2025 02:00 PM,August-3-2025 03:30 PM,https://www.redfin.com/NE/Omaha/18913-Hayes-Cir-68135/home/64048477,GPRMLS,22521029,N,Y,41.1917844,-96.2114451
MLS Listing,,Single Family Residential,106 N 117 St,Omaha,NE,68154,320000,3,2.5,Meadow Lane Park,1786,1000,1966,4,179,,Active,August-2-2025 01:00 PM,August-2-2025 03:00 PM,https://www.redfin.com/NE/Omaha/106-N-117th-St-68154/home/103541914,GPRMLS,22521024,N,Y,41.257697,-96.0968673
MLS Listing,,Single Family Residential,5023 Evans St,Omaha,NE,68104,215000,3,1.5,Saunders & Himebaugh Highland Park,1871,6900,1953,5,115,,Active,,,https://www.redfin.com/NE/Omaha/5023-Evans-St-68104/home/103552218,GPRMLS,22520290,N,Y,41.2911954,-95.9913418
MLS Listing,,Single Family Residential,9738 Brentwood Rd,Omaha,NE,68114,1390000,5,3.5,Regency,4650,27300,1973,5,299,200,Active,,,https://www.redfin.com/NE/Omaha/9738-Brentwood-Rd-68114/home/64069446,GPRMLS,22521020,N,Y,41.250921,-96.066575
MLS Listing,,Single Family Residential,1219 Ranch View Ln,Elkhorn,NE,68022,1650000,5,5.0,RANCH VIEW ESTATES REPLAT 3,5612,45738,2006,5,294,14,Active,,,https://www.redfin.com/NE/Elkhorn/1219-Ranch-View-Ln-68022/home/70118616,GPRMLS,22520697,N,Y,41.2474194,-96.2482771
MLS Listing,,Single Family Residential,2405 S 151 St,Omaha,NE,68144,375000,4,3.0,Harvey Oaks,3076,9583,1978,5,122,4,Active,,,https://www.redfin.com/NE/Omaha/2405-S-151st-St-68144/home/63994920,GPRMLS,22521018,N,Y,41.2366746,-96.1495574
MLS Listing,,Single Family Residential,15718 Lafayette Ave,Omaha,NE,68118,350000,4,2.5,Windridge,2705,7260,1988,6,129,,Active,,,https://www.redfin.com/NE/Omaha/15718-Lafayette-Ave-68118/home/103595748,GPRMLS,22520306,N,Y,41.2715909,-96.1605991
MLS Listing,,Single Family Residential,5422 N 33 Ave,Omaha,NE,68111,130000,2,1.0,Charlsew Heights,918,5227,1910,6,142,,Active,August-2-2025 11:00 AM,August-2-2025 01:00 PM,https://www.redfin.com/NE/Omaha/5422-N-33rd-Ave-68111/home/103521923,GPRMLS,22521010,N,Y,41.307878,-95.9629572
MLS Listing,,Single Family Residential,3862 California St,Omaha,NE,68131,590000,5,2.5,PARK PLACE,2766,8712,1930,6,213,,Active,,,https://www.redfin.com/NE/Omaha/3862-California-St-68131/home/103595922,GPRMLS,22521009,N,Y,41.2649654,-95.9715529
MLS Listing,,Single Family Residential,11324 Y St,Omaha,NE,68137,279000,3,1.5,Brookhaven,1154,11761,1983,6,242,,Active,August-2-2025 12:00 PM,August-2-2025 02:00 PM,https://www.redfin.com/NE/Omaha/11324-Y-St-68137/home/103577232,GPRMLS,22520995,N,Y,41.1978591,-96.0907378
MLS Listing,,Multi-Family (2-4 Unit),1510 S 32 Ave,Omaha,NE,68105,299900,3,2.0,Hanscom Place,2084,7350,1885,6,144,,Active,,,https://www.redfin.com/NE/Omaha/1510-S-32nd-Ave-68105/home/64081559,GPRMLS,22520985,N,Y,41.2447406,-95.9606808
MLS Listing,,Single Family Residential,1710 N 197 St,Elkhorn,NE,68022,689000,4,4.5,ELK RIDGE,3192,10890,2015,7,216,41,Active,,,https://www.redfin.com/NE/Elkhorn/1710-N-197th-St-68022/home/103569473,GPRMLS,22520983,N,Y,41.2755818,-96.2251465
MLS Listing,,Single Family Residential,2917 N 66th St,Omaha,NE,68104,155000,2,1.0,Benson,913,6534,1909,7,170,,Active,August-2-2025 01:00 PM,August-2-2025 03:00 PM,https://www.redfin.com/NE/Omaha/2917-N-66th-St-68104/home/64034040,GPRMLS,22520327,N,Y,41.2856798,-96.014186
MLS Listing,,Single Family Residential,7501 S 170th St,Omaha,NE,68136,525000,4,3.0,Harrison Woods,3550,11848,2006,7,148,21,Active,,,https://www.redfin.com/NE/Omaha/7501-S-170th-St-68136/home/95066773,GPRMLS,22512276,N,Y,41.1846518,-96.1834553
MLS Listing,,Single Family Residential,4864 S 143 St,Omaha,NE,68137,229900,3,1.0,Westchester,1336,7405,1964,7,172,,Active,,,https://www.redfin.com/NE/Omaha/4864-S-143rd-St-68137/home/64069123,GPRMLS,22520972,N,Y,41.2107583,-96.1383479
MLS Listing,,Single Family Residential,14427 Weir Cir,Omaha,NE,68137,275000,3,1.5,WALNUT GROVE,1400,7405,1976,7,196,,Active,,,https://www.redfin.com/NE/Omaha/14427-Weir-Cir-68137/home/103520645,GPRMLS,22520970,N,Y,41.206521,-96.140037
MLS Listing,,Single Family Residential,13411 Hascall St,Omaha,NE,68144,325000,4,2.5,Montclair West,1658,7841,1985,7,196,,Active,,,https://www.redfin.com/NE/Omaha/13411-Hascall-St-68144/home/64024179,GPRMLS,22520963,N,Y,41.2280749,-96.1233208
MLS Listing,,Single Family Residential,2528 N 142nd St,Omaha,NE,68164,299900,3,2.5,Autumn Heights,1547,8052,1979,7,194,,Active,,,https://www.redfin.com/NE/Omaha/2528-N-142nd-St-68164/home/103538622,GPRMLS,22520627,N,Y,41.2830329,-96.1359684
MLS Listing,,Single Family Residential,4228 Nebraska Ave,Omaha,NE,68111,250000,5,2.0,HIGHLAND GARDENS,2067,20473,1927,7,121,,Active,,,https://www.redfin.com/NE/Omaha/4228-Nebraska-Ave-68111/home/73681092,GPRMLS,22520956,N,Y,41.3150914,-95.9770398
MLS Listing,,Single Family Residential,7502 N 89 Ave,Omaha,NE,68112,346888,4,2.5,Turnbridge,2525,7754,2010,7,137,10,Active,,,https://www.redfin.com/NE/Omaha/7502-N-89th-Ave-68122/home/103611976,GPRMLS,22520945,N,Y,41.32814,-96.051751
MLS Listing,,Single Family Residential,12249 T St,Omaha,NE,68137,270000,3,1.5,SIGNAL HILL PARK REPLAT,1460,6534,1966,7,185,,Active,,,https://www.redfin.com/NE/Omaha/12249-T-St-68137/home/64058568,GPRMLS,22520946,N,Y,41.2029524,-96.104272
MLS Listing,,Single Family Residential,4667 S 152nd Cir,Omaha,NE,68137,409500,4,3.5,Summerwood,2825,9394,1984,7,145,,Active,August-3-2025 12:00 PM,August-3-2025 02:00 PM,https://www.redfin.com/NE/Omaha/4667-S-152nd-Cir-68137/home/77525971,GPRMLS,22520932,N,Y,41.2135433,-96.1509696
MLS Listing,,Single Family Residential,2214 N 48th St,Omaha,NE,68104,212500,3,1.0,Grammercy Park,1244,6600,1926,7,171,,Active,,,https://www.redfin.com/NE/Omaha/2214-N-48th-St-68104/home/63956724,GPRMLS,22520926,N,Y,41.2793386,-95.9856767
MLS Listing,,Single Family Residential,2547 N 61 St,Omaha,NE,68104,295000,4,2.0,Halcyon Heights,1592,6400,1905,7,185,,Active,August-3-2025 01:00 PM,August-3-2025 03:00 PM,https://www.redfin.com/NE/Omaha/2547-N-61st-St-68104/home/63955852,GPRMLS,22520918,N,Y,41.2830503,-96.0069343
MLS Listing,,Single Family Residential,2302 N 178th St,Omaha,NE,68116-0000,620000,5,3.0,Andresen Meadows,3378,12100,2014,7,184,17,Active,,,https://www.redfin.com/NE/Omaha/2302-N-178th-St-68116/home/103614433,GPRMLS,22520912,N,Y,41.2798409,-96.1939141
MLS Listing,,Single Family Residential,13424 Bedford Ave,Omaha,NE,68164,1690000,6,7.0,Eagle Run West,7568,21344,1996,7,223,67,Active,,,https://www.redfin.com/NE/Omaha/13424-Bedford-Ave-68164/home/63859143,GPRMLS,22519865,N,Y,41.2873738,-96.1252205
MLS Listing,,Single Family Residential,17737 Edna St,Omaha,NE,68136,265000,3,2.0,HICKORY RIDGE,1463,5315,2003,7,181,,Active,August-3-2025 01:00 PM,August-3-2025 03:00 PM,https://www.redfin.com/NE/Omaha/17737-Edna-St-68136/home/63985589,GPRMLS,22520908,N,Y,41.1877756,-96.192564
MLS Listing,,Single Family Residential,2729 N 178th St,Omaha,NE,68116,599900,4,3.0,Andresen Meadows,3888,15246,2013,7,154,16,Active,,,https://www.redfin.com/NE/Omaha/2729-N-178th-St-68116/home/64059486,GPRMLS,22520904,N,Y,41.2836187,-96.1928726
MLS Listing,,Single Family Residential,7513 Richmond Dr,Omaha,NE,68134,240000,2,2.0,WEAR'S BENSON,1657,6970,1957,7,145,,Active,,,https://www.redfin.com/NE/Omaha/7513-Richmond-Dr-68134/home/103528384,GPRMLS,22520905,N,Y,41.278517,-96.0293564
MLS Listing,,Multi-Family (2-4 Unit),3206 S 23 St,Omaha,NE,68108,450000,5,3.0,LANDS,1830,3400,1890,7,246,,Active,,,https://www.redfin.com/NE/Omaha/3206-S-23rd-St-68108/home/64081392,GPRMLS,22520903,N,Y,41.2291166,-95.9458138
MLS Listing,,Single Family Residential,13063 Patrick Cir,Omaha,NE,68164,285000,3,2.5,WILLOW WOOD,1537,5663,1987,7,185,,Active,August-2-2025 12:00 PM,August-2-2025 01:30 PM,https://www.redfin.com/NE/Omaha/13063-Patrick-Cir-68164/home/63895972,GPRMLS,22520811,N,Y,41.2779605,-96.117684
MLS Listing,,Single Family Residential,5802 Pacific St,Omaha,NE,68106,270000,2,2.0,Edgewood,1699,5663,1957,7,159,,Active,,,https://www.redfin.com/NE/Omaha/5802-Pacific-St-68106/home/64021106,GPRMLS,22520892,N,Y,41.248976,-96.0024759
MLS Listing,,Single Family Residential,7802 N 94th Cir,Omaha,NE,68122,374990,5,3.5,LAKE CUNNINGHAM VILLAGE,2460,7971,2022,7,152,,Active,,,https://www.redfin.com/NE/Omaha/7802-N-94th-Cir-68122/home/177349739,GPRMLS,22520874,N,Y,41.3304241,-96.0595465
MLS Listing,,Single Family Residential,13942 Wyoming St,Omaha,NE,68142,325000,3,2.5,Wood Valley,1597,871,2017,7,204,,Active,,,https://www.redfin.com/NE/Omaha/13942-Wyoming-St-68142/home/109799166,GPRMLS,22520867,N,Y,41.3252888,-96.1326161
MLS Listing,,Single Family Residential,12611 Schroeder Cir,Omaha,NE,68137,459900,4,3.5,Oak Hills of Millard,2878,14175,1967,7,160,8,Active,,,https://www.redfin.com/NE/Omaha/12611-Schroeder-Cir-68137/home/64047065,GPRMLS,22520860,N,Y,41.2034884,-96.1107055
MLS Listing,,Single Family Residential,18352 Cary St,Gretna,NE,68136,414990,4,3.0,Windsor West,2191,8538,2024,7,189,56,Active,,,https://www.redfin.com/NE/Omaha/18352-Cary-St-68136/home/182558233,GPRMLS,22520855,N,Y,41.1745854,-96.2003732
MLS Listing,,Single Family Residential,16027 Cary St,Omaha,NE,68136,450000,4,3.0,Stonecrest,3169,14680,2009,7,142,17,Active,August-3-2025 12:00 PM,August-3-2025 02:00 PM,https://www.redfin.com/NE/Omaha/16027-Cary-St-68136/home/64060793,GPRMLS,22520851,N,Y,41.1730757,-96.1656166
MLS Listing,,Single Family Residential,10702 Martha St,Omaha,NE,68124,720000,4,3.5,Leawood,3259,15682,1961,7,221,,Active,,,https://www.redfin.com/NE/Omaha/10702-Martha-St-68124/home/103574650,GPRMLS,22520850,N,Y,41.2381024,-96.0807321
MLS Listing,,Single Family Residential,16557 Elm St,Omaha,NE,68130,440000,4,2.5,ARMBRUST ACRES,3003,13560,1985,7,147,13,Active,August-3-2025 01:00 PM,August-3-2025 03:00 PM,https://www.redfin.com/NE/Omaha/16557-Elm-St-68130/home/63924235,GPRMLS,22520848,N,Y,41.2305302,-96.172575
MLS Listing,,Single Family Residential,14110 Hillsborough Dr,Omaha,NE,68164,484000,4,1.5,Hillsborough,3413,10260,1994,7,142,6,Active,,,https://www.redfin.com/NE/Omaha/14110-Hillsborough-Dr-68164/home/103526007,GPRMLS,22519025,N,Y,41.2969484,-96.1346713
MLS Listing,,Single Family Residential,3802 N 36th St,Omaha,NE,68111,188000,4,2.0,Fairfax,1057,5160,1952,7,178,,Active,,,https://www.redfin.com/NE/Omaha/3802-N-36th-St-68111/home/63958005,GPRMLS,22520845,N,Y,41.29329,-95.9663839
MLS Listing,,Single Family Residential,15616 Westchester Cir,Omaha,NE,68118,415000,4,3.5,Greenfields,3021,8712,1983,7,137,,Active,August-2-2025 02:30 PM,August-2-2025 04:30 PM,https://www.redfin.com/NE/Omaha/15616-Westchester-Cir-68118/home/103528651,GPRMLS,22520839,N,Y,41.2591495,-96.1590347
MLS Listing,,Single Family Residential,13918 Edna St,Omaha,NE,68138,350000,3,3.0,Stonybrook South,2400,9583,1985,7,146,,Active,,,https://www.redfin.com/NE/Omaha/13918-Edna-St-68138/home/64046103,GPRMLS,22520836,N,Y,41.1885798,-96.1313892
MLS Listing,,Single Family Residential,2631 N 165th Ave,Omaha,NE,68116,459000,4,2.0,SHADOW GLEN,2951,10890,2015,7,156,6,Active,,,https://www.redfin.com/NE/Omaha/2631-N-165th-Ave-68116/home/103557643,GPRMLS,22520829,N,Y,41.28349,-96.172814
MLS Listing,,Single Family Residential,5915 N 169 St,Omaha,NE,68116,750000,5,3.0,PIER 15,3753,12197,2025,7,200,10,Active,August-2-2025 12:00 PM,August-2-2025 02:00 PM,https://www.redfin.com/NE/Omaha/5915-N-169th-St-68116/home/144823640,GPRMLS,22520830,N,Y,41.3128539,-96.1801502
MLS Listing,,Single Family Residential,10819 S 178th St,Omaha,NE,68136,320000,4,2.0,Tiburon Ridge North,1497,6970,2023,7,214,,Active,,,https://www.redfin.com/NE/Omaha/10819-S-178th-St-68136/home/182557743,GPRMLS,22520826,N,Y,41.1507578,-96.1932298
MLS Listing,,Single Family Residential,19355 V St,Omaha,NE,68135,290000,3,2.0,Arbor Gate,1526,5227,2008,7,190,8,Active,,,https://www.redfin.com/NE/Omaha/19355-V-St-68135/home/103533412,GPRMLS,22520824,N,Y,41.2001309,-96.2177281
MLS Listing,,Single Family Residential,412 N 96th St,Omaha,NE,68114,2350000,3,3.5,Lands,3658,69696,1994,7,642,,Active,,,https://www.redfin.com/NE/Omaha/412-N-96th-St-68114/home/102402945,GPRMLS,22520821,N,Y,41.2625364,-96.0630314
MLS Listing,,Single Family Residential,4545 Polk St,Omaha,NE,68117,299000,3,1.0,Sunshine View,1942,10875,1954,7,154,,Active,August-3-2025 12:00 PM,August-3-2025 02:00 PM,https://www.redfin.com/NE/Omaha/4545-Polk-St-68117/home/64024964,GPRMLS,22520823,N,Y,41.1914285,-95.9839978
MLS Listing,,Single Family Residential,18902 Pierce Plz,Omaha,NE,68130,539500,3,3.0,Brookfield at the Ridges,3210,24394,2003,7,168,155,Active,August-2-2025 02:00 PM,August-2-2025 04:00 PM,https://www.redfin.com/NE/Omaha/18902-Pierce-Plz-68130/home/63929777,GPRMLS,22519021,N,Y,41.2479492,-96.2128898
MLS Listing,,Single Family Residential,19643 S St,Omaha,NE,68135,305000,3,2.5,Arbor Gate,1460,6534,2014,7,209,,Active,August-2-2025 01:00 PM,August-2-2025 03:00 PM,https://www.redfin.com/NE/Omaha/19643-S-St-68135/home/64068472,GPRMLS,22520816,N,Y,41.2028491,-96.2238325
MLS Listing,,Townhouse,7184 N 78th Ct,Omaha,NE,68122,169000,2,1.0,WOODGATE,994,6098,1975,7,170,200,Active,,,https://www.redfin.com/NE/Omaha/7184-N-78th-Ct-68122/home/63938008,GPRMLS,22520815,N,Y,41.3246941,-96.0342897
MLS Listing,,Single Family Residential,16231 Rolling Ridge Rd,Omaha,NE,68135-0000,300000,3,2.5,Prairie Pointe,1604,7440,1992,7,187,,Active,,,https://www.redfin.com/NE/Omaha/16231-Rolling-Ridge-Rd-68135/home/63891803,GPRMLS,22520814,N,Y,41.2117806,-96.1666083
MLS Listing,,Single Family Residential,2205 S 161st Cir,Omaha,NE,68130,325000,3,2.5,WOODHAVEN,1876,9148,1986,7,173,,Active,August-2-2025 12:00 PM,August-2-2025 02:00 PM,https://www.redfin.com/NE/Omaha/2205-S-161st-Cir-68130/home/103599127,GPRMLS,22520813,N,Y,41.2380115,-96.1659829
MLS Listing,,Single Family Residential,2741 N 129 Cir,Omaha,NE,68164,310000,3,2.5,Willow Wood,2016,5663,1979,7,154,,Active,August-2-2025 11:00 AM,August-2-2025 01:00 PM,https://www.redfin.com/NE/Omaha/2741-N-129th-Cir-68164/home/63965487,GPRMLS,22520809,N,Y,41.2843573,-96.1145588
MLS Listing,,Condo/Co-op,2820 N 66 Ave #303,Omaha,NE,68104,80000,1,1.0,Maple Crest Condominium Prop Regime,692,,1981,8,116,276,Active,,,https://www.redfin.com/NE/Omaha/2820-N-66th-Ave-68104/unit-303/home/103565819,GPRMLS,22520692,N,Y,41.2840703,-96.0159066
MLS Listing,,Single Family Residential,7520 S 135th St,Omaha,NE,68138,340000,3,2.0,SOUTHRIDGE,1859,6534,1991,8,183,,Active,August-3-2025 01:00 PM,August-3-2025 03:00 PM,https://www.redfin.com/NE/Omaha/7520-S-135th-St-68138/home/63922957,GPRMLS,22518148,N,Y,41.1845701,-96.1235854
MLS Listing,,Single Family Residential,19842 Adams St,Omaha,NE,68135,555000,4,3.0,Falling Waters,3453,9583,2022,8,161,19,Active,August-3-2025 01:00 PM,August-3-2025 03:00 PM,https://www.redfin.com/NE/Omaha/19842-Adams-St-68135/home/148225186,GPRMLS,22518203,N,Y,41.1943809,-96.2248676
MLS Listing,,Single Family Residential,7451 N 111th St,Omaha,NE,68142,315000,4,2.5,Deerwood,1650,5881,2005,8,191,,Active,August-2-2025 10:00 AM,August-2-2025 12:00 PM,https://www.redfin.com/NE/Omaha/7451-N-111th-St-68142/home/63985144,GPRMLS,22520212,N,Y,41.3267612,-96.0866666
MLS Listing,,Single Family Residential,4114 N 172nd St,Omaha,NE,68116,339000,3,2.0,Quail Run,1441,6098,2003,8,235,,Active,,,https://www.redfin.com/NE/Omaha/4114-N-172nd-St-68116/home/103540983,GPRMLS,22520756,N,Y,41.2962209,-96.1843176
MLS Listing,,Single Family Residential,19630 R St,Omaha,NE,68135,300000,3,2.0,Arbor Gate,1460,7405,2016,8,205,8,Active,,,https://www.redfin.com/NE/Omaha/19630-R-St-68135/home/101694679,GPRMLS,22520181,N,Y,41.2034305,-96.2236377
MLS Listing,,Single Family Residential,13952 Arbor Cir,Omaha,NE,68144,350000,3,2.0,Georgetown,2001,9200,1984,8,175,,Active,,,https://www.redfin.com/NE/Omaha/13952-Arbor-Cir-68144/home/63937537,GPRMLS,22519590,N,Y,41.236736,-96.132168
MLS Listing,,Single Family Residential,5216 S 36th St,Omaha,NE,68107,264900,4,3.0,Fowler Place,2629,6098,1905,8,101,,Active,,,https://www.redfin.com/NE/Omaha/5216-S-36th-St-68107/home/63878733,GPRMLS,22520807,N,Y,41.2048508,-95.9676987
MLS Listing,,Single Family Residential,1418 N 149 Ct,Omaha,NE,68154,309900,4,2.0,Eldorado,1603,4792,1974,8,193,,Active,,,https://www.redfin.com/NE/Omaha/1418-N-149th-Ct-68154/home/64043235,GPRMLS,22520804,N,Y,41.2728612,-96.1469596
MLS Listing,,Townhouse,2317 S 118 Ct,Omaha,NE,68144,249900,2,2.5,CRYER CREST TOWNHOMES COND PROP REG,1642,,1973,8,152,320,Active,,,https://www.redfin.com/NE/Omaha/2317-S-118th-Ct-68144/home/103568077,GPRMLS,22520798,N,Y,41.2383753,-96.0987335
MLS Listing,,Single Family Residential,2425 S 47th St,Omaha,NE,68106,350000,4,2.0,LANDS,2093,7841,1960,8,167,,Active,,,https://www.redfin.com/NE/Omaha/2425-S-47th-St-68106/home/64036598,GPRMLS,22520789,N,Y,41.2358497,-95.9839393
MLS Listing,,Townhouse,10828 Oakbrook Cir,Omaha,NE,68154,265000,3,2.0,OAKBROOK,1829,5227,1980,8,145,,Active,,,https://www.redfin.com/NE/Omaha/10828-Oakbrook-Cir-68154/home/63992307,GPRMLS,22520787,N,Y,41.2762811,-96.0827719
MLS Listing,,Single Family Residential,6519 N 36th St,Omaha,NE,68112,79900,2,1.0,Florence Field,972,8276,1952,8,82,,Active,,,https://www.redfin.com/NE/Omaha/6519-N-36th-St-68112/home/63950758,GPRMLS,22520784,N,Y,41.3183279,-95.9658388
MLS Listing,,Single Family Residential,4740 N 40th Ave,Omaha,NE,68111-0000,210000,4,1.0,STIRLING ADD,1548,6098,1910,8,136,,Active,,,https://www.redfin.com/NE/Omaha/4740-N-40th-Ave-68111/home/64041657,GPRMLS,22520782,N,Y,41.3025189,-95.9736539
MLS Listing,,Single Family Residential,7405 N 80 St,Omaha,NE,68122,259000,3,2.0,GLENBROOK,1527,4792,1987,8,170,40,Active,August-2-2025 03:00 PM,August-2-2025 06:00 PM,https://www.redfin.com/NE/Omaha/7405-N-80th-St-68122/home/103549097,GPRMLS,22520779,N,Y,41.3263091,-96.0364262
MLS Listing,,Single Family Residential,7910 N 131 Cir,Omaha,NE,68142,724500,5,4.5,DEER CREEK RESERVE,5159,21083,2018,8,140,17,Active,,,https://www.redfin.com/NE/Omaha/7910-N-131st-Cir-68142/home/143958806,GPRMLS,22520777,N,Y,41.331306,-96.1191386
MLS Listing,,Single Family Residential,3022 S 49 Ave,Omaha,NE,68106,354450,4,2.5,LANDS,2020,6534,1965,8,175,,Active,,,https://www.redfin.com/NE/Omaha/3022-S-49th-Ave-68106/home/87952583,GPRMLS,22520778,N,Y,41.2322345,-95.9893369
MLS Listing,,Single Family Residential,710 South 67th Ave,Omaha,NE,68106,270000,3,2.5,Aksarben,1788,7841,1955,8,151,,Active,,,https://www.redfin.com/NE/Omaha/710-S-67th-Ave-68106/home/63993780,GPRMLS,22520774,N,Y,41.2531342,-96.0174637
MLS Listing,,Single Family Residential,2526 N 165th Ave,Omaha,NE,68116,420000,4,3.0,SHADOW GLEN,2887,6534,2012,8,145,6,Active,,,https://www.redfin.com/NE/Omaha/2526-N-165th-Ave-68116/home/64052527,GPRMLS,22520771,N,Y,41.2824993,-96.1732894
MLS Listing,,Single Family Residential,17302 Larimore Ave,Omaha,NE,68116,454900,4,3.5,Sagewood,3061,12197,2013,8,149,11,Active,,,https://www.redfin.com/NE/Omaha/17302-Larimore-Ave-68116/home/64058745,GPRMLS,22520753,N,Y,41.3024637,-96.1857459
MLS Listing,,Single Family Residential,6033 Charles St,Omaha,NE,68132,320000,3,2.5,MORNINGSIDE ADD,1821,5227,1998,8,176,,Active,,,https://www.redfin.com/NE/Omaha/6033-Charles-St-68132/home/63890353,GPRMLS,22520751,N,Y,41.272986,-96.0064662
MLS Listing,,Condo/Co-op,444 Riverfront Pl #601,Omaha,NE,68102,589900,2,2.5,Omaha,1504,,2011,8,392,691,Active,,,https://www.redfin.com/NE/Omaha/444-Riverfront-Plz-68102/unit-601/home/79788922,GPRMLS,22520750,N,Y,41.2673235,-95.923475
MLS Listing,,Single Family Residential,14505 Wirt St,Omaha,NE,68116,269900,3,2.0,Grayhawk,1430,8712,2003,8,189,175,Active,,,https://www.redfin.com/NE/Omaha/14505-Wirt-St-68116/home/63998211,GPRMLS,22520747,N,Y,41.2862151,-96.1421183
MLS Listing,,Single Family Residential,12617 Park Lane Cir,Omaha,NE,68164,295000,3,2.0,TRANQUILITY VIEW,1496,9583,1993,8,197,,Active,,,https://www.redfin.com/NE/Omaha/12617-Park-Lane-Cir-68164/home/63867113,GPRMLS,22520743,N,Y,41.305627,-96.1116397
MLS Listing,,Single Family Residential,10022 S 187th Ave,Omaha,NE,68136,605000,5,3.0,Aspen Creek North,3271,11935,2021,8,185,25,Active,,,https://www.redfin.com/NE/Omaha/10022-S-187th-Ave-68136/home/148386464,GPRMLS,22520740,N,Y,41.1597776,-96.2096458
MLS Listing,,Single Family Residential,443 N 61st St,Omaha,NE,68132,499950,2,2.5,Fairacres Terrace,2480,9324,1948,8,202,,Active,,,https://www.redfin.com/NE/Omaha/443-N-61st-St-68132/home/103538829,GPRMLS,22520739,N,Y,41.263962,-96.007222
MLS Listing,,Single Family Residential,4814 N 135th St,Omaha,NE,68164,419900,4,3.0,HILLSBOROUGH,2616,8712,1997,8,161,10,Active,,,https://www.redfin.com/NE/Omaha/4814-N-135th-St-68164/home/103526115,GPRMLS,22520738,N,Y,41.302834,-96.1247529
MLS Listing,,Single Family Residential,14806 Miami St,Omaha,NE,68116,525000,4,2.5,NELSONS CREEK,3759,9000,1990,8,140,6,Active,,,https://www.redfin.com/NE/Omaha/14806-Miami-St-68116/home/63976920,GPRMLS,22520737,N,Y,41.2837898,-96.1460346
MLS Listing,,Single Family Residential,7303 Graceland Dr,Omaha,NE,68134,235000,4,2.5,BENSON ACRES,1998,14375,1963,8,118,,Active,,,https://www.redfin.com/NE/Omaha/7303-Graceland-Dr-68134/home/103611711,GPRMLS,22520734,N,Y,41.2969496,-96.0259386
MLS Listing,,Single Family Residential,5662 S 122nd St,Omaha,NE,68137,265000,3,2.0,Signal Hill,1342,6670,1966,8,197,,Active,,,https://www.redfin.com/NE/Omaha/5662-S-122nd-St-68137/home/63926420,GPRMLS,22520732,N,Y,41.201511,-96.1027862
MLS Listing,,Single Family Residential,812 N 48th St,Omaha,NE,68132,350000,3,3.0,CARTHAGE ADD,2665,6251,1916,8,131,,Active,,,https://www.redfin.com/NE/Omaha/812-N-48th-St-68132/home/64018119,GPRMLS,22520720,N,Y,41.2672922,-95.9860007
MLS Listing,,Single Family Residential,3718 N 54 St,Omaha,NE,68104,210000,3,2.0,Belmont,1588,5227,1960,8,132,,Active,August-3-2025 01:00 PM,August-3-2025 03:00 PM,https://www.redfin.com/NE/Omaha/3718-N-54th-St-68104/home/63885288,GPRMLS,22520719,N,Y,41.2928789,-95.9978013
MLS Listing,,Single Family Residential,4030 Browne St,Omaha,NE,68111,149900,2,1.0,CENTRAL PARK,1120,5663,1955,8,134,,Active,,,https://www.redfin.com/NE/Omaha/4030-Browne-St-68111/home/64015700,GPRMLS,22520715,N,Y,41.3051646,-95.9735364
MLS Listing,,Single Family Residential,14622 Kansas Ave,Omaha,NE,68116,369900,4,3.0,Standing Bear West,2249,7405,2004,8,164,,Active,,,https://www.redfin.com/NE/Omaha/14622-Kansas-Ave-68116/home/64019791,GPRMLS,22520716,N,Y,41.3144163,-96.1431281
MLS Listing,,Condo/Co-op,200 S 31st Ave #4209,Omaha,NE,68131,495000,2,2.5,Midtown Crossing,1637,,2010,8,302,967,Active,,,https://www.redfin.com/NE/Omaha/200-S-31st-Ave-68131/unit-4209/home/63863340,GPRMLS,22520714,N,Y,41.258556,-95.9604732
MLS Listing,,Single Family Residential,7216 S 170th St,Omaha,NE,68136,469900,4,3.0,Harrison Woods,2723,13068,2006,8,173,21,Active,,,https://www.redfin.com/NE/Omaha/7216-S-170th-St-68136/home/63985691,GPRMLS,22520712,N,Y,41.1872817,-96.1816612
MLS Listing,,Single Family Residential,4316 Grant St,Omaha,NE,68111,189900,4,2.0,CLIFTON HILL,1676,5663,1900,8,113,,Active,,,https://www.redfin.com/NE/Omaha/4316-Grant-St-68111/home/103574167,GPRMLS,22520707,N,Y,41.279962,-95.9788565
MLS Listing,,Single Family Residential,2046 Vinton St,Omaha,NE,68108,164900,2,1.0,VINTON PLACE,1373,1742,1926,8,120,,Active,,,https://www.redfin.com/NE/Omaha/2046-Vinton-St-68108/home/63948465,GPRMLS,22520704,N,Y,41.2295814,-95.9440056
MLS Listing,,Single Family Residential,4251 Patrick Ave,Omaha,NE,68111,169900,3,1.5,CLIFTON HILL,1374,3920,1900,8,124,,Active,,,https://www.redfin.com/NE/Omaha/4251-Patrick-Ave-68111/home/63985402,GPRMLS,22520705,N,Y,41.277924,-95.9781538
MLS Listing,,Single Family Residential,13580 Cedar St,Omaha,NE,68144,375000,4,3.0,Montclair of Westwood North,2805,8625,1971,8,134,,Active,August-2-2025 11:00 AM,August-2-2025 01:00 PM,https://www.redfin.com/NE/Omaha/13580-Cedar-St-68144/home/64051838,GPRMLS,22520700,N,Y,41.2411852,-96.1265372
MLS Listing,,Single Family Residential,4381 S 154 St,Omaha,NE,68137,428500,4,3.0,Summerwood,2896,11025,1988,8,148,,Active,,,https://www.redfin.com/NE/Omaha/4381-S-154th-St-68137/home/63978821,GPRMLS,22520699,N,Y,41.2158141,-96.1535975
MLS Listing,,Single Family Residential,3217 N 159th St,Omaha,NE,68116,497000,2,2.0,Huntington,3178,20038,1997,8,156,150,Active,,,https://www.redfin.com/NE/Omaha/3217-N-159th-St-68116/home/63941835,GPRMLS,22520695,N,Y,41.2870508,-96.1600957
MLS Listing,,Single Family Residential,1743 S 177th Ave,Omaha,NE,68130,455000,4,3.0,Spring Ridge,3490,11371,1996,8,130,12,Active,,,https://www.redfin.com/NE/Omaha/1743-S-177th-Ave-68130/home/63930441,GPRMLS,22520684,N,Y,41.2419726,-96.1923102
MLS Listing,,Single Family Residential,8169 S 185th St,Omaha,NE,68136,575000,5,3.0,GARDEN OAKS,3148,11934,2022,8,183,42,Active,August-3-2025 11:00 AM,August-3-2025 01:00 PM,https://www.redfin.com/NE/Omaha/8169-S-185th-St-68136/home/144205620,GPRMLS,22520680,N,Y,41.1776676,-96.2048303
MLS Listing,,Single Family Residential,18221 Redwood St,Omaha,NE,68136,700000,4,3.0,Garden Oaks,2970,17393,2023,8,236,42,Active,August-3-2025 01:00 PM,August-3-2025 03:00 PM,https://www.redfin.com/NE/Omaha/18221-Redwood-St-68136/home/144205540,GPRMLS,22520677,N,Y,41.1830722,-96.2008984
MLS Listing,,Single Family Residential,17508 Greenleaf St,Omaha,NE,68136,424900,3,3.0,Windsor East,2318,9760,2023,8,183,175,Active,,,https://www.redfin.com/NE/Omaha/17508-Greenleaf-St-68136/home/176311610,GPRMLS,22520676,N,Y,41.1777093,-96.1883416
MLS Listing,,Single Family Residential,15023 Davenport Cir,Omaha,NE,68154,275000,3,2.5,Wycliffe,1491,6970,1976,8,184,,Active,,,https://www.redfin.com/NE/Omaha/15023-Davenport-Cir-68154/home/63924245,GPRMLS,22520671,N,Y,41.2599373,-96.149364
MLS Listing,,Single Family Residential,5012 South 92nd St,Omaha,NE,68127,324900,3,2.5,MOCKINGBIRD HILLS,1644,7405,1968,8,198,,Active,,,https://www.redfin.com/NE/Omaha/5012-S-92nd-St-68127/home/103554543,GPRMLS,22520670,N,Y,41.2075579,-96.0547709
MLS Listing,,Single Family Residential,15719 Cottonwood Ave,Omaha,NE,68136,275000,3,2.0,Springhill,1314,5555,2004,8,209,,Active,August-3-2025 01:00 PM,August-3-2025 04:00 PM,https://www.redfin.com/NE/Omaha/15719-Cottonwood-Ave-68136/home/64029946,GPRMLS,22520664,N,Y,41.1815632,-96.1604634
MLS Listing,,Single Family Residential,7784 N 88 Ave,Omaha,NE,68122-0000,315000,3,2.5,TURNBRIDGE,1823,6098,2019,8,173,10,Active,,,https://www.redfin.com/NE/Omaha/7784-N-88th-Ave-68122/home/143959478,GPRMLS,22520659,N,Y,41.3299949,-96.0530723
MLS Listing,,Single Family Residential,7799 N 88th St,Omaha,NE,68122,297500,3,2.5,Turnbridge,1654,7405,2020,8,180,13,Active,,,https://www.redfin.com/NE/Omaha/7799-N-88th-St-68122/home/143959343,GPRMLS,22520658,N,Y,41.3310815,-96.0517428
MLS Listing,,Single Family Residential,7611 Fillmore St,Omaha,NE,68122,275000,3,2.0,Lake Cunningham Ridge,1517,6970,2004,8,181,,Active,August-3-2025 01:00 PM,August-3-2025 02:00 PM,https://www.redfin.com/NE/Omaha/7611-Fillmore-St-68122/home/103555511,GPRMLS,22520656,N,Y,41.3415914,-96.0309897
MLS Listing,,Single Family Residential,16367 Y St,Omaha,NE,68135,450000,3,3.5,Quail Hollow,3895,10080,2002,8,116,8,Active,,,https://www.redfin.com/NE/Omaha/16367-Y-St-68135/home/64062091,GPRMLS,22520653,N,Y,41.1981764,-96.1710395
MLS Listing,,Single Family Residential,6623 S 92nd Cir,Omaha,NE,68127,435000,3,3.0,Turtle Creek,3074,16627,1984,8,142,,Active,,,https://www.redfin.com/NE/Omaha/6623-S-92nd-Cir-68127/home/103584884,GPRMLS,22520648,N,Y,41.1914948,-96.0574183
MLS Listing,,Single Family Residential,7109 S 140 St,Omaha,NE,68138,450000,4,3.0,Stonybrook South,2955,9375,1981,8,152,,Active,,,https://www.redfin.com/NE/Omaha/7109-S-140th-St-68138/home/64046972,GPRMLS,22520641,N,Y,41.1887859,-96.1327917
MLS Listing,,Single Family Residential,6127 N 148th St,Omaha,NE,68116,358000,3,2.5,STANDING BEAR WEST,1662,10454,2009,8,215,,Active,,,https://www.redfin.com/NE/Omaha/6127-N-148th-St-68116/home/64029910,GPRMLS,22520640,N,Y,41.3150416,-96.1460502
MLS Listing,,Single Family Residential,13214 Marinda Cir,Omaha,NE,68144,335000,3,1.5,MONTCLAIR OF WESTWOOD 2ND ADD,2862,6528,1966,8,117,,Active,,,https://www.redfin.com/NE/Omaha/13214-Marinda-Cir-68144/home/103559244,GPRMLS,22520624,N,Y,41.2395861,-96.1202823
MLS Listing,,Single Family Residential,17055 Corby St,Omaha,NE,68116,649000,4,3.0,Manchester Park,3788,11761,2009,9,171,33,Active,August-2-2025 12:00 PM,August-2-2025 02:00 PM,https://www.redfin.com/NE/Omaha/17055-Corby-St-68116/home/64032001,GPRMLS,22518375,N,Y,41.2841577,-96.1812294
MLS Listing,,Condo/Co-op,12627 Weir St,Omaha,NE,68137,165000,2,1.5,TWIN OAKS,1242,,1979,9,133,340,Active,,,https://www.redfin.com/NE/Omaha/12627-Weir-St-68137/home/63864394,GPRMLS,22519652,N,Y,41.2055313,-96.1106326
MLS Listing,,Single Family Residential,5503 N 166th St,Omaha,NE,68116,575000,4,2.0,STONE CREEK,3170,11761,2004,9,181,135,Active,,,https://www.redfin.com/NE/Omaha/5503-N-166th-St-68116/home/103554346,GPRMLS,22520087,N,Y,41.3080965,-96.1736569
MLS Listing,,Multi-Family (2-4 Unit),5022 Izard St,Omaha,NE,68132,535000,4,2.0,Dundee Place,2384,6534,1920,9,224,,Active,,,https://www.redfin.com/NE/Omaha/5022-Izard-St-68132/home/103552168,GPRMLS,22519644,N,Y,41.2689934,-95.9923047
MLS Listing,,Single Family Residential,1324 S 162nd St,Omaha,NE,68130,329900,3,3.0,Pacific Heights,1834,10019,1976,9,180,,Active,,,https://www.redfin.com/NE/Omaha/1324-S-162nd-St-68130/home/63957237,GPRMLS,22516692,N,Y,41.2442932,-96.1665699
MLS Listing,,Single Family Residential,14922 Cedar Cir,Omaha,NE,68144,425000,4,2.5,Harvey Oaks,2975,8712,1976,9,143,,Active,August-3-2025 02:00 PM,August-3-2025 04:00 PM,https://www.redfin.com/NE/Omaha/14922-Cedar-Cir-68144/home/64029092,GPRMLS,22520618,N,Y,41.2390345,-96.1459321
MLS Listing,,Single Family Residential,6361 S 140th Ave,Omaha,NE,68137,280000,3,2.0,MILLARD HIGHLANDS,2098,7405,1974,9,133,,Active,,,https://www.redfin.com/NE/Omaha/6361-S-140th-Ave-68137/home/63936965,GPRMLS,22520615,N,Y,41.1954231,-96.1326941
MLS Listing,,Single Family Residential,5218 Boyd St,Omaha,NE,68104,205000,3,2.0,DILLONS BENSON ADDITION,1653,5830,1957,9,124,,Active,,,https://www.redfin.com/NE/Omaha/5218-Boyd-St-68104/home/63984720,GPRMLS,22520613,N,Y,41.2977661,-95.9959012
MLS Listing,,Single Family Residential,5831 Frances St,Omaha,NE,68106,255000,4,1.5,Center View,1462,5934,1954,9,174,,Active,,,https://www.redfin.com/NE/Omaha/5831-Frances-St-68106/home/63940525,GPRMLS,22520614,N,Y,41.2399801,-96.0036625
MLS Listing,,Single Family Residential,2502 S 186th Cir,Omaha,NE,68022,725000,4,4.5,The Ridges Rep II,4682,9583,2004,9,155,63,Active,,,https://www.redfin.com/NE/Omaha/2502-S-186th-Cir-68130/home/63916967,GPRMLS,22520607,N,Y,41.2360312,-96.2070198
MLS Listing,,Single Family Residential,3814 Marcy St,Omaha,NE,68105-0000,380000,3,2.0,DIETZ -GOULD- 2ND ADD,1824,4370,1910,9,208,,Active,,,https://www.redfin.com/NE/Omaha/3814-Marcy-St-68105/home/63934457,GPRMLS,22520591,N,Y,41.2513749,-95.9699124
MLS Listing,,Single Family Residential,2918 N 152nd St,Omaha,NE,68116,349900,3,2.5,Seven Pines,1812,6480,1997,9,193,,Active,,,https://www.redfin.com/NE/Omaha/2918-N-152nd-St-68116/home/63874224,GPRMLS,22520585,N,Y,41.2860364,-96.151667
MLS Listing,,Single Family Residential,16415 Lilac St,Omaha,NE,68116,314500,3,2.5,Stone Ridge,1663,10454,2012,9,189,,Active,,,https://www.redfin.com/NE/Omaha/16415-Lilac-St-68116/home/103613065,GPRMLS,22520581,N,Y,41.3026762,-96.1720676
MLS Listing,,Single Family Residential,4113 N 208th St,Omaha,NE,68022,444900,5,2.5,Arbor Ridge,2871,10019,1999,9,155,,Active,,,https://www.redfin.com/NE/Elkhorn/4113-N-208th-St-68022/home/63950211,GPRMLS,22520578,N,Y,41.2963852,-96.2408771
MLS Listing,,Single Family Residential,415 S 217th St,Elkhorn,NE,68022,415000,3,3.0,Chapel Hill,2579,13500,1973,9,161,,Active,,,https://www.redfin.com/NE/Elkhorn/415-S-217th-St-68022/home/63913066,GPRMLS,22520576,N,Y,41.2544024,-96.2525521
MLS Listing,,Single Family Residential,15409 Garfield St,Omaha,NE,68144,305000,3,2.0,Oakbrook Meadows,1694,6930,1986,9,180,,Active,,,https://www.redfin.com/NE/Omaha/15409-Garfield-St-68144/home/64025104,GPRMLS,22520571,N,Y,41.2231394,-96.1564184
MLS Listing,,Single Family Residential,9715 Camden Ave,Omaha,NE,68134,262000,3,2.0,GOLDEN HILLS,1680,7841,1964,9,156,,Active,,,https://www.redfin.com/NE/Omaha/9715-Camden-Ave-68134/home/92894164,GPRMLS,22520568,N,Y,41.3058933,-96.0652512
MLS Listing,,Single Family Residential,5623 S 140th St,Omaha,NE,68137,256000,4,1.0,MILLARD HIGHLANDS,1348,6970,1973,9,190,,Active,,,https://www.redfin.com/NE/Omaha/5623-S-140th-Ave-68137/home/103600493,GPRMLS,22520564,N,Y,41.200787,-96.1327911
MLS Listing,,Single Family Residential,2204 N 176th St,Omaha,NE,68116,615000,4,4.5,Manchester Ridge,3485,13068,2013,9,176,4,Active,,,https://www.redfin.com/NE/Omaha/2204-N-176th-St-68116/home/64064279,GPRMLS,22520554,N,Y,41.2794928,-96.1898884
MLS Listing,,Single Family Residential,16404 Cary St,Omaha,NE,68136,315000,3,2.5,Meridian Park,1859,10019,2016,9,169,20,Active,,,https://www.redfin.com/NE/Omaha/16404-Cary-St-68136/home/88617381,GPRMLS,22520545,N,Y,41.1745616,-96.1708742
MLS Listing,,Single Family Residential,5719 Larimore Ave,Omaha,NE,68104,249900,3,2.5,HICKMANS,1730,10890,1956,9,144,,Active,,,https://www.redfin.com/NE/Omaha/5719-Larimore-Ave-68104/home/100207461,GPRMLS,22520546,N,Y,41.3019974,-96.0018687
MLS Listing,,Single Family Residential,6123 Emmet St,Omaha,NE,68104,190000,3,2.0,Benson,1281,6750,1952,9,148,,Active,,,https://www.redfin.com/NE/Omaha/6123-Emmet-St-68104/home/103526877,GPRMLS,22520541,N,Y,41.2893264,-96.0082571
MLS Listing,,Single Family Residential,7517 Graceland Dr,Omaha,NE,68134,250000,2,2.0,Benson Acres,1210,16800,1913,9,207,,Active,August-3-2025 11:00 AM,August-3-2025 01:00 PM,https://www.redfin.com/NE/Omaha/7517-Graceland-Dr-68134/home/64002441,GPRMLS,22520540,N,Y,41.2976021,-96.02893
MLS Listing,,Single Family Residential,6614 Bedford Ave,Omaha,NE,68104,205000,3,1.0,Benson,1324,6534,1915,9,155,,Active,,,https://www.redfin.com/NE/Omaha/6614-Bedford-Ave-68104/home/103573893,GPRMLS,22520534,N,Y,41.2889058,-96.015089
MLS Listing,,Single Family Residential,5427 Parker St,Omaha,NE,68104,245000,3,1.0,MURPHYS ADD,1144,7000,1905,9,214,,Active,,,https://www.redfin.com/NE/Omaha/5427-Parker-St-68104/home/63955679,GPRMLS,22520523,N,Y,41.2766503,-95.998728
MLS Listing,,Single Family Residential,17820 Rampart St,Omaha,NE,68136,422500,3,2.0,Palisades West,1724,11904,2020,9,245,,Active,,,https://www.redfin.com/NE/Omaha/17820-Rampart-St-68136/home/148385810,GPRMLS,22520515,N,Y,41.1685921,-96.1945816
MLS Listing,,Single Family Residential,4360 Laurel Ave,Omaha,NE,68111,195000,3,1.0,REDMANS SUB DIV,1091,5600,1925,9,179,,Active,,,https://www.redfin.com/NE/Omaha/4360-Laurel-Ave-68111/home/103562003,GPRMLS,22520512,N,Y,41.312349,-95.9789453
MLS Listing,,Single Family Residential,18414 Palisades Dr,Omaha,NE,68136,466960,4,2.5,Hills of Aspen Creek,2748,915,2024,9,170,10,Active,,,https://www.redfin.com/NE/Omaha/18414-Palisades-Dr-68136/home/182558091,GPRMLS,22520494,N,Y,41.166741,-96.201945
MLS Listing,,Single Family Residential,15222 Douglas Cir,Omaha,NE,68154,342000,4,3.0,Wycliff Replat,2041,8349,1978,10,168,,Active,,,https://www.redfin.com/NE/Omaha/15222-Douglas-Cir-68154/home/103549475,GPRMLS,22519756,N,Y,41.2581031,-96.1524373
MLS Listing,,Single Family Residential,6404 N 79 Ave,Omaha,NE,68134,310000,3,3.0,Wynnewood 1st Addition,2187,6970,1992,10,142,,Active,,,https://www.redfin.com/NE/Omaha/6404-N-79th-Ave-68134/home/63982724,GPRMLS,22519777,N,Y,41.3163877,-96.0368603
MLS Listing,,Single Family Residential,1012 S 131st Ave,Omaha,NE,68154,425000,4,3.0,LEAWOOD WEST,3407,11250,1967,10,125,3,Active,,,https://www.redfin.com/NE/Omaha/1012-S-131st-Ave-68154/home/103530454,GPRMLS,22520232,N,Y,41.2492051,-96.1190623
MLS Listing,,Single Family Residential,2904 N 173rd St,Omaha,NE,68116,500000,4,3.0,Whispering Ridge,3479,12197,2005,10,144,,Active,,,https://www.redfin.com/NE/Omaha/2904-N-173rd-St-68116/home/64068055,GPRMLS,22520491,N,Y,41.2853989,-96.1846328
MLS Listing,,Single Family Residential,426 N 38th Ave,Omaha,NE,68131,495000,4,2.5,OKEEFES HILLCREST,3608,7405,1913,10,137,,Active,,,https://www.redfin.com/NE/Omaha/426-N-38th-Ave-68131/home/103522451,GPRMLS,22520489,N,Y,41.2631731,-95.970745
MLS Listing,,Single Family Residential,9405 Maplewood Blvd,Omaha,NE,68134,280000,3,3.0,Maple Village,1700,13504,1978,10,165,,Active,,,https://www.redfin.com/NE/Omaha/9405-Maplewood-Blvd-68134/home/63941699,GPRMLS,22520488,N,Y,41.2912839,-96.0598182
MLS Listing,,Single Family Residential,6705 Mason St,Omaha,NE,68106,250000,3,2.0,Elmwood Gardens,1828,4792,1954,10,137,,Active,,,https://www.redfin.com/NE/Omaha/6705-Mason-St-68106/home/103575585,GPRMLS,22520487,N,Y,41.2494385,-96.0162015
MLS Listing,,Single Family Residential,1341 S 27 St,Omaha,NE,68105,149900,3,1.0,Shulls,1040,2350,1910,10,144,,Active,,,https://www.redfin.com/NE/Omaha/1341-S-27th-St-68105/home/103530091,GPRMLS,22520478,N,Y,41.245446,-95.9515964
MLS Listing,,Single Family Residential,11418 Pierce St,Omaha,NE,68144,569000,4,3.0,SKYLARK HEIGHTS,3183,22500,1960,10,179,,Active,,,https://www.redfin.com/NE/Omaha/11418-Pierce-St-68144/home/63884422,GPRMLS,22520304,N,Y,41.2477629,-96.0919586
MLS Listing,,Single Family Residential,9945 Harney Pkwy N,Omaha,NE,68114,675000,3,2.5,Regency,2479,14500,1972,10,272,200,Active,August-3-2025 01:00 PM,August-3-2025 03:00 PM,https://www.redfin.com/NE/Omaha/9945-Harney-Pkwy-N-68114/home/192145396,GPRMLS,22519742,N,Y,41.2539804,-96.071131
MLS Listing,,Single Family Residential,12916 Southdale Dr,Omaha,NE,68137,290000,3,2.0,Millard Heights,1884,11000,1977,10,154,,Active,,,https://www.redfin.com/NE/Omaha/12916-Southdale-Dr-68137/home/103549659,GPRMLS,22520461,N,Y,41.1913496,-96.116265
MLS Listing,,Single Family Residential,6220 Harvest Dr,Papillion,NE,68157,434990,4,3.0,Pioneer View,2511,11195,2025,10,173,,Active,,,https://www.redfin.com/NE/Omaha/6220-Harvest-Dr-68157/home/169278574,GPRMLS,22520459,N,Y,41.1674719,-96.006983
MLS Listing,,Single Family Residential,5714 S 161 St,Omaha,NE,68135,520000,6,4.0,Autumn Grove,4309,7405,2003,10,121,5,Active,,,https://www.redfin.com/NE/Omaha/5714-S-161st-St-68135/home/64046176,GPRMLS,22520458,N,Y,41.1997617,-96.166018
MLS Listing,,Single Family Residential,16886 Crown Point Ave,Omaha,NE,68116,574900,4,3.5,Pier 15,2944,12688,2024,10,195,21,Active,,,https://www.redfin.com/NE/Omaha/16886-Crown-Point-Ave-68116/home/144822597,GPRMLS,22520438,N,Y,41.3134546,-96.1806381
MLS Listing,,Single Family Residential,2903 N 166th St,Omaha,NE,68116,475000,3,2.5,Shadow Glen North,1759,9714,2023,10,270,6,Active,,,https://www.redfin.com/NE/Omaha/2903-N-166th-St-68116/home/173353648,GPRMLS,22520403,N,Y,41.2853593,-96.1738392
MLS Listing,,Vacant Land,TBD N Post Rd,Omaha,NE,68112,475000,,,Lands,,207781,,10,,,Active,,,https://www.redfin.com/NE/Omaha/TBD-N-Post-Rd-68112/home/196534252,GPRMLS,22520395,N,Y,41.3659017,-95.9731463
MLS Listing,,Vacant Land,4541 N 64th St,Omaha,NE,68104,85000,,,Bensonvale Acres,,14280,,10,,,Active,,,https://www.redfin.com/NE/Omaha/4541-N-64th-St-68104/home/103592793,GPRMLS,22520391,N,Y,41.3010723,-96.0102575
MLS Listing,,Single Family Residential,4188 Chicago St,Omaha,NE,68131,297500,3,1.5,Poppleton Park,2302,6098,1920,10,129,,Active,,,https://www.redfin.com/NE/Omaha/4188-Chicago-St-68131/home/64034147,GPRMLS,22520388,N,Y,41.2632336,-95.9768822
MLS Listing,,Single Family Residential,13824 Cuming St,Omaha,NE,68154,1995000,5,5.5,LINDEN ESTATES,7460,33616,2004,10,267,42,Active,,,https://www.redfin.com/NE/Omaha/13824-Cuming-St-68154/home/103536587,GPRMLS,22520377,N,Y,41.2693097,-96.1317102
MLS Listing,,Single Family Residential,14021 Camden Ave,Omaha,NE,68164,450000,4,3.5,Hillsborough,3105,11475,2001,10,145,8,Active,,,https://www.redfin.com/NE/Omaha/14021-Camden-Ave-68164/home/64063806,GPRMLS,22520371,N,Y,41.3057608,-96.1351351
MLS Listing,,Single Family Residential,17063 Orchard Ave,Omaha,NE,68135,369900,4,3.0,LAKE SHORE,2570,8712,1993,10,144,,Active,,,https://www.redfin.com/NE/Omaha/17063-Orchard-Ave-68135/home/63891182,GPRMLS,22520370,N,Y,41.2093546,-96.1819231
MLS Listing,,Single Family Residential,2111 S 133rd Ave,Omaha,NE,68144,335000,4,2.5,Montclair,2360,7841,1966,10,142,,Active,,,https://www.redfin.com/NE/Omaha/2111-S-133rd-Ave-68144/home/63883181,GPRMLS,22520369,N,Y,41.2398507,-96.1214669
MLS Listing,,Single Family Residential,3919 Miami St,Omaha,NE,68111,130000,2,1.0,HITCHCOCKS,860,11761,1892,10,151,,Active,,,https://www.redfin.com/NE/Omaha/3919-Miami-St-68111/home/103531058,GPRMLS,22520367,N,Y,41.2829218,-95.9718219
MLS Listing,,Single Family Residential,6623 Parkview Ln,Omaha,NE,68104,199000,3,1.5,Park View Terrace,1611,8120,1962,10,124,,Active,,,https://www.redfin.com/NE/Omaha/6623-Parkview-Ln-68104/home/103598335,GPRMLS,22520364,N,Y,41.3078789,-96.0155152
