SALE TYPE,SOLD DATE,PROPERTY TYPE,ADDRESS,CITY,STATE OR PROVINCE,ZIP OR POSTAL CODE,PRICE,BEDS,BATHS,LOCATION,SQUARE FEET,LOT SIZE,YEAR BUILT,DAYS ON MARKET,$/SQUARE FEET,HOA/MONTH,STATUS,NEXT OPEN HOUSE START TIME,NEXT OPEN HOUSE END TIME,URL (SEE https://www.redfin.com/buy-a-home/comparative-market-analysis FOR INFO ON PRICING),SOURCE,MLS#,FAVORITE,INTERESTED,LATITUDE,LONGITUDE
"In accordance with local MLS rules, some MLS listings are not included in the download"
MLS Listing,,Single Family Residential,7824 Latir Mesa Rd NW,Albuquerque,NM,87114,320000,3,2.5,Albuquerque,1508,4356,2006,1,212,25,Active,,,https://www.redfin.com/NM/Albuquerque/7824-Latir-Mesa-Rd-NW-87114/home/92133447,Southwest MLS,1088870,N,Y,35.1892153,-106.7450032
MLS Listing,,Single Family Residential,7056 Tempe Ave NW,Albuquerque,NM,87114,445000,4,2.5,Albuquerque,2820,4791,2015,1,158,25,Active,,,https://www.redfin.com/NM/Albuquerque/7056-Tempe-Ave-NW-87114/home/114054551,Southwest MLS,1088867,N,Y,35.1799974,-106.7346329
MLS Listing,,Single Family Residential,11616 Terra Bonita Way SE,Albuquerque,NM,87123,447500,4,3.0,Albuquerque,2827,4356,2004,1,158,50,Active,,,https://www.redfin.com/NM/Albuquerque/11616-Terra-Bonita-Way-SE-87123/home/62703863,Southwest MLS,1088866,N,Y,35.0668941,-106.5177238
MLS Listing,,Single Family Residential,1908 Houser Ave SE,Albuquerque,NM,87106,561980,5,3.5,Mesa Del Sol,2710,5500,2025,1,207,33,Active,,,https://www.redfin.com/NM/Albuquerque/1908-Houser-Ave-SE-87106/home/196650054,Southwest MLS,1088865,N,Y,34.9837246,-106.6243352
MLS Listing,,Single Family Residential,9024 Jasper Dr NE,Albuquerque,NM,87101,415000,3,2.5,Albuquerque,1720,4312,1999,1,241,,Active,,,https://www.redfin.com/NM/Albuquerque/9024-Jasper-Dr-NE-87113/home/92150136,Southwest MLS,1088864,N,Y,35.1882607,-106.5667508
MLS Listing,,Single Family Residential,11809 N Star Trl NW,Albuquerque,NM,87120,749999,4,3.0,Albuquerque,3486,7535,2023,1,215,84,Active,,,https://www.redfin.com/NM/Albuquerque/11809-N-Star-Trl-NW-87120/home/179761914,Southwest MLS,1088863,N,Y,35.1014177,-106.7625587
MLS Listing,,Single Family Residential,1804 Kirby Ct NE,Albuquerque,NM,87112,330000,3,2.0,Albuquerque,1247,6534,1971,1,265,,Active,,,https://www.redfin.com/NM/Albuquerque/1804-Kirby-Ct-NE-87112/home/92100582,Southwest MLS,1088855,N,Y,35.1024454,-106.5118841
MLS Listing,,Single Family Residential,3129 Cypress Dr SW,Albuquerque,NM,87105,240000,3,2.0,Zimmerman,1545,4791,1942,1,155,,Active,,,https://www.redfin.com/NM/Albuquerque/3129-Cypress-Dr-SW-87105/home/92002180,Southwest MLS,1088854,N,Y,35.0815734,-106.6861495
MLS Listing,,Townhouse,4831 Sun Cove Rd NE,Albuquerque,NM,87110,320000,2,2.0,Albuquerque,1246,3049,2003,1,257,33,Active,,,https://www.redfin.com/NM/Albuquerque/4831-Sun-Cove-Rd-NE-87110/home/92156699,Southwest MLS,1088853,N,Y,35.1284973,-106.5882176
MLS Listing,,Condo/Co-op,5719 Valle Alegre Rd NW,Albuquerque,NM,87120,239900,2,2.0,Albuquerque,1153,1132,2004,1,208,98,Active,,,https://www.redfin.com/NM/Albuquerque/5719-Valle-Alegre-Rd-NW-87120/home/92128255,Southwest MLS,1088850,N,Y,35.1317991,-106.7036324
MLS Listing,,Single Family Residential,10440 Calle Hermosa Ct NW,Albuquerque,NM,87114,495000,3,2.5,Cantabella at Ventana Ranch,2884,12632,2002,1,172,24,Active,August-3-2025 12:00 PM,August-3-2025 02:00 PM,https://www.redfin.com/NM/Albuquerque/10440-Calle-Hermosa-Ct-NW-87114/home/83765442,Southwest MLS,1088681,N,Y,35.2010189,-106.7230389
MLS Listing,,Townhouse,513 Ortiz Dr NE,Albuquerque,NM,87108,299000,2,2.0,Albuquerque,1300,2613,1998,1,230,,Active,,,https://www.redfin.com/NM/Albuquerque/513-Ortiz-Dr-NE-87108/home/92050564,Southwest MLS,1088770,N,Y,35.0822534,-106.5855907
MLS Listing,,Single Family Residential,401 General Chennault St NE,Albuquerque,NM,87123,230000,2,1.0,Albuquerque,1058,7405,1961,1,217,,Active,,,https://www.redfin.com/NM/Albuquerque/401-General-Chennault-St-NE-87123/home/92071706,Southwest MLS,1088814,N,Y,35.0781976,-106.5445797
MLS Listing,,Single Family Residential,1805 Sunset St SE,Albuquerque,NM,87123,625000,4,3.0,Albuquerque,2825,6969,2023,1,221,28,Active,,,https://www.redfin.com/NM/Albuquerque/1805-Sunset-St-SE-87123/home/168298265,Southwest MLS,1088845,N,Y,35.0482554,-106.520751
MLS Listing,,Single Family Residential,716 St Marcella St NE,Albuquerque,NM,87123,279500,3,1.0,Albuquerque,1604,6098,1960,1,174,,Active,,,https://www.redfin.com/NM/Albuquerque/716-Marcella-St-NE-87123/home/92084443,Southwest MLS,1088840,N,Y,35.0841824,-106.5226176
MLS Listing,,Townhouse,716 Mesa Del Rio St NW,Albuquerque,NM,87121,269000,3,2.5,Albuquerque,1616,2178,2007,1,166,,Active,,,https://www.redfin.com/NM/Albuquerque/716-Mesa-del-Rio-St-NW-87121/home/63472430,Southwest MLS,1088800,N,Y,35.0949236,-106.7217805
MLS Listing,,Single Family Residential,6800 Orphelia Ave NE,Albuquerque,NM,87109,499875,4,3.0,Albuquerque,2325,10018,1974,1,215,,Active,,,https://www.redfin.com/NM/Albuquerque/6800-Orphelia-Ave-NE-87109/home/92058209,Southwest MLS,1088798,N,Y,35.1476503,-106.5692057
MLS Listing,,Single Family Residential,10508 2nd St NW,Albuquerque,NM,87114,485000,4,2.0,Albuquerque,2208,25264,1952,1,220,,Active,August-2-2025 12:00 AM,August-2-2025 02:00 PM,https://www.redfin.com/NM/Albuquerque/10508-2nd-St-NW-87114/home/92039417,Southwest MLS,1088799,N,Y,35.204926,-106.6073261
MLS Listing,,Single Family Residential,6105 Oldenberg Dr SE,Albuquerque,NM,87106,599999,5,3.5,Mesa Del Sol,3249,6272,2020,1,185,756,Active,August-2-2025 11:00 AM,August-2-2025 02:00 PM,https://www.redfin.com/NM/Albuquerque/6105-Oldenberg-Dr-SE-87106/home/172455227,Southwest MLS,1088626,N,Y,34.9836156,-106.616129
MLS Listing,,Single Family Residential,10012 Los Arboles Ave NE,Albuquerque,NM,87112,319000,4,2.0,Albuquerque,1414,6098,1954,1,226,,Active,,,https://www.redfin.com/NM/Albuquerque/10012-Los-Arboles-Ave-NE-87112/home/92087808,Southwest MLS,1088839,N,Y,35.1144655,-106.529752
MLS Listing,,Single Family Residential,11505 Palm Springs Ave NE,Albuquerque,NM,87111,378000,3,2.0,Albuquerque,1767,6969,1961,1,214,,Active,August-2-2025 01:00 PM,August-2-2025 03:00 PM,https://www.redfin.com/NM/Albuquerque/11505-Palm-Springs-Ave-NE-87111/home/92102555,Southwest MLS,1088748,N,Y,35.1169951,-106.5122586
MLS Listing,,Condo/Co-op,520 14th St SW #8,Albuquerque,NM,87102,210000,2,1.0,Albuquerque,942,740,1961,1,223,350,Active,,,https://www.redfin.com/NM/Albuquerque/520-14th-St-SW-87102/unit-8/home/95652651,Southwest MLS,1088416,N,Y,35.0834474,-106.663572
MLS Listing,,Single Family Residential,1716 June St NE,Albuquerque,NM,87112,260000,3,1.0,Albuquerque,1019,6098,1959,1,255,,Active,,,https://www.redfin.com/NM/Albuquerque/1716-June-St-NE-87112/home/92086604,Southwest MLS,1088648,N,Y,35.1010012,-106.5223625
MLS Listing,,Multi-Family (2-4 Unit),208 Stanford Dr SE,Albuquerque,NM,87106,365000,2,2.0,Albuquerque,1622,6969,1926,1,225,,Active,,,https://www.redfin.com/NM/Albuquerque/208-Stanford-Dr-SE-87106/home/92034281,Southwest MLS,1088848,N,Y,35.0785522,-106.6180409
MLS Listing,,Single Family Residential,1805 Notre Dame Dr NE,Albuquerque,NM,87106,738000,5,3.5,Albuquerque,3465,12196,1968,1,213,,Active,,,https://www.redfin.com/NM/Albuquerque/1805-Notre-Dame-Dr-NE-87106/home/92037596,Southwest MLS,1088805,N,Y,35.1038783,-106.6083876
MLS Listing,,Single Family Residential,12813 Mountain View Ave NE,Albuquerque,NM,87123,335000,3,2.0,Albuquerque,1316,6969,1971,1,255,,Active,,,https://www.redfin.com/NM/Albuquerque/12813-Mountain-View-Ave-NE-87123/home/92097520,Southwest MLS,1088844,N,Y,35.0748026,-106.5044659
MLS Listing,,Single Family Residential,7425 Quebrada Pl NE,Albuquerque,NM,87113,599000,3,2.0,Las Colinas,1900,13503,1989,1,315,,Active,August-2-2025 01:30 PM,August-2-2025 03:30 PM,https://www.redfin.com/NM/Albuquerque/7425-Quebrada-Pl-NE-87113/home/92038779,Southwest MLS,1088735,N,Y,35.1625424,-106.6155458
MLS Listing,,Single Family Residential,7101 Aztec Rd NE,Albuquerque,NM,87110,560000,6,3.5,Albuquerque,3253,11761,1963,1,172,,Active,,,https://www.redfin.com/NM/Albuquerque/7101-Aztec-Rd-NE-87110/home/92064653,Southwest MLS,1088834,N,Y,35.1211201,-106.566741
MLS Listing,,Single Family Residential,6244 Zaltana Rd NW,Albuquerque,NM,87120,345000,4,2.5,Albuquerque,2052,6534,2005,1,168,,Active,,,https://www.redfin.com/NM/Albuquerque/6244-Zaltana-Rd-NW-87120/home/62702945,Southwest MLS,1088831,N,Y,35.1357083,-106.7103465
MLS Listing,,Townhouse,237 Stover Ave SW,Albuquerque,NM,87102,429000,2,2.5,Albuquerque,1411,1250,2025,1,304,,Active,August-2-2025 12:00 PM,August-2-2025 03:00 PM,https://www.redfin.com/NM/Albuquerque/237-Stover-Ave-SW-87102/home/196758810,Southwest MLS,1088827,N,Y,35.0786097,-106.6513094
MLS Listing,,Townhouse,233 Stover Ave SW,Albuquerque,NM,87102,415000,2,1.5,Albuquerque,1187,1498,2025,1,350,,Active,August-2-2025 12:00 PM,August-2-2025 03:00 PM,https://www.redfin.com/NM/Albuquerque/233-Stover-Ave-SW-87102/home/196757933,Southwest MLS,1088822,N,Y,35.0786007,-106.6512214
MLS Listing,,Single Family Residential,9517 Seabrook Dr NE,Albuquerque,NM,87111,850000,4,2.5,Fairways North at Tanoan,3510,13939,1984,1,242,170,Active,,,https://www.redfin.com/NM/Albuquerque/9517-Seabrook-Dr-NE-87111/home/92080557,Southwest MLS,1088823,N,Y,35.1586907,-106.5354432
MLS Listing,,Single Family Residential,9922 Columbus Cir NW,Albuquerque,NM,87114,475000,3,2.0,Albuquerque,2555,21780,1962,1,186,,Active,,,https://www.redfin.com/NM/Albuquerque/9922-Columbus-Cir-NW-87114/home/92008156,Southwest MLS,1088820,N,Y,35.1952844,-106.6870237
MLS Listing,,Single Family Residential,4109 10th St NW,Albuquerque,NM,87107,282000,4,2.0,Albuquerque,1483,4791,1962,1,190,,Active,,,https://www.redfin.com/NM/Albuquerque/4109-10th-St-NW-87107/home/92024272,Southwest MLS,1088818,N,Y,35.1263911,-106.6511093
MLS Listing,,Single Family Residential,7808 Autumn Canyon Rd SW,Albuquerque,NM,87121,295000,3,2.0,Albuquerque,1523,6098,1998,1,194,,Active,,,https://www.redfin.com/NM/Albuquerque/7808-Autumn-Canyon-Rd-SW-87121/home/91973308,Southwest MLS,1088817,N,Y,35.0554832,-106.7209534
MLS Listing,,Single Family Residential,6619 Tierra Prieta Ave NW,Albuquerque,NM,87120,279900,3,2.0,Albuquerque,1650,4356,1999,1,170,,Active,,,https://www.redfin.com/NM/Albuquerque/6619-Tierra-Prieta-Ave-NW-87120/home/91977159,Southwest MLS,1088816,N,Y,35.1298561,-106.7153086
MLS Listing,,Townhouse,7532 Prairie Rd NE,Albuquerque,NM,87109,250000,2,2.0,Little Turtle Townhomes,1293,1306,1978,1,193,295,Active,,,https://www.redfin.com/NM/Albuquerque/7532-Prairie-Rd-NE-87109/home/92066343,Southwest MLS,1088815,N,Y,35.1329427,-106.5607006
MLS Listing,,Townhouse,241 Stover Ave SW,Albuquerque,NM,87102,415000,2,1.5,Albuquerque,1187,1498,2025,1,350,,Active,August-2-2025 12:00 PM,August-2-2025 03:00 PM,https://www.redfin.com/NM/Albuquerque/241-Stover-Ave-SW-87102/home/76632258,Southwest MLS,1088813,N,Y,35.0786173,-106.651393
MLS Listing,,Condo/Co-op,601 Menaul Blvd NE #706,Albuquerque,NM,87107,279900,2,2.0,Albuquerque,1303,,2010,1,215,183,Active,August-2-2025 11:00 AM,August-2-2025 02:00 PM,https://www.redfin.com/NM/Albuquerque/601-Menaul-Blvd-NE-87107/unit-706/home/92143335,Southwest MLS,1088809,N,Y,35.1115145,-106.6355431
MLS Listing,,Single Family Residential,7876 Chaco Mesa Loop NW,Albuquerque,NM,87114,360000,4,2.5,Albuquerque,1775,4356,2006,1,203,34,Active,,,https://www.redfin.com/NM/Albuquerque/7876-Chaco-Mesa-Loop-NW-87114/home/92132295,Southwest MLS,1088808,N,Y,35.1910256,-106.7461834
MLS Listing,,Single Family Residential,8601 Bellehaven Pl NE,Albuquerque,NM,87112,425000,3,2.0,Albuquerque,1817,7840,1963,1,234,,Active,,,https://www.redfin.com/NM/Albuquerque/8601-Bellehaven-Pl-NE-87112/home/92072621,Southwest MLS,1088804,N,Y,35.1008776,-106.5492951
MLS Listing,,Single Family Residential,3015 Rio Maule Dr SW,Albuquerque,NM,87121,309000,3,2.0,Albuquerque,1389,5227,2019,1,222,30,Active,,,https://www.redfin.com/NM/Albuquerque/3015-Rio-Maule-Dr-SW-87121/home/168279636,Southwest MLS,1088673,N,Y,35.0315039,-106.7449777
MLS Listing,,Single Family Residential,374 Juniper Hill Rd NE,Albuquerque,NM,87122,850000,3,2.0,Albuquerque,2814,28749,1996,1,302,15,Active,August-3-2025 01:00 PM,August-3-2025 03:00 PM,https://www.redfin.com/NM/Albuquerque/374-Juniper-Hill-Rd-NE-87122/home/92116476,Southwest MLS,1088801,N,Y,35.1754572,-106.482516
MLS Listing,,Townhouse,6509 Kaas Trail Ct NE,Albuquerque,NM,87111,569000,3,2.0,Albuquerque,1924,5227,1999,1,296,105,Active,,,https://www.redfin.com/NM/Albuquerque/6509-Kaas-Trail-Ct-NE-87111/home/92150806,Southwest MLS,1088793,N,Y,35.1552023,-106.4897146
MLS Listing,,Single Family Residential,3223 La Mancha Dr NW,Albuquerque,NM,87104,1150000,4,2.5,Albuquerque,3612,16117,1976,1,318,,Active,August-2-2025 01:00 PM,August-2-2025 03:00 PM,https://www.redfin.com/NM/Albuquerque/3223-La-Mancha-Dr-NW-87104/home/92003884,Southwest MLS,1088790,N,Y,35.120958,-106.684893
MLS Listing,,Single Family Residential,2101 Madeira Dr NE,Albuquerque,NM,87110,380000,4,3.0,Albuquerque,2760,7802,1950,1,138,,Active,,,https://www.redfin.com/NM/Albuquerque/2101-Madeira-Dr-NE-87110/home/88013582,Southwest MLS,1088787,N,Y,35.1002786,-106.585604
MLS Listing,,Single Family Residential,701 3rd St SW,Albuquerque,NM,87102,329900,4,2.5,Barelas. Atlantic & Pacific,2389,3049,1930,1,138,,Active,August-3-2025 11:00 AM,August-3-2025 01:00 PM,https://www.redfin.com/NM/Albuquerque/701-3rd-St-SW-87102/home/92021298,Southwest MLS,1088785,N,Y,35.0784056,-106.6518233
MLS Listing,,Single Family Residential,8902 Claremont Ave NE,Albuquerque,NM,87112,399000,3,2.0,Albuquerque,2030,11325,1952,1,197,,Active,,,https://www.redfin.com/NM/Albuquerque/8902-Claremont-Ave-NE-87112/home/92074766,Southwest MLS,1088778,N,Y,35.1130649,-106.5452515
MLS Listing,,Single Family Residential,2205 Via Seville Rd NW,Albuquerque,NM,87104,950000,4,2.5,Albuquerque,3314,10018,1999,1,287,,Active,,,https://www.redfin.com/NM/Albuquerque/2205-Via-Seville-Rd-NW-87104/home/92003745,Southwest MLS,1088776,N,Y,35.1155616,-106.6775864
MLS Listing,,Single Family Residential,8906 Paramount Ct NE,Albuquerque,NM,87122,4100000,7,4.5,Albuquerque,5871,42253,2008,1,698,,Active,,,https://www.redfin.com/NM/Albuquerque/8906-Paramount-Ct-NE-87122/home/92138333,Southwest MLS,1088701,N,Y,35.196627,-106.542531
MLS Listing,,Single Family Residential,5404 Territorial Rd NW,Albuquerque,NM,87120,370000,3,2.0,Albuquerque,1375,8276,1978,1,269,,Active,,,https://www.redfin.com/NM/Albuquerque/5404-Territorial-Rd-NW-87120/home/77303448,Southwest MLS,1088482,N,Y,35.1619865,-106.7014682
MLS Listing,,Single Family Residential,11435 Rock Squirrel Ave SE,Albuquerque,NM,87123,660000,6,4.5,Volterra West,3888,6299,2021,1,170,35,Active,August-7-2025 05:00 PM,August-7-2025 07:00 PM,https://www.redfin.com/NM/Albuquerque/11435-Rock-Squirrel-Ave-SE-87123/home/168298088,Southwest MLS,1088754,N,Y,35.0459097,-106.5235262
MLS Listing,,Single Family Residential,3509 Yosemite Dr NE,Albuquerque,NM,87111,530000,5,4.0,Albuquerque,2701,9583,1967,1,196,,Active,August-2-2025 11:00 AM,August-2-2025 02:00 PM,https://www.redfin.com/NM/Albuquerque/3509-Yosemite-Dr-NE-87111/home/62701773,Southwest MLS,1088757,N,Y,35.1203989,-106.5008621
MLS Listing,,Single Family Residential,1114 Clancy Dr NE,Albuquerque,NM,87112,329000,3,2.0,Albuquerque,1931,10018,1955,1,170,,Active,August-2-2025 11:00 AM,August-2-2025 01:00 PM,https://www.redfin.com/NM/Albuquerque/1114-Clancy-Dr-NE-87112/home/92073484,Southwest MLS,1088527,N,Y,35.092941,-106.5387643
MLS Listing,,Single Family Residential,13009 Turquoise Ave NE,Albuquerque,NM,87123,325000,3,2.0,Albuquerque,1773,6969,1962,1,183,,Active,August-2-2025 12:00 PM,August-2-2025 03:00 PM,https://www.redfin.com/NM/Albuquerque/13009-Turquoise-Ave-NE-87123/home/92097328,Southwest MLS,1088668,N,Y,35.0758584,-106.5030092
MLS Listing,,Single Family Residential,7412 Arroyo Del Oso Ave NE,Albuquerque,NM,87109,700000,4,2.5,Albuquerque,2872,14374,1968,1,244,,Active,August-2-2025 11:00 AM,August-2-2025 02:00 PM,https://www.redfin.com/NM/Albuquerque/7412-Arroyo-del-Oso-Ave-NE-87109/home/92066447,Southwest MLS,1088728,N,Y,35.1365321,-106.5624813
MLS Listing,,Single Family Residential,1709 Archuleta Dr NE,Albuquerque,NM,87112,500000,3,2.5,Albuquerque,2253,9583,1993,1,222,,Active,August-1-2025 11:00 AM,August-1-2025 01:00 PM,https://www.redfin.com/NM/Albuquerque/1709-Archuleta-Dr-NE-87112/home/92111078,Southwest MLS,1088623,N,Y,35.0987763,-106.4906756
MLS Listing,,Single Family Residential,4505 Derby Ct NW,Albuquerque,NM,87114,500000,4,3.5,Albuquerque,2301,7405,2003,1,217,,Active,,,https://www.redfin.com/NM/Albuquerque/4505-Derby-Ct-NW-87114/home/92008860,Southwest MLS,1088277,N,Y,35.1945469,-106.6751867
MLS Listing,,Single Family Residential,7213 San Francisco Rd NE,Albuquerque,NM,87109,329000,3,2.0,LOMA DEL NORTE ADDN UNIT 4,1385,7841,1974,1,238,,Active,,,https://www.redfin.com/NM/Albuquerque/7213-San-Francisco-Rd-NE-87109/home/92068487,Southwest MLS,1088018,N,Y,35.1668949,-106.5657843
MLS Listing,,Single Family Residential,14100 Mel Smith Rd NE,Albuquerque,NM,87123,325000,3,2.0,Albuquerque,1417,7840,1973,1,229,,Active,,,https://www.redfin.com/NM/Albuquerque/14100-Mel-Smith-Rd-NE-87123/home/92109002,Southwest MLS,1088711,N,Y,35.0761183,-106.4912903
MLS Listing,,Single Family Residential,10318 Karen Ave NE,Albuquerque,NM,87111,465000,4,2.5,Albuquerque,2472,6969,1973,2,188,,Active,August-2-2025 01:00 PM,August-2-2025 03:00 PM,https://www.redfin.com/NM/Albuquerque/10318-Karen-Ave-NE-87111/home/62699431,Southwest MLS,1088763,N,Y,35.1285879,-106.5255858
MLS Listing,,Single Family Residential,1222 Mariano Trl SW,Albuquerque,NM,87121,289000,3,2.0,Albuquerque,1397,10890,1971,2,207,,Active,,,https://www.redfin.com/NM/Albuquerque/1222-Mariano-Trl-SW-87121/home/91965832,Southwest MLS,1088759,N,Y,35.0520126,-106.7480522
MLS Listing,,Single Family Residential,5951 Mesa Viento Rd NW,Albuquerque,NM,87120,459900,4,2.5,Albuquerque,2687,6534,2004,2,171,25,Active,August-2-2025 02:00 PM,August-2-2025 05:00 PM,https://www.redfin.com/NM/Albuquerque/5951-Mesa-Viento-Rd-NW-87120/home/91990291,Southwest MLS,1088749,N,Y,35.1319133,-106.7073227
MLS Listing,,Single Family Residential,7400 Willow Wood Dr NW,Albuquerque,NM,87120,400000,3,3.5,Albuquerque,2318,8712,1990,2,173,,Active,August-2-2025 12:00 PM,August-2-2025 03:00 PM,https://www.redfin.com/NM/Albuquerque/7400-Willow-Wood-Dr-NW-87120/home/91975459,Southwest MLS,1088747,N,Y,35.1082055,-106.7200103
MLS Listing,,Mobile/Manufactured Home,8439 Brook St NE,Albuquerque,NM,87113,245000,3,2.0,Albuquerque,1380,5662,1985,2,178,160,Active,,,https://www.redfin.com/NM/Albuquerque/8439-Brook-St-NE-87113/home/92048232,Southwest MLS,1088744,N,Y,35.1798876,-106.5897408
MLS Listing,,Vacant Land,451 Pinon Creek Rd SE,Albuquerque,NM,87123,79900,,,08 Summary Plat Of Pinon Creek (A Repl Of Canada Village U Nit 4),,2613,,2,,140,Active,,,https://www.redfin.com/NM/Albuquerque/451-Pinon-Creek-Rd-SE-87123/home/166024639,Southwest MLS,1088743,N,Y,35.0631494,-106.4943393
MLS Listing,,Townhouse,6100 Calle Nueve NW,Albuquerque,NM,87107,249000,2,1.0,Albuquerque,793,3049,1978,2,314,200,Active,,,https://www.redfin.com/NM/Albuquerque/6100-Calle-Nueve-NW-87107/home/92027036,Southwest MLS,1088742,N,Y,35.1462002,-106.6438578
MLS Listing,,Vacant Land,447 Pinon Creek Rd SE,Albuquerque,NM,87123,70000,,,08 Summary Plat Of Pinon Creek (A Repl Of Canada Village U Nit 4),,2613,,2,,140,Active,,,https://www.redfin.com/NM/Albuquerque/447-Pinon-Creek-Rd-SE-87123/home/92108294,Southwest MLS,1088741,N,Y,35.0631624,-106.494229
MLS Listing,,Vacant Land,443 Pinon Creek Rd SE,Albuquerque,NM,87123,70000,,,08 Summary Plat Of Pinon Creek (A Repl Of Canada Village U Nit 4),,2613,,2,,140,Active,,,https://www.redfin.com/NM/Albuquerque/443-Pinon-Creek-Rd-SE-87123/home/165851868,Southwest MLS,1088739,N,Y,35.0631729,-106.494122
MLS Listing,,Single Family Residential,6416 Duero Pl NW,Albuquerque,NM,87114,344900,4,2.5,Albuquerque,1957,4356,2006,2,176,28,Active,,,https://www.redfin.com/NM/Albuquerque/6416-Duero-Pl-NW-87114/home/91278873,Southwest MLS,1088738,N,Y,35.2035873,-106.7241008
MLS Listing,,Vacant Land,441 Pinon Creek Rd SE,Albuquerque,NM,87123,79900,,,08 Summary Plat Of Pinon Creek (A Repl Of Canada Village U Nit 4),,2613,,2,,140,Active,,,https://www.redfin.com/NM/Albuquerque/441-Pinon-Creek-Rd-SE-87123/home/166093167,Southwest MLS,1088736,N,Y,35.063163,-106.4940237
MLS Listing,,Single Family Residential,314 Amherst Drive Dr SE,Albuquerque,NM,87106,385000,2,1.0,Albuquerque,1020,7250,1985,2,377,,Active,August-3-2025 11:00 AM,August-3-2025 01:00 PM,https://www.redfin.com/NM/Albuquerque/314-Amherst-Dr-SE-87106/home/92035907,Southwest MLS,1088734,N,Y,35.0762913,-106.6054843
MLS Listing,,Single Family Residential,6800 Butte Volcano Rd NW,Albuquerque,NM,87120,375000,3,2.5,RINCONADA MESA,1970,4356,2003,2,190,,Active,,,https://www.redfin.com/NM/Albuquerque/6800-Butte-Volcano-Rd-NW-87120/home/92155440,Southwest MLS,1088733,N,Y,35.131677,-106.7171349
MLS Listing,,Single Family Residential,1328 Vassar Dr NE,Albuquerque,NM,87106,355000,2,1.0,Albuquerque,1102,5662,1948,2,322,,Active,,,https://www.redfin.com/NM/Albuquerque/1328-Vassar-Dr-NE-87106/home/92036247,Southwest MLS,1088730,N,Y,35.0973582,-106.6133471
MLS Listing,,Single Family Residential,335 Terra Vista Trl SE,Albuquerque,NM,87123,399900,4,2.5,Terracita Sub,2449,4007,2004,2,163,50,Active,August-2-2025 02:00 PM,August-2-2025 04:00 PM,https://www.redfin.com/NM/Albuquerque/335-Terra-Vista-Trl-SE-87123/home/91991124,Southwest MLS,1088727,N,Y,35.0677327,-106.5186806
MLS Listing,,Single Family Residential,8454 Bronte Ln NW,Albuquerque,NM,87120,575000,4,2.0,Estates at La Cuentista,2240,11424,2025,2,257,75,Active,,,https://www.redfin.com/NM/Albuquerque/8454-Bronte-Ln-NW-87120/home/196481745,Southwest MLS,1088722,N,Y,35.1792475,-106.7123171
MLS Listing,,Single Family Residential,325 Rhode Island St NE,Albuquerque,NM,87108,295000,4,1.0,Albuquerque,1360,6969,1945,2,217,,Active,,,https://www.redfin.com/NM/Albuquerque/325-Rhode-Island-St-NE-87108/home/92061105,Southwest MLS,1088721,N,Y,35.0792438,-106.5583164
MLS Listing,,Townhouse,13918 Lima Pl NE,Albuquerque,NM,87123,340000,3,2.0,City View Estates,1574,4356,1983,2,216,,Active,,,https://www.redfin.com/NM/Albuquerque/13918-Lima-Pl-NE-87123/home/92109066,Southwest MLS,1088716,N,Y,35.0804652,-106.4945973
MLS Listing,,Single Family Residential,2913 8th St NW,Albuquerque,NM,87107,295000,3,2.0,Albuquerque,1146,6969,1960,2,257,,Active,,,https://www.redfin.com/NM/Albuquerque/2913-8th-St-NW-87107/home/92022931,Southwest MLS,1088715,N,Y,35.1152573,-106.6522146
MLS Listing,,Single Family Residential,10702 Gentry Ln SW,Albuquerque,NM,87121,230000,3,2.0,Albuquerque,1189,4356,2006,2,193,81,Active,,,https://www.redfin.com/NM/Albuquerque/10702-Gentry-Ln-SW-87121/home/92137209,Southwest MLS,1088714,N,Y,35.0297445,-106.74895
MLS Listing,,Single Family Residential,312 61st St NW,Albuquerque,NM,87105,265000,3,2.0,Albuquerque,1186,6098,1952,2,223,,Active,,,https://www.redfin.com/NM/Albuquerque/312-61st-St-NW-87105/home/91984420,Southwest MLS,1088689,N,Y,35.084492,-106.7064243
MLS Listing,,Single Family Residential,6225 Angelou Ln NW,Albuquerque,NM,87120,640000,4,3.0,Estates at La Cuentista,3315,6850,2025,2,193,75,Active,,,https://www.redfin.com/NM/Albuquerque/6225-Angelou-Ln-NW-87120/home/195320638,Southwest MLS,1088706,N,Y,35.1792887,-106.7134021
MLS Listing,,Single Family Residential,3131 Rio Linda Dr SW,Albuquerque,NM,87121,299000,2,2.0,Albuquerque,1061,6969,2006,2,282,21,Active,August-3-2025 12:00 PM,August-3-2025 02:00 PM,https://www.redfin.com/NM/Albuquerque/3131-Rio-Linda-Dr-SW-87121/home/92132416,Southwest MLS,1088281,N,Y,35.0281626,-106.7438513
MLS Listing,,Single Family Residential,616 17th St NW,Albuquerque,NM,87104,550000,3,2.0,Albuquerque,2120,5227,1941,2,259,,Active,,,https://www.redfin.com/NM/Albuquerque/616-17th-St-NW-87104/home/92013141,Southwest MLS,1088603,N,Y,35.0944886,-106.6642934
MLS Listing,,Vacant Land,Arcilla Pl,Albuquerque,NM,87120,45000,,,Volcano Cliffs Sub,,12197,,3,,,Active,,,https://www.redfin.com/NM/Albuquerque/Arcilla-Pl-87120/home/112194243,Southwest MLS,1088712,N,Y,35.173374,-106.722646
MLS Listing,,Single Family Residential,8155 Ventana Azul Ave NW,Albuquerque,NM,87114,372000,3,2.5,Albuquerque,2206,5662,2006,3,169,34,Active,,,https://www.redfin.com/NM/Albuquerque/8155-Ventana-Azul-Ave-NW-87114/home/92137647,Southwest MLS,1088710,N,Y,35.1948346,-106.7567959
MLS Listing,,Single Family Residential,10404 Coyote Canyon Pl NW,Albuquerque,NM,87114,400000,4,2.0,Highlands at Ventana West,2167,6534,2006,3,185,33,Active,,,https://www.redfin.com/NM/Albuquerque/10404-Coyote-Canyon-Pl-NW-87114/home/92139050,Southwest MLS,1088709,N,Y,35.1989481,-106.7520038
MLS Listing,,Single Family Residential,1148 Santander St SW,Albuquerque,NM,87121,375000,4,2.5,AUTUMN VIEW,2206,5662,2014,3,170,33,Active,August-7-2025 01:00 PM,August-7-2025 05:00 PM,https://www.redfin.com/NM/Albuquerque/1148-Santander-St-SW-87121/home/92139664,Southwest MLS,1088707,N,Y,35.0633326,-106.7123588
MLS Listing,,Single Family Residential,2806 San Pedro Dr NE,Albuquerque,NM,87110,325000,3,2.0,Albuquerque,1537,7840,1956,3,211,,Active,,,https://www.redfin.com/NM/Albuquerque/2806-San-Pedro-Dr-NE-87110/home/92053447,Southwest MLS,1088705,N,Y,35.1131504,-106.5772247
MLS Listing,,Single Family Residential,409 Merlida St SW,Albuquerque,NM,87121,179900,2,1.0,Albuquerque,1200,6098,1958,3,150,,Active,,,https://www.redfin.com/NM/Albuquerque/409-Merlida-St-SW-87121/home/91984117,Southwest MLS,1088704,N,Y,35.0756167,-106.7074712
MLS Listing,,Single Family Residential,2024 Monte Largo Dr NE,Albuquerque,NM,87112,689000,4,2.5,Albuquerque,2842,9147,1984,3,242,,Active,,,https://www.redfin.com/NM/Albuquerque/2024-Monte-Largo-Dr-NE-87112/home/92112612,Southwest MLS,1088700,N,Y,35.1049263,-106.4902196
MLS Listing,,Single Family Residential,839 Serrano Pointe NW,Albuquerque,NM,87120,347000,3,2.5,Albuquerque,1634,5227,2012,3,212,36,Active,,,https://www.redfin.com/NM/Albuquerque/839-Serrano-Pointe-NW-87120/home/92138864,Southwest MLS,1088693,N,Y,35.0899988,-106.7454546
MLS Listing,,Townhouse,623 Desert Dr SW,Albuquerque,NM,87105,225000,3,2.0,Albuquerque,1048,2613,1999,3,215,,Active,,,https://www.redfin.com/NM/Albuquerque/623-Desert-Dr-SW-87105/home/92147497,Southwest MLS,1088675,N,Y,35.0751466,-106.6972722
MLS Listing,,Single Family Residential,1716 Muriel St NE,Albuquerque,NM,87112,305000,3,2.0,Albuquerque,1423,6534,1963,3,214,,Active,August-2-2025 01:00 PM,August-2-2025 03:00 PM,https://www.redfin.com/NM/Albuquerque/1716-Muriel-St-NE-87112/home/92087528,Southwest MLS,1088672,N,Y,35.1002762,-106.5169565
MLS Listing,,Condo/Co-op,702 Broadway Blvd SE #19,Albuquerque,NM,87102,165000,1,2.0,Albuquerque,578,392,2008,3,285,150,Active,,,https://www.redfin.com/NM/Albuquerque/702-Broadway-Blvd-SE-87102/unit-19/home/92142760,Southwest MLS,1088670,N,Y,35.0767992,-106.6452814
MLS Listing,,Single Family Residential,2311 Cardenas Dr NE,Albuquerque,NM,87110,405000,3,2.0,Albuquerque,1416,6969,1951,3,286,,Active,,,https://www.redfin.com/NM/Albuquerque/2311-Cardenas-Dr-NE-87110/home/92053225,Southwest MLS,1088666,N,Y,35.103528,-106.5800455
MLS Listing,,Single Family Residential,5417 Colleens Way NE,Albuquerque,NM,87111,475000,3,2.5,Albuquerque,2555,5227,1990,3,186,,Active,,,https://www.redfin.com/NM/Albuquerque/5417-Colleens-Way-NE-87111/home/92093093,Southwest MLS,1088663,N,Y,35.1430426,-106.5160645
MLS Listing,,Single Family Residential,2806 Riesling St SW,Albuquerque,NM,87121,290000,3,2.5,Albuquerque,2368,3920,2006,3,122,,Active,,,https://www.redfin.com/NM/Albuquerque/2806-Riesling-St-SW-87121/home/92132539,Southwest MLS,1082535,N,Y,35.0354451,-106.7389318
MLS Listing,,Single Family Residential,9527 Sun Dancer Dr NW,Albuquerque,NM,87114,385000,3,2.5,Sundance Estates,2049,4791,2007,3,188,20,Active,August-3-2025 01:00 PM,August-3-2025 03:00 PM,https://www.redfin.com/NM/Albuquerque/9527-Sun-Dancer-Dr-NW-87114/home/92138192,Southwest MLS,1088652,N,Y,35.1909201,-106.7070511
MLS Listing,,Single Family Residential,7564 Cricket Hill Dr NE,Albuquerque,NM,87113,475000,4,2.5,Albuquerque,2100,6534,2002,3,226,44,Active,August-2-2025 01:00 PM,August-2-2025 04:00 PM,https://www.redfin.com/NM/Albuquerque/7564-Cricket-Hill-Dr-NE-87113/home/91963180,Southwest MLS,1088654,N,Y,35.1656361,-106.6066729
MLS Listing,,Single Family Residential,404 Fontana Pl NE,Albuquerque,NM,87108,495000,4,2.5,Albuquerque,1834,6534,1950,4,270,,Active,,,https://www.redfin.com/NM/Albuquerque/404-Fontana-Pl-NE-87108/home/92041944,Southwest MLS,1088651,N,Y,35.0841611,-106.5987689
MLS Listing,,Single Family Residential,617 Niagara Rd NE,Albuquerque,NM,87113,465000,7,3.0,Albuquerque,2519,20908,1971,4,185,,Active,August-2-2025 11:00 AM,August-2-2025 01:00 PM,https://www.redfin.com/NM/Albuquerque/617-Niagara-Rd-NE-87113/home/92038588,Southwest MLS,1088643,N,Y,35.1471137,-106.6171801
MLS Listing,,Townhouse,2505 Alamogordo Dr NW,Albuquerque,NM,87120,325900,4,3.5,Albuquerque,2208,3484,2007,4,148,,Active,,,https://www.redfin.com/NM/Albuquerque/2505-Alamogordo-Dr-NW-87120/home/87953344,Southwest MLS,1088642,N,Y,35.1112807,-106.6981281
MLS Listing,,Townhouse,11200 Vistazo Pl SE,Albuquerque,NM,87123,290000,3,2.0,Albuquerque,1324,3920,2002,4,219,12,Active,,,https://www.redfin.com/NM/Albuquerque/11200-Vistazo-Pl-SE-87123/home/91963896,Southwest MLS,1088641,N,Y,35.0674103,-106.5222201
MLS Listing,,Single Family Residential,7809 Seven Springs Rd NW,Albuquerque,NM,87114,425000,4,2.5,Albuquerque,2434,4791,2005,4,175,30,Active,August-1-2025 12:00 PM,August-1-2025 03:00 PM,https://www.redfin.com/NM/Albuquerque/7809-Seven-Springs-Rd-NW-87114/home/92132269,Southwest MLS,1088633,N,Y,35.2022065,-106.7463519
MLS Listing,,Mobile/Manufactured Home,2773 Marc Vista Loop SW,Albuquerque,NM,87121,279000,4,2.0,Albuquerque,1792,6534,2022,4,156,39,Active,,,https://www.redfin.com/NM/Albuquerque/2773-Marc-Vista-Loop-87121/home/175743584,Southwest MLS,1088631,N,Y,35.038027,-106.719877
MLS Listing,,Single Family Residential,10426 4th St NW Unit D,Albuquerque,NM,87114,350700,2,1.0,Albuquerque,1114,7840,1952,4,315,,Active,August-1-2025 12:00 PM,August-1-2025 02:00 PM,https://www.redfin.com/NM/Albuquerque/10426-4th-St-NW-87114/unit-D/home/196658715,Southwest MLS,1088630,N,Y,35.2043858,-106.6132311
MLS Listing,,Multi-Family (2-4 Unit),408 Pennsylvania St SE,Albuquerque,NM,87108,245000,1,1.0,Albuquerque,1688,6969,1948,4,145,,Active,,,https://www.redfin.com/NM/Albuquerque/408-Pennsylvania-St-SE-87108/home/92060153,Southwest MLS,1088629,N,Y,35.0703422,-106.5589399
MLS Listing,,Single Family Residential,2004 Summer Breeze Dr NW,Albuquerque,NM,87120,495000,3,2.5,Albuquerque,2502,4791,2020,4,198,30,Active,,,https://www.redfin.com/NM/Albuquerque/2004-Summer-Breeze-Dr-NW-87120/home/168280570,Southwest MLS,1088628,N,Y,35.1052,-106.7414554
MLS Listing,,Single Family Residential,8820 Gypsy Dr NE,Albuquerque,NM,87122,1525000,4,5.5,Primrose Pointe,4680,12632,2006,4,326,39,Active,,,https://www.redfin.com/NM/Albuquerque/8820-Gypsy-Dr-NE-87122/home/92136929,Southwest MLS,1088627,N,Y,35.1848994,-106.4984896
MLS Listing,,Vacant Land,3454 Pajarito Rd SW,Albuquerque,NM,87121,100000,,,LANDS DIVISION,,37679,,4,,,Active,,,https://www.redfin.com/NM/Albuquerque/3454-Pajarito-Rd-SW-87121/home/114031733,Southwest MLS,1088621,N,Y,34.993681,-106.7327458
MLS Listing,,Vacant Land,3452 Pajarito Rd SW,Albuquerque,NM,87121,75000,,,Pajarito,,35414,,4,,,Active,,,https://www.redfin.com/NM/Albuquerque/3452-Pajarito-Rd-SW-87121/home/91967207,Southwest MLS,1088620,N,Y,34.9934287,-106.7323673
MLS Listing,,Vacant Land,525 Niagara Rd NE,Albuquerque,NM,87113,189900,,,N/A,,27442,,4,,,Active,,,https://www.redfin.com/NM/Albuquerque/525-Niagara-Rd-NE-87113/home/92038113,Southwest MLS,1088617,N,Y,35.1481604,-106.6206265
MLS Listing,,Mobile/Manufactured Home,519 Fenwick Pl SW,Albuquerque,NM,87121,235000,2,2.0,POINTE WEST,917,5227,2001,4,256,,Active,,,https://www.redfin.com/NM/Albuquerque/519-Fenwick-Pl-SW-87121/home/92145288,Southwest MLS,1088611,N,Y,35.0675684,-106.7297341
MLS Listing,,Single Family Residential,4204 Broadmoor Ave NE,Albuquerque,NM,87108,615000,3,4.0,Broadmoor,2681,6534,1948,4,229,,Active,,,https://www.redfin.com/NM/Albuquerque/4204-Broadmoor-Ave-NE-87108/home/92041856,Southwest MLS,1088609,N,Y,35.0842532,-106.5977622
MLS Listing,,Townhouse,37 Westlake Dr NE,Albuquerque,NM,87112,252000,3,2.5,The Shores,2337,1742,1973,4,108,372,Active,,,https://www.redfin.com/NM/Albuquerque/37-Westlake-Dr-NE-87112/home/92086479,Southwest MLS,1088593,N,Y,35.0998605,-106.5257124
MLS Listing,,Single Family Residential,1220 Calle Del Sol NE,Albuquerque,NM,87106,450000,3,2.0,Albuquerque,1725,8276,1950,4,261,,Active,,,https://www.redfin.com/NM/Albuquerque/1220-Calle-del-Sol-NE-87106/home/92037067,Southwest MLS,1088601,N,Y,35.0945185,-106.6072801
MLS Listing,,Single Family Residential,536 Mesilla St SE,Albuquerque,NM,87108,255900,4,2.0,Albuquerque,1339,6969,1956,4,191,,Active,,,https://www.redfin.com/NM/Albuquerque/536-Mesilla-St-SE-87108/home/92059737,Southwest MLS,1088584,N,Y,35.0694463,-106.5651896
MLS Listing,,Single Family Residential,8031 Sierra Altos Pl NW,Albuquerque,NM,87114,340000,3,2.0,Albuquerque,1425,4791,2006,5,239,34,Active,,,https://www.redfin.com/NM/Albuquerque/8031-Sierra-Altos-Pl-NW-87114/home/92137403,Southwest MLS,1088606,N,Y,35.1966006,-106.7522089
MLS Listing,,Condo/Co-op,4801 Irving Blvd NW #802,Albuquerque,NM,87114,215000,2,1.5,Albuquerque,1152,566,1999,5,187,300,Active,,,https://www.redfin.com/NM/Albuquerque/4801-Irving-Blvd-NW-87114/unit-802/home/92126705,Southwest MLS,1088602,N,Y,35.2047528,-106.6843876
MLS Listing,,Single Family Residential,10517 Serafina Way SW,Albuquerque,NM,87121,363190,3,2.0,Albuquerque,1519,4356,2025,5,239,61,Active,,,https://www.redfin.com/NM/Albuquerque/10517-Serefina-Way-SW-87121/home/196629315,Southwest MLS,1088592,N,Y,35.035487,-106.746465
MLS Listing,,Single Family Residential,418 Spruce St NE,Albuquerque,NM,87106,602500,4,2.0,Spruce Park  - the Country Club Addition,2445,6969,1948,5,246,,Active,,,https://www.redfin.com/NM/Albuquerque/418-Spruce-St-NE-87106/home/92028751,Southwest MLS,1088591,N,Y,35.0851223,-106.6309976
MLS Listing,,Multi-Family (2-4 Unit),3428 Vail Ave SE,Albuquerque,NM,87106,340000,1,1.0,Albuquerque,2200,6969,1962,5,155,,Active,,,https://www.redfin.com/NM/Albuquerque/3428-Vail-Ave-SE-87106/home/92033973,Southwest MLS,1088590,N,Y,35.0608344,-106.6074643
MLS Listing,,Single Family Residential,1027 Forrester St NW,Albuquerque,NM,87102,725000,3,2.5,Albuquerque,2543,7143,2020,5,285,,Active,,,https://www.redfin.com/NM/Albuquerque/1027-Forrester-St-NW-87102/home/179746720,Southwest MLS,1088589,N,Y,35.0949863,-106.6566017
MLS Listing,,Single Family Residential,7304 Cardiff Ave NE,Albuquerque,NM,87109,394000,2,2.0,Palomas Park,1638,4356,1993,5,241,,Active,,,https://www.redfin.com/NM/Albuquerque/7304-Cardiff-Ave-NE-87109/home/92069053,Southwest MLS,1088586,N,Y,35.1693255,-106.5631206
MLS Listing,,Single Family Residential,1630 Bonaguidi Rd SW,Albuquerque,NM,87105,399900,4,2.0,Albuquerque,2554,19166,1948,5,157,,Active,,,https://www.redfin.com/NM/Albuquerque/1630-Bonaguidi-Rd-SW-87105/home/92000097,Southwest MLS,1088585,N,Y,35.0321154,-106.6808752
MLS Listing,,Single Family Residential,2929 Solano Dr NE,Albuquerque,NM,87110,329900,3,2.0,Albuquerque,1602,6534,1965,5,206,,Active,,,https://www.redfin.com/NM/Albuquerque/2929-Solano-Dr-NE-87110/home/92044849,Southwest MLS,1088569,N,Y,35.1161059,-106.602397
MLS Listing,,Single Family Residential,12208 Eastridge Dr NE,Albuquerque,NM,87112,314900,4,2.5,Albuquerque,2389,9147,1966,6,132,,Active,,,https://www.redfin.com/NM/Albuquerque/12208-Eastridge-Dr-NE-87112/home/92099048,Southwest MLS,1088580,N,Y,35.0969751,-106.5100091
MLS Listing,,Vacant Land,12028 Apache Ave NE,Albuquerque,NM,87112,110000,,,Ridge Sub,,8712,,6,,,Active,,,https://www.redfin.com/NM/Albuquerque/12028-Apache-Ave-NE-87112/home/92100296,Southwest MLS,1088579,N,Y,35.1054782,-106.5098126
MLS Listing,,Single Family Residential,11708 Golden Gate Ave NE,Albuquerque,NM,87111,350000,4,2.0,Albuquerque,1460,6969,1967,6,240,,Active,,,https://www.redfin.com/NM/Albuquerque/11708-Golden-Gate-Ave-NE-87111/home/92102161,Southwest MLS,1088575,N,Y,35.1205529,-106.5098765
MLS Listing,,Single Family Residential,5515 Sagan Loop SE,Albuquerque,NM,87106,460990,4,2.5,Mesa Del Sol,2079,4356,2025,6,222,63,Active,,,https://www.redfin.com/NM/Albuquerque/5515-Sagan-Loop-SE-87105/home/195724879,Southwest MLS,1088571,N,Y,34.9890801,-106.6212934
MLS Listing,,Single Family Residential,8400 Manuel Cia Pl NE,Albuquerque,NM,87122,534900,3,2.5,Albuquerque,2319,8276,1992,6,231,,Active,,,https://www.redfin.com/NM/Albuquerque/8400-Manuel-Cia-Pl-NE-87122/home/92070960,Southwest MLS,1088566,N,Y,35.1787811,-106.5525117
MLS Listing,,Single Family Residential,6179 Red Rock Park Ave NW,Albuquerque,NM,87114,360000,4,3.0,Albuquerque,2100,5388,2005,6,171,,Active,August-1-2025 02:00 PM,August-1-2025 05:00 PM,https://www.redfin.com/NM/Albuquerque/6179-Red-Rock-Park-NW-87114/home/80188996,Southwest MLS,1088503,N,Y,35.2175439,-106.7097538
MLS Listing,,Single Family Residential,4616 Baker Ct NW,Albuquerque,NM,87114,415000,3,2.5,Albuquerque,2098,13503,2002,6,198,,Active,August-2-2025 02:00 PM,August-2-2025 05:00 PM,https://www.redfin.com/NM/Albuquerque/4616-Baker-Ct-NW-87114/home/92008507,Southwest MLS,1088561,N,Y,35.1940519,-106.6780383
MLS Listing,,Single Family Residential,1800 Dakota St NE,Albuquerque,NM,87110,315000,3,2.0,Albuquerque,1314,6969,1952,6,240,,Active,,,https://www.redfin.com/NM/Albuquerque/1800-Dakota-St-NE-87110/home/92052370,Southwest MLS,1088559,N,Y,35.0948748,-106.5738887
MLS Listing,,Single Family Residential,407 Dallas St NE,Albuquerque,NM,87108,225000,2,1.0,Albuquerque,1000,7840,1952,6,225,,Active,,,https://www.redfin.com/NM/Albuquerque/407-Dallas-St-NE-87108/home/92061513,Southwest MLS,1088530,N,Y,35.0804538,-106.5603806
MLS Listing,,Single Family Residential,7601 Gladden Ave NE,Albuquerque,NM,87110,425000,3,2.0,Albuquerque,2153,14374,1964,6,197,,Active,August-2-2025 11:00 AM,August-2-2025 04:00 PM,https://www.redfin.com/NM/Albuquerque/7601-Gladden-Ave-NE-87110/home/92065443,Southwest MLS,1088531,N,Y,35.1269848,-106.559609
MLS Listing,,Single Family Residential,9000 Violet Orchid Trl SW,Albuquerque,NM,87121,313500,4,2.0,Albuquerque,1542,4791,2005,6,203,45,Active,,,https://www.redfin.com/NM/Albuquerque/9000-Violet-Orchid-Trl-SW-87121/home/92124279,Southwest MLS,1088550,N,Y,35.0268191,-106.733449
MLS Listing,,Single Family Residential,6309 Mojave Aster Way NE,Albuquerque,NM,87111,925000,3,3.0,Albuquerque,2649,4356,2017,6,349,204,Active,,,https://www.redfin.com/NM/Albuquerque/6309-Mojave-Aster-Way-NE-87111/home/108267518,Southwest MLS,1088345,N,Y,35.152215,-106.49213
MLS Listing,,Single Family Residential,708 Kentucky St SE,Albuquerque,NM,87108,275000,3,1.0,Albuquerque,1268,7405,1952,6,217,,Active,,,https://www.redfin.com/NM/Albuquerque/708-Kentucky-St-SE-87108/home/92050229,Southwest MLS,1087951,N,Y,35.0667395,-106.5695515
MLS Listing,,Single Family Residential,2013 San Pedro Dr NE,Albuquerque,NM,87110,195000,2,1.0,Bellamah Add'n,1385,6969,1949,6,141,,Active,,,https://www.redfin.com/NM/Albuquerque/2013-San-Pedro-Dr-NE-87110/home/92052195,Southwest MLS,1088419,N,Y,35.0993979,-106.5778352
MLS Listing,,Single Family Residential,7127 Weston Pl NW,Albuquerque,NM,87114,329900,3,2.0,Northpointe,1240,6098,1998,7,266,25,Active,,,https://www.redfin.com/NM/Albuquerque/7127-Weston-Pl-NW-87114/home/91970363,Southwest MLS,1088556,N,Y,35.1951762,-106.7359398
MLS Listing,,Single Family Residential,10823 Desert Dreamer St NW,Albuquerque,NM,87114,339000,3,2.5,Albuquerque,1858,6534,2003,7,182,43,Active,,,https://www.redfin.com/NM/Albuquerque/10823-Desert-Dreamer-St-NW-87114/home/92155852,Southwest MLS,1088554,N,Y,35.2153581,-106.7053788
MLS Listing,,Single Family Residential,2500 Cimino Rd NW,Albuquerque,NM,87107,409900,3,2.0,Albuquerque,1440,7405,1962,7,285,,Active,,,https://www.redfin.com/NM/Albuquerque/2500-Cimino-Rd-NW-87107/home/92016225,Southwest MLS,1088555,N,Y,35.1380801,-106.6712599
MLS Listing,,Single Family Residential,10609 Driftwood Pl NW,Albuquerque,NM,87114,465000,3,2.0,Albuquerque,2110,11761,1994,7,220,,Active,August-1-2025 03:00 PM,August-1-2025 05:00 PM,https://www.redfin.com/NM/Albuquerque/10609-Driftwood-Pl-NW-87114/home/92009174,Southwest MLS,1088546,N,Y,35.211632,-106.6802228
MLS Listing,,Single Family Residential,6412 Petirrojo Rd NW,Albuquerque,NM,87120,1200000,3,5.0,Albuquerque,3207,16117,2022,7,374,,Active,,,https://www.redfin.com/NM/Albuquerque/6412-Petirrojo-Rd-NW-87120/home/114033546,Southwest MLS,1088539,N,Y,35.1674101,-106.7130235
MLS Listing,,Single Family Residential,6331 Avenida Madrid NW,Albuquerque,NM,87114,350000,3,2.0,Albuquerque,1567,4356,2004,7,223,,Active,,,https://www.redfin.com/NM/Albuquerque/6331-Avenida-Madrid-NW-87114/home/91988480,Southwest MLS,1088533,N,Y,35.2093157,-106.7233026
MLS Listing,,Single Family Residential,22 Tierra Monte Dr NE,Albuquerque,NM,87122,1695000,4,3.5,Albuquerque,5000,51836,2009,7,339,,Active,,,https://www.redfin.com/NM/Albuquerque/22-Tierra-Monte-St-NE-87122/home/92116644,Southwest MLS,1088529,N,Y,35.2077026,-106.487649
MLS Listing,,Single Family Residential,6017 Zimmerman Ave NE,Albuquerque,NM,87110,385000,3,2.0,Albuquerque,1330,6969,1958,7,289,,Active,,,https://www.redfin.com/NM/Albuquerque/6017-Zimmerman-Ave-NE-87110/home/92052086,Southwest MLS,1088519,N,Y,35.0998434,-106.5765213
MLS Listing,,Single Family Residential,10521 Serafina Way SW,Albuquerque,NM,87121,379090,3,2.0,Albuquerque,1602,4200,2025,7,237,61,Active,,,https://www.redfin.com/NM/Albuquerque/10521-Serefina-Way-SW-87121/home/196056396,Southwest MLS,1088526,N,Y,35.035487,-106.7466
MLS Listing,,Single Family Residential,7963 Brady Rd NW,Albuquerque,NM,87120,370000,3,3.0,Albuquerque,2381,5227,2004,7,155,,Active,August-3-2025 12:00 PM,August-3-2025 03:00 PM,https://www.redfin.com/NM/Albuquerque/7963-Brady-Rd-NW-87120/home/91964928,Southwest MLS,1088523,N,Y,35.1153143,-106.7293501
MLS Listing,,Townhouse,219 Monte Alto Pl NE,Albuquerque,NM,87123,349000,2,2.0,Albuquerque,1528,7405,1977,7,228,,Active,,,https://www.redfin.com/NM/Albuquerque/219-Monte-Alto-Pl-NE-87123/home/92108461,Southwest MLS,1088520,N,Y,35.0707124,-106.4948125
MLS Listing,,Single Family Residential,7309 Tree Line Ave NW,Albuquerque,NM,87114,389000,4,3.0,Albuquerque,2378,5959,2006,7,164,25,Active,,,https://www.redfin.com/NM/Albuquerque/7309-Tree-Line-Ave-NW-87114/home/92125227,Southwest MLS,1088517,N,Y,35.1853186,-106.7403957
MLS Listing,,Townhouse,11900 Lombard Ln NE,Albuquerque,NM,87123,285000,3,1.5,Albuquerque,1268,3049,1982,7,225,,Active,,,https://www.redfin.com/NM/Albuquerque/11900-Lombard-Ln-NE-87123/home/92096885,Southwest MLS,1088514,N,Y,35.0820934,-106.5148218
MLS Listing,,Single Family Residential,5401 Crown Ridge Rd NW,Albuquerque,NM,87114,325000,3,2.0,Albuquerque,1669,5227,2002,7,195,,Active,,,https://www.redfin.com/NM/Albuquerque/5401-Crown-Ridge-Rd-NW-87114/home/92156179,Southwest MLS,1088515,N,Y,35.2176315,-106.69285
MLS Listing,,Townhouse,6513 Prairie Rd NE,Albuquerque,NM,87109,365000,2,2.0,Albuquerque,1740,6969,1980,7,210,,Active,,,https://www.redfin.com/NM/Albuquerque/6513-Prairie-Rd-NE-87109/home/92056794,Southwest MLS,1087526,N,Y,35.1334248,-106.5721431
MLS Listing,,Vacant Land,Central Ave NW,Albuquerque,NM,87121,375000,,,Westland Atrisco Grant,,217800,,7,,,Active,,,https://www.redfin.com/NM/Albuquerque/Central-Ave-Nw-87121/home/165776186,Southwest MLS,1088513,N,Y,35.074929,-106.735198
MLS Listing,,Single Family Residential,2805 Hot Springs Ln SW,Albuquerque,NM,87121,367190,3,2.0,Aspire,1420,5169,2025,7,259,61,Active,,,https://www.redfin.com/NM/Albuquerque/2805-Hot-Springs-Ln-SW-87121/home/196482627,Southwest MLS,1088511,N,Y,35.035016,-106.748073
MLS Listing,,Single Family Residential,2210 Commercial St NE,Albuquerque,NM,87102,219900,2,1.0,W B Dennis,1097,5662,1946,7,200,,Active,,,https://www.redfin.com/NM/Albuquerque/2210-Commercial-St-NE-87102/home/92023347,Southwest MLS,1088507,N,Y,35.1071309,-106.641678
MLS Listing,,Single Family Residential,2032 Le Ave SW,Albuquerque,NM,87105,495000,3,2.0,Albuquerque,1939,15246,2025,7,255,,Active,,,https://www.redfin.com/NM/Albuquerque/2032-Le-Ave-SW-87105/home/105436019,Southwest MLS,1088500,N,Y,34.9814803,-106.6947471
MLS Listing,,Single Family Residential,3641 Cameo Dr,Albuquerque,NM,87105,410000,3,2.5,Albuquerque,2151,6969,2003,7,191,37,Active,,,https://www.redfin.com/NM/Albuquerque/3641-Cameo-Dr-SE-87105/home/91963065,Southwest MLS,1088499,N,Y,35.0282974,-106.6624478
MLS Listing,,Single Family Residential,5009 Ian Ave NW,Albuquerque,NM,87120,285000,2,2.0,BLKS D E G H & I THE PALISADES ADD,1160,7405,1971,7,246,,Active,August-1-2025 08:00 AM,August-1-2025 07:00 PM,https://www.redfin.com/NM/Albuquerque/5009-Ian-Ave-NW-87120/home/91988339,Southwest MLS,1088496,N,Y,35.1107555,-106.6965165
MLS Listing,,Single Family Residential,4820 Summersville Dr NW,Albuquerque,NM,87120,475000,3,2.5,Albuquerque,2347,6969,1990,7,202,,Active,,,https://www.redfin.com/NM/Albuquerque/4820-Summerville-NW-87120/home/91996596,Southwest MLS,1088485,N,Y,35.175984,-106.693404
MLS Listing,,Single Family Residential,3209 La Veta Dr,Albuquerque,NM,87110,265000,3,1.0,Albuquerque,1064,6098,1958,7,249,,Active,,,https://www.redfin.com/NM/Albuquerque/3209-La-Veta-Dr-NE-87110/home/92053936,Southwest MLS,1088484,N,Y,35.1189517,-106.5839825
MLS Listing,,Single Family Residential,428 Pennsylvania St SE,Albuquerque,NM,87108,254900,4,3.0,Albuquerque,1281,9583,1961,7,199,,Active,,,https://www.redfin.com/NM/Albuquerque/428-Pennsylvania-St-SE-87108/home/92060142,Southwest MLS,1088483,N,Y,35.0695786,-106.5591448
MLS Listing,,Mobile/Manufactured Home,6916 Ray Ln SW,Albuquerque,NM,87121,429900,3,2.0,Albuquerque,1848,86248,1996,7,233,,Active,,,https://www.redfin.com/NM/Albuquerque/6916-Ray-Ln-SW-87121/home/91971257,Southwest MLS,1088480,N,Y,34.9681856,-106.7227498
MLS Listing,,Single Family Residential,321 Wisconsin St NE,Albuquerque,NM,87108,175000,4,1.5,Albuquerque,2011,6969,1960,7,87,,Active,,,https://www.redfin.com/NM/Albuquerque/321-Wisconsin-St-NE-87108/home/92062513,Southwest MLS,1088477,N,Y,35.0788594,-106.5517119
MLS Listing,,Single Family Residential,8505 Bellrose Ave NE,Albuquerque,NM,87111,400000,3,2.0,Albuquerque,1628,8276,1964,7,246,,Active,August-2-2025 09:00 AM,August-2-2025 01:00 PM,https://www.redfin.com/NM/Albuquerque/8505-Bellrose-Ave-NE-87111/home/92075778,Southwest MLS,1088478,N,Y,35.1262433,-106.5482857
MLS Listing,,Townhouse,1105 Orchard Pl NW,Albuquerque,NM,87102,299900,2,1.5,Albuquerque,1144,1306,1984,7,262,,Active,,,https://www.redfin.com/NM/Albuquerque/1105-Orchard-Pl-NW-87102/home/92013572,Southwest MLS,1088474,N,Y,35.0931333,-106.6585649
MLS Listing,,Condo/Co-op,4601 Carlisle Blvd NE Unit D-8,Albuquerque,NM,87109,125000,2,1.5,Albuquerque,790,,1972,7,158,281,Active,,,https://www.redfin.com/NM/Albuquerque/4601-Carlisle-Blvd-NE-87109/unit-D-8/home/196612035,Southwest MLS,1088466,N,Y,35.133076,-106.6047284
MLS Listing,,Single Family Residential,1017 Muriel St NE,Albuquerque,NM,87112,270000,3,1.0,Princess Jeanne,1304,6098,1959,7,207,,Active,,,https://www.redfin.com/NM/Albuquerque/1017-Muriel-St-NE-87112/home/92087183,Southwest MLS,1088465,N,Y,35.0877294,-106.5179336
MLS Listing,,Single Family Residential,2340 Bates Well Ln NW,Albuquerque,NM,87120,630000,2,2.5,Del Webb Mirehaven,2508,7840,2018,7,251,215,Active,,,https://www.redfin.com/NM/Albuquerque/2340-Bates-Well-Ln-NW-87120/home/146154549,Southwest MLS,1088461,N,Y,35.1115915,-106.7442445
MLS Listing,,Single Family Residential,1635 Tierra Del Rio NW,Albuquerque,NM,87107,799000,4,3.0,Albuquerque,2843,13939,1993,7,281,170,Active,August-2-2025 12:00 PM,August-2-2025 03:00 PM,https://www.redfin.com/NM/Albuquerque/1635-Tierra-del-Rio-NW-87107/home/76493454,Southwest MLS,1088355,N,Y,35.1407249,-106.6574989
MLS Listing,,Single Family Residential,1237 8th St NW,Albuquerque,NM,87102,405000,2,2.5,Albuquerque,1849,5445,2020,7,219,,Active,,,https://www.redfin.com/NM/Albuquerque/1237-8th-St-NW-87102/home/175749898,Southwest MLS,1088459,N,Y,35.0968845,-106.6553501
MLS Listing,,Single Family Residential,7352 Boxwood Ave NE,Albuquerque,NM,87113,599900,4,2.5,Albuquerque,2240,5227,2004,7,268,,Active,August-2-2025 12:30 PM,August-2-2025 03:00 PM,https://www.redfin.com/NM/Albuquerque/7352-Boxwood-Ave-NE-87113/home/91959561,Southwest MLS,1088414,N,Y,35.191049,-106.5624813
MLS Listing,,Single Family Residential,2824 Bel Air Dr NE,Albuquerque,NM,87110,259430,2,2.0,Albuquerque,816,7405,1951,7,318,,Active,August-2-2025 12:00 PM,August-2-2025 02:00 PM,https://www.redfin.com/NM/Albuquerque/2824-Bel-Air-Dr-NE-87110/home/92045196,Southwest MLS,1088370,N,Y,35.1137296,-106.5998224
MLS Listing,,Single Family Residential,2442 Mervosh Pl SW,Albuquerque,NM,87105,330000,3,2.5,Albuquerque,1669,10018,1946,7,198,,Active,August-2-2025 12:00 PM,August-2-2025 02:00 PM,https://www.redfin.com/NM/Albuquerque/2442-Mervosh-Pl-SW-87105/home/91999533,Southwest MLS,1088235,N,Y,35.0400067,-106.6836389
MLS Listing,,Single Family Residential,5319 River Ridge Ave NW,Albuquerque,NM,87114,415000,4,2.5,Albuquerque,2785,6098,2001,7,149,25,Active,,,https://www.redfin.com/NM/Albuquerque/5319-River-Ridge-Ave-NW-87114/home/92156012,Southwest MLS,1088359,N,Y,35.2164097,-106.689989
MLS Listing,,Single Family Residential,8928 Oso Corridor Pl NW,Albuquerque,NM,87114,395000,3,2.0,Albuquerque,1784,4791,2007,7,221,25,Active,,,https://www.redfin.com/NM/Albuquerque/8928-Oso-Corridor-Pl-NW-87114/home/92139183,Southwest MLS,1088297,N,Y,35.1825103,-106.731902
MLS Listing,,Single Family Residential,7036 Casa Elena Dr NE,Albuquerque,NM,87113,395000,3,2.0,Albuquerque,1335,6534,2002,8,296,17,Active,,,https://www.redfin.com/NM/Albuquerque/7036-Casa-Elena-Dr-NE-87113/home/92149986,Southwest MLS,1088454,N,Y,35.1597373,-106.6088457
MLS Listing,,Single Family Residential,1437 Chihuahua Ave NE,Albuquerque,NM,87112,400000,3,2.0,Albuquerque,2153,8276,1977,8,186,,Active,,,https://www.redfin.com/NM/Albuquerque/1437-Chihuahua-Ave-NE-87112/home/92110022,Southwest MLS,1088447,N,Y,35.0907081,-106.495011
MLS Listing,,Single Family Residential,3115 Loma Pedregosa NW,Albuquerque,NM,87120,285000,3,2.0,Albuquerque,1189,5227,1990,8,240,,Active,,,https://www.redfin.com/NM/Albuquerque/3115-Loma-Pedregosa-NW-87120/home/91976206,Southwest MLS,1088445,N,Y,35.1200444,-106.7210347
MLS Listing,,Single Family Residential,1917 Stryker SE,Albuquerque,NM,87106,504085,3,2.0,Mesa Del Sol Montage 4,2213,4400,2025,8,228,65,Active,,,https://www.redfin.com/NM/Albuquerque/1917-Stryker-Rd-SE-87106/home/196030451,Southwest MLS,1088440,N,Y,34.982559,-106.6235947
MLS Listing,,Single Family Residential,1927 Stryker Rd SE,Albuquerque,NM,87106,482955,3,2.0,Mesa Del Sol Montage 4,1898,4400,2025,8,254,65,Active,,,https://www.redfin.com/NM/Albuquerque/1927-Stryker-Rd-SE-87106/home/196130925,Southwest MLS,1088439,N,Y,34.9826117,-106.6233413
MLS Listing,,Single Family Residential,11510 Eagle Rock Ave NE,Albuquerque,NM,87122,845000,4,2.5,Albuquerque,2760,38768,1999,8,306,,Active,,,https://www.redfin.com/NM/Albuquerque/11510-Eagle-Rock-Ave-NE-87122/home/92107219,Southwest MLS,1088427,N,Y,35.1868008,-106.5111519
MLS Listing,,Single Family Residential,13527 Cedarbrook Ave NE,Albuquerque,NM,87111,658000,3,3.0,Albuquerque,2774,15943,1967,8,237,,Active,,,https://www.redfin.com/NM/Albuquerque/13527-Cedarbrook-Ave-NE-87111/home/92114020,Southwest MLS,1087452,N,Y,35.1323293,-106.4832358
MLS Listing,,Single Family Residential,4500 Skyline Ct NE,Albuquerque,NM,87111,675000,4,3.0,Albuquerque,2867,18295,1967,8,235,,Active,,,https://www.redfin.com/NM/Albuquerque/4500-Skyline-Ct-NE-87111/home/92113405,Southwest MLS,1088407,N,Y,35.1301595,-106.4837834
MLS Listing,,Single Family Residential,1515 Los Tomases Dr NW,Albuquerque,NM,87102,329000,3,2.0,ALBRIGHT MOORE ADDN,1639,6969,1926,8,201,,Active,,,https://www.redfin.com/NM/Albuquerque/1515-Los-Tomases-Dr-NW-87102/home/92022529,Southwest MLS,1087978,N,Y,35.0998242,-106.652969
MLS Listing,,Townhouse,10524 Montgomery Blvd NE,Albuquerque,NM,87111,290000,2,2.5,Albuquerque,1413,1742,1973,8,205,240,Active,,,https://www.redfin.com/NM/Albuquerque/10524-Montgomery-Blvd-NE-87111/home/92091381,Southwest MLS,1088403,N,Y,35.1302826,-106.5219188
MLS Listing,,Single Family Residential,519 Hermosa Dr NE,Albuquerque,NM,87108,630000,3,3.0,College View,1965,11325,1928,8,321,,Active,August-3-2025 01:00 PM,August-3-2025 04:00 PM,https://www.redfin.com/NM/Albuquerque/519-Hermosa-Dr-NE-87108/home/92041420,Southwest MLS,1088400,N,Y,35.0864103,-106.6034813
MLS Listing,,Townhouse,4919 Sereno Dr NE,Albuquerque,NM,87111,395000,3,2.5,Albuquerque,1593,3049,1998,8,248,25,Active,,,https://www.redfin.com/NM/Albuquerque/4919-Sereno-Dr-NE-87111/home/92092458,Southwest MLS,1088399,N,Y,35.138412,-106.517984
MLS Listing,,Single Family Residential,9419 Black Farm Ln NW,Albuquerque,NM,87114,2000000,5,3.5,Albuquerque,5000,33541,2020,8,400,65,Active,,,https://www.redfin.com/NM/Albuquerque/9419-Black-Farm-Ln-NW-87114/home/104140591,Southwest MLS,1088397,N,Y,35.1862298,-106.6606569
MLS Listing,,Single Family Residential,6717 Loftus Ave NE,Albuquerque,NM,87109,515000,4,2.5,Albuquerque,2704,13503,1969,8,190,,Active,,,https://www.redfin.com/NM/Albuquerque/6717-Loftus-Ave-NE-87109/home/62701385,Southwest MLS,1088393,N,Y,35.1382944,-106.5704801
MLS Listing,,Townhouse,2015 Dartmouth Dr NE,Albuquerque,NM,87106,330000,3,2.5,Albuquerque,1859,4700,1981,8,178,,Active,,,https://www.redfin.com/NM/Albuquerque/2015-Dartmouth-Dr-NE-87106/home/92037459,Southwest MLS,1088392,N,Y,35.1059875,-106.6127611
MLS Listing,,Condo/Co-op,1331 Park Ave SW #410,Albuquerque,NM,87102,215000,1,1.0,Albuquerque,652,13285,1963,8,330,480,Active,,,https://www.redfin.com/NM/Albuquerque/1331-Park-Ave-SW-87102/unit-410/home/196572920,Southwest MLS,1088390,N,Y,35.087364,-106.6627965
MLS Listing,,Single Family Residential,9114 Claremont Ave NE,Albuquerque,NM,87112,310000,3,2.0,Albuquerque,1289,6534,1952,8,240,,Active,August-2-2025 12:00 PM,August-2-2025 01:30 PM,https://www.redfin.com/NM/Albuquerque/9114-Claremont-Ave-NE-87112/home/92074954,Southwest MLS,1088388,N,Y,35.1129242,-106.5412133
MLS Listing,,Single Family Residential,124 Casita Vista Pl NW,Albuquerque,NM,87105,300000,3,2.5,Casita Vista Un 02,1400,3920,2006,8,214,,Active,,,https://www.redfin.com/NM/Albuquerque/124-Casita-Vista-Pl-NW-87105/home/91985935,Southwest MLS,1088387,N,Y,35.0840439,-106.6953277
MLS Listing,,Single Family Residential,6045 Nauman Dr,Albuquerque,NM,87106,499000,4,2.0,Mesa Del Sol,2148,5837,2023,8,232,63,Active,,,https://www.redfin.com/NM/Albuquerque/6045-Nauman-Dr-SE-87106/home/185970284,Southwest MLS,1088385,N,Y,34.9840932,-106.6199358
MLS Listing,,Single Family Residential,320 Montoya St NW,Albuquerque,NM,87104,395000,4,2.0,Albuquerque,2230,13068,1956,8,177,,Active,,,https://www.redfin.com/NM/Albuquerque/320-Montoya-St-NW-87104/home/92003211,Southwest MLS,1088384,N,Y,35.097365,-106.6780059
MLS Listing,,Condo/Co-op,13168 Candelaria Rd NE,Albuquerque,NM,87112,230000,2,2.0,Albuquerque,1111,1785,1973,8,207,377,Active,,,https://www.redfin.com/NM/Albuquerque/13168-Candelaria-Rd-NE-87112/home/92143426,Southwest MLS,1088330,N,Y,35.1148613,-106.4919611
MLS Listing,,Single Family Residential,7419 Tolleson Ave NW,Albuquerque,NM,87114,390000,4,2.5,Albuquerque,2223,4356,2002,8,175,12,Active,August-2-2025 01:00 PM,August-2-2025 03:00 PM,https://www.redfin.com/NM/Albuquerque/7419-Tolleson-Ave-NW-87114/home/92154491,Southwest MLS,1088274,N,Y,35.199512,-106.73992
MLS Listing,,Single Family Residential,9220 Del Webb Ln NW,Albuquerque,NM,87120,600000,2,2.0,Albuquerque,2078,6098,2023,8,289,215,Active,,,https://www.redfin.com/NM/Albuquerque/9220-Del-Webb-Ln-NW-87120/home/114055672,Southwest MLS,1088367,N,Y,35.1069869,-106.749836
MLS Listing,,Single Family Residential,7309 Countrywood Ave NW,Albuquerque,NM,87120,335000,3,2.0,Albuquerque,1629,6098,1990,8,206,,Active,August-1-2025 03:00 PM,August-1-2025 06:00 PM,https://www.redfin.com/NM/Albuquerque/7309-Countrywood-Ave-NW-87120/home/91975479,Southwest MLS,1088313,N,Y,35.1069358,-106.719844
MLS Listing,,Mobile/Manufactured Home,5373 Raglin Ave SW,Albuquerque,NM,87121,350000,3,2.0,Albuquerque,1844,22651,1980,9,190,,Active,,,https://www.redfin.com/NM/Albuquerque/5373-Raglin-Ave-SW-87121/home/114032161,Southwest MLS,1088364,N,Y,34.9732604,-106.7228734
MLS Listing,,Townhouse,5025 La Fiesta Dr NE,Albuquerque,NM,87109,250000,2,2.0,Chimney Ridge,1195,2613,1977,9,209,319,Active,August-2-2025 12:00 PM,August-2-2025 02:00 PM,https://www.redfin.com/NM/Albuquerque/5025-La-Fiesta-Dr-NE-87109/home/62707557,Southwest MLS,1088365,N,Y,35.1429393,-106.5806552
MLS Listing,,Townhouse,601 Menaul Blvd NE #2304,Albuquerque,NM,87107,325000,2,2.5,Albuquerque,1770,740,2010,9,184,230,Active,,,https://www.redfin.com/NM/Albuquerque/601-Menaul-Blvd-NE-87107/unit-2304/home/196562288,Southwest MLS,1088363,N,Y,35.1115145,-106.6355431
MLS Listing,,Single Family Residential,6312 Canavio Pl,Albuquerque,NM,87120,1099000,3,2.5,Albuquerque,2615,11761,2022,9,420,,Active,,,https://www.redfin.com/NM/Albuquerque/6312-Canavio-Pl-NW-87120/home/114033624,Southwest MLS,1088357,N,Y,35.1697644,-106.7120527
MLS Listing,,Single Family Residential,805 Malachite Dr SW,Albuquerque,NM,87121,292000,3,2.0,SUNRISE MEADOWS,1218,6534,1998,9,240,,Active,August-1-2025 08:00 AM,August-1-2025 07:00 PM,https://www.redfin.com/NM/Albuquerque/805-Malachite-Dr-SW-87121/home/91968581,Southwest MLS,1088356,N,Y,35.0605041,-106.744818
MLS Listing,,Single Family Residential,1513 Eagle Ridge Rd NE,Albuquerque,NM,87122,1195000,4,3.0,Sandia Heights South,3940,53143,1986,9,303,15,Active,,,https://www.redfin.com/NM/Albuquerque/1513-Eagle-Ridge-Rd-NE-87122/home/92115525,Southwest MLS,1088352,N,Y,35.1614691,-106.4847135
MLS Listing,,Vacant Land,2 Monticello,Albuquerque,NM,87123,80000,,,Monticello,,87120,,9,,,Active,,,https://www.redfin.com/NM/Albuquerque/2-Montecello-Dr-87123/home/196560340,Southwest MLS,1088350,N,Y,35.0658986,-106.4413644
MLS Listing,,Vacant Land,Monticello Dr NE,Albuquerque,NM,87123,85000,,,MONTICELLO,,102100,,9,,,Active,,,https://www.redfin.com/NM/Albuquerque/Unknown-87123/home/114046458,Southwest MLS,1088349,N,Y,35.066593,-106.44011
MLS Listing,,Mobile/Manufactured Home,7112 Pan American Fwy NE #161,Albuquerque,NM,87109,137000,2,2.0,Albuquerque Meadows,1440,6534,1994,9,95,,Active,,,https://www.redfin.com/NM/Albuquerque/7112-Pan-American-Fwy-NE-87109/unit-161/home/196559206,Southwest MLS,1088344,N,Y,35.1607814,-106.5819413
MLS Listing,,Single Family Residential,9418 Lagrima De Oro Rd NE,Albuquerque,NM,87111,370000,4,2.5,Albuquerque,1789,7840,1966,9,207,,Active,,,https://www.redfin.com/NM/Albuquerque/9418-Lagrima-de-Oro-Rd-NE-87111/home/92079068,Southwest MLS,1088342,N,Y,35.1316648,-106.5363521
MLS Listing,,Single Family Residential,12412 Summer Ave NE,Albuquerque,NM,87112,400000,4,2.0,Albuquerque,1971,7840,1973,9,203,,Active,August-2-2025 01:00 PM,August-2-2025 03:00 PM,https://www.redfin.com/NM/Albuquerque/12412-Summer-Ave-NE-87112/home/92098849,Southwest MLS,1088338,N,Y,35.0916339,-106.5088756
MLS Listing,,Single Family Residential,6036 Strand Loop SE,Albuquerque,NM,87106,435000,3,2.0,Albuquerque,1778,6708,2020,9,245,63,Active,August-2-2025 11:00 AM,August-2-2025 03:00 PM,https://www.redfin.com/NM/Albuquerque/6036-Strand-Loop-SE-87106/home/172455129,Southwest MLS,1088337,N,Y,34.9840547,-106.6183373
MLS Listing,,Vacant Land,4611 Central Ave NE,Albuquerque,NM,87108,895000,,,Valley View,,21344,,9,,,Active,,,https://www.redfin.com/NM/Albuquerque/4611-Central-Ave-NE-87108/home/193270202,Southwest MLS,1088336,N,Y,35.0788261,-106.5925421
MLS Listing,,Single Family Residential,9501 Presley Pl NE,Albuquerque,NM,87111,360000,4,2.0,Albuquerque,1752,8712,1972,9,205,,Active,,,https://www.redfin.com/NM/Albuquerque/9501-Presley-Pl-NE-87111/home/92077304,Southwest MLS,1088335,N,Y,35.1269607,-106.5365729
MLS Listing,,Single Family Residential,7300 Appomattox Pl NE,Albuquerque,NM,87109,435000,3,2.0,Albuquerque,1768,8276,1978,9,246,,Active,,,https://www.redfin.com/NM/Albuquerque/7300-Appomattox-Pl-NE-87109/home/92081464,Southwest MLS,1087623,N,Y,35.1621846,-106.5428611
MLS Listing,,Single Family Residential,6605 Rim Rock Cir NW,Albuquerque,NM,87120,1000000,5,3.0,Unser Cliffs Subdivision,3591,16305,2025,9,278,,Active,,,https://www.redfin.com/NM/Albuquerque/6605-Rimrock-Cir-NW-87120/home/62710435,Southwest MLS,1088329,N,Y,35.1611201,-106.7261033
MLS Listing,,Multi-Family (5+ Unit),834 Griegos Rd NW,Albuquerque,NM,87107,629000,2,2.0,Albuquerque,5080,19602,1924,9,124,,Active,,,https://www.redfin.com/NM/Albuquerque/834-Griegos-Rd-NW-87107/home/114040084,Southwest MLS,1088327,N,Y,35.1317327,-106.6473971
MLS Listing,,Single Family Residential,7100 Welton Dr NE,Albuquerque,NM,87109,355000,3,2.0,Albuquerque,1759,8276,1975,9,202,,Active,,,https://www.redfin.com/NM/Albuquerque/7100-Welton-Dr-NE-87109/home/92067363,Southwest MLS,1088315,N,Y,35.1555612,-106.5673307
MLS Listing,,Multi-Family (2-4 Unit),2225 Beryl Ct NW,Albuquerque,NM,87104,519000,1,1.0,Albuquerque,2290,7405,1957,9,227,,Active,,,https://www.redfin.com/NM/Albuquerque/2225-Beryl-Ct-NW-87104/home/92014085,Southwest MLS,1088304,N,Y,35.1148529,-106.6710292
MLS Listing,,Single Family Residential,10816 Esmeralda Dr NW,Albuquerque,NM,87114,430000,3,2.0,Albuquerque,1975,5227,2016,10,218,25,Active,August-2-2025 11:00 AM,August-2-2025 03:00 PM,https://www.redfin.com/NM/Albuquerque/10816-Esmeralda-Dr-NW-87114/home/114052279,Southwest MLS,1088316,N,Y,35.2143202,-106.7192273
MLS Listing,,Single Family Residential,2019 Lakewood Ave NW,Albuquerque,NM,87120,319500,3,2.0,Albuquerque,1320,6098,1986,10,242,,Active,,,https://www.redfin.com/NM/Albuquerque/2019-Lakewood-Ave-NW-87120/home/91974849,Southwest MLS,1088301,N,Y,35.1068729,-106.7218673
MLS Listing,,Vacant Land,8213 Urraca St NW,Albuquerque,NM,87120,70000,,,Volcano Cliffs,,11325,,10,,,Active,,,https://www.redfin.com/NM/Albuquerque/8213-Urraca-St-NW-87120/home/114033288,Southwest MLS,1088299,N,Y,35.173063,-106.718434
MLS Listing,,Single Family Residential,5527 Sagan Loop SE,Albuquerque,NM,87106,469590,4,2.5,Albuquerque,2079,3825,2025,10,226,63,Active,,,https://www.redfin.com/NM/Albuquerque/5527-Sagan-Loop-SE-87106/home/196482475,Southwest MLS,1088288,N,Y,34.9896417,-106.6215635
MLS Listing,,Single Family Residential,1736 Garden Way SW,Albuquerque,NM,87105,325000,3,2.0,JOYA ESCONDIDA,1467,5662,2020,10,222,70,Active,,,https://www.redfin.com/NM/Albuquerque/1736-Garden-Way-SW-87105/home/114053764,Southwest MLS,1088197,N,Y,35.0740819,-106.6850141
MLS Listing,,Single Family Residential,2816 Indiana St NE,Albuquerque,NM,87110,400000,3,2.0,Albuquerque,2167,7405,1966,10,185,,Active,,,https://www.redfin.com/NM/Albuquerque/2816-Indiana-St-NE-87110/home/92053842,Southwest MLS,1088275,N,Y,35.1136198,-106.5709063
MLS Listing,,Single Family Residential,9353 Vista Clara Loop NW,Albuquerque,NM,87114,365000,3,2.0,Albuquerque,1460,10018,2001,10,250,80,Active,August-2-2025 12:00 PM,August-2-2025 03:00 PM,https://www.redfin.com/NM/Albuquerque/9353-Vista-Clara-Loop-NW-87114/home/92150030,Southwest MLS,1088270,N,Y,35.186804,-106.61261
MLS Listing,,Single Family Residential,11208 Haines Ave NE,Albuquerque,NM,87112,280000,3,1.0,Albuquerque,1063,6098,1957,10,263,,Active,,,https://www.redfin.com/NM/Albuquerque/11208-Haines-Ave-NE-87112/home/92086574,Southwest MLS,1087506,N,Y,35.098851,-106.5221083
MLS Listing,,Single Family Residential,1021 Quincy St NE,Albuquerque,NM,87110,575000,3,2.0,Albuquerque,2739,7840,1955,10,210,,Active,August-2-2025 11:00 AM,August-2-2025 03:00 PM,https://www.redfin.com/NM/Albuquerque/1021-Quincy-St-NE-87110/home/92044603,Southwest MLS,1087829,N,Y,35.0954993,-106.5895529
MLS Listing,,Single Family Residential,5409 Tioga Rd NW,Albuquerque,NM,87120,325000,3,2.0,Albuquerque,1315,6969,1976,10,247,,Active,,,https://www.redfin.com/NM/Albuquerque/5409-Tioga-Rd-NW-87120/home/91994500,Southwest MLS,1088151,N,Y,35.1479815,-106.6980332
MLS Listing,,Single Family Residential,1510 Hermosa Dr NE,Albuquerque,NM,87110,385000,3,2.0,Albuquerque,1573,7405,1954,10,245,,Active,,,https://www.redfin.com/NM/Albuquerque/1510-Hermosa-Dr-NE-87110/home/92043087,Southwest MLS,1088261,N,Y,35.097065,-106.6029821
MLS Listing,,Condo/Co-op,3847 Montgomery Blvd NE #932,Albuquerque,NM,87109,115000,2,1.0,Albuquerque,918,,1972,10,125,430,Active,,,https://www.redfin.com/NM/Albuquerque/3847-Montgomery-Blvd-NE-87109/unit-932/home/95676916,Southwest MLS,1088255,N,Y,35.1331674,-106.6015474
MLS Listing,,Single Family Residential,9628 Iron Rock Dr NW,Albuquerque,NM,87114,375900,3,2.0,Albuquerque,1572,4791,2013,10,239,47,Active,,,https://www.redfin.com/NM/Albuquerque/9628-Iron-Rock-Dr-NW-87114/home/92143610,Southwest MLS,1088245,N,Y,35.1926296,-106.7107619
MLS Listing,,Single Family Residential,5220 Overlook Dr NE,Albuquerque,NM,87111,375000,3,2.0,Albuquerque,1452,8712,1982,10,258,,Active,,,https://www.redfin.com/NM/Albuquerque/5220-Overlook-Dr-NE-87111/home/92103837,Southwest MLS,1088239,N,Y,35.1418889,-106.514286
MLS Listing,,Single Family Residential,1329 Erbbe St NE,Albuquerque,NM,87112,299900,3,1.0,Albuquerque,1441,10454,1958,11,208,,Active,,,https://www.redfin.com/NM/Albuquerque/1329-Erbbe-St-NE-87112/home/92072870,Southwest MLS,1083913,N,Y,35.0943357,-106.5410426
MLS Listing,,Single Family Residential,10500 Serafina Way SW,Albuquerque,NM,87121,368690,3,2.0,Albuquerque,1519,4356,2025,11,243,61,Active,,,https://www.redfin.com/NM/Albuquerque/10500-Serefina-Way-SW-87121/home/196518979,Southwest MLS,1088234,N,Y,35.035099,-106.745936
MLS Listing,,Single Family Residential,10508 Serafina Way SW,Albuquerque,NM,87121,360090,3,2.0,Albuquerque,1519,4356,2025,11,237,61,Active,,,https://www.redfin.com/NM/Albuquerque/10508-Serefina-Way-SW-87121/home/196518929,Southwest MLS,1088233,N,Y,35.035103,-106.746203
MLS Listing,,Single Family Residential,10928 Serpentine Ct NW,Albuquerque,NM,87114,345000,4,2.0,Albuquerque,1604,5227,2004,11,215,33,Active,,,https://www.redfin.com/NM/Albuquerque/10928-Serpentine-Ct-NW-87114/home/91962860,Southwest MLS,1088230,N,Y,35.2156853,-106.6872707
MLS Listing,,Townhouse,5919 Prenda De Oro NW,Albuquerque,NM,87120,249900,2,1.0,Albuquerque,1073,4617,1980,11,233,,Active,,,https://www.redfin.com/NM/Albuquerque/5919-Prenda-de-Oro-NW-87120/home/91987619,Southwest MLS,1088228,N,Y,35.1159456,-106.706623
MLS Listing,,Single Family Residential,1829 Mae Ave SW,Albuquerque,NM,87107,465000,4,3.0,Albuquerque,2300,9540,1985,11,202,,Active,,,https://www.redfin.com/NM/Albuquerque/1829-Mae-Ave-SW-87105/home/92002469,Southwest MLS,1088219,N,Y,35.0779211,-106.6843759
MLS Listing,,Single Family Residential,11701 Summer Ave NE,Albuquerque,NM,87112,365000,4,2.0,Albuquerque,1703,6969,1957,11,214,,Active,,,https://www.redfin.com/NM/Albuquerque/11701-Summer-Ave-NE-87112/home/92087049,Southwest MLS,1088213,N,Y,35.0923387,-106.5176411
MLS Listing,,Single Family Residential,10812 Central Park Dr NE,Albuquerque,NM,87123,299000,2,2.0,Towne Park,1277,3920,1990,11,234,132,Active,,,https://www.redfin.com/NM/Albuquerque/10812-Central-Park-Dr-NE-87123/home/112785401,Southwest MLS,1088212,N,Y,35.0752496,-106.5270724
MLS Listing,,Single Family Residential,1713 California St NE,Albuquerque,NM,87110,390000,3,2.0,Albuquerque,1984,8276,1963,11,197,,Active,August-2-2025 02:00 PM,August-2-2025 05:00 PM,https://www.redfin.com/NM/Albuquerque/1713-California-St-NE-87110/home/92051903,Southwest MLS,1088210,N,Y,35.0941826,-106.5755045
MLS Listing,,Single Family Residential,7315 Cripple Creek Rd NW,Albuquerque,NM,87114,359900,4,2.5,Albuquerque,2223,4356,2002,11,162,30,Active,,,https://www.redfin.com/NM/Albuquerque/7315-Cripple-Creek-Rd-NW-87114/home/91960894,Southwest MLS,1088209,N,Y,35.2002382,-106.7384039
MLS Listing,,Single Family Residential,513 Florida St SE,Albuquerque,NM,87108,237000,2,1.0,WARDS SUB,944,6969,1952,11,251,,Active,August-1-2025 08:00 AM,August-1-2025 07:00 PM,https://www.redfin.com/NM/Albuquerque/513-Florida-St-SE-87108/home/92049890,Southwest MLS,1088206,N,Y,35.0703466,-106.5732915
MLS Listing,,Single Family Residential,239 San Clemente Ave NW,Albuquerque,NM,87107,389900,4,3.0,Estrella del Norte,1999,2178,2022,11,195,53,Active,,,https://www.redfin.com/NM/Albuquerque/239-San-Clemente-Ave-NW-87107/home/114053000,Southwest MLS,1088204,N,Y,35.1267179,-106.641387
MLS Listing,,Single Family Residential,8912 Boulevard Rio Grande Blvd NW,Albuquerque,NM,87114,1325000,5,4.5,Todos los Santos,3787,67954,1933,11,350,,Active,,,https://www.redfin.com/NM/Los-Ranchos/8912-Rio-Grande-Blvd-NW-87114/home/79024901,Southwest MLS,1088009,N,Y,35.1881658,-106.641526
MLS Listing,,Single Family Residential,2723 Sierra Dr NE,Albuquerque,NM,87110,328500,3,2.0,Albuquerque,1886,7840,1948,12,174,,Active,,,https://www.redfin.com/NM/Albuquerque/2723-Sierra-Dr-NE-87110/home/92045069,Southwest MLS,1088194,N,Y,35.111908,-106.598405
MLS Listing,,Vacant Land,6200 Marigold Ct NW,Albuquerque,NM,87120,270000,,,VOLCANO CLIFFS,,13503,,12,,,Active,,,https://www.redfin.com/NM/Albuquerque/6200-Marigold-Ct-NW-87120/home/114032851,Southwest MLS,1088192,N,Y,35.1552741,-106.7245313
MLS Listing,,Single Family Residential,860 Kipuka Dr NW,Albuquerque,NM,87120,337000,3,2.0,Albuquerque,1438,4356,2007,12,234,36,Active,,,https://www.redfin.com/NM/Albuquerque/860-Kipuka-Dr-NW-87120/home/92137817,Southwest MLS,1088186,N,Y,35.0918178,-106.7409486
MLS Listing,,Townhouse,2517 Sol De Vida NW,Albuquerque,NM,87120,262000,2,1.0,Albuquerque,1077,6098,1979,12,243,,Active,,,https://www.redfin.com/NM/Albuquerque/2517-Sol-de-Vida-NW-87120/home/91987947,Southwest MLS,1088185,N,Y,35.1133826,-106.7073136
MLS Listing,,Single Family Residential,7408 Vista Del Arroyo Ave NE,Albuquerque,NM,87109,500000,3,2.0,Highlands North,2187,10890,1970,12,229,,Active,August-2-2025 10:30 AM,August-2-2025 02:00 PM,https://www.redfin.com/NM/Albuquerque/7408-Vista-del-Arroyo-Ave-NE-87109/home/92066430,Southwest MLS,1087713,N,Y,35.1372521,-106.5629151
MLS Listing,,Single Family Residential,1317 Kentucky St NE,Albuquerque,NM,87110,379900,3,2.0,Albuquerque,1864,7840,1955,12,204,,Active,August-2-2025 11:00 AM,August-2-2025 02:00 PM,https://www.redfin.com/NM/Albuquerque/1317-Kentucky-St-NE-87110/home/92052620,Southwest MLS,1087882,N,Y,35.0907453,-106.5701295
MLS Listing,,Single Family Residential,908 Gold Ave SW,Albuquerque,NM,87102,368900,2,1.0,Albuquerque,1120,6969,1940,12,329,,Active,August-2-2025 12:00 PM,August-2-2025 03:00 PM,https://www.redfin.com/NM/Albuquerque/908-Gold-Ave-SW-87102/home/92012274,Southwest MLS,1088139,N,Y,35.0841842,-106.6583049
MLS Listing,,Single Family Residential,13421 Canyonview Pl NE,Albuquerque,NM,87123,220000,3,1.0,Albuquerque,988,6534,1965,12,223,,Active,,,https://www.redfin.com/NM/Albuquerque/13421-Canyonview-Pl-NE-87123/home/92098660,Southwest MLS,1087899,N,Y,35.0734995,-106.4980472
MLS Listing,,Single Family Residential,813 Shirley St NE,Albuquerque,NM,87123,342500,3,2.0,Albuquerque,1775,6098,1960,13,193,,Active,,,https://www.redfin.com/NM/Albuquerque/813-Shirley-St-NE-87123/home/92084804,Southwest MLS,1088137,N,Y,35.0848618,-106.5201392
MLS Listing,,Single Family Residential,6901 Via Del Cerro NE,Albuquerque,NM,87113,440000,4,2.5,LA SALA DEL NORTE UNIT 1,2144,5662,2001,13,205,14,Active,August-1-2025 04:00 PM,August-1-2025 06:00 PM,https://www.redfin.com/NM/Albuquerque/6901-Via-del-Cerro-NE-87113/home/92149594,Southwest MLS,1088175,N,Y,35.1569134,-106.6125664
MLS Listing,,Single Family Residential,12541 Indian Trl NE,Albuquerque,NM,87112,415000,4,2.0,Albuquerque,1901,12196,1973,13,218,,Active,August-3-2025 12:00 PM,August-3-2025 01:30 PM,https://www.redfin.com/NM/Albuquerque/12541-Indian-Trl-NE-87112/home/92099752,Southwest MLS,1088171,N,Y,35.1008108,-106.5016004
MLS Listing,,Single Family Residential,9400 Admiral Lowell Ave NE,Albuquerque,NM,87111,700000,4,2.5,Albuquerque,3101,13068,1977,13,226,,Active,August-1-2025 02:00 PM,August-1-2025 04:00 PM,https://www.redfin.com/NM/Albuquerque/9400-Admiral-Lowell-Ave-NE-87111/home/92080329,Southwest MLS,1088169,N,Y,35.1506731,-106.5367692
MLS Listing,,Single Family Residential,2711 San Joaquin Ave SE,Albuquerque,NM,87106,349000,4,3.0,Albuquerque,2277,7405,1948,13,153,,Active,,,https://www.redfin.com/NM/Albuquerque/2711-San-Joaquin-Ave-SE-87106/home/92033440,Southwest MLS,1088166,N,Y,35.0665583,-106.6160842
MLS Listing,,Multi-Family (5+ Unit),530 Tennessee St NE,Albuquerque,NM,87108,816000,2,1.0,Mesa Verde Addition,7184,13068,1985,13,114,,Active,,,https://www.redfin.com/NM/Albuquerque/530-Tennessee-St-NE-87108/home/92061723,Southwest MLS,1088162,N,Y,35.0828387,-106.5565087
MLS Listing,,Single Family Residential,7805 Coors Blvd SW,Albuquerque,NM,87121,950000,4,2.5,Albuquerque,3058,130680,2013,13,311,,Active,,,https://www.redfin.com/NM/Albuquerque/7805-Coors-Blvd-SW-87121/home/92141201,Southwest MLS,1088159,N,Y,34.9475069,-106.7120029
MLS Listing,,Single Family Residential,8523 Vista Serena Ln SW,Albuquerque,NM,87121,324900,3,2.5,Albuquerque,1778,4356,2002,13,183,45,Active,,,https://www.redfin.com/NM/Albuquerque/8523-Vista-Serena-Ln-SW-87121/home/92151287,Southwest MLS,1086851,N,Y,35.0645088,-106.729812
MLS Listing,,Single Family Residential,5123 Trevi Pl NW,Albuquerque,NM,87114,335000,3,2.0,Tuscany Sub,1514,9583,1999,13,221,24,Active,,,https://www.redfin.com/NM/Albuquerque/5123-Trevi-Pl-NW-87114/home/92009356,Southwest MLS,1087359,N,Y,35.208855,-106.6874675
MLS Listing,,Single Family Residential,10640 Rigoletto Dr NW,Albuquerque,NM,87114,270000,3,2.0,Tuscany,1762,6534,1998,13,153,12,Active,August-2-2025 10:00 AM,August-2-2025 12:00 PM,https://www.redfin.com/NM/Albuquerque/10640-Rigoletto-Dr-NW-87114/home/92148209,Southwest MLS,1088150,N,Y,35.2105215,-106.6984697
MLS Listing,,Single Family Residential,7916 Brady Rd NW,Albuquerque,NM,87120,310000,3,2.0,Albuquerque,1500,3920,2005,13,207,,Active,,,https://www.redfin.com/NM/Albuquerque/7916-Brady-Rd-NW-87120/home/91990378,Southwest MLS,1088148,N,Y,35.1149273,-106.7277774
MLS Listing,,Single Family Residential,7700 Santo Tomas Court Nw Ct NW,Albuquerque,NM,87120,335000,3,2.0,Albuquerque,1378,7841,1994,13,243,,Active,,,https://www.redfin.com/NM/Albuquerque/7700-Santo-Tomas-Ct-NW-87120/home/91976321,Southwest MLS,1088145,N,Y,35.1187735,-106.7227564
MLS Listing,,Single Family Residential,10516 Ramah Dr NW,Albuquerque,NM,87114,310000,3,2.0,Albuquerque,1211,3920,2000,13,256,60,Active,,,https://www.redfin.com/NM/Albuquerque/10516-Ramah-Dr-NW-87114/home/92149354,Southwest MLS,1088143,N,Y,35.2069107,-106.6677811
MLS Listing,,Single Family Residential,1716 Slate Ave NW,Albuquerque,NM,87104,499000,2,1.5,Anita Garcia R1 Realty,1681,17859,1926,13,297,,Active,,,https://www.redfin.com/NM/Albuquerque/1716-Slate-Ave-NW-87104/home/92012504,Southwest MLS,1088111,N,Y,35.0939338,-106.6658594
MLS Listing,,Single Family Residential,5604 Drive Hayes Dr NW,Albuquerque,NM,87120,325000,3,2.0,Albuquerque,1572,6969,1979,13,207,,Active,,,https://www.redfin.com/NM/Albuquerque/5604-Hayes-Dr-NW-87120/home/91993291,Southwest MLS,1088117,N,Y,35.149409,-106.7057844
MLS Listing,,Single Family Residential,1338 Ojo Sarco St SW,Albuquerque,NM,87121,295000,3,2.5,Albuquerque,1779,3920,2000,13,166,,Active,,,https://www.redfin.com/NM/Albuquerque/1338-Ojo-Sarco-St-SW-87121/home/92146462,Southwest MLS,1088104,N,Y,35.0566589,-106.7160982
MLS Listing,,Single Family Residential,9026 Cordova Ave NE,Albuquerque,NM,87112,294900,3,1.0,Albuquerque,1130,6098,1952,14,261,,Active,,,https://www.redfin.com/NM/Albuquerque/9026-Cordova-Ave-NE-87112/home/92074870,Southwest MLS,1088131,N,Y,35.111252,-106.5406148
MLS Listing,,Single Family Residential,6805 Schist Ave NE,Albuquerque,NM,87113,450000,3,2.5,Albuquerque,1717,5662,1999,14,262,,Active,,,https://www.redfin.com/NM/Albuquerque/6805-Schist-Ave-NE-87113/home/92149756,Southwest MLS,1088125,N,Y,35.1886123,-106.5705913
MLS Listing,,Single Family Residential,11404 Malaguena Ln NE,Albuquerque,NM,87111,400000,3,2.0,Albuquerque,1604,4356,1988,14,249,,Active,August-1-2025 04:00 PM,August-1-2025 07:00 PM,https://www.redfin.com/NM/Albuquerque/11404-Malaguena-Ln-NE-87111/home/92106024,Southwest MLS,1088120,N,Y,35.1504999,-106.5107282
MLS Listing,,Single Family Residential,9505 Granite Ridge Dr NW,Albuquerque,NM,87114,490000,4,3.5,The Boulders,2770,6098,2013,14,177,38,Active,,,https://www.redfin.com/NM/Albuquerque/9505-Granite-Ridge-Dr-NW-87114/home/92143449,Southwest MLS,1088118,N,Y,35.1921315,-106.7076735
MLS Listing,,Single Family Residential,310 Grove St NE,Albuquerque,NM,87108,229900,4,2.0,Albuquerque,1155,6969,1971,14,199,,Active,,,https://www.redfin.com/NM/Albuquerque/310-Grove-St-NE-87108/home/92061361,Southwest MLS,1088114,N,Y,35.0785895,-106.5617062
MLS Listing,,Single Family Residential,4601 Mi Cordelia Dr NW,Albuquerque,NM,87120,515000,3,2.0,Andalucia/La Luz,2034,9583,2013,14,253,36,Active,,,https://www.redfin.com/NM/Albuquerque/4601-Mi-Cordelia-Dr-NW-87120/home/66040194,Southwest MLS,1088113,N,Y,35.1350582,-106.6988318
MLS Listing,,Single Family Residential,2325 Elizabeth St NE,Albuquerque,NM,87112,256000,2,1.0,Albuquerque,1209,6969,1954,14,212,,Active,August-2-2025 12:00 PM,August-2-2025 02:00 PM,https://www.redfin.com/NM/Albuquerque/2325-Elizabeth-St-NE-87112/home/92088090,Southwest MLS,1088112,N,Y,35.1100742,-106.5262993
MLS Listing,,Condo/Co-op,6095 Mckinney Dr NE,Albuquerque,NM,87109,197500,2,1.0,Albuquerque,900,3397,1985,14,219,250,Active,,,https://www.redfin.com/NM/Albuquerque/6095-McKinney-Dr-NE-87109/home/92129838,Southwest MLS,1088108,N,Y,35.1492224,-106.5791716
MLS Listing,,Single Family Residential,1111 Carla St SW,Albuquerque,NM,87121,289900,4,2.0,Albuquerque,1374,6969,1960,14,211,,Active,August-2-2025 10:30 AM,August-2-2025 12:30 PM,https://www.redfin.com/NM/Albuquerque/1111-Carla-St-SW-87121/home/91965494,Southwest MLS,1088090,N,Y,35.0548565,-106.7523735
MLS Listing,,Single Family Residential,5012 Ute Rd NW,Albuquerque,NM,87105,264000,2,1.0,Albuquerque,1486,6098,1972,14,178,,Active,,,https://www.redfin.com/NM/Albuquerque/5012-Ute-Dr-NW-87105/home/91985817,Southwest MLS,1088088,N,Y,35.0859252,-106.6951271
MLS Listing,,Single Family Residential,10212 Pandora Ln NW,Albuquerque,NM,87114,407000,3,2.5,EAGLE RIDGE,2200,10890,1989,14,185,,Active,August-1-2025 08:00 AM,August-1-2025 07:00 PM,https://www.redfin.com/NM/Albuquerque/10212-Pandora-Ln-NW-87114/home/92008894,Southwest MLS,1088087,N,Y,35.1991506,-106.6753107
MLS Listing,,Single Family Residential,5728 Del Frate Pl NW,Albuquerque,NM,87105,295000,3,2.0,Albuquerque,1433,6534,1963,14,206,,Active,,,https://www.redfin.com/NM/Albuquerque/5728-Del-Frate-Pl-NW-87105/home/91986290,Southwest MLS,1088085,N,Y,35.0979419,-106.7058744
MLS Listing,,Single Family Residential,7815 Quintana Dr NE,Albuquerque,NM,87109,525000,3,2.0,Albuquerque,1964,17859,1987,14,267,,Active,,,https://www.redfin.com/NM/Albuquerque/7815-Quintana-Dr-NE-87109/home/92081890,Southwest MLS,1088083,N,Y,35.1706582,-106.5391895
MLS Listing,,Single Family Residential,10343 Karen Ave NE,Albuquerque,NM,87111,370000,3,2.0,Albuquerque,1680,6534,1973,14,220,,Active,,,https://www.redfin.com/NM/Albuquerque/10343-Karen-Ave-NE-87111/home/92090854,Southwest MLS,1088082,N,Y,35.129091,-106.5248263
MLS Listing,,Condo/Co-op,524 Central Ave SW #409,Albuquerque,NM,87102,260000,1,1.0,Albuquerque,965,8233,2012,14,269,402,Active,,,https://www.redfin.com/NM/Albuquerque/524-Central-Ave-SW-87102/unit-409/home/108289928,Southwest MLS,1088081,N,Y,35.0846319,-106.6538762
MLS Listing,,Single Family Residential,9600 Merion Cir NE,Albuquerque,NM,87111,649900,3,3.0,Tanoan,2305,6969,1988,14,282,170,Active,August-2-2025 03:00 PM,August-2-2025 05:00 PM,https://www.redfin.com/NM/Albuquerque/9600-Merion-Cir-NE-87111/home/92080529,Southwest MLS,1088077,N,Y,35.1536602,-106.5349347
MLS Listing,,Single Family Residential,12701 Elyse Pl SE,Albuquerque,NM,87123,400000,4,2.5,Albuquerque,2478,7840,1978,14,161,,Active,,,https://www.redfin.com/NM/Albuquerque/12701-Elyse-Pl-SE-87123/home/92096571,Southwest MLS,1088070,N,Y,35.0630805,-106.5060342
MLS Listing,,Single Family Residential,2712 La Charles Dr NE,Albuquerque,NM,87112,379000,3,2.0,Albuquerque,1701,6098,1976,14,223,,Active,,,https://www.redfin.com/NM/Albuquerque/2712-La-Charles-Dr-NE-87112/home/92101491,Southwest MLS,1088067,N,Y,35.1141901,-106.5042317
MLS Listing,,Single Family Residential,6236 Nueva Espana Rd NW,Albuquerque,NM,87114,353000,3,2.0,Albuquerque,1440,5227,2009,14,245,26,Active,,,https://www.redfin.com/NM/Albuquerque/6236-Nueva-Espana-Rd-NW-87114/home/92140116,Southwest MLS,1088057,N,Y,35.214546,-106.7135968
MLS Listing,,Townhouse,4213 Whisperwood Pl NE,Albuquerque,NM,87109,300000,2,2.0,Albuquerque,1231,4356,1982,14,244,,Active,August-2-2025 11:00 AM,August-2-2025 01:00 PM,https://www.redfin.com/NM/Albuquerque/4213-Whisperwood-Pl-NE-87109/home/92055662,Southwest MLS,1088017,N,Y,35.1334793,-106.5810425
MLS Listing,,Single Family Residential,13200 Oriente Ave NE,Albuquerque,NM,87123,320000,3,2.0,Albuquerque,1138,6098,1971,14,281,,Active,,,https://www.redfin.com/NM/Albuquerque/13200-Oriente-Ave-NE-87123/home/92098104,Southwest MLS,1088053,N,Y,35.0800831,-106.501297
MLS Listing,,Single Family Residential,8519 Mock Heather Rd NW,Albuquerque,NM,87120,665000,4,2.5,Albuquerque,3100,6534,2015,14,215,50,Active,,,https://www.redfin.com/NM/Albuquerque/8519-Mock-Heather-Rd-NW-87120/home/62702905,Southwest MLS,1088052,N,Y,35.1653346,-106.7336931
MLS Listing,,Single Family Residential,7900 Kathryn Ave SE,Albuquerque,NM,87108,298000,3,2.0,Albuquerque,1372,8712,1958,14,217,,Active,,,https://www.redfin.com/NM/Albuquerque/7900-Kathryn-Ave-SE-87108/home/92060102,Southwest MLS,1088046,N,Y,35.0656383,-106.5591207
MLS Listing,,Single Family Residential,6720 Lamar Ave NW,Albuquerque,NM,87120,320000,3,2.5,Albuquerque,1540,4791,1993,14,208,,Active,,,https://www.redfin.com/NM/Albuquerque/6720-Lamar-Ave-NW-87120/home/91978828,Southwest MLS,1087784,N,Y,35.146302,-106.7177196
MLS Listing,,Single Family Residential,2817 Indian Farm Ln NW,Albuquerque,NM,87107,640000,3,2.5,Indian Farm Estates,2821,12196,1988,14,227,,Active,,,https://www.redfin.com/NM/Albuquerque/2817-Indian-Farm-Ln-NW-87107/home/92015221,Southwest MLS,1087932,N,Y,35.1214555,-106.6684461
MLS Listing,,Single Family Residential,12213 Mirandy Ct NE,Albuquerque,NM,87122,990000,4,3.5,Albuquerque,4140,10454,2000,14,239,39,Active,,,https://www.redfin.com/NM/Albuquerque/12213-Mirandy-Ct-NE-87122/home/92107491,Southwest MLS,1087941,N,Y,35.1788772,-106.5026964
MLS Listing,,Single Family Residential,7015 Starshine St NE,Albuquerque,NM,87111,706000,4,3.0,The Estates at Tanoan,3717,9130,1996,14,190,62,Active,,,https://www.redfin.com/NM/Albuquerque/7015-Starshine-St-NE-87111/home/92093417,Southwest MLS,1087423,N,Y,35.1585037,-106.5240282
MLS Listing,,Single Family Residential,5801 Tres Vistas Ct NW,Albuquerque,NM,87120,499999,4,2.5,Albuquerque,2533,5227,1998,15,197,,Active,,,https://www.redfin.com/NM/Albuquerque/5801-Tres-Vistas-Ct-NW-87120/home/92004844,Southwest MLS,1087973,N,Y,35.1502692,-106.6900418
MLS Listing,,Single Family Residential,3212 Calle De Estella NW,Albuquerque,NM,87104,1200000,4,4.0,Albuquerque,4450,13939,1977,15,270,,Active,,,https://www.redfin.com/NM/Albuquerque/3212-Avenida-Estrellita-NE-87110/home/92003861,Southwest MLS,1088063,N,Y,35.118812,-106.68434
MLS Listing,,Single Family Residential,11908 Oryx Pl NE,Albuquerque,NM,87111,575000,3,2.5,Antelope Run,2981,5227,1992,15,193,,Active,August-1-2025 03:00 PM,August-1-2025 06:00 PM,https://www.redfin.com/NM/Albuquerque/11908-Oryx-Pl-NE-87111/home/92106237,Southwest MLS,1088047,N,Y,35.1526258,-106.5045422
MLS Listing,,Townhouse,5239 La Colonia Dr NW,Albuquerque,NM,87120,414900,3,3.0,Albuquerque,1981,7405,1987,15,209,,Active,,,https://www.redfin.com/NM/Albuquerque/5239-La-Colonia-Dr-NW-87120/home/91994697,Southwest MLS,1088045,N,Y,35.1465452,-106.6951244
MLS Listing,,Single Family Residential,10448 Toscana St NW,Albuquerque,NM,87114,379900,3,2.5,Ventana Ranch,2605,5227,2003,15,146,25,Active,,,https://www.redfin.com/NM/Albuquerque/10448-Toscana-St-NW-87114/home/91961000,Southwest MLS,1088040,N,Y,35.2009834,-106.7342569
MLS Listing,,Condo/Co-op,3600 Central Ave SE #113,Albuquerque,NM,87108,390000,2,2.0,Albuquerque,1204,,2017,15,324,380,Active,,,https://www.redfin.com/NM/Albuquerque/3600-Central-Ave-SE-87108/unit-113/home/168293051,Southwest MLS,1088036,N,Y,35.0792916,-106.6040252
MLS Listing,,Condo/Co-op,4801 Irving Blvd NW #2702,Albuquerque,NM,87114,227000,2,2.0,Albuquerque,1141,566,1999,15,199,300,Active,,,https://www.redfin.com/NM/Albuquerque/4801-Irving-Blvd-NW-87114/unit-2702/home/92128538,Southwest MLS,1088034,N,Y,35.2047528,-106.6843876
MLS Listing,,Condo/Co-op,2900 Vista Del Rey NE Unit 18d,Albuquerque,NM,87112,299000,2,2.0,Albuquerque,1200,4486,1989,15,249,300,Active,,,https://www.redfin.com/NM/Albuquerque/2900-Vista-del-Rey-NE-87112/unit-18D/home/92131261,Southwest MLS,1088032,N,Y,35.1143926,-106.4892847
MLS Listing,,Vacant Land,Bosque Plaza Ln NW,Albuquerque,NM,87120,369260,,,Bosque Plaza,,21780,,15,,,Active,,,https://www.redfin.com/NM/Albuquerque/Bosque-Plaza-Ln-NW-87120/home/62709666,Southwest MLS,1088027,N,Y,35.159205,-106.678178
MLS Listing,,Townhouse,2950 Estrella Brillante St NW,Albuquerque,NM,87120,250000,3,2.5,Albuquerque,1422,1742,1984,15,176,,Active,,,https://www.redfin.com/NM/Albuquerque/2950-Estrella-Brillante-St-NW-87120/home/91991535,Southwest MLS,1088019,N,Y,35.1173302,-106.7053625
MLS Listing,,Single Family Residential,11320 Baja Dr NE,Albuquerque,NM,87111,485000,3,2.0,New Holiday Park,1845,10890,1972,15,263,,Active,,,https://www.redfin.com/NM/Albuquerque/11320-Baja-Dr-NE-87111/home/92104502,Southwest MLS,1088013,N,Y,35.1345918,-106.5115965
MLS Listing,,Single Family Residential,,Albuquerque,NM,87105,750000,4,3.5,,2679,5052,2021,15,280,75,Active,,,https://www.redfin.com/NM/Albuquerque/Undisclosed-address-87105/home/175749135,Southwest MLS,1088010,N,Y,35.0748227,-106.6831323
MLS Listing,,Condo/Co-op,308 Bel Vedere Ln NE,Albuquerque,NM,87102,299900,2,2.5,Albuquerque,1300,653,2008,15,231,348,Active,,,https://www.redfin.com/NM/Albuquerque/308-Belvedere-Ave-87105/home/92141828,Southwest MLS,1087841,N,Y,35.085385,-106.643629
MLS Listing,,Single Family Residential,203 14th St NW,Albuquerque,NM,87104,375000,2,2.0,Albuquerque,1177,4356,1916,15,319,,Active,,,https://www.redfin.com/NM/Albuquerque/203-14th-St-NW-87104/home/92013065,Southwest MLS,1088004,N,Y,35.0896235,-106.662882
MLS Listing,,Single Family Residential,7416 Don Tomas Ln NE,Albuquerque,NM,87109,615000,3,2.5,Albuquerque,2475,8712,1986,15,248,,Active,,,https://www.redfin.com/NM/Albuquerque/7416-Don-Tomas-Ln-NE-87109/home/92082153,Southwest MLS,1088002,N,Y,35.1652694,-106.5384171
MLS Listing,,Single Family Residential,8401 S Sandoval St NE,Albuquerque,NM,87122,597000,3,2.5,Albuquerque,2320,7840,1992,15,257,,Active,August-3-2025 01:00 PM,August-3-2025 03:00 PM,https://www.redfin.com/NM/Albuquerque/8401-S-Sandoval-St-NE-87122/home/92070829,Southwest MLS,1087996,N,Y,35.1789156,-106.5549906
MLS Listing,,Townhouse,1128 Indiana St SE,Albuquerque,NM,87108,215000,2,2.0,Albuquerque,1153,3920,1982,15,186,,Active,,,https://www.redfin.com/NM/Albuquerque/1128-Indiana-St-SE-87108/home/92049956,Southwest MLS,1087995,N,Y,35.0588171,-106.5707166
MLS Listing,,Single Family Residential,6212 Abiquiu Pl NE,Albuquerque,NM,87111,675000,4,2.0,UNITS 1 & 2 DESERT SKY AT HIGH DESERT,2138,6098,1996,15,316,103,Active,August-1-2025 08:00 AM,August-1-2025 07:00 PM,https://www.redfin.com/NM/Albuquerque/6212-Abiquiu-Pl-NE-87111/home/92114559,Southwest MLS,1087993,N,Y,35.151443,-106.4931665
MLS Listing,,Single Family Residential,732 Camino Del Bosque,Albuquerque,NM,87114,1050000,3,3.0,Albuquerque,2673,43560,1967,15,393,,Active,August-3-2025 02:00 PM,August-3-2025 04:00 PM,https://www.redfin.com/NM/Albuquerque/732-Camino-del-Bosque-NW-87114/home/92032704,Southwest MLS,1087992,N,Y,35.2035176,-106.6274579
MLS Listing,,Single Family Residential,115 Maple St NE,Albuquerque,NM,87106,399000,1,1.0,Albuquerque,1510,6752,1908,15,264,,Active,,,https://www.redfin.com/NM/Albuquerque/115-Maple-St-NE-87106/home/92028973,Southwest MLS,1087990,N,Y,35.0824018,-106.6300568
MLS Listing,,Single Family Residential,7009 Red Hawk Rd NE,Albuquerque,NM,87113,420000,3,2.5,Albuquerque,1755,4356,2001,15,239,22,Active,,,https://www.redfin.com/NM/Albuquerque/7009-Red-Hawk-Rd-NE-87113/home/92152553,Southwest MLS,1087265,N,Y,35.1813359,-106.5678076
MLS Listing,,Single Family Residential,7904 Charger Trl NE,Albuquerque,NM,87109,675000,4,2.5,Albuquerque,2828,10890,1971,15,239,,Active,,,https://www.redfin.com/NM/Albuquerque/7904-Charger-Trl-NE-87109/home/92066988,Southwest MLS,1087876,N,Y,35.143137,-106.5554834
MLS Listing,,Single Family Residential,1101 Pear Dr SW,Albuquerque,NM,87105,315000,3,2.0,GLORIETA GARDENS,1545,51836,1950,15,204,,Active,,,https://www.redfin.com/NM/Albuquerque/1101-Pear-Dr-SW-87105/home/196410489,Southwest MLS,1087854,N,Y,35.0635661,-106.6851249
MLS Listing,,Single Family Residential,1224 Luthy Cir NE,Albuquerque,NM,87112,300000,3,1.0,Albuquerque,1587,7405,1953,15,189,,Active,,,https://www.redfin.com/NM/Albuquerque/1224-Luthy-Cir-NE-87112/home/92072532,Southwest MLS,1087933,N,Y,35.0930522,-106.547154
MLS Listing,,Single Family Residential,1612 Don Santos St SW,Albuquerque,NM,87121,289900,3,2.0,Puno de Tierra,1456,5227,2004,15,199,,Active,,,https://www.redfin.com/NM/Albuquerque/1612-Don-Santos-St-SW-87121/home/92147144,Southwest MLS,1087888,N,Y,35.0529608,-106.7119897
MLS Listing,,Single Family Residential,1012 72nd Pl NW,Albuquerque,NM,87121,307500,3,2.5,Albuquerque,1609,4356,2005,16,191,,Active,,,https://www.redfin.com/NM/Albuquerque/1012-72nd-Pl-NW-87121/home/92135630,Southwest MLS,1087968,N,Y,35.098547,-106.71809
MLS Listing,,Multi-Family (2-4 Unit),530 Alvarado Dr SE,Albuquerque,NM,87108,479000,2,1.0,Albuquerque,3400,6534,2011,16,141,,Active,,,https://www.redfin.com/NM/Albuquerque/530-Alvarado-Dr-SE-87108/home/92048777,Southwest MLS,1087966,N,Y,35.071541,-106.5814955
MLS Listing,,Mobile/Manufactured Home,1639 Ferris Ave SW,Albuquerque,NM,87105,250000,3,2.0,Albuquerque,1585,9583,1995,16,158,,Active,August-2-2025 10:30 AM,August-2-2025 12:15 PM,https://www.redfin.com/NM/Albuquerque/1639-Ferris-Ave-SW-87105/home/92000565,Southwest MLS,1087965,N,Y,35.044371,-106.6809275
MLS Listing,,Single Family Residential,1728 Abo Canyon Dr NW,Albuquerque,NM,87120,565000,4,3.5,Albuquerque,3479,7840,2018,16,162,63,Active,August-3-2025 01:00 PM,August-3-2025 03:00 PM,https://www.redfin.com/NM/Albuquerque/1728-Abo-Canyon-Dr-NW-87120/home/144957413,Southwest MLS,1087964,N,Y,35.1023632,-106.7491271
MLS Listing,,Single Family Residential,6345 Avenida La Costa NE,Albuquerque,NM,87109,395000,3,2.0,Albuquerque,1539,7405,1973,16,257,,Active,,,https://www.redfin.com/NM/Albuquerque/6345-Avenida-La-Costa-NE-87109/home/92057497,Southwest MLS,1087954,N,Y,35.1544451,-106.5786192
MLS Listing,,Multi-Family (2-4 Unit),2117 Lead Ave SE,Albuquerque,NM,87106,425000,1,1.0,Albuquerque,,6969,1930,16,,,Active,,,https://www.redfin.com/NM/Albuquerque/2117-Lead-Ave-SE-87106/home/92029243,Southwest MLS,1087949,N,Y,35.0782618,-106.62322
MLS Listing,,Single Family Residential,8819 Greenarbor Rd NE,Albuquerque,NM,87122,699900,5,3.0,Albuquerque,3000,8276,1994,16,233,,Active,,,https://www.redfin.com/NM/Albuquerque/8819-Greenarbor-Rd-NE-87122/home/92082993,Southwest MLS,1087939,N,Y,35.1793239,-106.5447283
MLS Listing,,Single Family Residential,2316 Hannett Ave NE,Albuquerque,NM,87106,795000,4,4.0,Vista Larga,5100,8712,1961,16,156,,Active,,,https://www.redfin.com/NM/Albuquerque/2316-Hannett-Ave-NE-87106/home/92035659,Southwest MLS,1087934,N,Y,35.0985083,-106.6187833
MLS Listing,,Single Family Residential,3215 La Mancha Dr NW,Albuquerque,NM,87104,665000,3,3.5,THOMAS VILLAGE ESSTATES,3244,12632,1976,16,205,,Active,,,https://www.redfin.com/NM/Albuquerque/3215-La-Mancha-Dr-NW-87104/home/92003892,Southwest MLS,1087931,N,Y,35.1209595,-106.6842457
MLS Listing,,Single Family Residential,9676 Mirasol Ave NW,Albuquerque,NM,87120,350000,3,2.5,Albuquerque,1808,4791,2015,16,194,33,Active,,,https://www.redfin.com/NM/Albuquerque/9676-Mirasol-Ave-NW-87120/home/62699608,Southwest MLS,1087929,N,Y,35.0901159,-106.7474835
MLS Listing,,Single Family Residential,2409 Lynn Rd SE,Rio Rancho,NM,87124,539000,5,3.5,Rio Rancho,3123,5575,2022,16,173,,Active,,,https://www.redfin.com/NM/Rio-Rancho/2409-Lynn-Rd-SE-87124/home/174923762,Southwest MLS,1087928,N,Y,35.2191108,-106.7025615
MLS Listing,,Multi-Family (5+ Unit),313 Iron Ave SW,Albuquerque,NM,87102,1000000,3,1.0,Albuquerque,5603,10454,1901,16,178,,Active,,,https://www.redfin.com/NM/Albuquerque/313-Iron-Ave-SW-87102/home/196443925,Southwest MLS,1087921,N,Y,35.0798403,-106.6519451
MLS Listing,,Single Family Residential,6908 Paese Pl NW,Albuquerque,NM,87114,385000,4,2.5,Albuquerque,2260,9583,2005,16,170,25,Active,,,https://www.redfin.com/NM/Albuquerque/6908-Paese-Pl-NW-87114/home/92125126,Southwest MLS,1087919,N,Y,35.202573,-106.7329706
MLS Listing,,Condo/Co-op,4713 Country Club Ln NW Unit D-4,Albuquerque,NM,87114,210000,2,2.0,Albuquerque,1031,1176,1972,16,204,500,Active,,,https://www.redfin.com/NM/Albuquerque/4713-Country-Club-Ln-NW-87114/unit-D-4/home/194806715,Southwest MLS,1087917,N,Y,35.1972441,-106.6820047
MLS Listing,,Single Family Residential,10415 Calle Hermosa Ct NW,Albuquerque,NM,87114,387500,3,2.5,Sedona,2145,5227,2003,16,181,25,Active,,,https://www.redfin.com/NM/Albuquerque/10415-Calle-Hermosa-Ct-NW-87114/home/91961840,Southwest MLS,1087402,N,Y,35.2004699,-106.7242171
MLS Listing,,Single Family Residential,1836 War Admiral Dr SE,Albuquerque,NM,87123,425000,3,2.0,Albuquerque,1935,5227,2007,16,220,28,Active,,,https://www.redfin.com/NM/Albuquerque/1836-War-Admiral-Dr-SE-87123/home/92136556,Southwest MLS,1087892,N,Y,35.0479128,-106.5187239
MLS Listing,,Single Family Residential,610 Espanola St NE,Albuquerque,NM,87108,322500,3,2.0,DEL NORTE,1525,9583,1955,16,211,,Active,,,https://www.redfin.com/NM/Albuquerque/610-Espanola-St-NE-87108/home/92060797,Southwest MLS,1087902,N,Y,35.0841305,-106.5639578
MLS Listing,,Single Family Residential,10708 Monterey Pier Dr NW,Albuquerque,NM,87114,420000,4,2.5,Albuquerque,2217,5227,2005,16,189,,Active,,,https://www.redfin.com/NM/Albuquerque/10708-Monterey-Pier-Dr-NW-87114/home/87638522,Southwest MLS,1087414,N,Y,35.2124365,-106.6925044
MLS Listing,,Single Family Residential,1427 Vito Romero Rd SW,Albuquerque,NM,87105,285000,3,2.0,Albuquerque,1718,6098,1968,17,166,,Active,,,https://www.redfin.com/NM/Albuquerque/1427-Vito-Romero-Rd-SW-87105/home/92000168,Southwest MLS,1087911,N,Y,35.0477058,-106.6771395
MLS Listing,,Single Family Residential,8011 Canoncito Dr,Albuquerque,NM,87120,875000,4,4.0,Albuquerque,3020,13939,2016,17,290,,Active,,,https://www.redfin.com/NM/Albuquerque/8011-Canoncito-Dr-NW-87120/home/114033448,Southwest MLS,1087891,N,Y,35.1712826,-106.7143953
MLS Listing,,Townhouse,300 Tijeras Ave NE #211,Albuquerque,NM,87102,215000,0,1.0,Albuquerque,834,,2005,17,258,267,Active,,,https://www.redfin.com/NM/Albuquerque/300-Tijeras-Ave-NE-87102/unit-211/home/196426214,Southwest MLS,1087881,N,Y,35.0848132,-106.6437088
MLS Listing,,Single Family Residential,5111 Sunningdale Ave NE,Albuquerque,NM,87110,500000,4,2.0,Albuquerque,2070,9147,1960,17,242,,Active,,,https://www.redfin.com/NM/Albuquerque/5111-Sunningdale-Ave-NE-87110/home/62703522,Southwest MLS,1087827,N,Y,35.096301,-106.5876985
MLS Listing,,Single Family Residential,1724 Chacoma Pl SW,Albuquerque,NM,87104,699000,3,2.0,Albuquerque,2202,10890,1954,17,317,,Active,,,https://www.redfin.com/NM/Albuquerque/1724-Chacoma-Pl-SW-87104/home/92012555,Southwest MLS,1087688,N,Y,35.090489,-106.66872
MLS Listing,,Single Family Residential,5935 Mafraq Ave NW,Albuquerque,NM,87114,420000,3,2.0,Albuquerque,1596,4356,2016,17,263,20,Active,August-3-2025 12:00 PM,August-3-2025 04:00 PM,https://www.redfin.com/NM/Albuquerque/5935-Mafraq-Ave-NW-87114/home/112339402,Southwest MLS,1087443,N,Y,35.193577,-106.7126886
MLS Listing,,Vacant Land,3837 Riverview Rd NW,Albuquerque,NM,87105,185000,,,RIVERVIEW HEIGHTS,,10123,,18,,,Active,,,https://www.redfin.com/NM/Albuquerque/3837-Riverview-Rd-NW-87105/home/191152667,Southwest MLS,1087864,N,Y,35.101914,-106.697905
