SALE TYPE,SOLD DATE,PROPERTY TYPE,ADDRESS,CITY,STATE OR PROVINCE,ZIP OR POSTAL CODE,PRICE,BEDS,BATHS,LOCATION,SQUARE FEET,LOT SIZE,YEAR BUILT,DAYS ON MARKET,$/SQUARE FEET,HOA/MONTH,STATUS,NEXT OPEN HOUSE START TIME,NEXT OPEN HOUSE END TIME,URL (SEE https://www.redfin.com/buy-a-home/comparative-market-analysis FOR INFO ON PRICING),SOURCE,MLS#,FAVORITE,INTERESTED,LATITUDE,LONGITUDE
"In accordance with local MLS rules, some MLS listings are not included in the download"
MLS Listing,,Single Family Residential,6510 Sophia Hills Ct NE,Rio Rancho,NM,87144,365000,4,2.0,Enchanted Hills,1633,9583,2001,1,224,,Active,,,https://www.redfin.com/NM/Rio-Rancho/6510-Sophia-Hills-Ct-NE-87144/home/92160701,Southwest MLS,1088862,N,Y,35.3402023,-106.5999588
MLS Listing,,Single Family Residential,4723 Leon Grande Ave SE,Rio Rancho,NM,87124,350000,3,2.5,Rio Rancho,2023,11325,1976,1,173,,Active,,,https://www.redfin.com/NM/Rio-Rancho/4723-Leon-Grande-Ave-SE-87124/home/92178346,Southwest MLS,1088861,N,Y,35.254442,-106.6387627
MLS Listing,,Vacant Land,0 31st St SE,Rio Rancho,NM,87124,105000,,,RIO RANCHO ESTATES,,21780,,1,,,Active,,,https://www.redfin.com/NM/Rio-Rancho/31st-St-SE-87124/home/171650435,Southwest MLS,1088858,N,Y,35.227321,-106.675556
MLS Listing,,Single Family Residential,2620 Globe Ct NE,Rio Rancho,NM,87124,625000,3,4.0,RIO RANCHO ESTATES,2401,21780,2006,1,260,,Active,,,https://www.redfin.com/NM/Rio-Rancho/2620-Globe-Ct-NE-87124/home/76627014,Southwest MLS,1088856,N,Y,35.2652629,-106.6838753
MLS Listing,,Single Family Residential,3106 Farragut St NE,Rio Rancho,NM,87144,475000,5,3.0,Broadmoor Heights,3024,8319,2021,1,157,57,Active,,,https://www.redfin.com/NM/Rio-Rancho/3106-Farragut-St-NE-87144/home/174924290,Southwest MLS,1088851,N,Y,35.2960182,-106.6743736
MLS Listing,,Single Family Residential,4802 Mount Salas St NE,Rio Rancho,NM,87144,340000,3,2.0,Rio Rancho,1289,7013,2023,1,264,30,Active,,,https://www.redfin.com/NM/Rio-Rancho/4802-Mount-Salas-St-NE-87144/home/196764951,Southwest MLS,1088841,N,Y,35.365326,-106.634049
MLS Listing,,Mobile/Manufactured Home,S 1405 13th St SE,Rio Rancho,NM,87124,620000,4,3.0,Rio Rancho,3298,43560,1999,1,188,,Active,,,https://www.redfin.com/NM/Rio-Rancho/1405-13th-St-SE-87124/home/192174222,Southwest MLS,1088771,N,Y,35.2346997,-106.71148
MLS Listing,,Single Family Residential,1103 Desert Broom Rd NE,Rio Rancho,NM,87144,730000,4,3.0,Rio Rancho,4173,12196,2008,1,175,33,Active,August-2-2025 11:00 AM,August-2-2025 02:00 PM,https://www.redfin.com/NM/Rio-Rancho/1103-Desert-Broom-Rd-NE-87144/home/92175028,Southwest MLS,1088829,N,Y,35.2761886,-106.6520456
MLS Listing,,Single Family Residential,4218 Summit Park Rd NE,Rio Rancho,NM,87144,430000,3,2.5,Rio Rancho,2166,6316,2020,1,199,38,Active,,,https://www.redfin.com/NM/Rio-Rancho/4218-Summit-Park-Rd-NE-87144/home/174924096,Southwest MLS,1088846,N,Y,35.3120986,-106.6492729
MLS Listing,,Single Family Residential,4842 Mount Salas St NE,Rio Rancho,NM,87144,375000,4,2.0,Rio Rancho,1619,4399,2023,1,232,30,Active,,,https://www.redfin.com/NM/Rio-Rancho/4842-Mount-Salas-St-NE-87144/home/184898045,Southwest MLS,1088737,N,Y,35.365156,-106.6354009
MLS Listing,,Vacant Land,5631 Da Vinci Blvd NE,Rio Rancho,NM,87144,121500,,,Monte Bella,,67954,,1,,,Active,,,https://www.redfin.com/NM/Rio-Rancho/5631-Da-Vinci-Blvd-NE-87144/home/190450434,Southwest MLS,1088843,N,Y,35.2986503,-106.6192383
MLS Listing,,Single Family Residential,125 Meseta Ct NE,Rio Rancho,NM,87124,435000,3,2.5,Rio Rancho,2436,6272,2008,1,179,72,Active,,,https://www.redfin.com/NM/Rio-Rancho/125-Meseta-Ct-NE-87124/home/92176615,Southwest MLS,1088838,N,Y,35.2607109,-106.667922
MLS Listing,,Single Family Residential,2233 Solara Loop NE,Rio Rancho,NM,87144,380000,3,2.0,Solcito,1735,7361,2019,1,219,33,Active,,,https://www.redfin.com/NM/Rio-Rancho/2233-Solara-Loop-NE-87144/home/170194895,Southwest MLS,1088835,N,Y,35.2799696,-106.6832704
MLS Listing,,Single Family Residential,438 Palo Alto Dr NE,Rio Rancho,NM,87124,695000,5,4.0,Rio Rancho,3063,7840,2013,1,227,73,Active,,,https://www.redfin.com/NM/Rio-Rancho/438-Palo-Alto-Dr-NE-87124/home/103184616,Southwest MLS,1088832,N,Y,35.2662199,-106.6593169
MLS Listing,,Single Family Residential,4134 Silver Springs Rd NE,Rio Rancho,NM,87144,498340,4,2.5,Lomas Encantadas,1987,5401,2025,1,251,38,Active,,,https://www.redfin.com/NM/Rio-Rancho/4134-Silver-Springs-Rd-NE-87144/home/196757856,Southwest MLS,1088819,N,Y,35.3276014,-106.6020065
MLS Listing,,Single Family Residential,4293 Crowned Eagle Loop NE,Rio Rancho,NM,87144,419900,5,3.0,Rio Rancho,2290,4965,2023,1,183,30,Active,,,https://www.redfin.com/NM/Rio-Rancho/4293-Crowned-Eagle-Loop-NE-87144/home/182867957,Southwest MLS,1088425,N,Y,35.3666789,-106.6515006
MLS Listing,,Vacant Land,6611 Curtis Ct NE,Rio Rancho,NM,87144,129000,,,RIO RANCHO ESTATES,,30056,,1,,,Active,,,https://www.redfin.com/NM/Rio-Rancho/6611-Curtis-Ct-NE-87144/home/165977590,Southwest MLS,1088810,N,Y,35.317286,-106.600456
MLS Listing,,Single Family Residential,6742 Clayton Dr NE,Rio Rancho,NM,87144,471860,4,2.0,Lomas Encantadas,1697,4948,2025,1,278,38,Active,,,https://www.redfin.com/NM/Rio-Rancho/6742-Clayton-Dr-NE-87144/home/196001962,Southwest MLS,1088806,N,Y,35.3279222,-106.6006209
MLS Listing,,Vacant Land,5222 Picuda Dr NE,Rio Rancho,NM,87144,7000,,,Rio Rancho Estates,,43560,,1,,,Active,,,https://www.redfin.com/NM/Rio-Rancho/5222-Picuda-Dr-NE-87144/home/196753417,Southwest MLS,1088802,N,Y,35.3463478,-106.7214478
MLS Listing,,Single Family Residential,4121 Emerson Dr NE,Rio Rancho,NM,87144,436440,3,2.0,Lomas Encantadas,1570,6416,2025,1,278,38,Active,,,https://www.redfin.com/NM/Rio-Rancho/4121-Emerson-Dr-NE-87144/home/196326351,Southwest MLS,1088795,N,Y,35.3278452,-106.6015974
MLS Listing,,Single Family Residential,6976 Dusty Dr NE,Rio Rancho,NM,87144,425000,3,2.0,Rio Rancho,1900,5793,2020,1,224,39,Active,,,https://www.redfin.com/NM/Rio-Rancho/6976-Dusty-Dr-NE-87144/home/170518162,Southwest MLS,1088792,N,Y,35.3258868,-106.5922256
MLS Listing,,Single Family Residential,4321 Golden Eagle Loop NE,Rio Rancho,NM,87144,449500,4,2.0,Rio Rancho,1946,5052,2021,1,231,30,Active,August-2-2025 02:00 PM,August-2-2025 04:00 PM,https://www.redfin.com/NM/Rio-Rancho/4321-Golden-Eagle-Loop-NE-87144/home/177438409,Southwest MLS,1088791,N,Y,35.3651691,-106.6501999
MLS Listing,,Single Family Residential,512 Apache Loop SW,Rio Rancho,NM,87124,250000,2,1.0,Rio Rancho,875,9147,1986,1,286,,Active,August-2-2025 01:00 PM,August-2-2025 03:00 PM,https://www.redfin.com/NM/Rio-Rancho/512-Apache-Loop-SW-87124/home/76612793,Southwest MLS,1088605,N,Y,35.2495382,-106.744352
MLS Listing,,Single Family Residential,1317 Rebecca Rd NE,Rio Rancho,NM,87144,285000,3,2.0,Rio Rancho,972,4791,1994,1,293,35,Active,,,https://www.redfin.com/NM/Rio-Rancho/1317-Rebecca-Rd-NE-87144/home/92167256,Southwest MLS,1088788,N,Y,35.2910405,-106.7154317
MLS Listing,,Single Family Residential,180 Sandstone Dr NE,Rio Rancho,NM,87124,330000,3,2.0,Rio Rancho,1505,11761,1985,1,219,,Active,August-3-2025 10:00 AM,August-3-2025 01:00 PM,https://www.redfin.com/NM/Rio-Rancho/180-Sandstone-Dr-NE-87124/home/76626901,Southwest MLS,1088786,N,Y,35.2598653,-106.6459148
MLS Listing,,Single Family Residential,6865 Sydney Dr NE,Rio Rancho,NM,87144,496000,3,2.5,Lomas Encantadas,2455,7171,2025,1,202,38,Active,,,https://www.redfin.com/NM/Rio-Rancho/6865-Sydney-Dr-NE-87144/home/191756796,Southwest MLS,1088784,N,Y,35.3301358,-106.59917
MLS Listing,,Single Family Residential,3032 Opalo Dr SE,Rio Rancho,NM,87124,599990,5,4.0,Los Diamantes,2100,6000,2025,1,286,55,Active,,,https://www.redfin.com/NM/Rio-Rancho/3032-Opalo-Dr-SE-87124/home/196506528,Southwest MLS,1088781,N,Y,35.2237577,-106.7235471
MLS Listing,,Vacant Land,Rio Rancho Ests NE,Rio Rancho,NM,87144,10000,,,RIO RANCHO ESTATES,,21780,,1,,,Active,,,https://www.redfin.com/NM/Rio-Rancho/Rio-Rancho-Ests-NE-87144/home/146953957,Southwest MLS,1088779,N,Y,35.347095,-106.642033
MLS Listing,,Single Family Residential,232 Chaparral Loop SE,Rio Rancho,NM,87124,350000,3,2.0,Rio Rancho,1466,4356,1996,1,239,25,Active,,,https://www.redfin.com/NM/Rio-Rancho/232-Chaparral-Loop-SE-87124/home/92159488,Southwest MLS,1088777,N,Y,35.2515989,-106.678259
MLS Listing,,Single Family Residential,6936 Angela Dr NE,Rio Rancho,NM,87144,270000,3,2.0,Rio Rancho,1129,5227,2002,1,239,,Active,,,https://www.redfin.com/NM/Rio-Rancho/6936-Angela-Dr-NE-87144/home/92162092,Southwest MLS,1088772,N,Y,35.3426861,-106.595809
MLS Listing,,Single Family Residential,3455 Oasis Springs Rd NE,Rio Rancho,NM,87144,353000,4,2.0,Rio Rancho,2141,6969,2007,1,165,58,Active,August-2-2025 11:00 AM,August-2-2025 02:00 PM,https://www.redfin.com/NM/Rio-Rancho/3455-Oasis-Springs-Rd-NE-87144/home/92174903,Southwest MLS,1088334,N,Y,35.3157615,-106.7088332
MLS Listing,,Single Family Residential,2645 Camino Plata Loop NE,Rio Rancho,NM,87144,450000,4,3.5,Tierra del Oro,2618,6577,2020,1,172,25,Active,,,https://www.redfin.com/NM/Rio-Rancho/2645-Camino-Plata-Loop-NE-87144/home/174924002,Southwest MLS,1088078,N,Y,35.2818202,-106.6794145
MLS Listing,,Single Family Residential,1808 34th St SE,Rio Rancho,NM,87124,339000,3,2.0,Rio Rancho Estates,1572,21780,1985,2,216,,Active,August-3-2025 12:00 PM,August-3-2025 02:00 PM,https://www.redfin.com/NM/Rio-Rancho/1808-34th-St-SE-87124/home/76629287,Southwest MLS,1088758,N,Y,35.2262366,-106.6687275
MLS Listing,,Single Family Residential,58 Prestwick Ct SE,Rio Rancho,NM,87124,440000,4,2.5,WILLOW TRACE CHAMISA HILLS,2473,5662,2005,2,178,27,Active,August-3-2025 11:00 AM,August-3-2025 01:00 PM,https://www.redfin.com/NM/Rio-Rancho/58-Prestwick-Ct-SE-87124/home/92172449,Southwest MLS,1088756,N,Y,35.2562342,-106.6689736
MLS Listing,,Vacant Land,Rio Rancho Ests NW,Rio Rancho,NM,87144,14500,,,RIO RANCHO ESTATES,,21780,,2,,,Active,,,https://www.redfin.com/NM/Rio-Rancho/Rio-Rancho-ESTS-NW-87144/home/190251971,Southwest MLS,1088750,N,Y,35.305886,-106.717532
MLS Listing,,Single Family Residential,4212 Skyline Loop NE,Rio Rancho,NM,87144,479900,4,3.5,Cleveland Heights,2736,7274,2021,2,175,40,Active,August-2-2025 11:00 AM,August-2-2025 01:00 PM,https://www.redfin.com/NM/Rio-Rancho/4212-Skyline-Loop-NE-87144/home/174924051,Southwest MLS,1088729,N,Y,35.3111711,-106.652572
MLS Listing,,Vacant Land,4100 Huron Dr NE,Rio Rancho,NM,87144,60000,,,RIO RANCHO ESTATES,,47916,,2,,,Active,,,https://www.redfin.com/NM/Rio-Rancho/4100-Huron-Dr-87144/home/196694972,Southwest MLS,1088724,N,Y,35.2808521,-106.6539594
MLS Listing,,Single Family Residential,1207 15th St SE,Rio Rancho,NM,87124,715000,4,2.5,Rio Rancho,2503,21780,2025,2,286,,Active,,,https://www.redfin.com/NM/Rio-Rancho/1207-15th-St-SE-87124/home/196694768,Southwest MLS,1088719,N,Y,35.2378511,-106.7078183
MLS Listing,,Vacant Land,604 Southern Blvd SE,Rio Rancho,NM,87124,45000,,,Rio Rancho Estates,,21780,,2,,,Active,,,https://www.redfin.com/NM/Rio-Rancho/604-Southern-Blvd-SE-87124/home/196694710,Southwest MLS,1088717,N,Y,35.2410791,-106.7245666
MLS Listing,,Vacant Land,600 Southern Blvd SE,Rio Rancho,NM,87124,45000,,,Rio Rancho Estates,,21780,,2,,,Active,,,https://www.redfin.com/NM/Rio-Rancho/600-Southern-Blvd-SE-87124/home/196694709,Southwest MLS,1088718,N,Y,35.241079,-106.7248351
MLS Listing,,Single Family Residential,24 Los Balcones Pl NE,Rio Rancho,NM,87124,799000,6,4.5,Rio Rancho,4223,9147,2009,2,189,65,Active,August-2-2025 01:00 PM,August-2-2025 03:00 PM,https://www.redfin.com/NM/Rio-Rancho/24-Los-Balcones-Pl-NE-87124/home/92176435,Southwest MLS,1088318,N,Y,35.2589263,-106.6618586
MLS Listing,,Single Family Residential,3900 Saint Andrews Dr SE,Rio Rancho,NM,87124,630000,4,2.5,Rio Rancho,3335,16552,1979,2,189,,Active,,,https://www.redfin.com/NM/Rio-Rancho/3900-Saint-Andrews-Dr-SE-87124/home/76625365,Southwest MLS,1088637,N,Y,35.2450768,-106.6600261
MLS Listing,,Single Family Residential,105 Prestige Way NE,Rio Rancho,NM,87124,345000,3,2.5,Rolling Hils,1771,9147,1993,2,195,,Active,,,https://www.redfin.com/NM/Rio-Rancho/105-Prestige-Way-NE-87124/home/76620686,Southwest MLS,1088247,N,Y,35.2608323,-106.6963935
MLS Listing,,Townhouse,2529 Treviso Dr,Rio Rancho,NM,87124,325000,2,2.5,Rio Rancho,1612,3484,2009,3,202,79,Active,,,https://www.redfin.com/NM/Rio-Rancho/2529-Treviso-Dr-SE-87124/home/92176023,Southwest MLS,1088713,N,Y,35.227907,-106.686642
MLS Listing,,Single Family Residential,8155 Ventana Azul Ave NW,Albuquerque,NM,87114,372000,3,2.5,Albuquerque,2206,5662,2006,3,169,34,Active,,,https://www.redfin.com/NM/Albuquerque/8155-Ventana-Azul-Ave-NW-87114/home/92137647,Southwest MLS,1088710,N,Y,35.1948346,-106.7567959
MLS Listing,,Vacant Land,"23rd (lots72,73 Blk80 Unit 5) St",Rio Rancho,NM,87124,14000,,,Rio Rancho Estates,,43560,,3,,,Active,,,https://www.redfin.com/NM/Rio-Rancho/5th-St-SE-87124/home/101639065,Southwest MLS,1088702,N,Y,35.2514,-106.706
MLS Listing,,Single Family Residential,3915 Mcadams Dr NE,Rio Rancho,NM,87144,550000,5,3.0,Rio Rancho,3110,10454,2020,3,177,38,Active,,,https://www.redfin.com/NM/Rio-Rancho/3915-McAdams-Dr-NE-87144/home/174923372,Southwest MLS,1088680,N,Y,35.3245426,-106.5948674
MLS Listing,,Single Family Residential,1420 6th St SE,Rio Rancho,NM,87124,735000,3,3.0,Rio Rancho,2505,21780,2017,3,293,,Active,August-2-2025 12:00 PM,August-2-2025 02:00 PM,https://www.redfin.com/NM/Rio-Rancho/1420-6th-St-SE-87124/home/165979362,Southwest MLS,1088535,N,Y,35.2337741,-106.7238428
MLS Listing,,Single Family Residential,156 Prism Ave SW,Rio Rancho,NM,87124,315000,2,2.0,Rio Rancho,1239,6708,2023,4,254,45,Active,,,https://www.redfin.com/NM/Rio-Rancho/156-Prism-Ave-SW-87124/home/185446721,Southwest MLS,1088649,N,Y,35.2525524,-106.7393821
MLS Listing,,Single Family Residential,4127 Silver Springs Rd NE,Rio Rancho,NM,87144,477760,4,2.0,Lomas Encantadas,1755,6068,2025,4,272,38,Active,,,https://www.redfin.com/NM/Rio-Rancho/4127-Silver-Springs-Rd-NE-87144/home/196001940,Southwest MLS,1088644,N,Y,35.3273406,-106.6025926
MLS Listing,,Single Family Residential,7809 Seven Springs Rd NW,Albuquerque,NM,87114,425000,4,2.5,Albuquerque,2434,4791,2005,4,175,30,Active,August-1-2025 12:00 PM,August-1-2025 03:00 PM,https://www.redfin.com/NM/Albuquerque/7809-Seven-Springs-Rd-NW-87114/home/92132269,Southwest MLS,1088633,N,Y,35.2022065,-106.7463519
MLS Listing,,Townhouse,120 Aster Dr SW,Rio Rancho,NM,87124,255000,2,1.0,Rio Rancho,823,8712,1987,4,310,,Active,,,https://www.redfin.com/NM/Rio-Rancho/120-Aster-Dr-SW-87124/home/76629874,Southwest MLS,1088624,N,Y,35.2412573,-106.738737
MLS Listing,,Vacant Land,Rio Rancho Estates Block 82 Lot 42 Unit 8,Rio Rancho,NM,87124,50000,,,Rio Rancho estates,,35284,,4,,,Active,,,https://www.redfin.com/NM/Rio-Rancho/Rio-Rancho-Estates-Block-82-Lot-42-Unit-8-87124/home/196654512,Southwest MLS,1088622,N,Y,35.2461,-106.741345
MLS Listing,,Single Family Residential,3114 Rachel Ct NE,Rio Rancho,NM,87144,580000,5,3.0,RIO RANCHO ESTATES UNIT 20 VISTA ENTRADA,2727,43995,2003,4,213,,Active,August-1-2025 08:00 AM,August-1-2025 07:00 PM,https://www.redfin.com/NM/Rio-Rancho/3114-Rachel-Ct-NE-87144/home/73858398,Southwest MLS,1088616,N,Y,35.3104604,-106.5993773
MLS Listing,,Vacant Land,Rainbow,Rio Rancho,NM,87144,23000,,,NA,,21780,,4,,,Active,,,https://www.redfin.com/NM/Rio-Rancho/Rainbow-87124/home/180364901,Southwest MLS,1088614,N,Y,35.253824,-106.73623
MLS Listing,,Single Family Residential,1404 Sidewinder Rd NE,Rio Rancho,NM,87144,355000,4,2.0,Rio Rancho,2141,6098,2007,4,166,33,Active,,,https://www.redfin.com/NM/Rio-Rancho/1404-Sidewinder-Rd-NE-87144/home/92174907,Southwest MLS,1088532,N,Y,35.3160422,-106.708805
MLS Listing,,Single Family Residential,778 Plata Dr SE,Rio Rancho,NM,87124,300000,3,1.5,Rio Rancho,1350,24393,1983,5,222,,Active,,,https://www.redfin.com/NM/Rio-Rancho/778-Plata-Dr-SE-87124/home/92157828,Southwest MLS,1088187,N,Y,35.2463004,-106.7274167
MLS Listing,,Vacant Land,Lot 83 21st St SW,Rio Rancho,NM,87124,12500,,,RIO RANCHO ESTATES,,43560,,5,,,Active,,,https://www.redfin.com/NM/Rio-Rancho/Lot-83-21st-St-SW-87124/home/196629481,Southwest MLS,1088600,N,Y,35.255486,-106.779263
MLS Listing,,Vacant Land,3 lots 37th St SW,Rio Rancho,NM,87124,20000,,,RIO RANCHO ESTATES,,43560,,5,,,Active,,,https://www.redfin.com/NM/Rio-Rancho/3-lots-37th-St-SW-87124/home/196629469,Southwest MLS,1088599,N,Y,35.248908,-106.811414
MLS Listing,,Vacant Land,Lot 17 37th St SW,Rio Rancho,NM,87124,7000,,,RIO RANCHO ESTATES,,43560,,5,,,Active,,,https://www.redfin.com/NM/Rio-Rancho/Lot-17-37th-St-SW-87124/home/196629462,Southwest MLS,1088598,N,Y,35.248654,-106.811093
MLS Listing,,Vacant Land,Lot 16 37th St SW,Rio Rancho,NM,87124,7000,,,RIO RANCHO ESTATES,,43560,,5,,,Active,,,https://www.redfin.com/NM/Rio-Rancho/Lot-16-37th-St-SW-87124/home/196629458,Southwest MLS,1088597,N,Y,35.249094,-106.811096
MLS Listing,,Vacant Land,Lot 15 37th St SW,Rio Rancho,NM,87124,7000,,,RIO RANCHO ESTATES,,43560,,5,,,Active,,,https://www.redfin.com/NM/Rio-Rancho/Lot-15-37th-St-SW-87124/home/196629455,Southwest MLS,1088596,N,Y,35.249534,-106.811099
MLS Listing,,Single Family Residential,4321 Skyline Loop NE,Rio Rancho,NM,87144,385000,4,2.0,Rio Rancho,1690,7405,2021,6,228,108,Active,,,https://www.redfin.com/NM/Rio-Rancho/4321-Skyline-Loop-NE-87144/home/174803500,Southwest MLS,1088576,N,Y,35.3097146,-106.6515633
MLS Listing,,Single Family Residential,495 Rockaway Blvd NE,Rio Rancho,NM,87124,315000,3,2.0,Rio Rancho,1308,10890,1986,6,241,,Active,,,https://www.redfin.com/NM/Rio-Rancho/495-Rockaway-Blvd-NE-87124/home/92158136,Southwest MLS,1088570,N,Y,35.2657167,-106.6415148
MLS Listing,,Single Family Residential,6179 Red Rock Park Ave NW,Albuquerque,NM,87114,360000,4,3.0,Albuquerque,2100,5388,2005,6,171,,Active,August-1-2025 02:00 PM,August-1-2025 05:00 PM,https://www.redfin.com/NM/Albuquerque/6179-Red-Rock-Park-NW-87114/home/80188996,Southwest MLS,1088503,N,Y,35.2175439,-106.7097538
MLS Listing,,Vacant Land,1809 Brueing (u21b5l26) Ave NE,Rio Rancho,NM,87144,36600,,,Rio Rancho Estates,,21780,,6,,,Active,,,https://www.redfin.com/NM/Rio-Rancho/1809-Bruening-Ave-NE-87144/home/196622825,Southwest MLS,1088563,N,Y,35.3089075,-106.7001771
MLS Listing,,Single Family Residential,175 Darlene Rd SE,Rio Rancho,NM,87124,270000,2,2.0,Star Heights,1118,8712,1978,6,242,,Active,,,https://www.redfin.com/NM/Rio-Rancho/175-Darlene-Rd-SE-87124/home/92171227,Southwest MLS,1088557,N,Y,35.2553106,-106.7028425
MLS Listing,,Single Family Residential,404 Peaceful Meadows Dr NE,Rio Rancho,NM,87144,320000,3,2.0,Rio Rancho,1596,5227,2007,7,201,,Active,,,https://www.redfin.com/NM/Rio-Rancho/404-Peaceful-Meadows-Dr-NE-87144/home/76630798,Southwest MLS,1088553,N,Y,35.319524,-106.7289695
MLS Listing,,Single Family Residential,1500 Golf Course Rd SE,Rio Rancho,NM,87124,448500,3,2.0,Rio Rancho,2352,21780,1993,7,191,,Active,,,https://www.redfin.com/NM/Rio-Rancho/1500-Golf-Course-Rd-SE-87124/home/76627321,Southwest MLS,1088537,N,Y,35.2314417,-106.6766476
MLS Listing,,Vacant Land,U8B41L16 Hidalgo Rd SW,Rio Rancho,NM,87124,12500,,,RIO RANCHO ESTATES,,47916,,7,,,Active,,,https://www.redfin.com/NM/Rio-Rancho/U8B41L16-Hidalgo-Rd-SW-87124/home/196616288,Southwest MLS,1088525,N,Y,35.266403,-106.754413
MLS Listing,,Vacant Land,1050 Acorn Loop NE,Rio Rancho,NM,87144,120000,,,Rio Rancho Estates,,98445,,7,,,Active,,,https://www.redfin.com/NM/Rio-Rancho/1050-Acorn-Loop-NE-87144/home/76628403,Southwest MLS,1088524,N,Y,35.2765269,-106.7498489
MLS Listing,,Single Family Residential,2615 Vista Manzano Loop NE,Rio Rancho,NM,87144,525000,3,2.5,Vista Manzano Mariposa,2558,7884,2009,7,205,129,Active,,,https://www.redfin.com/NM/Rio-Rancho/2615-Vista-Manzano-Loop-NE-87144/home/62706314,Southwest MLS,1088521,N,Y,35.3564055,-106.6839153
MLS Listing,,Single Family Residential,5401 Crown Ridge Rd NW,Albuquerque,NM,87114,325000,3,2.0,Albuquerque,1669,5227,2002,7,195,,Active,,,https://www.redfin.com/NM/Albuquerque/5401-Crown-Ridge-Rd-NW-87114/home/92156179,Southwest MLS,1088515,N,Y,35.2176315,-106.69285
MLS Listing,,Vacant Land,0 Blacksmith St NE,Rio Rancho,NM,87124,335000,,,Rio Rancho Estates,,123707,,7,,,Active,,,https://www.redfin.com/NM/Rio-Rancho/Blacksmith-St-NE-87144/home/196615077,Southwest MLS,1088501,N,Y,35.276004,-106.67258
MLS Listing,,Single Family Residential,2034 S Ensenada Cir SE,Rio Rancho,NM,87124,340000,3,2.0,Rio Rancho,1452,5662,2010,7,234,,Active,,,https://www.redfin.com/NM/Rio-Rancho/2034-S-Ensenada-Cir-SE-87124/home/92174635,Southwest MLS,1088481,N,Y,35.2372236,-106.6956876
MLS Listing,,Vacant Land,651 Nightglow (u12 B38 L55) Ave NE,Rio Rancho,NM,87144,48000,,,RIO RANCHO ESTATES,,21780,,7,,,Active,,,https://www.redfin.com/NM/Rio-Rancho/651-Nightglow-u12-B38-L55-AVE-NE-87144/home/196612818,Southwest MLS,1088473,N,Y,35.303533,-106.723247
MLS Listing,,Vacant Land,711 Nightglow (u12 B38 L51) Ave NE,Rio Rancho,NM,87144,48000,,,RIO RANCHO ESTATES,,21780,,7,,,Active,,,https://www.redfin.com/NM/Rio-Rancho/711-Nightglow-u12-B38-L51-AVE-NE-87144/home/196612817,Southwest MLS,1088475,N,Y,35.303532,-106.722163
MLS Listing,,Vacant Land,2800 Big Sky (u12 B23 L1) Dr NE,Rio Rancho,NM,87144,65000,,,RIO RANCHO ESTATES,,43560,,7,,,Active,,,https://www.redfin.com/NM/Rio-Rancho/2800-Big-Sky-u12-B23-L1-DR-NE-Unknown/home/196612790,Southwest MLS,1088472,N,Y,35.304124,-106.714245
MLS Listing,,Vacant Land,2203 8th (u12 B32 L57) St NE,Rio Rancho,NM,87144,25000,,,RIO RANCHO ESTATES,,67866,,7,,,Active,,,https://www.redfin.com/NM/Rio-Rancho/2203-8th-u12-B32-L57-ST-NE-87144/home/196612600,Southwest MLS,1088471,N,Y,35.293652,-106.720939
MLS Listing,,Vacant Land,2111 Dawson (u12 B11 L14) Dr NE,Rio Rancho,NM,87144,50000,,,RIO RANCHO ESTATES,,43560,,7,,,Active,,,https://www.redfin.com/NM/Rio-Rancho/2111-Dawson-u12-B11-L14-DR-NE-87144/home/196612364,Southwest MLS,1088470,N,Y,35.293197,-106.705372
MLS Listing,,Vacant Land,1604 8th (u12 B55 L1) St NE,Rio Rancho,NM,87144,60000,,,RIO RANCHO ESTATES,,43124,,7,,,Active,,,https://www.redfin.com/NM/Rio-Rancho/1604-8th-u12-B55-L1-ST-NE-87144/home/196612365,Southwest MLS,1088469,N,Y,35.285193,-106.720197
MLS Listing,,Vacant Land,1509 Oleander (u12 B76 L93) Ct NE,Rio Rancho,NM,87144,45000,,,RIO RANCHO ESTATES,,41818,,7,,,Active,,,https://www.redfin.com/NM/Rio-Rancho/1509-Over-Ct-NE-87144/home/196612344,Southwest MLS,1088468,N,Y,35.283303,-106.713332
MLS Listing,,Single Family Residential,1433 Isleta Ct NE,Rio Rancho,NM,87144,360000,4,2.5,Rio Rancho,2020,5662,2006,7,178,52,Active,,,https://www.redfin.com/NM/Rio-Rancho/1433-Isleta-Ct-NE-87144/home/92165330,Southwest MLS,1088467,N,Y,35.3107955,-106.7079154
MLS Listing,,Single Family Residential,6300 Gannett Dr NE,Rio Rancho,NM,87144,350000,4,2.5,Rio Rancho,2021,6534,2023,7,173,30,Active,,,https://www.redfin.com/NM/Rio-Rancho/6300-Gannett-Dr-NE-87144/home/185513108,Southwest MLS,1088464,N,Y,35.363753,-106.636226
MLS Listing,,Single Family Residential,120 Sommerset Dr SE,Rio Rancho,NM,87124,250000,2,1.5,Rio Rancho,1069,8712,1984,7,234,,Active,,,https://www.redfin.com/NM/Rio-Rancho/120-Sommerset-Dr-SE-87124/home/76619086,Southwest MLS,1088458,N,Y,35.2445097,-106.7344915
MLS Listing,,Townhouse,3343 Esplanade Cir SE,Rio Rancho,NM,87124,300000,2,2.0,The Esplanade,1340,2613,1979,7,224,133,Active,August-2-2025 01:00 PM,August-2-2025 04:00 PM,https://www.redfin.com/NM/Rio-Rancho/3343-Esplanade-Cir-SE-87124/home/92158383,Southwest MLS,1088358,N,Y,35.245318,-106.6702047
MLS Listing,,Single Family Residential,55 Lynwood Dr SE,Rio Rancho,NM,87124,345000,3,2.0,Rio Rancho,1473,9147,1985,7,234,,Active,,,https://www.redfin.com/NM/Rio-Rancho/55-Lynwood-Dr-SE-87124/home/76612353,Southwest MLS,1088444,N,Y,35.2571356,-106.6838967
MLS Listing,,Single Family Residential,904 Tazanita SE,Rio Rancho,NM,87124,367000,3,2.0,Rio Rancho,1519,4791,2022,7,242,60,Active,,,https://www.redfin.com/NM/Rio-Rancho/904-Tazanita-Loop-SE-87124/home/196602292,Southwest MLS,1088455,N,Y,35.2201298,-106.7196018
MLS Listing,,Single Family Residential,5319 River Ridge Ave NW,Albuquerque,NM,87114,415000,4,2.5,Albuquerque,2785,6098,2001,7,149,25,Active,,,https://www.redfin.com/NM/Albuquerque/5319-River-Ridge-Ave-NW-87114/home/92156012,Southwest MLS,1088359,N,Y,35.2164097,-106.689989
MLS Listing,,Single Family Residential,202 Utah Meadow Rd NE,Rio Rancho,NM,87124,375000,3,2.0,Rolling Hills,1913,12196,1994,7,196,,Active,August-1-2025 04:00 PM,August-1-2025 06:00 PM,https://www.redfin.com/NM/Rio-Rancho/202-Utah-Meadow-Rd-NE-87124/home/76620683,Southwest MLS,1088446,N,Y,35.2612167,-106.6927471
MLS Listing,,Vacant Land,4613 Rye Rd NE,Rio Rancho,NM,87144,20000,,,RIO RANCHO ESTATES,,21780,,8,,,Active,,,https://www.redfin.com/NM/Rio-Rancho/4613-Rye-Rd-NE-87144/home/196598061,Southwest MLS,1088451,N,Y,35.364543,-106.642933
MLS Listing,,Vacant Land,4617 Rye Rd NE,Rio Rancho,NM,87144,20000,,,RIO RANCHO ESTATES,,21780,,8,,,Active,,,https://www.redfin.com/NM/Rio-Rancho/4617-Rye-Rd-NE-87144/home/196597722,Southwest MLS,1088448,N,Y,35.3645199,-106.6426795
MLS Listing,,Vacant Land,Unit 11 Block V Lot 27 Northern Blvd NE,Rio Rancho,NM,87144,32000,,,Rio Rancho Estates,,11500,,8,,,Active,,,https://www.redfin.com/NM/Rio-Rancho/27-Northern-Blvd-NE-87124/home/196594603,Southwest MLS,1088438,N,Y,35.2749506,-106.7358919
MLS Listing,,Vacant Land,Unit 11 Block V Lot 26 Northern Blvd NE,Rio Rancho,NM,87144,32000,,,Rio Rancho Estates,,11500,,8,,,Active,,,https://www.redfin.com/NM/Rio-Rancho/26-Northern-Blvd-NE-87124/home/196594412,Southwest MLS,1088436,N,Y,35.2739505,-106.7360751
MLS Listing,,Vacant Land,Unit 11 Block V Lot 25 Northern Blvd NE,Rio Rancho,NM,87144,32000,,,Rio Rancho Estates,,11500,,8,,,Active,,,https://www.redfin.com/NM/Rio-Rancho/25-Northern-Blvd-NE-87124/home/196593313,Southwest MLS,1088431,N,Y,35.2748615,-106.7360432
MLS Listing,,Vacant Land,Unit 11 Block V Lot 24 Northern Blvd NE,Rio Rancho,NM,87144,32000,,,Rio Rancho Estates,,11500,,8,,,Active,,,https://www.redfin.com/NM/Rio-Rancho/24-Northern-Blvd-NE-87124/home/196593086,Southwest MLS,1088430,N,Y,35.2739505,-106.7361055
MLS Listing,,Vacant Land,Unit 11 Block V Lot 23 Northern Blvd NE,Rio Rancho,NM,87144,32000,,,Rio Rancho Estates,,11500,,8,,,Active,,,https://www.redfin.com/NM/Rio-Rancho/23-Northern-Blvd-NE-87124/home/196592846,Southwest MLS,1088428,N,Y,35.2746625,-106.7360521
MLS Listing,,Vacant Land,Unit 11 Block V Lot 22 Northern Blvd NE,Rio Rancho,NM,87144,32000,,,Rio Rancho Estates,,11500,,8,,,Active,,,https://www.redfin.com/NM/Rio-Rancho/22-Northern-Blvd-NE-87124/home/190478260,Southwest MLS,1088426,N,Y,35.2739364,-106.7364016
MLS Listing,,Single Family Residential,1824 Chisholm Trl NE,Rio Rancho,NM,87144,304950,3,2.0,Rio Rancho,1177,4791,2015,8,259,,Active,,,https://www.redfin.com/NM/Rio-Rancho/1824-Chisholm-Trl-NE-87144/home/101415936,Southwest MLS,1088421,N,Y,35.2884947,-106.6639831
MLS Listing,,Vacant Land,"48th (u23, B126, L3) .5 Ac. Ave NE",Rio Rancho,NM,87144,1500,,,Subd: Rio Rancho Estates,,21780,,8,,,Active,,,https://www.redfin.com/NM/Rio-Rancho/48th-u23-B126-L3-AVE-NE-87144/home/190218770,Southwest MLS,1088413,N,Y,35.338535,-106.790693
MLS Listing,,Single Family Residential,516 2nd St NE,Rio Rancho,NM,87124,715000,3,2.5,Rio Rancho,2862,21780,2025,8,250,,Active,August-2-2025 11:00 AM,August-2-2025 02:00 PM,https://www.redfin.com/NM/Rio-Rancho/516-2nd-St-NE-87124/home/196577472,Southwest MLS,1088405,N,Y,35.2677669,-106.7322144
MLS Listing,,Townhouse,704 Stallion Rd SE,Rio Rancho,NM,87124,275000,3,2.0,Rio Rancho,1167,5227,1974,8,236,,Active,,,https://www.redfin.com/NM/Rio-Rancho/704-Stallion-Rd-SE-87124/home/76623276,Southwest MLS,1088280,N,Y,35.2456509,-106.6878988
MLS Listing,,Single Family Residential,6818 Sydney Dr NE,Rio Rancho,NM,87144,635000,4,3.5,Lomas Encantadas,2800,5750,2023,8,227,39,Active,August-2-2025 11:00 AM,August-2-2025 04:00 PM,https://www.redfin.com/NM/Rio-Rancho/6818-Sydney-Dr-NE-87144/home/196572886,Southwest MLS,1088389,N,Y,35.3292565,-106.5972365
MLS Listing,,Single Family Residential,1641 Veridian Dr SE,Rio Rancho,NM,87124,478495,5,3.0,Cabazon,3237,5662,2006,8,148,150,Active,,,https://www.redfin.com/NM/Rio-Rancho/1641-Veridian-Dr-SE-87124/home/92165493,Southwest MLS,1088382,N,Y,35.2295575,-106.6957522
MLS Listing,,Single Family Residential,5721 Sandoval Dr NE,Rio Rancho,NM,87144,350000,4,2.0,Rio Rancho,1661,6534,2005,8,211,,Active,,,https://www.redfin.com/NM/Rio-Rancho/5721-Sandoval-Dr-NE-87144/home/92172397,Southwest MLS,1088381,N,Y,35.3543834,-106.6156058
MLS Listing,,Single Family Residential,4143 Summit Park Rd NE,Rio Rancho,NM,87144,379500,4,2.0,Rio Rancho,1674,6316,2019,8,227,28,Active,,,https://www.redfin.com/NM/Rio-Rancho/4143-Summit-Park-Rd-NE-87144/home/174923441,Southwest MLS,1088202,N,Y,35.3119917,-106.651109
MLS Listing,,Single Family Residential,4149 Loop Mountain Trail Loop NE,Rio Rancho,NM,87144,469900,3,2.5,Lomas Encantadas,2119,6970,2020,9,222,39,Active,,,https://www.redfin.com/NM/Rio-Rancho/4149-Mountain-Trail-Loop-NE-87144/home/171315074,Southwest MLS,1088362,N,Y,35.3286987,-106.5940191
MLS Listing,,Single Family Residential,492 Medina Meadows Dr NE,Rio Rancho,NM,87144,262000,2,1.0,NORTHERN MEADOWS 5,868,6098,1999,9,302,56,Active,August-1-2025 08:00 AM,August-1-2025 07:00 PM,https://www.redfin.com/NM/Rio-Rancho/492-Medina-Meadows-Dr-NE-87144/home/66962130,Southwest MLS,1088346,N,Y,35.3138296,-106.7273787
MLS Listing,,Single Family Residential,5625 Pikes Peak Loop NE,Rio Rancho,NM,87144,600000,4,2.5,The Peaks,2754,17424,2019,9,218,129,Active,,,https://www.redfin.com/NM/Rio-Rancho/5625-Pikes-Peak-Loop-NE-87144/home/165936344,Southwest MLS,1088343,N,Y,35.3530831,-106.6989839
MLS Listing,,Vacant Land,Rio Rancho Ests,Rio Rancho,NM,87144,20000,,,Rio Rancho Estates,,43560,,9,,,Active,,,https://www.redfin.com/NM/Rio-Rancho/Rio-Rancho-ESTS-Unknown/home/186295951,Southwest MLS,1088341,N,Y,35.284962,-106.745799
MLS Listing,,Single Family Residential,223 Tigris Rd NE,Rio Rancho,NM,87124,335000,3,2.0,Rio Rancho,1504,9147,1987,9,223,,Active,,,https://www.redfin.com/NM/Rio-Rancho/223-Tigris-Rd-NE-87124/home/76631439,Southwest MLS,1088325,N,Y,35.2598791,-106.6533451
MLS Listing,,Single Family Residential,4212 Montreal Loop NE,Rio Rancho,NM,87144,315000,3,2.0,Rio Rancho,1350,11325,1996,9,233,,Active,,,https://www.redfin.com/NM/Rio-Rancho/4212-Montreal-Loop-NE-87144/home/76634821,Southwest MLS,1088324,N,Y,35.3290402,-106.5845595
MLS Listing,,Vacant Land,Unit 8 Block A Lot 7 Northern Blvd NW,Rio Rancho,NM,87144,17460,,,Rio Rancho Estates,,12981,,9,,,Active,,,https://www.redfin.com/NM/Rio-Rancho/7-Northern-Blvd-NW-87124/home/196548936,Southwest MLS,1088323,N,Y,35.2746013,-106.7369431
MLS Listing,,Vacant Land,Unit 8 Block A Lot 6 Northern Blvd NW,Rio Rancho,NM,87144,17460,,,Rio Rancho Estates,,12676,,9,,,Active,,,https://www.redfin.com/NM/Rio-Rancho/6-Northern-Blvd-NW-87124/home/196548357,Southwest MLS,1088322,N,Y,35.2738923,-106.7370173
MLS Listing,,Vacant Land,Unit 9 Block B Lot 5 Southern Blvd SW,Rio Rancho,NM,87124,8975,,,Rio Rancho Estates,,15638,,9,,,Active,,,https://www.redfin.com/NM/Rio-Rancho/5-Southern-Blvd-SE-87124/home/196546296,Southwest MLS,1088321,N,Y,35.2411066,-106.7366846
MLS Listing,,Vacant Land,Unit 9 Block B Lot 4 Southern Blvd SW,Rio Rancho,NM,87124,8125,,,Rio Rancho Estates,,14157,,9,,,Active,,,https://www.redfin.com/NM/Rio-Rancho/4-Southern-Blvd-SE-87124/home/196546159,Southwest MLS,1088320,N,Y,35.2416314,-106.7367733
MLS Listing,,Vacant Land,Unit 9 Block B Lot 3 Southern Blvd SW,Rio Rancho,NM,87124,8025,,,Rio Rancho Estates,,13983,,9,,,Active,,,https://www.redfin.com/NM/Rio-Rancho/3-Southern-Blvd-SE-87124/home/196545980,Southwest MLS,1088319,N,Y,35.2416314,-106.7367733
MLS Listing,,Single Family Residential,4906 Dolores Hildago Dr SE,Rio Rancho,NM,87124,410000,3,2.0,Villa Verde Villas,1990,10019,2003,10,206,,Active,,,https://www.redfin.com/NM/Rio-Rancho/4906-Dolores-Hidalgo-Dr-SE-87124/home/76626138,Southwest MLS,1088317,N,Y,35.2419943,-106.6429518
MLS Listing,,Vacant Land,Unit 9 Block B Lot 2 Southern Blvd SW,Rio Rancho,NM,87124,8025,,,Rio Rancho Estates,,13983,,10,,,Active,,,https://www.redfin.com/NM/Rio-Rancho/Unit-9-Block-B-Lot-2-BLVD-SE-87124/home/196541782,Southwest MLS,1088314,N,Y,35.241193,-106.774137
MLS Listing,,Single Family Residential,1511 21st Ave SE,Rio Rancho,NM,87124,890000,6,4.0,Rio Rancho,3366,21780,2020,10,264,,Active,,,https://www.redfin.com/NM/Rio-Rancho/1511-21st-Ave-SE-87124/home/166050220,Southwest MLS,1088296,N,Y,35.2222133,-106.7057272
MLS Listing,,Vacant Land,2508 Southern Blvd SE,Rio Rancho,NM,87124,150000,,,Rio Rancho Estates,,12197,,10,,,Active,,,https://www.redfin.com/NM/Rio-Rancho/2508-Southern-Blvd-SE-87124/home/196540717,Southwest MLS,1088295,N,Y,35.2411082,-106.6861041
MLS Listing,,Vacant Land,1008 S Golf Course Rd Rd SE,Rio Rancho,NM,87124,399000,,,Rio Rancho Estates,,65906,,10,,,Active,,,https://www.redfin.com/NM/Rio-Rancho/1008-Golf-Course-Rd-SE-87124/home/165940999,Southwest MLS,1088294,N,Y,35.2404271,-106.6764574
MLS Listing,,Single Family Residential,1504 Woods St,Rio Rancho,NM,87144,466990,4,2.5,Stonegate,2078,5380,2024,10,225,40,Active,,,https://www.redfin.com/NM/Rio-Rancho/1504-Woods-St-87144/home/196326368,Southwest MLS,1088290,N,Y,35.2838976,-106.6869536
MLS Listing,,Single Family Residential,2470 Royal Troon St NE,Rio Rancho,NM,87144,389990,3,2.0,Stonegate,1420,4800,2025,10,275,40,Active,,,https://www.redfin.com/NM/Rio-Rancho/2470-Royal-Troon-St-NE-87144/home/196540410,Southwest MLS,1088287,N,Y,35.2820419,-106.6900414
MLS Listing,,Single Family Residential,2466 Royal Troon St NE,Rio Rancho,NM,87144,440990,4,2.5,Stonegate,1883,4820,2024,10,234,40,Active,,,https://www.redfin.com/NM/Rio-Rancho/2466-Royal-Troon-St-NE-87144/home/196326389,Southwest MLS,1088285,N,Y,35.2820371,-106.6901655
MLS Listing,,Single Family Residential,4205 Crowned Eagle Loop NE,Rio Rancho,NM,87144,386455,3,2.0,Mountain Hawk,1524,4948,2025,10,254,30,Active,,,https://www.redfin.com/NM/Rio-Rancho/4205-Crowned-Eagle-Loop-NE-87144/home/196535485,Southwest MLS,1088268,N,Y,35.3664667,-106.6549311
MLS Listing,,Vacant Land,Rio Rancho Estates Lot 20 SW,Rio Rancho,NM,87124,29000,,,Rio Rancho Estates,,34412,,10,,,Active,,,https://www.redfin.com/NM/Rio-Rancho/2225-20th-Ave-SW-87174/home/196534653,Southwest MLS,1088265,N,Y,35.223894,-106.782349
MLS Listing,,Single Family Residential,4201 Crowned Eagle Loop Loop NE,Rio Rancho,NM,87144,389455,3,2.0,Mountain Hawk,1524,5924,2025,10,256,30,Active,,,https://www.redfin.com/NM/Rio-Rancho/4201-Crowned-Eagle-Loop-NE-87144/home/196534045,Southwest MLS,1088263,N,Y,35.3661184,-106.6547931
MLS Listing,,Single Family Residential,2544 Twin Buttes Dr NE,Rio Rancho,NM,87144,424500,3,2.0,Rio Rancho,1900,11761,1992,10,223,,Active,,,https://www.redfin.com/NM/Rio-Rancho/2544-Twin-Buttes-Dr-NE-87144/home/92163117,Southwest MLS,1088260,N,Y,35.2997359,-106.5872685
MLS Listing,,Single Family Residential,6816 Cleary Loop NE,Rio Rancho,NM,87144,485000,3,2.5,Rio Rancho,2119,6185,2022,10,229,38,Active,,,https://www.redfin.com/NM/Rio-Rancho/6816-Cleary-Loop-NE-87144/home/181339991,Southwest MLS,1088253,N,Y,35.3233048,-106.6002429
MLS Listing,,Single Family Residential,2696 Camino Plata Loop NE,Rio Rancho,NM,87144,415000,4,2.0,Tierra Del Oro,1707,4835,2020,10,243,25,Active,,,https://www.redfin.com/NM/Rio-Rancho/2696-Camino-Plata-Loop-NE-87144/home/174924019,Southwest MLS,1088211,N,Y,35.2819326,-106.6812794
MLS Listing,,Single Family Residential,1939 Castle Peak Loop NE,Rio Rancho,NM,87144,679900,4,3.5,The Peaks Sub'd,3077,18730,2019,10,221,179,Active,,,https://www.redfin.com/NM/Rio-Rancho/1939-Castle-Peak-Loop-NE-87144/home/165992079,Southwest MLS,1088207,N,Y,35.3496614,-106.6969321
MLS Listing,,Single Family Residential,2532 Violeta Cir SE,Rio Rancho,NM,87124,339900,3,2.5,Rio Rancho,1619,5662,2008,10,210,17,Active,,,https://www.redfin.com/NM/Rio-Rancho/2532-Violeta-Cir-SE-87124/home/92175613,Southwest MLS,1088252,N,Y,35.219802,-106.6782884
MLS Listing,,Single Family Residential,264 Prism Ave SW,Rio Rancho,NM,87124,363490,4,2.0,Rainbow Canyon,1537,4506,2025,11,236,45,Active,,,https://www.redfin.com/NM/Rio-Rancho/264-Prism-Ave-SW-87124/home/196509576,Southwest MLS,1088237,N,Y,35.252415,-106.743437
MLS Listing,,Single Family Residential,247 Prism Ave SW,Rio Rancho,NM,87124,369530,3,2.0,Rainbow Canyon,1588,5247,2025,11,233,45,Active,,,https://www.redfin.com/NM/Rio-Rancho/247-Prism-Ave-SW-87124/home/196519186,Southwest MLS,1088236,N,Y,35.2529375,-106.7428296
MLS Listing,,Single Family Residential,1113 Jacobs Dr NE,Rio Rancho,NM,87144,356000,4,2.5,Rio Rancho,2126,5566,2014,11,167,88,Active,,,https://www.redfin.com/NM/Rio-Rancho/1113-Jacobs-Dr-NE-87144/home/76624966,Southwest MLS,1088191,N,Y,35.3003282,-106.7143469
MLS Listing,,Single Family Residential,3013 Shelby Meadows Dr,Rio Rancho,NM,87144,315000,4,2.0,Rio Rancho,1519,6969,1999,11,207,57,Active,,,https://www.redfin.com/NM/Rio-Rancho/3013-Shelby-Meadows-Dr-NE-87144/home/92160785,Southwest MLS,1087070,N,Y,35.3083502,-106.7164289
MLS Listing,,Vacant Land,Unit: 2 Block: 37: Lot: 30 NW,Rio Rancho,NM,87144,4500,,,RIO RANCHO ESTATES,,43560,,11,,,Active,,,https://www.redfin.com/NM/Rio-Rancho/37-30th-St-NW-87124/home/196518255,Southwest MLS,1088225,N,Y,35.2736325,-106.7973286
MLS Listing,,Vacant Land,Barron (u26 B44 L12) .5 Ac. Rd NE,Rio Rancho,NM,87144,1500,,,Rio Rancho Estates,,21780,,11,,,Active,,,https://www.redfin.com/NM/Rio-Rancho/Hill-Rd-NE-87144/home/145874413,Southwest MLS,1088223,N,Y,35.324663,-106.591759
MLS Listing,,Single Family Residential,710 Alejadrita Rd SE,Rio Rancho,NM,87124,565000,3,2.0,Los Diamantes,2495,6600,2025,12,226,55,Active,,,https://www.redfin.com/NM/Rio-Rancho/710-Alejadrita-Rd-SE-87124/home/194980447,Southwest MLS,1079764,N,Y,35.2236058,-106.7214258
MLS Listing,,Single Family Residential,1420 Gros Ventre Dr NE,Rio Rancho,NM,87144,899900,4,3.5,Rio Rancho,3503,50965,1995,12,257,,Active,August-1-2025 07:00 PM,August-1-2025 09:00 PM,https://www.redfin.com/NM/Rio-Rancho/1420-Gros-Ventre-Dr-NE-87144/home/62699260,Southwest MLS,1088188,N,Y,35.2813199,-106.6261876
MLS Listing,,Single Family Residential,3202 Tazanita SE,Rio Rancho,NM,87124,465000,4,2.5,Rio Rancho,1936,4617,2022,13,240,55,Active,,,https://www.redfin.com/NM/Rio-Rancho/3202-Tazanita-Loop-SE-87124/home/192535113,Southwest MLS,1088168,N,Y,35.2203649,-106.7184709
MLS Listing,,Vacant Land,2500 Lacuma Rd,Rio Rancho,NM,87144,200000,,,Rio Rancho Estates,,149846,,13,,,Active,,,https://www.redfin.com/NM/Rio-Rancho/2500-Hill-Rd-NE-87144/home/174112932,Southwest MLS,1088164,N,Y,35.301933,-106.612761
MLS Listing,,Single Family Residential,1941 Platina Rd SE,Rio Rancho,NM,87124,442500,5,3.0,Rio Rancho,3081,5662,2008,13,144,13,Active,,,https://www.redfin.com/NM/Rio-Rancho/1941-Platina-Rd-SE-87124/home/92166077,Southwest MLS,1088155,N,Y,35.2256081,-106.6929095
MLS Listing,,Vacant Land,5817 Ridgeline Pl NE,Rio Rancho,NM,87144,67500,,,Rdigeline Estates,,37897,,13,,112,Active,,,https://www.redfin.com/NM/Rio-Rancho/5817-Ridgeline-Pl-87144/home/190903521,Southwest MLS,1088153,N,Y,35.3571081,-106.6975078
MLS Listing,,Single Family Residential,816 Stagecoach Rd SE,Rio Rancho,NM,87124,350000,3,2.0,Rio Rancho,1528,10018,1984,13,229,,Active,August-2-2025 10:00 AM,August-2-2025 01:00 PM,https://www.redfin.com/NM/Rio-Rancho/816-Stagecoach-Rd-SE-87124/home/76611509,Southwest MLS,1088141,N,Y,35.2446605,-106.6883074
MLS Listing,,Single Family Residential,3304 Fennel Rd NE,Rio Rancho,NM,87144,610000,3,2.5,Rio Rancho,2120,21780,2022,13,288,,Active,,,https://www.redfin.com/NM/Rio-Rancho/3304-Fennel-Rd-NE-87144/home/165966337,Southwest MLS,1088054,N,Y,35.342171,-106.607625
MLS Listing,,Single Family Residential,2200 Las Brisas Cir SE,Rio Rancho,NM,87124,530000,5,3.0,Cabezon,3558,6969,2008,14,149,34,Active,August-2-2025 11:00 AM,August-2-2025 01:00 PM,https://www.redfin.com/NM/Rio-Rancho/2200-Las-Brisas-Cir-SE-87124/home/92176528,Southwest MLS,1088134,N,Y,35.224163,-106.684378
MLS Listing,,Single Family Residential,811 Mesa Roja Trl NE,Rio Rancho,NM,87124,639900,6,4.5,Rio Rancho,3977,8276,2016,14,161,133,Active,August-2-2025 01:00 PM,August-2-2025 03:00 PM,https://www.redfin.com/NM/Rio-Rancho/811-Mesa-Roja-Trl-NE-87124/home/104090537,Southwest MLS,1088126,N,Y,35.2692049,-106.6594506
MLS Listing,,Single Family Residential,1510 Alamo Dr SE,Rio Rancho,NM,87124,569900,3,2.5,Arbolera Del Este,2304,8712,2014,14,247,20,Active,,,https://www.redfin.com/NM/Rio-Rancho/1510-Alamo-Dr-SE-87124/home/63655111,Southwest MLS,1087741,N,Y,35.2328442,-106.6803106
MLS Listing,,Vacant Land,717 Gregg (u13 B135 L1a) 1 Ac. Rd NE,Rio Rancho,NM,87124,145000,,,Rio Rancho Estates,,43560,,14,,,Active,,,https://www.redfin.com/NM/Rio-Rancho/717-Hill-Rd-NE-87144/home/196500720,Southwest MLS,1088103,N,Y,35.27032,-106.690361
MLS Listing,,Single Family Residential,7257 Aldan Dr NE,Rio Rancho,NM,87144,559000,4,3.0,Rio Rancho,2255,8276,2021,14,248,38,Active,,,https://www.redfin.com/NM/Rio-Rancho/7257-Aldan-Dr-NE-87144/home/165936435,Southwest MLS,1088089,N,Y,35.3245175,-106.5862295
MLS Listing,,Single Family Residential,3545 Newcastle Dr SE,Rio Rancho,NM,87124,675000,4,3.0,Stonehenge At High Resort,3533,9147,1997,15,191,28,Active,August-2-2025 12:00 PM,August-2-2025 02:00 PM,https://www.redfin.com/NM/Rio-Rancho/3545-Newcastle-Dr-SE-87124/home/76627277,Southwest MLS,1087416,N,Y,35.2539389,-106.6643093
MLS Listing,,Vacant Land,22nd St SW,Rio Rancho,NM,87144,9250,,,RIO RANCHO ESTATES,,21780,,15,,,Active,,,https://www.redfin.com/NM/Rio-Rancho/22nd-St-SW-87124/home/175002542,Southwest MLS,1088058,N,Y,35.258873,-106.781199
MLS Listing,,Vacant Land,4403 Yakima Rd NE,Rio Rancho,NM,87144,4500,,,RIO RANCHO ESTATES,,21780,,15,,,Active,,,https://www.redfin.com/NM/Rio-Rancho/4403-Yakima-Rd-NE-87144/home/196482197,Southwest MLS,1088056,N,Y,35.3433533,-106.6485874
MLS Listing,,Single Family Residential,1905 Roanoke Dr NE,Rio Rancho,NM,87144,314900,3,2.0,Rio Rancho,1207,7840,1990,15,261,,Active,,,https://www.redfin.com/NM/Rio-Rancho/1905-Roanoke-Dr-NE-87144/home/76633515,Southwest MLS,1088051,N,Y,35.2914807,-106.5982444
MLS Listing,,Vacant Land,49th (u23 B63 L30) .5 Ac. Ave NW,Rio Rancho,NM,87144,1900,,,RIO RANCHO ESTATES,,21780,,15,,,Active,,,https://www.redfin.com/NM/Rio-Rancho/49th-u23-B63-L30-AVE-NW-Unknown/home/189407300,Southwest MLS,1088039,N,Y,35.339907,-106.773006
MLS Listing,,Vacant Land,"Solar (u22, B68, L18) .74 Ac. Dr NE",Rio Rancho,NM,87144,3400,,,Subd: Rio Rancho Estates,,32234,,15,,,Active,,,https://www.redfin.com/NM/Rio-Rancho/Solar-u22-B68-L18-DR-NE-Unknown/home/189464536,Southwest MLS,1088035,N,Y,35.342394,-106.71192
MLS Listing,,Single Family Residential,1660 Maggie Court Rd NE,Rio Rancho,NM,87144,409990,4,2.0,Vista Grande,1791,6904,2025,15,229,58,Active,,,https://www.redfin.com/NM/Rio-Rancho/1660-Over-Ct-NE-87144/home/196371261,Southwest MLS,1088021,N,Y,35.275848,-106.705019
MLS Listing,,Single Family Residential,6609 Kalgan Rd,Rio Rancho,NM,87144,1200000,4,3.0,Rio Rancho,3033,21780,2021,15,396,,Active,,,https://www.redfin.com/NM/Rio-Rancho/6609-Kalgan-Rd-NE-87144/home/166001616,Southwest MLS,1087986,N,Y,35.3082545,-106.6009537
MLS Listing,,Single Family Residential,6822 Sydney Dr NE,Rio Rancho,NM,87144,550000,4,2.0,Lomas Encantadas,2189,6752,2023,15,251,38,Active,August-2-2025 11:00 AM,August-2-2025 04:00 PM,https://www.redfin.com/NM/Rio-Rancho/6822-Sydney-Dr-NE-87144/home/196476596,Southwest MLS,1087984,N,Y,35.3293009,-106.5972685
MLS Listing,,Single Family Residential,2012 Contreras Rd NE,Rio Rancho,NM,87144,990000,4,3.5,Rio Rancho,3248,21780,2025,15,305,,Active,,,https://www.redfin.com/NM/Rio-Rancho/2012-Contreras-Rd-NE-87144/home/196410488,Southwest MLS,1087857,N,Y,35.2918556,-106.6095388
MLS Listing,,Single Family Residential,4316 Skyline Loop NE,Rio Rancho,NM,87144,439900,4,3.0,Rio Rancho,2341,5096,2021,15,188,38,Active,,,https://www.redfin.com/NM/Rio-Rancho/4316-Skyline-Loop-NE-87144/home/174382669,Southwest MLS,1087831,N,Y,35.3101604,-106.651297
MLS Listing,,Single Family Residential,978 Prairie Zinnia Dr,Bernalillo,NM,87004,529000,3,2.5,Bernalillo,2461,5662,2009,16,215,190,Active,,,https://www.redfin.com/NM/Bernalillo/978-Prairie-Zinnia-Dr-87004/home/92174699,Southwest MLS,1087974,N,Y,35.307831,-106.5721954
MLS Listing,,Single Family Residential,2530 Seaforth Cir NE,Rio Rancho,NM,87144,538616,4,3.0,Scottish Isle,2700,5500,2025,16,199,125,Active,,,https://www.redfin.com/NM/Rio-Rancho/2530-Seaforth-Cir-87144/home/196136244,Southwest MLS,1087958,N,Y,35.285209,-106.6848227
MLS Listing,,Single Family Residential,2553 Seaforth Cir NE,Rio Rancho,NM,87144,556940,5,3.5,Scottish Isle,3040,5315,2025,16,183,125,Active,,,https://www.redfin.com/NM/Rio-Rancho/2553-Seaforth-Cir-87144/home/196136253,Southwest MLS,1087957,N,Y,35.2856393,-106.6838666
MLS Listing,,Single Family Residential,1959 Castle Peak Loop NE,Rio Rancho,NM,87144,475000,4,2.0,THE PEAKS,1990,14810,2020,16,239,179,Active,,,https://www.redfin.com/NM/Rio-Rancho/1959-Castle-Peak-Loop-NE-87144/home/166055998,Southwest MLS,1087956,N,Y,35.3508192,-106.696674
MLS Listing,,Single Family Residential,2549 Seaforth Cir NE,Rio Rancho,NM,87144,519995,4,3.0,Scottish Isle,2700,5429,2025,16,193,125,Active,,,https://www.redfin.com/NM/Rio-Rancho/2549-Seaforth-Cir-87144/home/196136247,Southwest MLS,1087955,N,Y,35.2856366,-106.6840342
MLS Listing,,Single Family Residential,2545 Seaforth Cir NE,Rio Rancho,NM,87144,434995,4,3.0,Scottish Isle,2080,5485,2025,16,209,125,Active,,,https://www.redfin.com/NM/Rio-Rancho/2545-Seaforth-Cir-87144/home/196136237,Southwest MLS,1087953,N,Y,35.2856351,-106.6842015
MLS Listing,,Single Family Residential,2541 Seaforth Cir NE,Rio Rancho,NM,87144,562440,5,3.5,Scottish Isle,3040,5462,2025,16,185,125,Active,,,https://www.redfin.com/NM/Rio-Rancho/2541-Seaforth-Cir-87144/home/196136248,Southwest MLS,1087952,N,Y,35.2856358,-106.6843689
MLS Listing,,Single Family Residential,2537 Seaforth Cir NE,Rio Rancho,NM,87144,533492,4,3.0,Scottish Isle,2700,5362,2025,16,198,125,Active,,,https://www.redfin.com/NM/Rio-Rancho/2537-Seaforth-Cir-87144/home/196450392,Southwest MLS,1087948,N,Y,35.2856386,-106.6845362
MLS Listing,,Single Family Residential,571 Hermit Falls Dr SE,Rio Rancho,NM,87124,319000,3,2.0,Rio Rancho,1924,5227,1994,16,166,21,Active,,,https://www.redfin.com/NM/Rio-Rancho/571-Hermit-Falls-Dr-SE-87124/home/62698933,Southwest MLS,1087945,N,Y,35.2514646,-106.6766812
MLS Listing,,Single Family Residential,2409 Lynn Rd SE,Rio Rancho,NM,87124,539000,5,3.5,Rio Rancho,3123,5575,2022,16,173,,Active,,,https://www.redfin.com/NM/Rio-Rancho/2409-Lynn-Rd-SE-87124/home/174923762,Southwest MLS,1087928,N,Y,35.2191108,-106.7025615
MLS Listing,,Single Family Residential,5721 Rio Animas Rd NE,Rio Rancho,NM,87144,759977,3,2.5,Rio Rancho,3002,22215,2020,16,253,,Active,,,https://www.redfin.com/NM/Rio-Rancho/5721-Rio-Animas-Rd-NE-87144/home/165889215,Southwest MLS,1087926,N,Y,35.2696349,-106.6186794
MLS Listing,,Single Family Residential,3073 Oculus Loop NE,Rio Rancho,NM,87144,669000,4,3.5,Rio Rancho,2289,21780,2025,16,292,,Active,,,https://www.redfin.com/NM/Rio-Rancho/3073-Oculus-Loop-NE-87144/home/195436678,Southwest MLS,1087925,N,Y,35.2999605,-106.6265554
MLS Listing,,Single Family Residential,607 Sandia Vista Ct SE,Rio Rancho,NM,87124,329900,3,2.0,Rio Rancho,1461,13939,1978,16,226,,Active,,,https://www.redfin.com/NM/Rio-Rancho/607-Sandia-Vista-Ct-SE-87124/home/76637417,Southwest MLS,1087924,N,Y,35.2505287,-106.7086701
MLS Listing,,Single Family Residential,4337 Skyline Loop NE,Rio Rancho,NM,87144,414900,4,2.5,Rio Rancho,1862,4965,2021,16,223,38,Active,,,https://www.redfin.com/NM/Rio-Rancho/4337-Skyline-Loop-NE-87144/home/174980165,Southwest MLS,1087559,N,Y,35.3097135,-106.6508444
MLS Listing,,Single Family Residential,1324 Desert Paintbrush Loop,Rio Rancho,NM,87144,400000,4,2.5,Rio Rancho,2431,8712,2012,17,165,56,Active,,,https://www.redfin.com/NM/Rio-Rancho/1324-Desert-Paintbrush-Loop-NE-87144/home/92176699,Southwest MLS,1087910,N,Y,35.3255302,-106.7118773
MLS Listing,,Single Family Residential,5925 Sandoval Dr NE,Rio Rancho,NM,87144,405000,4,2.5,Rio Rancho,2183,6098,2018,17,186,35,Active,August-2-2025 12:00 PM,August-2-2025 02:00 PM,https://www.redfin.com/NM/Rio-Rancho/5925-Sandoval-Dr-NE-87144/home/146082857,Southwest MLS,1087905,N,Y,35.3576388,-106.6182415
MLS Listing,,Vacant Land,4401 16th Ave NE,Rio Rancho,NM,87144,85000,,,Rio Rancho Estates,,74052,,17,,,Active,,,https://www.redfin.com/NM/Rio-Rancho/4401-16th-Ave-NE-87144/home/148602165,Southwest MLS,1087803,N,Y,35.2858885,-106.647429
MLS Listing,,Single Family Residential,3220 Greystone Ct SE,Rio Rancho,NM,87124,559900,4,3.5,Rio Rancho,3663,12632,2007,17,153,200,Active,,,https://www.redfin.com/NM/Rio-Rancho/3220-Greystone-Ct-SE-87124/home/76618907,Southwest MLS,1087901,N,Y,35.2526051,-106.6735681
MLS Listing,,Condo/Co-op,831 Country Club Dr SE Unit 2F,Rio Rancho,NM,87124,189000,2,2.0,Rio Rancho,1156,,1987,17,163,205,Active,,,https://www.redfin.com/NM/Rio-Rancho/831-Country-Club-Dr-SE-87124/unit-2F/home/76631464,Southwest MLS,1087879,N,Y,35.2450898,-106.675331
MLS Listing,,Single Family Residential,816 4th St NE,Rio Rancho,NM,87124,440000,3,2.0,Rio Rancho,2007,21780,2007,17,219,,Active,August-3-2025 01:00 PM,August-3-2025 03:00 PM,https://www.redfin.com/NM/Rio-Rancho/816-4th-St-NE-87124/home/196423495,Southwest MLS,1087878,N,Y,35.2723878,-106.7286754
MLS Listing,,Townhouse,3400 Esplanade Pl SE,Rio Rancho,NM,87124,325000,3,2.0,Rio Rancho,1588,3484,2005,17,205,120,Active,August-3-2025 01:00 PM,August-3-2025 04:00 PM,https://www.redfin.com/NM/Rio-Rancho/3400-Esplanade-Pl-SE-87124/home/62703830,Southwest MLS,1087309,N,Y,35.2447845,-106.6691825
MLS Listing,,Single Family Residential,421 Northern Blvd NE,Rio Rancho,NM,87124,396905,4,2.5,Rio Rancho,1994,14810,2025,17,199,,Active,,,https://www.redfin.com/NM/Rio-Rancho/421-Northern-Blvd-NE-87124/home/195810642,Southwest MLS,1083920,N,Y,35.2749295,-106.7278104
MLS Listing,,Vacant Land,106 31st St SW,Rio Rancho,NM,87124,60000,,,N/A,,130680,,17,,,Active,,,https://www.redfin.com/NM/Rio-Rancho/106-31st-St-SW-87124/home/184820951,Southwest MLS,1087867,N,Y,35.2560619,-106.7986123
MLS Listing,,Single Family Residential,4122 Stelzer Dr NE,Rio Rancho,NM,87144,540000,4,2.5,Lomas Encantadas,2374,7623,2021,17,227,37,Active,,,https://www.redfin.com/NM/Rio-Rancho/4122-Stelzer-Dr-NE-87144/home/165939490,Southwest MLS,1087856,N,Y,35.3240712,-106.597217
MLS Listing,,Vacant Land,1006-1010 Northern Blvd NE,Rio Rancho,NM,87144,80000,,,RIO RANCHO ESTATES,,44431,,18,,,Active,,,https://www.redfin.com/NM/Rio-Rancho/1006-Northern-Blvd-NE-87124/home/196410144,Southwest MLS,1087862,N,Y,35.2738503,-106.7161714
MLS Listing,,Vacant Land,2301 Desert Marigold Rd NE,Rio Rancho,NM,87144,60000,,,DESERT HIGHLANDS,,28706,,18,,,Active,,,https://www.redfin.com/NM/Rio-Rancho/2301-Desert-Marigold-Rd-87144/home/62715780,Southwest MLS,1087859,N,Y,35.3556596,-106.689941
MLS Listing,,Single Family Residential,900 Charles Dr NE,Rio Rancho,NM,87144,235000,2,1.0,Rio Rancho,848,6534,1990,18,277,25,Active,,,https://www.redfin.com/NM/Rio-Rancho/900-Charles-Dr-NE-87144/home/76618239,Southwest MLS,1087837,N,Y,35.2848626,-106.7155784
MLS Listing,,Single Family Residential,19 Lisbon Ave SE,Rio Rancho,NM,87124,349900,4,2.0,Rio Rancho,1842,23958,1979,18,190,,Active,August-2-2025 10:00 AM,August-2-2025 01:00 PM,https://www.redfin.com/NM/Rio-Rancho/19-Lisbon-Ave-SE-87124/home/76633290,Southwest MLS,1087832,N,Y,35.2615951,-106.7054594
MLS Listing,,Single Family Residential,3112 Alicia Ln NE,Rio Rancho,NM,87144,459995,3,2.0,Broadmoor Heights,1810,6000,2025,18,254,62,Active,,,https://www.redfin.com/NM/Rio-Rancho/3112-Alicia-LN-NE-87144/home/196129894,Southwest MLS,1087824,N,Y,35.29240417480469,-106.67085266113281
MLS Listing,,Single Family Residential,3128 Alicia Ln NE,Rio Rancho,NM,87144,454995,3,2.0,Broadmoor Heights,1810,6000,2025,18,251,62,Active,,,https://www.redfin.com/NM/Rio-Rancho/3128-Alicia-LN-NE-87144/home/196129860,Southwest MLS,1087821,N,Y,35.29240036010742,-106.67018127441406
MLS Listing,,Single Family Residential,6264 Azaleas Rd NW,Albuquerque,NM,87114,337500,3,2.0,SALTILLO,1302,5227,2010,18,259,25,Active,,,https://www.redfin.com/NM/Albuquerque/6264-Azaleas-Rd-NW-87114/home/92140346,Southwest MLS,1086694,N,Y,35.2172239,-106.7162195
MLS Listing,,Single Family Residential,1644 Maggie Ct NE,Rio Rancho,NM,87144,493290,3,3.0,Vista Grande,2452,13068,2025,19,201,58,Active,,,https://www.redfin.com/NM/Rio-Rancho/1644-Maggie-Ct-NE-87144/home/195307593,Southwest MLS,1087815,N,Y,35.2760758,-106.7055891
MLS Listing,,Single Family Residential,3117 Cascades Trl SE,Rio Rancho,NM,87124,625000,6,3.5,Cascades at High Resort,3216,10018,1996,19,194,,Active,,,https://www.redfin.com/NM/Rio-Rancho/3117-Cascades-Trl-SE-87124/home/90355742,Southwest MLS,1087801,N,Y,35.2592314,-106.6735975
MLS Listing,,Single Family Residential,4024 Arapahoe Ave NW,Albuquerque,NM,87114,370000,3,2.5,Emily Meek,1829,4791,2002,20,202,25,Active,,,https://www.redfin.com/NM/Albuquerque/4024-Arapahoe-Ave-NW-87114/home/92151300,Southwest MLS,1087781,N,Y,35.2170376,-106.666627
MLS Listing,,Single Family Residential,6903 Wrangell Loop NE,Rio Rancho,NM,87144,435000,3,2.5,Rio Rancho,2467,7405,2008,20,176,35,Active,,,https://www.redfin.com/NM/Rio-Rancho/6903-Wrangell-Loop-NE-87144/home/92176385,Southwest MLS,1087775,N,Y,35.3192408,-106.5905276
MLS Listing,,Vacant Land,2nd Ave NW,Rio Rancho,NM,87144,24000,,,RIO RANCHO ESTATES,,43560,,20,,,Active,,,https://www.redfin.com/NM/Rio-Rancho/2nd-Ave-NW-87124/home/169056091,Southwest MLS,1087772,N,Y,35.261703,-106.769542
MLS Listing,,Vacant Land,2197 Sonora Rd NE,Rio Rancho,NM,87144,54900,,,Rio Rancho Estates,,21780,,20,,,Active,,,https://www.redfin.com/NM/Rio-Rancho/2197-Sonora-Rd-NE-87144/home/62715900,Southwest MLS,1087754,N,Y,35.2950039,-106.6013942
MLS Listing,,Single Family Residential,180 High Ridge Trl SE,Rio Rancho,NM,87124,360000,3,2.0,Rio Rancho,1584,11761,1988,20,227,,Active,,,https://www.redfin.com/NM/Rio-Rancho/180-High-Ridge-Trl-SE-87124/home/76618987,Southwest MLS,1087537,N,Y,35.256544,-106.6773699
MLS Listing,,Single Family Residential,5485 Roosevelt Loop NE,Rio Rancho,NM,87144,420000,4,2.0,Rio Rancho,2941,9148,2006,20,143,,Active,August-5-2025 03:00 PM,August-5-2025 05:00 PM,https://www.redfin.com/NM/Rio-Rancho/5485-Roosevelt-Loop-NE-87144/home/92164974,Southwest MLS,1086981,N,Y,35.3504658,-106.6174193
MLS Listing,,Single Family Residential,6383 Gannett Dr NE,Rio Rancho,NM,87144,330000,3,2.0,Rio Rancho,1344,3833,2024,20,246,30,Active,,,https://www.redfin.com/NM/Rio-Rancho/6383-Gannett-Dr-NE-87144/home/190724676,Southwest MLS,1087693,N,Y,35.3642104,-106.6337973
MLS Listing,,Single Family Residential,5624 Laredo,Rio Rancho,NM,87144,1199000,4,3.5,Rio Rancho,3754,24394,2025,21,319,,Active,,,https://www.redfin.com/NM/Rio-Rancho/5624-Laredo-Rd-NE-87144/home/196372177,Southwest MLS,1087744,N,Y,35.2741408,-106.6211721
MLS Listing,,Single Family Residential,613 Wagon Train Drive Se Dr SE,Rio Rancho,NM,87124,385000,4,2.0,Rio Rancho,2093,10890,1983,21,184,,Active,,,https://www.redfin.com/NM/Rio-Rancho/613-Wagon-Train-Dr-SE-87124/home/76629389,Southwest MLS,1087736,N,Y,35.2484467,-106.6963289
MLS Listing,,Single Family Residential,1648 Maggie Court Rd NE,Rio Rancho,NM,87144,504990,5,3.5,Vista Grande,2635,9605,2025,21,192,58,Active,,,https://www.redfin.com/NM/Rio-Rancho/1648-Over-Ct-NE-87144/home/196371013,Southwest MLS,1087718,N,Y,35.275791,-106.705482
MLS Listing,,Single Family Residential,1664 Maggie Court Rd NE,Rio Rancho,NM,87144,389990,4,2.0,Rio Rancho,1537,7492,2025,21,254,58,Active,,,https://www.redfin.com/NM/Rio-Rancho/1664-Over-Ct-NE-87144/home/196370858,Southwest MLS,1087715,N,Y,35.275848,-106.70502
MLS Listing,,Single Family Residential,3169 Wolf Tail Loop NE,Rio Rancho,NM,87144,502087,3,3.0,Seasons at Monarch- jMariposa,1810,7753,2025,21,277,122,Active,,,https://www.redfin.com/NM/Rio-Rancho/3169-Wolf-Tail-Loop-NE-87144/home/196263528,Southwest MLS,1087708,N,Y,35.3618405,-106.6798321
MLS Listing,,Single Family Residential,3177 Wolf Tail Loop NE,Rio Rancho,NM,87144,532223,3,3.0,Seasons at Monarch- Mariposa,2100,6600,2025,21,253,122,Active,,,https://www.redfin.com/NM/Rio-Rancho/3177-Wolf-Tail-Loop-NE-87144/home/196263530,Southwest MLS,1087706,N,Y,35.3620203,-106.6798363
MLS Listing,,Single Family Residential,324 2nd St NE,Rio Rancho,NM,87124,625000,4,2.5,Rio Rancho,2412,21780,2024,21,259,,Active,,,https://www.redfin.com/NM/Rio-Rancho/324-2nd-St-NE-87124/home/165945892,Southwest MLS,1087705,N,Y,35.264741,-106.732423
MLS Listing,,Single Family Residential,3356 Wolf Tail Loop NE,Rio Rancho,NM,87144,573875,3,2.0,Seasons at Monarch- Mariposa,1950,6600,2025,21,294,122,Active,,,https://www.redfin.com/NM/Rio-Rancho/3356-Wolf-Tail-Loop-NE-87144/home/196263520,Southwest MLS,1087695,N,Y,35.3648808,-106.6723471
MLS Listing,,Single Family Residential,2625 Globe Ct NE,Rio Rancho,NM,87124,549000,4,2.0,Rio Rancho,2138,21780,2006,21,257,,Active,,,https://www.redfin.com/NM/Rio-Rancho/2625-Globe-Ct-NE-87124/home/92168016,Southwest MLS,1087691,N,Y,35.2659064,-106.6838964
MLS Listing,,Single Family Residential,5436 Blazing Star Dr NE,Rio Rancho,NM,87144,419995,3,2.0,Seasons at Monarch- Mariposa,1590,5298,2025,21,264,122,Active,,,https://www.redfin.com/NM/Rio-Rancho/5436-Blazing-Star-St-NE-87144/home/196263521,Southwest MLS,1087690,N,Y,35.3630059,-106.6772465
MLS Listing,,Single Family Residential,155 Tarpon Ave SE,Rio Rancho,NM,87124,359900,3,2.0,Rio Rancho,1894,24829,1979,21,190,,Active,,,https://www.redfin.com/NM/Rio-Rancho/155-Tarpon-Ave-SE-87124/home/92171657,Southwest MLS,1085982,N,Y,35.2567118,-106.7094153
MLS Listing,,Single Family Residential,3121 Wolf  Tail Loop NE,Rio Rancho,NM,87144,536995,4,3.5,Seasons at Monarch- Mariposa,2500,6591,2025,21,215,122,Active,,,https://www.redfin.com/NM/Rio-Rancho/3121-Wolf-Tail-Loop-NE-87144/home/196263532,Southwest MLS,1087686,N,Y,35.3611532,-106.6778339
MLS Listing,,Vacant Land,"Dunster (u13,b7,l2) 1 Ac. St NE",Rio Rancho,NM,87144,20000,,,Rio Rancho Estates,,43560,,21,,,Active,,,https://www.redfin.com/NM/Rio-Rancho/Dunster-u13-b7-l2-ST-NE-Unknown/home/190469381,Southwest MLS,1087684,N,Y,35.29967,-106.688271
MLS Listing,,Single Family Residential,3137 Wolf Tail Loop NE,Rio Rancho,NM,87144,499720,3,3.0,Seasons at Monarch- Mariposa,1810,6647,2025,21,276,122,Active,,,https://www.redfin.com/NM/Rio-Rancho/3137-Wolf-Tail-Loop-NE-87144/home/196263519,Southwest MLS,1087679,N,Y,35.3608808,-106.678876
MLS Listing,,Single Family Residential,405 9th Ave NE,Rio Rancho,NM,87124,610000,4,2.5,Rio Rancho,2539,19994,2025,21,240,,Active,,,https://www.redfin.com/NM/Rio-Rancho/405-9th-Ave-NE-87124/home/196188883,Southwest MLS,1086697,N,Y,35.2733334,-106.7286586
MLS Listing,,Single Family Residential,3149 Wolf Tail Loop NE,Rio Rancho,NM,87144,524837,3,3.0,Seasons at Monarch- Mariposa,2100,6518,2025,21,250,122,Active,,,https://www.redfin.com/NM/Rio-Rancho/3149-Wolf-Tail-Loop-NE-87144/home/196263518,Southwest MLS,1087676,N,Y,35.3610369,-106.6791993
MLS Listing,,Single Family Residential,6925 Cleary Loop NE,Rio Rancho,NM,87144,418000,3,2.0,Rio Rancho,1920,6795,2019,21,218,38,Active,,,https://www.redfin.com/NM/Rio-Rancho/6925-Cleary-Loop-NE-87144/home/167135252,Southwest MLS,1087675,N,Y,35.3260721,-106.5974648
MLS Listing,,Vacant Land,121 & 201 6th St NE,Rio Rancho,NM,87124,30000,,,RIo Rancho Estates,,43560,,21,,,Active,,,https://www.redfin.com/NM/Rio-Rancho/121-6th-St-NE-87124/home/196356305,Southwest MLS,1087668,N,Y,35.2625635,-106.7253308
MLS Listing,,Single Family Residential,3536 Clear Creek Pl,Rio Rancho,NM,87144,400000,4,2.5,Rio Rancho,2452,4356,2007,21,163,55,Active,August-9-2025 10:00 AM,August-9-2025 02:00 PM,https://www.redfin.com/NM/Rio-Rancho/3536-Clear-Creek-Pl-NE-87144/home/92174104,Southwest MLS,1087664,N,Y,35.3171746,-106.7149639
MLS Listing,,Single Family Residential,404 Pecos Loop SE,Rio Rancho,NM,87124,335000,4,3.0,Rio Rancho,1602,10018,1985,21,209,,Active,,,https://www.redfin.com/NM/Rio-Rancho/404-Pecos-Loop-SE-87124/home/76632210,Southwest MLS,1087661,N,Y,35.2452811,-106.7283907
MLS Listing,,Single Family Residential,3101 Rachel Ct NE,Rio Rancho,NM,87144,850000,4,3.0,Rio Rancho,3523,21780,2008,21,241,,Active,,,https://www.redfin.com/NM/Rio-Rancho/3101-Rachel-Ct-NE-87144/home/67988147,Southwest MLS,1087659,N,Y,35.309793,-106.60012
MLS Listing,,Single Family Residential,4004 Arapahoe Ave NW,Albuquerque,NM,87114,535000,5,3.5,Albuquerque,2985,,2002,21,179,18,Active,,,https://www.redfin.com/NM/Albuquerque/4004-Arapahoe-Ave-NW-87114/home/92151305,Southwest MLS,1087492,N,Y,35.2170224,-106.6658126
MLS Listing,,Single Family Residential,1978 Castle Peak Loop NE,Rio Rancho,NM,87144,530000,4,3.0,Mariposa,2421,10018,2017,21,219,179,Active,,,https://www.redfin.com/NM/Rio-Rancho/1978-Castle-Peak-Loop-NE-87144/home/166017738,Southwest MLS,1087604,N,Y,35.3510847,-106.6957405
MLS Listing,,Single Family Residential,4725 Huron Dr,Rio Rancho,NM,87144,1195000,4,3.5,Rio Rancho,4135,126324,2000,21,289,,Active,,,https://www.redfin.com/NM/Rio-Rancho/4725-Huron-Dr-NE-87144/home/92168700,Southwest MLS,1087642,N,Y,35.2781547,-106.6348581
MLS Listing,,Single Family Residential,804 La Casa De Prasa Dr SE,Rio Rancho,NM,87124,359000,2,2.0,Rio Rancho,1496,10890,1973,21,240,,Active,,,https://www.redfin.com/NM/Rio-Rancho/804-La-Casa-de-Prasa-Dr-SE-87124/home/79043933,Southwest MLS,1087610,N,Y,35.2438488,-106.6418639
MLS Listing,,Single Family Residential,6129 Cielo Grande Dr NE,Rio Rancho,NM,87144,455000,3,2.5,Rio Rancho,2492,9583,2004,21,183,,Active,,,https://www.redfin.com/NM/Rio-Rancho/6129-Cielo-Grande-Dr-NE-87144/home/92170088,Southwest MLS,1087104,N,Y,35.3465744,-106.6128041
MLS Listing,,Single Family Residential,2952 Kings Canyon Loop NE,Rio Rancho,NM,87144,479900,4,2.0,Rio Rancho,2104,6534,2019,21,228,175,Active,,,https://www.redfin.com/NM/Rio-Rancho/2952-Kings-Canyon-Loop-NE-87144/home/169549486,Southwest MLS,1087504,N,Y,35.3631966,-106.6814064
MLS Listing,,Single Family Residential,701 Autumn Meadows Dr,Rio Rancho,NM,87144,330000,3,2.5,Rio Rancho,2067,7405,2004,22,160,57,Active,,,https://www.redfin.com/NM/Rio-Rancho/701-Autumn-Meadows-Dr-NE-87144/home/92161684,Southwest MLS,1087635,N,Y,35.3158513,-106.7229266
MLS Listing,,Single Family Residential,4529 Skyline Loop NE,Rio Rancho,NM,87144,450000,4,3.5,Cleveland Heights,2420,7187,2021,22,186,38,Active,,,https://www.redfin.com/NM/Rio-Rancho/4529-Skyline-Loop-NE-87144/home/174923461,Southwest MLS,1087628,N,Y,35.3132432,-106.6497585
MLS Listing,,Single Family Residential,2308 Desert View Rd NE,Rio Rancho,NM,87144,703500,4,2.5,Rio Rancho,2963,33977,2008,22,237,129,Active,,,https://www.redfin.com/NM/Rio-Rancho/2308-Desert-View-Rd-NE-87144/home/92173272,Southwest MLS,1087592,N,Y,35.3575039,-106.6907649
MLS Listing,,Vacant Land,"2nd (u7,b68,l5) 1.17 Ac. St NW",Rio Rancho,NM,87144,4500,,,Rio Rancho Estates,,50965,,22,,,Active,,,https://www.redfin.com/NM/Rio-Rancho/2nd-u7-b68-l5-ST-NW-87144/home/190376599,Southwest MLS,1087615,N,Y,35.289517,-106.741409
MLS Listing,,Vacant Land,25th (u6 B62 L12&13) 2 Ac St NW,Rio Rancho,NM,87124,9000,,,RIO RANCHO ESTATES,,87120,,22,,,Active,,,https://www.redfin.com/NM/Rio-Rancho/25th-u6-B62-L12-13-ST-NW-Unknown/home/190686252,Southwest MLS,1087612,N,Y,35.284853,-106.786127
MLS Listing,,Single Family Residential,2504 Campeche Rd NE,Rio Rancho,NM,87144,529000,3,3.0,Rio Rancho,2401,21780,2004,22,220,,Active,August-2-2025 02:00 PM,August-2-2025 04:00 PM,https://www.redfin.com/NM/Rio-Rancho/2504-Campeche-Rd-NE-87144/home/92166657,Southwest MLS,1087445,N,Y,35.2998891,-106.5974245
MLS Listing,,Single Family Residential,1332 Elkslip Dr NE,Rio Rancho,NM,87144,319900,4,2.0,Rio Rancho,1505,5662,1993,22,213,40,Active,August-2-2025 11:00 AM,August-2-2025 01:00 PM,https://www.redfin.com/NM/Rio-Rancho/1332-Elkslip-Dr-NE-87144/home/76620731,Southwest MLS,1086330,N,Y,35.2888807,-106.7107716
MLS Listing,,Single Family Residential,2048 N Ensenada Cir SE,Rio Rancho,NM,87124,369000,3,2.0,Yucatan at Cabezon,2010,6534,2006,22,184,,Active,,,https://www.redfin.com/NM/Rio-Rancho/2048-N-Ensenada-Cir-SE-87124/home/92174582,Southwest MLS,1087580,N,Y,35.2393627,-106.6949166
MLS Listing,,Single Family Residential,1709 22nd Ave SE,Rio Rancho,NM,87124,1084581,5,3.0,Rio Rancho,3257,21780,2024,22,333,,Active,,,https://www.redfin.com/NM/Rio-Rancho/1709-22nd-St-SW-87124/home/196331833,Southwest MLS,1087579,N,Y,35.229719,-106.781002
MLS Listing,,Single Family Residential,2513 Istle Rd NE,Rio Rancho,NM,87124,549000,3,2.0,Rio Rancho,2153,21780,2017,22,255,,Active,,,https://www.redfin.com/NM/Rio-Rancho/2513-Istle-Rd-NE-87124/home/166004311,Southwest MLS,1087573,N,Y,35.2664765,-106.6853233
MLS Listing,,Single Family Residential,7125 Skagway Dr NE,Rio Rancho,NM,87144,360000,3,2.0,Rio Rancho,1775,5663,2010,22,203,39,Active,,,https://www.redfin.com/NM/Rio-Rancho/7125-Skagway-Dr-NE-87144/home/92175101,Southwest MLS,1087556,N,Y,35.3184046,-106.5883557
MLS Listing,,Single Family Residential,350 Western Hills Dr SE,Rio Rancho,NM,87124,350000,3,2.0,Rio Rancho,1384,10890,1985,23,253,,Active,,,https://www.redfin.com/NM/Rio-Rancho/350-Western-Hills-Dr-SE-87124/home/80169065,Southwest MLS,1087569,N,Y,35.2524273,-106.6871113
MLS Listing,,Vacant Land,6th 6th Ave SW #19,Rio Rancho,NM,87124,25000,,,Rio Rancho Estates,,43560,,23,,,Active,,,https://www.redfin.com/NM/Rio-Rancho/6th-6th-Ave-SW-87124/unit-19/home/196325708,Southwest MLS,1087567,N,Y,35.267515,-106.767356
MLS Listing,,Vacant Land,6th 6th Ave SW #9,Rio Rancho,NM,87124,25000,,,Rio Rancho Estates,,43560,,23,,,Active,,,https://www.redfin.com/NM/Rio-Rancho/6th-6th-Ave-SW-87124/unit-9/home/196325705,Southwest MLS,1087566,N,Y,35.267506,-106.767879
MLS Listing,,Single Family Residential,3125 Wolf Tail Loop NE,Rio Rancho,NM,87144,479995,3,3.0,Seasons at Monarch,1810,6593,2025,23,265,33,Active,,,https://www.redfin.com/NM/Rio-Rancho/3125-Wolf-Tail-Loop-NE-87144/home/194936326,Southwest MLS,1079451,N,Y,35.3610337,-106.6779468
MLS Listing,,Single Family Residential,3145 Wolf Tail Loop NE,Rio Rancho,NM,87144,574995,5,3.0,Rio Rancho,2630,6518,2025,23,219,122,Active,,,https://www.redfin.com/NM/Rio-Rancho/3145-Wolf-Tail-Loop-NE-87144/home/195427695,Southwest MLS,1082159,N,Y,35.3609734,-106.6790391
MLS Listing,,Single Family Residential,2412 Marble Ave NE,Rio Rancho,NM,87144,553665,4,2.5,Stone Mountain,2210,6970,2025,23,251,40,Active,,,https://www.redfin.com/NM/Rio-Rancho/2412-Marble-AVE-NE-87144/home/196002010,Southwest MLS,1087521,N,Y,35.279815673828125,-106.68860626220703
MLS Listing,,Vacant Land,Broadmoor Blvd,Rio Rancho,NM,87124,299900,,,Rio Rancho Estates,,90666,,23,,,Active,,,https://www.redfin.com/NM/Rio-Rancho/Broadmoor-Blvd-87124/home/62710853,Southwest MLS,1087514,N,Y,35.270539,-106.677658
MLS Listing,,Single Family Residential,228 18th St SW,Rio Rancho,NM,87124,149000,4,2.0,RIO RANCHO ESTATES,1191,39204,2017,23,125,,Active,,,https://www.redfin.com/NM/Rio-Rancho/228-18th-St-SW-87124/home/165881024,Southwest MLS,1086394,N,Y,35.2534372,-106.7723652
MLS Listing,,Single Family Residential,3726 Linda Vista Ave NE,Rio Rancho,NM,87124,538900,3,2.5,LOMA COLORADO,2671,9082,2008,23,202,72,Active,August-2-2025 09:00 AM,August-2-2025 12:00 PM,https://www.redfin.com/NM/Rio-Rancho/3726-Linda-Vista-Ave-NE-87124/home/67668998,Southwest MLS,1087501,N,Y,35.2613462,-106.6615749
MLS Listing,,Single Family Residential,6356 Azaleas Rd NW,Albuquerque,NM,87114,335000,3,2.0,Albuquerque,1310,6534,2012,23,256,26,Active,,,https://www.redfin.com/NM/Albuquerque/6356-Azaleas-Rd-NW-87114/home/74732192,Southwest MLS,1087498,N,Y,35.2172589,-106.7205774
MLS Listing,,Single Family Residential,2613 Camino Plata Loop NE,Rio Rancho,NM,87144,418000,4,2.0,Rio Rancho,1861,6621,2021,23,225,25,Active,,,https://www.redfin.com/NM/Rio-Rancho/2613-Camino-Plata-Loop-NE-87144/home/174924010,Southwest MLS,1087461,N,Y,35.2812097,-106.6806909
MLS Listing,,Vacant Land,21st St NW,Rio Rancho,NM,87144,8000,,,RIO RANCHO ESTATES,,21780,,24,,,Active,,,https://www.redfin.com/NM/Rio-Rancho/21st-St-NW-87144/home/191472232,Southwest MLS,1087486,N,Y,35.264272,-106.779232
MLS Listing,,Vacant Land,"Unit 13 Block 15 Lot(s) 64,65 Rd NE",Rio Rancho,NM,87144,50000,,,RIO RANCHO ESTATES,,43560,,24,,,Active,,,https://www.redfin.com/NM/Rio-Rancho/65-Hill-Rd-NE-87144/home/196293640,Southwest MLS,1087485,N,Y,35.2802125,-106.7257178
MLS Listing,,Vacant Land,29th St NW,Rio Rancho,NM,87144,13500,,,RIO RANCHO ESTATES,,63162,,24,,,Active,,,https://www.redfin.com/NM/Rio-Rancho/29th-St-NW-87124/home/166044146,Southwest MLS,1087483,N,Y,35.241327,-106.794147
MLS Listing,,Single Family Residential,1401 Villa Pl SE,Rio Rancho,NM,87124,735000,3,4.0,Rio Rancho,2750,21780,2025,24,267,,Active,,,https://www.redfin.com/NM/Rio-Rancho/1401-Villa-Pl-SE-87124/home/196293058,Southwest MLS,1087480,N,Y,35.2394108,-106.7078235
MLS Listing,,Vacant Land,14th St SE,Rio Rancho,NM,87124,39900,,,RIO RANCHO ESTATES,,21780,,24,,,Active,,,https://www.redfin.com/NM/Rio-Rancho/14th-St-SE-87124/home/144266430,Southwest MLS,1087466,N,Y,35.233763,-106.727703
MLS Listing,,Single Family Residential,1739 Shoshone Trl NE,Rio Rancho,NM,87144,695000,4,3.0,Rio Rancho,3600,21780,2007,24,193,,Active,,,https://www.redfin.com/NM/Rio-Rancho/1739-Shoshone-Trl-NE-87144/home/92166656,Southwest MLS,1087447,N,Y,35.2885336,-106.6394304
MLS Listing,,Vacant Land,Various Units Rio Rancho NW,Rio Rancho,NM,87144,148000,,,RIO RANCHO ESTATES,,1687079,,24,,,Active,,,https://www.redfin.com/NM/Rio-Rancho/Ranch-Rd-NW-87144/home/189406349,Southwest MLS,1087437,N,Y,35.276879,-106.697979
MLS Listing,,Vacant Land,Unit 4 37th St/12th Ave. Sw SW,Rio Rancho,NM,87124,25000,,,RIO RANCHO ESTATES,,130680,,24,,,Active,,,https://www.redfin.com/NM/Rio-Rancho/12th-Ave-SW-87124/home/101639115,Southwest MLS,1087435,N,Y,35.2366,-106.8165
MLS Listing,,Vacant Land,Unit 26 10 Lots NW,Rio Rancho,NM,87144,33000,,,RIO RANCHO ESTATES,,304920,,24,,,Active,,,https://www.redfin.com/NM/Rio-Rancho/26-10th-St-87124/home/171642651,Southwest MLS,1087428,N,Y,35.2594627,-106.7165371
MLS Listing,,Vacant Land,Unit 4- Sw Rio Rancho SW,Rio Rancho,NM,87124,60000,,,RIO RANCHO ESTATES,,442570,,24,,,Active,,,https://www.redfin.com/NM/Rio-Rancho/4th-St-SW-87124/home/108447353,Southwest MLS,1087427,N,Y,35.237398,-106.798496
MLS Listing,,Single Family Residential,1913 Roanoke Dr NE,Rio Rancho,NM,87144,275000,3,2.0,Rio Rancho,1202,7840,1990,24,229,,Active,,,https://www.redfin.com/NM/Rio-Rancho/1913-Roanoke-Dr-NE-87144/home/76620675,Southwest MLS,1087421,N,Y,35.2917713,-106.5979329
MLS Listing,,Single Family Residential,6417 Kings Cyn NE,Rio Rancho,NM,87144,595000,3,2.0,Rio Rancho,2151,9583,2019,24,277,175,Active,,,https://www.redfin.com/NM/Rio-Rancho/6417-Kings-Canyon-Cv-NE-87144/home/171686554,Southwest MLS,1087235,N,Y,35.36197,-106.6809846
MLS Listing,,Single Family Residential,2740 Wilder Loop NE,Rio Rancho,NM,87144,375000,3,2.5,Rio Rancho,2086,4356,2010,25,180,22,Active,,,https://www.redfin.com/NM/Rio-Rancho/2740-Wilder-Loop-NE-87144/home/92177210,Southwest MLS,1087418,N,Y,35.2917541,-106.6813989
MLS Listing,,Single Family Residential,2629 La Luz Cir NE,Rio Rancho,NM,87144,455000,3,2.0,Rio Rancho,1750,6534,2016,25,260,129,Active,,,https://www.redfin.com/NM/Rio-Rancho/2629-La-Luz-Cir-NE-87144/home/109470427,Southwest MLS,1087417,N,Y,35.3591709,-106.6838867
MLS Listing,,Vacant Land,6th 6th Ave NW #10,Rio Rancho,NM,87124,25000,,,Rio Rancho Estates,,43560,,25,,,Active,,,https://www.redfin.com/NM/Rio-Rancho/10-6th-Ave-NW-87124/unit-10/home/196283586,Southwest MLS,1087413,N,Y,35.2673401,-106.7372193
MLS Listing,,Vacant Land,35th (u6 B5 L35) 0.5 Ac. St NW,Rio Rancho,NM,87144,1800,,,RIO RANCHO ESTATES,,21780,,25,,,Active,,,https://www.redfin.com/NM/Rio-Rancho/35th-u6-B5-L35-ST-NW-87144/home/190732893,Southwest MLS,1087397,N,Y,35.303224,-106.807154
MLS Listing,,Single Family Residential,4300 Lauren NE,Rio Rancho,NM,87124,489900,3,2.5,Rio Rancho,2099,6347,2024,25,233,40,Active,,,https://www.redfin.com/NM/Rio-Rancho/4300-Lauren-Loop-NE-87124/home/196280538,Southwest MLS,1087395,N,Y,35.259911,-106.6481638
MLS Listing,,Vacant Land,46th (u1 B72 L1) 0.56 Ac. St NW,Rio Rancho,NM,87144,2500,,,Rio Rancho Estates,,24394,,25,,,Active,,,https://www.redfin.com/NM/Rio-Rancho/San-Ct-NW-87144/home/113861043,Southwest MLS,1087392,N,Y,35.330467,-106.768571
MLS Listing,,Single Family Residential,30 Vista Larga Pl NE,Rio Rancho,NM,87124,719900,6,4.5,Rio Rancho,4370,9147,2013,25,165,50,Active,,,https://www.redfin.com/NM/Rio-Rancho/30-Vista-Larga-Pl-NE-87124/home/92176423,Southwest MLS,1087391,N,Y,35.259237,-106.660834
MLS Listing,,Single Family Residential,1645 16th Ave SE,Rio Rancho,NM,87124,739000,4,2.5,Rio Rancho,2611,21780,2023,25,283,,Active,,,https://www.redfin.com/NM/Rio-Rancho/1645-16th-Ave-SE-87124/home/165927915,Southwest MLS,1087387,N,Y,35.2305377,-106.7039846
MLS Listing,,Vacant Land,323 17th Ave #12,Rio Rancho,NM,87144,30000,,,Rio Rancho Estates,,65340,,25,,,Active,,,https://www.redfin.com/NM/Rio-Rancho/323-17th-Ave-NE-87144/unit-12/home/196278683,Southwest MLS,1087385,N,Y,35.2879779,-106.7290181
MLS Listing,,Single Family Residential,2520 Guadalupe Rd NE,Rio Rancho,NM,87144,465000,4,2.0,Rio Rancho,2056,5706,2021,26,226,129,Active,,,https://www.redfin.com/NM/Rio-Rancho/2520-Guadalupe-Rd-NE-87144/home/175429840,Southwest MLS,1087369,N,Y,35.3596106,-106.6856039
MLS Listing,,Single Family Residential,6808 Kalgan Rd NE,Rio Rancho,NM,87144,725000,4,3.5,Rio Rancho,3389,21780,2006,26,214,,Active,,,https://www.redfin.com/NM/Rio-Rancho/6808-Kalgan-Rd-NE-87144/home/79078648,Southwest MLS,1086820,N,Y,35.3075861,-106.5969883
MLS Listing,,Mobile/Manufactured Home,2100 9th Ave NW,Rio Rancho,NM,87124,299000,3,3.0,Rio Rancho,1248,21780,1976,26,240,,Active,,,https://www.redfin.com/NM/Rio-Rancho/2100-9th-St-SE-87124/home/196210870,Southwest MLS,1086819,N,Y,35.223376,-106.7182726
MLS Listing,,Single Family Residential,1103 Blue Sage Rd NE,Rio Rancho,NM,87144,574000,5,3.5,Rio Rancho,3634,9583,2008,27,158,33,Active,,,https://www.redfin.com/NM/Rio-Rancho/1103-Blue-Sage-Rd-NE-87144/home/92175158,Southwest MLS,1087341,N,Y,35.2761822,-106.6544363
MLS Listing,,Single Family Residential,4433 Golden Eagle Loop NE,Rio Rancho,NM,87144,365000,4,2.0,Rio Rancho,1868,6098,2019,27,195,30,Active,,,https://www.redfin.com/NM/Rio-Rancho/4433-Golden-Eagle-Loop-NE-87144/home/174923674,Southwest MLS,1087331,N,Y,35.3654666,-106.6457474
MLS Listing,,Vacant Land,3022 Chippewa Rd SW #4,Rio Rancho,NM,87144,9500,,,"Rio Rancho Estates, Unit 4",,43560,,28,,,Active,,,https://www.redfin.com/NM/Rio-Rancho/3022-Chippewa-Rd-SW-87124/unit-4/home/196270218,Southwest MLS,1087306,N,Y,35.237478,-106.79867
MLS Listing,,Vacant Land,3018 Chippewa Rd SW #4,Rio Rancho,NM,87144,9500,,,Rio Rancho Estates,,41818,,28,,,Active,,,https://www.redfin.com/NM/Rio-Rancho/3018-Chippewa-Rd-SW-87124/unit-4/home/196270179,Southwest MLS,1087304,N,Y,35.237254,-106.798441
MLS Listing,,Single Family Residential,1437 Spur Rd SE,Rio Rancho,NM,87124,315000,3,2.0,Rio Rancho,1287,12632,1996,28,245,,Active,,,https://www.redfin.com/NM/Rio-Rancho/1437-Spur-Rd-SE-87124/home/76625295,Southwest MLS,1087293,N,Y,35.2420607,-106.7062414
MLS Listing,,Single Family Residential,6892 Augusta Hills Dr NE,Rio Rancho,NM,87144,485000,5,3.0,Rio Rancho,2962,12196,1997,28,164,,Active,,,https://www.redfin.com/NM/Rio-Rancho/6892-Augusta-Hills-Dr-NE-87144/home/76614796,Southwest MLS,1087292,N,Y,35.3325003,-106.593692
MLS Listing,,Single Family Residential,4236 Crowned Eagle Loop NE,Rio Rancho,NM,87144,345000,3,2.0,Rio Rancho,1403,5314,2023,28,246,30,Active,,,https://www.redfin.com/NM/Rio-Rancho/4236-Crowned-Eagle-Loop-NE-87144/home/183723414,Southwest MLS,1087285,N,Y,35.3661638,-106.6535544
MLS Listing,,Vacant Land,2107 Golf Course Rd SE,Rio Rancho,NM,87124,118000,,,RIO RANCHO ESTATES,,18295,,28,,,Active,,,https://www.redfin.com/NM/Rio-Rancho/2107-Golf-Course-Rd-SE-87124/home/196269189,Southwest MLS,1087284,N,Y,35.2212542,-106.677652
MLS Listing,,Single Family Residential,959 Salt Cedar Ct,Bernalillo,NM,87004,535000,2,2.5,Del Webb Alegria,2357,6098,2014,28,227,217,Active,,,https://www.redfin.com/NM/Bernalillo/959-Salt-Cedar-Ct-87004/home/61714945,Southwest MLS,1087276,N,Y,35.3079537,-106.5713206
MLS Listing,,Single Family Residential,920 Nightglow Ave NE,Rio Rancho,NM,87144,619000,4,2.0,Rio Rancho,43560,21780,2025,29,14,,Active,,,https://www.redfin.com/NM/Rio-Rancho/920-Nightglow-Ave-NE-87144/home/196265073,Southwest MLS,1087254,N,Y,35.3026444,-106.7175765
MLS Listing,,Vacant Land,Corner Lot Southern Blvd Sw &12th Ave SW,Rio Rancho,NM,87144,57575,,,RIO RANCHO ESTATES,,43560,,29,,,Active,,,https://www.redfin.com/NM/Rio-Rancho/Corner-Lot-Southern-Blvd-SW-87144/home/196264598,Southwest MLS,1087246,N,Y,35.241241,-106.760543
MLS Listing,,Single Family Residential,2729 Kings Canyon Loop NE,Rio Rancho,NM,87144,599900,4,3.5,Rio Rancho,2662,14026,2019,29,225,175,Active,,,https://www.redfin.com/NM/Rio-Rancho/2729-Kings-Canyon-Loop-NE-87144/home/167048065,Southwest MLS,1087242,N,Y,35.3628264,-106.6844681
MLS Listing,,Vacant Land,21st (u6 B47 L4) 1 Ac. St NW,Rio Rancho,NM,87144,7500,,,Rio Rancho Estates,,43560,,29,,,Active,,,https://www.redfin.com/NM/Rio-Rancho/21st-u6-B47-L4-1-Ac-ST-NW-87144/home/196264161,Southwest MLS,1087237,N,Y,35.292389,-106.778137
MLS Listing,,Vacant Land,Wood (u7 B76 L24) 1.32 Ac. Rd NW,Rio Rancho,NM,87144,8000,,,Rio Rancho Estates,,57499,,29,,,Active,,,https://www.redfin.com/NM/Rio-Rancho/Mead-Rd-NW-87144/home/101847400,Southwest MLS,1087231,N,Y,35.33335,-106.811232
MLS Listing,,Single Family Residential,6404 Gambel Quail Rd NE,Rio Rancho,NM,87144,354900,3,2.0,Rio Rancho,1633,10454,1988,29,217,,Active,,,https://www.redfin.com/NM/Rio-Rancho/6404-Gambel-Quail-Rd-NE-87144/home/92170318,Southwest MLS,1086687,N,Y,35.2821938,-106.6061293
MLS Listing,,Single Family Residential,509 Sunny Meadows Dr NE,Rio Rancho,NM,87144,325000,4,2.0,Rio Rancho,1799,8712,2006,29,181,480,Active,,,https://www.redfin.com/NM/Rio-Rancho/509-Sunny-Meadows-Dr-NE-87144/home/92165975,Southwest MLS,1087201,N,Y,35.3212242,-106.7258484
MLS Listing,,Vacant Land,6000 Epazote Rd NE,Rio Rancho,NM,87144,165000,,,Rio Rancho estates,,217800,,29,,,Active,,,https://www.redfin.com/NM/Rio-Rancho/6000-Epazote-Rd-NE-87144/home/177660754,Southwest MLS,1087200,N,Y,35.2982082,-106.6160149
MLS Listing,,Vacant Land,4615 15th Ave,Rio Rancho,NM,87144,74500,,,Rio Rancho Estates,,43560,,29,,,Active,,,https://www.redfin.com/NM/Rio-Rancho/4615-15th-St-NE-87144/home/181163771,Southwest MLS,1087184,N,Y,35.3255221,-106.7070295
MLS Listing,,Single Family Residential,4016 Oasis Springs Rd NE,Rio Rancho,NM,87144,310000,3,2.0,Rio Rancho,1409,4791,2016,29,220,52,Active,August-2-2025 11:00 AM,August-2-2025 01:00 PM,https://www.redfin.com/NM/Rio-Rancho/4016-Oasis-Springs-Rd-NE-87144/home/92175385,Southwest MLS,1087183,N,Y,35.3230047,-106.7137937
MLS Listing,,Vacant Land,3014 Chippewa Rd SW #4,Rio Rancho,NM,87144,9500,,,Rio Rancho Estates,,42689,,29,,,Active,,,https://www.redfin.com/NM/Rio-Rancho/3014-Chippewa-Rd-SW-87124/unit-4/home/196258677,Southwest MLS,1087142,N,Y,35.237055,-106.798198
MLS Listing,,Single Family Residential,44 Los Balcones Pl NE,Rio Rancho,NM,87124,725000,6,4.5,Rio Rancho,4355,9801,2008,29,166,70,Active,,,https://www.redfin.com/NM/Rio-Rancho/44-Los-Balcones-Pl-NE-87124/home/92176436,Southwest MLS,1087172,N,Y,35.2599563,-106.6617109
MLS Listing,,Vacant Land,3811 Darien Rd NE,Rio Rancho,NM,87144,22000,,,RIO RANCHO ESTATES,,21780,,30,,,Active,,,https://www.redfin.com/NM/Rio-Rancho/3811-Darien-Rd-NE-87144/home/196258582,Southwest MLS,1087177,N,Y,35.3698899,-106.6610875
MLS Listing,,Vacant Land,4117 Lookover Dr NE,Rio Rancho,NM,87144,15000,,,RIO RANCHO ESTATES,,21780,,30,,,Active,,,https://www.redfin.com/NM/Rio-Rancho/4117-Lookover-Dr-NE-87144/home/196258575,Southwest MLS,1087176,N,Y,35.324791,-106.6979672
MLS Listing,,Vacant Land,4012 Villanelle Rd NE,Rio Rancho,NM,87144,9000,,,RIO RANCHO ESTATES,,21780,,30,,,Active,,,https://www.redfin.com/NM/Rio-Rancho/4012-Villanelle-Rd-NE-87144/home/196258542,Southwest MLS,1087175,N,Y,35.3257366,-106.6330489
MLS Listing,,Vacant Land,3 Lots 5th St Ne St NE,Rio Rancho,NM,87144,32500,,,RIO RANCHO ESTATES,,87120,,30,,,Active,,,https://www.redfin.com/NM/Rio-Rancho/3-Lots-5th-St-NW-87144/home/193687532,Southwest MLS,1087173,N,Y,35.264305,-106.726466
MLS Listing,,Vacant Land,4523 Tresimene Rd NE,Rio Rancho,NM,87144,3950,,,RIO RANCHO ESTATES,,21780,,30,,,Active,,,https://www.redfin.com/NM/Rio-Rancho/4523-Tresimene-Rd-NE-87144/home/196258529,Southwest MLS,1087171,N,Y,35.3341852,-106.6413864
MLS Listing,,Vacant Land,Lot 21 22 Olivet Rd NW,Rio Rancho,NM,87144,2500,,,RIO RANCHO ESTATES,,43560,,30,,,Active,,,https://www.redfin.com/NM/Rio-Rancho/Lot-21-22-Olivet-Rd-NW-87144/home/196258500,Southwest MLS,1087168,N,Y,35.365592,-106.772687
MLS Listing,,Single Family Residential,1109 11th St SE,Rio Rancho,NM,87124,550000,4,2.5,Rio Rancho,2073,21780,2024,30,265,,Active,,,https://www.redfin.com/NM/Rio-Rancho/1109-11th-St-SE-87124/home/188594915,Southwest MLS,1087166,N,Y,35.2393563,-106.7153831
MLS Listing,,Single Family Residential,1701 Chisholm Trl NE,Rio Rancho,NM,87144,335000,3,2.5,HIGH RANGE,1815,5227,2016,30,185,,Active,,,https://www.redfin.com/NM/Rio-Rancho/1701-Chisholm-Trl-NE-87144/home/104213423,Southwest MLS,1086692,N,Y,35.2860078,-106.6644316
MLS Listing,,Single Family Residential,3506 Covered Wagon Rd NE,Rio Rancho,NM,87144,345000,3,2.0,Rio Rancho,1552,5532,2019,31,222,30,Active,,,https://www.redfin.com/NM/Rio-Rancho/3506-Covered-Wagon-Rd-NE-87144/home/174923549,Southwest MLS,1087113,N,Y,35.2872762,-106.6666997
MLS Listing,,Vacant Land,1700 3rd St NE,Rio Rancho,NM,87144,22000,,,RIO RANCHO ESTATES,,94961,,31,,,Active,,,https://www.redfin.com/NM/Rio-Rancho/1700-3rd-u12-B64-L1-ST-NE-Unknown/home/191105860,Southwest MLS,1087111,N,Y,35.285725,-106.731184
MLS Listing,,Vacant Land,4816 Nashville Rd NE,Rio Rancho,NM,87144,4500,,,RIO RANCHO ESTATES,,21780,,31,,,Active,,,https://www.redfin.com/NM/Rio-Rancho/4816-Nashville-Rd-NE-87144/home/196248543,Southwest MLS,1087108,N,Y,35.3539413,-106.6388587
MLS Listing,,Vacant Land,4716 Karst Rd NE,Rio Rancho,NM,87144,5000,,,RIO RANCHO ESTATES,,21780,,31,,,Active,,,https://www.redfin.com/NM/Rio-Rancho/4716-Karst-Rd-NE-87144/home/196245606,Southwest MLS,1087063,N,Y,35.3280028,-106.6406849
MLS Listing,,Single Family Residential,2534 Seaforth Cir NE,Rio Rancho,NM,87144,461151,4,3.0,Rio Rancho,2390,5469,2025,31,193,42,Active,,,https://www.redfin.com/NM/Rio-Rancho/2534-Seaforth-Cir-87144/home/195415861,Southwest MLS,1082076,N,Y,35.285208,-106.6846554
MLS Listing,,Single Family Residential,5478 Salem Ct NE,Rio Rancho,NM,87144,369900,3,2.5,Rio Rancho,1990,7840,2004,31,186,,Active,,,https://www.redfin.com/NM/Rio-Rancho/5478-Salem-Ct-NE-87144/home/92178207,Southwest MLS,1087052,N,Y,35.3508652,-106.6086044
MLS Listing,,Single Family Residential,45 Vista Hermosa Pl NE,Rio Rancho,NM,87124,710000,6,4.5,Loma Colorado,4341,10019,2013,31,164,70,Active,,,https://www.redfin.com/NM/Rio-Rancho/45-Vista-Hermosa-Pl-NE-87124/home/92176416,Southwest MLS,1086905,N,Y,35.2596019,-106.660261
MLS Listing,,Single Family Residential,3356 Cochiti St NE,Rio Rancho,NM,87144,420000,4,2.5,Rio Rancho,3053,7840,2006,31,138,50,Active,August-3-2025 01:00 PM,August-3-2025 03:00 PM,https://www.redfin.com/NM/Rio-Rancho/3356-Cochiti-St-NE-87144/home/92173061,Southwest MLS,1086643,N,Y,35.3140401,-106.7079615
MLS Listing,,Vacant Land,408 10th St NW,Rio Rancho,NM,87124,15900,,,Rio Rancho Estates,,43560,,32,,,Active,,,https://www.redfin.com/NM/Albuquerque/408-10th-St-NW-87124/home/196240297,Southwest MLS,1087028,N,Y,35.2657589,-106.7568018
MLS Listing,,Single Family Residential,4276 Crowned Eagle Loop NE,Rio Rancho,NM,87144,425000,4,2.0,Rio Rancho,1907,4965,2022,32,223,30,Active,,,https://www.redfin.com/NM/Rio-Rancho/4276-Crowned-Eagle-Loop-NE-87144/home/187786665,Southwest MLS,1087026,N,Y,35.3662241,-106.6521615
MLS Listing,,Vacant Land,7601 Valmera Rd NE,Rio Rancho,NM,87144,29900,,,RIO RANCHO ESTATES,,40075,,32,,,Active,,,https://www.redfin.com/NM/Rio-Rancho/7601-Valmera-Rd-NE-87144/home/196240109,Southwest MLS,1087024,N,Y,35.3713636,-106.6606926
MLS Listing,,Vacant Land,Four Side-by-side Harmony Lots,Rio Rancho,NM,87144,10400,,,RIO RANCHO ESTATES,,87120,,32,,,Active,,,https://www.redfin.com/NM/Unknown/Harmony-Dr-NW-87144/home/62712691,Southwest MLS,1087018,N,Y,35.346422,-106.833026
MLS Listing,,Single Family Residential,3546 Newcastle Dr SE,Rio Rancho,NM,87124,620000,4,3.5,Stonehenge,3305,,1997,32,188,27,Active,,,https://www.redfin.com/NM/Rio-Rancho/3546-Newcastle-Dr-SE-87124/home/92158384,Southwest MLS,1087001,N,Y,35.2535177,-106.6646508
MLS Listing,,Vacant Land,39th (u6 B1 L48) 0.5 Ac. St NW,Rio Rancho,NM,87144,1800,,,RIO RANCHO ESTATES,,21780,,32,,,Active,,,https://www.redfin.com/NM/Rio-Rancho/39th-u6-B1-L48-ST-NW-87144/home/194653737,Southwest MLS,1086999,N,Y,35.303356,-106.815067
MLS Listing,,Vacant Land,"8th (u5, B54, L164) 2 Ac. Ave NW",Rio Rancho,NM,87144,10500,,,Subd: Rio Rancho Estates,,87120,,32,,,Active,,,https://www.redfin.com/NM/Rio-Rancho/8th-u5-B54-L164-AVE-NW-87144/home/190078311,Southwest MLS,1086996,N,Y,35.270639,-106.807788
MLS Listing,,Vacant Land,57th (u3 B52 L11) 1 Ac. St SW,Rio Rancho,NM,87124,3800,,,RIO RANCHO ESTATES,,43560,,32,,,Active,,,https://www.redfin.com/NM/Rio-Rancho/103-Rio-Rancho-Blvd-NE-87124/home/175609118,Southwest MLS,1086988,N,Y,35.258771,-106.6402618
MLS Listing,,Vacant Land,"60th (u3,b49,l1) 1.16 Ac. St SW",Rio Rancho,NM,87144,3800,,,Rio Rancho Estates,,50530,,32,,,Active,,,https://www.redfin.com/NM/Rio-Rancho/60th-u3-b49-l1-ST-SW-Unknown/home/190592528,Southwest MLS,1086987,N,Y,35.21822,-106.855742
MLS Listing,,Vacant Land,NE Corner Calabacillas Rd & Hermosilla Rd NW,Rio Rancho,NM,87144,2125,,,RIO RANCHO ESTATES,,43560,,34,,,Active,,,https://www.redfin.com/NM/Rio-Rancho-Estates/NE-Corner-87144/home/196276055,Southwest MLS,1086929,N,Y,35.292959,-106.79025
MLS Listing,,Single Family Residential,810 10th Ave NW,Rio Rancho,NM,87144,319000,3,2.0,Rio Rancho,1278,21780,1983,34,250,,Active,,,https://www.redfin.com/NM/Rio-Rancho/810-10th-Ave-NW-87144/home/196210379,Southwest MLS,1086886,N,Y,35.275834,-106.754989
MLS Listing,,Single Family Residential,2641 Seaforth Cir,Rio Rancho,NM,87144,403075,2,2.0,Scottish Isle,1406,5314,2025,35,287,42,Active,,,https://www.redfin.com/NM/Rio-Rancho/2641-Seaforth-CIR-NE-87144/home/195246432,Southwest MLS,1086880,N,Y,35.28538131713867,-106.67996978759766
MLS Listing,,Single Family Residential,5611 Desert Sky Pl NE,Rio Rancho,NM,87144,799000,4,2.5,Mariposa,3012,27443,2021,35,265,115,Active,,,https://www.redfin.com/NM/Rio-Rancho/5611-Desert-Sky-Pl-NE-87144/home/166055765,Southwest MLS,1086872,N,Y,35.3518949,-106.7033526
MLS Listing,,Vacant Land,"22nd (u4, B73, L19) .5 Ac. Ave SW",Rio Rancho,NM,87144,4000,,,Subd: Rio Rancho Estates,,21780,,35,,,Active,,,https://www.redfin.com/NM/Rio-Rancho/22nd-u4-B73-L19-AVE-SW-87144/home/189500137,Southwest MLS,1086868,N,Y,35.220267,-106.799119
MLS Listing,,Vacant Land,2167 Acapulco Rd,Rio Rancho,NM,87144,65000,,,Rio Rancho Estates,,21780,,35,,,Active,,,https://www.redfin.com/NM/Rio-Rancho/2167-Acapulco-Rd-NE-87144/home/112776173,Southwest MLS,1086847,N,Y,35.2966013,-106.6052209
MLS Listing,,Single Family Residential,2034 Rivers Edge Dr NE,Rio Rancho,NM,87144,650000,5,3.0,Rio Rancho,3222,16552,1994,35,202,,Active,,,https://www.redfin.com/NM/Rio-Rancho/2034-Rivers-Edge-Dr-NE-87144/home/92167387,Southwest MLS,1086832,N,Y,35.290587,-106.5923079
MLS Listing,,Single Family Residential,6268 Apache Plume Rd NE,Rio Rancho,NM,87144,410000,3,2.0,Rio Rancho,1945,9583,1988,35,211,,Active,,,https://www.redfin.com/NM/Rio-Rancho/6268-Apache-Plume-Rd-NE-87144/home/76621233,Southwest MLS,1086822,N,Y,35.2769782,-106.6067045
MLS Listing,,Vacant Land,1004 11th St SW,Rio Rancho,NM,87124,85000,,,Rio Rancho Estates,,43560,,36,,,Active,,,https://www.redfin.com/NM/Rio-Rancho/1004-11th-St-SW-87124/home/195589715,Southwest MLS,1086782,N,Y,35.2408002,-106.7585209
MLS Listing,,Single Family Residential,4577 Rockaway Loop NE,Rio Rancho,NM,87124,375000,3,2.0,Rio Rancho,1428,13068,1992,36,263,,Active,,,https://www.redfin.com/NM/Rio-Rancho/4577-Rockaway-Loop-NE-87124/home/76624409,Southwest MLS,1086759,N,Y,35.273858,-106.6457519
MLS Listing,,Single Family Residential,6904 Pina Way NE,Rio Rancho,NM,87144,395000,3,2.0,The Villas,1522,7318,2021,36,260,,Active,August-3-2025 01:00 PM,August-3-2025 04:00 PM,https://www.redfin.com/NM/Rio-Rancho/6904-Pina-Way-NE-87144/home/177438946,Southwest MLS,1086719,N,Y,35.3452401,-106.5975544
MLS Listing,,Single Family Residential,5825 Ridgeline Pl NE,Rio Rancho,NM,87144,839900,4,2.5,MARIPOSA RIDGELINE ESTATES,3047,44866,2023,37,276,129,Active,,,https://www.redfin.com/NM/Rio-Rancho/5825-Ridgeline-Pl-NE-87144/home/166017145,Southwest MLS,1086684,N,Y,35.3572605,-106.6967046
MLS Listing,,Single Family Residential,2016 Contreras Rd NE,Rio Rancho,NM,87144,990000,4,3.5,Rio Rancho,3260,21780,2025,37,304,,Active,,,https://www.redfin.com/NM/Rio-Rancho/2016-Contreras-Rd-NE-87144/home/196188167,Southwest MLS,1086681,N,Y,35.2920694,-106.6095296
MLS Listing,,Single Family Residential,1006 Teena Rd SE,Rio Rancho,NM,87124,629995,5,4.0,Vista Montebella,2920,8616,2025,37,216,30,Active,,,https://www.redfin.com/NM/Rio-Rancho/1006-Teena-Rd-SE-87124/home/195856990,Southwest MLS,1086648,N,Y,35.2191079,-106.7163446
MLS Listing,,Single Family Residential,4361 Bald Eagle Loop NE,Rio Rancho,NM,87144,395000,3,2.0,Rio Rancho,1660,6621,2022,38,238,40,Active,,,https://www.redfin.com/NM/Rio-Rancho/4361-Bald-Eagle-Loop-NE-87144/home/191565808,Southwest MLS,1086629,N,Y,35.3647595,-106.6497226
MLS Listing,,Vacant Land,5581 Iris Rd NE,Rio Rancho,NM,87144,117000,,,RIO RANCHO ESTATES,,108965,,38,,,Active,,,https://www.redfin.com/NM/Rio-Rancho/5581-Iris-Rd-NE-87144/home/190535841,Southwest MLS,1086609,N,Y,35.3004754,-106.6232841
MLS Listing,,Single Family Residential,4235 Pumice Dr NE,Rio Rancho,NM,87124,330000,3,2.0,Rio Rancho,1279,12196,1986,38,258,,Active,,,https://www.redfin.com/NM/Rio-Rancho/4235-Pumice-Dr-NE-87124/home/76617347,Southwest MLS,1084396,N,Y,35.2607905,-106.6515204
MLS Listing,,Townhouse,3354 St Andrews Dr SE,Rio Rancho,NM,87124,280000,2,2.0,The Esplanade,1375,3049,1978,38,204,120,Active,,,https://www.redfin.com/NM/Rio-Rancho/3354-Saint-Andrews-Dr-SE-87124/home/178218281,Southwest MLS,1086605,N,Y,35.2457785,-106.6702696
MLS Listing,,Vacant Land,308 3rd NE,Rio Rancho,NM,87124,28000,,,RIO RANCHO ESTATES,,21780,,38,,,Active,,,https://www.redfin.com/NM/Rio-Rancho/308-3rd-St-NE-87124/home/189981805,Southwest MLS,1086586,N,Y,35.2645361,-106.7302137
MLS Listing,,Vacant Land,6337 Del Carmen Rd NE,Rio Rancho,NM,87124,71000,,,Rio Rancho Estates,,21780,,39,,,Active,,,https://www.redfin.com/NM/Rio-Rancho/6337-Del-Carmen-Rd-NE-87144/home/62715355,Southwest MLS,1086581,N,Y,35.2944697,-106.6063416
MLS Listing,,Single Family Residential,460 Copper Dr NE,Rio Rancho,NM,87124,415000,4,2.0,Rio Rancho,2262,10890,1987,39,183,,Active,,,https://www.redfin.com/NM/Rio-Rancho/460-Copper-Dr-NE-87124/home/62699791,Southwest MLS,1086562,N,Y,35.2651379,-106.6415618
MLS Listing,,Vacant Land,B:102 L:19 U:24 Stirling Rd NW,Rio Rancho,NM,87144,5500,,,RIO RANCHO ESTATES,,57935,,39,,,Active,,,https://www.redfin.com/NM/Rio-Rancho/B-102-L-19-Stirling-Rd-NW-87144/home/196166565,Southwest MLS,1086553,N,Y,35.312206,-106.831789
MLS Listing,,Vacant Land,4813-4817 Nashville Rd NE,Rio Rancho,NM,87144,18500,,,RIO RANCHO ESTATES,,57934,,39,,,Active,,,https://www.redfin.com/NM/Rio-Rancho/4813-Nashville-Rd-NE-87144/home/196165818,Southwest MLS,1086547,N,Y,35.3548353,-106.6391332
MLS Listing,,Single Family Residential,4141 Skyline Loop NE,Rio Rancho,NM,87144,425000,4,2.5,Rio Rancho,2330,5532,2020,39,182,38,Active,,,https://www.redfin.com/NM/Rio-Rancho/4141-Skyline-Loop-NE-87144/home/170560674,Southwest MLS,1086539,N,Y,35.3126108,-106.6524996
MLS Listing,,Single Family Residential,1897 Raspberry Ct NE,Rio Rancho,NM,87144,320000,3,2.5,Rio Rancho,1439,7362,1994,39,222,35,Active,,,https://www.redfin.com/NM/Rio-Rancho/1897-Raspberry-Ct-NE-87144/home/92166403,Southwest MLS,1086162,N,Y,35.2891317,-106.7034008
MLS Listing,,Townhouse,1921 Cortina Loop SE,Rio Rancho,NM,87124,359000,3,2.5,Astante Twnhms At Cabezon,2246,3920,2007,41,160,78,Active,,,https://www.redfin.com/NM/Rio-Rancho/1921-Cortina-Loop-SE-87124/home/92175950,Southwest MLS,1084457,N,Y,35.2264945,-106.6856197
MLS Listing,,Single Family Residential,1552 Camino Hermosa,Corrales,NM,87048,799000,4,3.0,Corrales,2940,43995,1973,41,272,,Active,,,https://www.redfin.com/NM/Corrales/1552-Camino-Hermosa-87048/home/76637446,Southwest MLS,1086484,N,Y,35.2440782,-106.6353754
MLS Listing,,Single Family Residential,3209 Tazanita Loop SE,Rio Rancho,NM,87124,575000,4,3.0,Rio Rancho,2547,7448,2022,42,226,60,Active,,,https://www.redfin.com/NM/Rio-Rancho/3209-Tazanita-Loop-SE-87124/home/190723708,Southwest MLS,1086458,N,Y,35.2206291,-106.720907
