SALE TYPE,SOLD DATE,PROPERTY TYPE,ADDRESS,CITY,STATE OR PROVINCE,ZIP OR POSTAL CODE,PRICE,BEDS,BATHS,LOCATION,SQUARE FEET,LOT SIZE,YEAR BUILT,DAYS ON MARKET,$/SQUARE FEET,HOA/MONTH,STATUS,NEXT OPEN HOUSE START TIME,NEXT OPEN HOUSE END TIME,URL (SEE https://www.redfin.com/buy-a-home/comparative-market-analysis FOR INFO ON PRICING),SOURCE,MLS#,FAVORITE,INTERESTED,LATITUDE,LONGITUDE
"In accordance with local MLS rules, some MLS listings are not included in the download"
MLS Listing,,Condo/Co-op,4 W 101st St #1,New York (manhattan),NY,10025,425000,1,1.0,New York (Manhattan),,,1904,2,,950,Active,August-2-2025 12:30 PM,August-2-2025 02:30 PM,https://www.redfin.com/NY/New-York/4-W-101st-St-10025/unit-1/home/45232084,OneKey® MLS as Distributed by MLS Grid,894573,N,Y,40.7949739,-73.9631647
MLS Listing,,Single Family Residential,104 Dare Ct,Brooklyn,NY,11229,955000,3,3.0,Brooklyn,2460,1800,1925,2,388,,Active,,,https://www.redfin.com/NY/Brooklyn/104-Dare-Ct-11229/home/40911244,OneKey® MLS as Distributed by MLS Grid,893862,N,Y,40.5897172,-73.9237429
MLS Listing,,Condo/Co-op,235 W 102nd St Unit 11O,New York (manhattan),NY,10010,725000,1,1.0,New York (Manhattan),803,,1931,3,903,,Active,August-2-2025 01:00 PM,August-2-2025 02:00 PM,https://www.redfin.com/NY/New-York-Manhattan/235-W-102nd-ST-10010/unit-11O/home/196661314,OneKey® MLS as Distributed by MLS Grid,890139,N,Y,40.7388319,-73.9815337
MLS Listing,,Condo/Co-op,3121 Middletown Rd Unit 2K,Bronx,NY,10461,300000,2,2.0,Bronx,1200,,1963,3,250,,Active,,,https://www.redfin.com/NY/Bronx/3121-Middletown-Rd-10461/unit-2K/home/44764840,OneKey® MLS as Distributed by MLS Grid,894407,N,Y,40.8455961,-73.8264218
MLS Listing,,Condo/Co-op,313 E 89th St Unit 2C,New York (manhattan),NY,10128,400000,1,1.0,New York (Manhattan),450,,1925,17,889,,Active,,,https://www.redfin.com/NY/New-York/313-E-89th-St-10128/unit-2C/home/45161652,OneKey® MLS as Distributed by MLS Grid,889197,N,Y,40.7796107,-73.9493517
MLS Listing,,Single Family Residential,341 Hillman Ave,Staten Island,NY,10314,689000,3,1.5,Bulls Head,1260,1800,1970,23,547,,Active,,,https://www.redfin.com/NY/Staten-Island/341-Hillman-Ave-10314/home/56061496,SIBORMLS,2503961,N,Y,40.6131832,-74.1627712
MLS Listing,,Single Family Residential,145-51 Arlington Ter,Jamaica,NY,11435,760000,2,2.0,Jamaica,1290,2200,1930,27,589,,Active,,,https://www.redfin.com/NY/Jamaica/14551-Arlington-Ter-11435/home/20714964,OneKey® MLS as Distributed by MLS Grid,873228,N,Y,40.690853,-73.801421
MLS Listing,,Condo/Co-op,57-45 Marathon Pkwy,Little Neck,NY,11362,449000,3,1.0,Little Neck,,,1950,33,,,Active,,,https://www.redfin.com/NY/Little-Neck/5745-Marathon-Pkwy-11362/Uppr/home/59306905,OneKey® MLS as Distributed by MLS Grid,843759,N,Y,40.7591882,-73.7308243
MLS Listing,,Single Family Residential,187 Seaver Ave #1,Staten Island,NY,10305,285000,1,1.0,Dongan Hills-Above Hylan,628,628,1968,37,454,430,Active,,,https://www.redfin.com/NY/Staten-Island/187-Seaver-Ave-10305/unit-1/home/196180246,SIBORMLS,2503681,N,Y,40.5844018,-74.0981805
MLS Listing,,Single Family Residential,310 Beach 39th St,Far Rockaway,NY,11691,569000,3,1.0,Far Rockaway,2652,1549,1940,52,215,,Active,,,https://www.redfin.com/NY/Far-Rockaway/310-Beach-39th-St-11691/home/20674139,OneKey® MLS as Distributed by MLS Grid,875531,N,Y,40.5947519,-73.7710883
MLS Listing,,Condo/Co-op,61-15 97th St Unit 8M,Rego Park,NY,11374,310000,1,1.0,Rego Park,,,1960,56,,839,Active,,,https://www.redfin.com/NY/Rego-Park/6115-97th-St-11374/unit-8M/home/40473902,OneKey® MLS as Distributed by MLS Grid,873769,N,Y,40.7338024,-73.8621051
MLS Listing,,Single Family Residential,13411 243rd St,Rosedale,NY,11422,799000,2,2.5,Rosedale,1716,4000,1925,76,466,,Active,,,https://www.redfin.com/NY/Rosedale/13411-243rd-St-11422/home/20690739,OneKey® MLS as Distributed by MLS Grid,862853,N,Y,40.6722372,-73.7313514
MLS Listing,,Condo/Co-op,1500 Ocean Pkwy Unit 4G,Brooklyn,NY,11230,364000,1,1.0,Brooklyn,830,,,112,439,,Active,,,https://www.redfin.com/NY/Brooklyn/1500-Ocean-Pkwy-11230/unit-4G/home/178530827,BNYMLS,490795,N,Y,40.612086,-73.9688152
MLS Listing,,Single Family Residential,102-02 163rd Dr,Howard Beach,NY,11414,726000,3,2.5,Howard Beach,1540,2400,2004,121,471,,Active,,,https://www.redfin.com/NY/Howard-Beach/10202-163rd-Dr-11414/home/20679244,OneKey® MLS as Distributed by MLS Grid,843376,N,Y,40.6524269,-73.8292592
MLS Listing,,Single Family Residential,153-14 119th Ave,Jamaica,NY,11434,619000,3,1.0,Jamaica,1024,1544,1940,126,604,,Active,,,https://www.redfin.com/NY/Jamaica/15314-119th-Ave-11434/home/20709272,OneKey® MLS as Distributed by MLS Grid,841081,N,Y,40.6796322,-73.7887599
MLS Listing,,Condo/Co-op,305 E 40th St Unit 3X,New York (manhattan),NY,10016,444900,0,1.0,New York (Manhattan),541,,1963,127,822,,Active,,,https://www.redfin.com/NY/New-York/305-E-40th-St-10016/unit-3X/home/45154374,OneKey® MLS as Distributed by MLS Grid,840511,N,Y,40.7485725,-73.9727455
MLS Listing,,Condo/Co-op,37-20 81st St Unit 1F,Jackson Heights,NY,11372,224000,1,1.0,3720 81st,,,1929,135,,,Active,,,https://www.redfin.com/NY/Jackson-Heights/3720-81st-St-11372/unit-1F/home/20627605,OneKey® MLS as Distributed by MLS Grid,837151,N,Y,40.7490395,-73.8854005
MLS Listing,,Condo/Co-op,174 Jackson St Unit 2A,Brooklyn,NY,11211,950000,1,1.0,Brooklyn,700,,2009,145,1357,637,Active,,,https://www.redfin.com/NY/Brooklyn/174-Jackson-St-11211/unit-2A/home/40929334,OneKey® MLS as Distributed by MLS Grid,830860,N,Y,40.7165279,-73.9439957
MLS Listing,,Condo/Co-op,37-14 34th St Unit N3E,Long Island City,NY,11101,870000,1,1.0,Long Island City,658,,2019,161,1322,773,Active,,,https://www.redfin.com/NY/Long-Island-City/3714-34th-St-11101/unit-N3E/home/175777798,OneKey® MLS as Distributed by MLS Grid,826306,N,Y,40.7534527,-73.9291354
MLS Listing,,Mobile/Manufactured Home,3145 Mickle Ave,Bronx,NY,10469,899000,6,2.0,Bronx,2012,1924,1950,1,447,,Active,,,https://www.redfin.com/NY/Bronx/3145-Mickle-Ave-10469/home/44605667,OneKey® MLS as Distributed by MLS Grid,896136,N,Y,40.8726743,-73.8432618
MLS Listing,,Single Family Residential,52 Nassau Rd,Great Neck,NY,11021,975000,3,2.0,Great Neck,1154,3480,1921,1,845,,Active,,,https://www.redfin.com/NY/Great-Neck/52-Nassau-Rd-11021/home/20801006,OneKey® MLS as Distributed by MLS Grid,896038,N,Y,40.7749756,-73.7379712
MLS Listing,,Condo/Co-op,144-27 Sanford Ave Unit 4K,Flushing,NY,11355,838000,2,2.0,Flushing,860,,2021,1,974,393,Active,,,https://www.redfin.com/NY/Flushing/14427-Sanford-Ave-11355/unit-4K/home/180604026,OneKey® MLS as Distributed by MLS Grid,895553,N,Y,40.7594595,-73.8198559
MLS Listing,,Multi-Family (2-4 Unit),86 Tioga St,Staten Island,NY,10301,1199000,5,3.5,Sunnyside,2432,3585,1975,1,493,,Active,,,https://www.redfin.com/NY/Staten-Island/86-Tioga-St-10301/home/56101028,SIBORMLS,2504470,N,Y,40.6112117,-74.1021737
MLS Listing,,Single Family Residential,103-28 125TH ST 125th St,Richmond Hill S.,NY,11419,728000,4,3.0,Richmond Hill S.,1125,2000,1920,1,647,,Active,,,https://www.redfin.com/NY/South-Richmond-Hill/10328-125th-St-11419/home/20766884,OneKey® MLS as Distributed by MLS Grid,896132,N,Y,40.6885761,-73.8197704
MLS Listing,,Condo/Co-op,102-30 66th Rd Unit 3K,Forest Hills,NY,11375,394888,1,1.0,Forest Hills,900,,1965,1,439,,Active,,,https://www.redfin.com/NY/Forest-Hills/10230-66th-Rd-11375/unit-3K/home/66652247,OneKey® MLS as Distributed by MLS Grid,894907,N,Y,40.7284716,-73.8505211
MLS Listing,,Multi-Family (2-4 Unit),319 Vanderbilt St,Brooklyn,NY,11218,2099000,4,2.0,Brooklyn,2670,1617,1915,1,786,,Active,,,https://www.redfin.com/NY/Brooklyn/319-Vanderbilt-St-11218/home/40790679,OneKey® MLS as Distributed by MLS Grid,896128,N,Y,40.6528101,-73.9785608
MLS Listing,,Multi-Family (2-4 Unit),13332 143rd St,Jamaica,NY,11436,1000000,4,2.0,Jamaica,1750,2506,2004,1,571,,Active,,,https://www.redfin.com/NY/Jamaica/13332-143rd-St-11436/home/20714483,OneKey® MLS as Distributed by MLS Grid,896079,N,Y,40.6684929,-73.7964845
MLS Listing,,Single Family Residential,110-34 Union Hall St,Jamaica,NY,11433,749000,3,3.0,Jamaica,1248,3192,1920,1,600,,Active,,,https://www.redfin.com/NY/Jamaica/11034-Union-Hall-St-11433/home/20710354,OneKey® MLS as Distributed by MLS Grid,896122,N,Y,40.6919631,-73.7896309
MLS Listing,,Condo/Co-op,3845 Shore Pkwy Unit 6K,Brooklyn,NY,11235,299999,1,1.0,Brooklyn,1080,,,1,278,,Active,,,https://www.redfin.com/NY/Brooklyn/3845-Shore-Pkwy-11235/unit-6K/home/178448324,BNYMLS,494579,N,Y,40.5868992,-73.9332613
MLS Listing,,Single Family Residential,25311 147th Rd,Rosedale,NY,11422,749999,3,1.5,Rosedale,1315,2106,1960,1,570,,Active,,,https://www.redfin.com/NY/Rosedale/25311-147th-Rd-11422/home/20685093,OneKey® MLS as Distributed by MLS Grid,895508,N,Y,40.6567202,-73.7360648
MLS Listing,,Multi-Family (2-4 Unit),4316 212th St,Bayside,NY,11361,1499000,4,,Bayside,2886,2500,2001,1,519,,Active,,,https://www.redfin.com/NY/Bayside/4316-212th-St-11361/home/20829034,OneKey® MLS as Distributed by MLS Grid,896110,N,Y,40.7604256,-73.7716532
MLS Listing,,Condo/Co-op,67-35 Yellowstone Blvd Unit 6H,Forest Hills,NY,11375,599990,2,2.0,The Hamilton,1150,,1952,1,522,,Active,August-3-2025 04:30 AM,August-3-2025 06:00 PM,https://www.redfin.com/NY/Forest-Hills/6735-Yellowstone-Blvd-11375/unit-6H/home/20643564,OneKey® MLS as Distributed by MLS Grid,895208,N,Y,40.727413,-73.8486584
MLS Listing,,Condo/Co-op,41-50 149 Pl Unit C2F,Flushing,NY,11355,369000,1,1.0,Flushing,485,,2004,1,761,153,Active,,,https://www.redfin.com/NY/Queens/4150-149th-Pl-11355/unit-C2F/home/23151368,OneKey® MLS as Distributed by MLS Grid,896104,N,Y,40.7609736,-73.8143584
MLS Listing,,Single Family Residential,16 Boyle Pl,Staten Island,NY,10306,2300000,4,5.5,Lighthouse Hill,5400,7500,2025,1,426,,Pre On-Market,,,https://www.redfin.com/NY/Staten-Island/16-Boyle-Pl-10306/home/56039316,SIBORMLS,2504469,N,Y,40.5766528,-74.1316745
MLS Listing,,Condo/Co-op,84-62 Austin St Unit C007,Kew Gardens,NY,11415,428000,1,1.0,Kew Gardens,750,20064,1981,1,571,439,Active,,,https://www.redfin.com/NY/Kew-Gardens/84-62-Austin-St-11415/unit-C007/home/55673921,OneKey® MLS as Distributed by MLS Grid,895229,N,Y,40.7064464,-73.8267894
MLS Listing,,Single Family Residential,207 Bradford St,Brooklyn,NY,11207,625000,3,2.0,Brooklyn,835,2500,1930,1,749,,Active,August-10-2025 03:00 PM,August-10-2025 05:00 PM,https://www.redfin.com/NY/Brooklyn/207-Bradford-St-11207/home/40754811,OneKey® MLS as Distributed by MLS Grid,896102,N,Y,40.6742677,-73.8923517
MLS Listing,,Condo/Co-op,72 W 88th St #2,New York (manhattan),NY,10024,960000,4,1.0,New York (Manhattan),1089,,1900,1,882,,Active,,,https://www.redfin.com/NY/New-York/72-W-88th-St-10024/unit-2/home/196756133,OneKey® MLS as Distributed by MLS Grid,896081,N,Y,40.787509,-73.971143
MLS Listing,,Multi-Family (2-4 Unit),118 Hendricks Ave,Staten Island,NY,10301,579900,6,2.0,West Brighton,2248,2500,1920,1,258,,Active,,,https://www.redfin.com/NY/Staten-Island/118-Hendricks-Ave-10301/home/56029677,SIBORMLS,2504467,N,Y,40.6400506,-74.0853853
MLS Listing,,Single Family Residential,22 Betty Ct,Staten Island,NY,10303,525000,3,1.0,Staten Island,1200,,1998,1,438,75,Active,,,https://www.redfin.com/NY/Staten-Island/22-Betty-Ct-10303/home/56119177,OneKey® MLS as Distributed by MLS Grid,896010,N,Y,40.6407125,-74.1693534
MLS Listing,,Single Family Residential,13 Marine Ave,Brooklyn,NY,11209,2388000,8,3.0,Brooklyn,2262,6498,1925,1,1056,,Active,August-3-2025 12:00 PM,August-3-2025 02:00 PM,https://www.redfin.com/NY/Brooklyn/13-Marine-Ave-11209/home/40819559,BNYMLS,494355,N,Y,40.6201745,-74.0375171
MLS Listing,,Condo/Co-op,24929 64th Ave #1224,Little Neck,NY,11362,438000,2,1.0,Little Neck,960,,1953,1,456,1076,Active,August-2-2025 12:00 PM,August-2-2025 02:00 PM,https://www.redfin.com/NY/Little-Neck/24929-64th-Ave-11362/unit-1224/home/59306885,OneKey® MLS as Distributed by MLS Grid,896084,N,Y,40.755306,-73.7266884
MLS Listing,,Single Family Residential,11723 146th St,Jamaica,NY,11436,660000,3,1.5,Jamaica,1022,2400,1930,1,646,,Active,,,https://www.redfin.com/NY/Jamaica/11723-146th-St-11436/home/20718125,OneKey® MLS as Distributed by MLS Grid,896063,N,Y,40.6793739,-73.7940678
MLS Listing,,Condo/Co-op,132-35 41st Rd Unit 10A,Flushing,NY,11355,980000,3,2.0,Flushing,1154,,2008,1,849,541,Active,,,https://www.redfin.com/NY/Flushing/13235-41st-Rd-11355/unit-10A/home/28924585,OneKey® MLS as Distributed by MLS Grid,896072,N,Y,40.7562994,-73.8326709
MLS Listing,,Single Family Residential,3601 Hylan Blvd,Staten Island,NY,10307,829999,3,2.0,Bay Terrace,1170,4000,1955,1,709,,Active,August-2-2025 02:30 PM,August-2-2025 04:30 PM,https://www.redfin.com/NY/Staten-Island/3601-Hylan-Blvd-10308/home/56071872,SIBORMLS,2504466,N,Y,40.5501842,-74.1369992
MLS Listing,,Condo/Co-op,132-35 41st Rd Unit 10D,Flushing,NY,11355,980000,3,2.0,Flushing,1149,,2008,1,853,539,Active,,,https://www.redfin.com/NY/Flushing/13235-41st-Rd-11355/unit-10D/home/28658406,OneKey® MLS as Distributed by MLS Grid,895958,N,Y,40.7562994,-73.8326709
MLS Listing,,Condo/Co-op,214-10 15 Ave Unit 2F,Bayside,NY,11360,519000,1,1.0,Bayside,598,,2019,1,868,300,Active,,,https://www.redfin.com/NY/Bayside/21410-15th-Ave-11360/unit-2F/home/185224234,OneKey® MLS as Distributed by MLS Grid,896059,N,Y,40.7873388,-73.7794685
MLS Listing,,Multi-Family (5+ Unit),992 Huguenot Ave,Staten Island,NY,10312,1399000,4,3.0,Annadale,3397,6440,1905,1,412,,Active,,,https://www.redfin.com/NY/Staten-Island/992-Huguenot-Ave-10312/home/56094759,SIBORMLS,2504465,N,Y,40.5300188,-74.1907159
MLS Listing,,Single Family Residential,102 Carroll St,Bronx,NY,10464,485000,2,1.0,Bronx,786,2500,1930,1,617,,Active,August-3-2025 11:30 AM,August-3-2025 01:00 PM,https://www.redfin.com/NY/Bronx/102-Carroll-St-10464/home/44799238,OneKey® MLS as Distributed by MLS Grid,895906,N,Y,40.8455806,-73.7865101
MLS Listing,,Multi-Family (2-4 Unit),88-30 172nd St,Jamaica,NY,11432,1400000,12,5.0,Jamaica,,4000,1920,1,,,Active,,,https://www.redfin.com/NY/Jamaica/8830-172nd-St-11432/home/20762591,OneKey® MLS as Distributed by MLS Grid,896053,N,Y,40.7101127,-73.7894934
MLS Listing,,Multi-Family (2-4 Unit),2548 Young Ave,Bronx,NY,10469,949000,6,3.0,Bronx,1982,3200,1955,1,479,,Active,,,https://www.redfin.com/NY/Bronx/2548-Young-Ave-10469/home/44736322,OneKey® MLS as Distributed by MLS Grid,895959,N,Y,40.8640509,-73.8478901
MLS Listing,,Condo/Co-op,2 West End Ave Unit 6L,Brooklyn,NY,11235,439000,2,1.0,Brooklyn,1100,,,1,399,,Active,,,https://www.redfin.com/NY/Brooklyn/2-W-End-Ave-11235/unit-6L/home/196754974,BNYMLS,494480,N,Y,40.5813698,-73.9541356
MLS Listing,,Single Family Residential,67 Husson St,Staten Island,NY,10305,725000,3,2.5,Dongan Hills-Above Hylan,1300,945,1987,1,558,,Active,,,https://www.redfin.com/NY/Staten-Island/67-Husson-St-10305/home/56102560,SIBORMLS,2504464,N,Y,40.585966,-74.096874
MLS Listing,,Single Family Residential,158 Kingdom Ave,Staten Island,NY,10312,1125000,3,1.5,Huguenot,2450,4000,2005,1,459,,Pre On-Market,August-3-2025 11:30 AM,August-3-2025 01:30 PM,https://www.redfin.com/NY/Staten-Island/158-Kingdom-Ave-10312/home/56100247,SIBORMLS,2504463,N,Y,40.5287579,-74.1876848
MLS Listing,,Single Family Residential,27 Sonia Ct,Staten Island,NY,10309,748800,3,2.0,Woodrow,1800,3020,1996,1,416,100,Active,August-2-2025 01:00 PM,August-2-2025 03:00 PM,https://www.redfin.com/NY/Staten-Island/27-Sonia-Ct-10309/home/56073703,SIBORMLS,2504462,N,Y,40.5348272,-74.2190102
MLS Listing,,Condo/Co-op,11 Hoyt St Unit 12M,Brooklyn,NY,11201,780000,0,1.0,Brooklyn,466,,2020,1,1674,,Active,August-3-2025 12:00 PM,August-3-2025 02:00 PM,https://www.redfin.com/NY/Brooklyn/11-Hoyt-St-11201/unit-12M/home/148703781,OneKey® MLS as Distributed by MLS Grid,896013,N,Y,40.6900914,-73.9850905
MLS Listing,,Single Family Residential,11120 139th St,Jamaica,NY,11435,669000,2,1.0,Jamaica,800,3000,1925,1,836,,Active,August-2-2025 01:00 AM,August-2-2025 03:00 PM,https://www.redfin.com/NY/Jamaica/11120-139th-St-11435/home/20714739,OneKey® MLS as Distributed by MLS Grid,895999,N,Y,40.6844607,-73.8051181
MLS Listing,,Multi-Family (2-4 Unit),34 Orbit Ln,Staten Island,NY,10314,1150000,4,3.5,New Springville,2800,3515,2001,1,411,468,Active,August-3-2025 12:00 PM,August-3-2025 02:00 PM,https://www.redfin.com/NY/Staten-Island/34-Orbit-Ln-10314/home/56091499,SIBORMLS,2504461,N,Y,40.5962449,-74.1603516
MLS Listing,,Multi-Family (5+ Unit),1349 Elder Ave,Bronx,NY,10472,1299000,4,3.0,Bronx,2420,8524,1926,1,537,,Active,,,https://www.redfin.com/NY/Bronx/1349-Elder-Ave-10472/home/196752322,OneKey® MLS as Distributed by MLS Grid,895985,N,Y,40.8327245,-73.8803024
MLS Listing,,Single Family Residential,91-03 121st St,Richmond Hill,NY,11418,699000,3,2.0,Richmond Hill,1102,2200,1925,1,634,,Active,,,https://www.redfin.com/NY/Richmond-Hill/9103-121st-St-11418/home/20774101,OneKey® MLS as Distributed by MLS Grid,895949,N,Y,40.696397,-73.82642
MLS Listing,,Condo/Co-op,555 Kappock St Unit 14C,Bronx,NY,10463,439500,2,2.0,Bronx,1200,,1966,1,366,,Active,,,https://www.redfin.com/NY/Bronx/555-Kappock-St-10463/unit-14C/home/44600909,OneKey® MLS as Distributed by MLS Grid,895971,N,Y,40.8779664,-73.9170144
MLS Listing,,Condo/Co-op,16634 137th Ave Unit B1,Jamaica,NY,11434,350000,2,1.0,Jamaica,809,37857,1988,1,433,,Active,,,https://www.redfin.com/NY/Jamaica/16634-137th-Ave-11434/unit-B1/home/20704428,OneKey® MLS as Distributed by MLS Grid,895969,N,Y,40.6719885,-73.7731944
MLS Listing,,Multi-Family (2-4 Unit),32 Bay 34th St,Brooklyn,NY,11214,1690000,,4.0,Brooklyn,2320,2500,1935,1,728,,Active,,,https://www.redfin.com/NY/Brooklyn/32-Bay-34th-St-11214/home/40847788,BNYMLS,493969,N,Y,40.5995727,-73.9917492
MLS Listing,,Single Family Residential,684 4th Ave,Brooklyn,NY,11232,1999000,5,3.0,Brooklyn,2150,1550,1910,1,930,,Active,,,https://www.redfin.com/NY/Brooklyn/684-4th-Ave-11232/home/40689775,BNYMLS,494623,N,Y,40.6630516,-73.995709
MLS Listing,,Condo/Co-op,75-40 Springfield Blvd,Oakland Gardens,NY,11364,320000,2,1.0,Windsor Oaks,,,1955,1,,,Active,,,https://www.redfin.com/NY/Oakland-Gardens/75-40-Springfield-Blvd-11364/Uppr/home/146495907,OneKey® MLS as Distributed by MLS Grid,895953,N,Y,40.7395953,-73.7502326
MLS Listing,,Single Family Residential,80 Belwood Loop,Staten Island,NY,10307,1395000,4,3.5,Tottenville,2770,6783,2012,1,504,120,Active,,,https://www.redfin.com/NY/Staten-Island/80-Belwood-Loop-10307/home/56133885,SIBORMLS,2504460,N,Y,40.5045421,-74.2306076
MLS Listing,,Condo/Co-op,11011 Queens Blvd Unit 20B,Forest Hills,NY,11375,1250000,3,2.0,Forest Hills,1700,,1964,1,735,,Pre On-Market,,,https://www.redfin.com/NY/Forest-Hills/11011-Queens-Blvd-11375/unit-20B/home/187960640,OneKey® MLS as Distributed by MLS Grid,895629,N,Y,40.7201618,-73.8397754
MLS Listing,,Single Family Residential,99-23 215th St,Arverne,NY,11429,560000,2,1.5,Arverne,1136,3750,1930,1,493,,Active,,,https://www.redfin.com/NY/Queens-Village/9923-215th-St-11429/home/20732450,OneKey® MLS as Distributed by MLS Grid,895891,N,Y,40.713798,-73.7438899
MLS Listing,,Multi-Family (2-4 Unit),1717 Voorhies Ave,Brooklyn,NY,11235,1999000,8,6.0,Brooklyn,4800,2000,1922,1,416,,Active,,,https://www.redfin.com/NY/Brooklyn/1717-Voorhies-Ave-11235/home/40867645,BNYMLS,494607,N,Y,40.5861093,-73.9513725
MLS Listing,,Multi-Family (2-4 Unit),93-09 43rd Ave,Elmhurst,NY,11373,1330000,8,4.0,Elmhurst,1836,2063,1920,1,724,,Active,,,https://www.redfin.com/NY/Elmhurst/9309-43rd-Ave-11373/home/20924569,BNYMLS,494616,N,Y,40.7442255,-73.8721598
MLS Listing,,Single Family Residential,8 Alpine Ave,Staten Island,NY,10301,699000,4,1.0,Grymes Hill,1020,8827,1915,1,685,,Active,,,https://www.redfin.com/NY/Staten-Island/8-Alpine-Ave-10301/home/56028513,SIBORMLS,2504459,N,Y,40.6161509,-74.0984167
MLS Listing,,Single Family Residential,69 Grant St,Staten Island,NY,10301,748888,3,2.5,Tompkinsville,1130,2250,2024,1,663,,Active,,,https://www.redfin.com/NY/Staten-Island/69-Grant-St-10301/home/191503466,SIBORMLS,2504457,N,Y,40.633952,-74.077598
MLS Listing,,Single Family Residential,67 Grant St,Staten Island,NY,10301,699888,3,2.0,Tompkinsville,1104,1500,2024,1,634,,Active,,,https://www.redfin.com/NY/Staten-Island/67-Grant-St-10301/home/191503465,SIBORMLS,2504456,N,Y,40.6339431,-74.0775869
MLS Listing,,Condo/Co-op,155 Bay 20th St Unit 3D,Brooklyn,NY,11214,749999,2,2.0,Brooklyn,1130,,1998,1,664,,Active,,,https://www.redfin.com/NY/Brooklyn/155-Bay-20th-St-11214/unit-3D/home/40831706,BNYMLS,494618,N,Y,40.6032751,-74.0040825
MLS Listing,,Condo/Co-op,221 Mcdonald Ave Unit 3P,Brooklyn,NY,11218,475000,1,1.0,Brooklyn,702,59293,1953,1,677,,Active,August-3-2025 11:00 AM,August-3-2025 12:30 PM,https://www.redfin.com/NY/Brooklyn/221-McDonald-Ave-11218/unit-3P/home/189410731,OneKey® MLS as Distributed by MLS Grid,895916,N,Y,40.6492641,-73.98034
MLS Listing,,Condo/Co-op,97-45 63rd Dr Unit 4F,Rego Park,NY,11374,828000,2,2.0,Rego Park,892,,2016,1,928,320,Active,,,https://www.redfin.com/NY/Rego-Park/9745-63rd-Dr-11374/unit-4F/home/145549758,OneKey® MLS as Distributed by MLS Grid,895914,N,Y,40.731056,-73.859225
MLS Listing,,Multi-Family (2-4 Unit),976 Sackett Ave,Bronx,NY,10462,775000,3,2.0,Bronx,2000,1037,1920,1,388,,Active,,,https://www.redfin.com/NY/Bronx/976-Sackett-Ave-10462/home/44792528,OneKey® MLS as Distributed by MLS Grid,895797,N,Y,40.8435613,-73.8537372
MLS Listing,,Multi-Family (2-4 Unit),1570 Paulding Ave,Bronx,NY,10462,990000,4,2.0,Bronx,1836,1800,1956,1,539,,Active,,,https://www.redfin.com/NY/Bronx/1570-Paulding-Ave-10462/home/44745297,OneKey® MLS as Distributed by MLS Grid,894429,N,Y,40.8446522,-73.8522319
MLS Listing,,Single Family Residential,177-33 106th RD Rd,Jamaica,NY,11433,300000,5,2.5,Jamaica,400,2500,1930,1,750,,Active,,,https://www.redfin.com/NY/Jamaica/17733-106th-Rd-11433/home/20754714,OneKey® MLS as Distributed by MLS Grid,895909,N,Y,40.7029085,-73.7793398
MLS Listing,,Condo/Co-op,620 W 239th St Unit 5D,Bronx,NY,10463,225000,1,1.0,620 Tenants Corporation,850,,1953,1,265,,Active,August-2-2025 12:00 PM,August-2-2025 01:00 PM,https://www.redfin.com/NY/Bronx/620-W-239th-St-10463/unit-5D/home/191853023,OneKey® MLS as Distributed by MLS Grid,895883,N,Y,40.8894795,-73.9118284
MLS Listing,,Condo/Co-op,138-12 Northern Blvd Unit 5D,Flushing,NY,11354,838000,2,2.0,Global City Development,808,2000,1955,1,1037,241,Active,,,https://www.redfin.com/NY/Flushing/13812-Northern-Blvd-11354/unit-5D/home/173278129,OneKey® MLS as Distributed by MLS Grid,895533,N,Y,40.7638317,-73.8277287
MLS Listing,,Single Family Residential,416 Maryland Ave Unit 2b,Staten Island,NY,10305,299000,1,1.0,Rosebank,800,800,1974,1,374,955,Active,,,https://www.redfin.com/NY/Staten-Island/416-Maryland-Ave-10305/unit-2B/home/148229020,SIBORMLS,2504455,N,Y,40.6086618,-74.0745052
MLS Listing,,Single Family Residential,20 Glover Ave,Yonkers,NY,10704,699000,3,1.5,Yonkers,1675,4792,1926,1,417,,Active,August-2-2025 01:00 PM,August-2-2025 04:00 PM,https://www.redfin.com/NY/Yonkers/20-Glover-Ave-10704/home/196750562,OneKey® MLS as Distributed by MLS Grid,895773,N,Y,40.904004,-73.865603
MLS Listing,,Single Family Residential,117-66 127th Street,South Ozone Park,NY,11420,648888,3,3.0,South Ozone Park,1182,,1920,1,549,,Active,,,https://www.redfin.com/NY/South-Ozone-Park/11766-127th-St-11420/home/20719861,OneKey® MLS as Distributed by MLS Grid,895337,N,Y,40.673748,-73.811457
MLS Listing,,Single Family Residential,65 Grant St,Staten Island,NY,10301,699888,3,2.0,Tompkinsville,1104,1500,2024,1,634,,Active,,,https://www.redfin.com/NY/Staten-Island/65-Grant-St-10301/home/191503464,SIBORMLS,2504453,N,Y,40.6339436,-74.0775867
MLS Listing,,Single Family Residential,40 North Ave,Staten Island,NY,10302,799999,3,1.5,Westerleigh,1008,6768,1955,1,794,,Active,August-2-2025 11:00 AM,August-2-2025 01:00 PM,https://www.redfin.com/NY/Staten-Island/40-North-Ave-10302/home/56045666,SIBORMLS,2504452,N,Y,40.6233757,-74.1365894
MLS Listing,,Single Family Residential,63 Grant St,Staten Island,NY,10301,748888,3,2.5,Tompkinsville,1130,2250,2024,1,663,,Active,,,https://www.redfin.com/NY/Staten-Island/63-Grant-St-10301/home/113670435,SIBORMLS,2504451,N,Y,40.633884,-74.077427
MLS Listing,,Condo/Co-op,2165 Matthews Ave Unit 2G,Bronx,NY,10462,150000,1,1.0,Bronx,800,,1965,1,188,,Active,,,https://www.redfin.com/NY/Bronx/2165-Matthews-Ave-10462/unit-2G/home/44801901,OneKey® MLS as Distributed by MLS Grid,895865,N,Y,40.855671,-73.863154
MLS Listing,,Multi-Family (2-4 Unit),46 S 12th Ave,Mount Vernon,NY,10550,1150000,7,4.0,Mount Vernon,3500,4792,1940,1,329,,Active,,,https://www.redfin.com/NY/Mount-Vernon/46-S-12th-Ave-10550/home/20008040,OneKey® MLS as Distributed by MLS Grid,895451,N,Y,40.9081298,-73.8441347
MLS Listing,,Multi-Family (2-4 Unit),679 E 221st St,Bronx,NY,10467,999000,7,3.0,Bronx,2320,2856,1920,1,431,,Active,,,https://www.redfin.com/NY/Bronx/679-E-221st-St-10467/home/44632971,OneKey® MLS as Distributed by MLS Grid,895429,N,Y,40.8854114,-73.8627764
MLS Listing,,Condo/Co-op,4200 Herkimer Pl Unit 6C,Bronx,NY,10470,125000,0,1.0,The Executive House,457,,1967,1,274,,Active,August-2-2025 02:30 PM,August-2-2025 03:30 PM,https://www.redfin.com/NY/Bronx/4200-Herkimer-Pl-10470/unit-6C/home/44601448,OneKey® MLS as Distributed by MLS Grid,895849,N,Y,40.895906,-73.8756017
MLS Listing,,Condo/Co-op,3101 Ocean Pkwy Unit 4J,Brooklyn,NY,11235,355000,1,1.0,Brooklyn,875,,,1,406,,Active,,,https://www.redfin.com/NY/Brooklyn/3101-Ocean-Pkwy-11235/unit-4J/home/196742694,BNYMLS,494598,N,Y,40.5756886,-73.967851
MLS Listing,,Multi-Family (2-4 Unit),3239 Tierney Pl,Bronx,NY,10465,1500000,6,4.0,Bronx,3000,3933,1920,1,500,,Active,,,https://www.redfin.com/NY/Bronx/3239-Tierney-Pl-10465/home/44750185,OneKey® MLS as Distributed by MLS Grid,893477,N,Y,40.8147574,-73.8008604
MLS Listing,,Multi-Family (2-4 Unit),1823 Anthony Ave,Bronx,NY,10457,999000,10,5.0,Bronx,2548,2250,1901,1,392,,Active,,,https://www.redfin.com/NY/Bronx/1823-Anthony-Ave-10457/home/44715822,OneKey® MLS as Distributed by MLS Grid,895464,N,Y,40.8468584,-73.9040266
MLS Listing,,Single Family Residential,2040 Washington Ave,Bronx,NY,10457,729000,5,3.0,Bronx,1566,995,1899,1,466,,Active,,,https://www.redfin.com/NY/Bronx/2040-Washington-Ave-10457/home/44753929,OneKey® MLS as Distributed by MLS Grid,895426,N,Y,40.850138,-73.8960978
MLS Listing,,Single Family Residential,3114 Healy Ave,Far Rockaway,NY,11691,995000,4,4.0,Far Rockaway,2850,4600,1962,1,349,,Active,,,https://www.redfin.com/NY/Far-Rockaway/3114-Healy-Ave-11691/home/20677322,BNYMLS,494525,N,Y,40.6036904,-73.7684014
MLS Listing,,Condo/Co-op,17-85 215 St Unit 16J,Bayside,NY,11360,450000,1,1.0,Towers At Waters Edge,800,,1970,1,563,130,Active,,,https://www.redfin.com/NY/Bayside/1785-215th-St-11360/unit-16J/home/148441911,OneKey® MLS as Distributed by MLS Grid,891979,N,Y,40.7852085,-73.7755701
MLS Listing,,Condo/Co-op,17-85 215th St Unit 12 S,Bayside,NY,11360,445000,1,1.0,Towers At Waters Edge,900,,1970,1,494,,Active,,,https://www.redfin.com/NY/Bayside/1785-215th-St-11360/unit-12S/home/24545784,OneKey® MLS as Distributed by MLS Grid,895691,N,Y,40.7852085,-73.7755701
MLS Listing,,Condo/Co-op,11 Windham Loop Unit 3ii,Staten Island,NY,10314,399999,1,1.0,New Springville,753,753,1979,1,531,521,Active,,,https://www.redfin.com/NY/Staten-Island/11-Windham-Loop-10314/unit-3II/home/56039354,SIBORMLS,2504259,N,Y,40.5781826,-74.1626869
MLS Listing,,Single Family Residential,2168 Batchelder St,Brooklyn,NY,11229,795000,3,1.5,Brooklyn,1116,1800,1950,1,712,,Active,August-2-2025 11:30 AM,August-2-2025 01:00 PM,https://www.redfin.com/NY/Brooklyn/2168-Batchelder-St-11229/home/40863115,OneKey® MLS as Distributed by MLS Grid,895831,N,Y,40.599089,-73.9389557
MLS Listing,,Condo/Co-op,2 Bay Club Dr Unit 1Z3,Bayside,NY,11360,659888,2,2.0,Bay Club,1050,,1972,1,628,1144,Active,,,https://www.redfin.com/NY/Queens/2-Bay-Club-Dr-11360/unit-1Z3/home/178693148,OneKey® MLS as Distributed by MLS Grid,895808,N,Y,40.7781488,-73.782075
MLS Listing,,Condo/Co-op,2384 Ocean Ave Unit 5B,Brooklyn,NY,11229,630000,2,2.0,Brooklyn,1000,,2004,1,630,,Active,,,https://www.redfin.com/NY/Brooklyn/2384-Ocean-Ave-11229/unit-5B/home/40656782,BNYMLS,494602,N,Y,40.6034314,-73.9525271
MLS Listing,,Single Family Residential,568 Drew St,Brooklyn,NY,11208,1180000,8,2.0,Brooklyn,2500,2500,1930,1,472,,Active,,,https://www.redfin.com/NY/Brooklyn/568-Drew-St-11208/home/40765216,OneKey® MLS as Distributed by MLS Grid,895811,N,Y,40.6769631,-73.8630061
MLS Listing,,Single Family Residential,131 Ridgeway Ave,Staten Island,NY,10314,628000,3,2.5,Travis,1204,1512,2004,1,522,81,Active,August-2-2025 01:00 PM,August-2-2025 03:00 PM,https://www.redfin.com/NY/Staten-Island/131-Ridgeway-Ave-10314/home/56118930,SIBORMLS,2504447,N,Y,40.5941315,-74.1837318
MLS Listing,,Condo/Co-op,385 Mclean Ave Unit 10B,Yonkers,NY,10705,300000,2,2.0,Mclean Towers,1200,,1962,1,250,,Active,,,https://www.redfin.com/NY/Yonkers/385-McLean-Ave-10705/unit-10B/home/28892601,OneKey® MLS as Distributed by MLS Grid,891610,N,Y,40.9104583,-73.8863315
MLS Listing,,Single Family Residential,127 Cloverdale Ave,Staten Island,NY,10308,975000,4,3.0,Great Kills,1756,3800,1920,1,555,,Active,,,https://www.redfin.com/NY/Staten-Island/127-Cloverdale-Ave-10308/home/56072297,SIBORMLS,2504446,N,Y,40.5451162,-74.1553659
MLS Listing,,Multi-Family (2-4 Unit),2019 Gerritsen Ave,Brooklyn,NY,11229,1200000,3,2.5,Brooklyn,1971,1817,1955,1,609,,Active,,,https://www.redfin.com/NY/Brooklyn/2019-Gerritsen-Ave-11229/home/40910034,BNYMLS,494399,N,Y,40.6047778,-73.9380143
MLS Listing,,Condo/Co-op,2630 Kingsbridge Ter Unit 2R,Bronx,NY,10463,234999,1,1.0,Bronx,775,,1955,1,303,,Active,August-2-2025 12:00 PM,August-2-2025 02:00 PM,https://www.redfin.com/NY/Bronx/2630-Kingsbridge-Ter-10463/unit-2R/home/44806439,OneKey® MLS as Distributed by MLS Grid,895136,N,Y,40.8697508,-73.905391
MLS Listing,,Condo/Co-op,46-01 39 Ave #517,Sunnyside,NY,11104,325000,1,1.0,Sunnyside,400,,1961,1,813,,Active,,,https://www.redfin.com/NY/Sunnyside/4601-39th-Ave-11104/unit-517/home/40222292,OneKey® MLS as Distributed by MLS Grid,894282,N,Y,40.749517,-73.9169226
MLS Listing,,Condo/Co-op,7941 Seaview Ave Unit E1,Brooklyn,NY,11236,495000,2,2.0,Brooklyn,1025,,1986,1,483,,Active,,,https://www.redfin.com/NY/Brooklyn/7941-Seaview-Ave-11236/unit-E1/home/40889550,BNYMLS,494599,N,Y,40.6272409,-73.9003336
MLS Listing,,Condo/Co-op,2 Elmwood Park Dr #610,Staten Island,NY,10314,374999,1,1.0,Heartland Village,649,649,1982,1,578,483,Active,,,https://www.redfin.com/NY/Staten-Island/2-Elmwood-Park-Dr-10314/unit-610/home/56088013,SIBORMLS,2504250,N,Y,40.5819684,-74.1618514
MLS Listing,,Single Family Residential,504 Huguenot Ave,Staten Island,NY,10312,819000,4,1.5,Huguenot,1696,5080,1965,1,483,,Active,,,https://www.redfin.com/NY/Staten-Island/504-Huguenot-Ave-10312/home/56020307,SIBORMLS,2504445,N,Y,40.5423551,-74.1972777
MLS Listing,,Condo/Co-op,3135 Johnson Ave Unit 16C,Bronx,NY,10463,595000,2,2.0,Bronx,1350,,1953,1,441,,Active,,,https://www.redfin.com/NY/Bronx/3135-Johnson-Ave-10463/unit-16C/home/196735069,OneKey® MLS as Distributed by MLS Grid,895771,N,Y,40.8828679,-73.9112962
MLS Listing,,Multi-Family (2-4 Unit),503 W 168th St,New York (manhattan),NY,10032,1986000,3,,New York (Manhattan),3800,2375,1920,1,523,,Pre On-Market,,,https://www.redfin.com/NY/New-York/503-W-168th-St-10032/home/45310506,OneKey® MLS as Distributed by MLS Grid,895768,N,Y,40.8402451,-73.9372893
MLS Listing,,Condo/Co-op,103-10 Rockaway Beach Blvd Unit 2B,Rockaway Park,NY,11694,579000,2,2.0,Rockaway Park,1087,53294,2007,1,533,536,Active,,,https://www.redfin.com/NY/Rockaway-Park/10310-Rockaway-Beach-Blvd-11694/unit-2B/home/23221998,OneKey® MLS as Distributed by MLS Grid,895722,N,Y,40.5837415,-73.8244411
MLS Listing,,Single Family Residential,8049 260th St,Floral Park,NY,11004,849999,4,2.0,Floral Park,1242,4000,1950,1,684,,Active,,,https://www.redfin.com/NY/Glen-Oaks/8049-260th-St-11004/home/20793663,OneKey® MLS as Distributed by MLS Grid,894250,N,Y,40.7435391,-73.7103871
MLS Listing,,Condo/Co-op,345 E 93rd St Unit 11DE,New York (manhattan),NY,10128,1395000,2,2.0,Mill Rock Plaza,1400,,1975,1,996,,Active,,,https://www.redfin.com/NY/New-York/345-E-93rd-St-10128/unit-11DE/home/196732167,OneKey® MLS as Distributed by MLS Grid,895758,N,Y,40.7817244,-73.9465948
MLS Listing,,Single Family Residential,12 Yucca Dr,Staten Island,NY,10312,539000,3,1.5,Huguenot,1260,1620,1980,1,428,17,Active,August-3-2025 01:00 PM,August-3-2025 02:00 PM,https://www.redfin.com/NY/Staten-Island/12-Yucca-Dr-10312/home/56088394,SIBORMLS,2504444,N,Y,40.5515982,-74.1992199
MLS Listing,,Condo/Co-op,330 E 70th St Unit 6E,New York (manhattan),NY,10021,527000,1,1.0,New York (Manhattan),600,,1957,1,878,,Active,,,https://www.redfin.com/NY/New-York/330-E-70th-St-10021/unit-6E/home/196731777,OneKey® MLS as Distributed by MLS Grid,894828,N,Y,40.7666941,-73.9578868
MLS Listing,,Single Family Residential,33-26 166th St,Flushing,NY,11358,1199888,3,1.5,Flushing,2283,6000,1935,1,526,,Active,August-3-2025 02:00 PM,August-3-2025 03:30 PM,https://www.redfin.com/NY/Flushing/3326-166th-St-11358/home/20851352,OneKey® MLS as Distributed by MLS Grid,892473,N,Y,40.7668583,-73.7995891
MLS Listing,,Single Family Residential,119-72 178th St,Jamaica,NY,11434,670000,3,1.0,Jamaica,1460,2900,1940,1,459,,Pre On-Market,,,https://www.redfin.com/NY/Jamaica/11972-178th-St-11434/home/20706912,OneKey® MLS as Distributed by MLS Grid,895754,N,Y,40.6855117,-73.7664353
MLS Listing,,Single Family Residential,10&12 Church St,Howard Beach,NY,11414,628000,2,1.0,Howard Beach,256,1300,1920,1,2453,,Active,,,https://www.redfin.com/NY/Howard-Beach/10-Church-St-11414/home/20679587,OneKey® MLS as Distributed by MLS Grid,892023,N,Y,40.656467,-73.8319702
MLS Listing,,Single Family Residential,86-22 Somerset St,Jamaica Estates,NY,11432,2488000,4,9.0,Jamaica Estates,3842,5200,1930,1,648,,Active,,,https://www.redfin.com/NY/Jamaica/8622-Somerset-St-11432/home/20761764,OneKey® MLS as Distributed by MLS Grid,895753,N,Y,40.7174382,-73.7806273
MLS Listing,,Single Family Residential,199 Downes Ave,Staten Island,NY,10312,1625888,5,5.0,Annadale,4200,10375,1997,1,387,,Active,,,https://www.redfin.com/NY/Staten-Island/199-Downes-Ave-10312/home/56025274,SIBORMLS,2504175,N,Y,40.536864,-74.1860715
MLS Listing,,Single Family Residential,1156 Fairfax Ave,Bronx,NY,10465,699000,3,1.5,Bronx,1280,1900,1960,1,546,,Active,,,https://www.redfin.com/NY/Bronx/1156-Fairfax-Ave-10465/home/44795292,OneKey® MLS as Distributed by MLS Grid,894695,N,Y,40.8360343,-73.8234695
MLS Listing,,Multi-Family (2-4 Unit),74 Fountain Ave,Brooklyn,NY,11208,898000,5,3.0,Brooklyn,1728,1867,1899,1,520,,Active,,,https://www.redfin.com/NY/Brooklyn/74-Fountain-Ave-11208/home/40763922,OneKey® MLS as Distributed by MLS Grid,893504,N,Y,40.6783754,-73.8763976
MLS Listing,,Single Family Residential,89-16 214 St,Queens Village,NY,11427,799000,3,2.5,Queens Village,1208,,1920,1,661,,Active,,,https://www.redfin.com/NY/Queens-Village/8916-214th-St-11427/home/20748009,OneKey® MLS as Distributed by MLS Grid,891676,N,Y,40.7243735,-73.7502001
MLS Listing,,Single Family Residential,150-07 Reeves Ave,Flushing,NY,11367,1288000,4,3.0,Flushing,1224,2694,1960,1,1052,,Active,August-2-2025 12:00 PM,August-2-2025 02:00 PM,https://www.redfin.com/NY/Queens/150-07-Reeves-Ave-11367/home/41394618,OneKey® MLS as Distributed by MLS Grid,895685,N,Y,40.7389708,-73.8196158
MLS Listing,,Single Family Residential,6368 77th St,Middle Village,NY,11379,1048000,3,1.5,Middle Village,1188,1800,1950,1,882,,Active,,,https://www.redfin.com/NY/Middle-Village/6368-77th-St-11379/home/20898734,OneKey® MLS as Distributed by MLS Grid,893929,N,Y,40.717906,-73.878262
MLS Listing,,Condo/Co-op,63-61 99th St Unit A6,Rego Park,NY,11374,349000,1,1.0,RHODE ISLAND,818,,1947,1,427,,Active,,,https://www.redfin.com/NY/Rego-Park/6361-99th-St-11374/unit-A6/home/20629269,OneKey® MLS as Distributed by MLS Grid,825528,N,Y,40.7314126,-73.8561033
MLS Listing,,Single Family Residential,9222 195th Place Pl,Hollis,NY,11423,1590000,9,7.0,Hollis,4410,3150,2008,1,361,,Active,,,https://www.redfin.com/NY/Hollis/9222-195th-Pl-11423/home/20641590,OneKey® MLS as Distributed by MLS Grid,895219,N,Y,40.7126079,-73.7648991
MLS Listing,,Multi-Family (2-4 Unit),62 Dexter Ave,Staten Island,NY,10309,1168800,3,3.0,Woodrow,2700,4940,2001,1,433,65,Active,,,https://www.redfin.com/NY/Staten-Island/62-Dexter-Ave-10309/home/56090444,SIBORMLS,2504443,N,Y,40.5399407,-74.2159733
MLS Listing,,Condo/Co-op,2412 42nd Rd Unit 3E,Long Island City,NY,11101,959000,1,1.0,Long Island City,685,,2016,1,1400,438,Active,,,https://www.redfin.com/NY/Long-Island-City/2412-42nd-Rd-11101/unit-3E/home/20869589,OneKey® MLS as Distributed by MLS Grid,895734,N,Y,40.7497472,-73.9416604
MLS Listing,,Multi-Family (2-4 Unit),147-29 227th St,Springfield Gardens,NY,11413,1225000,6,3.0,Springfield Gardens,,3900,1965,1,,,Active,,,https://www.redfin.com/NY/Springfield-Gardens/14729-227th-St-11413/home/20687878,OneKey® MLS as Distributed by MLS Grid,895733,N,Y,40.6575668,-73.7551456
MLS Listing,,Single Family Residential,21115 48th Ave,Bayside,NY,11364,899000,3,3.0,Bayside,1280,1451,1959,1,702,,Active,,,https://www.redfin.com/NY/Oakland-Gardens/21115-48th-Ave-11364/home/20813005,OneKey® MLS as Distributed by MLS Grid,895727,N,Y,40.7553144,-73.7697688
MLS Listing,,Single Family Residential,58-33 71st St,Maspeth,NY,11378,1298000,3,2.0,Maspeth,1920,2500,1920,1,676,,Active,,,https://www.redfin.com/NY/Maspeth/5833-Mazeau-St-11378/home/20901579,OneKey® MLS as Distributed by MLS Grid,895692,N,Y,40.7252406,-73.89005
MLS Listing,,Townhouse,164-42 108th Dr,Jamaica,NY,11433,559000,3,2.0,Jamaica,1200,2500,1925,1,466,,Pre On-Market,,,https://www.redfin.com/NY/Jamaica/16442-108th-Dr-11433/home/20757716,OneKey® MLS as Distributed by MLS Grid,895724,N,Y,40.6966558,-73.7873817
MLS Listing,,Multi-Family (2-4 Unit),1321 Shore Dr,Bronx,NY,10465,2200000,6,4.0,Bronx,3065,18525,1920,1,718,,Active,,,https://www.redfin.com/NY/Bronx/1321-Shore-Dr-10465/home/196727493,OneKey® MLS as Distributed by MLS Grid,895723,N,Y,40.8303799,-73.8150641
MLS Listing,,Vacant Land,12-22 120 St,College Point,NY,11356,1990000,,,College Point,,9556,,1,,,Active,,,https://www.redfin.com/NY/College-Point/12-22-120th-St-11356/home/196724917,OneKey® MLS as Distributed by MLS Grid,894476,N,Y,40.7872716,-73.8481691
MLS Listing,,Single Family Residential,159-16 101 St,Howard Beach,NY,11414,724000,2,1.0,Howard Beach,,4000,1930,1,,,Active,,,https://www.redfin.com/NY/Howard-Beach/15916-101st-St-11414/home/20679330,OneKey® MLS as Distributed by MLS Grid,895631,N,Y,40.659683,-73.832592
MLS Listing,,Condo/Co-op,139 E 33rd St Unit 6J,New York (manhattan),NY,10016,460000,1,1.0,New York (Manhattan),,15060,1957,1,,1238,Active,,,https://www.redfin.com/NY/New-York/139-E-33rd-St-10016/unit-6j/home/196687704,OneKey® MLS as Distributed by MLS Grid,895715,N,Y,40.746036,-73.9803789
MLS Listing,,Single Family Residential,168 Leverett Ave,Staten Island,NY,10308,1100000,5,3.0,Great Kills,1664,4424,1960,1,661,,Active,,,https://www.redfin.com/NY/Staten-Island/168-Leverett-Ave-10308/home/56070766,SIBORMLS,2504442,N,Y,40.5575621,-74.151315
MLS Listing,,Condo/Co-op,61-41 Saunders St Unit B49,Rego Park,NY,11374,380000,2,1.0,Rego Park,1200,,1939,1,317,,Active,,,https://www.redfin.com/NY/Rego-Park/6141-Saunders-St-11374/unit-B49/home/40389451,OneKey® MLS as Distributed by MLS Grid,895710,N,Y,40.7313926,-73.8674626
MLS Listing,,Multi-Family (2-4 Unit),914 62nd St,Brooklyn,NY,11219,1628888,5,2.5,Brooklyn,2160,1017,1920,1,754,,Active,,,https://www.redfin.com/NY/Brooklyn/914-62nd-St-11219/home/40807927,BNYMLS,494597,N,Y,40.632676,-74.008242
MLS Listing,,Townhouse,663 E 92nd St,Brooklyn,NY,11236,899000,6,3.0,Brooklyn,1601,2192,1945,1,562,,Active,,,https://www.redfin.com/NY/Brooklyn/663-E-92nd-St-11236/home/40775556,OneKey® MLS as Distributed by MLS Grid,895703,N,Y,40.651304,-73.915364
MLS Listing,,Multi-Family (2-4 Unit),2736 Mill Ave,Brooklyn,NY,11234,885000,5,3.0,Brooklyn,2271,1792,1960,1,390,,Active,August-3-2025 12:00 PM,August-3-2025 02:00 PM,https://www.redfin.com/NY/Brooklyn/2736-Mill-Ave-11234/home/40904190,OneKey® MLS as Distributed by MLS Grid,895699,N,Y,40.6078515,-73.9144998
MLS Listing,,Single Family Residential,11518 146th St,Jamaica,NY,11436,649000,3,2.5,Jamaica,1248,2000,1930,1,520,,Active,,,https://www.redfin.com/NY/Jamaica/11518-146th-St-11436/home/20715804,OneKey® MLS as Distributed by MLS Grid,895682,N,Y,40.6830267,-73.7963107
MLS Listing,,Condo/Co-op,99-60 63 Rd Unit 11B,Rego Park,NY,11374,369000,1,1.0,Rego Park,800,,1952,1,461,,Active,,,https://www.redfin.com/NY/Rego-Park/99-60-63rd-Rd-11374/unit-11B/home/196712741,OneKey® MLS as Distributed by MLS Grid,895602,N,Y,40.7325171,-73.8546539
MLS Listing,,Multi-Family (2-4 Unit),16 Knapp St,Staten Island,NY,10314,1125000,5,3.5,Bulls Head,2352,6175,1970,1,478,,Active,,,https://www.redfin.com/NY/Staten-Island/16-Knapp-St-10314/home/56041065,SIBORMLS,2504441,N,Y,40.5944042,-74.1632155
MLS Listing,,Multi-Family (2-4 Unit),114-42 204th St,Saint Albans,NY,11412,792000,3,2.0,Saint Albans,,,1945,1,,,Active,,,https://www.redfin.com/NY/Saint-Albans/11442-204th-St-11412/home/20737804,OneKey® MLS as Distributed by MLS Grid,895667,N,Y,40.6997541,-73.7508625
MLS Listing,,Condo/Co-op,4262 Hunter St Unit 4B,Long Island City,NY,11101,749000,1,1.0,Long Island City,445,,2022,1,1683,298,Active,,,https://www.redfin.com/NY/Long-Island-City/4262-Hunter-St-11101/unit-4B/home/196202372,OneKey® MLS as Distributed by MLS Grid,895673,N,Y,40.7489,-73.9403463
MLS Listing,,Condo/Co-op,4262 Hunter St Unit 3C,Long Island City,NY,11101,959000,2,2.0,Long Island City,590,,2022,1,1625,398,Active,,,https://www.redfin.com/NY/Long-Island-City/4262-Hunter-St-11101/unit-3C/home/196202370,OneKey® MLS as Distributed by MLS Grid,895671,N,Y,40.7489,-73.9403463
MLS Listing,,Condo/Co-op,7465 220th St Unit 102A2,Oakland Gardens,NY,11364,375000,2,1.0,Oakland Gardens,750,,1952,1,500,,Active,,,https://www.redfin.com/NY/Oakland-Gardens/7465-220th-St-11364/unit-102A2/home/113871892,OneKey® MLS as Distributed by MLS Grid,895633,N,Y,40.7402459,-73.7531363
MLS Listing,,Single Family Residential,15050 15th Dr,Whitestone,NY,11357,1150000,3,3.0,Whitestone,2880,2880,1940,1,399,,Active,,,https://www.redfin.com/NY/Whitestone/15050-15th-Dr-11357/home/20861494,OneKey® MLS as Distributed by MLS Grid,895169,N,Y,40.7860678,-73.8119085
MLS Listing,,Condo/Co-op,61-15 98th St Unit 14G,Rego Park,NY,11374,319000,1,1.0,Park City Estates,780,,1960,1,409,,Active,August-3-2025 11:30 AM,August-3-2025 01:00 PM,https://www.redfin.com/NY/Rego-Park/6115-98th-St-11374/unit-14G/home/20659779,OneKey® MLS as Distributed by MLS Grid,894722,N,Y,40.7346339,-73.8602384
MLS Listing,,Single Family Residential,11608 196th St,Saint Albans,NY,11412,899000,6,3.0,Saint Albans,1197,4000,1950,1,751,,Active,,,https://www.redfin.com/NY/Saint-Albans/11608-196th-St-11412/home/20732937,OneKey® MLS as Distributed by MLS Grid,895656,N,Y,40.6946953,-73.7565407
MLS Listing,,Condo/Co-op,50 Shore Blvd Unit 3H,Brooklyn,NY,11235,235000,0,1.0,Brooklyn,450,,1957,1,522,,Active,,,https://www.redfin.com/NY/Brooklyn/50-Shore-Blvd-11235/unit-3H/home/40662151,BNYMLS,494595,N,Y,40.582058,-73.9543615
MLS Listing,,Condo/Co-op,15-06 212 St #207,Bayside,NY,11360,299000,1,1.0,Bay Terrace Gardens Section #3,750,,1952,1,399,,Active,,,https://www.redfin.com/NY/Bayside/1506-212th-St-11360/unit-207/home/109243631,OneKey® MLS as Distributed by MLS Grid,888611,N,Y,40.7852328,-73.782144
MLS Listing,,Condo/Co-op,2705 41st Ave Unit 5D,Long Island City,NY,11101,880000,2,2.0,Long Island City,630,,2015,1,1397,492,Active,August-2-2025 12:00 PM,August-2-2025 02:00 PM,https://www.redfin.com/NY/Long-Island-City/2705-41st-Ave-11101/unit-5D/home/173213520,OneKey® MLS as Distributed by MLS Grid,895615,N,Y,40.7520677,-73.9379374
MLS Listing,,Single Family Residential,8571 88th St,Woodhaven,NY,11421,1150000,5,1.0,Woodhaven,2241,4037,1910,1,513,,Pre On-Market,,,https://www.redfin.com/NY/Woodhaven/8571-88th-St-11421/home/20788300,OneKey® MLS as Distributed by MLS Grid,894057,N,Y,40.6936371,-73.8565146
MLS Listing,,Single Family Residential,27 Targee St,Staten Island,NY,10305,515000,5,3.0,Stapleton,848,2550,1899,1,607,,Active,,,https://www.redfin.com/NY/Staten-Island/27-Targee-St-10304/home/56048653,SIBORMLS,2504435,N,Y,40.6265632,-74.0829871
MLS Listing,,Multi-Family (2-4 Unit),11628 Van Wyck Expy,South Ozone Park,NY,11420,899000,6,3.0,South Ozone Park,2350,4160,1960,1,383,,Pre On-Market,August-2-2025 01:30 PM,August-2-2025 03:30 PM,https://www.redfin.com/NY/South-Ozone-Park/11628-Van-Wyck-Expy-11420/home/20720857,OneKey® MLS as Distributed by MLS Grid,895627,N,Y,40.6784445,-73.8043786
MLS Listing,,Condo/Co-op,125 Bronx River Rd Unit 5A,Yonkers,NY,10704,119000,0,1.0,Yonkers,550,,1968,1,216,656,Active,,,https://www.redfin.com/NY/Yonkers/125-Bronx-River-Rd-10704/unit-5A/home/194406081,OneKey® MLS as Distributed by MLS Grid,894575,N,Y,40.9056542,-73.8586761
MLS Listing,,Multi-Family (2-4 Unit),64 Van Name Ave,Staten  Island,NY,10303,838000,4,3.5,Staten  Island,2400,3567,2001,1,349,,Active,August-3-2025 01:00 PM,August-3-2025 03:00 PM,https://www.redfin.com/NY/Staten-Island/64-Van-Name-Ave-10303/home/56093070,BNYMLS,494568,N,Y,40.6352967,-74.1534251
MLS Listing,,Single Family Residential,15 Lisa Ln,Staten Island,NY,10312,660000,4,2.0,Huguenot,1378,1620,1980,1,479,17,Active,August-1-2025 05:00 PM,August-1-2025 06:00 PM,https://www.redfin.com/NY/Staten-Island/15-Lisa-Ln-10312/home/56098467,SIBORMLS,2504434,N,Y,40.5494454,-74.1977305
MLS Listing,,Condo/Co-op,2400 Johnson Ave Unit 11K,Bronx,NY,10463,499000,2,2.0,Bronx,1200,,1969,1,416,,Active,,,https://www.redfin.com/NY/Bronx/2400-Johnson-Ave-10463/unit-11K/home/187653907,OneKey® MLS as Distributed by MLS Grid,889650,N,Y,40.8763984,-73.9184692
MLS Listing,,Single Family Residential,563 Thomas S Boyland St,Brooklyn,NY,11212,735000,4,2.5,Brownsville,1640,2000,1986,1,448,,Active,,,https://www.redfin.com/NY/Brooklyn/563-Thomas-S-Boyland-St-11212/home/40752300,SIBORMLS,2504433,N,Y,40.6670984,-73.9127086
MLS Listing,,Multi-Family (2-4 Unit),222-26 93rd Ave,Queens Village,NY,11428,1250000,5,2.0,Queens Village,1692,5000,1925,1,739,,Active,,,https://www.redfin.com/NY/Queens-Village/22226-93rd-Ave-11428/home/20744234,OneKey® MLS as Distributed by MLS Grid,894759,N,Y,40.7232391,-73.7324
MLS Listing,,Condo/Co-op,9902 3rd Ave Unit 6I,Brooklyn,NY,11209,335000,1,1.0,Brooklyn,650,,,1,515,,Active,,,https://www.redfin.com/NY/Brooklyn/9902-3rd-Ave-11209/unit-6I/home/40652203,BNYMLS,494594,N,Y,40.6141658,-74.0353827
MLS Listing,,Single Family Residential,53-39 Bell Blvd,Bayside,NY,11364,1299000,3,1.5,Bayside,2000,4000,1935,1,650,,Active,August-2-2025 12:00 PM,August-2-2025 02:00 PM,https://www.redfin.com/NY/Bayside-Hills/5339-Bell-Blvd-11364/home/20812603,OneKey® MLS as Distributed by MLS Grid,895614,N,Y,40.7517288,-73.763081
MLS Listing,,Condo/Co-op,138-10 35th Ave Unit 2B,Flushing,NY,11354,519000,2,1.0,Flushing,565,,2007,1,919,213,Active,August-2-2025 12:00 PM,August-2-2025 02:00 PM,https://www.redfin.com/NY/Flushing/13810-35th-Ave-11354/unit-2B/home/21723519,OneKey® MLS as Distributed by MLS Grid,895588,N,Y,40.764923,-73.828612
MLS Listing,,Single Family Residential,51-29 69th Pl,Woodside,NY,11377,1088000,3,1.5,Woodside,1880,1948,1950,1,579,,Pre On-Market,,,https://www.redfin.com/NY/Woodside/5129-69th-Pl-11377/home/20910292,OneKey® MLS as Distributed by MLS Grid,893858,N,Y,40.7345636,-73.8948181
MLS Listing,,Condo/Co-op,139-15 28th Rd Unit 1G,Flushing,NY,11354,275000,2,1.0,Mitchell Gardens,815,,1952,1,337,891,Active,August-3-2025 03:00 PM,August-3-2025 05:00 PM,https://www.redfin.com/NY/Flushing/139-15-28th-Rd-11354/unit-1G/home/196696765,OneKey® MLS as Distributed by MLS Grid,893980,N,Y,40.7725808,-73.828743
MLS Listing,,Multi-Family (2-4 Unit),3268 42nd St,Astoria,NY,11103,1300000,2,3.0,Astoria,2378,2000,1945,1,547,,Active,,,https://www.redfin.com/NY/Astoria/3268-42nd-St-11103/home/20954264,OneKey® MLS as Distributed by MLS Grid,895601,N,Y,40.7566641,-73.9190123
MLS Listing,,Condo/Co-op,17-85 215th St Unit 10E,Bayside,NY,11360,385000,1,1.0,Towers At Water's Edge,600,,1970,1,642,,Active,August-3-2025 12:00 PM,August-3-2025 01:00 PM,https://www.redfin.com/NY/Bayside/1785-215th-St-11360/unit-10E/home/45496992,OneKey® MLS as Distributed by MLS Grid,895104,N,Y,40.7852085,-73.7755701
MLS Listing,,Single Family Residential,326 Chesterton Ave,Staten Island,NY,10306,678000,3,1.5,Oakwood,1296,2519,1960,1,523,,Active,August-2-2025 12:00 PM,August-2-2025 02:00 PM,https://www.redfin.com/NY/Staten-Island/326-Chesterton-Ave-10306/home/56054671,SIBORMLS,2504430,N,Y,40.556378,-74.1247751
MLS Listing,,Condo/Co-op,9524 Ft. Hamilton Pkwy #507,Brooklyn,NY,11209,299000,1,1.0,Brooklyn,700,,1928,1,427,,Active,,,https://www.redfin.com/NY/Brooklyn/9524-Fort-Hamilton-Pkwy-11209/unit-507/home/40660499,BNYMLS,494588,N,Y,40.614432,-74.03015
MLS Listing,,Condo/Co-op,88-25 155 Ave Unit 3D,Jamaica,NY,11414,319000,2,2.0,Jamaica,1000,,1961,1,319,,Active,,,https://www.redfin.com/NY/Jamaica/8825-155th-Ave-11414/unit-3D/home/40349196,OneKey® MLS as Distributed by MLS Grid,895306,N,Y,40.6665722,-73.8462426
MLS Listing,,Single Family Residential,252a Ashworth Ave,Staten Island,NY,10314,439999,2,1.5,New Springville,1158,1065,1986,1,380,265,Active,August-2-2025 01:00 PM,August-2-2025 03:00 PM,https://www.redfin.com/NY/Staten-Island/252-A-Ashworth-Ave-10314/home/196694308,SIBORMLS,2504429,N,Y,40.5920933,-74.1498093
MLS Listing,,Multi-Family (2-4 Unit),11949 6th Ave,College Point,NY,11356,1350000,7,3.0,College Point,4872,3532,1984,1,277,,Active,,,https://www.redfin.com/NY/College-Point/11949-6th-Ave-11356/home/20875327,OneKey® MLS as Distributed by MLS Grid,895591,N,Y,40.7918868,-73.8486374
MLS Listing,,Single Family Residential,75-73 179th St,Fresh Meadows,NY,11366,1649000,5,3.5,Fresh Meadows,2280,4000,1950,1,723,,Active,,,https://www.redfin.com/NY/Fresh-Meadows/7573-179th-St-11366/home/20813589,OneKey® MLS as Distributed by MLS Grid,894750,N,Y,40.7272244,-73.7890718
MLS Listing,,Single Family Residential,32 Gervil St,Staten Island,NY,10309,549999,3,1.5,Rossville,1224,1474,1986,1,449,222,Active,,,https://www.redfin.com/NY/Staten-Island/32-Gervil-St-10309/home/56123458,SIBORMLS,2504428,N,Y,40.5476386,-74.2125559
MLS Listing,,Condo/Co-op,64-85 Saunders St Unit D3,Rego Park,NY,11375,425000,2,1.0,Rego Park,1032,,1941,1,412,,Active,August-2-2025 01:30 PM,August-2-2025 03:00 PM,https://www.redfin.com/NY/Rego-Park/6485-Saunders-ST-11375/unit-D3/home/196696254,OneKey® MLS as Distributed by MLS Grid,895033,N,Y,40.7245678,-73.8457658
MLS Listing,,Single Family Residential,243-38 144,Rosedale,NY,11422,850000,4,3.0,Rosedale,1600,3000,1944,1,531,,Active,August-1-2025 05:00 PM,August-1-2025 07:00 PM,https://www.redfin.com/NY/Rosedale/24338-144th-Ave-11422/home/20685365,OneKey® MLS as Distributed by MLS Grid,895567,N,Y,40.6596401,-73.7382246
MLS Listing,,Single Family Residential,21837 Spencer Ave,Queens Village,NY,11427,1229000,4,3.5,Queens Village,2280,4400,1935,1,539,,Active,August-3-2025 11:00 AM,August-3-2025 01:00 PM,https://www.redfin.com/NY/Queens-Village/21837-Spencer-Ave-11427/home/20746145,OneKey® MLS as Distributed by MLS Grid,895561,N,Y,40.7301952,-73.7467246
MLS Listing,,Single Family Residential,33-06 154 St,Flushing,NY,11354,999888,3,2.0,Flushing,1650,3300,1940,1,606,,Active,,,https://www.redfin.com/NY/Flushing/3306-154th-St-11354/home/20852944,OneKey® MLS as Distributed by MLS Grid,895529,N,Y,40.768362,-73.8107637
MLS Listing,,Single Family Residential,132 Dewey Ave,Staten Island,NY,10308,829900,3,2.0,Great Kills,1125,2500,1930,1,738,,Active,August-2-2025 01:00 PM,August-2-2025 03:00 PM,https://www.redfin.com/NY/Staten-Island/132-Dewey-Ave-10308/home/56090312,SIBORMLS,2504426,N,Y,40.555338,-74.1472667
MLS Listing,,Condo/Co-op,21-15 34th Ave Unit 11C,Astoria,NY,11106,679000,3,1.5,Astoria,1100,,1950,1,617,,Active,August-1-2025 05:00 PM,August-1-2025 06:30 PM,https://www.redfin.com/NY/Astoria/21-15-34th-Ave-11106/unit-11C/home/196696045,OneKey® MLS as Distributed by MLS Grid,895550,N,Y,40.7629427,-73.9329666
MLS Listing,,Multi-Family (2-4 Unit),124 Manila Ave,Staten Island,NY,10306,1190000,6,4.0,Oakwood,2064,4601,1965,1,577,,Active,,,https://www.redfin.com/NY/Staten-Island/124-Manila-Ave-10306/home/56122782,SIBORMLS,2504425,N,Y,40.559667,-74.1094747
MLS Listing,,Condo/Co-op,83-52 Talbot St Unit 5C,Kew Gardens,NY,11415,299000,2,1.0,Talbot Apartments,,,1933,1,,,Pre On-Market,,,https://www.redfin.com/NY/Jamaica/83-52-Talbot-St-11415/unit-5C/home/28955586,OneKey® MLS as Distributed by MLS Grid,895488,N,Y,40.7085553,-73.8279947
MLS Listing,,Multi-Family (2-4 Unit),325 College Ave,Staten Island,NY,10314,859000,3,2.0,Westerleigh,1363,4500,1955,1,630,,Active,August-2-2025 01:00 PM,August-2-2025 03:00 PM,https://www.redfin.com/NY/Staten-Island/325-College-Ave-10314/home/56046915,SIBORMLS,2504424,N,Y,40.6212028,-74.1315888
MLS Listing,,Single Family Residential,188 Graham Blvd Unit B,Staten Island,NY,10305,788000,3,2.5,Dongan Hills- Below Hylan,1450,2000,2011,1,543,,Active,August-3-2025 11:00 AM,August-3-2025 01:00 PM,https://www.redfin.com/NY/Staten-Island/188-Graham-Blvd-10305/unit-B/home/59311533,SIBORMLS,2504423,N,Y,40.5774583,-74.0902374
MLS Listing,,Single Family Residential,75-22 186th St,Fresh Meadows,NY,11366,1699000,4,1.5,Fresh Meadows,2000,4720,1950,1,850,,Active,,,https://www.redfin.com/NY/Fresh-Meadows/7522-186th-St-11366/home/20814675,OneKey® MLS as Distributed by MLS Grid,893804,N,Y,40.7300606,-73.7838968
MLS Listing,,Multi-Family (2-4 Unit),130-12 124th St,South Ozone Park,NY,11420,869000,5,3.0,South Ozone Park,2448,4000,1950,1,355,,Active,,,https://www.redfin.com/NY/South-Ozone-Park/13012-124th-St-11420/home/20722659,OneKey® MLS as Distributed by MLS Grid,894275,N,Y,40.6728149,-73.8146101
MLS Listing,,Multi-Family (2-4 Unit),326 126th St,College Point,NY,11356,1190000,6,5.0,College Point,1810,2500,2004,1,657,,Active,,,https://www.redfin.com/NY/College-Point/326-126th-St-11356/home/20664550,OneKey® MLS as Distributed by MLS Grid,895516,N,Y,40.793167,-73.8419008
MLS Listing,,Single Family Residential,33 Erastina Pl,Staten Island,NY,10303,649000,3,3.0,Staten Island,2177,4266,1915,1,298,,Active,August-3-2025 12:00 PM,August-3-2025 02:00 PM,https://www.redfin.com/NY/Staten-Island/33-Erastina-Pl-10303/home/56015660,OneKey® MLS as Distributed by MLS Grid,895513,N,Y,40.6358635,-74.1558104
MLS Listing,,Condo/Co-op,38-15 149th St Unit 1G,Flushing,NY,11354,298000,1,1.0,Flushing,1000,,1955,1,298,,Active,,,https://www.redfin.com/NY/Flushing/38-15-149th-St-11354/unit-1G/home/196695748,OneKey® MLS as Distributed by MLS Grid,895511,N,Y,40.7637627,-73.8163205
MLS Listing,,Multi-Family (2-4 Unit),1869 Muliner Ave,Bronx,NY,10462,1049999,5,5.0,Bronx,2760,1346,2004,1,380,,Active,,,https://www.redfin.com/NY/Bronx/1869-Muliner-Ave-10462/home/44763244,OneKey® MLS as Distributed by MLS Grid,894446,N,Y,40.8482783,-73.8617198
MLS Listing,,Condo/Co-op,69-09 215th St Lowr 1,Bayside,NY,11364,309000,1,1.0,Hollis Court,650,,1950,1,475,,Active,August-3-2025 12:00 PM,August-3-2025 01:30 PM,https://www.redfin.com/NY/Bayside/69-09-215th-St-11361/unit-1/home/196592908,OneKey® MLS as Distributed by MLS Grid,895496,N,Y,40.741562,-73.7594843
MLS Listing,,Multi-Family (2-4 Unit),87 Amsterdam Ave,Staten Island,NY,10314,1180000,4,2.5,New Springville,2538,4600,1965,1,465,,Active,August-2-2025 12:00 PM,August-2-2025 01:30 PM,https://www.redfin.com/NY/Staten-Island/87-Amsterdam-Ave-10314/home/56121345,SIBORMLS,2504395,N,Y,40.6024181,-74.1651679
MLS Listing,,Multi-Family (2-4 Unit),662 Warwick St,Brooklyn,NY,11207,599999,2,,Brooklyn,2200,2000,1930,1,273,,Active,,,https://www.redfin.com/NY/Brooklyn/662-Warwick-St-11207/home/189826911,OneKey® MLS as Distributed by MLS Grid,895501,N,Y,40.6666676,-73.8843678
MLS Listing,,Townhouse,3943 Carpenter Ave,Bronx,NY,10466,11000000,10,4.5,Bronx,3612,2475,1930,1,3045,,Active,,,https://www.redfin.com/NY/Bronx/3943-Carpenter-Ave-10466/home/44781191,OneKey® MLS as Distributed by MLS Grid,895495,N,Y,40.8879415,-73.8640332
MLS Listing,,Townhouse,11120 112th St,South Ozone Park,NY,11420,1169000,5,3.0,South Ozone Park,2200,2558,1920,1,531,,Active,August-3-2025 01:00 PM,August-3-2025 03:00 PM,https://www.redfin.com/NY/South-Ozone-Park/11120-112th-St-11420/home/20725805,OneKey® MLS as Distributed by MLS Grid,895397,N,Y,40.6782144,-73.8271336
MLS Listing,,Single Family Residential,9119 120th St,Richmond Hill,NY,11418,1399000,8,4.0,Richmond Hill,6000,5400,1930,1,233,,Active,,,https://www.redfin.com/NY/Richmond-Hill/9119-120th-St-11418/home/20777391,OneKey® MLS as Distributed by MLS Grid,895492,N,Y,40.695713,-73.827256
MLS Listing,,Condo/Co-op,69 Alan Loop,Staten Island,NY,10304,749000,3,1.5,Staten Island,2094,,1980,1,358,,Active,,,https://www.redfin.com/NY/Staten-Island/69-Alan-Loop-10304/home/56077293,OneKey® MLS as Distributed by MLS Grid,895466,N,Y,40.6044611,-74.0884294
MLS Listing,,Single Family Residential,291 Caswell Ave,Staten Island,NY,10314,750000,3,3.0,Westerleigh,1300,6209,1989,1,577,,Active,August-3-2025 01:00 PM,August-3-2025 03:00 PM,https://www.redfin.com/NY/Staten-Island/291-Caswell-Ave-10314/home/56113264,SIBORMLS,2504422,N,Y,40.6144327,-74.1461619
MLS Listing,,Single Family Residential,13814 111th Ave,Jamaica,NY,11435,635000,3,2.5,Jamaica,1036,2000,1925,1,613,,Active,,,https://www.redfin.com/NY/Jamaica/13814-111th-Ave-11435/home/20719375,OneKey® MLS as Distributed by MLS Grid,895394,N,Y,40.6848101,-73.8054222
MLS Listing,,Single Family Residential,160 Reid Ave,Staten Island,NY,10305,688888,3,1.5,Dongan Hills- Below Hylan,1584,2085,1996,1,435,,Active,,,https://www.redfin.com/NY/Staten-Island/160-Reid-Ave-10305/home/56043579,SIBORMLS,2504421,N,Y,40.5934719,-74.0844211
MLS Listing,,Condo/Co-op,3105 Avenue V Unit 3e,Brooklyn,NY,11229,264900,2,1.0,Sheepshead Bay,950,950,1955,1,279,1176,Active,,,https://www.redfin.com/NY/Brooklyn/3105-Avenue-V-11229/unit-3E/home/66773326,SIBORMLS,2504420,N,Y,40.5996634,-73.9345614
MLS Listing,,Multi-Family (2-4 Unit),1143 Shore Pkwy,Brooklyn,NY,11214,1259888,4,2.5,Brooklyn,2340,2282,1945,1,538,,Active,August-3-2025 12:00 PM,August-3-2025 01:00 PM,https://www.redfin.com/NY/Brooklyn/1143-Shore-Pkwy-11214/home/40833197,BNYMLS,494583,N,Y,40.6027758,-74.0135779
MLS Listing,,Multi-Family (2-4 Unit),109-12 Westside Ave,Corona,NY,11368,925000,5,5.0,Corona,,1354,2002,1,,,Active,,,https://www.redfin.com/NY/Corona/10912-Westside-Ave-11368/home/20668876,OneKey® MLS as Distributed by MLS Grid,895017,N,Y,40.741064,-73.8523883
MLS Listing,,Single Family Residential,64 nolans Lane,Brooklyn,NY,11236,999888,6,2.0,Brooklyn,2500,4500,2024,1,400,,Active,,,https://www.redfin.com/NY/Brooklyn/64-Nolans-Ln-11236/home/183320328,OneKey® MLS as Distributed by MLS Grid,895434,N,Y,40.6469657,-73.9092129
MLS Listing,,Single Family Residential,90-54 209 St,Queens Village,NY,11428,750000,3,1.5,Queens Village,1152,,1925,1,651,,Pre On-Market,,,https://www.redfin.com/NY/Queens-Village/9054-209th-St-11428/home/20746894,OneKey® MLS as Distributed by MLS Grid,895460,N,Y,40.7177808,-73.7539548
MLS Listing,,Multi-Family (2-4 Unit),902 Brooklyn Ave,Brooklyn,NY,11203,1050000,5,3.0,Brooklyn,2228,2000,1910,1,471,,Active,,,https://www.redfin.com/NY/Brooklyn/902-Brooklyn-Ave-11203/home/40779219,BNYMLS,494581,N,Y,40.6518041,-73.9441558
MLS Listing,,Condo/Co-op,2035 East 7th St Unit 4D,Brooklyn,NY,11223,239000,0,1.0,Brooklyn,650,,,1,368,,Active,,,https://www.redfin.com/NY/Brooklyn/2035-E-7th-St-11223/unit-4D/home/40652819,BNYMLS,494580,N,Y,40.6010377,-73.9643285
MLS Listing,,Single Family Residential,39 Winfield Ave,Staten Island,NY,10305,789900,3,1.5,Grasmere,1680,2280,2000,1,470,,Active,August-3-2025 02:30 PM,August-3-2025 04:30 PM,https://www.redfin.com/NY/Staten-Island/39-Winfield-Ave-10305/home/56088635,SIBORMLS,2504419,N,Y,40.5988186,-74.0834231
MLS Listing,,Single Family Residential,43-23 156th St,Flushing,NY,11355,1213700,4,2.0,Flushing,1445,2000,1920,1,840,,Active,,,https://www.redfin.com/NY/Flushing/4323-156th-St-11355/home/20849987,OneKey® MLS as Distributed by MLS Grid,895452,N,Y,40.7584655,-73.8096608
MLS Listing,,Single Family Residential,112 Delafield Ave,Staten Island,NY,10301,950000,3,1.5,Randall Manor,1540,4000,1925,1,617,,Active,,,https://www.redfin.com/NY/Staten-Island/112-Delafield-Ave-10301/home/56049386,SIBORMLS,2504417,N,Y,40.6323002,-74.1020875
MLS Listing,,Single Family Residential,8702 188th St,Hollis,NY,11423,1100000,3,2.0,Hollis,1020,4000,1950,1,1078,,Active,,,https://www.redfin.com/NY/Hollis/8702-188th-St-11423/home/20759711,OneKey® MLS as Distributed by MLS Grid,894940,N,Y,40.7176199,-73.775141
MLS Listing,,Condo/Co-op,99-10 60th Ave Unit E1E,Corona,NY,11368,284998,1,1.0,Corona,950,,1961,1,300,,Active,August-2-2025 11:00 AM,August-2-2025 12:00 PM,https://www.redfin.com/NY/Corona/99-10-60th-Ave-11368/unit-E1E/home/196695167,OneKey® MLS as Distributed by MLS Grid,895415,N,Y,40.7364499,-73.8584826
MLS Listing,,Single Family Residential,6242 60th Dr,Maspeth,NY,11378,795000,3,1.5,Maspeth,1344,2000,1925,1,592,,Active,August-2-2025 01:00 PM,August-2-2025 03:00 PM,https://www.redfin.com/NY/Maspeth/6242-60th-Dr-11378/home/20903078,OneKey® MLS as Distributed by MLS Grid,895069,N,Y,40.7157806,-73.8998018
MLS Listing,,Single Family Residential,384 Aspen Knolls Way,Staten Island,NY,10312,399000,1,1.5,Arden Heights,1059,353,1999,1,377,131,Active,,,https://www.redfin.com/NY/Staten-Island/384-Aspen-Knolls-Way-10312/home/56128750,SIBORMLS,2504416,N,Y,40.5615323,-74.1836427
MLS Listing,,Condo/Co-op,99-10 60th Ave Unit 1C1,Corona,NY,11368,339999,2,1.5,Corona,1200,,1961,1,283,,Active,August-2-2025 11:00 AM,August-2-2025 12:00 PM,https://www.redfin.com/NY/Corona/99-10-60th-Ave-11368/unit-1C1/home/196694989,OneKey® MLS as Distributed by MLS Grid,895410,N,Y,40.7364499,-73.8584826
MLS Listing,,Single Family Residential,299 Foster Rd,Staten Island,NY,10309,775000,3,2.0,Huguenot,1673,4000,1970,1,463,,Active,August-2-2025 12:00 PM,August-2-2025 02:00 PM,https://www.redfin.com/NY/Staten-Island/299-Foster-Rd-10309/home/56072992,SIBORMLS,2504415,N,Y,40.5341859,-74.2036066
MLS Listing,,Multi-Family (2-4 Unit),1852 Amethyst St,Bronx,NY,10462,595000,4,,Bronx,2954,2500,1899,1,201,,Active,,,https://www.redfin.com/NY/Bronx/1852-Amethyst-St-10462/home/44733242,OneKey® MLS as Distributed by MLS Grid,893370,N,Y,40.8464158,-73.8680252
MLS Listing,,Multi-Family (2-4 Unit),780 Livonia Ave,Brooklyn,NY,11207,1988888,7,8.0,Brooklyn,5492,2399,2016,1,362,,Active,,,https://www.redfin.com/NY/Brooklyn/780-Livonia-Ave-11207/home/40761838,BNYMLS,494546,N,Y,40.6654588,-73.8880432
MLS Listing,,Multi-Family (2-4 Unit),778 Livonia Ave,Brooklyn,NY,11207,1988888,7,8.0,Brooklyn,5552,2399,2016,1,358,,Active,,,https://www.redfin.com/NY/Brooklyn/778-Livonia-Ave-11207/home/28900996,BNYMLS,494549,N,Y,40.6654587,-73.888146
MLS Listing,,Condo/Co-op,2030 E 59th St Unit 163D,Brooklyn,NY,11234,299000,2,1.0,Brooklyn,850,,,1,352,,Active,,,https://www.redfin.com/NY/Brooklyn/2030-E-59th-St-11234/unit-163D/home/196694892,BNYMLS,494503,N,Y,40.6149609,-73.9173711
MLS Listing,,Townhouse,864 Euclid Ave,Brooklyn,NY,11208,1100000,8,4.5,Brooklyn,2280,3248,2006,1,482,,Active,,,https://www.redfin.com/NY/Brooklyn/864-Euclid-Ave-11208/home/40659569,OneKey® MLS as Distributed by MLS Grid,895390,N,Y,40.6655874,-73.8697271
MLS Listing,,Multi-Family (2-4 Unit),1868 Schenectady Ave,Brooklyn,NY,11234,699000,3,2.0,Brooklyn,1452,2500,1930,1,481,,Active,August-3-2025 10:00 AM,August-3-2025 11:00 AM,https://www.redfin.com/NY/Brooklyn/1868-Schenectady-Ave-11234/home/40878225,OneKey® MLS as Distributed by MLS Grid,895381,N,Y,40.6268095,-73.9309192
MLS Listing,,Condo/Co-op,60-11 Broadway Unit 3L,Woodside,NY,11377,455000,2,1.0,Woodside,808,,1962,1,563,,Active,,,https://www.redfin.com/NY/Woodside/6011-Broadway-11377/unit-3L/home/20633114,OneKey® MLS as Distributed by MLS Grid,895369,N,Y,40.7512564,-73.901573
MLS Listing,,Multi-Family (2-4 Unit),102-48 Nicollis Ave,Corona,NY,11368,1200000,5,3.0,Corona,2349,,1930,1,511,,Active,,,https://www.redfin.com/NY/Corona/10248-Nicolls-Ave-11368/home/20918233,OneKey® MLS as Distributed by MLS Grid,895182,N,Y,40.7446769,-73.8599395
MLS Listing,,Single Family Residential,775 Todt Hill Rd,Staten Island,NY,10304,2200000,4,3.0,Todt Hill,3050,14950,1975,1,721,,Active,,,https://www.redfin.com/NY/Staten-Island/775-Todt-Hill-Rd-10304/home/56111826,SIBORMLS,2504413,N,Y,40.5924952,-74.1103856
MLS Listing,,Condo/Co-op,770 Ocean Pkwy Unit 7A,Brooklyn,NY,11230,289000,0,1.0,Brooklyn,730,,,1,396,,Active,,,https://www.redfin.com/NY/Brooklyn/770-Ocean-Pkwy-11230/unit-7A/home/40664638,BNYMLS,494576,N,Y,40.6293686,-73.9721374
MLS Listing,,Single Family Residential,57-05 260 St,Little Neck,NY,11362,1960000,6,6.5,Little Neck,2434,6140,2020,1,805,,Active,August-9-2025 01:00 PM,August-9-2025 03:00 PM,https://www.redfin.com/NY/Little-Neck/5705-260th-St-11362/home/20799549,OneKey® MLS as Distributed by MLS Grid,895340,N,Y,40.7634231,-73.7225308
MLS Listing,,Condo/Co-op,770 Ocean Pkwy Unit 2M,Brooklyn,NY,11230,335000,1,1.0,Brooklyn,820,,,1,409,,Active,,,https://www.redfin.com/NY/Brooklyn/770-Ocean-Pkwy-11230/unit-2M/home/40651951,BNYMLS,494575,N,Y,40.6293686,-73.9721374
MLS Listing,,Multi-Family (5+ Unit),2848 W 15th St,Brooklyn,NY,11224,7500000,,,Brooklyn,,7129,,1,,,Active,,,https://www.redfin.com/NY/Brooklyn/2848-W-15th-St-11224/home/40851835,BNYMLS,494574,N,Y,40.577884,-73.9831619
MLS Listing,,Single Family Residential,204-19 46th Rd,Bayside,NY,11361,1248000,2,2.0,Bayside,1024,4000,1955,1,1219,,Active,,,https://www.redfin.com/NY/Bayside/20419-46th-Rd-11361/home/20809961,OneKey® MLS as Distributed by MLS Grid,895220,N,Y,40.7553859,-73.7771381
MLS Listing,,Single Family Residential,203-15 100th Ave,Hollis,NY,11423,799000,3,1.0,Hollis,3700,3700,1935,1,216,,Active,,,https://www.redfin.com/NY/Hollis/20315-100th-Ave-11423/home/20743182,OneKey® MLS as Distributed by MLS Grid,895056,N,Y,40.7115183,-73.7562434
