SALE TYPE,SOLD DATE,PROPERTY TYPE,ADDRESS,CITY,STATE OR PROVINCE,ZIP OR POSTAL CODE,PRICE,BEDS,BATHS,LOCATION,SQUARE FEET,LOT SIZE,YEAR BUILT,DAYS ON MARKET,$/SQUARE FEET,HOA/MONTH,STATUS,NEXT OPEN HOUSE START TIME,NEXT OPEN HOUSE END TIME,URL (SEE https://www.redfin.com/buy-a-home/comparative-market-analysis FOR INFO ON PRICING),SOURCE,MLS#,FAVORITE,INTERESTED,LATITUDE,LONGITUDE
"In accordance with local MLS rules, some MLS listings are not included in the download"
MLS Listing,,Single Family Residential,3722 Rochfort Bridge Dr,Columbus,OH,43221,429990,4,2.5,Columbus,2046,8276,1983,1,210,,Active,August-3-2025 01:00 PM,August-3-2025 03:00 PM,https://www.redfin.com/OH/Columbus/3722-Rochfort-Bridge-Dr-43221/home/75712312,CBRMLS,225028586,N,Y,40.0174196,-83.1148782
MLS Listing,,Condo/Co-op,4758 Crazy Horse Ln #2,Westerville,OH,43081,274900,3,2.5,Little Turtle - Chippewill,2010,871,1974,22,137,721,Active,August-3-2025 01:00 PM,August-3-2025 03:00 PM,https://www.redfin.com/OH/Westerville/4758-Crazy-Horse-Ln-43081/unit-2/home/100778733,CBRMLS,225024285,N,Y,40.0875184,-82.88868
MLS Listing,,Multi-Family (2-4 Unit),866-870 Northwest Blvd,Grandview Heights,OH,43212,725000,6,,Grandview Heights,2352,8276,1924,49,308,,Active,,,https://www.redfin.com/OH/Grandview-Heights/866-870-Northwest-Blvd-43212/home/193880396,CBRMLS,225021203,N,Y,39.9771709,-83.0290663
MLS Listing,,Condo/Co-op,293 Auden Ave,Columbus,OH,43215,785000,3,4.0,Jeffrey Park,2612,1306,2017,120,301,285,Active,,,https://www.redfin.com/OH/Columbus/293-Auden-Ave-43215/home/193794791,CBRMLS,225010346,N,Y,39.9795534,-82.9960606
MLS Listing,,Single Family Residential,5200 Garmouth Ct,Columbus,OH,43221,471000,5,2.5,Columbus,1930,8712,1986,1,244,,Active,,,https://www.redfin.com/OH/Columbus/5200-Garmouth-Ct-43221/home/79548122,CBRMLS,225028721,N,Y,40.0599115,-83.1145908
MLS Listing,,Single Family Residential,3100 Steele Ave,Columbus,OH,43204,185000,3,1.0,Columbus,1164,5662,1950,1,159,,Active,,,https://www.redfin.com/OH/Columbus/3100-Steele-Ave-43204/home/79595924,CBRMLS,225028712,N,Y,39.957568,-83.0837631
MLS Listing,,Single Family Residential,5436 Englecrest Dr,Canal Winchester,OH,43110,269000,4,2.5,Canal Highlands,2312,8276,2005,1,116,6,Active,,,https://www.redfin.com/OH/Canal-Winchester/5436-Englecrest-Dr-43110/home/100710047,CBRMLS,225028710,N,Y,39.8706014,-82.8046383
MLS Listing,,Condo/Co-op,5740 Pittsford Dr,Westerville,OH,43081,295000,2,2.5,Westerville,1504,,2016,1,196,270,Active,,,https://www.redfin.com/OH/Westerville/5740-Pittsford-Dr-43081/home/193929045,CBRMLS,225028686,N,Y,40.0974081,-82.8573729
MLS Listing,,Single Family Residential,212 S Burgess Ave,Columbus,OH,43204,199900,3,1.5,Columbus,1144,4356,1919,1,175,,Active,August-2-2025 11:00 AM,August-2-2025 01:00 PM,https://www.redfin.com/OH/Columbus/212-S-Burgess-Ave-43204/home/75623307,CBRMLS,225028662,N,Y,39.9507569,-83.0687144
MLS Listing,,Multi-Family (2-4 Unit),960 Ferndale Pl,Columbus,OH,43209,230000,4,,Columbus,1537,5662,1960,1,150,,Active,,,https://www.redfin.com/OH/Columbus/960-Ferndale-Pl-43209/home/79579452,CBRMLS,225028651,N,Y,39.9487429,-82.9395472
MLS Listing,,Single Family Residential,472 N Warren Ave,Columbus,OH,43204,170000,2,1.0,Village of Valleyview,880,6534,1945,1,193,,Active,,,https://www.redfin.com/OH/Columbus/472-N-Warren-Ave-43204/home/75642793,CBRMLS,225028648,N,Y,39.964798,-83.0741219
MLS Listing,,Single Family Residential,2342 Nedra St,Grove City,OH,43123,339900,5,3.0,Grove City,1732,15681,1953,1,196,,Active,,,https://www.redfin.com/OH/Grove-City/2342-Nedra-St-43123/home/79591940,CBRMLS,225028643,N,Y,39.9066006,-83.0656824
MLS Listing,,Condo/Co-op,3940 Crestfield Dr,Groveport,OH,43125,239900,4,2.0,Waterford Harbour Condominiums,1450,1742,1998,1,165,313,Active,,,https://www.redfin.com/OH/Groveport/3940-Crestfield-Dr-43125/home/79726357,CBRMLS,225028640,N,Y,39.8944121,-82.8776837
MLS Listing,,Single Family Residential,311 N Hamilton Rd,Gahanna,OH,43230,424900,4,2.5,Hamilton Heights,2416,9147,1968,1,176,,Active,August-2-2025 01:00 PM,August-2-2025 03:00 PM,https://www.redfin.com/OH/Gahanna/311-N-Hamilton-Rd-43230/home/79684361,CBRMLS,225028638,N,Y,40.025413,-82.8663756
MLS Listing,,Single Family Residential,1820 Oakwood Ave,Columbus,OH,43207,99900,2,1.0,Edgewood,1144,8276,1952,1,87,,Active,,,https://www.redfin.com/OH/Columbus/1820-Oakwood-Ave-43207/home/75598181,CBRMLS,225028604,N,Y,39.9274329,-82.9702398
MLS Listing,,Single Family Residential,198 E Maynard Ave,Columbus,OH,43202,395000,5,2.0,Columbus,2450,3920,1909,1,161,,Active,,,https://www.redfin.com/OH/Columbus/198-E-Maynard-Ave-43202/home/75658613,CBRMLS,225028602,N,Y,40.0108604,-83.004939
MLS Listing,,Multi-Family (2-4 Unit),1729 Elmwood Ave,Columbus,OH,43212,725000,4,,Columbus,4713,8276,1931,1,154,,Active,,,https://www.redfin.com/OH/Columbus/1729-Elmwood-Ave-43212/home/75628503,CBRMLS,225028593,N,Y,39.9924325,-83.0516307
MLS Listing,,Single Family Residential,5522 Brackenridge Ave,Columbus,OH,43228,164900,2,1.5,Hardesty Heights,1524,435,1972,1,108,208,Active,,,https://www.redfin.com/OH/Columbus/5522-Brackenridge-Ave-43228/home/79557761,CBRMLS,225028592,N,Y,39.9349947,-83.1458248
MLS Listing,,Single Family Residential,2360 Bloxom St,Grove City,OH,43123,299900,2,2.0,Grove City,1340,6098,1998,1,224,110,Active,,,https://www.redfin.com/OH/Grove-City/2360-Bloxom-St-43123/home/79622879,CBRMLS,225028590,N,Y,39.9043049,-83.1171395
MLS Listing,,Condo/Co-op,4786 Crazy Horse Ln #2,Westerville,OH,43081,260000,3,2.5,Little Turtle/Chippewill,1879,871,1974,1,138,721,Active,August-3-2025 01:00 PM,August-3-2025 03:00 PM,https://www.redfin.com/OH/Westerville/4786-Crazy-Horse-Ln-43081/unit-2/home/100778754,CBRMLS,225028578,N,Y,40.0872476,-82.8877989
MLS Listing,,Single Family Residential,5441 Hazelwood Rd,Columbus,OH,43229,369900,4,2.5,Columbus,2100,7405,1962,1,176,,Active,,,https://www.redfin.com/OH/Columbus/5441-Hazelwood-Rd-43229/home/75664710,CBRMLS,225028575,N,Y,40.0781876,-82.977415
MLS Listing,,Single Family Residential,1413 Cranwood Dr,Columbus,OH,43229,215000,3,1.5,Devonshire,1404,7840,1968,1,153,,Active,,,https://www.redfin.com/OH/Columbus/1413-Cranwood-Dr-43229/home/79557551,CBRMLS,225028569,N,Y,40.0993308,-82.9786615
MLS Listing,,Single Family Residential,1647 Jackson Rd,Columbus,OH,43223,210000,3,1.0,Columbus,1444,9147,1963,1,145,,Active,,,https://www.redfin.com/OH/Columbus/1647-Jackson-Rd-43223/home/75642683,CBRMLS,225028564,N,Y,39.9360146,-83.0398873
MLS Listing,,Condo/Co-op,396 W 7th Ave,Columbus,OH,43201,687000,3,3.5,"The Circles, Dennison Place, Victorian Village Area, Short North, Harrison West Area",2455,1306,1900,1,280,,Active,August-3-2025 01:00 PM,August-3-2025 03:00 PM,https://www.redfin.com/OH/Columbus/396-W-7th-Ave-43201/home/79736841,CBRMLS,225028555,N,Y,39.9896933,-83.0168316
MLS Listing,,Single Family Residential,1320 Pepperell Dr,Columbus,OH,43235,485000,4,2.5,Sycamore Hills,2226,10454,1969,1,218,17,Active,August-3-2025 01:00 PM,August-3-2025 03:00 PM,https://www.redfin.com/OH/Columbus/1320-Pepperell-Dr-43235/home/75632779,CBRMLS,225028548,N,Y,40.0718834,-83.0545034
MLS Listing,,Single Family Residential,662 Mustang Canyon Dr,Galloway,OH,43119,320000,3,2.5,Westchester,1709,6098,1999,1,187,,Active,,,https://www.redfin.com/OH/Galloway/662-Mustang-Canyon-Dr-43119/home/79594407,CBRMLS,225028543,N,Y,39.9381832,-83.1502452
MLS Listing,,Single Family Residential,1128 E 24th Ave,Columbus,OH,43211,169999,3,1.0,Columbus,979,4791,1948,1,174,,Active,August-2-2025 01:00 PM,August-2-2025 03:00 PM,https://www.redfin.com/OH/Columbus/1128-E-24th-Ave-43211/home/75660087,CBRMLS,225028540,N,Y,40.0068885,-82.9786413
MLS Listing,,Condo/Co-op,1789 Northwest Blvd,Columbus,OH,43212,265000,2,1.0,Columbus,864,435,1947,1,307,200,Active,,,https://www.redfin.com/OH/Columbus/1789-Northwest-Blvd-43212/home/75655158,CBRMLS,225028538,N,Y,39.9941303,-83.0444895
MLS Listing,,Single Family Residential,4973 Black Sycamore Dr,Columbus,OH,43231,529900,3,3.5,Minerva Park Village,2900,6534,2017,1,183,,Active,August-9-2025 11:00 AM,August-9-2025 03:00 PM,https://www.redfin.com/OH/Columbus/4973-Black-Sycamore-Dr-43231/home/113780838,CBRMLS,225028535,N,Y,40.0762085,-82.9351186
MLS Listing,,Single Family Residential,233 S Dawson Ave,Columbus,OH,43209,1245000,6,5.0,Columbus,3871,12632,1927,1,322,,Active,,,https://www.redfin.com/OH/Columbus/233-S-Dawson-Ave-43209/home/100751851,CBRMLS,225025734,N,Y,39.9646459,-82.9361647
MLS Listing,,Single Family Residential,4986 Majestic Dr E,Columbus,OH,43232,165000,3,1.0,Columbus,1396,9147,1962,1,118,,Active,,,https://www.redfin.com/OH/Columbus/4986-Majestic-Dr-E-43232/home/100743474,CBRMLS,225028530,N,Y,39.9310768,-82.8598731
MLS Listing,,Condo/Co-op,875 Soramill Ln Unit 4A,Columbus,OH,43085,220000,2,1.5,Worthington Glen,1206,435,1988,1,182,220,Active,August-3-2025 02:00 PM,August-3-2025 04:00 PM,https://www.redfin.com/OH/Columbus/875-Soramill-Ln-43085/unit-4A/home/100780540,CBRMLS,225028528,N,Y,40.1261415,-82.9934951
MLS Listing,,Single Family Residential,696 E Schreyer Pl,Columbus,OH,43214,339900,3,1.5,Indian Springs,1196,7840,1954,1,284,,Active,August-2-2025 12:00 PM,August-2-2025 01:30 PM,https://www.redfin.com/OH/Columbus/696-E-Schreyer-Pl-43214/home/75596944,CBRMLS,225028527,N,Y,40.0523931,-83.00121
MLS Listing,,Single Family Residential,5440 Aspen Rd,Columbus,OH,43229,350000,3,2.5,Forest Park,1568,8276,1971,1,223,,Active,August-2-2025 01:00 PM,August-2-2025 03:00 PM,https://www.redfin.com/OH/Columbus/5440-Aspen-Rd-43229/home/79532420,CBRMLS,225028181,N,Y,40.0795881,-82.9633066
MLS Listing,,Single Family Residential,2131 Sheringham Rd,Upper Arlington,OH,43220,1500000,5,4.5,Upper Arlington,5264,15681,1962,1,285,,Active,,,https://www.redfin.com/OH/Columbus/2131-Sheringham-Rd-43220/home/75639417,CBRMLS,225027884,N,Y,40.0421109,-83.0751698
MLS Listing,,Single Family Residential,4947 Albany Dr,Columbus,OH,43232,220000,3,1.0,Blacklick Estates,936,7840,1970,1,235,,Active,,,https://www.redfin.com/OH/Columbus/4947-Albany-Dr-43232/home/79704131,CBRMLS,225027750,N,Y,39.9017465,-82.8705135
MLS Listing,,Single Family Residential,4456 Densmore Rd,Columbus,OH,43224,320000,3,1.5,Clinton Estates,1720,7405,1960,1,186,,Active,,,https://www.redfin.com/OH/Columbus/4456-Densmore-Rd-43224/home/79592397,CBRMLS,225027962,N,Y,40.0577368,-82.9797364
MLS Listing,,Single Family Residential,8711 Blessing Dr,Powell,OH,43065,399900,4,2.5,Smoky Ridge Estates,1632,10454,1980,1,245,,Active,August-3-2025 01:00 PM,August-3-2025 03:00 PM,https://www.redfin.com/OH/Powell/8711-Blessing-Dr-43065/home/79575038,CBRMLS,225024341,N,Y,40.1353259,-83.0636483
MLS Listing,,Condo/Co-op,863 Pullman Way,Columbus,OH,43212,879900,4,3.5,Grandview Yard,2606,871,2017,1,338,215,Active,,,https://www.redfin.com/OH/Grandview-Heights/863-Pullman-Way-43212/home/193881586,CBRMLS,225027950,N,Y,39.9776883,-83.0287005
MLS Listing,,Condo/Co-op,5500 Camlin Pl W #47,Westerville,OH,43081,489000,2,2.0,Retreat at Warner,2006,2613,2019,1,244,300,Active,August-3-2025 01:00 PM,August-3-2025 03:00 PM,https://www.redfin.com/OH/Westerville/5500-Camlin-Pl-W-43081/unit-47/home/169641879,CBRMLS,225028169,N,Y,40.0917485,-82.8653453
MLS Listing,,Single Family Residential,309 Auden Ave,Columbus,OH,43215,795000,3,4.0,Jeffrey Place/Italian Village/Short North area,2612,1306,2018,1,304,287,Active,,,https://www.redfin.com/OH/Columbus/309-Auden-Ave-43215/home/193925806,CBRMLS,225028188,N,Y,39.9795946,-82.9957378
MLS Listing,,Single Family Residential,2304 Woodland Ave,Columbus,OH,43211,200000,4,2.0,Arlington Park,1475,5662,1956,1,136,,Active,August-2-2025 12:00 PM,August-2-2025 02:00 PM,https://www.redfin.com/OH/Columbus/2304-Woodland-Ave-43211/home/75662296,CBRMLS,225028016,N,Y,40.0158172,-82.9505561
MLS Listing,,Single Family Residential,1411 E 18th Ave,Columbus,OH,43211,134900,2,1.0,LOUIS HTS,672,5227,1951,1,201,,Active,,,https://www.redfin.com/OH/Columbus/1411-E-18th-Ave-43211/home/79710465,CBRMLS,225028468,N,Y,40.0008766,-82.9697654
MLS Listing,,Single Family Residential,2035 Tuckaway Ct,Columbus,OH,43228,375000,4,2.0,Golfview Woods,2112,7405,1979,1,178,,Active,,,https://www.redfin.com/OH/Columbus/2035-Tuckaway-Ct-43228/home/79514713,CBRMLS,225028313,N,Y,39.9952474,-83.1033574
MLS Listing,,Single Family Residential,2150 Waldorf Rd,Columbus,OH,43229,289900,3,2.0,Columbus,2100,13068,1968,1,138,,Active,,,https://www.redfin.com/OH/Columbus/2150-Waldorf-Rd-43229/home/79629133,CBRMLS,225027926,N,Y,40.0693931,-82.9610812
MLS Listing,,Single Family Residential,3507 River Avon Cir,Columbus,OH,43221,1275000,4,4.0,River's Gate,3676,11761,2003,1,347,333,Active,August-3-2025 02:00 PM,August-3-2025 04:00 PM,https://www.redfin.com/OH/Columbus/3507-River-Avon-Cir-43221/home/79476082,CBRMLS,225028146,N,Y,40.0287916,-83.0978436
MLS Listing,,Single Family Residential,5642 Keystone Ln,Hilliard,OH,43026,699900,2,2.0,Courtyards at Carr Farms,2245,7405,2023,1,312,268,Active,,,https://www.redfin.com/OH/Hilliard/5642-Keystone-Ln-43026/home/190424742,CBRMLS,225027824,N,Y,40.052993,-83.1688421
MLS Listing,,Single Family Residential,6905 Spruce Pine Dr,Columbus,OH,43235,459000,4,2.5,Whispering Pines,1898,7405,1987,1,242,,Active,,,https://www.redfin.com/OH/Columbus/6905-Spruce-Pine-Dr-43235/home/79578526,CBRMLS,225027516,N,Y,40.1066451,-83.0694121
MLS Listing,,Single Family Residential,745 Fleetrun Ave,Columbus,OH,43230,487900,4,3.5,Hunters Ridge,3309,10890,1979,1,147,,Active,,,https://www.redfin.com/OH/Columbus/745-Fleetrun-Ave-43230/home/79684580,CBRMLS,225028480,N,Y,40.0139138,-82.8553139
MLS Listing,,Single Family Residential,5615 Marita Ln,Columbus,OH,43235,274900,2,1.0,Mckitrick Estates,1019,6098,1988,1,270,,Active,,,https://www.redfin.com/OH/Columbus/5615-Marita-Ln-43235/home/79614950,CBRMLS,225028384,N,Y,40.0706885,-83.0752927
MLS Listing,,Single Family Residential,2126 Trent Rd,Columbus,OH,43229,299900,3,2.0,Northland Park/Forest Park,1785,9147,1969,1,168,,Active,,,https://www.redfin.com/OH/Columbus/2126-Trent-Rd-43229/home/75633496,CBRMLS,225028172,N,Y,40.0677219,-82.9619347
MLS Listing,,Condo/Co-op,3175 Tremont Rd #511,Upper Arlington,OH,43221,389900,2,2.0,Arlington Crossing,1345,1742,2007,1,290,603,Active,,,https://www.redfin.com/OH/Columbus/3175-Tremont-Rd-43221/unit-511/home/100719419,CBRMLS,225028195,N,Y,40.0218571,-83.0607192
MLS Listing,,Single Family Residential,2214 Medina Ave,Columbus,OH,43211,219900,3,2.0,Columbus,1268,12196,1950,1,173,,Active,,,https://www.redfin.com/OH/Columbus/2214-Medina-Ave-43211/home/75627505,CBRMLS,225024710,N,Y,40.0114888,-82.9745184
MLS Listing,,Single Family Residential,2427 Breathstone Dr,Powell,OH,43065,455000,4,3.5,Summitview Woods,1942,7840,1990,1,234,,Active,,,https://www.redfin.com/OH/Powell/2427-Breathstone-Dr-43065/home/79575659,CBRMLS,225028310,N,Y,40.1355798,-83.0813325
MLS Listing,,Single Family Residential,2200 Smoky View Blvd,Powell,OH,43065,420000,4,2.5,Smoky Ridge Estates,1950,7840,1978,1,215,,Active,,,https://www.redfin.com/OH/Powell/2200-Smoky-View-Blvd-43065/home/75650037,CBRMLS,225028009,N,Y,40.1361213,-83.0753323
MLS Listing,,Single Family Residential,2229 Genessee Ave,Columbus,OH,43211,154999,3,1.0,Orchard Heights,1075,7405,1961,1,144,,Active,,,https://www.redfin.com/OH/Columbus/2229-Genessee-Ave-43211/home/75599399,CBRMLS,225028515,N,Y,40.0177938,-82.9508386
MLS Listing,,Condo/Co-op,4714 Tarryton Ct S Unit 20-2E,Columbus,OH,43228,74950,1,1.0,Columbus,784,871,1967,1,96,282,Active,,,https://www.redfin.com/OH/Columbus/4714-Tarryton-Ct-S-43228/unit-20-2E/home/75613481,CBRMLS,225028512,N,Y,39.9549064,-83.1271448
MLS Listing,,Single Family Residential,5507 Crenton Dr,Westerville,OH,43081,332500,3,2.5,Westerville Crossing,1344,7405,2000,1,247,,Active,August-3-2025 01:00 PM,August-3-2025 03:00 PM,https://www.redfin.com/OH/Westerville/5507-Crenton-Dr-43081/home/79653426,CBRMLS,225028511,N,Y,40.0855888,-82.9255641
MLS Listing,,Single Family Residential,2903 Kilbourne Ave Ave,Columbus,OH,43231,599000,6,4.5,Columbus,3100,10890,2025,1,193,,Active,,,https://www.redfin.com/OH/Columbus/2903-Kilbourne-Ave-43231/home/100761169,CBRMLS,225028510,N,Y,40.0695625,-82.9453454
MLS Listing,,Single Family Residential,819 Hunt Valley Dr,Reynoldsburg,OH,43068,279900,4,2.0,Reynoldsburg,1950,13939,1961,1,144,,Active,August-2-2025 12:00 PM,August-2-2025 02:00 PM,https://www.redfin.com/OH/Reynoldsburg/819-Hunt-Valley-Dr-43068/home/75697397,CBRMLS,225028491,N,Y,39.9645894,-82.8222344
MLS Listing,,Single Family Residential,3523 Watergrass Hill Dr,Columbus,OH,43221,399500,3,2.5,Columbus,1804,9147,1977,1,221,,Active,,,https://www.redfin.com/OH/Columbus/3523-Watergrass-Hill-Dr-43221/home/75692440,CBRMLS,225028486,N,Y,40.018069,-83.1097789
MLS Listing,,Single Family Residential,221 Fernhill Ave,Columbus,OH,43228,202000,3,1.0,Rome Heights,1050,5227,1957,1,192,,Active,,,https://www.redfin.com/OH/Columbus/221-Fernhill-Ave-43228/home/79496604,CBRMLS,225028478,N,Y,39.9473117,-83.1336121
MLS Listing,,Multi-Family (5+ Unit),398 S Central Ave,Columbus,OH,43223,1075000,1,,Columbus,,11761,1974,1,,,Active,,,https://www.redfin.com/OH/Columbus/398-S-Central-Ave-43223/home/79761231,CBRMLS,225028466,N,Y,39.9496623,-83.0363381
MLS Listing,,Condo/Co-op,925 Ingleside Ave #111,Columbus,OH,43215,349900,2,2.0,Harrison West  Flats at Harrison Park,1170,1306,2009,1,299,338,Active,August-2-2025 01:00 PM,August-2-2025 03:00 PM,https://www.redfin.com/OH/Columbus/925-Ingleside-Ave-43215/unit-111/home/79733370,CBRMLS,225028462,N,Y,39.979635,-83.01818
MLS Listing,,Single Family Residential,1958 Vandalia Ct,Columbus,OH,43223,289900,3,2.5,Columbus,1764,8276,1993,1,164,,Active,,,https://www.redfin.com/OH/Columbus/1958-Vandalia-Ct-43223/home/75713828,CBRMLS,225028442,N,Y,39.9279319,-83.0473411
MLS Listing,,Multi-Family (5+ Unit),6523 Dorothys Crk,Canal Winchester,OH,43110,3950000,56,,Dorothy's Pond Condominiums,,,2003,1,,,Active,,,https://www.redfin.com/OH/Canal-Winchester/6523-Dorothys-Crk-43110/home/75651967,CBRMLS,225028431,N,Y,39.9048947,-82.8225353
MLS Listing,,Multi-Family (2-4 Unit),322 S Ohio Ave,Columbus,OH,43205,419900,6,,Columbus,2182,4791,1900,1,192,,Active,,,https://www.redfin.com/OH/Columbus/322-324-S-Ohio-Ave-43205/home/193891206,CBRMLS,225028426,N,Y,39.958826,-82.970419
MLS Listing,,Single Family Residential,1552 Northridge Rd,Columbus,OH,43224,209900,3,1.0,Columbus,888,5662,1954,1,236,,Active,,,https://www.redfin.com/OH/Columbus/1552-Northridge-Rd-43224/home/75597281,CBRMLS,225028417,N,Y,40.0415578,-82.9734956
MLS Listing,,Single Family Residential,457 Shady Spring Dr,Columbus,OH,43230,465000,4,2.5,Hunters Ridge,2815,11325,1992,1,165,,Active,,,https://www.redfin.com/OH/Columbus/457-Shady-Spring-Dr-43230/home/75693483,CBRMLS,225028242,N,Y,40.0062861,-82.8532455
MLS Listing,,Condo/Co-op,4086 Parkcove Dr Unit 22B,Columbus,OH,43230,205000,2,1.0,Blendon Park,896,871,1996,1,229,275,Active,,,https://www.redfin.com/OH/Columbus/4086-Parkcove-Dr-43230/unit-22B/home/75724116,CBRMLS,225028390,N,Y,40.0690612,-82.8663838
MLS Listing,,Single Family Residential,737 Jaeger St,Columbus,OH,43206,459900,2,1.0,German Village,1037,3484,1900,1,443,,Active,August-3-2025 01:00 PM,August-3-2025 03:00 PM,https://www.redfin.com/OH/Columbus/737-Jaeger-St-43206/home/79627096,CBRMLS,225028388,N,Y,39.947961,-82.990038
MLS Listing,,Single Family Residential,1116 Richter Rd,Columbus,OH,43223,419000,3,1.5,Columbus,1818,174240,1944,1,230,,Active,,,https://www.redfin.com/OH/Columbus/1116-Richter-Rd-43223/home/75609786,CBRMLS,225028382,N,Y,39.9265082,-83.0317321
MLS Listing,,Single Family Residential,278 E Dominion Blvd,Columbus,OH,43214,475000,3,2.0,Columbus,1258,7405,1949,1,378,,Active,,,https://www.redfin.com/OH/Columbus/278-E-Dominion-Blvd-43214/home/79524168,CBRMLS,225028370,N,Y,40.0534583,-83.0123233
MLS Listing,,Single Family Residential,1649 North Star Ave,Columbus,OH,43212,340000,3,2.0,Columbus,1412,4356,1969,1,241,,Active,August-3-2025 12:00 PM,August-3-2025 02:00 PM,https://www.redfin.com/OH/Columbus/1649-N-Star-Ave-43212/home/92664188,CBRMLS,225028367,N,Y,39.9909924,-83.0492135
MLS Listing,,Single Family Residential,6056 Glade Run Rd,Hilliard,OH,43026,499900,4,2.5,Anderson Meadows,2300,9583,2015,1,217,29,Active,,,https://www.redfin.com/OH/Hilliard/6056-Glade-Run-Rd-43026/home/100722845,CBRMLS,225028362,N,Y,40.0060232,-83.1749071
MLS Listing,,Single Family Residential,1604 Westmeadow Dr,Columbus,OH,43223,279900,4,2.0,Westmeadow,1506,6534,1998,1,186,8,Active,,,https://www.redfin.com/OH/Columbus/1604-Westmeadow-Dr-43223/home/79712917,CBRMLS,225028355,N,Y,39.9259853,-83.0405825
MLS Listing,,Multi-Family (2-4 Unit),823 - 827 Timberman Rd,Columbus,OH,43212,615000,6,,Grandview,2586,8276,1925,1,238,,Active,,,https://www.redfin.com/OH/Columbus/827-Timberman-Rd-43212/home/75693965,CBRMLS,225028354,N,Y,39.976112,-83.030788
MLS Listing,,Single Family Residential,510 Clark State Rd,Columbus,OH,43230,379000,3,2.5,Columbus,1660,13939,1972,1,228,,Active,,,https://www.redfin.com/OH/Columbus/510-Clark-State-Rd-43230/home/100752282,CBRMLS,225028353,N,Y,40.0266714,-82.8627793
MLS Listing,,Single Family Residential,895 Linworth Village Dr,Columbus,OH,43235,625000,3,2.5,Linworth Village,3209,7840,1997,1,195,,Active,,,https://www.redfin.com/OH/Columbus/895-Linworth-Village-Dr-43235/home/79552094,CBRMLS,225006223,N,Y,40.0709822,-83.0431212
MLS Listing,,Single Family Residential,3814 Clime Rd,Columbus,OH,43228,179814,3,1.0,Columbus,918,6969,1964,1,196,,Active,,,https://www.redfin.com/OH/Columbus/3814-Clime-Rd-43228/home/100743836,CBRMLS,225028346,N,Y,39.9291908,-83.0981486
MLS Listing,,Single Family Residential,5288 Mardela Dr,Westerville,OH,43081,359999,3,1.5,Hiview Little Turtle,1667,6098,1986,1,216,,Active,,,https://www.redfin.com/OH/Westerville/5288-Mardela-Dr-43081/home/79510690,CBRMLS,225028324,N,Y,40.0853322,-82.8673398
MLS Listing,,Condo/Co-op,1959 Fortstone Ln,Columbus,OH,43228,175000,2,2.0,The Villas at Holt Run,1152,1306,2002,1,152,265,Active,,,https://www.redfin.com/OH/Columbus/1959-Fortstone-Ln-43228/home/100707083,CBRMLS,225028321,N,Y,39.915649,-83.122484
MLS Listing,,Single Family Residential,418 Townsend Ave,Columbus,OH,43223,244900,3,2.0,Hilltonia,1308,4791,1924,1,187,,Active,,,https://www.redfin.com/OH/Columbus/418-Townsend-Ave-43223/home/79497098,CBRMLS,225028484,N,Y,39.9481993,-83.0453561
MLS Listing,,Condo/Co-op,4131 Claver Dr,Columbus,OH,43219,325000,3,2.5,Columbus,2226,2613,2007,1,146,203,Active,,,https://www.redfin.com/OH/Columbus/4131-Claver-Dr-43219/home/79667464,CBRMLS,225028049,N,Y,40.0318675,-82.9045466
MLS Listing,,Condo/Co-op,5191 Winsome Way,Columbus,OH,43220,199900,2,1.5,Downing Place,1024,435,1984,1,195,200,Active,,,https://www.redfin.com/OH/Columbus/5191-Winsome-Way-43220/home/79498178,CBRMLS,225028092,N,Y,40.0645119,-83.0530438
MLS Listing,,Single Family Residential,2168 Summit Row Blvd,Powell,OH,43065,360000,3,2.5,Powell,1492,10890,1978,1,241,,Active,,,https://www.redfin.com/OH/Powell/2168-Summit-Row-Blvd-43065/home/79506015,CBRMLS,225028122,N,Y,40.1339655,-83.0744952
MLS Listing,,Single Family Residential,452 Catherine St,Columbus,OH,43223,164900,3,2.0,Columbus,1056,4356,1923,1,156,,Active,,,https://www.redfin.com/OH/Columbus/452-Catherine-St-43223/home/79606749,CBRMLS,225028019,N,Y,39.9479051,-83.0422726
MLS Listing,,Single Family Residential,2804 Indianola Ave,Columbus,OH,43202,399000,3,1.0,South Clintonville,1376,5227,1928,1,290,,Active,,,https://www.redfin.com/OH/Columbus/2804-Indianola-Ave-43202/home/79569067,CBRMLS,225024019,N,Y,40.0207407,-83.0015883
MLS Listing,,Single Family Residential,1106 Welwyn Dr,Westerville,OH,43081,445000,3,2.5,Oxford Place,2605,17424,1988,1,171,,Active,August-2-2025 10:00 AM,August-2-2025 12:00 PM,https://www.redfin.com/OH/Westerville/1106-Welwyn-Dr-43081/home/79667232,CBRMLS,225028166,N,Y,40.1277967,-82.9873913
MLS Listing,,Single Family Residential,410 Wyandotte Ave,Columbus,OH,43202,350000,4,2.0,OSU Campus area,1800,5227,1910,2,194,,Active,,,https://www.redfin.com/OH/Columbus/410-Wyandotte-Ave-43202/home/75655506,CBRMLS,225028292,N,Y,40.0102528,-82.9989445
MLS Listing,,Multi-Family (2-4 Unit),1417 Selkirk Rd,Columbus,OH,43227,409900,8,,Columbus,3240,7840,1959,2,127,,Active,,,https://www.redfin.com/OH/Columbus/1417-Selkirk-Rd-43227/home/79765147,CBRMLS,225028288,N,Y,39.9437342,-82.898365
MLS Listing,,Single Family Residential,320 Spruce Hill Dr,Columbus,OH,43230,1,4,3.5,Rathburn Woods,2517,11325,1992,2,0,,Active,August-10-2025 02:00 PM,August-10-2025 04:00 PM,https://www.redfin.com/OH/Columbus/320-Spruce-Hill-Dr-43230/home/79693611,CBRMLS,225028279,N,Y,40.0096261,-82.8420956
MLS Listing,,Single Family Residential,200 Schultz Ave,Columbus,OH,43222,200000,2,1.0,Columbus,824,4791,1930,2,243,,Active,,,https://www.redfin.com/OH/Columbus/200-Schultz-Ave-43222/home/79648395,CBRMLS,225028278,N,Y,39.961338,-83.042879
MLS Listing,,Single Family Residential,440 Alton Darby Creek Rd,Galloway,OH,43119,184888,2,1.0,Galloway,1120,9147,1947,2,165,,Active,,,https://www.redfin.com/OH/Galloway/440-Alton-Darby-Creek-Rd-43119/home/79540544,CBRMLS,225028276,N,Y,39.9599751,-83.1663848
MLS Listing,,Single Family Residential,1944 E North Broadway St,Columbus,OH,43224,109900,2,1.0,Columbus,720,7840,1943,2,153,,Active,,,https://www.redfin.com/OH/Columbus/1944-E-North-Broadway-St-43224/home/75676792,CBRMLS,225028267,N,Y,40.0295807,-82.9606088
MLS Listing,,Multi-Family (2-4 Unit),846/848 Summit St,Columbus,OH,43215,970000,6,,Columbus,3604,871,1912,2,269,,Active,,,https://www.redfin.com/OH/Columbus/846-Summit-St-43215/home/75625252,CBRMLS,225028263,N,Y,39.980056,-83.000534
MLS Listing,,Single Family Residential,2735 Brandon Rd,Columbus,OH,43221,585000,3,1.5,Brandon Heights,1470,7405,1953,2,398,,Active,,,https://www.redfin.com/OH/Columbus/2735-Brandon-Rd-43221/home/75638917,CBRMLS,225028257,N,Y,40.0127651,-83.0569913
MLS Listing,,Single Family Residential,920 E 5th Ave,Columbus,OH,43201,100000,3,2.0,PETERS,1464,4356,1925,2,68,,Active,,,https://www.redfin.com/OH/Columbus/920-E-5th-Ave-43201/home/75723279,CBRMLS,225028256,N,Y,39.9862482,-82.9802451
MLS Listing,,Single Family Residential,2484 Danvers Ct,Columbus,OH,43220,1295000,3,3.0,Burbank Estates,3344,12632,1973,2,387,,Active,,,https://www.redfin.com/OH/Columbus/2484-Danvers-Ct-43220/home/79609512,CBRMLS,225028240,N,Y,40.0489659,-83.0838075
MLS Listing,,Single Family Residential,601 Frebis Ave,Columbus,OH,43206,389900,3,2.5,Columbus,1481,4356,2025,2,263,,Active,,,https://www.redfin.com/OH/Columbus/601-Frebis-Ave-43206/home/75670966,CBRMLS,225028234,N,Y,39.9351353,-82.9797876
MLS Listing,,Single Family Residential,1301 Yellowwood Dr,Columbus,OH,43229,335000,4,2.0,Columbus,2280,9147,1962,2,147,,Active,,,https://www.redfin.com/OH/Columbus/1301-Yellowwood-Dr-43229/home/79534028,CBRMLS,225028228,N,Y,40.0774053,-82.9829197
MLS Listing,,Single Family Residential,544 Cedarwood Rd,Columbus,OH,43207,90000,2,1.0,Columbus,1350,16552,1930,2,67,,Active,,,https://www.redfin.com/OH/Columbus/544-Cedarwood-Rd-43207/home/75597618,CBRMLS,225028213,N,Y,39.8857349,-82.9853451
MLS Listing,,Single Family Residential,393 E Woodrow Ave,Columbus,OH,43207,239000,2,1.0,Hungarian Village,984,3920,1928,2,243,,Active,,,https://www.redfin.com/OH/Columbus/393-E-Woodrow-Ave-43207/home/79566234,CBRMLS,225028204,N,Y,39.9270554,-82.9850048
MLS Listing,,Condo/Co-op,250 Daniel Burnham Sq #248,Columbus,OH,43215,699900,2,2.5,Burnham Square,2218,16552,2006,2,316,744,Active,,,https://www.redfin.com/OH/Columbus/250-Daniel-Burnham-Sq-43215/unit-248/home/196682614,CBRMLS,225028197,N,Y,39.9672578,-83.0078739
MLS Listing,,Single Family Residential,2424 Sherwood Rd,Bexley,OH,43209,899000,5,2.0,Bexley,2980,11761,1918,2,302,,Active,,,https://www.redfin.com/OH/Columbus/2424-Sherwood-Rd-43209/home/79537582,CBRMLS,225028198,N,Y,39.9584659,-82.9341522
MLS Listing,,Single Family Residential,2680 Deming Ave,Columbus,OH,43202,325000,3,1.0,Indianola Parkview,1144,4356,1919,2,284,,Active,,,https://www.redfin.com/OH/Columbus/2680-Deming-Ave-43202/home/79539838,CBRMLS,225028183,N,Y,40.0179525,-83.0029197
MLS Listing,,Single Family Residential,120 Caren Ave,Worthington,OH,43085,949900,5,4.5,Worthington Estates,4364,13068,2024,2,218,,Active,August-1-2025 11:00 AM,August-1-2025 01:00 PM,https://www.redfin.com/OH/Worthington/120-Caren-Ave-43085/home/79580402,CBRMLS,225028182,N,Y,40.1057508,-83.019479
MLS Listing,,Single Family Residential,1756 Zucchina Dr,Hilliard,OH,43026,569900,3,3.0,Retreat at Sugar Farms,2784,6534,2024,2,205,190,Active,August-3-2025 02:00 PM,August-3-2025 04:00 PM,https://www.redfin.com/OH/Hilliard/1756-Zucchina-Dr-43026/home/190288176,CBRMLS,225024257,N,Y,39.986529,-83.173334
MLS Listing,,Single Family Residential,1225 Eastview Ave,Columbus,OH,43212,825000,5,3.0,Grandview Heights,3538,3920,2007,2,233,,Active,August-3-2025 01:00 PM,August-3-2025 03:00 PM,https://www.redfin.com/OH/Columbus/1225-Eastview-Ave-43212/home/75604382,CBRMLS,225028180,N,Y,39.9837313,-83.0364313
MLS Listing,,Single Family Residential,6823 Meadow Creek Dr #205,Columbus,OH,43235,219900,2,2.0,Dublin Green,1093,1742,1995,2,201,384,Active,August-3-2025 11:00 AM,August-3-2025 03:00 PM,https://www.redfin.com/OH/Columbus/6823-Meadow-Creek-Dr-43235/unit-205/home/79610857,CBRMLS,225028167,N,Y,40.0953556,-83.0804049
MLS Listing,,Single Family Residential,2206 Jefferson Ave,Columbus,OH,43211,85000,3,2.0,Columbus,720,4791,1947,2,118,,Active,,,https://www.redfin.com/OH/Columbus/2206-Jefferson-Ave-43211/home/79508617,CBRMLS,225028164,N,Y,40.0104169,-82.9824331
MLS Listing,,Single Family Residential,1995 Minnesota Ave,Columbus,OH,43211,150000,3,1.0,Columbus,1352,5662,1910,2,111,,Active,,,https://www.redfin.com/OH/Columbus/1995-Minnesota-Ave-43211/home/79542116,CBRMLS,225028163,N,Y,40.0192967,-82.9573365
MLS Listing,,Single Family Residential,1849 Ransburg Ave,Columbus,OH,43223,189500,2,1.0,Columbus,900,5227,1953,2,211,,Active,,,https://www.redfin.com/OH/Columbus/1849-Ransburg-Ave-43223/home/75682908,CBRMLS,225028152,N,Y,39.9378967,-83.0463339
MLS Listing,,Condo/Co-op,4656 N High St #4656,Columbus,OH,43214,268000,2,1.5,Columbus,1018,,1931,2,263,187,Active,,,https://www.redfin.com/OH/Columbus/4656-N-High-St-43214/unit-4656/home/79652977,CBRMLS,225028150,N,Y,40.0572552,-83.0193893
MLS Listing,,Condo/Co-op,2109 W 5 Ave Unit A,Marble Cliff,OH,43212,275000,2,1.0,Treetop,1218,1306,1952,2,226,584,Active,August-2-2025 01:00 PM,August-2-2025 03:00 PM,https://www.redfin.com/OH/Columbus/2109-W-5th-Ave-43212/unit-A/home/101684807,CBRMLS,225028141,N,Y,39.989301,-83.063111
MLS Listing,,Single Family Residential,291 N Drexel Ave,Bexley,OH,43209,4950000,8,8.5,Bexley,12757,37461,1927,2,388,,Active,,,https://www.redfin.com/OH/Columbus/291-N-Drexel-Ave-43209/home/79585614,CBRMLS,225027759,N,Y,39.9758043,-82.9372198
MLS Listing,,Single Family Residential,881 Joyful St,Columbus,OH,43204,225000,3,1.0,Columbus,1434,8712,1955,2,157,,Active,,,https://www.redfin.com/OH/Columbus/881-Joyful-St-43204/home/75610476,CBRMLS,225027414,N,Y,39.9357763,-83.0924185
MLS Listing,,Single Family Residential,3265 Stelzer Rd,Columbus,OH,43219,380000,3,1.5,Columbus,1872,20473,1970,3,203,,Active,,,https://www.redfin.com/OH/Columbus/3265-Stelzer-Rd-43219/home/100744524,CBRMLS,225028136,N,Y,40.0396927,-82.9102136
MLS Listing,,Single Family Residential,478 Belvidere Ave,Columbus,OH,43223,260000,4,2.5,Columbus,1920,6098,1948,3,135,,Active,,,https://www.redfin.com/OH/Columbus/478-Belvidere-Ave-43223/home/75595474,CBRMLS,225028119,N,Y,39.9460009,-83.0538938
MLS Listing,,Condo/Co-op,965 Manor Ln Unit W,Columbus,OH,43221,159900,1,1.0,Chatham Village,699,871,1969,3,229,176,Active,,,https://www.redfin.com/OH/Columbus/965-Manor-Ln-43221/unit-W/home/196663347,CBRMLS,225028113,N,Y,40.020637,-83.0385363
MLS Listing,,Single Family Residential,3967 Poppyseed Ct,Columbus,OH,43207,235000,3,1.0,Columbus,1184,11325,1980,3,198,,Active,,,https://www.redfin.com/OH/Columbus/3967-Poppyseed-Ct-43207/home/79523948,CBRMLS,225028084,N,Y,39.8864478,-82.9267539
MLS Listing,,Single Family Residential,2269 Fishinger Rd,Upper Arlington,OH,43221,499900,4,2.5,River Ridge,2012,7840,1972,3,248,,Active,August-3-2025 01:00 PM,August-3-2025 03:00 PM,https://www.redfin.com/OH/Columbus/2269-Fishinger-Rd-43221/home/75639409,CBRMLS,225024612,N,Y,40.0292556,-83.0760532
MLS Listing,,Single Family Residential,3345 Trentshire Dr,Canal Winchester,OH,43110,279900,3,2.5,Hummel Grove Meadows,1483,8276,1998,3,189,,Active,,,https://www.redfin.com/OH/Canal-Winchester/3345-Trentshire-Dr-43110/home/75721716,CBRMLS,225028044,N,Y,39.9135713,-82.8203233
MLS Listing,,Multi-Family (2-4 Unit),1025 Lockbourne Rd,Columbus,OH,43206,340000,3,,Southern Orchards,2613,8712,1925,3,130,,Active,,,https://www.redfin.com/OH/Columbus/1025-Lockbourne-Rd-43206/home/196647021,CBRMLS,225028036,N,Y,39.9450501,-82.9638914
MLS Listing,,Single Family Residential,4381 Alderson Ct,Columbus,OH,43228,299900,3,2.5,Southfield,1496,16988,1996,3,200,,Active,,,https://www.redfin.com/OH/Columbus/4381-Alderson-Ct-43228/home/79541008,CBRMLS,225028034,N,Y,39.9841024,-83.1197656
MLS Listing,,Single Family Residential,255 Eldon Ave,Columbus,OH,43204,130000,4,1.0,North Hilltop,1376,3920,1940,3,94,,Active,,,https://www.redfin.com/OH/Columbus/255-Eldon-Ave-43204/home/75666484,CBRMLS,225028012,N,Y,39.9605165,-83.0673325
MLS Listing,,Single Family Residential,5488 Whispering Oak Blvd,Hilliard,OH,43026,424998,4,2.5,Wynneoak Estates,2011,7840,1994,3,211,,Active,,,https://www.redfin.com/OH/Hilliard/5488-Whispering-Oak-Blvd-43026/home/79681035,CBRMLS,225027419,N,Y,40.0080113,-83.1582209
MLS Listing,,Single Family Residential,27 E 2nd Ave,Columbus,OH,43201,414900,2,2.0,SHORT NORTH/Italian Village/Victorian Village,1624,3049,1900,3,255,95,Active,,,https://www.redfin.com/OH/Columbus/27-E-2nd-Ave-43201/home/100714979,CBRMLS,225023854,N,Y,39.9824781,-83.0037332
MLS Listing,,Condo/Co-op,364 W Lane Ave #320,Columbus,OH,43201,190000,1,1.0,Riverwatch Tower,560,18730,1987,4,339,230,Active,,,https://www.redfin.com/OH/Columbus/364-W-Lane-Ave-43201/unit-320/home/75634988,CBRMLS,225027984,N,Y,40.0073859,-83.0197308
MLS Listing,,Condo/Co-op,364 W Lane Ave #815,Columbus,OH,43201,180000,0,1.0,Riverwatch Tower,406,18730,1987,4,443,170,Active,,,https://www.redfin.com/OH/Columbus/364-W-Lane-Ave-43201/unit-815/home/79672396,CBRMLS,225027985,N,Y,40.0073859,-83.0197308
MLS Listing,,Single Family Residential,1921 Dandridge Dr,Columbus,OH,43229,274900,5,1.5,Northland Village East,1350,7405,1975,4,204,,Active,,,https://www.redfin.com/OH/Columbus/1921-Dandridge-Dr-43229/home/79562462,CBRMLS,225027976,N,Y,40.0668448,-82.9672413
MLS Listing,,Single Family Residential,4873 Nieles Edge Dr,Columbus,OH,43232,319900,3,2.0,Columbus,1513,6098,2006,4,211,,Active,August-3-2025 09:00 AM,August-3-2025 02:00 PM,https://www.redfin.com/OH/Columbus/4873-Nieles-Edge-Dr-43232/home/79631708,CBRMLS,225027973,N,Y,39.9118052,-82.8655059
MLS Listing,,Single Family Residential,858 E Whittier St,Columbus,OH,43206,265000,2,1.5,Keystone,1120,3484,1924,4,237,,Active,,,https://www.redfin.com/OH/Columbus/858-E-Whittier-St-43206/home/100734537,CBRMLS,225027960,N,Y,39.9438948,-82.973742
MLS Listing,,Single Family Residential,711 Oakwood Ave,Columbus,OH,43205,349900,5,2.0,OLD OAKS HISTORIC DISTRICT,3477,6534,1904,4,101,,Active,,,https://www.redfin.com/OH/Columbus/711-Oakwood-Ave-43205/home/75722569,CBRMLS,225027958,N,Y,39.9509618,-82.968953
MLS Listing,,Single Family Residential,1751 Carrigallen Ln,Columbus,OH,43228,292900,4,2.0,Columbus,1840,9583,1973,4,159,,Active,,,https://www.redfin.com/OH/Columbus/1751-Carrigallen-Ln-43228/home/79530808,CBRMLS,225027957,N,Y,39.917733,-83.1041442
MLS Listing,,Single Family Residential,1211 Walker Springs Dr,Blacklick,OH,43004,389800,4,2.5,Waggoner Chase,2115,6098,2000,4,184,12,Active,,,https://www.redfin.com/OH/Blacklick/1211-Walker-Springs-Dr-43004/home/79654081,CBRMLS,225027954,N,Y,40.0081513,-82.7848435
MLS Listing,,Single Family Residential,1566 Galleon Blvd,Hilliard,OH,43026,324900,3,2.0,Sweetwater Estates,1160,7405,1988,4,280,,Active,,,https://www.redfin.com/OH/Hilliard/1566-Galleon-Blvd-43026/home/79599891,CBRMLS,225027945,N,Y,39.9831328,-83.1620317
MLS Listing,,Single Family Residential,3119 Yorkdale Ln,Reynoldsburg,OH,43068,280000,3,1.5,Independence Square,1330,3920,1992,4,211,,Active,,,https://www.redfin.com/OH/Reynoldsburg/3119-Yorkdale-Ln-43068/home/79554800,CBRMLS,225027940,N,Y,39.9195021,-82.8175204
MLS Listing,,Single Family Residential,198 Yehlshire Dr,Galloway,OH,43119,329900,3,2.0,Galloway Ridge,1600,6969,1999,4,206,7,Active,,,https://www.redfin.com/OH/Galloway/198-Yehlshire-Dr-43119/home/100775911,CBRMLS,225027849,N,Y,39.955614,-83.1526831
MLS Listing,,Condo/Co-op,7841 Breen Cir,Dublin,OH,43016,507900,2,3.5,The Estates at Scioto Crossing,2639,3049,2005,4,192,380,Active,August-2-2025 10:00 AM,August-2-2025 12:00 PM,https://www.redfin.com/OH/Dublin/7841-Breen-Cir-43016/home/190348150,CBRMLS,225027796,N,Y,40.1286496,-83.0908045
MLS Listing,,Single Family Residential,911 Peppercorn Pl,Gahanna,OH,43230,380000,3,3.0,Ambassador Commons,2446,10018,1991,4,155,,Active,,,https://www.redfin.com/OH/Columbus/911-Peppercorn-Pl-43230/home/79692877,CBRMLS,225027837,N,Y,40.0432197,-82.8980211
MLS Listing,,Single Family Residential,2001 Salado Creek Dr,Columbus,OH,43219,289000,4,2.5,Columbus,1607,7405,2007,4,180,,Active,,,https://www.redfin.com/OH/Columbus/2001-Salado-Creek-Dr-43219/home/100715433,CBRMLS,225026885,N,Y,40.0069356,-82.9565554
MLS Listing,,Single Family Residential,1355 Clinton St,Columbus,OH,43211,219995,3,2.0,Hudson Manor,1044,6534,1950,4,211,,Active,,,https://www.redfin.com/OH/Columbus/1355-Clinton-St-43211/home/75627401,CBRMLS,225027391,N,Y,40.0116618,-82.9733626
MLS Listing,,Condo/Co-op,318 Cornelius St #6,Columbus,OH,43215,950000,3,4.5,Jeffrey Park / The Mason,3020,1306,2021,5,315,268,Active,,,https://www.redfin.com/OH/Columbus/318-Cornelius-St-43215/unit-6/home/176324242,CBRMLS,225027938,N,Y,39.9784916,-82.9950341
MLS Listing,,Single Family Residential,2654 Howey Rd,Columbus,OH,43211,149900,2,2.0,Columbus,777,6098,1949,5,193,,Active,,,https://www.redfin.com/OH/Columbus/2654-Howey-Rd-43211/home/79539133,CBRMLS,225027937,N,Y,40.0196161,-82.9837566
MLS Listing,,Single Family Residential,570 Fairholme Rd,Columbus,OH,43230,289900,4,1.5,Columbus,1474,8276,1961,5,197,,Active,,,https://www.redfin.com/OH/Columbus/570-Fairholme-Rd-43230/home/79665874,CBRMLS,225027928,N,Y,40.0247285,-82.8973484
MLS Listing,,Single Family Residential,299 S Warren Ave,Columbus,OH,43204,179900,3,1.0,Columbus,1226,3484,1930,5,147,,Active,,,https://www.redfin.com/OH/Columbus/299-S-Warren-Ave-43204/home/79613355,CBRMLS,225027921,N,Y,39.948833,-83.0714162
MLS Listing,,Single Family Residential,1295 Hathersage Pl,Galloway,OH,43119,149900,3,2.0,Laurel Greene,1238,7405,1975,5,121,,Active,,,https://www.redfin.com/OH/Galloway/1295-Hathersage-Pl-43119/home/75615951,CBRMLS,225027919,N,Y,39.9267919,-83.1482193
MLS Listing,,Single Family Residential,2704 Bernadette Rd,Columbus,OH,43204,239900,3,1.0,Columbus,1216,6098,1955,5,197,,Active,,,https://www.redfin.com/OH/Columbus/2704-Bernadette-Rd-43204/home/75596725,CBRMLS,225027917,N,Y,39.9367608,-83.0696693
MLS Listing,,Single Family Residential,1521 England Dr,Columbus,OH,43240,449900,4,2.5,Prestwick Green,1910,6969,2002,5,236,20,Active,,,https://www.redfin.com/OH/Columbus/1521-England-Dr-43240/home/70228893,CBRMLS,225027907,N,Y,40.152273,-82.9777052
MLS Listing,,Single Family Residential,6822 Sowers Dr,Canal Winchester,OH,43110,298900,3,2.5,Canal Winchester,1495,8712,1998,5,200,,Active,,,https://www.redfin.com/OH/Canal-Winchester/6822-Sowers-Dr-43110/home/79596764,CBRMLS,225027882,N,Y,39.9150271,-82.8168921
MLS Listing,,Single Family Residential,1097 Loretta Ave,Columbus,OH,43211,199500,3,1.0,KENMONT,1012,6098,1948,5,197,,Active,,,https://www.redfin.com/OH/Columbus/1097-Loretta-Ave-43211/home/79494935,CBRMLS,225026276,N,Y,40.0150183,-82.9809664
MLS Listing,,Single Family Residential,1777 Lockbourne Rd,Columbus,OH,43207,249900,4,1.5,Edgewood,1584,8276,1929,5,158,,Active,,,https://www.redfin.com/OH/Columbus/1777-Lockbourne-Rd-43207/home/100741235,CBRMLS,225027875,N,Y,39.9291288,-82.9652236
MLS Listing,,Single Family Residential,3922 Trail Ridge Dr,Columbus,OH,43228,515000,3,3.0,Hilliard Woods,2678,7405,2016,5,192,20,Active,August-3-2025 01:00 PM,August-3-2025 03:00 PM,https://www.redfin.com/OH/Columbus/3922-Trail-Ridge-Dr-43228/home/193926490,CBRMLS,225027874,N,Y,39.9976888,-83.1122667
MLS Listing,,Single Family Residential,82 Delray Rd,Columbus,OH,43207,185000,2,2.0,South High Gardens,840,4791,1970,5,220,,Active,,,https://www.redfin.com/OH/Columbus/82-Delray-Rd-43207/home/75682159,CBRMLS,225027872,N,Y,39.9111756,-82.9931397
MLS Listing,,Condo/Co-op,1343 Bruck St,Columbus,OH,43206,269000,2,1.5,Moeller Park Place Condo,1028,435,1915,5,262,120,Active,August-3-2025 12:00 PM,August-3-2025 02:00 PM,https://www.redfin.com/OH/Columbus/1343-Bruck-St-43206/home/100709072,CBRMLS,225027870,N,Y,39.9353732,-82.9889963
MLS Listing,,Condo/Co-op,6295 Hares Ear Dr,Columbus,OH,43230,275000,2,2.5,Columbus,1507,435,2005,5,182,353,Active,August-2-2025 01:00 PM,August-2-2025 03:00 PM,https://www.redfin.com/OH/Columbus/6295-Hares-Ear-Dr-43230/home/100715340,CBRMLS,225027867,N,Y,40.0581261,-82.8505831
MLS Listing,,Single Family Residential,5957 Hollett Dr S,Columbus,OH,43232,349900,3,2.0,Lampton Village,1601,6534,2023,5,219,50,Active,,,https://www.redfin.com/OH/Columbus/5957-Hollett-Dr-S-43232/home/190282527,CBRMLS,225027863,N,Y,39.9156717,-82.8358845
MLS Listing,,Condo/Co-op,4145 Karl Rd #4222,Columbus,OH,43224,103000,2,1.0,Columbus,882,42688,1985,5,117,195,Active,,,https://www.redfin.com/OH/Columbus/4145-Karl-Rd-43224/unit-4222/home/100748020,CBRMLS,225027860,N,Y,40.053333,-82.978556
MLS Listing,,Condo/Co-op,150 E Main St #507,Columbus,OH,43215,204900,1,1.0,The Hartman,653,871,1900,5,314,537,Active,,,https://www.redfin.com/OH/Columbus/150-E-Main-St-43215/unit-507/home/100719010,CBRMLS,225027772,N,Y,39.95697,-82.9954059
MLS Listing,,Single Family Residential,2666 Summit St,Columbus,OH,43202,569900,4,1.5,Glen Echo,2200,6534,1921,5,259,,Active,,,https://www.redfin.com/OH/Columbus/2666-Summit-St-43202/home/100728476,CBRMLS,225026558,N,Y,40.0181461,-82.9995984
MLS Listing,,Single Family Residential,5941 Meehan Rd,Dublin,OH,43016,405000,3,2.5,Hayden Farms,1897,4356,2006,5,213,65,Active,,,https://www.redfin.com/OH/Dublin/5941-Meehan-Rd-43016/home/79663853,CBRMLS,225027753,N,Y,40.0660431,-83.1781198
MLS Listing,,Single Family Residential,405 S Burgess Ave,Columbus,OH,43204,249900,2,1.0,East of Westgate Central Hilltop,1046,8276,1938,5,239,,Active,,,https://www.redfin.com/OH/Columbus/405-S-Burgess-Ave-43204/home/100737939,CBRMLS,225027416,N,Y,39.9468111,-83.0688761
MLS Listing,,Single Family Residential,4955 Baycroft Dr,Hilliard,OH,43026,379900,3,1.5,Hilliard Green,1752,6534,1997,5,217,5,Active,,,https://www.redfin.com/OH/Hilliard/4955-Baycroft-Dr-43026/home/100773117,CBRMLS,225027355,N,Y,40.0003544,-83.1400002
MLS Listing,,Condo/Co-op,3450 Fishinger Mill Road Dr,Hilliard,OH,43026,230000,2,2.0,MILLINGTON CONDOMINIUM,1152,435,1988,5,200,301,Active,,,https://www.redfin.com/OH/Hilliard/3450-Fishinger-Mill-Dr-43026/home/79649453,CBRMLS,225027309,N,Y,40.024188,-83.110062
MLS Listing,,Single Family Residential,1810 Hickory Hill Dr,Columbus,OH,43228,375000,3,2.5,Timberbrook,1957,10018,1973,5,192,,Active,,,https://www.redfin.com/OH/Columbus/1810-Hickory-Hill-Dr-43228/home/75612574,CBRMLS,225027146,N,Y,39.9869182,-83.1683378
MLS Listing,,Condo/Co-op,765 Parkgrove Way,Lewis Center,OH,43035,239900,2,2.0,PARKVIEW NORTHEAST CONDOS FOURTH AMD UNIT 765,1344,62290,1997,5,178,220,Active,,,https://www.redfin.com/OH/Lewis-Center/765-Parkgrove-Way-43035/home/70261445,CBRMLS,225027615,N,Y,40.1502061,-82.9996352
MLS Listing,,Single Family Residential,1633 S 4th St,Columbus,OH,43207,350000,3,2.5,Columbus,1800,5227,1900,5,194,,Active,,,https://www.redfin.com/OH/Columbus/1633-S-4th-St-43207/home/100729928,CBRMLS,225027625,N,Y,39.9288522,-82.9932761
MLS Listing,,Single Family Residential,2283 Atherton Ct,Powell,OH,43065,385000,4,2.5,Smoky Ridge,1650,16117,1979,5,233,,Active,,,https://www.redfin.com/OH/Powell/2283-Atherton-Ct-43065/home/75650126,CBRMLS,225027096,N,Y,40.1366191,-83.0776141
MLS Listing,,Condo/Co-op,6962 Rothwell St,New Albany,OH,43054,378500,3,2.5,Woods at Sugar Run,1970,,2008,5,192,423,Active,August-1-2025 03:00 PM,August-1-2025 05:00 PM,https://www.redfin.com/OH/New-Albany/6962-Rothwell-St-43054/home/79491230,CBRMLS,225027524,N,Y,40.0970428,-82.8280745
MLS Listing,,Single Family Residential,5483 Glasgow Pl,Columbus,OH,43235,499900,4,2.5,"Gables West, a quiet neighborhood North of Bethel Road",2900,10454,1974,5,172,,Active,,,https://www.redfin.com/OH/Columbus/5483-Glasgow-Pl-43235/home/79529836,CBRMLS,225027552,N,Y,40.0700679,-83.0581608
MLS Listing,,Single Family Residential,2152 Brookfield Rd,Columbus,OH,43229,257500,3,1.0,GRANVILLE MANOR,1200,6098,1967,5,215,,Active,August-3-2025 12:00 PM,August-3-2025 02:00 PM,https://www.redfin.com/OH/Columbus/2152-Brookfield-Rd-43229/home/79556949,CBRMLS,225027428,N,Y,40.0822395,-82.9598385
MLS Listing,,Condo/Co-op,305 Lazelle Place Ln,Lewis Center,OH,43035,335000,3,2.0,Village of Olentangy Condos,1631,,1999,5,205,250,Active,August-3-2025 02:00 PM,August-3-2025 04:00 PM,https://www.redfin.com/OH/Lewis-Center/305-Lazelle-Place-Ln-43035/home/70294577,CBRMLS,225027237,N,Y,40.1388187,-83.008896
MLS Listing,,Condo/Co-op,945 Quay Ave Unit 945E,Columbus,OH,43212,210000,2,1.0,GRANDVIEW PASSAGE,879,871,,6,239,230,Active,,,https://www.redfin.com/OH/Columbus/945-Quay-Ave-43212/unit-945E/home/100720926,CBRMLS,225027859,N,Y,39.9768696,-83.0392066
MLS Listing,,Condo/Co-op,4358 Chateau Morse Dr,Columbus,OH,43231,115000,2,1.0,Chateau Morse,920,871,1974,6,125,114,Active,,,https://www.redfin.com/OH/Columbus/4358-Chateau-Morse-Dr-43231/home/79685504,CBRMLS,225027848,N,Y,40.0601108,-82.9323275
MLS Listing,,Single Family Residential,2629 Ipswick Cir,Columbus,OH,43224,264900,3,2.0,Framingham,1286,10018,1973,6,206,,Active,,,https://www.redfin.com/OH/Columbus/2629-Ipswick-Cir-43224/home/75689113,CBRMLS,225027845,N,Y,40.0352778,-82.9430308
MLS Listing,,Condo/Co-op,300 W Spring St #503,Columbus,OH,43215,949000,2,2.5,North Bank,2486,,2007,6,382,1307,Active,,,https://www.redfin.com/OH/Columbus/300-W-Spring-St-43215/unit-503/home/192215056,CBRMLS,225027840,N,Y,39.9664539,-83.0100358
MLS Listing,,Multi-Family (2-4 Unit),112 W Tompkins St,Columbus,OH,43202,339000,2,,Old North,1692,6098,1900,6,200,,Active,,,https://www.redfin.com/OH/Columbus/112-W-Tompkins-St-43202/home/75591229,CBRMLS,225027835,N,Y,40.0130533,-83.0141456
MLS Listing,,Single Family Residential,2400 Warfield Dr,Grove City,OH,43123,269900,4,2.0,Stoneridge,1400,7405,1997,6,193,,Active,,,https://www.redfin.com/OH/Grove-City/2400-Warfield-Dr-43123/home/75721574,CBRMLS,225027834,N,Y,39.9060061,-83.0624545
MLS Listing,,Single Family Residential,122 W Henderson Rd,Columbus,OH,43214,475000,3,3.0,Columbus,1738,9583,1952,6,273,,Active,August-3-2025 02:00 PM,August-3-2025 04:00 PM,https://www.redfin.com/OH/Columbus/122-W-Henderson-Rd-43214/home/79685182,CBRMLS,225027831,N,Y,40.0517782,-83.0235294
MLS Listing,,Single Family Residential,3136 Parsons Ave,Columbus,OH,43207,224900,4,1.0,Columbus,1434,10890,1958,6,157,,Active,,,https://www.redfin.com/OH/Columbus/3136-Parsons-Ave-43207/home/100742138,CBRMLS,225027828,N,Y,39.8986744,-82.9860733
MLS Listing,,Single Family Residential,1088 Oregon Ave,Columbus,OH,43201,515000,2,2.5,"Harrison West, Victorian Village",1780,3049,2000,6,289,,Active,,,https://www.redfin.com/OH/Columbus/1088-Oregon-Ave-43201/home/75724409,CBRMLS,225027827,N,Y,39.9830129,-83.0176643
MLS Listing,,Single Family Residential,3024 Hauck Dr,Grove City,OH,43123,298900,3,2.5,Southfield Village,1371,5662,1995,6,218,,Active,,,https://www.redfin.com/OH/Grove-City/3024-Hauck-Dr-43123/home/79642101,CBRMLS,225027818,N,Y,39.9117677,-83.0748373
MLS Listing,,Single Family Residential,2364 Nedra St,Grove City,OH,43123,359900,5,2.0,Grove City,1712,15681,1957,6,210,,Active,,,https://www.redfin.com/OH/Grove-City/2364-Nedra-St-43123/home/75684289,CBRMLS,225027809,N,Y,39.9067231,-83.0664323
MLS Listing,,Single Family Residential,1087 Lavender Ln,Columbus,OH,43207,279900,3,2.0,Columbus,1129,5662,1995,6,248,5,Active,,,https://www.redfin.com/OH/Columbus/1087-Lavender-Ln-43207/home/75691435,CBRMLS,225027808,N,Y,39.8840317,-82.9695273
MLS Listing,,Single Family Residential,2696 Grasmere Ave,Columbus,OH,43211,159900,3,1.0,Columbus,1008,6534,1941,6,159,,Active,,,https://www.redfin.com/OH/Columbus/2696-Grasmere-Ave-43211/home/79543895,CBRMLS,225027799,N,Y,40.0206337,-82.9825793
MLS Listing,,Multi-Family (5+ Unit),91 Maplewood Ave,Whitehall,OH,43213,1,71,,Maplewood Heights Apartments,56383,40510,1984,6,0,,Active,,,https://www.redfin.com/OH/Columbus/91-Maplewood-Ave-43213/home/75608384,CBRMLS,225027795,N,Y,39.970822,-82.9032915
MLS Listing,,Condo/Co-op,3705 Hilliard Station Rd,Hilliard,OH,43026,285000,2,2.5,Millington,1272,871,1988,6,224,403,Active,,,https://www.redfin.com/OH/Hilliard/3705-Hilliard-Station-Rd-43026/home/100710564,CBRMLS,225027784,N,Y,40.0215637,-83.1117835
MLS Listing,,Single Family Residential,296 N Brinker Ave,Columbus,OH,43204,255000,4,2.0,Columbus,1546,7405,1958,6,165,,Active,August-2-2025 12:00 PM,August-2-2025 02:00 PM,https://www.redfin.com/OH/Columbus/296-N-Brinker-Ave-43204/home/79633269,CBRMLS,225027782,N,Y,39.9606279,-83.0846948
MLS Listing,,Single Family Residential,5556 Falco Dr,Westerville,OH,43081,499888,5,2.5,West Albany,2736,7840,1998,6,183,6,Active,,,https://www.redfin.com/OH/Westerville/5556-Falco-Dr-43081/home/79536250,CBRMLS,225027778,N,Y,40.093824,-82.8388858
MLS Listing,,Condo/Co-op,190 E Gay St Unit G8,Columbus,OH,43215,289900,1,1.0,Columbus,750,6969,2007,6,387,273,Active,,,https://www.redfin.com/OH/Columbus/190-E-Gay-St-43215/unit-G8/home/100719319,CBRMLS,225027770,N,Y,39.9644297,-82.9954576
MLS Listing,,Single Family Residential,3563 Clearwater Dr,Columbus,OH,43232,194900,3,1.0,Blacklick Estates,988,9583,1963,6,197,,Active,,,https://www.redfin.com/OH/Columbus/3563-Clearwater-Dr-43232/home/75707877,CBRMLS,225027766,N,Y,39.9044237,-82.8609705
MLS Listing,,Condo/Co-op,3139 Rivermill Dr #17,Columbus,OH,43220,469000,4,3.0,Columbus,2659,2613,1981,6,176,375,Active,August-3-2025 12:00 PM,August-3-2025 04:00 PM,https://www.redfin.com/OH/Columbus/3139-Rivermill-Dr-43220/unit-17/home/75649101,CBRMLS,225027748,N,Y,40.0635277,-83.1010614
MLS Listing,,Vacant Land,770 Bassett Ave,Columbus,OH,43219,17999,,,Refugee Lands,,6403,,6,,,Active,,,https://www.redfin.com/OH/Columbus/770-Bassett-Ave-43219/home/75593020,MLSNOW,5143036,N,Y,39.9823575,-82.9626209
MLS Listing,,Single Family Residential,862 Stanley Ave,Columbus,OH,43206,295000,3,1.5,Southern Orchards,1490,3920,1925,6,198,,Active,,,https://www.redfin.com/OH/Columbus/862-Stanley-Ave-43206/home/75655467,CBRMLS,225027742,N,Y,39.9446331,-82.9737609
MLS Listing,,Single Family Residential,1876 Lonsdale Rd,Columbus,OH,43232,224000,3,1.0,Pine Hills,1409,7840,1961,6,159,,Active,August-3-2025 12:00 PM,August-3-2025 02:00 PM,https://www.redfin.com/OH/Columbus/1876-Lonsdale-Rd-43232/home/79718186,CBRMLS,225027737,N,Y,39.9391148,-82.8516777
MLS Listing,,Single Family Residential,391 Scandia St,Blacklick,OH,43004,349900,4,2.5,Woods at Jefferson,1663,6534,1998,6,210,6,Active,August-3-2025 01:00 PM,August-3-2025 03:00 PM,https://www.redfin.com/OH/Blacklick/391-Scandia-St-43004/home/79504997,CBRMLS,225027729,N,Y,39.993952,-82.7845602
MLS Listing,,Single Family Residential,1395 E Long St,Columbus,OH,43203,359000,3,2.0,Columbus,1602,5227,1900,6,224,,Active,,,https://www.redfin.com/OH/Columbus/1395-E-Long-St-43203/home/75593297,CBRMLS,225027724,N,Y,39.9687789,-82.9640902
MLS Listing,,Condo/Co-op,3175 Tremont Rd #404,Columbus,OH,43221,495000,2,2.0,Arlington Crossing,1692,2178,2008,6,293,680,Active,,,https://www.redfin.com/OH/Columbus/3175-Tremont-Rd-43221/unit-404/home/75655353,CBRMLS,225027719,N,Y,40.0218571,-83.0607192
MLS Listing,,Condo/Co-op,1233 Cromartie Ln,Columbus,OH,43201,519900,3,3.5,Grant Park,2000,871,2021,6,260,172,Active,,,https://www.redfin.com/OH/Columbus/1233-Cromartie-Ln-43201/home/173182297,CBRMLS,225027696,N,Y,39.988978,-82.995191
MLS Listing,,Single Family Residential,776 Bent Oak Dr,Blacklick,OH,43004,420000,4,2.5,Cedar Run,2248,6098,2012,6,187,15,Active,,,https://www.redfin.com/OH/Blacklick/776-Bent-Oak-Dr-43004/home/79485285,CBRMLS,225027663,N,Y,40.0029983,-82.7756045
MLS Listing,,Single Family Residential,2584 Deming Ave,Columbus,OH,43202,369900,3,1.5,Old North Columbus,1350,4356,1920,6,274,,Active,,,https://www.redfin.com/OH/Columbus/2584-Deming-Ave-43202/home/79608966,CBRMLS,225027661,N,Y,40.0160151,-83.003089
MLS Listing,,Single Family Residential,1774 Zucchina Dr,Hilliard,OH,43026,450000,2,2.0,Retreat at Sugar Farms,1662,6534,2023,6,271,190,Active,August-2-2025 02:00 PM,August-2-2025 04:00 PM,https://www.redfin.com/OH/Hilliard/1774-Zucchina-Dr-43026/home/185221138,CBRMLS,225027659,N,Y,39.986985,-83.173378
MLS Listing,,Single Family Residential,394 S Harris Ave,Columbus,OH,43204,194900,3,2.0,Columbus,1267,4356,1913,6,154,,Active,,,https://www.redfin.com/OH/Columbus/394-S-Harris-Ave-43204/home/79609453,CBRMLS,225027647,N,Y,39.9468275,-83.0719852
MLS Listing,,Single Family Residential,758 Parkgrove Way,Lewis Center,OH,43035,240000,2,2.0,Parkview,1092,,1997,6,220,220,Active,,,https://www.redfin.com/OH/Lewis-Center/758-Parkgrove-Way-43035/home/70261451,CBRMLS,225027643,N,Y,40.1502894,-82.999275
MLS Listing,,Single Family Residential,5024 Refugee Rd,Columbus,OH,43232,173900,4,1.0,Columbus,999,9583,1971,6,174,,Active,,,https://www.redfin.com/OH/Columbus/5024-Refugee-Rd-43232/home/79543303,CBRMLS,225027637,N,Y,39.9218179,-82.8566999
MLS Listing,,Single Family Residential,5132 E Walnut St,Westerville,OH,43081,875000,4,2.5,Rural,3650,130680,1996,6,240,,Active,,,https://www.redfin.com/OH/Westerville/5132-E-Walnut-St-43081/home/79651382,CBRMLS,225027607,N,Y,40.115245,-82.851024
MLS Listing,,Single Family Residential,1674 Durango Ct,Powell,OH,43065,340000,3,1.5,Powell,1406,10890,1985,6,242,,Active,,,https://www.redfin.com/OH/Powell/1674-Durango-Ct-43065/home/79497678,CBRMLS,225027078,N,Y,40.124929,-83.0605725
MLS Listing,,Single Family Residential,3604 Silverado Dr,Columbus,OH,43228,350000,3,2.0,Golfview Woods,1440,8712,1984,6,243,,Active,,,https://www.redfin.com/OH/Columbus/3604-Silverado-Dr-43228/home/79524693,CBRMLS,225026880,N,Y,39.9971571,-83.1028501
MLS Listing,,Condo/Co-op,5686 Niagara Reserve Dr,Westerville,OH,43081,349000,3,2.5,ALBANY RESERVE,1804,1742,2009,6,193,336,Active,,,https://www.redfin.com/OH/Westerville/5686-Niagara-Reserve-Dr-43081/home/79734981,CBRMLS,225027332,N,Y,40.0970154,-82.8506177
MLS Listing,,Single Family Residential,286 Arden Rd,Columbus,OH,43214,599900,3,1.5,Columbus,1572,9583,1927,6,382,,Active,August-3-2025 01:00 PM,August-3-2025 03:00 PM,https://www.redfin.com/OH/Columbus/286-Arden-Rd-43214/home/75675495,CBRMLS,225027265,N,Y,40.0383438,-83.0094976
MLS Listing,,Condo/Co-op,742 Worthington Forest Pl Bldg 4,Columbus,OH,43229,139000,2,1.5,Columbus,1214,435,1970,6,114,437,Active,,,https://www.redfin.com/OH/Columbus/742-Worth-Forest-PL-Unknown/unit-4/home/196512006,CBRMLS,225026951,N,Y,40.077541,-82.998503
MLS Listing,,Condo/Co-op,677 Providence Ave Unit C,Columbus,OH,43214,239000,2,1.5,Olentangy The Condominium,1260,435,1970,6,190,377,Active,,,https://www.redfin.com/OH/Columbus/677-Providence-Ave-43214/unit-C/home/193215814,CBRMLS,225026970,N,Y,40.0568245,-83.0375294
MLS Listing,,Single Family Residential,6817 Riding Trail Dr,Canal Winchester,OH,43110,259999,3,2.0,LONGWOOD,1253,5227,2005,6,208,17,Active,,,https://www.redfin.com/OH/Canal-Winchester/6817-Riding-Trail-Dr-43110/home/100710303,CBRMLS,225025515,N,Y,39.8974663,-82.8131777
MLS Listing,,Single Family Residential,2705 Osceola Ave,Columbus,OH,43211,149900,2,1.0,Columbus,690,4791,1949,6,217,,Active,August-3-2025 01:00 PM,August-3-2025 03:00 PM,https://www.redfin.com/OH/Columbus/2705-Osceola-Ave-43211/home/79531202,CBRMLS,225027545,N,Y,40.0201587,-82.98971
MLS Listing,,Condo/Co-op,3965 Karl Rd #208,Columbus,OH,43224,88900,2,1.0,Northland Senior Village Condo 3,882,39639,1987,6,101,210,Active,,,https://www.redfin.com/OH/Columbus/3965-Karl-Rd-43224/unit-208/home/79553974,CBRMLS,225027605,N,Y,40.0489116,-82.9787648
MLS Listing,,Single Family Residential,2401 Featherwood Dr,Columbus,OH,43228,499000,4,2.5,Hilliard Meadows,2322,14810,2004,6,215,,Active,August-2-2025 02:00 PM,August-2-2025 04:00 PM,https://www.redfin.com/OH/Columbus/2401-Featherwood-Dr-43228/home/100707602,CBRMLS,225027589,N,Y,39.9995387,-83.1379637
MLS Listing,,Single Family Residential,109 W Pacemont Rd,Columbus,OH,43202,369900,2,1.0,Clintonville,1192,4791,1915,6,310,,Active,,,https://www.redfin.com/OH/Columbus/109-W-Pacemont-Rd-43202/home/79517309,CBRMLS,225027567,N,Y,40.0266052,-83.0177494
MLS Listing,,Condo/Co-op,215 Oxford Oak Dr,Blacklick,OH,43004,257200,2,3.0,Blacklick,1869,435,2002,6,138,247,Active,,,https://www.redfin.com/OH/Blacklick/215-Oxford-Oak-Dr-43004/home/79501668,CBRMLS,225027376,N,Y,39.9900491,-82.7802162
MLS Listing,,Single Family Residential,288 E Kanawha Ave,Columbus,OH,43214,525000,5,3.5,Sharon Heights,2130,9583,1938,6,246,,Active,August-2-2025 12:00 PM,August-2-2025 02:00 PM,https://www.redfin.com/OH/Columbus/288-E-Kanawha-Ave-43214/home/79585909,CBRMLS,225027457,N,Y,40.0711153,-83.0110171
MLS Listing,,Single Family Residential,5453 Spring River Ave,Dublin,OH,43016,324999,2,2.5,Haydens Crossing,1900,871,2011,6,171,325,Active,August-2-2025 01:00 PM,August-2-2025 03:00 PM,https://www.redfin.com/OH/Dublin/5453-Spring-River-Ave-43016/home/107848167,CBRMLS,225027229,N,Y,40.0620894,-83.1772441
MLS Listing,,Single Family Residential,64 Miami Ave,Columbus,OH,43203,919000,5,3.5,King Lincoln/,3760,6969,1898,6,244,,Active,August-3-2025 01:00 PM,August-3-2025 03:00 PM,https://www.redfin.com/OH/Columbus/64-Miami-Ave-43203/home/79577904,CBRMLS,225027213,N,Y,39.9666649,-82.974786
MLS Listing,,Condo/Co-op,5852 Edge of Village Vlg,Westerville,OH,43081,289000,2,2.5,New Albany Village,1508,871,2001,6,192,310,Active,August-2-2025 02:00 PM,August-2-2025 04:00 PM,https://www.redfin.com/OH/Westerville/5852-Edge-of-Vlg-43081/home/79546483,CBRMLS,225027286,N,Y,40.0786302,-82.8657208
MLS Listing,,Single Family Residential,2587 Winningwillow Dr,Columbus,OH,43207,231600,3,2.5,Williams Creek,1240,6969,2001,6,187,89,Active,,,https://www.redfin.com/OH/Columbus/2587-Winningwillow-Dr-43207/home/79635214,CBRMLS,225026716,N,Y,39.8928994,-82.9287435
MLS Listing,,Single Family Residential,111 W Henderson Rd,Columbus,OH,43214,589900,3,2.5,Clintonville,2194,8276,1931,6,269,,Active,,,https://www.redfin.com/OH/Columbus/111-W-Henderson-Rd-43214/home/79582872,CBRMLS,225027385,N,Y,40.0513837,-83.0232461
MLS Listing,,Single Family Residential,1319 Northridge Rd,Columbus,OH,43224,279900,4,2.0,Columbus,1700,9583,1952,6,165,,Active,,,https://www.redfin.com/OH/Columbus/1319-Northridge-Rd-43224/home/100738153,CBRMLS,225027128,N,Y,40.0407754,-82.9798472
MLS Listing,,Single Family Residential,852 Oakwood Ave,Columbus,OH,43206,339000,3,2.5,Columbus,1560,4356,1918,6,217,,Active,,,https://www.redfin.com/OH/Columbus/852-Oakwood-Ave-43206/home/79507744,CBRMLS,225025514,N,Y,39.9480127,-82.9687301
MLS Listing,,Single Family Residential,5176 Pyramid Falls Dr,Dublin,OH,43016,469000,4,2.5,Dublin,2786,6098,2006,6,168,88,Active,August-2-2025 02:00 PM,August-2-2025 04:00 PM,https://www.redfin.com/OH/Dublin/5176-Pyramid-Falls-Dr-43016/home/79669210,CBRMLS,225027334,N,Y,40.0573132,-83.1677265
MLS Listing,,Single Family Residential,908 Ludwig Dr,Columbus,OH,43230,539000,4,2.5,Hensel Woods,3230,11325,1990,6,167,,Active,August-3-2025 02:00 PM,August-3-2025 04:00 PM,https://www.redfin.com/OH/Columbus/908-Ludwig-Dr-43230/home/79687426,CBRMLS,225026933,N,Y,40.049477,-82.8461126
MLS Listing,,Single Family Residential,2021 Smoky View Blvd,Powell,OH,43065,369900,4,3.0,Worthingrow,1700,7840,1980,6,218,,Active,,,https://www.redfin.com/OH/Powell/2021-Smoky-View-Blvd-43065/home/79488517,CBRMLS,225027604,N,Y,40.1356617,-83.070605
MLS Listing,,Single Family Residential,233 S Wayne Ave,Columbus,OH,43204,134900,2,1.0,Columbus,978,3920,1940,6,138,,Active,,,https://www.redfin.com/OH/Columbus/233-S-Wayne-Ave-43204/home/79537942,CBRMLS,225027163,N,Y,39.9504965,-83.0642143
MLS Listing,,Single Family Residential,2621 Ipswick Cir,Columbus,OH,43224,279000,4,1.5,Columbus,1400,7840,1974,6,199,,Active,,,https://www.redfin.com/OH/Columbus/2621-Ipswick-Cir-43224/home/79556608,CBRMLS,225026900,N,Y,40.0353067,-82.9433278
MLS Listing,,Condo/Co-op,250 W Spring St #723,Columbus,OH,43215,1294500,2,2.5,Parks Edge / Arena District,1976,18295,2016,6,655,1140,Active,,,https://www.redfin.com/OH/Columbus/250-W-Spring-St-43215/unit-723/home/142713053,CBRMLS,225027121,N,Y,39.9662113,-83.0088058
MLS Listing,,Single Family Residential,3169 Halesworth Rd,Columbus,OH,43221,749900,3,2.5,Columbus,2516,13068,1958,6,298,,Active,,,https://www.redfin.com/OH/Columbus/3169-Halesworth-Rd-43221/home/100757509,CBRMLS,225025320,N,Y,40.0224773,-83.053888
MLS Listing,,Condo/Co-op,3278 Brookview Way #4,Columbus,OH,43221,279900,2,1.5,Stonebrooke Village,1320,871,1982,6,212,285,Active,August-3-2025 01:00 PM,August-3-2025 03:00 PM,https://www.redfin.com/OH/Columbus/3278-Brookview-Way-43221/unit-4/home/75712028,CBRMLS,225027623,N,Y,40.0186932,-83.099794
MLS Listing,,Single Family Residential,865 Old Leonard Ave,Columbus,OH,43203,325000,5,2.5,Columbus,2702,3049,1900,6,120,,Active,August-2-2025 11:00 AM,August-2-2025 01:00 PM,https://www.redfin.com/OH/Columbus/865-Old-Leonard-Ave-43203/home/79607293,CBRMLS,225026946,N,Y,39.9751238,-82.9795821
MLS Listing,,Single Family Residential,3903 Driscoll Ct,Dublin,OH,43016,380000,4,2.5,Dublin,2036,8276,1987,7,187,,Active,,,https://www.redfin.com/OH/Dublin/3903-Driscoll-Ct-43016/home/75616664,CBRMLS,225027626,N,Y,40.0703061,-83.1212322
MLS Listing,,Single Family Residential,890 S Roys Ave,Columbus,OH,43204,235000,4,2.0,Wilshire Heights,1453,5662,1960,7,162,,Active,,,https://www.redfin.com/OH/Columbus/890-S-Roys-Ave-43204/home/75594974,CBRMLS,225027621,N,Y,39.9362266,-83.0779868
MLS Listing,,Single Family Residential,796 Gibbard Ave,Columbus,OH,43201,229900,2,1.5,Milo-Grogan,1224,4791,1910,7,188,,Active,,,https://www.redfin.com/OH/Columbus/796-Gibbard-Ave-43201/home/79543611,CBRMLS,225027613,N,Y,39.9845336,-82.9832959
MLS Listing,,Single Family Residential,4096 Jonquil St,Columbus,OH,43224,279900,3,2.0,Columbus,1424,6534,1970,7,197,,Active,,,https://www.redfin.com/OH/Columbus/4096-Jonquil-St-43224/home/79605260,CBRMLS,225027612,N,Y,40.0544374,-82.9322261
MLS Listing,,Single Family Residential,2501 Navarre Rd,Columbus,OH,43207,199900,3,1.0,Walnut Springs,1268,6098,1960,7,158,,Active,,,https://www.redfin.com/OH/Columbus/2501-Navarre-Rd-43207/home/79598944,CBRMLS,225027568,N,Y,39.9139842,-82.9614481
MLS Listing,,Single Family Residential,656 Cedar Run Dr,Blacklick,OH,43004,399000,4,2.5,Blacklick,1764,7840,2006,7,226,15,Active,,,https://www.redfin.com/OH/Blacklick/656-Cedar-Run-Dr-43004/home/100713423,CBRMLS,225027610,N,Y,40.0020426,-82.775795
MLS Listing,,Single Family Residential,5194 Orlando Ct,Columbus,OH,43232,218900,3,2.0,Pine Hills,1015,7840,1961,7,216,,Active,,,https://www.redfin.com/OH/Columbus/5194-Orlando-Ct-43232/home/79548949,CBRMLS,225027603,N,Y,39.9384311,-82.8548789
MLS Listing,,Condo/Co-op,6001 Canyon Creek Dr #303,Dublin,OH,43016,347000,3,2.5,Haydens Crossing,1966,871,2006,7,177,525,Active,August-2-2025 12:00 PM,August-2-2025 03:00 PM,https://www.redfin.com/OH/Dublin/6001-Canyon-Creek-Dr-43016/unit-303/home/100715626,CBRMLS,225027596,N,Y,40.0623871,-83.1807534
MLS Listing,,Condo/Co-op,3072 Highcliff Ct,Columbus,OH,43231,178000,2,1.5,Cooperwoods,1136,435,1977,7,157,330,Active,,,https://www.redfin.com/OH/Columbus/3072-Highcliff-Ct-43231/home/79705574,CBRMLS,225027594,N,Y,40.0940504,-82.9357371
MLS Listing,,Condo/Co-op,37 Buttles Ave Unit D,Columbus,OH,43215,270000,1,1.0,Victorian Gate,738,5227,1994,7,366,268,Active,,,https://www.redfin.com/OH/Columbus/37-Buttles-Ave-43215/unit-D/home/100711918,CBRMLS,225027592,N,Y,39.9771005,-83.0046252
MLS Listing,,Single Family Residential,1863 Willow Run Rd,Grove City,OH,43123,295000,3,2.0,Willow Creek,1430,13503,1978,7,206,,Active,,,https://www.redfin.com/OH/Grove-City/1863-Willow-Run-Rd-43123/home/75648326,CBRMLS,225027588,N,Y,39.9062997,-83.0458132
MLS Listing,,Single Family Residential,5853 Glennon Dr,Galloway,OH,43119,239500,3,1.5,Galloway,1366,7840,1979,7,175,,Active,,,https://www.redfin.com/OH/Galloway/5853-Glennon-Dr-43119/home/79608609,CBRMLS,225027585,N,Y,39.9168822,-83.1488855
MLS Listing,,Single Family Residential,215 E Jenkins Ave,Columbus,OH,43207,395000,3,1.5,Hope Acres Bell,1870,5227,1924,7,211,,Active,,,https://www.redfin.com/OH/Columbus/215-E-Jenkins-Ave-43207/home/79594850,CBRMLS,225027573,N,Y,39.9330798,-82.9900328
MLS Listing,,Single Family Residential,505 Beechwood Rd,Columbus,OH,43213,234400,4,1.0,Columbus,1208,8276,1954,7,194,,Active,,,https://www.redfin.com/OH/Columbus/505-Beechwood-Rd-43213/home/79536585,CBRMLS,225027572,N,Y,39.9632191,-82.893708
MLS Listing,,Single Family Residential,2140 Bigby Hollow St,Columbus,OH,43228,325000,3,2.0,Golfview Woods,1152,7840,1983,7,282,,Active,,,https://www.redfin.com/OH/Columbus/2140-Bigby-Hollow-St-43228/home/75692399,CBRMLS,225027566,N,Y,39.9974306,-83.0995767
MLS Listing,,Single Family Residential,4437 Nevada Dr E,Columbus,OH,43207,125888,3,2.0,Enchanted Acres,2100,,,7,60,500,Active,,,https://www.redfin.com/OH/Hamilton-Township/4437-Nevada-Dr-E-43207/home/79734064,CBRMLS,225027556,N,Y,39.8707382,-82.9807954
MLS Listing,,Condo/Co-op,5277 Brandy Oaks Ln,Columbus,OH,43220,239900,2,1.5,Brandy Oaks Condominiums,1110,435,1984,7,216,354,Active,,,https://www.redfin.com/OH/Columbus/5277-Brandy-Oaks-Ln-43220/home/100777042,CBRMLS,225027546,N,Y,40.0634026,-83.0834961
MLS Listing,,Condo/Co-op,1000 Urlin Ave #1007,Columbus,OH,43212,280000,2,2.0,Summit Chase,1340,20473,1965,7,209,1680,Active,,,https://www.redfin.com/OH/Columbus/1000-Urlin-Ave-43212/unit-1007/home/79711882,CBRMLS,225027544,N,Y,39.977554,-83.0493655
MLS Listing,,Single Family Residential,,Columbus,OH,43205,639900,3,2.5,,2372,3484,2025,7,270,,Active,August-3-2025 01:00 PM,August-3-2025 04:00 PM,https://www.redfin.com/OH/Columbus/Undisclosed-address-43205/home/79540987,CBRMLS,225027543,N,Y,39.9592763,-82.9675557
MLS Listing,,Single Family Residential,728 Miller Ave,Columbus,OH,43205,399900,3,2.5,Columbus,1856,6098,1900,7,215,,Active,,,https://www.redfin.com/OH/Columbus/728-Miller-Ave-43205/home/75673653,CBRMLS,225027536,N,Y,39.951567,-82.9609907
MLS Listing,,Single Family Residential,1674 Hopkins Ave,Columbus,OH,43223,209900,3,2.0,New City,925,6534,1955,7,227,,Active,,,https://www.redfin.com/OH/Columbus/1674-Hopkins-Ave-43223/home/75642325,CBRMLS,225027526,N,Y,39.9307958,-83.039806
MLS Listing,,Single Family Residential,4301 Owl Ct,Grove City,OH,43123,345000,3,2.5,Grove City,1773,7405,1999,7,195,,Active,,,https://www.redfin.com/OH/Grove-City/4301-Owl-Ct-43123/home/79614101,CBRMLS,225027521,N,Y,39.9070268,-83.1160618
MLS Listing,,Single Family Residential,6880 Pine Bark Ln,Columbus,OH,43235,439900,4,2.5,Columbus,2300,8276,1987,7,191,,Active,,,https://www.redfin.com/OH/Columbus/6880-Pine-Bark-Ln-43235/home/79732154,CBRMLS,225026914,N,Y,40.106122,-83.0699518
MLS Listing,,Single Family Residential,3217 Glenellen Ct,Columbus,OH,43221,439900,4,2.5,The Glen,2087,11325,1974,7,211,,Active,,,https://www.redfin.com/OH/Columbus/3217-Glenellen-Ct-43221/home/75692480,CBRMLS,225027374,N,Y,40.0194177,-83.1069238
MLS Listing,,Condo/Co-op,2717 Summer Dr,Dublin,OH,43016,225000,2,1.5,Olde Sawmill on the Lake,1102,435,1984,7,204,300,Active,,,https://www.redfin.com/OH/Dublin/2717-Stone-Lk-Dr-43016/home/79528429,CBRMLS,225027514,N,Y,40.121492,-83.0888264
MLS Listing,,Single Family Residential,1664 Barnett Rd,Columbus,OH,43227,175000,2,1.0,Bexley View Acres,900,10018,1945,7,194,,Active,,,https://www.redfin.com/OH/Columbus/1664-Barnett-Rd-43227/home/75720474,CBRMLS,225027505,N,Y,39.9375763,-82.9068574
MLS Listing,,Single Family Residential,1166 Acton Rd,Columbus,OH,43224,180000,2,1.0,Columbus,840,9583,1950,7,214,,Active,,,https://www.redfin.com/OH/Columbus/1166-Acton-Rd-43224/home/79518405,CBRMLS,225027501,N,Y,40.0404046,-82.9840527
MLS Listing,,Single Family Residential,1571 Franklin Ave,Columbus,OH,43205,459900,3,2.5,MONNETTS FRANKLIN,2060,4356,1900,7,223,,Active,,,https://www.redfin.com/OH/Columbus/1571-Franklin-Ave-43205/home/75590862,CBRMLS,225027498,N,Y,39.961139,-82.9578035
MLS Listing,,Single Family Residential,1254 Elderwood Ave,Columbus,OH,43227,239000,4,1.0,Livingston Gardens,1208,10018,1956,7,198,,Active,,,https://www.redfin.com/OH/Columbus/1254-Elderwood-Ave-43227/home/75629519,CBRMLS,225027489,N,Y,39.9479769,-82.890755
MLS Listing,,Single Family Residential,4670 Lasky Ct,Columbus,OH,43230,374900,4,2.5,Virginia Terrace,1789,13939,1978,7,210,,Active,August-2-2025 01:00 PM,August-2-2025 03:00 PM,https://www.redfin.com/OH/Columbus/4670-Lasky-Ct-43230/home/79737550,CBRMLS,225027488,N,Y,40.0487847,-82.897047
MLS Listing,,Single Family Residential,2692 Northwold Rd,Columbus,OH,43231,235000,3,1.0,Cleveland Heights,1080,10018,1955,7,218,,Active,,,https://www.redfin.com/OH/Columbus/2692-Northwold-Rd-43231/home/75697663,CBRMLS,225027477,N,Y,40.0667568,-82.9473473
MLS Listing,,Single Family Residential,3320 Harbor Bay Dr,Columbus,OH,43221,534900,4,3.5,Columbus,2715,7405,1991,7,197,17,Active,,,https://www.redfin.com/OH/Columbus/3320-Harbor-Bay-Dr-43221/home/79490244,CBRMLS,225027471,N,Y,40.0327989,-83.1046642
MLS Listing,,Single Family Residential,667 S Oakley Ave,Columbus,OH,43204,131000,3,1.0,Hilltop,1141,6098,1951,7,115,,Active,,,https://www.redfin.com/OH/Columbus/667-S-Oakley-Ave-43204/home/75596371,CBRMLS,225027452,N,Y,39.9416111,-83.0614309
MLS Listing,,Single Family Residential,5407 Bullfinch Dr,Westerville,OH,43081,484900,3,2.5,Preston Commons,2032,10890,1997,7,239,13,Active,,,https://www.redfin.com/OH/Westerville/5407-Bullfinch-Dr-43081/home/79534166,CBRMLS,225027451,N,Y,40.0820282,-82.8626934
MLS Listing,,Single Family Residential,263 E Jenkins Ave,Columbus,OH,43207,359000,2,2.0,Merion Village,1350,4791,1925,7,266,,Active,,,https://www.redfin.com/OH/Columbus/263-E-Jenkins-Ave-43207/home/79490298,CBRMLS,225027184,N,Y,39.9330435,-82.9887733
MLS Listing,,Single Family Residential,1410 Hildreth Ave,Columbus,OH,43203,329000,3,1.5,King Lincoln,1429,3920,1905,7,230,,Active,August-2-2025 12:00 PM,August-2-2025 02:00 PM,https://www.redfin.com/OH/Columbus/1410-Hildreth-Ave-43203/home/75673445,CBRMLS,225027442,N,Y,39.9746871,-82.9648209
MLS Listing,,Single Family Residential,7489 Crooked Stick Dr,Pickerington,OH,43147,335000,3,1.5,Park Place,1276,13939,1994,7,263,,Active,August-9-2025 10:00 AM,August-9-2025 01:00 PM,https://www.redfin.com/OH/Pickerington/7489-Crooked-Stick-Dr-43147/home/70634375,CBRMLS,225027436,N,Y,39.9242256,-82.8002948
MLS Listing,,Single Family Residential,2213 Holiday Valley Dr,Grove City,OH,43123,409900,4,2.5,BIg Run Ridge,2472,,2016,7,166,18,Active,,,https://www.redfin.com/OH/Grove-City/2213-Holiday-Valley-Dr-43123/home/193887625,CBRMLS,225027435,N,Y,39.9074834,-83.1035081
MLS Listing,,Single Family Residential,776 Oak St,Columbus,OH,43205,649900,4,3.5,Old Towne East,3038,6969,1900,7,214,,Active,,,https://www.redfin.com/OH/Columbus/776-Oak-St-43205/home/79574299,CBRMLS,225025843,N,Y,39.9633397,-82.9795572
MLS Listing,,Condo/Co-op,2754 Scioto Station Dr,Columbus,OH,43204,420000,3,2.0,Scioto Station,1845,2178,2009,7,228,400,Active,August-2-2025 12:00 PM,August-2-2025 02:00 PM,https://www.redfin.com/OH/Columbus/2754-Scioto-Station-Dr-43204/home/79697650,CBRMLS,225026901,N,Y,39.992308,-83.0809733
MLS Listing,,Condo/Co-op,4894 Stoneybrook Blvd Unit 20E,Hilliard,OH,43026,199900,2,1.5,HIlliard Heights,832,435,1989,7,240,313,Active,,,https://www.redfin.com/OH/Hilliard/4894-Stoneybrook-Blvd-43026/unit-20E/home/75712725,CBRMLS,225027423,N,Y,40.0173846,-83.1429115
MLS Listing,,Multi-Family (2-4 Unit),52 N Yale Ave,Columbus,OH,43222,219000,4,,Columbus,1920,3484,1900,7,114,,Active,,,https://www.redfin.com/OH/Columbus/52-N-Yale-Ave-43222/home/75593246,CBRMLS,225027082,N,Y,39.9596485,-83.0319028
MLS Listing,,Condo/Co-op,1173 Perry St Unit 20P,Columbus,OH,43201,889900,4,3.5,"Founders Park, Harrison West, Short North",2152,1742,2022,7,414,170,Active,August-3-2025 01:00 PM,August-3-2025 03:00 PM,https://www.redfin.com/OH/Columbus/1173-Perry-St-43201/unit-20P/home/179885393,CBRMLS,225027422,N,Y,39.9852089,-83.0199398
MLS Listing,,Single Family Residential,75 Brehl Ave,Columbus,OH,43222,250000,3,2.5,Franklinton,1490,3920,1907,7,168,,Active,,,https://www.redfin.com/OH/Columbus/75-Brehl-Ave-43222/home/100729569,CBRMLS,225027267,N,Y,39.956292,-83.0368715
MLS Listing,,Single Family Residential,4543 Ducrest Dr,Columbus,OH,43220,489900,5,3.5,Knolls West,2824,14374,1966,7,173,,Active,,,https://www.redfin.com/OH/Columbus/4543-Ducrest-Dr-43220/home/75632891,CBRMLS,225026723,N,Y,40.0508899,-83.0552644
MLS Listing,,Single Family Residential,74 E Longview Ave,Columbus,OH,43202,499500,3,2.0,Clintonville Area,1654,4791,1918,7,302,,Active,August-3-2025 01:00 PM,August-3-2025 03:00 PM,https://www.redfin.com/OH/Columbus/74-E-Longview-Ave-43202/home/75657565,CBRMLS,225027208,N,Y,40.0295631,-83.012952
MLS Listing,,Condo/Co-op,5380 Nottinghamshire Ln,Westerville,OH,43081,281000,2,2.0,The Reserve at Preston Woods,1466,2178,2006,7,192,378,Active,August-2-2025 02:00 PM,August-2-2025 04:00 PM,https://www.redfin.com/OH/Westerville/5380-Nottinghamshire-Ln-43081/home/75716928,CBRMLS,225026140,N,Y,40.0899873,-82.8530992
MLS Listing,,Single Family Residential,268 Hinkle Ave,Columbus,OH,43207,135000,4,1.0,Reeb-Hosack,1260,3484,1900,7,107,,Active,,,https://www.redfin.com/OH/Columbus/268-Hinkle-Ave-43207/home/75670850,CBRMLS,225026955,N,Y,39.9233576,-82.9881501
MLS Listing,,Single Family Residential,603 E Columbus St,Columbus,OH,43206,289000,2,1.5,Southern Orchards,1052,4356,1927,7,275,,Active,August-3-2025 01:00 PM,August-3-2025 03:00 PM,https://www.redfin.com/OH/Columbus/603-E-Columbus-St-43206/home/79476708,CBRMLS,225027013,N,Y,39.9464842,-82.9811691
MLS Listing,,Single Family Residential,164 Southwood Ave,Columbus,OH,43207,549900,3,2.0,Merion Village,1830,10018,1968,7,300,,Active,,,https://www.redfin.com/OH/Columbus/164-Southwood-Ave-43207/home/79532773,CBRMLS,225027351,N,Y,39.9324461,-82.9914224
MLS Listing,,Single Family Residential,1429 Loretta Ave,Columbus,OH,43211,149900,2,1.0,North Linden,1070,5227,1927,7,140,,Active,,,https://www.redfin.com/OH/Columbus/1429-Loretta-Ave-43211/home/79527506,CBRMLS,225026912,N,Y,40.0146839,-82.9718927
MLS Listing,,Single Family Residential,403 Stewart Ave,Columbus,OH,43206,685900,4,2.5,GERMAN/ MERION VILLAGE,1876,5227,1889,7,366,,Active,,,https://www.redfin.com/OH/Columbus/403-Stewart-Ave-43206/home/75623883,CBRMLS,225026850,N,Y,39.9414772,-82.9855822
MLS Listing,,Single Family Residential,576 Gilbert St,Columbus,OH,43205,319900,3,1.5,Livingston Park,1282,3484,1910,7,250,,Active,,,https://www.redfin.com/OH/Columbus/576-Gilbert-St-43205/home/75625334,CBRMLS,225027101,N,Y,39.9532055,-82.9735305
MLS Listing,,Single Family Residential,254 E Selby Blvd,Worthington,OH,43085,339900,2,1.0,Worthington,907,9147,1942,7,375,,Active,,,https://www.redfin.com/OH/Worthington/254-E-Selby-Blvd-43085/home/75680499,CBRMLS,225027287,N,Y,40.0779073,-83.0117038
MLS Listing,,Single Family Residential,909 Stephen Dr W,Columbus,OH,43204,234900,3,2.0,Columbus,1104,10454,1957,7,213,,Active,,,https://www.redfin.com/OH/Columbus/909-Stephen-Dr-W-43204/home/75630178,CBRMLS,225026735,N,Y,39.9354396,-83.0887314
MLS Listing,,Single Family Residential,860 Tamara Dr N,Columbus,OH,43230,285000,3,2.5,Columbus,1386,5227,1985,7,206,,Active,,,https://www.redfin.com/OH/Columbus/860-Tamara-Dr-N-43230/home/79498993,CBRMLS,225027068,N,Y,40.017318,-82.8510009
MLS Listing,,Single Family Residential,4445 Saint Ann Ln,Whitehall,OH,43213,220000,3,1.0,Whitehall,875,6098,1953,8,251,,Active,,,https://www.redfin.com/OH/Columbus/4445-Saint-Ann-Ln-43213/home/79583357,CBRMLS,225026597,N,Y,39.9695264,-82.8819165
MLS Listing,,Condo/Co-op,4651 Hobson Dr Unit 12D,Columbus,OH,43228,194900,2,1.5,Columbus,1280,871,1998,8,152,265,Active,,,https://www.redfin.com/OH/Columbus/4651-Hobson-Dr-43228/unit-12D/home/79641679,CBRMLS,225027417,N,Y,39.9119344,-83.1159521
MLS Listing,,Single Family Residential,5515 Sentinel Falls St,Dublin,OH,43016,396000,3,2.5,Falls at Hayden Run,1876,6098,2011,8,211,88,Active,,,https://www.redfin.com/OH/Dublin/5515-Sentinel-Falls-St-43016/home/79719366,CBRMLS,225026825,N,Y,40.0560174,-83.1683402
MLS Listing,,Single Family Residential,4006 Halsey Pl,Columbus,OH,43228,245000,4,2.0,Georgian Heights,1755,5662,1954,8,140,,Active,August-2-2025 02:00 PM,August-2-2025 04:00 PM,https://www.redfin.com/OH/Columbus/4006-Halsey-Pl-43228/home/79540472,CBRMLS,225027406,N,Y,39.9413139,-83.105421
MLS Listing,,Multi-Family (2-4 Unit),911 Linwood Ave Unit & 913,Columbus,OH,43206,400000,,,Columbus,3268,4356,1901,8,122,,Active,,,https://www.redfin.com/OH/Columbus/911-Linwood-Ave-43206/unit-913/home/196562435,CBRMLS,225027402,N,Y,39.947123,-82.966335
MLS Listing,,Single Family Residential,505 Bassett Ave,Columbus,OH,43203,139900,2,1.0,Hayes,1496,3920,1929,8,94,,Active,,,https://www.redfin.com/OH/Columbus/505-Bassett-Ave-43203/home/79607193,CBRMLS,225027392,N,Y,39.9771299,-82.9638708
MLS Listing,,Single Family Residential,3010 Azelda St,Columbus,OH,43224,239900,4,2.0,Columbus,1455,4791,1952,8,165,,Active,,,https://www.redfin.com/OH/Columbus/3010-Azelda-St-43224/home/75723702,CBRMLS,225027375,N,Y,40.0267787,-82.9867112
MLS Listing,,Single Family Residential,1816 Brentnell Ave,Columbus,OH,43219,260000,3,2.0,AMVET HOMESTEAD 2,1650,7840,1952,8,158,,Active,,,https://www.redfin.com/OH/Columbus/1816-Brentnell-Ave-43219/home/79497514,CBRMLS,225027373,N,Y,40.0058483,-82.9479502
MLS Listing,,Single Family Residential,1622 Clifton Ave,Columbus,OH,43203,330000,4,2.5,Franklin County,2158,6704,1919,8,153,,Active,,,https://www.redfin.com/OH/Columbus/1622-Clifton-Ave-43203/home/75624629,Cincy MLS,1849184,N,Y,39.971398,-82.9583504
MLS Listing,,Single Family Residential,1632 Marlboro Ave,Obetz,OH,43207,400000,3,2.5,Obetz,1801,2613,2025,8,222,,Active,,,https://www.redfin.com/OH/Obetz/1632-Marlboro-Ave-43207/home/100763387,CBRMLS,225027354,N,Y,39.8762414,-82.9581077
MLS Listing,,Multi-Family (5+ Unit),365 S Yale Ave,Columbus,OH,43223,1999900,29,,Columbus,,,1981,8,,,Active,,,https://www.redfin.com/OH/Columbus/365-S-Yale-Ave-43223/home/75625726,CBRMLS,225027346,N,Y,39.9510143,-83.030315
MLS Listing,,Single Family Residential,6192 Hazelmere Dr,Galloway,OH,43119,324900,3,1.5,Galloway,1542,10018,1990,8,211,,Active,,,https://www.redfin.com/OH/Galloway/6192-Hazelmere-Dr-43119/home/79606028,CBRMLS,225027343,N,Y,39.9257407,-83.1600573
MLS Listing,,Single Family Residential,1055 Wilson Ave,Columbus,OH,43206,279900,3,1.5,Columbus,1536,4791,1909,8,182,,Active,,,https://www.redfin.com/OH/Columbus/1055-Wilson-Ave-43206/home/79675976,CBRMLS,225027327,N,Y,39.943907,-82.9679488
MLS Listing,,Condo/Co-op,60 E Spring St #503,Columbus,OH,43215,309900,2,2.5,Sixty Spring,1354,1306,2005,8,229,339,Active,,,https://www.redfin.com/OH/Columbus/60-E-Spring-St-43215/unit-503/home/100712223,CBRMLS,225027326,N,Y,39.9667933,-82.9997937
MLS Listing,,Single Family Residential,334 E Welch Ave,Columbus,OH,43207,344900,3,1.5,Columbus,1252,4791,1922,8,275,,Active,,,https://www.redfin.com/OH/Columbus/334-E-Welch-Ave-43207/home/75658057,CBRMLS,225027325,N,Y,39.930249,-82.9867342
MLS Listing,,Condo/Co-op,1652 Bennigan Dr Unit 175A,Hilliard,OH,43026,214900,2,1.5,Hillard Commons,832,435,1996,8,258,250,Active,,,https://www.redfin.com/OH/Hilliard/1652-Bennigan-Dr-43026/unit-175A/home/75722967,CBRMLS,225027296,N,Y,39.9835733,-83.1561759
MLS Listing,,Single Family Residential,165 Frebis Ave,Columbus,OH,43206,489900,2,2.5,Hayden Park Place,1314,3302,1929,8,373,,Active,,,https://www.redfin.com/OH/Columbus/165-Frebis-Ave-43206/home/75595881,Dayton MLS,939665,N,Y,39.9356683,-82.9914955
MLS Listing,,Single Family Residential,3986 Hillman Rd E,Columbus,OH,43207,199999,3,1.0,Southern Pines,896,6098,1965,8,223,,Active,,,https://www.redfin.com/OH/Columbus/3986-Hillman-Rd-E-43207/home/100744130,CBRMLS,225027289,N,Y,39.8810711,-82.9791157
MLS Listing,,Single Family Residential,5715 Nike Dr,Hilliard,OH,43026,375000,3,2.5,Coventry,1515,7405,1990,8,248,,Active,,,https://www.redfin.com/OH/Hilliard/5715-Nike-Dr-43026/home/75615425,CBRMLS,225026578,N,Y,39.9971743,-83.1575287
MLS Listing,,Condo/Co-op,451 Clairbrook Ave Unit JF-5,Columbus,OH,43228,190000,3,2.0,Hardesty Heights,1428,871,1972,8,133,208,Active,,,https://www.redfin.com/OH/Columbus/451-Clairbrook-Ave-43228/unit-JF-5/home/172107061,CBRMLS,225027270,N,Y,39.9384825,-83.1461051
MLS Listing,,Single Family Residential,597 Nashoba Ave,Columbus,OH,43223,225000,3,1.0,Columbus,1284,4356,1928,8,175,,Active,,,https://www.redfin.com/OH/Columbus/597-Nashoba-Ave-43223/home/79686530,CBRMLS,225027264,N,Y,39.9437355,-83.0501362
MLS Listing,,Single Family Residential,6265 Glencairn Cir,Galloway,OH,43119,269900,3,1.5,Laurel Green,1332,10890,1989,8,203,,Active,,,https://www.redfin.com/OH/Galloway/6265-Glencairn-Cir-43119/home/79491076,CBRMLS,225027262,N,Y,39.926058,-83.1619185
MLS Listing,,Single Family Residential,2076 Agler Rd,Columbus,OH,43211,177500,2,1.5,Columbus,1349,,,8,132,,Active,,,https://www.redfin.com/OH/Columbus/2076-Agler-Rd-43224/home/75609731,CBRMLS,225027245,N,Y,40.0273283,-82.9565463
MLS Listing,,Single Family Residential,1144 E Whittier St,Columbus,OH,43206,219000,3,1.0,Columbus,1786,3920,1919,8,123,,Active,,,https://www.redfin.com/OH/Columbus/1144-E-Whittier-St-43206/home/79487090,CBRMLS,225027230,N,Y,39.94348,-82.9659289
MLS Listing,,Single Family Residential,838 Wilson Ave,Columbus,OH,43206,285000,4,1.5,Southern Orchards,2116,4356,1899,8,135,,Active,August-3-2025 11:00 AM,August-3-2025 02:00 PM,https://www.redfin.com/OH/Columbus/838-Wilson-Ave-43206/home/75658656,CBRMLS,225027228,N,Y,39.948497,-82.9671761
MLS Listing,,Single Family Residential,2735 W Case Rd,Columbus,OH,43235,340000,3,1.5,Misty Meadows,1791,7405,1984,8,190,,Active,,,https://www.redfin.com/OH/Columbus/2735-West-Case-Rd-43235/home/75617128,CBRMLS,225027223,N,Y,40.0732766,-83.0901179
MLS Listing,,Multi-Family (2-4 Unit),1404 Indianola Ave,Columbus,OH,43201,574900,8,,Columbus,2726,6098,1906,8,211,,Active,,,https://www.redfin.com/OH/Columbus/1404-Indianola-Ave-43201/home/79770111,CBRMLS,225027274,N,Y,39.991349,-83.0029211
MLS Listing,,Single Family Residential,5712 Salvia Rd,Westerville,OH,43081,569900,4,2.5,Parkside,3028,6098,2021,8,188,59,Active,,,https://www.redfin.com/OH/Westerville/5712-Salvia-Rd-43081/home/196511686,CBRMLS,225026945,N,Y,40.0973925,-82.8641885
MLS Listing,,Condo/Co-op,1084 Bryden Rd #9,Columbus,OH,43205,579999,3,3.5,Columbus,2268,871,2019,8,256,319,Active,August-2-2025 12:00 PM,August-2-2025 02:00 PM,https://www.redfin.com/OH/Columbus/1084-Bryden-Rd-43205/unit-9/home/144380134,CBRMLS,225027086,N,Y,39.9607015,-82.971016
MLS Listing,,Single Family Residential,1518 Walsh Ave,Columbus,OH,43207,185000,3,2.0,Columbus,1066,6534,1900,9,174,,Active,,,https://www.redfin.com/OH/Columbus/1518-Walsh-Ave-43223/home/79522892,CBRMLS,225027203,N,Y,39.9479015,-83.0391334
MLS Listing,,Condo/Co-op,6355 Marinelli Dr N,Columbus,OH,43228,375000,4,2.5,Villas at Renner Park,1880,3049,2024,9,199,190,Active,,,https://www.redfin.com/OH/Columbus/6355-Marinelli-Dr-N-43228/home/195776101,CBRMLS,225027199,N,Y,39.9798929,-83.1763534
MLS Listing,,Single Family Residential,2352 Hiawatha Park Dr,Columbus,OH,43211,129000,2,1.0,Columbus,672,4791,1951,9,192,,Active,,,https://www.redfin.com/OH/Columbus/2352-Hiawatha-Park-Dr-43211/home/79706807,CBRMLS,225027189,N,Y,40.0130263,-82.9867134
MLS Listing,,Condo/Co-op,6684 Lagrange Dr Unit 48C,Canal Winchester,OH,43110,160000,2,1.5,Gender Park,1248,871,2000,9,128,220,Active,August-2-2025 01:00 PM,August-2-2025 02:00 PM,https://www.redfin.com/OH/Canal-Winchester/6684-Lagrange-Dr-43110/unit-48C/home/79678704,CBRMLS,225027144,N,Y,39.8745083,-82.8245437
MLS Listing,,Single Family Residential,3920 Clearwater Dr,Columbus,OH,43232,205000,3,1.0,Columbus,884,7405,1963,9,232,,Active,,,https://www.redfin.com/OH/Columbus/3920-Clearwater-Dr-43232/home/75611288,CBRMLS,225027139,N,Y,39.8979069,-82.8606312
MLS Listing,,Single Family Residential,3984 Lavender Ridge Dr,Columbus,OH,43230,329900,3,2.0,Willows at Preserve Crossing,1382,5662,2016,9,239,147,Active,,,https://www.redfin.com/OH/Columbus/3984-Lavender-Ridge-Dr-43230/home/196533570,CBRMLS,225027130,N,Y,40.0606951,-82.8512999
MLS Listing,,Single Family Residential,3324 Villa Ct,Columbus,OH,43207,139990,3,1.0,Columbus,1374,9147,1970,9,102,,Active,,,https://www.redfin.com/OH/Columbus/3324-Villa-Ct-43207/home/79522183,CBRMLS,225027092,N,Y,39.8972835,-82.9559418
MLS Listing,,Single Family Residential,1875 King Ave,Columbus,OH,43212,705000,4,2.5,Columbus,2095,8712,1922,9,337,,Active,,,https://www.redfin.com/OH/Columbus/1875-King-Ave-43212/home/79543403,CBRMLS,225024939,N,Y,39.9918429,-83.0570452
MLS Listing,,Single Family Residential,3129 Rainier Ave,Columbus,OH,43231,361000,4,2.5,Forest Hills East,1730,7840,1975,9,209,,Active,,,https://www.redfin.com/OH/Columbus/3129-Rainier-Ave-43231/home/75688977,CBRMLS,225027087,N,Y,40.0864324,-82.934505
MLS Listing,,Single Family Residential,895 Janet Dr,Columbus,OH,43224,369900,3,3.0,Columbus,1716,10454,1961,9,216,,Active,,,https://www.redfin.com/OH/Columbus/895-Janet-Dr-43224/home/100742734,CBRMLS,225027077,N,Y,40.0450232,-82.9930838
MLS Listing,,Single Family Residential,1479 Lockbourne Rd,Columbus,OH,43206,265000,3,1.5,Columbus,1680,7840,1910,9,158,,Active,August-3-2025 01:00 PM,August-3-2025 03:00 PM,https://www.redfin.com/OH/Columbus/1479-Lockbourne-Rd-43206/home/79533185,CBRMLS,225025299,N,Y,39.9354629,-82.9646163
MLS Listing,,Condo/Co-op,4823 Smoketalk Ln #2,Westerville,OH,43081,179000,2,2.0,Little Turtle-Chippewill Condos,1048,,1974,9,171,448,Active,,,https://www.redfin.com/OH/Westerville/4823-Smoketalk-Ln-43081/unit-2/home/79504240,CBRMLS,225026523,N,Y,40.0877207,-82.8866715
MLS Listing,,Single Family Residential,550 E Town St,Columbus,OH,43215,799900,4,2.5,Columbus,4199,7405,1900,9,190,,Active,,,https://www.redfin.com/OH/Columbus/550-E-Town-St-43215/home/176374197,CBRMLS,225026302,N,Y,39.9607826,-82.9853693
MLS Listing,,Single Family Residential,585 Erickson Ave,Columbus,OH,43213,210000,3,1.0,Columbus,814,5227,1934,9,258,,Active,,,https://www.redfin.com/OH/Columbus/585-Erickson-Ave-43213/home/75608939,CBRMLS,225026870,N,Y,39.9624344,-82.8840913
MLS Listing,,Single Family Residential,3545 Ontario St,Columbus,OH,43224,240000,3,1.0,Columbus,925,5227,1953,9,259,,Active,,,https://www.redfin.com/OH/Columbus/3545-Ontario-St-43224/home/100739644,CBRMLS,225026254,N,Y,40.0391984,-82.9747254
MLS Listing,,Single Family Residential,680 Jonsol Ct,Columbus,OH,43230,369000,3,2.0,Clarman Heights,1454,15246,1967,10,254,,Active,August-2-2025 12:00 PM,August-2-2025 02:00 PM,https://www.redfin.com/OH/Columbus/680-Jonsol-Ct-43230/home/79501783,CBRMLS,225027074,N,Y,40.0165359,-82.8575071
MLS Listing,,Condo/Co-op,6025 Naughten Pond Dr,Columbus,OH,43213,230000,2,2.0,Ravines of McNaughten,1320,2178,2006,10,174,467,Active,August-3-2025 01:00 PM,August-3-2025 03:00 PM,https://www.redfin.com/OH/Columbus/6025-Naughten-Pond-Dr-43213/home/79499629,CBRMLS,225027073,N,Y,39.9687679,-82.838961
MLS Listing,,Single Family Residential,3216 E 5th Ave,Columbus,OH,43219,249900,3,3.0,Columbus,1500,6098,1925,10,167,,Active,,,https://www.redfin.com/OH/Columbus/3216-E-5th-Ave-43219/home/100736462,CBRMLS,225019173,N,Y,39.9848749,-82.9177807
MLS Listing,,Condo/Co-op,2844 Stonecreek Ct,Columbus,OH,43224,157900,3,2.5,STONEHENGE CONDO,1024,435,1977,10,154,218,Active,,,https://www.redfin.com/OH/Columbus/2844-Stonecreek-Ct-43224/home/79643602,CBRMLS,225027071,N,Y,40.0451767,-82.938843
MLS Listing,,Single Family Residential,1518 Loretta Ave,Columbus,OH,43211,135000,3,1.0,Columbus,1248,5662,1925,10,108,,Active,,,https://www.redfin.com/OH/Columbus/1518-Loretta-Ave-43211/home/79562151,CBRMLS,225027070,N,Y,40.0148975,-82.9694988
MLS Listing,,Single Family Residential,4141 Kershaw Dr,Columbus,OH,43207,59900,3,1.5,Shenandoah Commons,1120,,1991,10,53,500,Active,,,https://www.redfin.com/OH/Columbus/4141-Kershaw-Dr-43207/home/193707604,CBRMLS,225027035,N,Y,39.8779881,-82.9889412
MLS Listing,,Multi-Family (2-4 Unit),790-792 E Starr Ave,Columbus,OH,43201,264900,6,,Columbus,2016,4791,1910,10,131,,Active,,,https://www.redfin.com/OH/Columbus/792-E-Starr-Ave-43201/home/75591298,CBRMLS,225027029,N,Y,39.9826974,-82.9830686
MLS Listing,,Condo/Co-op,7498 Call Rd Unit 110E,Blacklick,OH,43004,185000,2,1.5,McNeill Farms,1045,,1997,10,177,271,Active,,,https://www.redfin.com/OH/Blacklick/7498-Call-Rd-43004/unit-110E/home/100749750,CBRMLS,225027024,N,Y,39.9889169,-82.806129
MLS Listing,,Single Family Residential,1486 Cardinez Way,Columbus,OH,43228,374900,4,2.5,Villas at Renner Park,1811,,2025,10,207,190,Active,,,https://www.redfin.com/OH/Columbus/1486-Cardinez-Way-43228/home/196518324,CBRMLS,225027023,N,Y,39.9804982,-83.175929
MLS Listing,,Single Family Residential,1380 Brenthaven Pl,Columbus,OH,43228,414900,4,3.5,Columbus,1968,10018,1971,10,211,,Active,,,https://www.redfin.com/OH/Columbus/1380-Brenthaven-Pl-43228/home/79540019,CBRMLS,225027010,N,Y,39.9791317,-83.1659153
MLS Listing,,Single Family Residential,778 Rothrock Dr,Galloway,OH,43119,315000,3,1.5,Westchester,1296,10018,1996,10,243,,Active,,,https://www.redfin.com/OH/Galloway/778-Rothrock-Dr-43119/home/79547339,CBRMLS,225026998,N,Y,39.9347645,-83.1531116
MLS Listing,,Single Family Residential,588 E Jeffrey Pl,Columbus,OH,43214,315000,2,1.0,Clintonville,1152,4791,1950,10,273,,Active,,,https://www.redfin.com/OH/Columbus/588-E-Jeffrey-Pl-43214/home/79529590,CBRMLS,225026989,N,Y,40.0611903,-83.0037067
MLS Listing,,Single Family Residential,782 Summit St #78,Columbus,OH,43215,591000,2,2.0,Italian Village,1216,1742,2015,10,486,,Active,,,https://www.redfin.com/OH/Columbus/782-Summit-St-43215/unit-78/home/112959386,CBRMLS,225026987,N,Y,39.9787204,-83.0003276
MLS Listing,,Single Family Residential,224 N Oakley Ave,Columbus,OH,43204,195000,3,1.0,Glenview Hts,1224,3920,1928,10,159,,Active,,,https://www.redfin.com/OH/Columbus/224-N-Oakley-Ave-43204/home/75656519,CBRMLS,225026986,N,Y,39.9601795,-83.0635886
