SALE TYPE,SOLD DATE,PROPERTY TYPE,ADDRESS,CITY,STATE OR PROVINCE,ZIP OR POSTAL CODE,PRICE,BEDS,BATHS,LOCATION,SQUARE FEET,LOT SIZE,YEAR BUILT,DAYS ON MARKET,$/SQUARE FEET,HOA/MONTH,STATUS,NEXT OPEN HOUSE START TIME,NEXT OPEN HOUSE END TIME,URL (SEE https://www.redfin.com/buy-a-home/comparative-market-analysis FOR INFO ON PRICING),SOURCE,MLS#,FAVORITE,INTERESTED,LATITUDE,LONGITUDE
"In accordance with local MLS rules, some MLS listings are not included in the download"
MLS Listing,,Single Family Residential,3146 E 83rd St S,Tulsa,OK,74137,399000,3,2.0,Walnut Creek III,2082,12093,1974,1,192,,Active,,,https://www.redfin.com/OK/Tulsa/3146-E-83rd-St-74137/home/74386850,"MLS Technology, Inc.",2532895,N,Y,36.0429377,-95.9418239
MLS Listing,,Single Family Residential,8303 S 69th EastAvenue,Tulsa,OK,74133,529500,5,3.5,The Crescent,4008,11554,2001,1,132,16,Active,,,https://www.redfin.com/OK/Tulsa/8303-S-69th-East-Ave-74133/home/74391658,"MLS Technology, Inc.",2532864,N,Y,36.0426122,-95.8987826
MLS Listing,,Single Family Residential,4932 S 94th EastPlace,Tulsa,OK,74145,180000,3,2.0,Regency Park East,1403,7245,1969,1,128,6,Active,,,https://www.redfin.com/OK/Tulsa/4932-S-94th-East-Pl-74145/home/74395181,"MLS Technology, Inc.",2532768,N,Y,36.0910097,-95.87232
MLS Listing,,Single Family Residential,3263 W 72nd St,Tulsa,OK,74132,600000,3,2.5,Rosewood Acres I,1970,109230,1971,1,305,,Active,,,https://www.redfin.com/OK/Tulsa/3263-W-72nd-St-74132/home/74383781,"MLS Technology, Inc.",2531313,N,Y,36.0593871,-96.0278268
MLS Listing,,Vacant Land,E 132nd Pl S,Broken Arrow,OK,74011,195000,,,The Park at Oak Grove II,,32655,,1,,42,Active,,,https://www.redfin.com/OK/Broken-Arrow/E-132nd-PL-S-74011/home/189744837,"MLS Technology, Inc.",2532647,N,Y,35.973073,-95.903887
MLS Listing,,Single Family Residential,2539 E 17th St,Tulsa,OK,74104,259900,3,2.5,Rena Park addn resub Glen Acres,1420,8400,1940,1,183,,Active,August-3-2025 02:00 AM,August-3-2025 04:00 PM,https://www.redfin.com/OK/Tulsa/2539-E-17th-St-74104/home/74330480,"MLS Technology, Inc.",2532299,N,Y,36.1379496,-95.9543487
MLS Listing,,Single Family Residential,6216 N 24th St,Broken Arrow,OK,74014,549900,4,3.5,Whiskey Ridge,3025,7589,2023,1,182,46,Active,,,https://www.redfin.com/OK/Broken-Arrow/6216-N-24th-St-74014/home/172639526,"MLS Technology, Inc.",2532880,N,Y,36.1153452,-95.7604152
MLS Listing,,Single Family Residential,8934 S 41st WestAvenue,Tulsa,OK,74132,449900,5,3.5,Golden Oaks III,3124,50513,1983,1,144,,Active,August-3-2025 02:00 PM,August-3-2025 04:00 PM,https://www.redfin.com/OK/Tulsa/8934-S-41st-West-Ave-74132/home/82733103,"MLS Technology, Inc.",2532877,N,Y,36.0337752,-96.0383997
MLS Listing,,Single Family Residential,502 E 40th St,Tulsa,OK,74106,219000,4,2.0,Chandler Frates IV addn,1840,12400,1957,1,119,,Active,,,https://www.redfin.com/OK/Tulsa/502-E-40th-St-N-74106/home/74293212,"MLS Technology, Inc.",2532876,N,Y,36.2111197,-95.9891221
MLS Listing,,Single Family Residential,1703 S Gary Pl,Tulsa,OK,74104,275000,2,1.0,Exposition Heights II addn,1055,7000,1928,1,261,,Active,,,https://www.redfin.com/OK/Tulsa/1703-S-Gary-Pl-74104/home/74301018,"MLS Technology, Inc.",2532134,N,Y,36.1367775,-95.941198
MLS Listing,,Single Family Residential,3717 S Rolling Oaks Dr,Tulsa,OK,74107,289000,4,2.5,Rolling Oaks amd,2072,8463,1994,1,139,,Active,,,https://www.redfin.com/OK/Tulsa/3717-S-Rolling-Oaks-Dr-74107/home/74421151,"MLS Technology, Inc.",2532165,N,Y,36.1098551,-96.0695133
MLS Listing,,Single Family Residential,3405 S 213th EastAvenue,Broken Arrow,OK,74014,260000,3,2.0,Sunrise Estates,1482,10890,2000,1,175,,Active,,,https://www.redfin.com/OK/Broken-Arrow/3405-S-213th-East-Ave-74014/home/82922472,"MLS Technology, Inc.",2532725,N,Y,36.1150215,-95.7397558
MLS Listing,,Single Family Residential,7606 E 87th St,Tulsa,OK,74133,469000,4,3.5,Chimney Hills Estates,3162,12251,1983,1,148,,Active,,,https://www.redfin.com/OK/Tulsa/7606-E-87th-St-74133/home/74231644,"MLS Technology, Inc.",2531970,N,Y,36.0384332,-95.8916723
MLS Listing,,Single Family Residential,8915 S Kingston Ave,Tulsa,OK,74137,529900,4,3.5,Woodhill,4158,12325,1992,1,127,28,Active,,,https://www.redfin.com/OK/Tulsa/8915-S-Kingston-Ave-74137/home/74398549,"MLS Technology, Inc.",2532824,N,Y,36.0334711,-95.9100593
MLS Listing,,Single Family Residential,9710 S Oswego Ave,Tulsa,OK,74137,975000,4,4.5,Crown Pointe,5406,25237,1988,1,180,100,Active,August-2-2025 02:00 PM,August-2-2025 04:00 PM,https://www.redfin.com/OK/Tulsa/9710-S-Oswego-Ave-74137/home/74379999,"MLS Technology, Inc.",2532801,N,Y,36.0232148,-95.9314375
MLS Listing,,Single Family Residential,17520 E 45th St,Tulsa,OK,74134,339000,3,2.0,Oxford Court,2043,9866,2010,1,166,33,Active,,,https://www.redfin.com/OK/Tulsa/17520-E-45th-St-74134/home/74282189,"MLS Technology, Inc.",2532357,N,Y,36.098887,-95.78097
MLS Listing,,Single Family Residential,8655 E 104th St,Tulsa,OK,74133,550000,4,3.5,Legacy Park,4137,9383,2002,1,133,48,Active,,,https://www.redfin.com/OK/Tulsa/8655-E-104th-St-74133/home/74427848,"MLS Technology, Inc.",2532580,N,Y,36.0143818,-95.8799064
MLS Listing,,Condo/Co-op,6524 S Memorial Dr Unit 16E,Tulsa,OK,74133,97500,1,1.0,Shadow Mountain Condo I,795,,1982,1,123,271,Active,,,https://www.redfin.com/OK/Tulsa/6524-S-Memorial-Dr-74133/unit-16E/home/74335300,"MLS Technology, Inc.",2532798,N,Y,36.0694154,-95.8869737
MLS Listing,,Single Family Residential,218 S Richmond Ave,Tulsa,OK,74112,49900,2,1.0,Rodgers Heights sub,827,7500,1930,1,60,,Active,,,https://www.redfin.com/OK/Tulsa/218-S-Richmond-Ave-74112/home/74212613,"MLS Technology, Inc.",2532820,N,Y,36.1568076,-95.9292982
MLS Listing,,Single Family Residential,1104 E 53rd Pl,Tulsa,OK,74105,179900,3,1.0,Riverview Village II,1343,8400,1956,1,134,,Active,,,https://www.redfin.com/OK/Tulsa/1104-E-53rd-Pl-74105/home/74331932,"MLS Technology, Inc.",2532671,N,Y,36.0863204,-95.978928
MLS Listing,,Single Family Residential,6712 E Haskell St,Tulsa,OK,74115,130000,4,1.0,Polston Acres resub,888,8418,1953,1,146,,Active,,,https://www.redfin.com/OK/Tulsa/6712-E-Haskell-St-74115/home/74328594,"MLS Technology, Inc.",2532209,N,Y,36.1642153,-95.9016733
MLS Listing,,Single Family Residential,6522 E 5th St,Tulsa,OK,74112,165000,2,1.0,Sheridan Hills,850,6700,1944,1,194,,Active,,,https://www.redfin.com/OK/Tulsa/6522-E-5th-St-74112/home/74336201,"MLS Technology, Inc.",2532792,N,Y,36.1541118,-95.9036025
MLS Listing,,Condo/Co-op,2948 E 84th St #39,Tulsa,OK,74137,240000,3,2.5,The Timbers of Tulsa Condos,2070,,1979,1,116,423,Active,,,https://www.redfin.com/OK/Tulsa/2948-E-84th-St-74137/unit-39/home/171847771,"MLS Technology, Inc.",2532736,N,Y,36.0425479,-95.945849
MLS Listing,,Condo/Co-op,7447 S Yale Ave #125,Tulsa,OK,74136,110000,2,2.0,Woodcrest II resub,965,,1970,1,114,174,Active,,,https://www.redfin.com/OK/Tulsa/7447-S-Yale-Ave-74136/unit-125/home/189767797,"MLS Technology, Inc.",2532108,N,Y,36.055935,-95.9215445
MLS Listing,,Single Family Residential,3014 E 49th St,Tulsa,OK,74135,320000,3,2.5,VILLA GROVE SUB,2200,19375,1950,1,145,,Active,,,https://www.redfin.com/OK/Tulsa/3014-E-49th-St-74105/home/74349193,"MLS Technology, Inc.",2532770,N,Y,36.0922079,-95.9451524
MLS Listing,,Single Family Residential,2835 47th St,Tulsa,OK,74105,550000,4,3.0,Claypool,3686,16585,1964,1,149,,Active,August-3-2025 02:00 PM,August-3-2025 04:00 PM,https://www.redfin.com/OK/Tulsa/2835-E-47th-St-74105/home/74236661,"MLS Technology, Inc.",2532761,N,Y,36.0955708,-95.9470706
MLS Listing,,Single Family Residential,9203 E 59th St,Tulsa,OK,74145,214900,3,2.0,Woodland View Park IV amd,1654,9000,1977,1,130,,Active,,,https://www.redfin.com/OK/Tulsa/9203-E-59th-St-74145/home/74231813,"MLS Technology, Inc.",2532759,N,Y,36.0784648,-95.8727512
MLS Listing,,Single Family Residential,8238 S 100th EastPlace,Tulsa,OK,74133,375000,4,3.0,South Towne Square ext,2583,9101,2000,1,145,25,Active,,,https://www.redfin.com/OK/Tulsa/8238-S-100th-East-Pl-74133/home/74396429,"MLS Technology, Inc.",2532748,N,Y,36.0436178,-95.8652625
MLS Listing,,Vacant Land,6733 S Birmingham Ave,Tulsa,OK,74136,300000,,,Oakwood,,16988,,1,,,Active,,,https://www.redfin.com/OK/Tulsa/6733-S-Birmingham-Ave-74136/home/74425017,"MLS Technology, Inc.",2532735,N,Y,36.0646386,-95.9531136
MLS Listing,,Single Family Residential,2236 S Pittsburg Ave,Tulsa,OK,74114,214000,3,1.5,Jefferson Terrace,1410,7182,1941,1,152,,Active,,,https://www.redfin.com/OK/Tulsa/2236-S-Pittsburg-Ave-74114/home/74309146,"MLS Technology, Inc.",2532362,N,Y,36.130775,-95.9316222
MLS Listing,,Vacant Land,3829 E 103rd Pl,Tulsa,OK,74137,182000,,,Ridgewood Hollow,,11355,,1,,67,Active,,,https://www.redfin.com/OK/Tulsa/3829-E-103rd-Pl-74137/home/74277364,"MLS Technology, Inc.",2532719,N,Y,36.014196,-95.9335119
MLS Listing,,Single Family Residential,1331 S Louisville Ave,Tulsa,OK,74112,350000,3,2.0,Summit Heights,1926,12825,1930,1,182,,Active,,,https://www.redfin.com/OK/Tulsa/1331-S-Louisville-Ave-74112/home/74341859,"MLS Technology, Inc.",2532217,N,Y,36.1431536,-95.9356709
MLS Listing,,Single Family Residential,327 W 49th St,Tulsa,OK,74126,129800,3,1.0,VALLEY VIEW ACRES,1069,7020,1956,1,121,,Active,,,https://www.redfin.com/OK/Tulsa/327-W-49th-St-N-74126/home/74347687,"MLS Technology, Inc.",2532716,N,Y,36.2244111,-96.0001765
MLS Listing,,Single Family Residential,116 S Jamestown Ave,Tulsa,OK,74112,274900,4,3.0,Walnut Park,2008,7938,1926,2,137,,Active,,,https://www.redfin.com/OK/Tulsa/116-S-Jamestown-Ave-74112/home/74214881,"MLS Technology, Inc.",2530601,N,Y,36.1585044,-95.9383271
MLS Listing,,Single Family Residential,1204 S Columbia Ave,Tulsa,OK,74104,375000,3,1.0,Plano addn,1801,7140,1938,2,208,,Active,August-2-2025 02:00 PM,August-2-2025 04:00 PM,https://www.redfin.com/OK/Tulsa/1204-S-Columbia-Ave-74104/home/74328356,"MLS Technology, Inc.",2532244,N,Y,36.1458537,-95.9518366
MLS Listing,,Single Family Residential,559 S Sandusky Ave,Tulsa,OK,74112,289900,3,1.5,Phil-Book,1871,8540,1950,2,155,,Active,,,https://www.redfin.com/OK/Tulsa/559-S-Sandusky-Ave-74112/home/74328036,"MLS Technology, Inc.",2532308,N,Y,36.1520902,-95.9277828
MLS Listing,,Single Family Residential,111 E 26th Pl N,Tulsa,OK,74114,85000,3,1.0,Archer Heights amd,868,8100,1952,2,98,,Active,,,https://www.redfin.com/OK/Tulsa/111-E-26th-Pl-74114/home/74331221,"MLS Technology, Inc.",2532713,N,Y,36.1277755,-95.9853497
MLS Listing,,Single Family Residential,6131 W 26th St,Tulsa,OK,74107,195000,3,2.0,West Tulsa View Acres sub,1584,17388,1964,2,123,,Active,,,https://www.redfin.com/OK/Tulsa/6131-W-26th-St-74107/home/74361377,"MLS Technology, Inc.",2532275,N,Y,36.1266878,-96.0620545
MLS Listing,,Single Family Residential,7723 S 92nd EastPlace,Tulsa,OK,74133,374000,4,2.5,The Villages of Highland Park,2721,8892,2000,2,137,35,Active,August-3-2025 01:00 PM,August-3-2025 03:00 PM,https://www.redfin.com/OK/Tulsa/7723-S-92nd-East-Ave-74133/home/74398016,"MLS Technology, Inc.",2532694,N,Y,36.0505042,-95.8726748
MLS Listing,,Single Family Residential,3522 S Toledo Ave,Tulsa,OK,74135,225000,3,2.0,Walter Foster,1331,7320,1953,2,169,,Active,,,https://www.redfin.com/OK/Tulsa/3522-S-Toledo-Ave-74135/home/74350515,"MLS Technology, Inc.",2529558,N,Y,36.1136054,-95.9271052
MLS Listing,,Single Family Residential,05504 E 5th Pl,Tulsa,OK,74112,469500,6,4.5,Glenhaven amd,3136,12853,1940,2,150,,Active,,,https://www.redfin.com/OK/Tulsa/5504-E-5th-Pl-74112/home/74251854,"MLS Technology, Inc.",2532685,N,Y,36.152511,-95.9148932
MLS Listing,,Single Family Residential,13019 E 27th Pl,Tulsa,OK,74134,239900,3,2.0,Mayo Plaza ext addn,1419,7280,1975,2,169,,Active,,,https://www.redfin.com/OK/Tulsa/13019-E-27th-Pl-74134/home/74318741,"MLS Technology, Inc.",2532680,N,Y,36.1252131,-95.8317134
MLS Listing,,Single Family Residential,4939 N Trenton Ave,Tulsa,OK,74126,135000,3,1.0,Northridge addn replat,1162,9052,1956,2,116,,Active,,,https://www.redfin.com/OK/Tulsa/4939-N-Trenton-Ave-74126/home/74253884,"MLS Technology, Inc.",2532612,N,Y,36.2261729,-95.9675683
MLS Listing,,Single Family Residential,11209 S Harvard Pl,Tulsa,OK,74137,699999,5,4.5,Waterstone,4828,14966,2004,2,145,137,Active,,,https://www.redfin.com/OK/Tulsa/11209-S-Harvard-Pl-74137/home/74268094,"MLS Technology, Inc.",2532542,N,Y,36.0014715,-95.939282
MLS Listing,,Single Family Residential,448 S Quebec Ave,Tulsa,OK,74112,333000,3,2.0,UNIVERSITY PLACE,1472,6600,2024,2,226,,Active,August-3-2025 01:00 PM,August-3-2025 03:00 PM,https://www.redfin.com/OK/Tulsa/448-S-Quebec-Ave-74112/home/74255941,"MLS Technology, Inc.",2507542,N,Y,36.1533882,-95.9307213
MLS Listing,,Single Family Residential,6996 E 19th St S,Tulsa,OK,74112,185000,3,1.5,Leisure Lanes,1196,7872,1962,2,155,,Active,,,https://www.redfin.com/OK/Tulsa/6996-E-19th-St-74112/home/74311238,"MLS Technology, Inc.",2532613,N,Y,36.137314,-95.8964797
MLS Listing,,Single Family Residential,11938 Canton Ave,Tulsa,OK,74137,880000,4,3.5,Hunters Hills,5102,28730,1994,2,172,80,Active,,,https://www.redfin.com/OK/Tulsa/11938-S-Canton-Ave-74137/home/74421342,"MLS Technology, Inc.",2532218,N,Y,35.9895511,-95.9187563
MLS Listing,,Single Family Residential,4722 S Hudson Ave,Tulsa,OK,74135,370000,4,3.5,Park Plaza IV,2500,13600,1964,2,148,,Active,,,https://www.redfin.com/OK/Tulsa/4722-S-Hudson-Pl-74135/home/74325741,"MLS Technology, Inc.",2532599,N,Y,36.0942165,-95.9129972
MLS Listing,,Single Family Residential,12924 E 34th St,Tulsa,OK,74134,225000,3,2.0,Briarglen Park,1440,7245,1975,2,156,,Active,,,https://www.redfin.com/OK/Tulsa/12924-E-34th-St-74134/home/74389904,"MLS Technology, Inc.",2532593,N,Y,36.1140964,-95.8320639
MLS Listing,,Single Family Residential,6609 E 133rd St S,Bixby,OK,74008,924999,5,4.5,Rivers Edge,4668,11120,2018,2,198,121,Active,August-3-2025 02:00 PM,August-3-2025 03:00 PM,https://www.redfin.com/OK/Bixby/6609-E-133rd-St-S-74008/home/74221017,"MLS Technology, Inc.",2532167,N,Y,35.9718607,-95.9021042
MLS Listing,,Single Family Residential,12607 E 18th Pl,Tulsa,OK,74128,159000,3,1.5,Stacey Lynn III amd,934,7480,1967,2,170,,Active,,,https://www.redfin.com/OK/Tulsa/12607-E-18th-Pl-74128/home/74340159,"MLS Technology, Inc.",2532552,N,Y,36.1367023,-95.8352131
MLS Listing,,Single Family Residential,8286 E 33rd St,Tulsa,OK,74145,259990,3,2.0,Longview Acres,1955,10140,1963,2,133,,Active,August-3-2025 03:00 PM,August-3-2025 04:00 PM,https://www.redfin.com/OK/Tulsa/8286-E-33rd-St-74145/home/74312851,"MLS Technology, Inc.",2532203,N,Y,36.1146888,-95.8818273
MLS Listing,,Single Family Residential,4618 S 93rd EastAvenue,Tulsa,OK,74145,162500,3,1.5,Regency Park,1206,7475,1970,2,135,6,Active,,,https://www.redfin.com/OK/Tulsa/4618-S-93rd-East-Ave-74145/home/74394724,"MLS Technology, Inc.",2531185,N,Y,36.0948867,-95.8726086
MLS Listing,,Single Family Residential,8242 S Sandusky Ave,Tulsa,OK,74137,368900,4,2.5,Brookwood,2547,10920,1975,2,145,,Active,,,https://www.redfin.com/OK/Tulsa/8242-S-Sandusky-Ave-74137/home/74249636,"MLS Technology, Inc.",2532568,N,Y,36.043422,-95.9282776
MLS Listing,,Single Family Residential,8507 E 78th St,Tulsa,OK,74133,299000,3,2.5,WOODLAND MEADOWS,2158,9605,1980,2,139,,Active,August-3-2025 02:00 PM,August-3-2025 04:00 PM,https://www.redfin.com/OK/Tulsa/8507-E-78th-St-74133/home/74398990,"MLS Technology, Inc.",2532239,N,Y,36.0516567,-95.8811511
MLS Listing,,Single Family Residential,5146 S Madison Ave,Tulsa,OK,74105,185000,3,1.5,Riverview Village III,1257,7560,1956,2,147,,Active,August-3-2025 02:00 PM,August-3-2025 04:00 PM,https://www.redfin.com/OK/Tulsa/5146-S-Madison-Ave-74105/home/74331939,"MLS Technology, Inc.",2532555,N,Y,36.0880278,-95.9799859
MLS Listing,,Single Family Residential,1313 E 51st Pl,Tulsa,OK,74126,175000,4,2.0,Northridge Add,1338,6969,1960,2,131,,Active,,,https://www.redfin.com/OK/Tulsa/1313-E-51st-Pl-N-74126/home/74322765,"MLS Technology, Inc.",2532354,N,Y,36.229199,-95.9747604
MLS Listing,,Single Family Residential,17246 E 45th Pl,Tulsa,OK,74134,615000,4,4.0,Sunset Hills,4063,10274,2017,2,151,63,Active,,,https://www.redfin.com/OK/Tulsa/17246-E-45th-Pl-74134/home/92189167,"MLS Technology, Inc.",2531719,N,Y,36.0974077,-95.7851306
MLS Listing,,Single Family Residential,3519 E 4th St,Tulsa,OK,74112,150000,2,1.0,UNIVERSITY HEIGHTS ADDN,923,7000,1938,2,163,,Active,,,https://www.redfin.com/OK/Tulsa/3519-E-4th-St-74112/home/74221319,"MLS Technology, Inc.",2532207,N,Y,36.1563613,-95.9369845
MLS Listing,,Condo/Co-op,1120 S 110 Ave E Unit 12-2C,Tulsa,OK,74128,120000,3,1.5,Oakbrook Village Townhomes (Condo)-Oakbrook Village,1177,,1973,2,102,430,Active,,,https://www.redfin.com/OK/Tulsa/1120-S-110th-East-Ave-74128/unit-12-2C/home/196694319,"MLS Technology, Inc.",2532549,N,Y,36.145753,-95.854407
MLS Listing,,Single Family Residential,5521 E 121st Pl S,Bixby,OK,74008,435000,3,2.5,The Estates at the River,2240,10415,2019,2,194,42,Active,,,https://www.redfin.com/OK/Bixby/5521-E-121st-Pl-S-74008/home/143359289,"MLS Technology, Inc.",2532535,N,Y,35.987924,-95.9144489
MLS Listing,,Single Family Residential,6436 S 88th EastAvenue,Tulsa,OK,74133,269900,3,2.0,Burning Tree,2070,9307,1977,2,130,25,Active,,,https://www.redfin.com/OK/Tulsa/6436-S-88th-East-Ave-74133/home/74390202,"MLS Technology, Inc.",2532525,N,Y,36.069007,-95.8796171
MLS Listing,,Single Family Residential,1140 E 16th St,Tulsa,OK,74120,480000,2,2.0,Morningside addn,1868,5488,1918,3,257,,Active,August-2-2025 02:00 PM,August-2-2025 03:30 PM,https://www.redfin.com/OK/Tulsa/1140-E-16th-St-74120/home/74239755,"MLS Technology, Inc.",2531987,N,Y,36.1387364,-95.9775104
MLS Listing,,Single Family Residential,11223 S Oxford Ave,Tulsa,OK,74137,439900,4,2.5,WOODFIELD,2916,10500,1992,3,151,25,Active,August-3-2025 02:00 PM,August-3-2025 04:00 PM,https://www.redfin.com/OK/Tulsa/11223-S-Oxford-Ave-74137/home/74387898,"MLS Technology, Inc.",2532058,N,Y,36.0009123,-95.9047568
MLS Listing,,Single Family Residential,1226 N Oswego Ave,Tulsa,OK,74115,150000,2,1.0,Chambers addn,720,7695,1950,3,208,,Active,,,https://www.redfin.com/OK/Tulsa/1226-N-Oswego-Ave-74115/home/74292982,"MLS Technology, Inc.",2532516,N,Y,36.1728473,-95.932149
MLS Listing,,Single Family Residential,5915 E 5 Th St,Tulsa,OK,74112,248000,3,2.0,Glenhaven amd,1812,27000,1950,3,137,,Active,,,https://www.redfin.com/OK/Tulsa/5915-E-5th-St-74112/home/74303798,"MLS Technology, Inc.",2532192,N,Y,36.1542507,-95.9104262
MLS Listing,,Single Family Residential,5533 N Utica Ave N,Tulsa,OK,74130,240000,4,2.0,Grimes Heights I,1535,24396,1945,3,156,,Active,,,https://www.redfin.com/OK/Tulsa/5533-N-Utica-Ave-74130/home/74305099,"MLS Technology, Inc.",2532423,N,Y,36.234206,-95.9670138
MLS Listing,,Townhouse,517 N Irvington Ave,Tulsa,OK,74115,275000,3,2.0,Fairland addn,2068,11125,2008,3,133,,Active,,,https://www.redfin.com/OK/Tulsa/517-N-Irvington-Ave-74115/home/113266317,"MLS Technology, Inc.",2532053,N,Y,36.1643962,-95.9120129
MLS Listing,,Townhouse,523 N Irvington Ave,Tulsa,OK,74115,295000,3,2.0,Fairland addn,2068,11125,2008,3,143,,Active,,,https://www.redfin.com/OK/Tulsa/523-N-Irvington-Ave-74115/home/113266290,"MLS Technology, Inc.",2532056,N,Y,36.1646297,-95.9118777
MLS Listing,,Single Family Residential,3310 E 23rd St,Tulsa,OK,74114,220000,2,1.0,Jefferson Hills addn,1132,9490,1942,3,194,,Active,,,https://www.redfin.com/OK/Tulsa/3310-E-23rd-St-74114/home/74309237,"MLS Technology, Inc.",2532348,N,Y,36.1299023,-95.9397494
MLS Listing,,Single Family Residential,10745 E 29th St,Tulsa,OK,74129,246000,4,2.0,VALLEY GLEN II,1815,11984,1971,3,136,,Active,,,https://www.redfin.com/OK/Tulsa/10745-E-29th-St-74129/home/74235309,"MLS Technology, Inc.",2532398,N,Y,36.1227514,-95.8556122
MLS Listing,,Single Family Residential,2441 E 31st St,Tulsa,OK,74105,1499900,5,5.5,South Lewis Park,5118,18500,1937,3,293,,Active,,,https://www.redfin.com/OK/Tulsa/2441-E-31st-St-74105/home/74338195,"MLS Technology, Inc.",2532462,N,Y,36.1191058,-95.9563915
MLS Listing,,Single Family Residential,2103 W F Ct,Jenks,OK,74037,320000,3,2.0,South Lakes Villas,1906,7500,2003,3,168,25,Active,August-3-2025 02:00 PM,August-3-2025 04:00 PM,https://www.redfin.com/OK/Jenks/2103-W-F-Ct-74037/home/74266986,"MLS Technology, Inc.",2531867,N,Y,36.0285269,-95.996499
MLS Listing,,Condo/Co-op,6732 S Lewis Ave #306,Tulsa,OK,74136,55000,2,2.0,Southern Cross Addition B1,1014,,1973,3,54,302,Active,,,https://www.redfin.com/OK/Tulsa/6732-S-Lewis-Ave-74136/unit-306/home/74338270,"MLS Technology, Inc.",2532436,N,Y,36.0646646,-95.9586213
MLS Listing,,Single Family Residential,5006 S 164th East Ave,Tulsa,OK,74134,391500,4,3.0,Trinity Creek,2890,8302,2006,3,135,65,Active,,,https://www.redfin.com/OK/Tulsa/5006-S-164th-East-Ave-74134/home/74270926,"MLS Technology, Inc.",2532319,N,Y,36.0911544,-95.7948297
MLS Listing,,Condo/Co-op,6363 S 80th EastAvenue,Tulsa,OK,74133,99900,2,2.0,SHADOW MOUNTAIN,998,998,1982,3,100,116,Active,,,https://www.redfin.com/OK/Tulsa/6363-S-80th-E-Ave-74133/home/183380574,"MLS Technology, Inc.",2532307,N,Y,36.0705054,-95.8870406
MLS Listing,,Single Family Residential,4338 N Iroquois Ave,Tulsa,OK,74106,134900,3,1.0,Suburban Acres amd,912,7946,1953,3,148,,Active,,,https://www.redfin.com/OK/Tulsa/4338-N-Iroquois-Ave-74106/home/74213642,"MLS Technology, Inc.",2532409,N,Y,36.2178454,-95.9835812
MLS Listing,,Single Family Residential,7208 W 61st St,Tulsa,OK,74131,125000,2,1.0,Taneha,1256,,1969,3,100,,Active,August-3-2025 02:00 PM,August-3-2025 04:00 PM,https://www.redfin.com/OK/Tulsa/7208-W-61st-St-74131/home/78746404,"MLS Technology, Inc.",2531933,N,Y,36.075262,-96.0736534
MLS Listing,,Vacant Land,7599 S 49th WestAvenue,Tulsa,OK,74131,350000,,,Creek Co Unplatted,,105415,,3,,,Active,,,https://www.redfin.com/OK/Tulsa/7599-S-49th-West-Ave-74131/home/196683058,"MLS Technology, Inc.",2532399,N,Y,36.0535376,-96.0473631
MLS Listing,,Condo/Co-op,1808 E 66th Pl Unit D 202,Tulsa,OK,74136,39900,1,1.0,Collegiate Square,762,,1984,3,52,222,Active,,,https://www.redfin.com/OK/Tulsa/1808-E-66th-Pl-74136/unit-D202/home/82766918,"MLS Technology, Inc.",2530846,N,Y,36.0673543,-95.9635028
MLS Listing,,Single Family Residential,1605 S 92nd EastAvenue,Tulsa,OK,74112,229000,3,2.0,Tracy Terrace II resub,1674,10920,1978,3,137,,Active,,,https://www.redfin.com/OK/Tulsa/1605-S-92nd-East-Ave-74112/home/74213392,"MLS Technology, Inc.",2532386,N,Y,36.1387038,-95.8746884
MLS Listing,,Single Family Residential,8344 S 98th EastAvenue,Tulsa,OK,74133,442500,5,3.0,South Towne Square,3481,8400,2000,3,127,23,Active,,,https://www.redfin.com/OK/Tulsa/8344-S-98th-East-Ave-74133/home/74396016,"MLS Technology, Inc.",2532379,N,Y,36.041606,-95.8681287
MLS Listing,,Single Family Residential,7152 S 73rd EastAvenue,Tulsa,OK,74133,274500,4,2.5,Quail Creek B1-3,2369,9030,1971,3,116,,Active,,,https://www.redfin.com/OK/Tulsa/7152-S-73rd-East-Ave-74133/home/74212854,"MLS Technology, Inc.",2532371,N,Y,36.0590938,-95.8952833
MLS Listing,,Single Family Residential,9407 E 39th St,Tulsa,OK,74145,209900,3,2.5,Briarwood II addn,1900,8436,1963,3,110,4,Active,,,https://www.redfin.com/OK/Tulsa/9407-E-39th-St-74145/home/74290562,"MLS Technology, Inc.",2532363,N,Y,36.1076183,-95.8709697
MLS Listing,,Vacant Land,2708 N Darlington Ave,Tulsa,OK,74115,395000,,,Gilcrease Freeway Industrial Park,,629836,,3,,,Active,,,https://www.redfin.com/OK/Tulsa/2708-N-Darlington-Ave-74115/home/191811335,"MLS Technology, Inc.",2532365,N,Y,36.1935032,-95.918708
MLS Listing,,Vacant Land,5608 N Garrison Ave,Tulsa,OK,74126,21000,,,Suburban Hills,,12860,,3,,,Active,,,https://www.redfin.com/OK/Tulsa/5608-N-Garrison-Ave-74126/home/188186187,"MLS Technology, Inc.",2532359,N,Y,36.2355288,-95.987295
MLS Listing,,Single Family Residential,6709 E 26th Ct,Tulsa,OK,74129,254000,3,2.0,Boman Acres III amd,1337,7590,1951,3,190,,Active,,,https://www.redfin.com/OK/Tulsa/6709-E-26th-Ct-74129/home/74288900,"MLS Technology, Inc.",2532334,N,Y,36.1252005,-95.8990897
MLS Listing,,Single Family Residential,423 S 43rd Ave W,Tulsa,OK,74127,158000,3,2.0,VERNDALE,1232,6650,1930,3,128,,Active,,,https://www.redfin.com/OK/Tulsa/423-S-43rd-West-Ave-74127/home/74214231,"MLS Technology, Inc.",2532315,N,Y,36.1508531,-96.0402715
MLS Listing,,Single Family Residential,713 S Maplewood Ave,Tulsa,OK,74112,179500,3,1.0,Glenhaven & Glenhaven amd resub,1092,8832,1948,3,164,,Active,,,https://www.redfin.com/OK/Tulsa/713-S-Maplewood-Ave-74112/home/74237738,"MLS Technology, Inc.",2532160,N,Y,36.1501751,-95.9076554
MLS Listing,,Single Family Residential,425 S 45th West Ave,Tulsa,OK,74127,115000,3,2.0,VERNDALE,1002,6650,1946,3,115,,Active,,,https://www.redfin.com/OK/Tulsa/425-S-45th-West-Ave-74127/home/74348723,"MLS Technology, Inc.",2531221,N,Y,36.1507108,-96.0424295
MLS Listing,,Single Family Residential,7453 E 30th St,Tulsa,OK,74129,245000,3,1.5,Boman Acres IV addn,1561,7440,1956,3,157,,Active,,,https://www.redfin.com/OK/Tulsa/7453-E-30th-St-74129/home/74289062,"MLS Technology, Inc.",2532273,N,Y,36.1209635,-95.8927981
MLS Listing,,Single Family Residential,2823 S Hudson Ave,Tulsa,OK,74114,215000,3,2.0,Grandview Manor addn,1330,8064,1956,3,162,,Active,August-3-2025 02:00 PM,August-3-2025 04:00 PM,https://www.redfin.com/OK/Tulsa/2823-S-Hudson-Ave-74114/home/74304378,"MLS Technology, Inc.",2532093,N,Y,36.1215231,-95.9137586
MLS Listing,,Condo/Co-op,4338 E 67th St #690,Tulsa,OK,74136,899999,1,1.0,Willow Creek resub Livingston Park,784,,1970,4,1148,321,Active,,,https://www.redfin.com/OK/Tulsa/4338-E-67th-St-74136/unit-690/home/74387551,"MLS Technology, Inc.",2531907,N,Y,36.0664753,-95.9286301
MLS Listing,,Condo/Co-op,4342 E 67th St #694,Tulsa,OK,74136,899999,1,1.0,Willow Creek resub Livingston Park,784,,1970,4,1148,321,Active,,,https://www.redfin.com/OK/Tulsa/4342-E-67th-St-74136/unit-694/home/74387570,"MLS Technology, Inc.",2531912,N,Y,36.065945,-95.929392
MLS Listing,,Single Family Residential,14703 E 39th St S,Tulsa,OK,74134,285000,3,2.0,Crossing/Battle Crk V,1459,7061,2023,4,195,23,Active,,,https://www.redfin.com/OK/Tulsa/14703-E-39th-St-S-74134/home/187121898,"MLS Technology, Inc.",2532047,N,Y,36.1079285,-95.8128453
MLS Listing,,Condo/Co-op,4336 E 67th St #689,Tulsa,OK,74136,899999,1,1.0,Willow Creek Condos III,784,,1970,4,1148,321,Active,,,https://www.redfin.com/OK/Tulsa/4336-E-67th-St-74136/unit-689/home/189776189,"MLS Technology, Inc.",2531774,N,Y,36.065945,-95.929392
MLS Listing,,Condo/Co-op,4328 E 67th St #680,Tulsa,OK,74136,899999,2,1.5,Willow Creek Condos III,910,,1970,4,989,392,Active,,,https://www.redfin.com/OK/Tulsa/4328-E-67th-St-74136/unit-680/home/74387629,"MLS Technology, Inc.",2531770,N,Y,36.065945,-95.929392
MLS Listing,,Condo/Co-op,4894 E 68th St #147,Tulsa,OK,74136,899999,2,2.0,Willow Creek resub Livingston Park,1025,,1970,4,878,523,Active,,,https://www.redfin.com/OK/Tulsa/4894-E-68th-St-74136/unit-147/home/189780176,"MLS Technology, Inc.",2531759,N,Y,36.0650718,-95.9226169
MLS Listing,,Condo/Co-op,4624 E 68th St #114,Tulsa,OK,74136,899999,2,1.5,Willow Creek Condos I,1132,5227,1970,4,795,523,Active,,,https://www.redfin.com/OK/Tulsa/4624-E-68th-St-74136/unit-114/home/171839531,"MLS Technology, Inc.",2531752,N,Y,36.0656888,-95.9249153
MLS Listing,,Condo/Co-op,4333 E 68th St Unit C2-604,Tulsa,OK,74136,899999,2,2.0,Willow Creek Condos III,1076,,1970,4,836,454,Active,,,https://www.redfin.com/OK/Tulsa/4333-E-68th-St-74136/unit-C2-604/home/82759274,"MLS Technology, Inc.",2531749,N,Y,36.065945,-95.929392
MLS Listing,,Condo/Co-op,4326 E 67th St #679,Tulsa,OK,74136,899999,2,2.5,Willow Creek Estates,1156,,1970,4,779,501,Active,,,https://www.redfin.com/OK/Tulsa/4326-E-67th-St-74136/unit-679/home/196667010,"MLS Technology, Inc.",2531916,N,Y,36.065945,-95.929392
MLS Listing,,Condo/Co-op,2207 E 67th St #2106,Tulsa,OK,74136,899999,2,2.5,Royal Oaks Townhomes Condos-Southern Cross,1114,,1977,4,808,323,Active,,,https://www.redfin.com/OK/Tulsa/2207-E-67th-St-74136/unit-2106/home/82752357,"MLS Technology, Inc.",2531370,N,Y,36.0659571,-95.9600482
MLS Listing,,Condo/Co-op,4304 E 67th St S #558,Tulsa,OK,74136,899999,2,2.0,Willow Creek Condos III,1156,,1970,4,779,501,Active,,,https://www.redfin.com/OK/Tulsa/4304-E-67th-St-74136/unit-558/home/189775138,"MLS Technology, Inc.",2531378,N,Y,36.0665727,-95.930277
MLS Listing,,Condo/Co-op,6140 S Madison Pl Unit A,Tulsa,OK,74136,899999,2,1.5,Towne Park,954,,1968,4,943,220,Active,,,https://www.redfin.com/OK/Tulsa/6140-S-Madison-Pl-E-74136/unit-A/home/189781967,"MLS Technology, Inc.",2531374,N,Y,36.0738325,-95.9798881
MLS Listing,,Condo/Co-op,6144 S Madison Pl Pl Unit C,Tulsa,OK,74136,899999,2,1.5,MADISON PLACE TOWNHOMES,951,,1968,4,946,220,Active,,,https://www.redfin.com/OK/Tulsa/6144-S-Madison-Pl-E-74136/unit-C/home/189783942,"MLS Technology, Inc.",2531903,N,Y,36.0736924,-95.9799114
MLS Listing,,Condo/Co-op,6156 S Madison Pl Unit B,Tulsa,OK,74136,899999,2,1.5,Towne Park,954,,1968,4,943,430,Active,,,https://www.redfin.com/OK/Tulsa/6156-Madison-S-Unknown/unit-B/home/189777852,"MLS Technology, Inc.",2531939,N,Y,36.073295,-95.979974
MLS Listing,,Single Family Residential,1236 S Quebec Ave,Tulsa,OK,74112,225000,2,1.0,Beverly Hill,1170,7000,1935,4,192,,Active,,,https://www.redfin.com/OK/Tulsa/1236-S-Quebec-Ave-74112/home/74287860,"MLS Technology, Inc.",2532072,N,Y,36.1447551,-95.9305992
MLS Listing,,Condo/Co-op,4670 E 68th St #273,Tulsa,OK,74136,899999,1,1.0,Willow Creek Condos I,696,,1970,4,1293,368,Active,,,https://www.redfin.com/OK/Tulsa/4670-E-68th-St-74136/unit-273/home/74388224,"MLS Technology, Inc.",2531350,N,Y,36.0656885,-95.924762
MLS Listing,,Condo/Co-op,4670 E 68th St #173,Tulsa,OK,74136,899999,1,1.0,Willow Creek resub Livingston Park,696,,1970,4,1293,368,Active,,,https://www.redfin.com/OK/Tulsa/4670-E-68th-St-74136/unit-173/home/74388223,"MLS Technology, Inc.",2531364,N,Y,36.0656885,-95.924762
MLS Listing,,Single Family Residential,2511 N Boston Ave,Tulsa,OK,74106,180000,3,1.5,Reservoir Hill addn,1454,7150,1930,4,124,,Active,,,https://www.redfin.com/OK/Tulsa/2511-N-Boston-Ave-74106/home/74240228,"MLS Technology, Inc.",2531686,N,Y,36.1900532,-95.9954852
MLS Listing,,Single Family Residential,6221 S 89th EastAvenue,Tulsa,OK,74133,265000,3,2.0,Burning Tree East,2057,10480,1979,4,129,25,Active,,,https://www.redfin.com/OK/Tulsa/6221-S-89th-East-Ave-74133/home/74389975,"MLS Technology, Inc.",2531792,N,Y,36.072113,-95.877701
MLS Listing,,Condo/Co-op,6737 S Peoria Ave Unit C 208,Tulsa,OK,74136,84900,2,2.0,Sans Souci resub Riverglenn amd,1068,,1982,4,79,416,Active,,,https://www.redfin.com/OK/Tulsa/6737-S-Peoria-Ave-74136/unit-C208/home/74334495,"MLS Technology, Inc.",2532242,N,Y,36.0652512,-95.9750084
MLS Listing,,Single Family Residential,12009 S Sandusky Ave,Tulsa,OK,74137,495000,5,3.5,Wind River,3790,7995,2006,4,131,107,Active,,,https://www.redfin.com/OK/Tulsa/12009-S-Sandusky-Ave-74137/home/74272428,"MLS Technology, Inc.",2532225,N,Y,35.9892348,-95.9269318
MLS Listing,,Vacant Land,2435 W Omaha St,Broken Arrow,OK,74012,600000,,,Tulsa Co Unplatted,,75855,,4,,,Active,,,https://www.redfin.com/OK/Broken-Arrow/2435-W-Omaha-St-74012/home/74248277,"MLS Technology, Inc.",2532206,N,Y,36.0894702,-95.8192683
MLS Listing,,Single Family Residential,3009 N 24th WestAvenue,Tulsa,OK,74127,283000,3,2.0,Cross Timbers at Northwest Passage,1575,7500,2022,4,180,22,Active,,,https://www.redfin.com/OK/Tulsa/3009-N-24th-West-Ave-74127/home/92221441,"MLS Technology, Inc.",2532157,N,Y,36.1909759,-96.0188137
MLS Listing,,Single Family Residential,8129 S 74th East Ave,Tulsa,OK,74133,286000,4,2.5,Southfield Estates,2293,10200,1977,4,125,,Active,,,https://www.redfin.com/OK/Tulsa/8129-S-74th-East-Ave-74133/home/74259657,"MLS Technology, Inc.",2529382,N,Y,36.0451372,-95.893598
MLS Listing,,Single Family Residential,5414 E 109th Pl,Tulsa,OK,74137,699900,4,3.5,Southern Woods Estates,4201,10164,1994,4,167,18,Active,,,https://www.redfin.com/OK/Tulsa/5414-E-109th-Pl-74137/home/74385057,"MLS Technology, Inc.",2529596,N,Y,36.0049515,-95.9161625
MLS Listing,,Single Family Residential,1107 N Main St,Tulsa,OK,74106,299847,3,2.0,Burgess Hill addn,1402,5850,2025,4,214,,Active,,,https://www.redfin.com/OK/Tulsa/1107-N-Main-St-74106/home/74208504,"MLS Technology, Inc.",2532193,N,Y,36.169098,-95.996521
MLS Listing,,Condo/Co-op,410 W 7th St #2025,Tulsa,OK,74119,147000,1,1.0,Central Park Condos-Lindsey I,720,,1970,4,204,784,Active,,,https://www.redfin.com/OK/Tulsa/410-W-7th-St-74119/unit-2025/home/74312491,"MLS Technology, Inc.",2532190,N,Y,36.1476651,-95.9941134
MLS Listing,,Single Family Residential,1101 N Main St,Tulsa,OK,74106,304736,3,2.0,Burgess Hill addn,1402,5850,2025,4,217,,Active,,,https://www.redfin.com/OK/Tulsa/1101-N-Main-St-74106/home/195560454,"MLS Technology, Inc.",2532188,N,Y,36.1688344,-95.9968297
MLS Listing,,Single Family Residential,3518 S New Haven Ave,Tulsa,OK,74135,275000,3,3.0,Eisenhower addn ext resub Albert Pike,1772,8280,1952,4,155,,Active,August-3-2025 02:00 PM,August-3-2025 03:00 PM,https://www.redfin.com/OK/Tulsa/3518-S-New-Haven-Ave-74135/home/74300265,"MLS Technology, Inc.",2532123,N,Y,36.1127383,-95.9338091
MLS Listing,,Single Family Residential,1104 N Boston Ave E,Tulsa,OK,74106,309932,3,2.0,Burgess Hill addn,1402,5850,2025,4,221,,Active,,,https://www.redfin.com/OK/Tulsa/1104-N-Boston-Ave-74106/home/195560450,"MLS Technology, Inc.",2532182,N,Y,36.1689707,-95.996046
MLS Listing,,Single Family Residential,2210 E 66th Pl,Tulsa,OK,74136,47000,1,1.0,Southern Cross Addition B1,800,,1977,4,59,260,Active,,,https://www.redfin.com/OK/Tulsa/2210-E-66th-Pl-74136/home/196644842,"MLS Technology, Inc.",2532177,N,Y,36.0668303,-95.9595146
MLS Listing,,Single Family Residential,12802 E 31st Ct,Tulsa,OK,74146,179900,4,2.0,Briarglen Meadows,1629,8023,1974,4,110,,Active,,,https://www.redfin.com/OK/Tulsa/12802-E-31st-Ct-74146/home/74389736,"MLS Technology, Inc.",2531618,N,Y,36.1172756,-95.8342833
MLS Listing,,Single Family Residential,2810 S Joplin Ave,Tulsa,OK,74114,213800,3,1.5,Boman Acres I,1397,7442,1955,4,153,,Active,,,https://www.redfin.com/OK/Tulsa/2810-S-Joplin-Ave-74114/home/74208187,"MLS Technology, Inc.",2531622,N,Y,36.1218654,-95.9093261
MLS Listing,,Single Family Residential,5820 E 23rd St,Tulsa,OK,74114,229900,3,2.0,Mary Frances addn,1360,8880,1955,5,169,,Active,,,https://www.redfin.com/OK/Tulsa/5820-E-23rd-St-74114/home/74225100,"MLS Technology, Inc.",2532117,N,Y,36.1296697,-95.9094447
MLS Listing,,Single Family Residential,3607 S 118th East Ave,Tulsa,OK,74146,210000,3,2.0,Garnett Park addn,1026,7006,1972,5,205,,Active,,,https://www.redfin.com/OK/Tulsa/3607-S-118th-East-Ave-74146/home/74231620,"MLS Technology, Inc.",2532109,N,Y,36.1108774,-95.8463196
MLS Listing,,Condo/Co-op,611 W 15th St Unit E3,Tulsa,OK,74127,219900,2,1.0,Childers Heights addn,1055,,1950,5,208,430,Active,,,https://www.redfin.com/OK/Tulsa/611-W-15th-St-74127/unit-E3/home/74294156,"MLS Technology, Inc.",2532104,N,Y,36.1412228,-95.996465
MLS Listing,,Single Family Residential,7920 S 87th East Ave,Tulsa,OK,74133,200000,3,3.0,Woodland Meadows,3306,9296,1984,5,60,,Active,,,https://www.redfin.com/OK/Tulsa/7920-S-87th-East-Ave-74133/home/74399248,"MLS Technology, Inc.",2531931,N,Y,36.0482881,-95.8791334
MLS Listing,,Single Family Residential,10717 S Richmond Pl,Tulsa,OK,74137,397900,4,2.0,Shady Oaks Estates,2065,18476,1976,6,193,,Active,,,https://www.redfin.com/OK/Tulsa/10717-S-Richmond-Pl-74137/home/74383815,"MLS Technology, Inc.",2532092,N,Y,36.0072411,-95.9282089
MLS Listing,,Single Family Residential,17 S 204th Ave E,Tulsa,OK,74108,175000,3,1.0,Rolling Hills,1421,7690,1960,6,123,,Active,,,https://www.redfin.com/OK/Tulsa/17-S-204th-East-Ave-74108/home/88360765,"MLS Technology, Inc.",2532094,N,Y,36.1596427,-95.749348
MLS Listing,,Single Family Residential,3856 S 99th EastAvenue,Tulsa,OK,74146,315000,5,2.5,Millwood Estates,2501,9600,1976,6,126,,Active,,,https://www.redfin.com/OK/Tulsa/3856-S-99th-East-Ave-74146/home/74217845,"MLS Technology, Inc.",2532085,N,Y,36.1062842,-95.8673344
MLS Listing,,Single Family Residential,5353 W 2nd St,Tulsa,OK,74127,130000,3,2.0,Mayfair II addn amd,1488,9438,1952,6,87,,Active,,,https://www.redfin.com/OK/Tulsa/5353-W-2nd-St-74127/home/74242965,"MLS Technology, Inc.",2528961,N,Y,36.1537843,-96.0543989
MLS Listing,,Single Family Residential,3425 S Zunis Ave,Tulsa,OK,74105,675000,3,2.0,Oaknoll ext,2350,15900,1950,6,287,,Active,,,https://www.redfin.com/OK/Tulsa/3425-S-Zunis-Ave-74105/home/74239844,"MLS Technology, Inc.",2532054,N,Y,36.1138521,-95.9611953
MLS Listing,,Single Family Residential,4142 S 37th West Ave,Tulsa,OK,74107,175000,3,1.0,Robison addn,1073,6786,1953,6,163,,Active,,,https://www.redfin.com/OK/Tulsa/4142-S-37th-West-Ave-74107/home/74332334,"MLS Technology, Inc.",2532055,N,Y,36.1029059,-96.0341935
MLS Listing,,Single Family Residential,5912 E 50th St,Tulsa,OK,74135,324900,3,2.5,Park Plaza IV,2232,11520,1964,6,146,,Active,,,https://www.redfin.com/OK/Tulsa/5912-E-50th-St-74135/home/74325828,"MLS Technology, Inc.",2531766,N,Y,36.091164,-95.9088069
MLS Listing,,Single Family Residential,4829 S Zunis Ave,Tulsa,OK,74105,625000,3,3.5,Bolewood Place,3368,8056,1999,6,186,133,Active,,,https://www.redfin.com/OK/Tulsa/4829-S-Zunis-Ave-74105/home/74288389,"MLS Technology, Inc.",2532005,N,Y,36.0923467,-95.9601572
MLS Listing,,Single Family Residential,6752 E 28th St,Tulsa,OK,74129,199500,3,1.5,Boman Acres III amd,1541,9184,1955,6,129,,Active,,,https://www.redfin.com/OK/Tulsa/6752-E-28th-St-74129/home/74250749,"MLS Technology, Inc.",2531490,N,Y,36.1225459,-95.8979751
MLS Listing,,Single Family Residential,9260 S 87th EastAvenue,Tulsa,OK,74133,315000,4,2.5,Oak Leaf II,2476,6527,1994,6,127,,Active,,,https://www.redfin.com/OK/Tulsa/9260-S-87th-East-Ave-74133/home/74382976,"MLS Technology, Inc.",2532030,N,Y,36.0367508,-95.8736045
MLS Listing,,Vacant Land,556 E Ute St,Tulsa,OK,74106,25000,,,Meadowbrook addn,,9000,,6,,,Active,,,https://www.redfin.com/OK/Tulsa/556-E-Ute-St-74106/home/74225288,"MLS Technology, Inc.",2532029,N,Y,36.182693,-95.98635
MLS Listing,,Townhouse,4822 S Quaker Ave,Tulsa,OK,74105,345000,2,2.5,Brighton Square amd,2241,2425,1982,7,154,250,Active,August-3-2025 02:00 PM,August-3-2025 04:00 PM,https://www.redfin.com/OK/Tulsa/4822-S-Quaker-Ave-74105/home/74290598,"MLS Technology, Inc.",2531851,N,Y,36.0945219,-95.9738251
MLS Listing,,Single Family Residential,2435 N Rockford Ave,Tulsa,OK,74106,219900,3,2.0,Carver Heights addn,1377,7400,2022,7,160,,Active,,,https://www.redfin.com/OK/Tulsa/2435-N-Rockford-Ave-74106/home/74250547,"MLS Technology, Inc.",2531762,N,Y,36.1891149,-95.9719787
MLS Listing,,Single Family Residential,6111 N Cheyenne Ave W,Tulsa,OK,74126,135000,3,1.0,Northgate III,912,7772,1968,7,148,,Active,,,https://www.redfin.com/OK/Tulsa/6111-N-Cheyenne-Ave-74126/home/74357471,"MLS Technology, Inc.",2530788,N,Y,36.2427172,-95.9975245
MLS Listing,,Single Family Residential,1136 S Evanston Ave,Tulsa,OK,74104,345000,4,2.5,Signal addn,2151,7458,1940,7,160,,Active,August-2-2025 12:00 PM,August-2-2025 02:00 PM,https://www.redfin.com/OK/Tulsa/1136-S-Evanston-Ave-74104/home/74337100,"MLS Technology, Inc.",2531652,N,Y,36.1464872,-95.9477109
MLS Listing,,Single Family Residential,4523 S Lewis Ave,Tulsa,OK,74105,485000,4,2.5,Barrows Orchard Acres,2136,19063,1965,7,227,,Active,,,https://www.redfin.com/OK/Tulsa/4523-S-Lewis-Ave-74105/home/74286739,"MLS Technology, Inc.",2531674,N,Y,36.0980958,-95.9576679
MLS Listing,,Single Family Residential,5724 E 65th Pl,Tulsa,OK,74136,320000,4,2.5,Hidden Valley Estate Resub L15-20 B2 & B3-5 Southmont Estate,2280,23987,1973,7,140,,Active,,,https://www.redfin.com/OK/Tulsa/5724-E-65th-Pl-74136/home/74305920,"MLS Technology, Inc.",2531949,N,Y,36.0687846,-95.9112765
MLS Listing,,Vacant Land,3916 N Pine Ave,Broken Arrow,OK,74012,105000,,,Magnolia Gardens at Battle Creek,,5750,,7,,66,Active,,,https://www.redfin.com/OK/Broken-Arrow/3916-N-Pine-Ave-74012/home/74430409,"MLS Technology, Inc.",2531919,N,Y,36.0910455,-95.8125792
MLS Listing,,Vacant Land,3905 N Pine Ave,Broken Arrow,OK,74012,105000,,,Magnolia Gardens at Battle Creek,,5571,,7,,66,Active,,,https://www.redfin.com/OK/Broken-Arrow/3905-N-Pine-Ave-74012/home/74430378,"MLS Technology, Inc.",2531896,N,Y,36.0911494,-95.8120623
MLS Listing,,Condo/Co-op,6516 S Memorial Dr Unit 23G,Tulsa,OK,74133,130000,2,2.0,Shadow Mountain Condo IV,1116,31609,1982,7,116,311,Active,,,https://www.redfin.com/OK/Tulsa/6516-S-Memorial-Dr-74133/unit-23G/home/74335091,"MLS Technology, Inc.",2530990,N,Y,36.0682892,-95.8875505
MLS Listing,,Single Family Residential,2620 E 74th St,Tulsa,OK,74136,549000,4,3.5,Ridgecrest resub,3933,14014,1980,7,140,2,Active,,,https://www.redfin.com/OK/Tulsa/2620-E-74th-St-74136/home/74383218,"MLS Technology, Inc.",2531734,N,Y,36.0569601,-95.9514371
MLS Listing,,Single Family Residential,5705 S 21st Pl,Tulsa,OK,74114,269000,3,1.5,Mary Frances addn,1315,8160,1955,7,205,,Active,,,https://www.redfin.com/OK/Tulsa/5705-E-21st-Pl-74114/home/74317640,"MLS Technology, Inc.",2531872,N,Y,36.1326246,-95.9127307
MLS Listing,,Single Family Residential,1231 S Winston Ave,Tulsa,OK,74112,275000,3,2.0,Franklin Heights,1459,7560,1950,7,188,,Active,,,https://www.redfin.com/OK/Tulsa/1231-S-Winston-Ave-74112/home/74302845,"MLS Technology, Inc.",2531876,N,Y,36.1448912,-95.9233672
MLS Listing,,Single Family Residential,3704 E 56th St,Tulsa,OK,74146,299000,3,2.0,Lou North Woodland Acres,1560,13000,1959,7,192,,Active,August-3-2025 02:00 PM,August-3-2025 03:00 PM,https://www.redfin.com/OK/Tulsa/3704-E-56th-St-74135/home/74314049,"MLS Technology, Inc.",2531711,N,Y,36.0834995,-95.9373159
MLS Listing,,Condo/Co-op,410 W 7th St #1521,Tulsa,OK,74119,99900,0,1.0,Lindsey I addn,500,,1970,7,200,615,Active,,,https://www.redfin.com/OK/Tulsa/410-W-7th-St-74119/unit-1521/home/189781198,"MLS Technology, Inc.",2531957,N,Y,36.1476749,-95.9941025
MLS Listing,,Single Family Residential,7107 E 21st St,Tulsa,OK,74129,285000,4,1.5,Leisure Lanes,1894,7416,1963,7,150,,Active,,,https://www.redfin.com/OK/Tulsa/7107-E-21st-St-74129/home/74311352,"MLS Technology, Inc.",2531930,N,Y,36.1337906,-95.8969661
MLS Listing,,Single Family Residential,5760 E 26th St,Tulsa,OK,74114,232000,3,2.0,Boman Acres I,1558,8618,1954,7,149,,Active,,,https://www.redfin.com/OK/Tulsa/5760-E-26th-St-74114/home/74288324,"MLS Technology, Inc.",2531937,N,Y,36.1255194,-95.9109621
MLS Listing,,Single Family Residential,2020 E 14th St,Tulsa,OK,74104,289700,3,2.0,Terrace Drive sub,1544,6500,1921,7,188,,Active,August-3-2025 02:00 PM,August-3-2025 04:00 PM,https://www.redfin.com/OK/Tulsa/2020-E-14th-St-74104/home/74343959,"MLS Technology, Inc.",2531904,N,Y,36.1421802,-95.9618422
MLS Listing,,Single Family Residential,4620 S 179th EastAvenue,Tulsa,OK,74134,305000,3,2.0,Stonegate,1731,8050,2010,7,176,34,Active,August-2-2025 02:00 PM,August-2-2025 04:00 PM,https://www.redfin.com/OK/Tulsa/4620-S-179th-East-Ave-74134/home/74277076,"MLS Technology, Inc.",2531785,N,Y,36.0959541,-95.7772488
MLS Listing,,Single Family Residential,5353 S 33rd WestAvenue,Tulsa,OK,74107,225000,2,2.0,Mountain Manor I,1406,14532,1960,7,160,,Active,,,https://www.redfin.com/OK/Tulsa/5353-S-33rd-West-Ave-74107/home/74321660,"MLS Technology, Inc.",2531918,N,Y,36.0840232,-96.0289893
MLS Listing,,Single Family Residential,7416 S 107th EastAvenue,Tulsa,OK,74133,351000,4,2.5,Hampton South II,2698,11824,1992,7,130,12,Active,August-3-2025 02:00 PM,August-3-2025 04:00 PM,https://www.redfin.com/OK/Tulsa/7416-S-107th-East-Ave-74133/home/74392555,"MLS Technology, Inc.",2531775,N,Y,36.0561615,-95.8577533
MLS Listing,,Single Family Residential,9113 E 66th St,Tulsa,OK,74133,275000,3,2.0,Burning Tree South,1999,9462,1978,7,138,27,Active,August-3-2025 02:00 PM,August-3-2025 04:00 PM,https://www.redfin.com/OK/Tulsa/9113-E-66th-St-74133/home/74389948,"MLS Technology, Inc.",2531806,N,Y,36.0680278,-95.8749779
MLS Listing,,Condo/Co-op,6376 S 80th EastAvenue Unit 41D,Tulsa,OK,74133,118000,2,1.5,Shadow Mountain Condo I,1205,3400,1982,7,98,396,Active,,,https://www.redfin.com/OK/Tulsa/6376-S-80th-East-Ave-74133/unit-41D/home/74335070,"MLS Technology, Inc.",2531901,N,Y,36.070105,-95.889384
MLS Listing,,Single Family Residential,103 E Young St,Tulsa,OK,74106,375000,3,2.5,Oak Cliff addn,2624,15000,1925,7,143,,Active,August-2-2025 01:00 PM,August-2-2025 03:00 PM,https://www.redfin.com/OK/Tulsa/103-E-Young-St-74106/home/74323438,"MLS Technology, Inc.",2531898,N,Y,36.1875626,-95.9956017
MLS Listing,,Single Family Residential,6310 S 72nd EastPlace,Tulsa,OK,74133,299000,4,2.0,Shadow Mountain Estates,2098,11340,1973,7,143,,Active,August-2-2025 02:00 PM,August-2-2025 04:00 PM,https://www.redfin.com/OK/Tulsa/6310-S-72nd-East-Pl-74133/home/74335646,"MLS Technology, Inc.",2531883,N,Y,36.0720835,-95.8960972
MLS Listing,,Single Family Residential,2209 E 31st Pl,Tulsa,OK,74110,280500,3,2.5,Beauty Rest addn,1524,14000,2025,7,184,,Active,,,https://www.redfin.com/OK/Tulsa/2209-E-31st-Pl-N-74110/home/74235990,"MLS Technology, Inc.",2531864,N,Y,36.20004,-95.960164
MLS Listing,,Single Family Residential,4223 S Madison Pl,Tulsa,OK,74105,299000,2,1.0,Alta Dena Place,1363,8400,1930,7,219,,Active,,,https://www.redfin.com/OK/Tulsa/4223-S-Madison-Pl-74105/home/74285682,"MLS Technology, Inc.",2531874,N,Y,36.101679,-95.9790165
MLS Listing,,Single Family Residential,12010 S Oswego Ave,Tulsa,OK,74137,565000,4,3.5,Wind River,3311,8125,2009,7,171,80,Active,,,https://www.redfin.com/OK/Tulsa/12010-S-Oswego-Ave-74137/home/74272434,"MLS Technology, Inc.",2531829,N,Y,35.9891643,-95.9288654
MLS Listing,,Single Family Residential,4317 E 5th St,Tulsa,OK,74112,220000,3,2.0,Clay-Lind Heights resub Nolan Heights,1611,8640,1945,7,137,,Active,August-2-2025 02:00 PM,August-2-2025 04:00 PM,https://www.redfin.com/OK/Tulsa/4317-E-5th-St-74112/home/74294465,"MLS Technology, Inc.",2531688,N,Y,36.1543252,-95.9284022
MLS Listing,,Single Family Residential,8573 E 32nd St,Tulsa,OK,74145,205000,3,2.0,Longview Acres,1584,10395,1960,7,129,,Active,,,https://www.redfin.com/OK/Tulsa/8573-E-32nd-St-74145/home/74210591,"MLS Technology, Inc.",2531858,N,Y,36.1172198,-95.8788837
MLS Listing,,Single Family Residential,3429 E 58th Pl,Tulsa,OK,74135,520000,3,3.5,Glenoak,3468,9384,1988,7,150,925,Active,,,https://www.redfin.com/OK/Tulsa/3429-E-58th-Pl-74135/home/74303834,"MLS Technology, Inc.",2531392,N,Y,36.0787755,-95.9374584
MLS Listing,,Single Family Residential,3904 E Young St,Tulsa,OK,74115,125000,3,1.0,Lynnwood addn,960,8060,1956,7,130,,Active,,,https://www.redfin.com/OK/Tulsa/3904-E-Young-St-74115/home/74315074,"MLS Technology, Inc.",2531101,N,Y,36.1881735,-95.9328886
MLS Listing,,Single Family Residential,11540 E 7th Pl,Tulsa,OK,74128,195000,3,1.5,Western Village IV,973,9242,1971,8,200,,Active,,,https://www.redfin.com/OK/Tulsa/11540-E-7th-Pl-74128/home/74242564,"MLS Technology, Inc.",2530201,N,Y,36.1520384,-95.8458311
MLS Listing,,Single Family Residential,3721 S 71st WestAvenue,Tulsa,OK,74107,300000,4,2.5,Rolling Oaks South II resub,2618,9449,1989,8,115,,Active,,,https://www.redfin.com/OK/Tulsa/3721-S-71st-West-Ave-74107/home/74421148,"MLS Technology, Inc.",2530885,N,Y,36.1093607,-96.071555
MLS Listing,,Single Family Residential,728 E Tecumseh St,Tulsa,OK,74106,475000,3,2.5,Pershing addn,3240,5552,2025,8,147,,Active,,,https://www.redfin.com/OK/Tulsa/728-E-Tecumseh-St-74106/home/196599838,"MLS Technology, Inc.",2531758,N,Y,36.1819778,-95.9830485
MLS Listing,,Single Family Residential,5642 S 82nd East Ave,Tulsa,OK,74145,305000,3,2.5,Woodland View Park I,2193,10434,1965,8,139,,Active,,,https://www.redfin.com/OK/Tulsa/5642-S-82nd-East-Ave-74145/home/74246177,"MLS Technology, Inc.",2531258,N,Y,36.0812186,-95.8851545
MLS Listing,,Single Family Residential,1790 E 60th St,Tulsa,OK,74105,265000,3,2.0,Southern Village,1711,13800,1958,8,155,,Active,,,https://www.redfin.com/OK/Tulsa/1790-E-60th-St-74105/home/74212883,"MLS Technology, Inc.",2531837,N,Y,36.0770898,-95.9632463
MLS Listing,,Single Family Residential,7415 E 89th Pl S,Tulsa,OK,74133,285900,3,2.0,Chimney Hills South resub,1818,7500,1988,8,157,,Active,,,https://www.redfin.com/OK/Tulsa/7415-E-89th-Pl-74133/home/74391475,"MLS Technology, Inc.",2531842,N,Y,36.0343455,-95.892407
MLS Listing,,Single Family Residential,3504 W Edison St,Tulsa,OK,74127,360000,4,3.0,New Irving Place I,1562,209663,1981,8,230,,Active,,,https://www.redfin.com/OK/Tulsa/3504-W-Edison-St-74127/home/74426355,"MLS Technology, Inc.",2531540,N,Y,36.160814,-96.0317562
MLS Listing,,Single Family Residential,9410 S Winston Ave,Tulsa,OK,74137,599000,5,3.5,Ashton Woods,4380,11279,1994,8,137,67,Active,August-3-2025 02:00 PM,August-3-2025 04:00 PM,https://www.redfin.com/OK/Tulsa/9410-S-Winston-Ave-74137/home/74216948,"MLS Technology, Inc.",2531801,N,Y,36.0273044,-95.9231907
MLS Listing,,Single Family Residential,2809 E Olympia St,Broken Arrow,OK,74014,442999,3,2.5,Whiskey Ridge,2540,15599,2021,8,174,46,Active,,,https://www.redfin.com/OK/Broken-Arrow/2809-E-Olympia-St-74014/home/172639429,"MLS Technology, Inc.",2531807,N,Y,36.1150636,-95.7562205
MLS Listing,,Condo/Co-op,2858 E 90th St #1908,Tulsa,OK,74137,125000,1,1.0,Delaware Crossing Condos Ph III,759,,1981,8,165,269,Active,,,https://www.redfin.com/OK/Tulsa/2858-E-90th-St-74137/unit-1908/home/196593186,"MLS Technology, Inc.",2531743,N,Y,36.0330564,-95.9471517
MLS Listing,,Single Family Residential,7409 S 84th EastAvenue,Tulsa,OK,74133,250000,2,2.0,French Creek Patio Homes,1246,2920,2004,8,201,100,Active,,,https://www.redfin.com/OK/Tulsa/7409-E-84th-St-74133/home/74396099,"MLS Technology, Inc.",2531771,N,Y,36.0420764,-95.8935008
MLS Listing,,Vacant Land,531 N Irvington Ave,Tulsa,OK,74115,40000,,,Fairland addn,,12584,,8,,,Active,,,https://www.redfin.com/OK/Tulsa/531-N-Irvington-Ave-74115/home/196586357,"MLS Technology, Inc.",2531767,N,Y,36.164669,-95.9119788
MLS Listing,,Single Family Residential,7951 S Hudson Pl,Tulsa,OK,74136,749000,5,3.5,Holland Pointe,4490,19702,1993,8,167,31,Active,,,https://www.redfin.com/OK/Tulsa/7951-S-Hudson-Pl-74136/home/74392874,"MLS Technology, Inc.",2531695,N,Y,36.0469237,-95.9118974
MLS Listing,,Single Family Residential,6624 E 133rd St S,Bixby,OK,74008,675000,5,3.5,Rivers Edge,4222,12639,2016,8,160,121,Active,,,https://www.redfin.com/OK/Bixby/6624-E-133rd-St-S-74008/home/74221051,"MLS Technology, Inc.",2531678,N,Y,35.9712554,-95.9019107
MLS Listing,,Single Family Residential,4228 E 24th St,Tulsa,OK,74114,219900,2,1.0,Ridge View addn,1008,8100,1952,8,218,,Active,,,https://www.redfin.com/OK/Tulsa/4228-E-24th-St-74114/home/74330698,"MLS Technology, Inc.",2531595,N,Y,36.1290213,-95.9291065
MLS Listing,,Single Family Residential,17743 E White Tail Cv,Owasso,OK,74055,950000,5,5.5,The Coves At Stone Canyon I,3610,29229,2025,8,263,125,Active,,,https://www.redfin.com/OK/Unknown/17743-E-White-Tail-Cv-Unknown/home/192585478,"MLS Technology, Inc.",2531739,N,Y,36.248507,-95.779744
MLS Listing,,Townhouse,6635 E 72nd Pl,Tulsa,OK,74133,380000,3,2.0,Kirkdale,2823,17803,1970,8,135,,Active,,,https://www.redfin.com/OK/Tulsa/6635-E-72nd-Pl-74133/home/74310017,"MLS Technology, Inc.",2530131,N,Y,36.0591154,-95.9021384
MLS Listing,,Townhouse,6625 E 72nd Pl,Tulsa,OK,74133,380000,3,2.0,Kirkdale,2823,15750,1970,8,135,,Active,,,https://www.redfin.com/OK/Tulsa/6625-E-72nd-Pl-74133/home/74310016,"MLS Technology, Inc.",2530096,N,Y,36.0593398,-95.9022988
MLS Listing,,Townhouse,7222 E 66th EastAvenue,Tulsa,OK,74133,380000,3,2.0,Kirkdale,2862,13500,1970,8,133,,Active,,,https://www.redfin.com/OK/Tulsa/7222-S-66th-East-Ave-74133/home/74309986,"MLS Technology, Inc.",2530122,N,Y,36.0585073,-95.9037723
MLS Listing,,Townhouse,6606 E 72nd Pl,Tulsa,OK,74133,370000,3,2.0,Kirkdale,2727,11368,1970,8,136,,Active,,,https://www.redfin.com/OK/Tulsa/6606-E-72nd-Pl-74133/home/74309978,"MLS Technology, Inc.",2525477,N,Y,36.0589112,-95.9032917
MLS Listing,,Single Family Residential,1227 S Birmingham Pl,Tulsa,OK,74104,459000,4,2.0,Plano addn,2530,10425,1930,8,181,,Active,August-2-2025 01:00 PM,August-2-2025 03:00 PM,https://www.redfin.com/OK/Tulsa/1227-S-Birmingham-Pl-74104/home/74328345,"MLS Technology, Inc.",2531093,N,Y,36.1450727,-95.9523663
MLS Listing,,Single Family Residential,2734 E 14th Pl,Tulsa,OK,74104,240000,2,1.0,City View Hill addn,1302,6750,1925,8,184,,Active,,,https://www.redfin.com/OK/Tulsa/2734-E-14th-Pl-74104/home/74294559,"MLS Technology, Inc.",2530997,N,Y,36.1412804,-95.9501704
MLS Listing,,Single Family Residential,804 N Rockford Ave,Tulsa,OK,74106,95000,2,1.0,Crutchfield addn,700,3500,1925,8,136,,Active,,,https://www.redfin.com/OK/Tulsa/804-N-Rockford-Ave-74106/home/74291812,"MLS Technology, Inc.",2525276,N,Y,36.1659344,-95.9721669
MLS Listing,,Condo/Co-op,4607 E 93rd Ct Unit 18C,Tulsa,OK,74137,158500,2,2.0,Benchmark Condos-The Charter,1122,1123,1984,8,141,410,Active,,,https://www.redfin.com/OK/Tulsa/4607-E-93rd-Ct-74137/unit-18c/home/175143811,"MLS Technology, Inc.",2531574,N,Y,36.0297621,-95.9251624
MLS Listing,,Single Family Residential,238 E 45th Pl,Tulsa,OK,74105,190000,2,1.0,Grace Ellen Heights Prt Tr B Annie May Grant,786,7290,1949,8,242,,Active,,,https://www.redfin.com/OK/Tulsa/238-E-45th-Pl-74105/home/74304058,"MLS Technology, Inc.",2531708,N,Y,36.098186,-95.9824994
MLS Listing,,Single Family Residential,3323 S 112th East Ave,Tulsa,OK,74146,165000,3,1.5,Briardale I,1074,7277,1971,8,154,,Active,,,https://www.redfin.com/OK/Tulsa/3323-S-112th-East-Ave-74146/home/74388715,"MLS Technology, Inc.",2531697,N,Y,36.1148953,-95.8515219
MLS Listing,,Single Family Residential,1412 S College Ave,Tulsa,OK,74104,245000,3,2.0,Rosemont Heights,1090,7000,1999,8,225,,Active,,,https://www.redfin.com/OK/Tulsa/1412-S-College-Ave-74104/home/74333287,"MLS Technology, Inc.",2531665,N,Y,36.1419398,-95.94617
MLS Listing,,Single Family Residential,1768 E 14th Pl,Tulsa,OK,74104,295000,2,1.0,Terrace Drive sub,1178,5850,1924,8,250,,Active,August-3-2025 02:00 PM,August-3-2025 04:00 PM,https://www.redfin.com/OK/Tulsa/1768-E-14th-Pl-74104/home/74343966,"MLS Technology, Inc.",2531293,N,Y,36.1413673,-95.9641837
MLS Listing,,Single Family Residential,1414 E 19th St,Tulsa,OK,74120,493000,3,2.0,Halseys sub Park Place,2012,6650,1947,8,245,,Active,,,https://www.redfin.com/OK/Tulsa/1414-E-19th-St-74120/home/74304968,"MLS Technology, Inc.",2531436,N,Y,36.1348271,-95.9726224
MLS Listing,,Single Family Residential,1915 E 27th St,Tulsa,OK,74110,150000,3,1.0,VICTORY,1094,6750,2011,8,137,,Active,,,https://www.redfin.com/OK/Tulsa/1915-E-27th-St-N-74110/home/74349030,"MLS Technology, Inc.",2531526,N,Y,36.1935986,-95.9640722
MLS Listing,,Single Family Residential,10929 S 77th EastAvenue,Tulsa,OK,74133,435000,3,2.5,Ravens Crossing,2742,8400,2010,8,159,58,Active,August-3-2025 12:00 PM,August-3-2025 01:30 PM,https://www.redfin.com/OK/Tulsa/10929-S-77th-East-Ave-74133/home/74273345,"MLS Technology, Inc.",2531599,N,Y,36.004633,-95.893002
MLS Listing,,Single Family Residential,24 S 166th EastAvenue,Tulsa,OK,74108,195000,3,1.0,Rose Dew Add,1224,10336,1966,8,159,,Active,,,https://www.redfin.com/OK/Tulsa/24-S-166th-East-Ave-74108/home/74212596,"MLS Technology, Inc.",2531672,N,Y,36.1597527,-95.7927095
MLS Listing,,Single Family Residential,1823 N Harvard Ave,Tulsa,OK,74115,225000,3,2.0,Louisville Heights B9-30,1381,7680,1948,8,163,,Active,August-3-2025 02:00 PM,August-3-2025 04:00 PM,https://www.redfin.com/OK/Tulsa/1823-N-Harvard-Ave-74115/home/74238929,"MLS Technology, Inc.",2531131,N,Y,36.181617,-95.9399949
MLS Listing,,Single Family Residential,1429 E 49th St,Tulsa,OK,74105,229000,3,1.0,Bellaire Acres addn ext,1056,9782,1950,8,217,,Active,,,https://www.redfin.com/OK/Tulsa/1429-E-49th-St-74105/home/74287296,"MLS Technology, Inc.",2531601,N,Y,36.0931535,-95.9710794
MLS Listing,,Condo/Co-op,2130 E 59th St Unit 3A,Tulsa,OK,74105,359500,2,2.0,Garden Park,1900,,1963,8,189,1007,Active,,,https://www.redfin.com/OK/Tulsa/2130-E-59th-St-74105/unit-3A/home/145755270,"MLS Technology, Inc.",2531268,N,Y,36.078606,-95.9606781
MLS Listing,,Single Family Residential,519 E 51 Pl N,Tulsa,OK,74126,164000,4,2.0,VALLEY VIEW ACRES II,1198,6223,1960,8,137,,Active,,,https://www.redfin.com/OK/Tulsa/519-E-51st-Pl-N-74126/home/74347916,"MLS Technology, Inc.",2531112,N,Y,36.2283606,-95.9881925
MLS Listing,,Single Family Residential,3116 E Woodrow St,Tulsa,OK,74110,116000,2,1.0,Fitts addn,910,7102,1953,9,127,,Active,,,https://www.redfin.com/OK/Tulsa/3116-E-Woodrow-St-74110/home/74223974,"MLS Technology, Inc.",2531596,N,Y,36.1850832,-95.9440512
MLS Listing,,Single Family Residential,6741 E 66th St,Tulsa,OK,74133,280000,3,2.0,Park Plaza South,1877,11440,1968,9,149,,Active,,,https://www.redfin.com/OK/Tulsa/6741-E-66th-St-74133/home/74326646,"MLS Technology, Inc.",2530505,N,Y,36.0679125,-95.9015309
MLS Listing,,Single Family Residential,9219 S 89th East Ave,Tulsa,OK,74133,239900,3,2.0,Woodland Glen IV resub,1275,7188,1983,9,188,,Active,,,https://www.redfin.com/OK/Tulsa/9219-S-89th-East-Ave-74133/home/74398909,"MLS Technology, Inc.",2531647,N,Y,36.0295763,-95.8767024
MLS Listing,,Condo/Co-op,1521 S Riverside Dr #1521,Tulsa,OK,74119,245000,2,2.0,Rivershore resub Nix resub,1150,,1981,9,213,375,Active,,,https://www.redfin.com/OK/Tulsa/1521-Riverside-Dr-74119/unit-1521/home/74331119,"MLS Technology, Inc.",2529446,N,Y,36.140264,-95.9963539
MLS Listing,,Single Family Residential,5405 E 25th St,Tulsa,OK,74114,214900,3,2.0,Patricia Manor addn amd,1558,9075,1959,9,138,,Active,August-2-2025 03:00 PM,August-2-2025 05:00 PM,https://www.redfin.com/OK/Tulsa/5405-E-25th-St-74114/home/74327011,"MLS Technology, Inc.",2531646,N,Y,36.127558,-95.9156543
MLS Listing,,Single Family Residential,4708 S Evanston Pl,Tulsa,OK,74105,597000,4,3.0,Parkwood addn resub,2843,13566,1964,9,210,,Active,August-3-2025 01:30 PM,August-3-2025 03:00 PM,https://www.redfin.com/OK/Tulsa/4708-S-Evanston-Pl-74105/home/74327148,"MLS Technology, Inc.",2531637,N,Y,36.0950297,-95.9460277
MLS Listing,,Single Family Residential,1948 E 33rd Pl,Tulsa,OK,74105,1195000,5,4.5,Adams Estates,3808,10800,1948,9,314,,Active,,,https://www.redfin.com/OK/Tulsa/1948-E-33rd-Pl-74105/home/74285446,"MLS Technology, Inc.",2531224,N,Y,36.1144427,-95.9637413
MLS Listing,,Condo/Co-op,2300 Riverside Dr Unit 5E,Tulsa,OK,74114,525000,2,2.0,2300 Riverside Condos-Riverside Drive III amd,1730,1730,1962,9,303,1827,Active,,,https://www.redfin.com/OK/Tulsa/2300-Riverside-Dr-74114/unit-5E/home/74331240,"MLS Technology, Inc.",2531450,N,Y,36.1310819,-95.9878388
MLS Listing,,Single Family Residential,18204 E 48th Pl,Tulsa,OK,74134,345000,3,2.0,Stonegate II,1862,7923,2012,9,185,34,Active,,,https://www.redfin.com/OK/Tulsa/18204-E-48th-Pl-74134/home/74283528,"MLS Technology, Inc.",2531613,N,Y,36.0934518,-95.7741488
MLS Listing,,Single Family Residential,1343 S Florence Pl,Tulsa,OK,74104,349000,4,2.5,East Lawn addn,1529,7000,1925,9,228,,Active,August-3-2025 02:00 PM,August-3-2025 03:00 PM,https://www.redfin.com/OK/Tulsa/1343-S-Florence-Pl-74104/home/74298643,"MLS Technology, Inc.",2531167,N,Y,36.1426699,-95.9434686
MLS Listing,,Single Family Residential,7810 S Union Ave,Tulsa,OK,74132,375000,3,2.0,Tulsa Co Unplatted,1745,81974,1966,9,215,,Active,,,https://www.redfin.com/OK/Tulsa/7810-S-Union-Ave-74132/home/74248209,"MLS Technology, Inc.",2531597,N,Y,36.0506125,-96.0125234
MLS Listing,,Single Family Residential,240 W 16th St,Tulsa,OK,74119,535000,4,3.0,Stonebraker Heights,2928,7425,1930,9,183,,Active,,,https://www.redfin.com/OK/Tulsa/240-W-16th-St-74119/home/74340725,"MLS Technology, Inc.",2531481,N,Y,36.1395029,-95.9914178
MLS Listing,,Single Family Residential,1060 N 153rd EastAvenue,Tulsa,OK,74116,319000,4,2.5,CLAMPITT ACRES II,2104,57079,1966,9,152,,Active,,,https://www.redfin.com/OK/Tulsa/1060-N-153rd-East-Ave-74116/home/78624150,"MLS Technology, Inc.",2531576,N,Y,36.1706037,-95.8068409
MLS Listing,,Single Family Residential,4815 S 67th EastAvenue,Tulsa,OK,74145,319900,3,2.0,Park Plaza 6th,1904,10868,1968,9,168,,Active,August-2-2025 02:00 PM,August-2-2025 04:00 PM,https://www.redfin.com/OK/Tulsa/4815-S-67th-East-Ave-74145/home/74254221,"MLS Technology, Inc.",2531515,N,Y,36.0938326,-95.9020636
MLS Listing,,Single Family Residential,147 N Quebec Ave,Tulsa,OK,74115,229000,3,1.5,Maryland Gardens addn,1932,15500,1930,9,119,,Active,,,https://www.redfin.com/OK/Tulsa/147-N-Quebec-Ave-74115/home/74318104,"MLS Technology, Inc.",2531549,N,Y,36.1642322,-95.9300671
MLS Listing,,Condo/Co-op,8470 S College Ave #65,Tulsa,OK,74137,224900,3,2.5,The Timbers,2213,,1981,9,102,410,Active,,,https://www.redfin.com/OK/Tulsa/8470-S-College-Ave-74137/unit-65/home/171839234,"MLS Technology, Inc.",2530560,N,Y,36.0425181,-95.9458486
MLS Listing,,Single Family Residential,1109 W 84th Pl S,Tulsa,OK,74132,464900,3,2.0,Hyde Park At Tulsa Hills,1931,7346,2018,9,241,360,Active,,,https://www.redfin.com/OK/Tulsa/1109-W-84th-Pl-74132/home/74249105,"MLS Technology, Inc.",2527141,N,Y,36.0419791,-96.0058444
MLS Listing,,Single Family Residential,6526 E 56th Pl,Tulsa,OK,74145,335000,3,2.0,VAN-FIELD ACRES,1972,11900,1966,9,170,,Active,,,https://www.redfin.com/OK/Tulsa/6526-E-56th-Pl-74145/home/74348742,"MLS Technology, Inc.",2531433,N,Y,36.0819714,-95.9029996
MLS Listing,,Single Family Residential,3422 E 75th Pl,Tulsa,OK,74136,325000,3,2.5,Denwood Estates,2522,15444,1974,9,129,,Active,August-3-2025 02:00 PM,August-3-2025 04:00 PM,https://www.redfin.com/OK/Tulsa/3422-E-75th-Pl-74136/home/74380143,"MLS Technology, Inc.",2531419,N,Y,36.0547648,-95.9383425
MLS Listing,,Single Family Residential,5939 E 26th Pl,Tulsa,OK,74114,223900,3,2.0,Boman Acres I,1312,12480,1954,9,171,,Active,,,https://www.redfin.com/OK/Tulsa/5939-E-26th-Pl-74114/home/74250646,"MLS Technology, Inc.",2531485,N,Y,36.1247636,-95.9077168
MLS Listing,,Condo/Co-op,5641 S Newport Ave #5641,Tulsa,OK,74105,122000,2,1.0,Riverwood South Condos,899,,1970,9,136,300,Active,,,https://www.redfin.com/OK/Tulsa/5641-S-Newport-Ave-74105/unit-5641/home/74331613,"MLS Technology, Inc.",2524260,N,Y,36.0799774,-95.9788273
MLS Listing,,Single Family Residential,5701 S 33rd WestAvenue,Tulsa,OK,74107,220000,2,1.0,Homestead addn,1321,41899,1950,9,167,,Active,,,https://www.redfin.com/OK/Tulsa/5701-S-33rd-West-Ave-74107/home/74234234,"MLS Technology, Inc.",2531388,N,Y,36.0805686,-96.0291681
MLS Listing,,Single Family Residential,3333 E 77th Pl,Tulsa,OK,74136,815000,5,3.5,Timbercrest,4068,37598,1978,10,200,,Active,,,https://www.redfin.com/OK/Tulsa/3333-E-77th-Pl-74136/home/74385902,"MLS Technology, Inc.",2531140,N,Y,36.0524697,-95.9396984
MLS Listing,,Single Family Residential,6612 N 128th EastAvenue,Owasso,OK,74055,249900,3,2.0,Hickory Creek,1309,5277,2015,10,191,24,Active,,,https://www.redfin.com/OK/Owasso/6612-N-128-Ave-74055/home/82733343,"MLS Technology, Inc.",2531429,N,Y,36.2504921,-95.8322423
MLS Listing,,Single Family Residential,2304 S Birmingham Pl,Tulsa,OK,74114,420000,2,1.0,Quinlan addn of  J P Harters,1060,9520,1945,10,396,,Active,,,https://www.redfin.com/OK/Tulsa/2304-S-Birmingham-Pl-74114/home/74329112,"MLS Technology, Inc.",2531387,N,Y,36.1295023,-95.95352
MLS Listing,,Single Family Residential,1512 S 138th EastAvenue,Tulsa,OK,74108,221000,3,2.0,Eastland Park,1298,8322,1990,10,170,,Active,,,https://www.redfin.com/OK/Tulsa/1512-S-138th-East-Ave-74108/home/74299345,"MLS Technology, Inc.",2531382,N,Y,36.1398322,-95.8230024
MLS Listing,,Single Family Residential,1911 E 13th Pl,Tulsa,OK,74104,279900,3,2.0,Terrace Drive resub,1372,6750,1926,10,204,,Active,,,https://www.redfin.com/OK/Tulsa/1911-E-13th-Pl-74104/home/74213856,"MLS Technology, Inc.",2531377,N,Y,36.1435349,-95.9643613
MLS Listing,,Single Family Residential,1613 Delaware Ave,Tulsa,OK,74104,370000,5,2.5,Avondale addn,2405,7425,1936,10,154,,Active,,,https://www.redfin.com/OK/Tulsa/1613-S-Delaware-Ave-74104/home/74208189,"MLS Technology, Inc.",2531358,N,Y,36.1382313,-95.9490129
MLS Listing,,Condo/Co-op,410 W 7th St #1122,Tulsa,OK,74119,93000,1,1.0,Lindsey I addn,720,,1970,10,129,768,Active,,,https://www.redfin.com/OK/Tulsa/410-W-7th-St-74119/unit-1122/home/189783401,"MLS Technology, Inc.",2531341,N,Y,36.1476749,-95.9941025
MLS Listing,,Single Family Residential,6619 S New Haven Ave,Tulsa,OK,74136,379900,3,2.5,Point South,2263,4374,1981,10,168,175,Active,,,https://www.redfin.com/OK/Tulsa/6619-S-New-Haven-Ave-74136/home/74212536,"MLS Technology, Inc.",2531295,N,Y,36.0672015,-95.9316771
MLS Listing,,Single Family Residential,2869 E 34th St,Tulsa,OK,74105,1240000,3,3.5,Charlane Estates B6-9,4170,26299,1956,10,297,67,Active,,,https://www.redfin.com/OK/Tulsa/2869-E-34th-St-74105/home/74293428,"MLS Technology, Inc.",2531030,N,Y,36.1146103,-95.9463212
MLS Listing,,Single Family Residential,10104 E 24th Pl,Tulsa,OK,74129,285000,4,2.5,Longview Lake Estates B23-29,2102,8755,1972,10,136,10,Active,August-2-2025 02:00 PM,August-2-2025 04:00 PM,https://www.redfin.com/OK/Tulsa/10104-E-24th-Pl-74129/home/74313331,"MLS Technology, Inc.",2531324,N,Y,36.1271703,-95.8637206
MLS Listing,,Single Family Residential,11437 E 37th Pl,Tulsa,OK,74146,189000,3,1.0,Garnett Park addn,1141,7000,1972,10,166,,Active,,,https://www.redfin.com/OK/Tulsa/11437-E-37th-Pl-74146/home/74392738,"MLS Technology, Inc.",2531234,N,Y,36.1094598,-95.8487665
MLS Listing,,Single Family Residential,3749 E 83rd St E,Tulsa,OK,74137,295000,4,2.0,FOREST CREEK,2253,9960,1974,10,131,,Active,,,https://www.redfin.com/OK/Tulsa/3749-E-83rd-St-74137/home/74380923,"MLS Technology, Inc.",2529808,N,Y,36.0427903,-95.9351451
MLS Listing,,Single Family Residential,2019 W 53rd St,Tulsa,OK,74126,594900,3,2.0,Osage Co Unplatted,1688,302742,1947,10,352,,Active,,,https://www.redfin.com/OK/Tulsa/2019-W-53rd-St-N-74126/home/83032188,"MLS Technology, Inc.",2531243,N,Y,36.2314565,-96.0133086
MLS Listing,,Single Family Residential,11919 S 68th East Ave,Bixby,OK,74008,519900,4,3.0,Somerset,2665,9125,2018,10,195,42,Active,August-3-2025 02:00 PM,August-3-2025 04:00 PM,https://www.redfin.com/OK/Bixby/11919-S-68th-East-Ave-74008/home/109811641,"MLS Technology, Inc.",2530542,N,Y,35.9909224,-95.9007513
MLS Listing,,Single Family Residential,12035 S Vandalia Ave,Tulsa,OK,74137,729900,3,3.5,Wind River Plaza,2700,7802,2024,10,270,167,Active,,,https://www.redfin.com/OK/Tulsa/12035-S-Vandalia-Ave-E-74137/home/191197746,"MLS Technology, Inc.",2531191,N,Y,35.9891642,-95.9236975
MLS Listing,,Single Family Residential,1315 S Atlanta Pl,Tulsa,OK,74104,309900,2,1.0,Miles addn resub,1528,7000,1930,11,203,,Active,,,https://www.redfin.com/OK/Tulsa/1315-S-Atlanta-Pl-74104/home/74320197,"MLS Technology, Inc.",2530554,N,Y,36.143624,-95.9545878
MLS Listing,,Single Family Residential,5521 S 76th East Ave E,Tulsa,OK,74145,320000,4,2.5,Southern Plaza B8-15,2362,9840,1966,11,135,,Active,,,https://www.redfin.com/OK/Tulsa/5521-S-76th-East-Ave-74145/home/74241309,"MLS Technology, Inc.",2531275,N,Y,36.0844157,-95.8903141
MLS Listing,,Single Family Residential,6716 E 97th St,Tulsa,OK,74133,299000,4,2.5,Saddlebrook,2585,10359,1994,11,116,17,Active,,,https://www.redfin.com/OK/Tulsa/6716-E-97th-St-74133/home/74383694,"MLS Technology, Inc.",2531269,N,Y,36.0225822,-95.9022909
MLS Listing,,Single Family Residential,2207 W 41st St,Tulsa,OK,74107,134900,2,1.0,Clinton Heights,896,7500,1940,11,151,,Active,,,https://www.redfin.com/OK/Tulsa/2207-W-41st-St-74107/home/74294881,"MLS Technology, Inc.",2531218,N,Y,36.1046315,-96.017534
MLS Listing,,Vacant Land,4620 E 66th St,Tulsa,OK,74117,350000,,,Tulsa Co Unplatted,,191445,,11,,,Active,,,https://www.redfin.com/OK/Tulsa/4620-E-66th-St-N-74117/home/74219404,"MLS Technology, Inc.",2531233,N,Y,36.2491572,-95.9239188
MLS Listing,,Single Family Residential,5917 E 26th Pl,Tulsa,OK,74114,179900,3,2.0,Boman Acres I,1036,11712,1954,11,174,,Active,,,https://www.redfin.com/OK/Tulsa/5917-E-26th-Pl-74114/home/74288300,"MLS Technology, Inc.",2531188,N,Y,36.1248336,-95.9085891
MLS Listing,,Condo/Co-op,6512 S Memorial Dr Unit 18G,Tulsa,OK,74133,102000,1,1.0,Shadow Mountain Condo IV,795,,1982,11,128,250,Active,,,https://www.redfin.com/OK/Tulsa/6512-S-Memorial-Dr-74133/unit-18G/home/74334780,"MLS Technology, Inc.",2530204,N,Y,36.0689416,-95.887615
MLS Listing,,Vacant Land,N Quanah Ave,Tulsa,OK,74127,39000,,,WAH SHA SHE,,8334,,11,,,Active,,,https://www.redfin.com/OK/Tulsa/N-Quanah-Ave-74127/home/196517812,"MLS Technology, Inc.",2530391,N,Y,36.172895,-96.006276
MLS Listing,,Single Family Residential,6922 E 15th Pl,Tulsa,OK,74112,215000,3,2.0,Leisure Lanes,1483,9120,1963,11,145,,Active,,,https://www.redfin.com/OK/Tulsa/6922-E-15th-Pl-74112/home/74224617,"MLS Technology, Inc.",2531178,N,Y,36.1399175,-95.899962
MLS Listing,,Single Family Residential,12415 S Maplewood Ave,Bixby,OK,74008,389900,4,3.0,Enclave II at Addison Creek,1936,8782,2024,11,201,46,Active,August-6-2025 05:00 PM,August-6-2025 07:00 PM,https://www.redfin.com/OK/Bixby/12415-S-Maplewood-Ave-74008/home/193352767,"MLS Technology, Inc.",2531155,N,Y,35.9831203,-95.9071788
MLS Listing,,Single Family Residential,4917 S 190th East Ave,Tulsa,OK,74134,315000,3,2.0,Stone Creek Farms II,1915,6907,2005,11,164,,Active,,,https://www.redfin.com/OK/Tulsa/4917-S-190th-East-Ave-74134/home/74271199,"MLS Technology, Inc.",2531133,N,Y,36.092233,-95.764449
MLS Listing,,Single Family Residential,11170 S 72nd East EastAvenue,Bixby,OK,74008,719900,4,3.5,Woodcreek,4892,12598,2007,12,147,79,Active,August-2-2025 02:00 PM,August-2-2025 04:00 PM,https://www.redfin.com/OK/Bixby/11170-S-72nd-East-Ave-74008/home/74271714,"MLS Technology, Inc.",2529829,N,Y,36.0018289,-95.8976794
MLS Listing,,Single Family Residential,2666 E 58th St,Tulsa,OK,74105,806000,5,4.5,Southern Hills Manor amd,4239,13000,2022,13,190,,Active,,,https://www.redfin.com/OK/Tulsa/2666-E-58th-St-74105/home/74338816,"MLS Technology, Inc.",2531045,N,Y,36.0782807,-95.9502077
MLS Listing,,Condo/Co-op,6639 S Victor Ave Unit G207,Tulsa,OK,74136,43000,2,2.0,The Willows Condos-Collegiate Square,828,828,1983,13,52,442,Active,,,https://www.redfin.com/OK/Tulsa/6639-S-Victor-Ave-74136/unit-G207/home/166576170,"MLS Technology, Inc.",2529580,N,Y,36.0672339,-95.9649411
MLS Listing,,Single Family Residential,522 E Newton Pl,Tulsa,OK,74106,224000,3,2.0,Greenwood addn,1507,11625,1978,13,149,,Active,,,https://www.redfin.com/OK/Tulsa/522-E-Newton-Pl-74106/home/74304712,"MLS Technology, Inc.",2517339,N,Y,36.1736495,-95.9880716
MLS Listing,,Single Family Residential,2261 S Terwilleger Blvd,Tulsa,OK,74114,1250000,5,4.5,Terwilleger Heights,3598,14824,1930,13,347,,Active,,,https://www.redfin.com/OK/Tulsa/2261-Terwilleger-Blvd-74114/home/74343812,"MLS Technology, Inc.",2530928,N,Y,36.130131,-95.9701068
MLS Listing,,Townhouse,1811 S Carson Ave,Tulsa,OK,74119,314900,2,2.5,Council Oak Townhouses resub  Buena Vista,1581,2700,1974,13,199,100,Active,,,https://www.redfin.com/OK/Tulsa/1811-S-Carson-Ave-74119/home/74250959,"MLS Technology, Inc.",2530537,N,Y,36.1356508,-95.9909462
MLS Listing,,Single Family Residential,444 S 43rd WestAvenue,Tulsa,OK,74127,110000,3,1.0,VERNDALE,1212,6650,1941,13,91,,Active,,,https://www.redfin.com/OK/Tulsa/444-S-43rd-West-Ave-74127/home/74348702,"MLS Technology, Inc.",2529276,N,Y,36.1501465,-96.0407538
MLS Listing,,Single Family Residential,9420 E 77th St,Tulsa,OK,74133,417000,4,3.0,The Villages of Highland Park,3021,10044,1999,13,138,33,Active,,,https://www.redfin.com/OK/Tulsa/9420-E-77th-St-74133/home/74397561,"MLS Technology, Inc.",2531009,N,Y,36.0517894,-95.8700732
MLS Listing,,Single Family Residential,11227 S Vandalia Ave,Tulsa,OK,74137,675000,5,4.0,Lexington,4881,14000,1997,14,138,33,Active,,,https://www.redfin.com/OK/Tulsa/11227-S-Vandalia-Ave-74137/home/74382401,"MLS Technology, Inc.",2530991,N,Y,36.0003849,-95.925837
MLS Listing,,Single Family Residential,2808 E 82nd Pl,Tulsa,OK,74137,450000,4,3.5,Litchfield,2710,14627,1993,14,166,75,Active,,,https://www.redfin.com/OK/Tulsa/2808-E-82nd-Pl-74137/home/74231295,"MLS Technology, Inc.",2530973,N,Y,36.0445935,-95.9483463
MLS Listing,,Single Family Residential,2004 S Delaware Pl,Tulsa,OK,74104,349000,2,1.0,Hickory Manor Add,1388,9800,1936,14,251,,Active,,,https://www.redfin.com/OK/Tulsa/2004-S-Delaware-Pl-74104/home/74305891,"MLS Technology, Inc.",2530975,N,Y,36.1341335,-95.948464
MLS Listing,,Single Family Residential,3738 E 4th St,Tulsa,OK,74112,210000,3,1.0,Morgan Heights II addn,1516,8280,1951,14,139,,Active,,,https://www.redfin.com/OK/Tulsa/3738-E-4th-St-74112/home/74321342,"MLS Technology, Inc.",2530989,N,Y,36.1556738,-95.9342773
MLS Listing,,Vacant Land,3236 E 61st Pl,Tulsa,OK,74136,295000,,,The Villas at Southern Hills,,11738,,14,,400,Active,,,https://www.redfin.com/OK/Tulsa/3236-E-61st-Pl-74136/home/82751151,"MLS Technology, Inc.",2515489,N,Y,36.073981,-95.940445
MLS Listing,,Single Family Residential,4915 S 91st EastAvenue,Tulsa,OK,74145,269900,4,2.0,Regency Park East,1394,7475,1968,14,194,,Active,,,https://www.redfin.com/OK/Tulsa/4915-S-91st-East-Ave-74145/home/74259798,"MLS Technology, Inc.",2530732,N,Y,36.0925907,-95.8743369
MLS Listing,,Vacant Land,000 34th St N,Tulsa,OK,74115,89000,,,Tulsa Co Unplatted,,186050,,14,,,Active,,,https://www.redfin.com/OK/Tulsa/E-34th-St-N-Unknown/home/147402446,"MLS Technology, Inc.",2530762,N,Y,36.201474,-95.922195
MLS Listing,,Single Family Residential,8123 S Quebec Ave,Tulsa,OK,74137,300000,3,2.0,Brookwood,2269,11745,1975,14,132,,Active,,,https://www.redfin.com/OK/Tulsa/8123-S-Quebec-Ave-74137/home/74378782,"MLS Technology, Inc.",2530945,N,Y,36.0453904,-95.9302192
MLS Listing,,Single Family Residential,8307 S Allegheny Ave,Tulsa,OK,74137,550000,4,3.5,Signal Hill I,3330,19494,2011,14,165,100,Active,,,https://www.redfin.com/OK/Tulsa/8307-S-Allegheny-Ave-74137/home/74395831,"MLS Technology, Inc.",2530828,N,Y,36.0431393,-95.9212994
MLS Listing,,Single Family Residential,4015 W 43rd St,Tulsa,OK,74107,147000,3,1.0,Park Grove II,904,7728,1950,14,163,,Active,,,https://www.redfin.com/OK/Tulsa/4015-W-43rd-St-74107/home/74325004,"MLS Technology, Inc.",2530534,N,Y,36.1005898,-96.0378036
MLS Listing,,Single Family Residential,4606 E 57th Pl,Tulsa,OK,74135,279900,4,2.0,Holliday Hills addn,1497,10560,1956,14,187,,Active,,,https://www.redfin.com/OK/Tulsa/4606-E-57th-Pl-74135/home/74307170,"MLS Technology, Inc.",2530913,N,Y,36.079584,-95.9250025
MLS Listing,,Single Family Residential,4842 S 67th EastAvenue,Tulsa,OK,74145,312900,3,2.0,Park Plaza 6th,1836,9504,1972,14,170,,Active,,,https://www.redfin.com/OK/Tulsa/4842-S-67th-East-Ave-74145/home/74326309,"MLS Technology, Inc.",2530881,N,Y,36.0928255,-95.9025099
MLS Listing,,Condo/Co-op,1517 Riverside Dr #1517,Tulsa,OK,74119,260000,2,2.0,Rivershore resub Nix resub,1150,,1981,14,226,500,Active,,,https://www.redfin.com/OK/Tulsa/1517-Riverside-Dr-74119/unit-1517/home/74331120,"MLS Technology, Inc.",2530440,N,Y,36.1403348,-95.996417
MLS Listing,,Vacant Land,7003 S 70th WestAvenue,Tulsa,OK,74107,40000,,,Taneha,,32500,,14,,,Active,,,https://www.redfin.com/OK/Tulsa/7003-E-86th-Pl-74133/home/74391436,"MLS Technology, Inc.",2530903,N,Y,36.0388408,-95.8979381
MLS Listing,,Single Family Residential,1204 N Urbana Ave,Tulsa,OK,74115,168000,3,1.0,Morgan Homes,1365,7535,1947,14,123,,Active,,,https://www.redfin.com/OK/Tulsa/1204-N-Urbana-Ave-74115/home/74321719,"MLS Technology, Inc.",2530676,N,Y,36.1717944,-95.9261153
MLS Listing,,Single Family Residential,3020 E 102nd Pl,Tulsa,OK,74137,845000,5,5.5,Riverview Park Estates,4278,10480,2021,14,198,104,Active,,,https://www.redfin.com/OK/Tulsa/3020-E-102nd-Pl-74137/home/74279209,"MLS Technology, Inc.",2530326,N,Y,36.0149462,-95.9426628
MLS Listing,,Single Family Residential,6779 S 70th EastAvenue,Tulsa,OK,74133,299000,4,2.5,Park Plaza South,2238,12936,1967,14,134,,Active,,,https://www.redfin.com/OK/Tulsa/6779-S-70th-East-Ave-74133/home/74240501,"MLS Technology, Inc.",2530776,N,Y,36.0633071,-95.8985282
MLS Listing,,Single Family Residential,8709 S 80th East Ave,Tulsa,OK,74133,250000,3,2.0,Hampshire Lane resub Chimney Hills South,1841,6090,1983,14,136,,Active,,,https://www.redfin.com/OK/Tulsa/8709-S-80th-East-Ave-74133/home/74392623,"MLS Technology, Inc.",2530612,N,Y,36.0385607,-95.8868173
MLS Listing,,Single Family Residential,12714 S Irvington Ave,Tulsa,OK,74008,639900,4,3.5,Addison Creek Blocks 10-15,3677,8775,2024,14,174,46,Active,,,https://www.redfin.com/OK/Bixby/12714-S-Irvington-Ave-74008/home/187121245,"MLS Technology, Inc.",2530838,N,Y,35.978894,-95.913054
MLS Listing,,Single Family Residential,8310 E 74th Ct,Tulsa,OK,74133,265000,2,2.0,French Creek Patio Homes,1286,2947,2003,14,206,100,Active,,,https://www.redfin.com/OK/Tulsa/8310-E-74th-Ct-74133/home/74265159,"MLS Technology, Inc.",2530834,N,Y,36.0556571,-95.883605
MLS Listing,,Single Family Residential,12806 S Irvington Ave,Tulsa,OK,74008,679900,4,3.5,Addison Creek Blocks 10-15,3740,10922,2024,14,182,46,Active,,,https://www.redfin.com/OK/Bixby/12806-S-Irvington-Ave-74008/home/187121250,"MLS Technology, Inc.",2530832,N,Y,35.97744,-95.913057
MLS Listing,,Vacant Land,10908 N Memorial Dr E,Owasso,OK,74055,250000,,,Tulsa Co Unplatted,,106722,,14,,,Active,,,https://www.redfin.com/OK/Owasso/10908-N-Memorial-Dr-74055/home/74247460,"MLS Technology, Inc.",2530722,N,Y,36.312242,-95.8848032
MLS Listing,,Single Family Residential,4449 W 1st St,Tulsa,OK,74127,149900,3,1.0,Hayden-Lewis II addn,1710,11248,1955,14,88,,Active,,,https://www.redfin.com/OK/Tulsa/4449-W-1st-St-74127/home/74305745,"MLS Technology, Inc.",2530678,N,Y,36.1540068,-96.0438991
MLS Listing,,Single Family Residential,11922 S Vandalia Ave,Tulsa,OK,74137,789000,4,3.0,Wind River Plaza,,7800,2025,14,,200,Active,,,https://www.redfin.com/OK/Tulsa/11922-S-Vandalia-Ave-74137/home/196487418,"MLS Technology, Inc.",2530691,N,Y,35.9903637,-95.9238475
MLS Listing,,Single Family Residential,1407 W Admiral Blvd,Tulsa,OK,74127,100000,2,2.0,Overlook Park addn amd,1260,6750,1932,14,79,,Active,,,https://www.redfin.com/OK/Tulsa/1407-W-Admiral-Blvd-74127/home/74324531,"MLS Technology, Inc.",2530710,N,Y,36.1540954,-96.007909
MLS Listing,,Single Family Residential,35 E 22nd St,Tulsa,OK,74114,999000,3,3.5,The Tudors resub Riverside Drive addn III amd,3555,4662,2004,15,281,292,Active,,,https://www.redfin.com/OK/Tulsa/35-E-22nd-St-74114/home/74266919,"MLS Technology, Inc.",2530815,N,Y,36.1326309,-95.986294
MLS Listing,,Single Family Residential,11419 E 31st Pl S,Tulsa,OK,74146,180000,3,2.0,Briarglen Acres addn resub,1550,6377,1973,15,116,,Active,,,https://www.redfin.com/OK/Tulsa/11419-E-31st-Pl-74146/home/74389195,"MLS Technology, Inc.",2530190,N,Y,36.1181569,-95.8489644
MLS Listing,,Single Family Residential,4154 E 37th Pl,Tulsa,OK,74135,279900,2,2.0,Walter Foster,1531,9452,1954,15,183,,Active,,,https://www.redfin.com/OK/Tulsa/4154-E-37th-Pl-74135/home/74242468,"MLS Technology, Inc.",2530619,N,Y,36.1085999,-95.9291254
MLS Listing,,Single Family Residential,736 N Gary Pl,Tulsa,OK,74110,160000,2,1.0,Harvard Square resub Harvard Circle,1060,8400,1943,15,151,,Active,,,https://www.redfin.com/OK/Tulsa/736-N-Gary-Pl-74110/home/74224107,"MLS Technology, Inc.",2530804,N,Y,36.1656696,-95.942239
MLS Listing,,Single Family Residential,3217 E 61st Pl,Tulsa,OK,74136,2750000,3,5.0,The Villas at Southern Hills,7970,11180,2008,15,345,400,Active,,,https://www.redfin.com/OK/Tulsa/3217-E-61st-Pl-74136/home/74273982,"MLS Technology, Inc.",2530792,N,Y,36.0740661,-95.9419738
MLS Listing,,Single Family Residential,20214 E 32nd St S,Broken Arrow,OK,74014,304900,3,2.5,Renaissance Park,2189,8399,2007,15,139,28,Active,,,https://www.redfin.com/OK/Broken-Arrow/20214-E-32nd-St-S-74014/home/82817515,"MLS Technology, Inc.",2530780,N,Y,36.1174801,-95.7511814
MLS Listing,,Single Family Residential,11003 E 27th St,Tulsa,OK,74129,237000,3,2.0,VALLEY GLEN,1636,10140,1968,15,145,,Active,,,https://www.redfin.com/OK/Tulsa/11003-E-27th-St-74129/home/74346831,"MLS Technology, Inc.",2529267,N,Y,36.1252087,-95.8530855
MLS Listing,,Single Family Residential,9237 S 91st EastAvenue,Tulsa,OK,74133,259900,3,2.0,Woodland Glen IV resub,1666,9273,1983,15,156,,Active,August-3-2025 02:00 PM,August-3-2025 03:00 PM,https://www.redfin.com/OK/Tulsa/9237-S-91st-East-Ave-74133/home/74398832,"MLS Technology, Inc.",2527052,N,Y,36.0288894,-95.874623
MLS Listing,,Single Family Residential,1036 E 53rd St,Tulsa,OK,74105,218000,3,1.5,Riverview Village II,1277,7200,1955,15,171,,Active,,,https://www.redfin.com/OK/Tulsa/1036-E-53rd-St-74105/home/74331912,"MLS Technology, Inc.",2529960,N,Y,36.0871492,-95.9782732
MLS Listing,,Vacant Land,5909 W 10th St,Tulsa,OK,74127,22000,,,Medio sub,,9300,,15,,,Active,,,https://www.redfin.com/OK/Tulsa/5909-W-10th-St-74127/home/74253706,"MLS Technology, Inc.",2530730,N,Y,36.1453078,-96.0590314
MLS Listing,,Single Family Residential,7416 109th EastAvenue,Tulsa,OK,74133,325000,4,2.5,Hampton South I,2640,9750,1992,15,123,12,Active,,,https://www.redfin.com/OK/Tulsa/7416-S-109th-East-Ave-74133/home/74392505,"MLS Technology, Inc.",2530522,N,Y,36.0563806,-95.8550695
MLS Listing,,Single Family Residential,17623 E White Tail Cv,Owasso,OK,74055,1185000,4,4.0,The Coves At Stone Canyon I,4436,28314,2025,15,267,156,Active,,,https://www.redfin.com/OK/Owasso/17623-E-White-Tail-Cv-74055/home/192585462,"MLS Technology, Inc.",2530726,N,Y,36.2480122,-95.7827615
MLS Listing,,Single Family Residential,6209 S 116th East Ave,Broken Arrow,OK,74012,198000,4,2.0,Melinda Park resub Grand Union,1460,7169,1973,15,136,,Active,,,https://www.redfin.com/OK/Broken-Arrow/6209-S-116th-East-Ave-74012/home/74416670,"MLS Technology, Inc.",2530562,N,Y,36.074038,-95.8472595
MLS Listing,,Single Family Residential,1547 S Columbia Ave,Tulsa,OK,74104,439000,3,2.0,Oliver Terrace II addn,1479,7420,1939,15,297,,Active,,,https://www.redfin.com/OK/Tulsa/1547-S-Columbia-Ave-74104/home/74323961,"MLS Technology, Inc.",2529753,N,Y,36.1389102,-95.9512741
MLS Listing,,Single Family Residential,6412 S 73rd EastAvenue,Tulsa,OK,74133,360000,4,2.5,Shadow Mountain,2819,13600,1981,15,128,,Active,,,https://www.redfin.com/OK/Tulsa/6412-S-73rd-East-Ave-74133/home/74334880,"MLS Technology, Inc.",2530703,N,Y,36.0705826,-95.8951436
MLS Listing,,Single Family Residential,1714 E 35th St,Tulsa,OK,74105,1050000,5,6.0,Adams Estates,4769,9039,2009,15,220,,Active,,,https://www.redfin.com/OK/Tulsa/1714-E-35th-St-74105/home/74285504,"MLS Technology, Inc.",2524823,N,Y,36.1132513,-95.9662172
MLS Listing,,Single Family Residential,4629 S Trenton Ave,Tulsa,OK,74105,180000,2,1.0,Bellaire Acres addn,996,7290,1951,15,181,,Active,,,https://www.redfin.com/OK/Tulsa/4629-S-Trenton-Ave-74105/home/74287200,"MLS Technology, Inc.",2530497,N,Y,36.0959329,-95.9684123
MLS Listing,,Single Family Residential,7723 S Oxford Ave,Tulsa,OK,74136,284999,3,2.0,Minshall Park I,1815,10400,1983,15,157,,Active,,,https://www.redfin.com/OK/Tulsa/7723-S-Oxford-Ave-74136/home/74320764,"MLS Technology, Inc.",2530622,N,Y,36.0517414,-95.9046293
MLS Listing,,Townhouse,1304 N Irvington Ave,Tulsa,OK,74115,160000,4,2.0,Maplewood ext addn replat,1512,7002,1965,15,106,,Active,,,https://www.redfin.com/OK/Tulsa/1304-N-Irvington-Ave-74115/home/74316358,"MLS Technology, Inc.",2530665,N,Y,36.1734952,-95.9131841
MLS Listing,,Single Family Residential,7164 E 53rd Pl,Tulsa,OK,74145,385000,5,3.5,Sungate,3352,9477,1967,15,115,,Active,,,https://www.redfin.com/OK/Tulsa/7164-E-53rd-Pl-74145/home/74255698,"MLS Technology, Inc.",2517869,N,Y,36.0854683,-95.8951426
MLS Listing,,Single Family Residential,728 S Trenton Ave,Tulsa,OK,74120,209000,4,2.0,Park Dale amd,1700,7000,1920,15,123,,Active,,,https://www.redfin.com/OK/Tulsa/728-S-Trenton-Ave-74120/home/74325208,"MLS Technology, Inc.",2530633,N,Y,36.1505456,-95.9700421
MLS Listing,,Single Family Residential,913 E 37th St S,Tulsa,OK,74105,699000,4,3.5,Peoria Park addn,2267,7000,2019,15,308,,Active,,,https://www.redfin.com/OK/Tulsa/913-E-37th-St-74105/home/74328256,"MLS Technology, Inc.",2529259,N,Y,36.1100182,-95.9826061
MLS Listing,,Townhouse,1128 S Quincy Ave,Tulsa,OK,74146,289900,4,3.0,Orchard addn,1872,6750,1956,15,155,,Active,,,https://www.redfin.com/OK/Tulsa/1128-S-Quincy-Ave-74120/home/74324044,"MLS Technology, Inc.",2530364,N,Y,36.1469127,-95.9735972
MLS Listing,,Single Family Residential,1813 S Maplewood Ave E,Tulsa,OK,74112,225000,3,1.0,Gleason Village,1325,7200,1958,16,170,,Active,,,https://www.redfin.com/OK/Tulsa/1813-S-Maplewood-Ave-74112/home/74303534,"MLS Technology, Inc.",2530555,N,Y,36.1359911,-95.9070645
MLS Listing,,Single Family Residential,3908 E 80th St,Tulsa,OK,74136,424900,3,2.5,Timbercrest Estates resub,3514,27342,1977,16,121,,Active,,,https://www.redfin.com/OK/Tulsa/3908-E-80th-St-74136/home/74385853,"MLS Technology, Inc.",2527805,N,Y,36.0471565,-95.933349
MLS Listing,,Single Family Residential,6723 E 97th St,Tulsa,OK,74133,449900,4,3.5,Saddlebrook,3330,11476,1993,16,135,17,Active,August-10-2025 02:00 PM,August-10-2025 04:00 PM,https://www.redfin.com/OK/Tulsa/6723-E-97th-St-74133/home/74383659,"MLS Technology, Inc.",2529873,N,Y,36.0230406,-95.9016551
MLS Listing,,Single Family Residential,7522 E 91st Pl,Tulsa,OK,74133,432000,4,2.5,South Springs,2739,9665,1993,16,158,21,Active,,,https://www.redfin.com/OK/Tulsa/7522-E-91st-Pl-74133/home/74384467,"MLS Technology, Inc.",2529899,N,Y,36.030016,-95.8916735
MLS Listing,,Condo/Co-op,6223 S Yorktown Pl #61,Tulsa,OK,74136,145000,2,2.0,Cambridge Square II-Cambridge Square resub,1300,,1982,16,112,381,Active,,,https://www.redfin.com/OK/Tulsa/6223-S-Yorktown-Pl-74136/unit-61/home/74291325,"MLS Technology, Inc.",2530639,N,Y,36.0732518,-95.9614233
MLS Listing,,Single Family Residential,1828 E 63rd St,Tulsa,OK,74136,285590,3,2.0,Southern Hills View B5-6,1681,14550,1958,16,170,,Active,,,https://www.redfin.com/OK/Tulsa/1828-E-63rd-St-74136/home/74339074,"MLS Technology, Inc.",2529667,N,Y,36.0709828,-95.9641545
MLS Listing,,Single Family Residential,7905 W 18th St,Tulsa,OK,74127,169000,2,1.0,Lake sub,1500,25192,1940,16,113,,Active,,,https://www.redfin.com/OK/Tulsa/7905-W-18th-St-74127/home/186913060,"MLS Technology, Inc.",2530473,N,Y,36.1369969,-96.0818411
MLS Listing,,Single Family Residential,2403 W Newton Pl,Tulsa,OK,74127,129999,3,2.0,Gilcrease Hills Village I-123,1376,9173,1972,16,94,43,Active,,,https://www.redfin.com/OK/Tulsa/2403-W-Newton-Pl-74127/home/83030477,"MLS Technology, Inc.",2530591,N,Y,36.173573,-96.01803
MLS Listing,,Single Family Residential,1207 S Yale Ave,Tulsa,OK,74112,275000,3,2.0,Crowell Heights,1926,8100,1935,16,143,,Active,August-3-2025 02:00 PM,August-3-2025 04:00 PM,https://www.redfin.com/OK/Tulsa/1207-S-Yale-Ave-74112/home/74256960,"MLS Technology, Inc.",2530471,N,Y,36.1456861,-95.9221806
MLS Listing,,Single Family Residential,4750 S 167th Ave,Tulsa,OK,74134,610000,4,3.5,Trinity Creek II,4342,8640,2011,16,140,65,Active,,,https://www.redfin.com/OK/Tulsa/4750-S-167th-East-Ave-74134/home/74280743,"MLS Technology, Inc.",2527682,N,Y,36.0952579,-95.7912832
MLS Listing,,Single Family Residential,10807 E 33rd Pl,Tulsa,OK,74146,194999,3,1.0,Briardale I,1236,7198,1971,16,158,,Active,,,https://www.redfin.com/OK/Tulsa/10807-E-33rd-Pl-74146/home/74388695,"MLS Technology, Inc.",2530575,N,Y,36.1150664,-95.8560378
MLS Listing,,Single Family Residential,11712 S Allegheny Ave,Tulsa,OK,74137,520000,3,2.5,Hunters Hills,2728,25339,1995,16,191,88,Active,August-3-2025 02:00 PM,August-3-2025 04:00 PM,https://www.redfin.com/OK/Tulsa/11712-S-Allegheny-Ave-74137/home/74421297,"MLS Technology, Inc.",2530565,N,Y,35.9943689,-95.9216771
MLS Listing,,Single Family Residential,9206 S Braden Pl,Tulsa,OK,74137,435000,4,3.0,Braden Park,3037,6900,2001,16,143,38,Active,August-3-2025 02:00 PM,August-3-2025 04:00 PM,https://www.redfin.com/OK/Tulsa/9206-S-Braden-Pl-74137/home/74378579,"MLS Technology, Inc.",2530388,N,Y,36.0296791,-95.9195396
MLS Listing,,Single Family Residential,7130 E 86th Pl N,Owasso,OK,74055,604986,4,3.0,Sheridan Crossing Phase II,2632,23240,2017,16,230,25,Active,,,https://www.redfin.com/OK/Owasso/7130-E-86th-Pl-N-74055/home/109771701,"MLS Technology, Inc.",2530085,N,Y,36.2792839,-95.8939918
MLS Listing,,Single Family Residential,1617 S 111th East Ave,Tulsa,OK,74128,239000,3,2.0,Magic Circle addn,1432,7296,1966,16,167,,Active,,,https://www.redfin.com/OK/Tulsa/1617-S-111th-East-Ave-74128/home/74211322,"MLS Technology, Inc.",2530489,N,Y,36.1385401,-95.8524646
MLS Listing,,Condo/Co-op,4740 E 68th St #156,Tulsa,OK,74136,110000,2,1.0,Willow Creek resub Livingston Park,831,1,1970,16,132,237,Active,,,https://www.redfin.com/OK/Tulsa/4740-E-68th-St-74136/unit-156/home/196443776,"MLS Technology, Inc.",2530493,N,Y,36.0656748,-95.9245285
MLS Listing,,Single Family Residential,10477 S 95th Pl E,Bixby,OK,74133,635000,5,3.5,Legends II,3911,10603,2013,16,162,58,Active,,,https://www.redfin.com/OK/Tulsa/10477-E-95th-Pl-74133/home/74277923,"MLS Technology, Inc.",2529341,N,Y,36.0127396,-95.8709683
MLS Listing,,Condo/Co-op,9019 S Delaware Ave #502,Tulsa,OK,74137,175500,2,2.5,Delaware Crossing Condos Ph II,1230,,1982,16,143,375,Active,,,https://www.redfin.com/OK/Tulsa/9019-S-Delaware-Ave-74137/unit-502/home/74379799,"MLS Technology, Inc.",2530224,N,Y,36.0329521,-95.9486076
MLS Listing,,Single Family Residential,9006 E 39th St,Tulsa,OK,74145,219900,3,1.5,Briarwood,1227,13338,1970,16,179,,Active,August-3-2025 02:00 PM,August-3-2025 04:00 PM,https://www.redfin.com/OK/Tulsa/9006-E-39th-St-74145/home/74290341,"MLS Technology, Inc.",2530144,N,Y,36.1064282,-95.8763799
MLS Listing,,Condo/Co-op,2112 E 59th St Unit B6,Tulsa,OK,74105,390000,3,3.0,Garden Park,3128,,1963,16,125,1057,Active,,,https://www.redfin.com/OK/Tulsa/2112-E-59th-St-74105/unit-B6/home/74339394,"MLS Technology, Inc.",2529645,N,Y,36.0785252,-95.962109
MLS Listing,,Condo/Co-op,2519 S Florence Pl #1,Tulsa,OK,74114,135000,2,2.0,Florence Park Apt Homes-Marilyn Jean,938,,1965,17,144,248,Active,,,https://www.redfin.com/OK/Tulsa/2519-S-Florence-Pl-74114/unit-1/home/74316849,"MLS Technology, Inc.",2530010,N,Y,36.1268961,-95.9439794
MLS Listing,,Vacant Land,52nd WestAvenue,Sperry,OK,74073,150000,,,Osage Co Unplatted,,871200,,17,,,Active,,,https://www.redfin.com/OK/Sperry/N-52nd-West-Ave-74073/home/171581263,"MLS Technology, Inc.",2529435,N,Y,36.257947,-96.054502
MLS Listing,,Condo/Co-op,450 W 7th St #704,Tulsa,OK,74119,85000,1,1.0,Park Hills Estates Amd Resub B13 Rock Hill Add,720,278,1970,17,118,784,Active,,,https://www.redfin.com/OK/Tulsa/450-W-7th-St-74119/unit-704/home/189788608,"MLS Technology, Inc.",2530428,N,Y,36.1470906,-95.9943711
MLS Listing,,Single Family Residential,8911 E 62nd St,Tulsa,OK,74133,279900,2,2.0,The Cottages at Woodland Valley,1658,8958,1998,17,169,60,Active,August-2-2025 01:00 PM,August-2-2025 03:00 PM,https://www.redfin.com/OK/Tulsa/8911-E-62nd-St-74133/home/74391800,"MLS Technology, Inc.",2530425,N,Y,36.0738793,-95.8769914
MLS Listing,,Single Family Residential,2313 S 82nd East Ave,Tulsa,OK,74129,189000,3,2.0,Virginia Lee,1936,7665,1964,17,98,,Active,,,https://www.redfin.com/OK/Tulsa/2313-S-82nd-East-Ave-74129/home/74256771,"MLS Technology, Inc.",2528924,N,Y,36.1293406,-95.885329
MLS Listing,,Single Family Residential,5923 E King Pl,Tulsa,OK,74115,165000,2,1.0,Maplewood addn,849,7424,1951,17,194,,Active,,,https://www.redfin.com/OK/Tulsa/5923-E-King-Pl-74115/home/74316243,"MLS Technology, Inc.",2530395,N,Y,36.1690946,-95.9107393
MLS Listing,,Condo/Co-op,2520 S Florence Pl #2,Tulsa,OK,74114,120000,2,1.5,Florence Park Apt Homes-Marilyn Jean,911,,1965,17,132,240,Active,,,https://www.redfin.com/OK/Tulsa/2520-S-Florence-Pl-74114/unit-2/home/74316857,"MLS Technology, Inc.",2530392,N,Y,36.1267917,-95.9443165
MLS Listing,,Vacant Land,4458 Oak Timber Dr,Tulsa,OK,74131,320000,,,Oak Timber,,109040,,17,,,Active,,,https://www.redfin.com/OK/Tulsa/4458-Oak-Timber-Dr-74131/home/191039036,"MLS Technology, Inc.",2524066,N,Y,36.0564675,-96.0474573
MLS Listing,,Single Family Residential,2612 E 17th Pl,Tulsa,OK,74104,460000,3,2.0,Barnard View addn,1608,8340,1939,17,286,,Active,,,https://www.redfin.com/OK/Tulsa/2612-E-17th-Pl-74104/home/74286867,"MLS Technology, Inc.",2527752,N,Y,36.1367155,-95.9531615
MLS Listing,,Single Family Residential,2449 S 144th East Ave,Tulsa,OK,74134,210999,3,2.0,Eastland Acres,1331,8000,1973,17,159,,Active,,,https://www.redfin.com/OK/Tulsa/2449-S-144th-East-Ave-74134/home/74298944,"MLS Technology, Inc.",2530212,N,Y,36.1271754,-95.8158485
MLS Listing,,Condo/Co-op,6669 S Victor Ave Unit J-101,Tulsa,OK,74136,38000,2,1.0,The Willows Condos-Collegiate Square,848,,1983,17,45,437,Active,,,https://www.redfin.com/OK/Tulsa/6669-S-Victor-Ave-74136/unit-J-101/home/196419278,"MLS Technology, Inc.",2526549,N,Y,36.0664493,-95.9650791
MLS Listing,,Single Family Residential,338 E 45th Pl,Tulsa,OK,74105,255000,2,1.0,Tulsa Co Unplatted,1046,7425,1950,17,244,,Active,,,https://www.redfin.com/OK/Tulsa/338-E-45th-Pl-74105/home/74303986,"MLS Technology, Inc.",2529246,N,Y,36.0981293,-95.979409
MLS Listing,,Single Family Residential,5507 E 123rd St S,Bixby,OK,74008,479000,4,3.0,The Estates at the River II,2579,9100,2021,17,186,42,Active,,,https://www.redfin.com/OK/Bixby/5507-E-123rd-St-S-74008/home/195201575,"MLS Technology, Inc.",2530097,N,Y,35.9853318,-95.9149903
MLS Listing,,Single Family Residential,2420 N Oxford Ave,Tulsa,OK,74115,155900,4,2.0,Happy Homes addn amd,1392,6767,1945,17,112,,Active,,,https://www.redfin.com/OK/Tulsa/2420-N-Oxford-Ave-74115/home/74304911,"MLS Technology, Inc.",2530140,N,Y,36.1887941,-95.9055891
MLS Listing,,Single Family Residential,11025 E 83 St,Tulsa,OK,74133,359000,2,2.0,Ridge Crest,1643,4950,2010,18,219,183,Active,,,https://www.redfin.com/OK/Tulsa/11025-E-83rd-St-74133/home/74279469,"MLS Technology, Inc.",2529220,N,Y,36.0438149,-95.8528575
MLS Listing,,Single Family Residential,2216 E 8th St,Tulsa,OK,74104,235000,2,1.0,Hillcrest addn,1167,7000,1926,18,201,,Active,,,https://www.redfin.com/OK/Tulsa/2216-E-8th-St-74104/home/74306697,"MLS Technology, Inc.",2530287,N,Y,36.1496419,-95.9604192
MLS Listing,,Single Family Residential,1224 N Rosedale Ave,Tulsa,OK,74127,189900,3,1.0,Country Club Heights,1296,7551,1950,18,147,,Active,,,https://www.redfin.com/OK/Tulsa/1224-N-Rosedale-Ave-74127/home/78942415,"MLS Technology, Inc.",2530279,N,Y,36.1722117,-96.0076768
MLS Listing,,Single Family Residential,5219 E Latimer St,Tulsa,OK,74115,275000,3,2.0,Yale Terrace,2400,28403,1955,18,115,,Active,,,https://www.redfin.com/OK/Tulsa/5219-E-Latimer-St-74115/home/181996462,"MLS Technology, Inc.",2530061,N,Y,36.170089,-95.91825
MLS Listing,,Single Family Residential,323 S 45th WestAvenue,Tulsa,OK,74127,89000,3,2.0,Hayden-Lewis addn,1512,8400,1954,18,59,,Active,,,https://www.redfin.com/OK/Tulsa/323-S-45th-West-Ave-74127/home/74305683,"MLS Technology, Inc.",2530239,N,Y,36.152675,-96.042486
