SALE TYPE,SOLD DATE,PROPERTY TYPE,ADDRESS,CITY,STATE OR PROVINCE,ZIP OR POSTAL CODE,PRICE,BEDS,BATHS,LOCATION,SQUARE FEET,LOT SIZE,YEAR BUILT,DAYS ON MARKET,$/SQUARE FEET,HOA/MONTH,STATUS,NEXT OPEN HOUSE START TIME,NEXT OPEN HOUSE END TIME,URL (SEE https://www.redfin.com/buy-a-home/comparative-market-analysis FOR INFO ON PRICING),SOURCE,MLS#,FAVORITE,INTERESTED,LATITUDE,LONGITUDE
"In accordance with local MLS rules, some MLS listings are not included in the download"
MLS Listing,,Condo/Co-op,12614 NW Barnes Rd,Portland,OR,97229,215000,2,1.0,Westlake Cedar Mill Timberland,812,,1979,1,265,612,Active,,,https://www.redfin.com/OR/Portland/12614-NW-Barnes-Rd-97229/home/196775555,RMLS,396795537,N,Y,45.5220563,-122.8100278
MLS Listing,,Single Family Residential,10125 SW 72nd Ave,Portland,OR,97223,675000,4,2.5,METZGER ACRE TRACTS,2534,7840,1989,1,266,,Active,,,https://www.redfin.com/OR/Portland/10125-SW-72nd-Ave-97223/home/26713394,RMLS,747233588,N,Y,45.4468025,-122.7519781
MLS Listing,,Single Family Residential,9542 N Calhoun Ave,Portland,OR,97203,495000,4,2.0,141 - Portland North,1758,5227,1974,1,282,,Active,August-2-2025 12:00 PM,August-2-2025 02:00 PM,https://www.redfin.com/OR/Portland/9542-N-Calhoun-Ave-97203/home/26545426,RMLS,193074637,N,Y,45.5950342,-122.738667
MLS Listing,,Single Family Residential,7539 SW Esther Ct,Portland,OR,97223,737000,3,2.0,GARDEN HOME,1832,7405,1997,1,402,,Active,,,https://www.redfin.com/OR/Portland/7539-SW-Esther-Ct-97223/home/26699381,RMLS,595245419,N,Y,45.4674491,-122.754159
MLS Listing,,Single Family Residential,4511 N Commercial Ave,Portland,OR,97217,325000,2,1.0,142 - Portland Northeast,2178,2613,1914,1,149,,Active,August-2-2025 03:00 PM,August-2-2025 05:00 PM,https://www.redfin.com/OR/Portland/4511-N-Commercial-Ave-97217/home/26297414,RMLS,207306422,N,Y,45.5556281,-122.6714622
MLS Listing,,Single Family Residential,3515 NE Prescott St,Portland,OR,97211,775000,4,2.0,142 - Portland Northeast,2552,5227,1937,1,304,,Active,August-3-2025 02:00 PM,August-3-2025 04:00 PM,https://www.redfin.com/OR/Portland/3515-NE-Prescott-St-97211/home/26339371,RMLS,219313812,N,Y,45.5553778,-122.628225
MLS Listing,,Single Family Residential,4801 NE 42nd Ave,Portland,OR,97218,625000,3,2.5,142 - Portland Northeast,2166,5227,1952,1,289,,Active,August-2-2025 02:00 PM,August-2-2025 04:00 PM,https://www.redfin.com/OR/Portland/4801-NE-42nd-Ave-97218/home/25759764,RMLS,474317450,N,Y,45.5576005,-122.620656
MLS Listing,,Condo/Co-op,12415 NW Haskell Ct #10,Portland,OR,97229,499900,4,3.5,"148 - Portland NW/ SW/ S, Raleigh Hills",1963,,1977,1,255,230,Active,,,https://www.redfin.com/OR/Portland/12415-NW-Haskell-Ct-97229/unit-10/home/26734142,RMLS,139096977,N,Y,45.5411689,-122.8027629
MLS Listing,,Condo/Co-op,14850 NE Rose Pkwy,Portland,OR,97230,360000,2,3.0,142 - Portland Northeast,1896,,1978,3,190,757,Active,,,https://www.redfin.com/OR/Portland/14850-NE-Rose-Pkwy-97230/home/188664357,RMLS,494895595,N,Y,45.5441192,-122.5090971
MLS Listing,,Single Family Residential,16250 SE Sterling Cir,Milwaukie,OR,97267,420000,3,1.0,"145 - Milwaukie, Gladstone, Happy Valley, Clckmas, Dmscus, Estacada",960,,1972,7,438,,Active,,,https://www.redfin.com/OR/Portland/16250-SE-Sterling-Cir-97267/home/25946506,RMLS,488877847,N,Y,45.4047794,-122.6327058
MLS Listing,,Single Family Residential,16822 NW Vetter Dr,Portland,OR,97229,785000,4,2.5,149 - NW Washington Co or Sauvie Island,2312,4791,2008,7,340,166,Active,,,https://www.redfin.com/OR/Portland/16822-NW-Vetter-Dr-97229/home/25805420,RMLS,656792899,N,Y,45.5655989,-122.8504187
MLS Listing,,Single Family Residential,10317 N Mohawk Ave,Portland,OR,97203,524900,4,2.0,141 - Portland North,1808,5227,1912,7,290,,Active,,,https://www.redfin.com/OR/Portland/10317-N-Mohawk-Ave-97203/home/185471643,RMLS,532650215,N,Y,45.5999418,-122.743329
MLS Listing,,Single Family Residential,2530 NE 58th Ave,Portland,OR,97213,690000,4,2.0,142 - Portland Northeast,2428,5227,1921,8,284,,Active,,,https://www.redfin.com/OR/Portland/2530-NE-58th-Ave-97213/home/26612810,RMLS,685463419,N,Y,45.5414159,-122.6032736
MLS Listing,,Single Family Residential,9281 SW Boones Ferry Rd,Portland,OR,97219,535000,3,2.0,"148 - Portland NW/ SW/ S, Raleigh Hills",1416,10018,1976,8,378,,Active,,,https://www.redfin.com/OR/Portland/9281-SW-Boones-Ferry-Rd-97219/home/26539279,RMLS,532830324,N,Y,45.4579209,-122.6839732
MLS Listing,,Single Family Residential,2222 SE 22nd Ave,Portland,OR,97214,730000,3,2.0,143 - Portland Southeast,2213,4791,1925,9,330,,Active,August-2-2025 10:00 AM,August-2-2025 01:00 PM,https://www.redfin.com/OR/Portland/2222-SE-22nd-Ave-97214/home/26486868,RMLS,129723574,N,Y,45.506647,-122.6428332
MLS Listing,,Townhouse,6678 SW 23rd Pl,Portland,OR,97219,499900,3,2.5,"148 - Portland NW/ SW/ S, Raleigh Hills",1632,2613,2010,10,306,,Active,August-2-2025 11:00 AM,August-2-2025 01:00 PM,https://www.redfin.com/OR/Portland/6678-SW-23rd-Pl-97219/home/26773507,RMLS,468999946,N,Y,45.4761757,-122.7007956
MLS Listing,,Condo/Co-op,12295 SE Main St,Portland,OR,97233,245900,2,1.0,MILL PARK,962,,1966,11,256,451,Active,,,https://www.redfin.com/OR/Portland/12295-SE-Main-St-97233/home/26403300,RMLS,425162968,N,Y,45.5139831,-122.5363055
MLS Listing,,Single Family Residential,4754 SW Admiral St,Portland,OR,97221,599000,3,3.0,"148 - Portland NW/ SW/ S, Raleigh Hills",2707,,1951,11,221,,Active,August-3-2025 12:00 PM,August-3-2025 02:00 PM,https://www.redfin.com/OR/Portland/4754-SW-Admiral-St-97221/home/25832541,RMLS,448997155,N,Y,45.488388,-122.7260824
MLS Listing,,Condo/Co-op,2245 SW Park Pl Unit 7B,Portland,OR,97205,459000,2,2.0,Goose Hollow/Southwest Hills,1019,,1983,14,450,980,Active,August-2-2025 02:00 PM,August-2-2025 04:00 PM,https://www.redfin.com/OR/Portland/2245-SW-Park-Pl-97205/unit-7B/home/26322672,RMLS,509055248,N,Y,45.5215681,-122.6977911
MLS Listing,,Single Family Residential,7045 N Mears St,Portland,OR,97203,445000,3,2.0,141 - Portland North,1056,5227,1981,14,421,,Active,,,https://www.redfin.com/OR/Portland/7045-N-Mears-St-97203/home/26498208,RMLS,753563650,N,Y,45.5947906,-122.7360216
MLS Listing,,Single Family Residential,152 S Palatine Hill Rd #1,Portland,OR,97219,998000,3,2.5,COLLINS VIEW,2422,16552,1915,14,412,,Active,,,https://www.redfin.com/OR/Portland/152-S-Palatine-Hill-Rd-97219/unit-1/home/196648993,RMLS,405001674,N,Y,45.4587713,-122.6767848
MLS Listing,,Single Family Residential,9341 NW Fox Hollow Ct,Portland,OR,97229,845000,4,3.0,149 - NW Washington Co or Sauvie Island,2345,8276,1988,14,360,,Active,,,https://www.redfin.com/OR/Portland/9341-NW-Fox-Hollow-Ct-97229/home/26693667,RMLS,532168298,N,Y,45.5235058,-122.7728852
MLS Listing,,Single Family Residential,8610 SE Woodward Ct,Portland,OR,97266,435000,3,2.5,143 - Portland Southeast,1661,2178,2021,14,262,,Active,,,https://www.redfin.com/OR/Portland/8610-SE-Woodward-Ct-97266/home/170952376,RMLS,127540381,N,Y,45.501060817,-122.5741379
MLS Listing,,Single Family Residential,6401 SE Hazel St,Portland,OR,97206,349900,3,1.0,"145 - Milwaukie, Gladstone, Happy Valley, Clckmas, Dmscus, Estacada",1413,6098,1949,14,248,,Active,,,https://www.redfin.com/OR/Portland/6401-SE-Hazel-St-97206/home/25987614,RMLS,150120475,N,Y,45.4602743,-122.5970115
MLS Listing,,Single Family Residential,4521 NW 130th Ave,Portland,OR,97229,1050000,5,3.0,149 - NW Washington Co or Sauvie Island,3358,5662,2016,15,313,130,Active,August-3-2025 02:00 PM,August-3-2025 04:00 PM,https://www.redfin.com/OR/Portland/4521-NW-130th-Ave-97229/home/112775909,RMLS,269218972,N,Y,45.5522491,-122.8115583
MLS Listing,,Single Family Residential,1259 SE Dohn Ct,Milwaukie,OR,97267,529000,3,1.0,"145 - Milwaukie, Gladstone, Happy Valley, Clckmas, Dmscus, Estacada",1178,,1960,16,449,,Active,,,https://www.redfin.com/OR/Portland/1259-SE-Dohn-Ct-97267/home/26055586,RMLS,299349901,N,Y,45.4179013,-122.6513937
MLS Listing,,Single Family Residential,12826 SE Main St,Portland,OR,97233,399900,3,2.0,143 - Portland Southeast,1148,5227,1993,16,348,,Active,,,https://www.redfin.com/OR/Portland/12826-SE-Main-St-97233/home/26507460,RMLS,404383739,N,Y,45.5136564,-122.5312557
MLS Listing,,Single Family Residential,14923 NE Graham St,Portland,OR,97230,389900,3,2.5,142 - Portland Northeast,1258,4356,1985,21,310,,Active,,,https://www.redfin.com/OR/Portland/14923-NE-Graham-St-97230/home/26401830,RMLS,680468828,N,Y,45.543644,-122.5082542
MLS Listing,,Single Family Residential,1670 NW 119th Ave,Portland,OR,97229,849900,5,2.5,149 - NW Washington Co or Sauvie Island,3297,11761,1950,21,258,,Active,,,https://www.redfin.com/OR/Portland/1670-NW-119th-Ave-97229/home/26700875,RMLS,577395993,N,Y,45.5317216,-122.7992617
MLS Listing,,Single Family Residential,4024 SE Faith Ave,Milwaukie,OR,97267,799000,5,3.0,"145 - Milwaukie, Gladstone, Happy Valley, Clckmas, Dmscus, Estacada",3112,,2020,22,257,,Active,,,https://www.redfin.com/OR/Portland/4024-SE-Faith-Ave-97267/home/171221699,RMLS,563310395,N,Y,45.3900979,-122.620191
MLS Listing,,Single Family Residential,16290 NW Energia St,Portland,OR,97229,750000,4,3.0,149 - NW Washington Co or Sauvie Island,2561,7405,1997,22,293,,Active,August-3-2025 10:00 AM,August-3-2025 12:00 PM,https://www.redfin.com/OR/Portland/16290-NW-Energia-St-97229/home/26664605,RMLS,767982626,N,Y,45.558065,-122.8438796
MLS Listing,,Condo/Co-op,841 S Gaines St #445,Portland,OR,97239,399900,1,1.0,"148 - Portland NW/ SW/ S, Raleigh Hills",935,,2007,22,428,745,Active,,,https://www.redfin.com/OR/Portland/841-S-Gaines-St-97239/unit-445/home/25838208,RMLS,644391364,N,Y,45.496606,-122.6688712
MLS Listing,,Condo/Co-op,3920 N Montana Ave #301,Portland,OR,97227,440000,2,2.0,141 - Portland North,1104,,2023,23,399,364,Active,,,https://www.redfin.com/OR/Portland/3920-N-Montana-Ave-97227/unit-301/home/183125079,RMLS,187916019,N,Y,45.5512886,-122.6795503
MLS Listing,,Condo/Co-op,,Portland,OR,97225,325000,2,2.0,,1305,,1961,24,249,608,Active,,,https://www.redfin.com/OR/Portland/Undisclosed-address-97225/home/26733623,RMLS,387568926,N,Y,45.4882956,-122.7446118
MLS Listing,,Single Family Residential,8773 N Swenson St,Portland,OR,97203,617000,3,3.5,141 - Portland North,1741,2178,2020,25,354,,Active,,,https://www.redfin.com/OR/Portland/8773-N-Swenson-St-97203/home/162307498,RMLS,280207456,N,Y,45.5991791,-122.7504915
MLS Listing,,Condo/Co-op,1234 SW 18th Ave #501,Portland,OR,97205,349000,1,1.0,GOOSE HOLLOW / THE JEFFERSON,851,,2008,27,410,646,Active,,,https://www.redfin.com/OR/Portland/1234-SW-18th-Ave-97205/unit-501/home/25744752,RMLS,724682469,N,Y,45.5181302,-122.6922737
MLS Listing,,Single Family Residential,3137 NE 70th Ave,Portland,OR,97213,599900,3,2.5,142 - Portland Northeast,2336,4791,1914,28,257,,Active,,,https://www.redfin.com/OR/Portland/3137-NE-70th-Ave-97213/home/26582546,RMLS,398256221,N,Y,45.5459086,-122.5913354
MLS Listing,,Single Family Residential,6026 NE 57th Ave,Portland,OR,97218,699900,4,2.5,142 - Portland Northeast,2801,7405,1938,29,250,,Active,,,https://www.redfin.com/OR/Portland/6026-NE-57th-Ave-97218/home/39900963,RMLS,595459035,N,Y,45.5668897,-122.6040757
MLS Listing,,Condo/Co-op,522 NE Sacramento St,Portland,OR,97212,599000,3,3.5,142 - Portland Northeast,1877,,2009,29,319,300,Active,,,https://www.redfin.com/OR/Portland/522-NE-Sacramento-St-97212/home/25845174,RMLS,728526193,N,Y,45.5392437,-122.6599734
MLS Listing,,Condo/Co-op,6822 N Greenwich Ave,Portland,OR,97217,245000,1,1.0,142 - Portland Northeast,598,,2020,30,410,234,Active,,,https://www.redfin.com/OR/Portland/6822-N-Greenwich-Ave-97217/home/186071430,RMLS,672606941,N,Y,45.5721461,-122.6830274
MLS Listing,,Single Family Residential,5138 SW Santa Monica Ct,Portland,OR,97221,875000,3,2.5,"148 - Portland NW/ SW/ S, Raleigh Hills",1802,10454,1968,35,486,,Active,,,https://www.redfin.com/OR/Portland/5138-SW-Santa-Monica-Ct-97221/home/26523350,RMLS,381782984,N,Y,45.4911888,-122.7301027
MLS Listing,,Single Family Residential,2924 SW Multnomah Blvd,Portland,OR,97219,549900,2,2.0,"148 - Portland NW/ SW/ S, Raleigh Hills",1166,8276,1980,36,472,,Active,,,https://www.redfin.com/OR/Portland/2924-SW-Multnomah-Blvd-97219/home/26587196,RMLS,548744275,N,Y,45.4659704,-122.7070289
MLS Listing,,Single Family Residential,11130 SE Main St,Portland,OR,97216,539999,4,2.5,MILL PARK,2148,7405,1966,36,251,,Active,,,https://www.redfin.com/OR/Portland/11130-SE-Main-St-97216/home/26523754,RMLS,748288233,N,Y,45.5135051,-122.5486736
MLS Listing,,Single Family Residential,3606 NE 72nd Ave,Portland,OR,97213,525000,3,2.0,ROSEWAY,1396,5227,1924,37,376,,Active,,,https://www.redfin.com/OR/Portland/3606-NE-72nd-Ave-97213/home/26517945,RMLS,696393707,N,Y,45.5490084,-122.588624
MLS Listing,,Single Family Residential,665 NE Skidmore St,Portland,OR,97211,799000,4,2.5,142 - Portland Northeast,2305,2613,2015,37,347,,Active,August-3-2025 02:00 PM,August-3-2025 04:00 PM,https://www.redfin.com/OR/Portland/665-NE-Skidmore-St-97211/home/69096367,RMLS,701134566,N,Y,45.554668,-122.658988
MLS Listing,,Condo/Co-op,1455 N Killingsworth St,Portland,OR,97217,399000,2,2.0,141 - Portland North,1136,,2012,37,351,799,Active,August-2-2025 11:00 AM,August-2-2025 01:00 PM,https://www.redfin.com/OR/Portland/1455-N-Killingsworth-St-97217/unit-316/home/40550318,RMLS,531740825,N,Y,45.562892,-122.681739
MLS Listing,,Single Family Residential,4415 SE Salmon St,Portland,OR,97215,425000,2,1.0,143 - Portland Southeast,1378,3484,1909,44,308,,Active,,,https://www.redfin.com/OR/Portland/4415-SE-Salmon-St-97215/home/26579103,RMLS,297238580,N,Y,45.5144733,-122.616717
MLS Listing,,Single Family Residential,152 S Palatine Hill Rd,Portland,OR,97219,729000,3,2.5,Collins View,2422,8276,1915,45,301,,Active,,,https://www.redfin.com/OR/Portland/152-S-Palatine-Hill-Rd-97219/home/26401449,RMLS,538815547,N,Y,45.458774,-122.676742
MLS Listing,,Vacant Land,137 S Orchid Ct,Portland,OR,97219,269900,,,"148 - Portland NW/ SW/ S, Raleigh Hills",,8276,,45,,,Active,,,https://www.redfin.com/OR/Portland/137-S-Orchid-Ct-97219/home/26401446,RMLS,337072930,N,Y,45.4584577,-122.6771001
MLS Listing,,Condo/Co-op,1025 NW Couch St #716,Portland,OR,97209,475000,1,1.5,"148 - Portland NW/ SW/ S, Raleigh Hills",1139,,2004,46,417,950,Active,,,https://www.redfin.com/OR/Portland/1025-NW-Couch-St-97209/unit-716/home/25799413,RMLS,243150899,N,Y,45.5238626,-122.6816732
MLS Listing,,Condo/Co-op,2083 NW Johnson St #21,Portland,OR,97209,235000,1,1.0,ALPHABET DISTRICT / Ball Parc,793,,1911,47,296,450,Active,,,https://www.redfin.com/OR/Portland/2083-NW-Johnson-St-97209/unit-21/home/26551784,RMLS,395508879,N,Y,45.5287317,-122.6941389
MLS Listing,,Condo/Co-op,16417 NW Chadwick Way #302,Portland,OR,97229,279900,1,1.0,149 - NW Washington Co or Sauvie Island,634,,2018,50,441,162,Active,,,https://www.redfin.com/OR/Portland/16417-NW-Chadwick-Way-97229/unit-302/home/170143756,RMLS,383651008,N,Y,45.5698682,-122.8481075
MLS Listing,,Single Family Residential,4017 NE 15th Ave,Portland,OR,97212,525000,3,1.0,142 - Portland Northeast,1940,5227,1914,51,271,,Active,,,https://www.redfin.com/OR/Portland/4017-NE-15th-Ave-97212/home/26479818,RMLS,342083051,N,Y,45.5521887,-122.6506081
MLS Listing,,Single Family Residential,10925 NE Skidmore St,Portland,OR,97220,470000,3,2.0,142 - Portland Northeast,2082,8276,1962,56,226,,Active,,,https://www.redfin.com/OR/Portland/10925-NE-Skidmore-St-97220/home/26365266,RMLS,458915911,N,Y,45.5538197,-122.5500796
MLS Listing,,Condo/Co-op,940 NW Naito Pkwy Unit L12,Portland,OR,97209,285000,2,1.0,"148 - Portland NW/ SW/ S, Raleigh Hills",901,,1982,64,316,730,Active,,,https://www.redfin.com/OR/Portland/940-NW-Naito-Pkwy-97209/unit-L12/home/26602031,RMLS,249260527,N,Y,45.5306058,-122.6747468
MLS Listing,,Single Family Residential,4043 SW Westdale Dr,Portland,OR,97221,1099000,3,2.5,"148 - Portland NW/ SW/ S, Raleigh Hills",3920,16552,1972,64,280,42,Active,,,https://www.redfin.com/OR/Portland/4043-SW-Westdale-Dr-97221/home/26630277,RMLS,625746387,N,Y,45.4970408,-122.7189878
MLS Listing,,Single Family Residential,315 NE 76th Ave,Portland,OR,97213,575000,3,2.0,MONTAVILLA,1752,5227,1908,70,328,,Active,,,https://www.redfin.com/OR/Portland/315-NE-76th-Ave-97213/home/26412509,RMLS,221947741,N,Y,45.524896,-122.5850429
MLS Listing,,Condo/Co-op,949 NW Overton St #1108,Portland,OR,97209,475000,1,1.0,"148 - Portland NW/ SW/ S, Raleigh Hills",987,,2007,71,481,722,Active,August-2-2025 11:00 AM,August-2-2025 01:00 PM,https://www.redfin.com/OR/Portland/949-NW-Overton-St-97209/unit-1108/home/26455223,RMLS,768610860,N,Y,45.532588,-122.6810282
MLS Listing,,Condo/Co-op,116 NE 109th Ave Unit A5,Portland,OR,97220,249000,3,2.5,142 - Portland Northeast,1099,,2019,71,227,400,Active,,,https://www.redfin.com/OR/Portland/116-NE-109th-Ave-97220/unit-A5/home/195990146,RMLS,293559268,N,Y,45.5230567,-122.5499586
MLS Listing,,Single Family Residential,2126 N Farragut St,Portland,OR,97217,335000,1,1.0,KENTON,926,5227,1926,74,362,,Active,,,https://www.redfin.com/OR/Portland/2126-N-Farragut-St-97217/home/26391913,RMLS,145624209,N,Y,45.5786643,-122.6885993
MLS Listing,,Single Family Residential,7809 NE Everett St,Portland,OR,97213,1200000,2,3.0,142 - Portland Northeast,9268,5227,1913,74,129,,Active,,,https://www.redfin.com/OR/Portland/7809-NE-Everett-St-97213/home/26589984,RMLS,723460624,N,Y,45.5247726,-122.5832982
MLS Listing,,Single Family Residential,6429 SE 80th Pl,Portland,OR,97206,430000,3,2.0,MT SCOTT - ARLETA,2004,3920,1910,76,215,,Active,,,https://www.redfin.com/OR/Portland/6429-SE-80th-Pl-97206/home/26405443,RMLS,593372861,N,Y,45.4762365,-122.5813594
MLS Listing,,Condo/Co-op,1926 W Burnside St #606,Portland,OR,97209,249900,1,1.0,THE CIVIC,723,,2006,78,346,410,Active,,,https://www.redfin.com/OR/Portland/1926-W-Burnside-St-97209/unit-606/home/25767870,RMLS,275514190,N,Y,45.5225398,-122.6905683
MLS Listing,,Single Family Residential,13913 SE Eastridge St,Portland,OR,97236,659000,3,2.5,143 - Portland Southeast,2298,8276,2001,85,287,15,Active,,,https://www.redfin.com/OR/Portland/13913-SE-Eastridge-St-97236/home/26601840,RMLS,519590676,N,Y,45.4624503,-122.5203364
MLS Listing,,Townhouse,4412 SE 101st Ave,Portland,OR,97266,374900,2,1.5,143 - Portland Southeast,1052,1742,2003,85,356,,Active,,,https://www.redfin.com/OR/Portland/4412-SE-101st-Ave-97266/home/26542308,RMLS,706379968,N,Y,45.4901352,-122.5595752
MLS Listing,,Single Family Residential,3425 SE 159th Ave,Portland,OR,97236,469000,3,2.0,143 - Portland Southeast,1791,6969,1960,85,262,,Active,,,https://www.redfin.com/OR/Portland/3425-SE-159th-Ave-97236/home/26422319,RMLS,311183688,N,Y,45.4976524,-122.5001569
MLS Listing,,Single Family Residential,4211 SW Vesta St,Portland,OR,97219,630000,4,3.0,"148 - Portland NW/ SW/ S, Raleigh Hills",1748,5227,1984,86,360,,Active,,,https://www.redfin.com/OR/Portland/4211-SW-Vesta-St-97219/home/26524517,RMLS,417927814,N,Y,45.4413095,-122.7202852
MLS Listing,,Single Family Residential,3135 SE Van Waters St,Milwaukie,OR,97222,2548000,7,4.0,"145 - Milwaukie, Gladstone, Happy Valley, Clckmas, Dmscus, Estacada",9175,,1880,86,278,,Active,,,https://www.redfin.com/OR/Portland/3135-SE-Van-Water-St-97222/home/26003911,RMLS,467625371,N,Y,45.4607963,-122.6301653
MLS Listing,,Vacant Land,NE Lombard St,Portland,OR,97218,499000,,,142 - Portland Northeast,,26136,,87,,,Active,,,https://www.redfin.com/OR/Portland/Ne-Lombard-St-97218/home/26486206,RMLS,776486073,N,Y,45.568812,-122.612905
MLS Listing,,Townhouse,12604 NE Prescott Dr,Portland,OR,97230,339000,3,2.0,142 - Portland Northeast,1284,,1972,91,264,550,Active,,,https://www.redfin.com/OR/Portland/12604-NE-Prescott-Dr-97230/home/26480938,RMLS,211691957,N,Y,45.5548925,-122.5324206
MLS Listing,,Townhouse,61 SE 171st Ave,Portland,OR,97233,309900,3,2.5,ROCKWOOD,1092,1306,2002,92,284,,Active,,,https://www.redfin.com/OR/Portland/61-SE-171st-Ave-97233/home/26538595,RMLS,630924348,N,Y,45.521591,-122.4870291
MLS Listing,,Condo/Co-op,910 SE 42nd Ave #250,Portland,OR,97215,287000,1,1.0,BELMONT / SUNNYSIDE,660,,2006,93,435,429,Active,,,https://www.redfin.com/OR/Portland/910-SE-42nd-Ave-97215/unit-250/home/25740498,RMLS,507301011,N,Y,45.516402,-122.619243
MLS Listing,,Single Family Residential,2055 N Alberta St,Portland,OR,97217,674900,4,2.0,141 - Portland North,2541,5227,1911,98,266,,Active,,,https://www.redfin.com/OR/Portland/2055-N-Alberta-St-97217/home/26495999,RMLS,775530578,N,Y,45.5592796,-122.6886309
MLS Listing,,Condo/Co-op,1132 SW 19th Ave #512,Portland,OR,97205,285000,1,1.0,"148 - Portland NW/ SW/ S, Raleigh Hills",688,,1997,99,414,833,Active,August-3-2025 11:00 AM,August-3-2025 01:00 PM,https://www.redfin.com/OR/Portland/1132-SW-19th-Ave-97205/unit-512/home/25768031,RMLS,689962108,N,Y,45.5192278,-122.692622
MLS Listing,,Condo/Co-op,727 SE 33rd Pl #21,Portland,OR,97214,375000,1,1.0,143 - Portland Southeast,909,,2006,106,413,396,Active,August-2-2025 02:00 PM,August-2-2025 04:00 PM,https://www.redfin.com/OR/Portland/727-SE-33rd-Pl-97214/unit-21/home/26608513,RMLS,596943691,N,Y,45.5175261,-122.6304227
MLS Listing,,Multi-Family (2-4 Unit),4314 SE 72nd Ave,Portland,OR,97206,699900,5,4.0,FOSTER - POWELL,3399,,1913,109,206,,Active,,,https://www.redfin.com/OR/Portland/4314-SE-72nd-Ave-97206/home/190615867,RMLS,773199898,N,Y,45.4914504,-122.5889744
MLS Listing,,Single Family Residential,3230 SW Dolph Ct,Portland,OR,97219,795000,5,3.5,"148 - Portland NW/ SW/ S, Raleigh Hills",3190,6969,1977,112,249,,Active,,,https://www.redfin.com/OR/Portland/3230-SW-Dolph-Ct-97219/home/26342413,RMLS,421506215,N,Y,45.4615727,-122.7105506
MLS Listing,,Condo/Co-op,605 NW Lost Springs Ter #102,Portland,OR,97229,379000,2,2.0,"148 - Portland NW/ SW/ S, Raleigh Hills",1186,,2008,113,320,519,Active,,,https://www.redfin.com/OR/Portland/605-NW-Lost-Springs-Ter-97229/unit-102/home/25837471,RMLS,287653521,N,Y,45.5244032,-122.8007793
MLS Listing,,Condo/Co-op,1406 NE 21st Ave #14,Portland,OR,97232,228000,1,1.0,SULLIVAN'S GULCH,597,,1950,116,382,374,Active,,,https://www.redfin.com/OR/Portland/1406-NE-21st-Ave-97232/unit-14/home/26443996,RMLS,604174280,N,Y,45.533141,-122.644601
MLS Listing,,Condo/Co-op,1500 SW Park Ave #119,Portland,OR,97201,290000,1,1.0,"148 - Portland NW/ SW/ S, Raleigh Hills",727,,1988,134,399,609,Active,,,https://www.redfin.com/OR/Portland/1500-SW-Park-Ave-97201/unit-119/home/26461594,RMLS,194182591,N,Y,45.5138845,-122.6828663
MLS Listing,,Condo/Co-op,4121 N Albina Ave,Portland,OR,97217,394900,1,1.0,141 - Portland North,1358,,1912,135,291,330,Active,,,https://www.redfin.com/OR/Portland/4121-N-Albina-Ave-97217/home/26459915,RMLS,465346485,N,Y,45.553631,-122.674664
MLS Listing,,Condo/Co-op,1410 NW Kearney St #717,Portland,OR,97209,375000,1,1.0,PEARL DISTRICT / EDGE LOFTS,1038,,2004,142,361,655,Active,,,https://www.redfin.com/OR/Portland/1410-NW-Kearney-St-97209/unit-717/home/25824564,RMLS,150592319,N,Y,45.5290673,-122.6858498
MLS Listing,,Condo/Co-op,15510 NE Knott St #12,Portland,OR,97230,355000,2,2.0,142 - Portland Northeast,1457,,1999,150,244,385,Active,,,https://www.redfin.com/OR/Portland/15510-NE-Knott-St-97230/unit-12/home/26429780,RMLS,342152565,N,Y,45.5413699,-122.5034827
MLS Listing,,Condo/Co-op,1829 NW Lovejoy St #111,Portland,OR,97209,150000,1,1.0,"148 - Portland NW/ SW/ S, Raleigh Hills",477,,1915,161,314,572,Active,,,https://www.redfin.com/OR/Portland/1829-NW-Lovejoy-St-97209/unit-111/home/25829563,RMLS,154451584,N,Y,45.5300639,-122.6902455
MLS Listing,,Condo/Co-op,3601 S River Pkwy #1118,Portland,OR,97239,389900,1,1.0,"148 - Portland NW/ SW/ S, Raleigh Hills",1205,,2007,177,324,869,Active,,,https://www.redfin.com/OR/Portland/3601-S-River-Pkwy-97239/unit-1118/home/25740867,RMLS,460329347,N,Y,45.4968711,-122.6698197
MLS Listing,,Condo/Co-op,7548 SW Barnes Rd Unit G,Portland,OR,97225,229000,1,1.0,"148 - Portland NW/ SW/ S, Raleigh Hills",624,,1977,180,367,480,Active,,,https://www.redfin.com/OR/Portland/7548-SW-Barnes-Rd-97225/unit-G/home/26728317,RMLS,318578713,N,Y,45.5094352,-122.7564566
MLS Listing,,Condo/Co-op,7510 SW Barnes Rd Unit A,Portland,OR,97225,250000,1,1.0,"148 - Portland NW/ SW/ S, Raleigh Hills",812,,1977,182,308,616,Active,,,https://www.redfin.com/OR/Portland/7510-SW-Barnes-Rd-97225/unit-A/home/26724610,RMLS,173054937,N,Y,45.5093036,-122.7544809
MLS Listing,,Condo/Co-op,1420 NW Lovejoy St #518,Portland,OR,97209,277000,1,1.0,"148 - Portland NW/ SW/ S, Raleigh Hills",736,,1910,182,376,630,Active,,,https://www.redfin.com/OR/Portland/1420-NW-Lovejoy-St-97209/unit-518/home/25747805,RMLS,708539921,N,Y,45.5299295,-122.6860478
MLS Listing,,Vacant Land,2021 SE Tibbetts St,Portland,OR,97202,180000,,,143 - Portland Southeast,,,,184,,,Active,,,https://www.redfin.com/OR/Portland/2021-SE-Tibbetts-St-97202/home/26333090,RMLS,596188509,N,Y,45.5007644,-122.6450936
MLS Listing,,Vacant Land,7134 N Richmond Ave,Portland,OR,97203,385000,,,141 - Portland North,,5227,,245,,,Active,,,https://www.redfin.com/OR/Portland/7134-N-Richmond-Ave-97203/home/26618592,RMLS,24197842,N,Y,45.5874893,-122.7517143
MLS Listing,,Vacant Land,W Side 841 NW Greenlea Rd,Portland,OR,97035,309000,,,"148 - Portland NW/ SW/ S, Raleigh Hills",,30492,,323,,,Active,,,https://www.redfin.com/OR/Portland/841-NW-Greenleaf-Rd-97229/home/49683337,RMLS,24522408,N,Y,45.529125,-122.7515
MLS Listing,,Vacant Land,E Side NW Germantown Rd,Portland,OR,97231,85000,,,"148 - Portland NW/ SW/ S, Raleigh Hills",,13503,,1048,,,Active,,,https://www.redfin.com/OR/Portland/Nw-Germantown-Rd-97231/home/49695747,RMLS,22109626,N,Y,45.590762,-122.823363
MLS Listing,,Single Family Residential,13519 SE Harold St,Portland,OR,97236,635000,5,2.0,143 - Portland Southeast,2530,10018,1951,1,251,,Active,,,https://www.redfin.com/OR/Portland/13519-SE-Harold-St-97236/home/26606275,RMLS,639468078,N,Y,45.4836469,-122.524221
MLS Listing,,Single Family Residential,5820 SW Miles Ct,Portland,OR,97219,825000,5,2.5,MAPLEWOOD,2793,14810,1956,1,295,,Active,August-2-2025 12:00 PM,August-2-2025 02:00 PM,https://www.redfin.com/OR/Portland/5820-SW-Miles-Ct-97219/home/26593819,RMLS,485507722,N,Y,45.4721433,-122.7368293
MLS Listing,,Single Family Residential,3257 N Baldwin St,Portland,OR,97217,549000,4,2.5,141 - Portland North,1745,2613,2024,1,315,,Active,,,https://www.redfin.com/OR/Portland/3257-N-Baldwin-St-97217/home/175369881,RMLS,342722953,N,Y,45.5787123,-122.7003143
MLS Listing,,Single Family Residential,7015 SE Boise St,Portland,OR,97206,515000,3,2.0,FOSTER - POWELL,1693,3920,1904,1,304,,Active,August-3-2025 01:00 PM,August-3-2025 03:00 PM,https://www.redfin.com/OR/Portland/7015-SE-Boise-St-97206/home/26495251,RMLS,394812694,N,Y,45.4926123,-122.5906849
MLS Listing,,Single Family Residential,516 SE 58th Ave,Portland,OR,97215,499900,2,1.0,143 - Portland Southeast,1203,6098,1948,1,416,,Active,,,https://www.redfin.com/OR/Portland/516-SE-58th-Ave-97215/home/26319447,RMLS,219852655,N,Y,45.5189782,-122.6039336
MLS Listing,,Single Family Residential,8553 N Tioga Ave,Portland,OR,97203,459000,3,1.0,141 - Portland North,1545,5227,1955,1,297,,Active,August-1-2025 04:00 PM,August-1-2025 06:00 PM,https://www.redfin.com/OR/Portland/8553-N-Tioga-Ave-97203/home/25857770,RMLS,498849298,N,Y,45.5905646,-122.7437057
MLS Listing,,Condo/Co-op,4504 NW Barnes Rd,Portland,OR,97210,415000,2,2.0,"148 - Portland NW/ SW/ S, Raleigh Hills",1040,,1972,1,399,400,Active,August-2-2025 01:00 PM,August-2-2025 03:00 PM,https://www.redfin.com/OR/Portland/4504-NW-Barnes-Rd-97210/home/26531837,RMLS,341968360,N,Y,45.5198066,-122.7230274
MLS Listing,,Single Family Residential,6040 N Omaha Ave,Portland,OR,97217,475000,3,1.0,141 - Portland North,2646,5227,1929,1,180,,Active,,,https://www.redfin.com/OR/Portland/6040-N-Omaha-Ave-97217/home/26436821,RMLS,706496934,N,Y,45.5669973,-122.6899799
MLS Listing,,Single Family Residential,305 N Buffalo St,Portland,OR,97217,650000,5,2.0,PIEDMONT,2703,4791,1940,1,240,,Active,August-2-2025 12:00 PM,August-2-2025 02:00 PM,https://www.redfin.com/OR/Portland/305-N-Buffalo-St-97217/home/181084251,RMLS,651807399,N,Y,45.5752929,-122.6695845
MLS Listing,,Condo/Co-op,1314 NW Irving St #314,Portland,OR,97209,364900,1,1.0,PEARL DISTRICT,1188,,1925,1,307,982,Active,,,https://www.redfin.com/OR/Portland/1314-NW-Irving-St-97209/unit-314/home/26409709,RMLS,193227075,N,Y,45.5276711,-122.6848347
MLS Listing,,Single Family Residential,7067 N University Ave,Portland,OR,97203,665000,3,2.0,UNIVERSITY PARK,2316,6098,1944,1,287,,Active,August-2-2025 11:00 AM,August-2-2025 02:00 PM,https://www.redfin.com/OR/Portland/7067-N-University-Ave-97203/home/26298968,RMLS,727977541,N,Y,45.5761869,-122.7175395
MLS Listing,,Single Family Residential,1915 NE Bryant St,Portland,OR,97211,385000,4,1.0,Woodlawn,2580,7840,1948,1,149,,Active,,,https://www.redfin.com/OR/Portland/1915-NE-Bryant-St-97211/home/26658261,RMLS,516840494,N,Y,45.5734084,-122.6456071
MLS Listing,,Single Family Residential,13687 SW Charleston Ln,Portland,OR,97224,1100000,4,2.5,MOUNTAIN GATE,3416,14374,1993,1,322,8,Active,,,https://www.redfin.com/OR/Portland/13687-SW-Charleston-Ln-97224/home/26608071,RMLS,477063441,N,Y,45.4098288,-122.8181981
MLS Listing,,Single Family Residential,9816 N Central St,Portland,OR,97203,390000,3,2.0,141 - Portland North,1624,5227,1929,1,240,,Active,August-2-2025 12:00 PM,August-2-2025 02:00 PM,https://www.redfin.com/OR/Portland/9816-N-Central-St-97203/home/26408803,RMLS,354485975,N,Y,45.5983156,-122.7592207
MLS Listing,,Single Family Residential,15218 NW Twinflower Dr,Portland,OR,97229,669900,4,2.5,KAISER WOODS,1848,5227,1997,1,363,24,Active,August-2-2025 02:00 PM,August-2-2025 04:00 PM,https://www.redfin.com/OR/Portland/15218-NW-Twinflower-Dr-97229/home/26703113,RMLS,215623353,N,Y,45.563647,-122.8340685
MLS Listing,,Single Family Residential,1380 SW Carson St,Portland,OR,97219,921000,5,2.5,SOUTH BURLINGAME,2747,4791,2020,1,335,,Active,August-2-2025 02:00 PM,August-2-2025 04:00 PM,https://www.redfin.com/OR/Portland/1380-SW-Carson-St-97219/home/167015053,RMLS,760390315,N,Y,45.4639987,-122.6927601
MLS Listing,,Single Family Residential,4126 SW Idaho Ter,Portland,OR,97221,825000,6,2.0,VERMONT HILLS / GABRIEL PARK,3599,9583,1955,1,229,,Active,,,https://www.redfin.com/OR/Portland/4126-SW-Idaho-Ter-97221/home/25866248,RMLS,640212846,N,Y,45.4769246,-122.7198067
MLS Listing,,Single Family Residential,4726 N Oberlin St,Portland,OR,97203,579900,4,2.5,141 - Portland North,1666,3484,2006,1,348,,Active,,,https://www.redfin.com/OR/Portland/4726-N-Oberlin-St-97203/home/26574204,RMLS,184110956,N,Y,45.5778205,-122.7172793
MLS Listing,,Condo/Co-op,2245 SW Park Pl Unit 3A,Portland,OR,97205,274900,2,2.0,KINGS HILL,1019,,1983,1,270,923,Active,August-3-2025 11:00 AM,August-3-2025 02:00 PM,https://www.redfin.com/OR/Portland/2245-SW-Park-Pl-97205/unit-3A/home/26321750,RMLS,143240379,N,Y,45.5215681,-122.6977911
MLS Listing,,Single Family Residential,7707 SW Pine St,Portland,OR,97223,437000,2,1.0,METZGER,1816,7405,1950,1,241,,Active,,,https://www.redfin.com/OR/Portland/7707-SW-Pine-St-97223/home/26693523,RMLS,206815354,N,Y,45.4433979,-122.7568231
MLS Listing,,Condo/Co-op,1500 SW Park Ave #531,Portland,OR,97201,279900,1,1.0,University Park Condos,597,,1988,1,469,439,Active,,,https://www.redfin.com/OR/Portland/1500-SW-Park-Ave-97201/unit-531/home/26592819,RMLS,341130981,N,Y,45.5138845,-122.6828663
MLS Listing,,Single Family Residential,4755 NW Shaniko Ct,Portland,OR,97229,579900,3,2.0,Rock Creek,1518,9147,1975,1,382,,Active,August-2-2025 02:00 PM,August-2-2025 04:00 PM,https://www.redfin.com/OR/Portland/4755-NW-Shaniko-Ct-97229/home/26591197,RMLS,552920177,N,Y,45.5546724,-122.8658544
MLS Listing,,Condo/Co-op,2076 NW Johnson St #102,Portland,OR,97209,189000,0,1.0,Alphabet District,466,,1927,1,406,502,Active,,,https://www.redfin.com/OR/Portland/2076-NW-Johnson-St-97209/unit-102/home/25838480,RMLS,325873382,N,Y,45.5282474,-122.6940821
MLS Listing,,Single Family Residential,10019 NE Alton St,Portland,OR,97220,549000,2,1.0,142 - Portland Northeast,2150,7405,1941,1,255,,Active,August-2-2025 11:00 AM,August-2-2025 01:00 PM,https://www.redfin.com/OR/Portland/10019-NE-Alton-St-97220/home/26412005,RMLS,269499098,N,Y,45.5505911,-122.5594566
MLS Listing,,Single Family Residential,4721 SW Arnold St,Portland,OR,97219,550000,4,2.0,"148 - Portland NW/ SW/ S, Raleigh Hills",1560,5227,1986,1,353,,Active,August-2-2025 02:00 PM,August-2-2025 04:00 PM,https://www.redfin.com/OR/Portland/4721-SW-Arnold-St-97219/home/26561540,RMLS,186880148,N,Y,45.4448509,-122.7257272
MLS Listing,,Single Family Residential,16162 NW Energia St,Portland,OR,97229,724900,4,2.5,BETHANY,2240,6534,1997,1,324,,Active,August-1-2025 05:00 PM,August-1-2025 07:00 PM,https://www.redfin.com/OR/Portland/16162-NW-Energia-St-97229/home/26688631,RMLS,210924569,N,Y,45.5588918,-122.8440868
MLS Listing,,Single Family Residential,3106 NE Skidmore St,Portland,OR,97211,899900,4,2.0,142 - Portland Northeast,2714,5662,1927,1,332,,Active,August-2-2025 12:00 PM,August-2-2025 02:00 PM,https://www.redfin.com/OR/Portland/3106-NE-Skidmore-St-97211/home/26435881,RMLS,107693331,N,Y,45.5541152,-122.6336004
MLS Listing,,Single Family Residential,842 NE Killingsworth St,Portland,OR,97211,999000,6,3.0,KING / ALBERTA ARTS,3406,3920,1909,1,293,,Active,August-2-2025 11:00 AM,August-2-2025 01:00 PM,https://www.redfin.com/OR/Portland/842-NE-Killingsworth-St-97211/home/26427786,RMLS,787527886,N,Y,45.5625341,-122.6569872
MLS Listing,,Single Family Residential,1033 NW Eloise Ln,Portland,OR,97229,1550000,4,4.0,"148 - Portland NW/ SW/ S, Raleigh Hills",4278,49222,2004,1,362,333,Active,,,https://www.redfin.com/OR/Portland/1033-NW-Eloise-Ln-97229/home/26548660,RMLS,349411745,N,Y,45.5306031,-122.7496958
MLS Listing,,Multi-Family (2-4 Unit),1267 NE 183rd Ave,Portland,OR,97230,700000,8,4.0,142 - Portland Northeast,850,14374,1979,1,824,,Active,,,https://www.redfin.com/OR/Portland/1267-NE-183rd-Ave-97230/home/26390117,RMLS,137242199,N,Y,45.5323942,-122.4750369
MLS Listing,,Single Family Residential,12428 SW 55th Pl,Portland,OR,97219,840000,4,2.5,Far SW Portland,2735,10454,1995,1,307,,Active,,,https://www.redfin.com/OR/Portland/12428-SW-55th-Pl-97219/home/26555544,RMLS,129117936,N,Y,45.4357017,-122.7337147
MLS Listing,,Single Family Residential,8325 N Newman Ave,Portland,OR,97203,548900,3,1.5,PORTSMOUTH,2003,5227,1948,1,274,,Active,August-2-2025 01:00 PM,August-2-2025 03:00 PM,https://www.redfin.com/OR/Portland/8325-N-Newman-Ave-97203/home/25783538,RMLS,649376243,N,Y,45.5833567,-122.7156559
MLS Listing,,Single Family Residential,5317 SE Steele St,Portland,OR,97206,639900,3,1.0,WOODSTOCK,1968,8276,1927,1,325,,Active,August-3-2025 01:00 PM,August-3-2025 03:00 PM,https://www.redfin.com/OR/Portland/5317-SE-Steele-St-97206/home/26368452,RMLS,222044522,N,Y,45.4848254,-122.607656
MLS Listing,,Single Family Residential,1014 SE 179th Ave,Portland,OR,97233,375000,3,1.0,ROCKWOOD,1000,6969,1958,1,375,,Active,,,https://www.redfin.com/OR/Portland/1014-SE-179th-Ave-97233/home/26367517,RMLS,280894244,N,Y,45.5153337,-122.4785736
MLS Listing,,Townhouse,9946 NW Abbey Rd,Portland,OR,97229,575000,2,2.5,"148 - Portland NW/ SW/ S, Raleigh Hills",1840,,1997,1,313,598,Active,August-2-2025 12:30 PM,August-2-2025 02:30 PM,https://www.redfin.com/OR/Portland/9946-NW-Abbey-Rd-97229/home/26567881,RMLS,294625941,N,Y,45.5366157,-122.7793515
MLS Listing,,Single Family Residential,5815 N Boston Ave,Portland,OR,97217,625000,3,2.0,OVERLOOK / ARBOR LODGE,1870,5227,1916,1,334,,Active,August-2-2025 10:00 AM,August-2-2025 12:00 PM,https://www.redfin.com/OR/Portland/5815-N-Boston-Ave-97217/home/26500543,RMLS,527074038,N,Y,45.565402,-122.6917831
MLS Listing,,Single Family Residential,239 S Flower St,Portland,OR,97239,1189995,4,3.5,JOHN'S LANDING,3102,3049,2025,1,384,,Active,August-3-2025 05:00 PM,August-3-2025 07:00 PM,https://www.redfin.com/OR/Portland/239-S-Flower-St-97239/home/170024763,RMLS,569851349,N,Y,45.4826663,-122.6764718
MLS Listing,,Single Family Residential,3115 N Winchell St,Portland,OR,97217,524900,3,1.0,KENTON,1407,5227,1927,1,373,,Active,August-2-2025 11:00 AM,August-2-2025 01:00 PM,https://www.redfin.com/OR/Portland/3115-N-Winchell-St-97217/home/26597846,RMLS,615825264,N,Y,45.5807581,-122.6984194
MLS Listing,,Multi-Family (2-4 Unit),5153 NE Killingsworth St,Portland,OR,97218,797500,8,4.0,142 - Portland Northeast,3328,9147,1984,1,240,,Active,,,https://www.redfin.com/OR/Portland/5153-NE-Killingsworth-St-97218/home/26447352,RMLS,238428677,N,Y,45.563616,-122.610028
MLS Listing,,Single Family Residential,2535 SE 32nd Ave,Portland,OR,97202,485000,3,1.5,143 - Portland Southeast,2264,,1906,1,214,,Active,,,https://www.redfin.com/OR/Portland/2535-SE-32nd-Ave-97202/home/26404595,RMLS,533780649,N,Y,45.5042743,-122.6328169
MLS Listing,,Single Family Residential,7814 N Emerald Ave,Portland,OR,97217,475000,3,1.0,Kenton,1720,5227,1950,1,276,,Active,,,https://www.redfin.com/OR/Portland/7814-N-Emerald-Ave-97217/home/26479636,RMLS,221729310,N,Y,45.5801519,-122.6996758
MLS Listing,,Single Family Residential,4780 NW Kiwanda Dr,Portland,OR,97229,990000,4,4.0,ROCK CREEK,3222,10454,1975,1,307,,Active,,,https://www.redfin.com/OR/Portland/4780-NW-Kiwanda-Dr-97229/home/26735254,RMLS,325853867,N,Y,45.5547865,-122.8881445
MLS Listing,,Single Family Residential,636 SE 45th Ave,Portland,OR,97215,1050000,3,3.0,143 - Portland Southeast,2189,4791,1890,1,480,,Active,,,https://www.redfin.com/OR/Portland/636-SE-45th-Ave-97215/home/26544009,RMLS,752562939,N,Y,45.5180291,-122.6159051
MLS Listing,,Single Family Residential,3526 NE 66th Ave,Portland,OR,97213,599000,3,1.5,ROSEWAY,2498,5227,1940,1,240,,Active,August-2-2025 01:00 PM,August-2-2025 03:00 PM,https://www.redfin.com/OR/Portland/3526-NE-66th-Ave-97213/home/26404033,RMLS,380026058,N,Y,45.5486524,-122.5950696
MLS Listing,,Single Family Residential,5427 N Yale St,Portland,OR,97203,449950,5,2.0,UNIVERSITY PARK,2072,4356,1925,1,217,,Active,August-2-2025 02:00 PM,August-2-2025 04:00 PM,https://www.redfin.com/OR/Portland/5427-N-Yale-St-97203/home/25754660,RMLS,345762119,N,Y,45.5781158,-122.7289506
MLS Listing,,Single Family Residential,4047 NE 8th Ave,Portland,OR,97212,1089000,4,3.5,142 - Portland Northeast,2946,5227,1910,1,370,,Active,August-2-2025 01:00 PM,August-2-2025 03:00 PM,https://www.redfin.com/OR/Portland/4047-NE-8th-Ave-97212/home/26488556,RMLS,749538781,N,Y,45.5527583,-122.6578672
MLS Listing,,Single Family Residential,10421 SW 63rd Dr,Portland,OR,97219,725000,4,2.0,ASHCREEK,2370,11761,1958,1,306,,Active,August-3-2025 01:00 PM,August-3-2025 03:00 PM,https://www.redfin.com/OR/Portland/10421-SW-63rd-Dr-97219/home/26337403,RMLS,145678688,N,Y,45.4502291,-122.7422447
MLS Listing,,Single Family Residential,9190 SW West Haven Dr,Portland,OR,97225,864900,4,2.5,WEST HAVEN,2606,6534,2011,1,332,23,Active,,,https://www.redfin.com/OR/Portland/9190-SW-West-Haven-Dr-97225/home/25834555,RMLS,704276164,N,Y,45.5136311,-122.7715819
MLS Listing,,Single Family Residential,9202 NW Benson Ct,Portland,OR,97229,999000,5,3.5,Forest Ridge,3641,9583,1994,1,274,71,Active,,,https://www.redfin.com/OR/Portland/9202-NW-Benson-Ct-97229/home/26491065,RMLS,756962434,N,Y,45.5381805,-122.7716671
MLS Listing,,Single Family Residential,8234 SW 10th Ave,Portland,OR,97219,765000,4,2.5,SOUTH BURLINGAME,2069,4356,2003,1,370,,Active,August-2-2025 01:00 PM,August-2-2025 03:00 PM,https://www.redfin.com/OR/Portland/8234-SW-10th-Ave-97219/home/26662035,RMLS,756469543,N,Y,45.4649092,-122.6882318
MLS Listing,,Condo/Co-op,11923 SE Ash St #16,Portland,OR,97216,189900,1,1.0,HAZELWOOD,539,,2008,1,352,350,Active,,,https://www.redfin.com/OR/Portland/11923-SE-Ash-St-97216/unit-16/home/25783210,RMLS,360435201,N,Y,45.5212322,-122.5398743
MLS Listing,,Single Family Residential,10510 NE Russell Ct,Portland,OR,97220,499000,4,2.5,142 - Portland Northeast,2376,6534,1960,1,210,,Active,,,https://www.redfin.com/OR/Portland/10510-NE-Russell-Ct-97220/home/26427463,RMLS,638022938,N,Y,45.5411316,-122.554595
MLS Listing,,Townhouse,114 Greenridge Ct,Lake Oswego,OR,97035,575000,3,2.5,MOUNTAIN PARK,1824,,1973,1,315,756,Active,,,https://www.redfin.com/OR/Lake-Oswego/114-Greenridge-Ct-97035/home/26051506,RMLS,747508587,N,Y,45.4322493,-122.7063778
MLS Listing,,Single Family Residential,5375 NW Edgebrook Pl,Portland,OR,97210,735000,4,2.0,149 - NW Washington Co or Sauvie Island,2277,8712,1983,1,323,17,Active,,,https://www.redfin.com/OR/Portland/5375-NW-Edgebrook-Pl-97229/home/26703656,RMLS,769464101,N,Y,45.5587157,-122.8855748
MLS Listing,,Townhouse,2657 NE 6th Pl,Portland,OR,97212,419000,2,2.5,IRVINGTON,1307,1306,1999,1,321,262,Active,August-2-2025 11:00 AM,August-2-2025 01:00 PM,https://www.redfin.com/OR/Portland/2657-NE-6th-Pl-97212/home/26598352,RMLS,673177590,N,Y,45.5417999,-122.6596667
MLS Listing,,Mobile/Manufactured Home,3930 SE 162nd Ave #5,Portland,OR,97236,120000,3,2.0,Meadowcrest Farm Estates,1568,,1996,1,77,,Active,,,https://www.redfin.com/OR/Portland/3930-SE-162nd-Ave-97236/unit-5/home/26435382,RMLS,227719313,N,Y,45.4928241,-122.4943938
MLS Listing,,Single Family Residential,5709 SE Morrison St,Portland,OR,97215,599900,3,2.0,MT TABOR,2516,5662,1938,1,238,,Active,,,https://www.redfin.com/OR/Portland/5709-SE-Morrison-St-97215/home/26434125,RMLS,564113688,N,Y,45.5176192,-122.6047904
MLS Listing,,Single Family Residential,7065 N Woolsey Ave,Portland,OR,97203,825000,4,2.0,UNIVERSITY PARK,2532,5662,1945,1,326,,Active,August-2-2025 11:00 AM,August-2-2025 01:00 PM,https://www.redfin.com/OR/Portland/7065-N-Woolsey-Ave-97203/home/25799112,RMLS,286570891,N,Y,45.5766222,-122.7137806
MLS Listing,,Single Family Residential,12515 SE Ramona St,Portland,OR,97236,419950,2,2.0,143 - Portland Southeast,1432,5227,1925,1,293,,Active,,,https://www.redfin.com/OR/Portland/12515-SE-Ramona-St-97236/home/26537872,RMLS,418064589,N,Y,45.4803434,-122.5344251
MLS Listing,,Single Family Residential,1525 SW Martha St,Portland,OR,97239,995000,5,3.0,"148 - Portland NW/ SW/ S, Raleigh Hills",2744,7840,1957,1,363,,Active,August-3-2025 03:00 PM,August-3-2025 05:00 PM,https://www.redfin.com/OR/Portland/1525-SW-Martha-St-97239/home/26304302,RMLS,742167565,N,Y,45.4830911,-122.6935714
MLS Listing,,Single Family Residential,13838 SE Taylor St,Portland,OR,97233,399999,2,1.0,143 - Portland Southeast,939,8712,1927,1,426,,Active,August-3-2025 11:00 AM,August-3-2025 02:00 PM,https://www.redfin.com/OR/Portland/13838-SE-Taylor-St-97233/home/26474695,RMLS,738643818,N,Y,45.5154642,-122.5214028
MLS Listing,,Condo/Co-op,708 N Killingsworth St #3,Portland,OR,97217,179900,0,1.0,141 - Portland North,402,,1913,1,448,142,Active,,,https://www.redfin.com/OR/Portland/708-N-Killingsworth-St-97217/unit-3/home/195582088,RMLS,419169573,N,Y,45.562449,-122.674181
MLS Listing,,Condo/Co-op,708 N Killingsworth St #10,Portland,OR,97217,231999,1,1.0,141 - Portland North,510,,1913,1,455,180,Active,,,https://www.redfin.com/OR/Portland/708-N-Killingsworth-St-97217/unit-10/home/195582092,RMLS,490164809,N,Y,45.562449,-122.674181
MLS Listing,,Condo/Co-op,1540 SE Martins St Unit D,Portland,OR,97202,499000,2,2.5,SELLWOOD-MORELAND,1640,,2009,1,304,699,Active,August-2-2025 03:00 PM,August-2-2025 05:00 PM,https://www.redfin.com/OR/Portland/1540-SE-Martins-St-97202/unit-D/home/25841007,RMLS,590220923,N,Y,45.478532,-122.649688
MLS Listing,,Condo/Co-op,726 NW 11th Ave #512,Portland,OR,97209,300000,1,1.0,PEARL DISTRICT / TANNER PLACE,625,,2000,1,480,475,Active,,,https://www.redfin.com/OR/Portland/726-NW-11th-Ave-97209/unit-512/home/26425166,RMLS,438174532,N,Y,45.5281926,-122.682098
MLS Listing,,Single Family Residential,7028 SE 86th Ave,Portland,OR,97266,550000,4,2.0,LENTS AREA,2194,5227,1956,1,251,,Active,August-1-2025 04:00 PM,August-1-2025 06:00 PM,https://www.redfin.com/OR/Portland/7028-SE-86th-Ave-97266/home/26496142,RMLS,226449929,N,Y,45.4716012,-122.574665
MLS Listing,,Vacant Land,804 NE 93rd Ave,Portland,OR,97220,299900,,,142 - Portland Northeast,,4356,,1,,,Active,,,https://www.redfin.com/OR/Portland/804-NE-93rd-Ave-97220/home/26418449,RMLS,501227349,N,Y,45.5288761,-122.5674126
MLS Listing,,Condo/Co-op,1410 SE Claybourne St Unit C,Portland,OR,97202,449000,2,2.0,143 - Portland Southeast,855,,2024,1,525,22,Active,August-1-2025 12:00 PM,August-1-2025 02:00 PM,https://www.redfin.com/OR/Portland/1410-SE-Claybourne-St-97202/unit-C/home/193092786,RMLS,258412532,N,Y,45.474954,-122.6515967
MLS Listing,,Single Family Residential,6437 NE 38th Ave,Portland,OR,97211,575000,4,2.5,142 - Portland Northeast,2952,7405,1950,1,195,,Active,,,https://www.redfin.com/OR/Portland/6437-NE-38th-Ave-97211/home/25824829,RMLS,757013779,N,Y,45.5697262,-122.6248134
MLS Listing,,Single Family Residential,15112 SE Woodward St,Portland,OR,97236,425000,3,1.0,TRANQUIL TERRACE,1128,6969,1966,1,377,,Active,,,https://www.redfin.com/OR/Portland/15112-SE-Woodward-St-97236/home/26334086,RMLS,290406131,N,Y,45.5007251,-122.5075542
MLS Listing,,Single Family Residential,9728 NW Kaylee St,Portland,OR,97229,849900,3,2.5,The Gables,2896,7840,2002,1,293,203,Active,August-2-2025 01:00 PM,August-2-2025 03:00 PM,https://www.redfin.com/OR/Portland/9728-NW-Kaylee-St-97229/home/25761116,RMLS,647923243,N,Y,45.5410673,-122.7762449
MLS Listing,,Single Family Residential,6415 SE 93rd Ave,Portland,OR,97266,449000,3,2.0,LENTS,2070,4791,1922,1,217,,Active,August-2-2025 12:00 PM,August-2-2025 03:00 PM,https://www.redfin.com/OR/Portland/6415-SE-93rd-Ave-97266/home/25798936,RMLS,331323437,N,Y,45.4763356,-122.5678832
MLS Listing,,Single Family Residential,8112 SW 61st Ave,Portland,OR,97219,899900,4,2.5,GARDEN HOME,2904,8712,2005,1,310,,Active,,,https://www.redfin.com/OR/Portland/8112-SW-61st-Ave-97219/home/26570302,RMLS,587656369,N,Y,45.4662105,-122.7392268
MLS Listing,,Single Family Residential,17909 NE Everett Ct,Portland,OR,97230,449000,5,2.0,142 - Portland Northeast,1460,6969,1966,1,308,,Active,,,https://www.redfin.com/OR/Portland/17909-NE-Everett-Ct-97230/home/25865693,RMLS,378994386,N,Y,45.5245177,-122.4787973
MLS Listing,,Single Family Residential,4724 SE Thiessen Rd,Milwaukie,OR,97267,574900,4,2.0,"OAK GROVE, MILWAUKIE",2313,22215,1935,1,249,,Active,August-6-2025 01:30 PM,August-6-2025 03:30 PM,https://www.redfin.com/OR/Portland/4724-SE-Thiessen-Rd-97267/home/26074370,RMLS,501527855,N,Y,45.4096224,-122.6148693
MLS Listing,,Condo/Co-op,5817 NE 10th Ave,Portland,OR,97211,315000,2,1.0,142 - Portland Northeast,669,,1953,1,471,272,Active,August-2-2025 11:00 AM,August-2-2025 01:00 PM,https://www.redfin.com/OR/Portland/5817-NE-10th-Ave-97211/home/181081525,RMLS,615049632,N,Y,45.5649779,-122.6554334
MLS Listing,,Condo/Co-op,7931 SW 40th Ave Unit H,Portland,OR,97219,275000,2,2.0,"148 - Portland NW/ SW/ S, Raleigh Hills",893,,1990,1,308,626,Active,,,https://www.redfin.com/OR/Portland/7931-SW-40th-Ave-97219/unit-H/home/25805011,RMLS,211694825,N,Y,45.4669673,-122.7190329
MLS Listing,,Single Family Residential,7909 SE 79th Ave,Portland,OR,97206,349900,3,2.0,FLAVEL PARK,1092,6969,1981,1,320,,Active,,,https://www.redfin.com/OR/Portland/7909-SE-79th-Ave-97206/home/26562390,RMLS,530356605,N,Y,45.4662216,-122.5833522
MLS Listing,,Single Family Residential,5011 SE 45th Ave,Portland,OR,97206,539950,3,2.0,WOODSTOCK,1920,3920,1921,1,281,,Active,August-2-2025 01:00 PM,August-2-2025 03:00 PM,https://www.redfin.com/OR/Portland/5011-SE-45th-Ave-97206/home/26316166,RMLS,429633740,N,Y,45.4863703,-122.6167647
MLS Listing,,Single Family Residential,4737 SE 48th Ave,Portland,OR,97206,535000,2,1.0,Kelso,1203,6534,1936,1,445,,Active,,,https://www.redfin.com/OR/Portland/4737-SE-48th-Ave-97206/home/26312238,RMLS,519826763,N,Y,45.4878893,-122.6132723
MLS Listing,,Condo/Co-op,7290 SW 13th St,Portland,OR,97239,689900,3,3.5,BURLINGAME,1905,,2015,1,362,94,Active,August-2-2025 12:00 PM,August-2-2025 02:00 PM,https://www.redfin.com/OR/Portland/7290-SW-13th-Ave-97219/home/196751158,RMLS,428152942,N,Y,45.4721152,-122.6922821
MLS Listing,,Condo/Co-op,5816 NE 6th Ave,Portland,OR,97211,299900,1,1.0,142 - Portland Northeast,581,,1926,1,516,275,Active,August-2-2025 11:00 AM,August-2-2025 01:00 PM,https://www.redfin.com/OR/Portland/5816-NE-6th-Ave-97211/home/25836711,RMLS,692642830,N,Y,45.565116,-122.659446
MLS Listing,,Condo/Co-op,,Portland,OR,97214,324000,1,1.0,,589,,2018,1,550,390,Active,August-2-2025 01:00 PM,August-2-2025 03:00 PM,https://www.redfin.com/OR/Portland/Undisclosed-address-97214/home/170024199,RMLS,448838284,N,Y,45.513069,-122.647329
MLS Listing,,Single Family Residential,7235 SW 54th Ave,Portland,OR,97219,475000,2,1.0,MAPLEWOOD/MULTNOMAH VILLAGE,930,6098,1912,1,511,,Active,August-2-2025 11:00 AM,August-2-2025 01:00 PM,https://www.redfin.com/OR/Portland/7235-SW-54th-Ave-97219/home/26513768,RMLS,272530371,N,Y,45.4723398,-122.7331411
MLS Listing,,Single Family Residential,2601 SW Troy St,Portland,OR,97219,699000,4,2.0,MULTNOMAH VILLAGE,1521,12632,1948,1,460,,Active,August-2-2025 12:00 PM,August-2-2025 02:00 PM,https://www.redfin.com/OR/Portland/2601-SW-Troy-St-97219/home/26539449,RMLS,666328741,N,Y,45.4684682,-122.7035723
MLS Listing,,Single Family Residential,9304 N Exeter Ave,Portland,OR,97203,499000,3,2.0,PORTSMOUTH,1233,5227,1944,1,405,,Active,August-2-2025 12:00 PM,August-2-2025 02:30 PM,https://www.redfin.com/OR/Portland/9304-N-Exeter-Ave-97203/home/26403782,RMLS,718875140,N,Y,45.5898341,-122.7218589
MLS Listing,,Single Family Residential,12245 SW Park Way,Portland,OR,97225,600000,3,1.5,Cedar Hills,1316,6969,1954,1,456,18,Active,August-2-2025 12:00 PM,August-2-2025 02:00 PM,https://www.redfin.com/OR/Portland/12245-SW-Park-Way-97225/home/26720464,RMLS,370923593,N,Y,45.5084264,-122.8030046
MLS Listing,,Single Family Residential,105 SE 119th Ave,Portland,OR,97216,389000,2,1.0,143 - Portland Southeast,1369,3049,1926,1,284,,Active,August-2-2025 11:00 AM,August-2-2025 01:00 PM,https://www.redfin.com/OR/Portland/105-SE-119th-Ave-97216/home/26559891,RMLS,735193374,N,Y,45.5216019,-122.5405855
MLS Listing,,Single Family Residential,6970 N Wabash Ave N,Portland,OR,97217,720000,3,2.0,ARBOR LODGE,3436,6534,1950,1,210,,Active,,,https://www.redfin.com/OR/Portland/6970-N-Wabash-Ave-97217/home/25797264,RMLS,757749674,N,Y,45.5734413,-122.7025599
MLS Listing,,Single Family Residential,4745 NE 15th Ave,Portland,OR,97211,850000,6,4.0,ALBERTA ARTS,3670,5227,1908,1,232,,Active,August-3-2025 12:00 PM,August-3-2025 02:00 PM,https://www.redfin.com/OR/Portland/4745-NE-15th-Ave-97211/home/179454502,RMLS,135919166,N,Y,45.5575815,-122.6500002
MLS Listing,,Vacant Land,SW Condor Ave,Portland,OR,97239,275000,,,"148 - Portland NW/ SW/ S, Raleigh Hills",,9583,,1,,,Active,,,https://www.redfin.com/OR/Portland/Sw-Condor-Ave-97239/home/49696189,RMLS,396419600,N,Y,45.495291,-122.67952
MLS Listing,,Vacant Land,SW Condor Ave,Portland,OR,97239,275000,,,"148 - Portland NW/ SW/ S, Raleigh Hills",,7405,,1,,,Active,,,https://www.redfin.com/OR/Portland/Sw-Condor-Ave-97239/home/49696185,RMLS,308963076,N,Y,45.495318,-122.679258
MLS Listing,,Condo/Co-op,10010 SW Hall Blvd #14,Portland,OR,97223,189900,2,1.0,"151 - Tigard, Tualatin, Sherwood, Wilsonville",776,,1979,1,245,450,Active,,,https://www.redfin.com/OR/Portland/10010-SW-Hall-Blvd-97223/unit-14/home/26696676,RMLS,112021305,N,Y,45.4475803,-122.7650413
MLS Listing,,Single Family Residential,9815 N Central St,Portland,OR,97203,435000,2,1.0,141 - Portland North,606,5227,1908,1,718,,Active,August-2-2025 12:00 PM,August-2-2025 02:00 PM,https://www.redfin.com/OR/Portland/9815-N-Central-St-97203/home/25834215,RMLS,446923303,N,Y,45.598424,-122.7588187
MLS Listing,,Single Family Residential,2425 NE 37th Ave,Portland,OR,97212,925000,3,2.5,GRANT PARK / HOLLYWOOD,2820,5227,1915,1,328,,Active,August-1-2025 04:00 PM,August-1-2025 06:00 PM,https://www.redfin.com/OR/Portland/2425-NE-37th-Ave-97212/home/26502922,RMLS,205942273,N,Y,45.5401137,-122.6252591
MLS Listing,,Multi-Family (2-4 Unit),2712 SE Ash St,Portland,OR,97214,609000,2,2.0,143 - Portland Southeast,2132,,1908,1,286,,Active,,,https://www.redfin.com/OR/Portland/2712-SE-Ash-St-97214/home/26511944,RMLS,252087738,N,Y,45.5213142,-122.6379829
MLS Listing,,Single Family Residential,3537 SE 128th Ave,Portland,OR,97236,499900,5,2.5,Arglen Park,2268,9147,1957,1,220,,Active,August-3-2025 12:00 PM,August-3-2025 02:00 PM,https://www.redfin.com/OR/Portland/3537-SE-128th-Ave-97236/home/26520308,RMLS,494494774,N,Y,45.4963428,-122.53216
MLS Listing,,Townhouse,9116 N Hudson St,Portland,OR,97203,429000,3,2.5,ST. JOHNS,1227,1306,2014,1,350,,Active,,,https://www.redfin.com/OR/Portland/9116-N-Hudson-St-97203/home/26848179,RMLS,448178353,N,Y,45.5946672,-122.7548349
MLS Listing,,Condo/Co-op,525 SE Marion St #21,Portland,OR,97202,570000,1,1.5,Sellwood/Waverly Landing,1128,,2000,1,505,851,Active,August-2-2025 11:00 AM,August-2-2025 01:00 PM,https://www.redfin.com/OR/Portland/525-SE-Marion-St-97202/unit-21/home/26346502,RMLS,103595567,N,Y,45.4611113,-122.6603366
MLS Listing,,Vacant Land,25 SW Abernethy St,Portland,OR,97239,275000,,,Caruthers Add,,5227,,1,,,Active,,,https://www.redfin.com/OR/Portland/25-SW-Abernethy-St-97239/home/26539078,RMLS,513187024,N,Y,45.4952511,-122.6787585
MLS Listing,,Single Family Residential,315 SW 48th Dr,Portland,OR,97221,865000,2,2.5,"148 - Portland NW/ SW/ S, Raleigh Hills",1622,5227,2007,1,533,,Active,August-2-2025 01:00 PM,August-2-2025 03:00 PM,https://www.redfin.com/OR/Portland/315-SW-48th-Dr-97221/home/26617825,RMLS,441811639,N,Y,45.5191392,-122.726939
MLS Listing,,Single Family Residential,2918 SE 143rd Ave,Portland,OR,97236,515000,5,2.0,143 - Portland Southeast,2700,10890,1956,1,191,,Active,August-2-2025 11:00 AM,August-2-2025 02:00 PM,https://www.redfin.com/OR/Portland/2918-SE-143rd-Ave-97236/home/25856985,RMLS,514931528,N,Y,45.500974,-122.5161602
MLS Listing,,Single Family Residential,9820 SE Wichita Ave,Milwaukie,OR,97222,400000,3,1.5,"145 - Milwaukie, Gladstone, Happy Valley, Clckmas, Dmscus, Estacada",1645,13939,1967,1,243,,Active,August-2-2025 11:00 AM,August-2-2025 01:00 PM,https://www.redfin.com/OR/Portland/9820-SE-Wichita-Ave-97222/home/25987994,RMLS,170568887,N,Y,45.4517614,-122.6004996
MLS Listing,,Single Family Residential,1144 SW Ivory Loop #35,Gresham,OR,97080,435000,3,2.5,HIGHLAND PARK,1209,,2004,1,360,160,Active,August-2-2025 01:00 PM,August-2-2025 03:00 PM,https://www.redfin.com/OR/Gresham/1144-SW-Ivory-Loop-97080/unit-35/home/26615391,RMLS,241620229,N,Y,45.4868918,-122.4809762
MLS Listing,,Single Family Residential,11808 NW Weaver Ln,Portland,OR,97229,1159000,5,4.0,CREEKVIEW RIDGE,3659,5662,2022,1,317,85,Active,August-2-2025 02:00 PM,August-2-2025 04:00 PM,https://www.redfin.com/OR/Portland/11808-NW-Weaver-Ln-97229/home/181945680,RMLS,649123956,N,Y,45.5529375,-122.7985569
MLS Listing,,Single Family Residential,3144 NE 103rd Pl,Portland,OR,97220,445000,3,1.0,142 - Portland Northeast,1376,7405,1926,1,323,5,Active,August-2-2025 09:00 AM,August-2-2025 11:00 AM,https://www.redfin.com/OR/Portland/3144-NE-103rd-Pl-97220/home/26573504,RMLS,642494832,N,Y,45.5452298,-122.5559951
MLS Listing,,Single Family Residential,2391 NW Byrne Ter,Portland,OR,97229,729900,4,3.5,BONNY SLOPE,2935,3484,2005,1,249,28,Active,August-2-2025 01:00 PM,August-2-2025 03:00 PM,https://www.redfin.com/OR/Portland/2391-NW-Byrne-Ter-97229/home/25763845,RMLS,242020419,N,Y,45.5368536,-122.7967859
MLS Listing,,Single Family Residential,3441 E Burnside St,Portland,OR,97214,1095000,4,3.0,Laurelhurst,4843,7405,1922,1,226,,Active,August-1-2025 05:00 PM,August-1-2025 07:00 PM,https://www.redfin.com/OR/Portland/3441-E-Burnside-St-97214/home/25752355,RMLS,330573392,N,Y,45.523141,-122.6278537
MLS Listing,,Single Family Residential,10026 SE Insley St,Portland,OR,97266,539999,3,2.0,143 - Portland Southeast,2604,7840,1962,1,207,,Active,,,https://www.redfin.com/OR/Portland/10026-SE-Insley-St-97266/home/25749924,RMLS,194714545,N,Y,45.4832219,-122.5601166
MLS Listing,,Single Family Residential,1415 SE Martins St,Portland,OR,97202,540000,3,1.0,SELLWOOD - MORELAND,1056,5227,1970,1,511,,Active,August-2-2025 02:00 PM,August-2-2025 04:00 PM,https://www.redfin.com/OR/Portland/1415-SE-Martins-St-97202/home/26322588,RMLS,247578447,N,Y,45.478846,-122.651337
MLS Listing,,Condo/Co-op,3601 S River Pkwy #433,Portland,OR,97239,299000,1,1.0,SOUTH WATERFRONT,822,,2006,2,364,629,Active,,,https://www.redfin.com/OR/Portland/3601-S-River-Pkwy-97239/unit-433/home/25743378,RMLS,749692217,N,Y,45.4968711,-122.6698197
MLS Listing,,Condo/Co-op,11627 SE Fuller Rd,Milwaukie,OR,97222,229000,2,1.0,"145 - Milwaukie, Gladstone, Happy Valley, Clckmas, Dmscus, Estacada",731,,2000,2,313,449,Active,,,https://www.redfin.com/OR/Portland/11627-SE-Fuller-Rd-97222/home/25972906,RMLS,481125910,N,Y,45.4383716,-122.5840861
MLS Listing,,Multi-Family (2-4 Unit),9016/9022 SE Ankeny St,Portland,OR,97216,569900,4,2.0,Montavilla,1538,5227,1958,2,371,,Active,,,https://www.redfin.com/OR/Portland/9016-9022-SE-Ankeny-St-97216/home/196728663,RMLS,470030827,N,Y,45.5216304,-122.5707497
MLS Listing,,Condo/Co-op,3843 N Willis Blvd #3,Portland,OR,97217,299900,2,2.5,Kenton,896,,2025,2,335,,Active,,,https://www.redfin.com/OR/Portland/3843-N-Willis-Blvd-97217/unit-3/home/196728589,RMLS,241620571,N,Y,45.5842723,-122.7063122
MLS Listing,,Condo/Co-op,3845 N Willis Blvd #4,Portland,OR,97217,319900,2,2.5,Kenton,866,,2025,2,369,,Active,,,https://www.redfin.com/OR/Portland/3845-N-Willis-Blvd-97217/unit-4/home/196728571,RMLS,534881598,N,Y,45.5842723,-122.7063217
MLS Listing,,Condo/Co-op,3859 N Willis Blvd #2,Portland,OR,97217,379900,3,2.0,Kenton,1116,,2025,2,340,,Active,,,https://www.redfin.com/OR/Portland/3859-N-Willis-Blvd-97217/unit-2/home/196728432,RMLS,720174126,N,Y,45.5842724,-122.7063881
MLS Listing,,Condo/Co-op,3863 N Willis Blvd #1,Portland,OR,97217,399900,3,2.0,Kenton,1090,,2025,2,367,,Active,,,https://www.redfin.com/OR/Portland/3863-N-Willis-Blvd-97217/unit-1/home/196728433,RMLS,548132318,N,Y,45.5842724,-122.7064071
MLS Listing,,Single Family Residential,4621 SE 51st Ave,Portland,OR,97206,539000,3,2.0,WOODSTOCK,1622,5227,1925,2,332,,Active,August-3-2025 11:00 AM,August-3-2025 01:00 PM,https://www.redfin.com/OR/Portland/4621-SE-51st-Ave-97206/home/25737588,RMLS,570953039,N,Y,45.4892115,-122.6102282
MLS Listing,,Single Family Residential,2932 NE 15th Ave,Portland,OR,97212,829900,5,3.0,142 - Portland Northeast,2784,5227,1937,2,298,,Active,,,https://www.redfin.com/OR/Portland/2932-NE-15th-Ave-97212/home/26409851,RMLS,335493553,N,Y,45.5441638,-122.6501411
MLS Listing,,Condo/Co-op,6908 SE 77th Ave Unit B,Portland,OR,97206,299900,2,2.5,Brentwood-Darlington,857,,2025,2,350,,Active,,,https://www.redfin.com/OR/Portland/6908-SE-77th-Ave-97206/unit-B/home/196715715,RMLS,194588240,N,Y,45.4726802,-122.5837868
MLS Listing,,Townhouse,14729 NE Stanton Ct,Portland,OR,97230,399950,3,2.0,ARGAY DOWNS,2334,2178,1974,2,171,600,Active,August-3-2025 12:00 PM,August-3-2025 02:00 PM,https://www.redfin.com/OR/Portland/14729-NE-Stanton-Ct-97230/home/26564220,RMLS,106306194,N,Y,45.5442305,-122.5110011
MLS Listing,,Condo/Co-op,4950 SE Caruthers St #5,Portland,OR,97215,349900,2,2.5,Richmond,915,,2025,2,382,42,Active,,,https://www.redfin.com/OR/Portland/4950-SE-Caruthers-St-97215/unit-5/home/196712641,RMLS,511740249,N,Y,45.5056533,-122.6118314
MLS Listing,,Single Family Residential,12344 NW Glenover Ln,Portland,OR,97229,950000,5,3.0,149 - NW Washington Co or Sauvie Island,2852,4356,2018,2,333,103,Active,August-2-2025 11:00 AM,August-2-2025 01:00 PM,https://www.redfin.com/OR/Portland/12344-NW-Glenover-Ln-97229/home/148155557,RMLS,203727376,N,Y,45.5497883,-122.803758
MLS Listing,,Multi-Family (2-4 Unit),8027 SE 49th Ave,Portland,OR,97206,880000,5,4.0,Arlington Heights,4864,10454,1992,2,181,,Active,August-3-2025 02:00 PM,August-3-2025 04:00 PM,https://www.redfin.com/OR/Portland/8027-SE-49th-Ave-97206/home/26478993,RMLS,504031585,N,Y,45.4653658,-122.6131059
MLS Listing,,Single Family Residential,2313 SE 139th Ave,Portland,OR,97233,469000,3,2.5,143 - Portland Southeast,1481,6098,2001,2,317,,Active,August-2-2025 12:00 PM,August-2-2025 02:00 PM,https://www.redfin.com/OR/Portland/2313-SE-139th-Ave-97233/home/26550970,RMLS,784522579,N,Y,45.5058825,-122.5216154
MLS Listing,,Condo/Co-op,937 NW Glisan St #533,Portland,OR,97209,460000,2,2.0,"148 - Portland NW/ SW/ S, Raleigh Hills",1074,,2008,2,428,914,Active,,,https://www.redfin.com/OR/Portland/937-NW-Glisan-St-97209/unit-533/home/26668880,RMLS,795329502,N,Y,45.5266811,-122.6807356
MLS Listing,,Single Family Residential,14941 NW Wendy Ln,Portland,OR,97229,799900,4,3.0,149 - NW Washington Co or Sauvie Island,2186,6969,1998,2,366,17,Active,August-3-2025 12:00 PM,August-3-2025 02:00 PM,https://www.redfin.com/OR/Portland/14941-NW-Wendy-Ln-97229/home/26585806,RMLS,140569324,N,Y,45.5598868,-122.8305776
MLS Listing,,Condo/Co-op,1314 NW Irving St #504,Portland,OR,97209,399000,1,1.0,Irving Street Lofts,1299,,1925,2,307,1017,Active,August-2-2025 11:00 AM,August-2-2025 01:00 PM,https://www.redfin.com/OR/Portland/1314-NW-Irving-St-97209/unit-504/home/26535362,RMLS,469670383,N,Y,45.5276711,-122.6848347
MLS Listing,,Single Family Residential,1304 SE 51st Ave,Portland,OR,97215,725000,3,3.0,MT TABOR,2726,3484,1910,2,266,,Active,August-2-2025 01:00 PM,August-2-2025 03:00 PM,https://www.redfin.com/OR/Portland/1304-SE-51st-Ave-97215/home/26367190,RMLS,215824323,N,Y,45.5134492,-122.6101446
MLS Listing,,Single Family Residential,5204 SW Coronado St,Portland,OR,97219,539900,3,3.0,"148 - Portland NW/ SW/ S, Raleigh Hills",1699,5227,1991,2,318,,Active,,,https://www.redfin.com/OR/Portland/5204-SW-Coronado-St-97219/home/26487536,RMLS,717089527,N,Y,45.4423516,-122.730081
MLS Listing,,Single Family Residential,9826 SE Ramona St,Portland,OR,97266,299900,3,1.0,143 - Portland Southeast,1170,5227,1961,2,256,,Active,,,https://www.redfin.com/OR/Portland/9826-SE-Ramona-St-97266/home/26393165,RMLS,604949453,N,Y,45.4804045,-122.5621178
MLS Listing,,Single Family Residential,4819 SW Hamilton St,Portland,OR,97221,749900,4,3.0,"148 - Portland NW/ SW/ S, Raleigh Hills",2199,10890,1960,2,341,,Active,August-3-2025 02:00 PM,August-3-2025 04:00 PM,https://www.redfin.com/OR/Portland/4819-SW-Hamilton-St-97221/home/26639521,RMLS,746960580,N,Y,45.491033,-122.7271783
MLS Listing,,Condo/Co-op,111 SW Harrison St Unit 15F,Portland,OR,97201,288800,1,1.0,HARRISON EAST PSU OHSU,738,,1965,2,391,604,Active,August-2-2025 10:00 AM,August-2-2025 11:00 AM,https://www.redfin.com/OR/Portland/111-SW-Harrison-St-97201/unit-15F/home/26448198,RMLS,588510684,N,Y,45.5100811,-122.6784479
MLS Listing,,Single Family Residential,7318 N Olin Ave,Portland,OR,97203,1099900,4,3.5,UNIVERSITY PARK/PORTSMOUTH,3067,3049,2016,2,359,,Active,August-3-2025 01:00 PM,August-3-2025 04:00 PM,https://www.redfin.com/OR/Portland/7318-N-Olin-Ave-97203/home/55662644,RMLS,571149533,N,Y,45.5779537,-122.7175889
MLS Listing,,Single Family Residential,8220 SE Gray St,Happy Valley,OR,97086,415000,4,2.0,"145 - Milwaukie, Gladstone, Happy Valley, Clckmas, Dmscus, Estacada",1337,,1940,2,310,,Active,August-2-2025 02:00 PM,August-2-2025 04:00 PM,https://www.redfin.com/OR/Happy-Valley/8220-SE-Gray-St-97086/home/26066935,RMLS,391870244,N,Y,45.4605311,-122.5778914
MLS Listing,,Single Family Residential,553 NE 43rd Ave,Portland,OR,97213,799900,5,2.0,Laurelhurst,2838,3920,1914,2,282,,Active,August-1-2025 04:00 PM,August-1-2025 06:00 PM,https://www.redfin.com/OR/Portland/553-NE-43rd-Ave-97213/home/26473186,RMLS,382643963,N,Y,45.5273578,-122.6185324
MLS Listing,,Condo/Co-op,333 NW 9th Ave #606,Portland,OR,97209,297500,1,1.0,PEARL DISTRICT / ELIZABETH,1006,,2005,2,296,719,Active,August-2-2025 02:00 PM,August-2-2025 04:00 PM,https://www.redfin.com/OR/Portland/333-NW-9th-Ave-97209/unit-606/home/25785018,RMLS,169283947,N,Y,45.5255265,-122.6804297
MLS Listing,,Single Family Residential,3827 SE Kelly St,Portland,OR,97202,789000,4,3.0,RICHMOND,2009,4356,1930,2,393,,Active,August-2-2025 01:00 PM,August-2-2025 03:00 PM,https://www.redfin.com/OR/Portland/3827-SE-Kelly-St-97202/home/181082932,RMLS,316075611,N,Y,45.4999847,-122.6231977
MLS Listing,,Mobile/Manufactured Home,3500 SE Concord Rd #66,Milwaukie,OR,97267,60000,2,1.0,CONCORD TERRACE,840,,1990,2,71,,Active,,,https://www.redfin.com/OR/Portland/3500-SE-Concord-Rd-97267/unit-66/home/25936729,RMLS,164972759,N,Y,45.4065857,-122.6274668
MLS Listing,,Single Family Residential,2212 NE Sumner St,Portland,OR,97211,699000,3,2.0,142 - Portland Northeast,1512,5227,1951,2,462,,Active,August-3-2025 01:00 PM,August-3-2025 03:00 PM,https://www.redfin.com/OR/Portland/2212-NE-Sumner-St-97211/home/26335945,RMLS,234625867,N,Y,45.5601788,-122.642571
MLS Listing,,Single Family Residential,3722 SE Salmon St,Portland,OR,97214,630000,3,1.0,HAWTHORNE / SUNNYSIDE,1929,3484,1907,2,327,,Active,August-2-2025 01:00 PM,August-2-2025 03:00 PM,https://www.redfin.com/OR/Portland/3722-SE-Salmon-St-97214/home/26513540,RMLS,790977755,N,Y,45.5141215,-122.625325
MLS Listing,,Single Family Residential,15210 NW Troon Way,Portland,OR,97229,899000,2,2.0,149 - NW Washington Co or Sauvie Island,2071,5662,1997,2,434,403,Active,,,https://www.redfin.com/OR/Portland/15210-NW-Troon-Way-97229/home/26567659,RMLS,262883275,N,Y,45.5473996,-122.833594
MLS Listing,,Single Family Residential,7615 N Delaware Ave,Portland,OR,97217,550000,3,2.5,141 - Portland North,1498,2178,2018,2,367,,Active,August-3-2025 12:00 PM,August-3-2025 02:00 PM,https://www.redfin.com/OR/Portland/7615-N-Delaware-Ave-97217/home/144324910,RMLS,650172885,N,Y,45.5780668,-122.6926104
MLS Listing,,Single Family Residential,6245 SE Carlton St,Portland,OR,97206,469000,3,2.0,143 - Portland Southeast,1072,4791,1974,2,438,,Active,,,https://www.redfin.com/OR/Portland/6245-SE-Carlton-St-97206/home/26504785,RMLS,483914599,N,Y,45.4784942,-122.5985123
MLS Listing,,Single Family Residential,0337 S Vermont St,Portland,OR,97219,649900,3,2.0,JOHN'S LANDING,1718,6098,1952,2,378,,Active,,,https://www.redfin.com/OR/Portland/337-S-Vermont-St-97219/home/26529035,RMLS,186007928,N,Y,45.4760368,-122.6749382
MLS Listing,,Single Family Residential,3744 SE Market St,Portland,OR,97214,484500,2,1.0,RICHMOND,1484,4356,1907,2,326,,Active,,,https://www.redfin.com/OR/Portland/3744-SE-Market-St-97214/home/26360943,RMLS,511975087,N,Y,45.5106855,-122.6247443
MLS Listing,,Single Family Residential,323 NE 47th Ave,Portland,OR,97213,624000,3,2.0,142 - Portland Northeast,2325,5212,1929,2,268,,Active,,,https://www.redfin.com/OR/Portland/323-NE-47th-Ave-97213/home/26410940,RMLS,708183329,N,Y,45.5254492,-122.615326
MLS Listing,,Condo/Co-op,7802 SE Sporri Ln #21,Milwaukie,OR,97267,462000,3,2.5,Oscar Park,1503,,2008,2,307,179,Active,August-1-2025 04:00 PM,August-1-2025 06:00 PM,https://www.redfin.com/OR/Milwaukie/7802-SE-Sporri-Ln-97267/unit-21/home/196688643,RMLS,652884480,N,Y,45.4206646,-122.5834736
MLS Listing,,Single Family Residential,1844 SE 12th Ave,Portland,OR,97214,1199000,6,4.5,LADD'S ADDITION,4140,6098,1910,2,290,,Active,,,https://www.redfin.com/OR/Portland/1844-SE-12th-Ave-97214/home/25849275,RMLS,604228892,N,Y,45.5094036,-122.6533697
MLS Listing,,Single Family Residential,8075 N Edison St,Portland,OR,97203,745000,4,2.5,141 - Portland North,2050,3049,2018,3,363,,Active,,,https://www.redfin.com/OR/Portland/8075-N-Edison-St-97203/home/109514970,RMLS,102402406,N,Y,45.585605,-122.7520353
MLS Listing,,Condo/Co-op,3016 NE 149th Ave,Portland,OR,97230,277500,1,2.0,142 - Portland Northeast,1305,,1973,3,213,390,Active,,,https://www.redfin.com/OR/Portland/3016-NE-149th-Ave-97230/home/26483205,RMLS,666355183,N,Y,45.545789,-122.508832
MLS Listing,,Single Family Residential,14306 SE Powell Blvd,Portland,OR,97236,434900,3,2.5,Portland,1275,12196,2011,3,341,,Active,,,https://www.redfin.com/OR/Portland/14306-SE-Powell-Blvd-97236/home/25864823,WVMLS,832031,N,Y,45.4989173,-122.5162773
MLS Listing,,Condo/Co-op,1040 NW Naito Pkwy Unit 0-9,Portland,OR,97209,179900,1,1.0,"148 - Portland NW/ SW/ S, Raleigh Hills",690,,1982,3,261,625,Active,,,https://www.redfin.com/OR/Portland/1040-NW-Naito-Pkwy-97209/unit-O9/home/26432116,RMLS,566065194,N,Y,45.5307411,-122.6756507
MLS Listing,,Single Family Residential,12937 NW Ramona Ln Lot A4,Portland,OR,97229,749950,4,3.5,149 - NW Washington Co or Sauvie Island,2348,,2025,3,319,83,Active,August-1-2025 12:00 PM,August-1-2025 05:00 PM,https://www.redfin.com/OR/Portland/12937-NW-Ramona-Ln-97229/unit-A4/home/196687161,RMLS,779261997,N,Y,45.5592477,-122.8098862
MLS Listing,,Single Family Residential,15524 SW Missouri Ave,Portland,OR,97224,826000,4,2.5,RIVER TERRACE CROSSING,3226,4356,2025,3,256,72,Active,,,https://www.redfin.com/OR/Tigard/15524-SW-Missouri-Ave-97224/home/186140034,RMLS,402815433,N,Y,45.4072048,-122.8347854
MLS Listing,,Single Family Residential,1110 SE 151st Ave,Portland,OR,97233,550000,4,2.0,143 - Portland Southeast,1927,33105,1947,3,285,,Active,,,https://www.redfin.com/OR/Portland/1110-SE-151st-Ave-97233/home/26320683,RMLS,731092080,N,Y,45.5151089,-122.5077926
MLS Listing,,Vacant Land,6511 SE Needham St Unit A,Milwaukie,OR,97222,515000,,,Bell View,,,,3,,,Active,August-3-2025 11:00 AM,August-3-2025 01:00 PM,https://www.redfin.com/OR/Milwaukie/6511-SE-Needham-St-97222/unit-A/home/196686468,RMLS,322159111,N,Y,45.4513367,-122.5960277
MLS Listing,,Single Family Residential,3615 SW Logan St,Portland,OR,97219,499900,2,2.5,Multomah,1015,,2025,3,493,,Active,,,https://www.redfin.com/OR/Portland/3615-SW-Logan-St-97219/home/196686238,RMLS,503387411,N,Y,45.4705068,-122.7145219
MLS Listing,,Condo/Co-op,1400 NW Irving St #621,Portland,OR,97209,355000,1,1.0,Pearl District,852,,1923,3,417,537,Active,August-2-2025 02:00 PM,August-2-2025 04:00 PM,https://www.redfin.com/OR/Portland/1400-NW-Irving-St-97209/unit-621/home/26441736,RMLS,375872520,N,Y,45.527568,-122.685837
MLS Listing,,Single Family Residential,9635 NW Fleischner St,Portland,OR,97229,869900,4,2.5,FOREST HEIGHTS,2510,7840,1994,3,347,71,Active,August-2-2025 12:00 PM,August-2-2025 02:00 PM,https://www.redfin.com/OR/Portland/9635-NW-Fleischner-St-97229/home/26600683,RMLS,665410938,N,Y,45.5343128,-122.7765287
MLS Listing,,Single Family Residential,1730 NE 38th Ave,Portland,OR,97212,824900,4,3.0,GRANT PARK / HOLLYWOOD,2517,5227,1926,3,328,,Active,August-2-2025 12:00 PM,August-2-2025 02:00 PM,https://www.redfin.com/OR/Portland/1730-NE-38th-Ave-97212/home/26421311,RMLS,392549816,N,Y,45.5356873,-122.6237115
MLS Listing,,Single Family Residential,4374 NE Going St,Portland,OR,97218,389900,3,2.5,Cully,1130,,2025,3,345,,Active,,,https://www.redfin.com/OR/Portland/4374-NE-Going-St-97218/home/196684480,RMLS,149979355,N,Y,45.5561717,-122.6186523
MLS Listing,,Multi-Family (5+ Unit),4428 SE 42 Ave,Portland,OR,97206,1150000,6,5.0,Creston-Kelinworth,,,1959,3,,,Active,,,https://www.redfin.com/OR/Portland/4428-SE-42nd-Ave-97206/home/196684373,RMLS,612402859,N,Y,45.4904571,-122.6187027
MLS Listing,,Single Family Residential,6817 SE 144th Ave,Portland,OR,97236,700000,3,2.5,143 - Portland Southeast,2022,35283,1990,3,346,,Active,August-3-2025 11:00 AM,August-3-2025 01:00 PM,https://www.redfin.com/OR/Portland/6817-SE-144th-Ave-97236/home/26543148,RMLS,549836413,N,Y,45.4735769,-122.515635
MLS Listing,,Single Family Residential,4675 NW 176th Ave,Portland,OR,97229,625000,3,2.5,Bethany/Rock Creek,2068,6969,1987,4,302,19,Active,August-2-2025 01:00 PM,August-2-2025 03:00 PM,https://www.redfin.com/OR/Portland/4675-NW-176th-Ave-97229/home/25847474,RMLS,318680004,N,Y,45.5534925,-122.8594137
MLS Listing,,Single Family Residential,3246 NW Chapin Dr,Portland,OR,97229,1525000,5,4.0,FOREST HEIGHTS,6002,10890,2006,4,254,,Active,,,https://www.redfin.com/OR/Portland/3246-NW-Chapin-Dr-97229/home/26553532,RMLS,307396591,N,Y,45.5470212,-122.7695759
MLS Listing,,Condo/Co-op,841 S Gaines St #325,Portland,OR,97239,449500,1,1.5,SOUTH WATERFRONT ATWATER PLACE,1137,,2007,4,395,831,Active,,,https://www.redfin.com/OR/Portland/841-S-Gaines-St-97239/unit-325/home/25742985,RMLS,623143432,N,Y,45.496606,-122.6688712
MLS Listing,,Condo/Co-op,1658 NW Riverscape St,Portland,OR,97209,840000,3,3.5,"148 - Portland NW/ SW/ S, Raleigh Hills",1907,,2008,4,440,1116,Active,,,https://www.redfin.com/OR/Portland/1658-NW-Riverscape-St-97209/home/26645235,RMLS,162494602,N,Y,45.538279,-122.6873112
MLS Listing,,Single Family Residential,7489 SW 36th Ave,Portland,OR,97219,549900,3,2.5,Multnomah,1305,,2025,4,421,,Active,August-1-2025 10:00 AM,August-1-2025 08:00 PM,https://www.redfin.com/OR/Portland/7489-SW-36th-Ave-97219/home/196667329,RMLS,390795555,N,Y,45.4705738,-122.7143606
MLS Listing,,Single Family Residential,3607 SW Logan St,Portland,OR,97219,549900,3,2.5,Multnomah,1313,,2025,4,419,,Active,August-1-2025 10:00 AM,August-1-2025 08:00 PM,https://www.redfin.com/OR/Portland/3607-SW-Logan-St-97219/home/26325935,RMLS,265833485,N,Y,45.4706115,-122.714436
MLS Listing,,Condo/Co-op,3634 SW Baird St #9,Portland,OR,97219,419000,2,2.0,Capitol Hill,1300,,2008,4,322,397,Active,,,https://www.redfin.com/OR/Portland/3634-SW-Baird-St-97219/unit-9/home/26455440,RMLS,478471758,N,Y,45.4565541,-122.7148614
MLS Listing,,Single Family Residential,1425 SW Medwyn Ter,Portland,OR,97219,1799950,4,4.5,"148 - Portland NW/ SW/ S, Raleigh Hills",4576,28314,2014,4,393,,Active,,,https://www.redfin.com/OR/Portland/1425-SW-Medwyn-Ter-97219/home/187630290,RMLS,718087580,N,Y,45.4574698,-122.6925609
MLS Listing,,Condo/Co-op,1001 NW Lovejoy St #1412,Portland,OR,97209,1600000,3,2.0,PEARL DISTRICT / METROPOLITAN,1651,,2006,4,969,1476,Active,August-3-2025 01:00 PM,August-3-2025 03:00 PM,https://www.redfin.com/OR/Portland/1001-NW-Lovejoy-St-97209/unit-1412/home/25809454,RMLS,188844645,N,Y,45.5302063,-122.6815709
MLS Listing,,Single Family Residential,5405 SE 97th Ave,Portland,OR,97266,225000,2,1.0,143 - Portland Southeast,924,7405,1929,4,244,,Active,,,https://www.redfin.com/OR/Portland/5405-SE-97th-Ave-97266/home/26506846,RMLS,257162019,N,Y,45.4832375,-122.5637027
MLS Listing,,Single Family Residential,16230 NE Hoyt St,Portland,OR,97230,485000,3,2.0,142 - Portland Northeast,1476,8276,1957,4,329,,Active,,,https://www.redfin.com/OR/Portland/16230-NE-Hoyt-St-97230/home/26519999,RMLS,244110920,N,Y,45.5273368,-122.4956948
MLS Listing,,Single Family Residential,4438 NE 62nd Ave,Portland,OR,97218,399900,3,1.0,ROSEWAY,1026,4791,1956,4,390,,Active,,,https://www.redfin.com/OR/Portland/4438-NE-62nd-Ave-97218/home/26546292,RMLS,239458452,N,Y,45.5551761,-122.5990217
MLS Listing,,Condo/Co-op,1001 NW Lovejoy St #390,Portland,OR,97209,379000,0,1.0,Pearl / Metropolitan,834,,2006,4,454,745,Active,,,https://www.redfin.com/OR/Portland/1001-NW-Lovejoy-St-97209/unit-390/home/26635686,RMLS,24358358,N,Y,45.5302063,-122.6815709
MLS Listing,,Townhouse,7570 NW Elise Ave,Portland,OR,97229,484999,3,3.0,149 - NW Washington Co or Sauvie Island,1406,1306,2025,4,345,260,Active,,,https://www.redfin.com/OR/Portland/7570-NW-Elise-Ave-97229/home/188818242,RMLS,550737460,N,Y,45.574292,-122.830545
MLS Listing,,Single Family Residential,12146 SE Rhone St,Portland,OR,97266,425000,3,2.0,143 - Portland Southeast,1170,13068,1995,4,363,,Active,,,https://www.redfin.com/OR/Portland/12146-SE-Rhone-St-97266/home/26539984,RMLS,258368387,N,Y,45.4949846,-122.5384671
MLS Listing,,Multi-Family (5+ Unit),1404 NE Hancock St,Portland,OR,97212,1320000,9,5.0,IRVINGTON,7804,5227,1928,4,169,,Active,,,https://www.redfin.com/OR/Portland/1404-NE-Hancock-St-97212/home/25891903,RMLS,204244204,N,Y,45.5362827,-122.6512892
MLS Listing,,Townhouse,819 N Failing St,Portland,OR,97227,395000,2,1.5,141 - Portland North,790,,2024,4,500,195,Active,,,https://www.redfin.com/OR/Unknown/819-N-Failing-St-Unknown/home/190660534,RMLS,630523331,N,Y,45.550946,-122.674711
MLS Listing,,Single Family Residential,4831 N Vanderbilt St,Portland,OR,97203,875000,4,3.5,141 - Portland North,3395,7405,1908,4,258,,Active,August-2-2025 12:00 PM,August-2-2025 03:00 PM,https://www.redfin.com/OR/Portland/4831-N-Vanderbilt-St-97203/home/26508503,RMLS,217666479,N,Y,45.5815005,-122.7182011
MLS Listing,,Single Family Residential,7874 SE Sporri Ln,Milwaukie,OR,97267,527000,4,2.5,Oscar Park Condominium Comm,2082,,2008,4,253,195,Active,,,https://www.redfin.com/OR/Portland/7874-SE-Sporri-Ln-97267/home/25841036,RMLS,514231693,N,Y,45.4202687,-122.583097
MLS Listing,,Single Family Residential,18855 SE River Rd,Milwaukie,OR,97267,439000,3,2.0,"145 - Milwaukie, Gladstone, Happy Valley, Clckmas, Dmscus, Estacada",1353,8276,1965,4,324,,Active,,,https://www.redfin.com/OR/Portland/18855-SE-River-Rd-97267/home/25950406,RMLS,778491748,N,Y,45.3863149,-122.6119322
MLS Listing,,Single Family Residential,758 NW Powhatan Ter,Portland,OR,97210,1385000,4,3.5,"148 - Portland NW/ SW/ S, Raleigh Hills",3506,10018,1930,4,395,,Active,,,https://www.redfin.com/OR/Portland/758-NW-Powhatan-Ter-97210/home/26544269,RMLS,706848921,N,Y,45.5281785,-122.7130383
MLS Listing,,Single Family Residential,9100 NE Thompson St,Portland,OR,97220,389000,3,1.0,MS Madison South,1342,7840,1950,5,290,,Active,,,https://www.redfin.com/OR/Portland/9100-NE-Thompson-St-97220/home/26368439,RMLS,626436244,N,Y,45.5384463,-122.5693832
MLS Listing,,Single Family Residential,5128 SW Mitchell St,Portland,OR,97221,475000,3,1.5,Fairvale,1485,10454,1955,5,320,,Active,,,https://www.redfin.com/OR/Portland/5128-SW-Mitchell-St-97221/home/26448690,RMLS,675139942,N,Y,45.4861587,-122.7301141
MLS Listing,,Single Family Residential,71 Hidalgo St,Lake Oswego,OR,97035,1060000,5,3.0,"147 - Lake Oswego, West Linn",3918,14810,1992,5,271,100,Active,August-3-2025 01:00 PM,August-3-2025 04:00 PM,https://www.redfin.com/OR/Lake-Oswego/71-Hidalgo-St-97035/home/26347965,RMLS,199603048,N,Y,45.4397011,-122.7201201
MLS Listing,,Single Family Residential,12118 SE Brookside Dr,Portland,OR,97266,529000,4,2.0,142 - Portland Northeast,2016,27007,1975,6,262,,Active,,,https://www.redfin.com/OR/Portland/12118-SE-Brookside-Dr-97266/home/26579674,RMLS,750968130,N,Y,45.4727893,-122.538524
MLS Listing,,Single Family Residential,3242 SW Vermont St,Portland,OR,97219,729900,3,2.5,MULTNOMAH,2270,5227,2016,6,322,,Active,August-3-2025 01:00 PM,August-3-2025 03:00 PM,https://www.redfin.com/OR/Portland/3242-SW-Vermont-St-97219/home/49681839,RMLS,162407928,N,Y,45.4759079,-122.710415
MLS Listing,,Single Family Residential,7785 SW Landau St,Portland,OR,97223,625000,3,2.0,"148 - Portland NW/ SW/ S, Raleigh Hills",1678,7840,1963,6,372,,Active,August-3-2025 01:00 PM,August-3-2025 03:00 PM,https://www.redfin.com/OR/Portland/7785-SW-Landau-St-97223/home/112840091,RMLS,161207947,N,Y,45.447897,-122.7573696
MLS Listing,,Single Family Residential,1007 SE 112th Ave,Portland,OR,97216,469000,3,2.0,SUNNY AC,1620,6098,1953,6,290,,Active,August-1-2025 04:00 PM,August-1-2025 06:00 PM,https://www.redfin.com/OR/Portland/1007-SE-112th-Ave-97216/home/26332818,RMLS,415414792,N,Y,45.515755,-122.5483105
MLS Listing,,Single Family Residential,15092 NW Olive St,Portland,OR,97229,680000,3,2.5,149 - NW Washington Co or Sauvie Island,1793,2613,2019,6,379,160,Active,,,https://www.redfin.com/OR/Portland/15092-NW-Olive-St-97229/home/161341094,RMLS,462711056,N,Y,45.5735879,-122.8326469
MLS Listing,,Single Family Residential,14647 NW Fricke Ln,Portland,OR,97229,1150000,5,4.0,Adams Park,3337,4791,2017,6,345,,Active,,,https://www.redfin.com/OR/Portland/14647-NW-Fricke-Ln-97229/home/144693517,RMLS,471911480,N,Y,45.5453707,-122.8281191
MLS Listing,,Single Family Residential,6412 SE 83rd Ave,Portland,OR,97266,344000,3,1.0,LENTS AREA,813,3920,1906,6,423,,Active,,,https://www.redfin.com/OR/Portland/6412-SE-83rd-Ave-97266/home/26476520,RMLS,756793900,N,Y,45.4765245,-122.5777523
MLS Listing,,Condo/Co-op,708 N Killingsworth St #12,Portland,OR,97217,238000,1,1.0,141 - Portland North,524,,1913,6,454,,Active,August-2-2025 11:00 AM,August-2-2025 01:00 PM,https://www.redfin.com/OR/Portland/708-N-Killingsworth-St-97217/unit-12/home/195582094,RMLS,773426249,N,Y,45.562449,-122.674181
MLS Listing,,Townhouse,7461 N Mohawk Ave,Portland,OR,97203,350000,2,2.5,ST. JOHNS,915,,2024,6,383,26,Active,August-2-2025 12:00 PM,August-2-2025 02:00 PM,https://www.redfin.com/OR/Portland/7461-N-Mohawk-Ave-97203/home/196623027,RMLS,795629526,N,Y,45.5889318,-122.7486285
MLS Listing,,Single Family Residential,9690 SW Spring Crest Dr,Portland,OR,97225,1350000,4,3.5,West Haven,4059,34848,2000,6,333,,Active,,,https://www.redfin.com/OR/Portland/9690-SW-Spring-Crest-Dr-97225/home/25807644,RMLS,726098108,N,Y,45.5139398,-122.7772022
MLS Listing,,Single Family Residential,15937 SW Hampshire Ter,Portland,OR,97224,725000,4,2.5,Barrington Heights No. 3,2547,7405,1991,7,285,17,Active,,,https://www.redfin.com/OR/Portland/15937-SW-Hampshire-Ter-97224/home/26704981,RMLS,607550587,N,Y,45.4048925,-122.8233017
MLS Listing,,Condo/Co-op,4108 S Corbett Ave,Portland,OR,97239,499000,2,2.5,SOUTH PORTLAND,2005,,2007,7,249,568,Active,,,https://www.redfin.com/OR/Portland/4108-S-Corbett-Ave-97239/home/180114991,RMLS,226986173,N,Y,45.4937483,-122.6758743
MLS Listing,,Condo/Co-op,836 S Curry St #1508,Portland,OR,97239,750000,2,2.0,SOUTH WATERFRONT / MERIWETHER,1525,,2006,7,492,1689,Active,,,https://www.redfin.com/OR/Portland/836-S-Curry-St-97239/unit-1508/home/25736092,RMLS,383292486,N,Y,45.4976136,-122.668675
MLS Listing,,Single Family Residential,16515 NE Everett Ct,Portland,OR,97230,419000,3,2.0,142 - Portland Northeast,1440,6969,1964,7,291,,Active,,,https://www.redfin.com/OR/Portland/16515-NE-Everett-Ct-97230/home/26440138,RMLS,329401400,N,Y,45.5253795,-122.4927924
MLS Listing,,Single Family Residential,4776 NE 18th Ave,Portland,OR,97211,599900,4,2.5,Sabin,1285,,2025,7,467,,Active,August-1-2025 10:00 AM,August-1-2025 08:00 PM,https://www.redfin.com/OR/Portland/4776-NE-18th-Ave-97211/home/196617446,RMLS,367574995,N,Y,45.5575815,-122.6466277
MLS Listing,,Single Family Residential,1852 SE Rosebrier Ct,Milwaukie,OR,97267,700000,4,2.5,"145 - Milwaukie, Gladstone, Happy Valley, Clckmas, Dmscus, Estacada",2888,18730,1958,7,242,,Active,,,https://www.redfin.com/OR/Portland/1852-SE-Rosebrier-Ct-97267/home/25923239,RMLS,295087082,N,Y,45.4138941,-122.6443879
MLS Listing,,Condo/Co-op,1255 NW 9th Ave #1402,Portland,OR,97209,1135000,2,2.5,THE PINNACLE,2030,,2004,7,559,1607,Active,,,https://www.redfin.com/OR/Portland/1255-NW-9th-Ave-97209/unit-1402/home/25761037,RMLS,530767960,N,Y,45.5320577,-122.680951
MLS Listing,,Townhouse,616 NW 11th Ave,Portland,OR,97209,999000,2,2.5,PEARL DISTRICT,2000,1742,1908,7,500,,Active,,,https://www.redfin.com/OR/Portland/616-NW-11th-Ave-97209/home/26324372,RMLS,784404296,N,Y,45.5275861,-122.682019
MLS Listing,,Single Family Residential,1840 NE Wygant St,Portland,OR,97211,679900,3,2.5,Sabin,1447,,2025,7,470,,Active,August-1-2025 10:00 AM,August-1-2025 08:00 PM,https://www.redfin.com/OR/Portland/1840-NE-Wygant-St-97211/home/196617173,RMLS,614728505,N,Y,45.557595,-122.646485
MLS Listing,,Condo/Co-op,205 S Montgomery St Unit 401B,Portland,OR,97201,275000,1,1.0,"148 - Portland NW/ SW/ S, Raleigh Hills",835,,1986,7,329,716,Active,,,https://www.redfin.com/OR/Portland/205-S-Montgomery-St-97201/unit-401B/home/196617172,RMLS,464004147,N,Y,45.509945,-122.674589
MLS Listing,,Single Family Residential,4770 NE 18th St,Portland,OR,97211,599900,4,2.5,Sabin,1285,,2025,7,467,,Active,August-1-2025 10:00 AM,August-1-2025 08:00 PM,https://www.redfin.com/OR/Portland/4770-NE-18th-Ave-97211/home/196616951,RMLS,432449066,N,Y,45.5576937,-122.6468228
MLS Listing,,Condo/Co-op,2393 SW Park Pl #308,Portland,OR,97205,550000,3,2.0,WASHINGTON PARK,1572,,1964,7,350,1740,Active,August-2-2025 01:00 PM,August-2-2025 03:00 PM,https://www.redfin.com/OR/Portland/2393-SW-Park-Pl-97205/unit-308/home/26598309,RMLS,726188415,N,Y,45.5216217,-122.7002053
MLS Listing,,Single Family Residential,8274 SW 47th Ave,Portland,OR,97219,995000,4,2.5,"148 - Portland NW/ SW/ S, Raleigh Hills",2752,4791,2019,7,362,,Active,,,https://www.redfin.com/OR/Portland/8274-SW-47th-Ave-97219/home/170024372,RMLS,640557369,N,Y,45.4649715,-122.7248564
MLS Listing,,Single Family Residential,6 Goodall Rd,Lake Oswego,OR,97034,4895000,4,4.0,FOREST HIGHLANDS,5232,26136,2025,7,936,,Active,,,https://www.redfin.com/OR/Lake-Oswego/6-Goodall-Rd-97034/home/196616902,RMLS,200241849,N,Y,45.429159,-122.697921
MLS Listing,,Single Family Residential,5719 SE Lexington St,Portland,OR,97206,419000,3,2.5,Brentwood Darlington,1548,2613,2006,7,271,,Active,August-3-2025 01:00 PM,August-3-2025 03:00 PM,https://www.redfin.com/OR/Portland/5719-SE-Lexington-St-97206/home/26597997,RMLS,400598747,N,Y,45.4667733,-122.6042098
MLS Listing,,Single Family Residential,5440 SE Ogden St,Portland,OR,97206,599999,4,2.5,Giltner Park,2225,6098,2007,7,270,,Active,,,https://www.redfin.com/OR/Portland/5440-SE-Ogden-St-97206/home/26608689,RMLS,288668874,N,Y,45.4705778,-122.6064289
MLS Listing,,Single Family Residential,7580 S Hood Ave,Portland,OR,97219,575000,2,2.0,"148 - Portland NW/ SW/ S, Raleigh Hills",2885,9583,1957,7,199,,Active,,,https://www.redfin.com/OR/Portland/7580-S-Hood-Ave-97219/home/26305735,RMLS,251986620,N,Y,45.4694244,-122.6742503
MLS Listing,,Single Family Residential,2736 SE Stark St,Portland,OR,97214,675000,3,1.0,143 - Portland Southeast,2506,3484,1906,7,269,,Active,August-3-2025 02:00 PM,August-3-2025 04:00 PM,https://www.redfin.com/OR/Portland/2736-SE-Stark-St-97214/home/26408559,RMLS,495592063,N,Y,45.5191288,-122.6375359
MLS Listing,,Single Family Residential,7131 SW 12th Ave,Portland,OR,97219,1349000,4,4.0,"148 - Portland NW/ SW/ S, Raleigh Hills",3494,6969,1961,7,386,,Active,,,https://www.redfin.com/OR/Portland/7131-SW-12th-Ave-97219/home/26513196,RMLS,630874769,N,Y,45.472261,-122.6907337
MLS Listing,,Single Family Residential,11138 NE Shaver St,Portland,OR,97220,339950,3,2.0,142 - Portland Northeast,2040,6969,1914,7,167,,Active,,,https://www.redfin.com/OR/Portland/11138-NE-Shaver-St-97220/home/26521904,RMLS,208678361,N,Y,45.5515128,-122.547908
MLS Listing,,Condo/Co-op,2083 NW Johnson St #63,Portland,OR,97209,319900,1,1.0,Nob Hill - Ball Parc American,695,,1911,7,460,479,Active,,,https://www.redfin.com/OR/Portland/2083-NW-Johnson-St-97209/unit-63/home/26594569,RMLS,483535452,N,Y,45.5287317,-122.6941389
MLS Listing,,Condo/Co-op,6685 W Burnside St #350,Portland,OR,97210,340000,2,2.0,"148 - Portland NW/ SW/ S, Raleigh Hills",1169,,1992,7,291,1072,Active,,,https://www.redfin.com/OR/Portland/6685-W-Burnside-St-97210/unit-350/home/26679372,RMLS,527357552,N,Y,45.5177808,-122.7456149
MLS Listing,,Single Family Residential,9144 N Chase Ave,Portland,OR,97217,545000,5,2.0,KENTON,1560,5227,1955,7,349,,Active,,,https://www.redfin.com/OR/Portland/9144-N-Chase-Ave-97217/home/26323562,RMLS,194056071,N,Y,45.5892469,-122.7040133
MLS Listing,,Single Family Residential,16715 E Burnside St,Portland,OR,97233,375000,3,1.0,143 - Portland Southeast,816,10018,1955,7,460,,Active,,,https://www.redfin.com/OR/Portland/16715-E-Burnside-St-97233/home/26386436,RMLS,588550675,N,Y,45.5223883,-122.4908255
MLS Listing,,Condo/Co-op,6928 SE Raymond Ct #1,Portland,OR,97206,325000,2,1.0,143 - Portland Southeast,860,,1906,7,378,169,Active,,,https://www.redfin.com/OR/Portland/6928-SE-Raymond-Ct-97206/unit-1/home/170024502,RMLS,558826715,N,Y,45.4859509,-122.5915204
MLS Listing,,Single Family Residential,14422 SE Tenino St,Portland,OR,97236,572000,3,2.5,143 - Portland Southeast,1897,10890,1982,7,302,,Active,August-2-2025 11:00 AM,August-2-2025 02:00 PM,https://www.redfin.com/OR/Portland/14422-SE-Tenino-St-97236/home/26545307,RMLS,450786108,N,Y,45.4632608,-122.514426
MLS Listing,,Condo/Co-op,1410 NW Kearney St #1026,Portland,OR,97209,389000,1,1.0,EDGE LOFTS/PEARL DISTRICT,1122,,2004,7,347,708,Active,,,https://www.redfin.com/OR/Portland/1410-NW-Kearney-St-97209/unit-1026/home/26441213,RMLS,423372965,N,Y,45.5290673,-122.6858498
MLS Listing,,Multi-Family (2-4 Unit),694 NW Joy Ave,Portland,OR,97229,799000,6,3.0,149 - NW Washington Co or Sauvie Island,2592,,1959,7,308,,Active,,,https://www.redfin.com/OR/Portland/694-NW-Joy-Ave-97229/home/26572759,RMLS,241842549,N,Y,45.5249329,-122.8137508
MLS Listing,,Single Family Residential,7255 NW Dusty Ter,Portland,OR,97229,829900,5,3.5,149 - NW Washington Co or Sauvie Island,3158,3049,2018,7,263,73,Active,,,https://www.redfin.com/OR/Portland/7255-NW-Dusty-Ter-97229/home/112841341,RMLS,722862741,N,Y,45.5721526,-122.8513166
MLS Listing,,Condo/Co-op,1260 NW Naito Pkwy #1003,Portland,OR,97209,685000,2,2.0,The Waterfront Pearl,1307,,2007,7,524,1016,Active,,,https://www.redfin.com/OR/Portland/1260-NW-Naito-Pkwy-97209/unit-1003/home/181084508,RMLS,238260919,N,Y,45.5323966,-122.6785634
MLS Listing,,Single Family Residential,2611 NW Westover Rd,Portland,OR,97210,1795000,5,5.0,Kings Heights,8445,16988,1927,7,213,,Active,,,https://www.redfin.com/OR/Portland/2611-NW-Westover-Rd-97210/home/26518377,RMLS,618046162,N,Y,45.5285491,-122.7052422
MLS Listing,,Single Family Residential,6511 SE Needham St,Milwaukie,OR,97222,515000,2,1.0,Bell View,2302,,1928,7,224,,Active,August-3-2025 11:00 AM,August-3-2025 01:00 PM,https://www.redfin.com/OR/Portland/6511-SE-Needham-St-97222/home/26063072,RMLS,504182588,N,Y,45.4513367,-122.5960277
MLS Listing,,Single Family Residential,1925 NE 130th Ave,Portland,OR,97230,399000,3,1.0,RUSSELL,1152,6969,1955,7,346,,Active,,,https://www.redfin.com/OR/Portland/1925-NE-130th-Ave-97230/home/26517263,RMLS,210937934,N,Y,45.5370007,-122.5293527
MLS Listing,,Single Family Residential,5813 SE Steele St,Portland,OR,97206,740900,4,3.0,143 - Portland Southeast,2242,5662,2008,7,330,,Active,,,https://www.redfin.com/OR/Portland/5813-SE-Steele-St-97206/home/25761010,RMLS,561419438,N,Y,45.4848802,-122.6034246
MLS Listing,,Single Family Residential,2440 NW 111th Ave,Portland,OR,97229,550000,4,2.0,CEDAR MILL,2376,10018,1964,7,231,,Active,,,https://www.redfin.com/OR/Portland/2440-NW-111th-Ave-97229/home/26591489,RMLS,651851252,N,Y,45.5371341,-122.7903201
MLS Listing,,Condo/Co-op,408 NW 12th Ave #306,Portland,OR,97209,449900,1,1.0,Pearl Dist/McKenzie Lofts,1221,,1998,7,368,916,Active,,,https://www.redfin.com/OR/Portland/408-NW-12th-Ave-97209/unit-306/home/26660912,RMLS,564200549,N,Y,45.5261248,-122.6829812
MLS Listing,,Single Family Residential,8910 SW Lancelot Ln,Portland,OR,97219,995000,5,2.5,ASH CREEK WOODS,3385,18730,1989,7,294,,Active,,,https://www.redfin.com/OR/Portland/8910-SW-Lancelot-Ln-97219/home/26468257,RMLS,535506621,N,Y,45.4608935,-122.737003
MLS Listing,,Multi-Family (2-4 Unit),3045 NE Couch St,Portland,OR,97232,795000,4,2.0,Kerns / Laurelhurst,3112,4791,1963,7,255,,Active,August-3-2025 01:00 PM,August-3-2025 03:00 PM,https://www.redfin.com/OR/Portland/3045-NE-Couch-St-97232/home/26554210,RMLS,663601809,N,Y,45.5238329,-122.6335168
MLS Listing,,Single Family Residential,7510 SW Alden St,Portland,OR,97223,625000,3,2.0,Garden Home,2092,10018,1950,7,299,,Active,,,https://www.redfin.com/OR/Portland/7510-SW-Alden-St-97223/home/26657954,RMLS,253908477,N,Y,45.4601391,-122.7543118
MLS Listing,,Vacant Land,S View Point Ter,Portland,OR,97239,235000,,,"148 - Portland NW/ SW/ S, Raleigh Hills",,5227,,7,,,Active,,,https://www.redfin.com/OR/Portland/Sw-View-Point-Ter-97239/home/49692639,RMLS,579571196,N,Y,45.477002,-122.6781
MLS Listing,,Single Family Residential,8715 NE Clackamas St,Portland,OR,97220,580000,4,3.0,142 - Portland Northeast,2600,5227,1952,7,223,,Active,,,https://www.redfin.com/OR/Portland/8715-NE-Clackamas-St-97220/home/26606872,RMLS,593866982,N,Y,45.5330275,-122.5732085
MLS Listing,,Condo/Co-op,7534 SW Clear Hills Ter,Portland,OR,97225,725000,2,2.5,Clear Hills,1958,,1966,7,370,525,Active,,,https://www.redfin.com/OR/Portland/7534-SW-Clear-Hills-Ter-97225/home/26617418,RMLS,697153698,N,Y,45.4818425,-122.7543857
MLS Listing,,Townhouse,236 S Sweeney St,Portland,OR,97239,525000,2,2.5,JOHNS LANDING,1800,1742,1990,7,292,66,Active,,,https://www.redfin.com/OR/Portland/236-S-Sweeney-St-97239/home/26542350,RMLS,739507297,N,Y,45.483651,-122.6761849
MLS Listing,,Townhouse,2051 Bonniebrae Dr,Lake Oswego,OR,97034,399000,2,1.5,RED FOX HILLS,1008,,1970,7,396,430,Active,,,https://www.redfin.com/OR/Lake-Oswego/2051-Bonniebrae-Dr-97034/home/25995920,RMLS,456932521,N,Y,45.4316425,-122.6805823
MLS Listing,,Single Family Residential,16637 NE Hassalo St,Portland,OR,97230,469000,4,2.0,WILKES EAST,1807,7405,1954,7,260,,Active,August-2-2025 11:00 AM,August-2-2025 01:00 PM,https://www.redfin.com/OR/Portland/16637-NE-Hassalo-St-97230/home/26540816,RMLS,295789290,N,Y,45.5309855,-122.4917505
MLS Listing,,Condo/Co-op,1900 S River Dr Unit N1004,Portland,OR,97201,799900,2,2.0,"148 - Portland NW/ SW/ S, Raleigh Hills",1647,,2006,7,486,1155,Active,,,https://www.redfin.com/OR/Portland/1900-S-River-Dr-97201/unit-N1004/home/26447205,RMLS,353916295,N,Y,45.50834,-122.6735018
MLS Listing,,Single Family Residential,5017 SW Fairvale Ct,Portland,OR,97221,750000,4,4.0,"148 - Portland NW/ SW/ S, Raleigh Hills",2526,9147,1973,7,297,,Active,August-2-2025 11:00 AM,August-2-2025 01:00 PM,https://www.redfin.com/OR/Portland/5017-SW-Fairvale-Ct-97221/home/26548837,RMLS,689044699,N,Y,45.4821535,-122.7287387
MLS Listing,,Single Family Residential,3833 SE Raymond St,Portland,OR,97202,535000,4,1.0,143 - Portland Southeast,1764,5662,1914,7,303,,Active,,,https://www.redfin.com/OR/Portland/3833-SE-Raymond-St-97202/home/25799335,RMLS,696929538,N,Y,45.4868598,-122.6228563
MLS Listing,,Single Family Residential,11905 SW 60th Ave,Portland,OR,97219,1135000,5,3.5,"SW Portland, Lesser Park",4430,10890,2002,7,256,,Active,August-3-2025 12:00 PM,August-3-2025 02:00 PM,https://www.redfin.com/OR/Portland/11905-SW-60th-Ave-97219/home/26545340,RMLS,711922869,N,Y,45.4395265,-122.7388558
MLS Listing,,Single Family Residential,1703 SE 59th Ave,Portland,OR,97215,735000,4,2.0,MT TABOR,2580,4356,1926,7,285,,Active,,,https://www.redfin.com/OR/Portland/1703-SE-59th-Ave-97215/home/25786514,RMLS,272864319,N,Y,45.5105624,-122.6029465
MLS Listing,,Single Family Residential,1341 NE 116th Ave,Portland,OR,97220,360000,3,1.5,142 - Portland Northeast,1239,10018,1959,7,291,,Active,,,https://www.redfin.com/OR/Portland/1341-NE-116th-Ave-97220/home/26319736,RMLS,765985094,N,Y,45.5326481,-122.5437129
MLS Listing,,Single Family Residential,4560 SW 59th Ave,Portland,OR,97221,1995000,4,4.0,"148 - Portland NW/ SW/ S, Raleigh Hills",4436,9147,2023,7,450,118,Active,,,https://www.redfin.com/OR/Portland/4560-SW-59th-Ave-97221/home/171970360,RMLS,166963993,N,Y,45.4899147,-122.7377969
MLS Listing,,Single Family Residential,5552 Kilchurn Ave,Lake Oswego,OR,97035,1500000,4,2.5,"147 - Lake Oswego, West Linn",3295,,1991,7,455,60,Active,August-2-2025 01:00 PM,August-2-2025 03:00 PM,https://www.redfin.com/OR/Lake-Oswego/5552-Kilchurn-Ave-97035/home/26007489,RMLS,304683893,N,Y,45.4318695,-122.7319762
MLS Listing,,Single Family Residential,5618 SE Pine St,Portland,OR,97215,489000,2,1.0,Mt. Tabor,723,5227,1951,7,676,,Active,,,https://www.redfin.com/OR/Portland/5618-SE-Pine-St-97215/home/26599736,RMLS,695949728,N,Y,45.5204918,-122.6054613
MLS Listing,,Multi-Family (2-4 Unit),3955 SE Madison St,Portland,OR,97214,895000,5,3.0,SUNNYSIDE,3000,4356,1910,8,298,,Active,,,https://www.redfin.com/OR/Portland/3955-SE-Madison-St-97214/home/26471874,RMLS,391757316,N,Y,45.5130641,-122.6217174
MLS Listing,,Condo/Co-op,841 S Gaines St #427,Portland,OR,97239,435000,1,1.5,Atwater Place Condos,1155,,2007,8,377,881,Active,,,https://www.redfin.com/OR/Portland/841-S-Gaines-St-97239/unit-427/home/26669972,RMLS,712912153,N,Y,45.496606,-122.6688712
MLS Listing,,Condo/Co-op,2221 SW 1st Ave,Portland,OR,97201,369000,2,2.0,GRANT TOWER,1332,,1973,8,277,1123,Active,,,https://www.redfin.com/OR/Portland/2221-SW-1st-Ave-97201/home/196507967,RMLS,157210436,N,Y,45.5064791,-122.679731
MLS Listing,,Single Family Residential,7611 N Mississippi Ave,Portland,OR,97217,585000,3,2.0,141 - Portland North,2010,5227,1943,8,291,,Active,August-3-2025 01:00 PM,August-3-2025 03:00 PM,https://www.redfin.com/OR/Portland/7611-N-Mississippi-Ave-97217/home/26600770,RMLS,127785602,N,Y,45.578153,-122.6765726
MLS Listing,,Single Family Residential,1415 SE Anspach St,Milwaukie,OR,97267,575000,3,1.5,"145 - Milwaukie, Gladstone, Happy Valley, Clckmas, Dmscus, Estacada",1512,12196,1963,8,380,,Active,,,https://www.redfin.com/OR/Portland/1415-SE-Anspach-St-97267/home/25945333,RMLS,433868961,N,Y,45.4126274,-122.6491992
MLS Listing,,Condo/Co-op,1455 N Killingsworth St #404,Portland,OR,97217,260000,1,1.0,Overlook,608,,2012,8,428,428,Active,,,https://www.redfin.com/OR/Portland/1455-N-Killingsworth-St-97217/unit-404/home/40550325,RMLS,390426255,N,Y,45.562892,-122.681739
