SALE TYPE,SOLD DATE,PROPERTY TYPE,ADDRESS,CITY,STATE OR PROVINCE,ZIP OR POSTAL CODE,PRICE,BEDS,BATHS,LOCATION,SQUARE FEET,LOT SIZE,YEAR BUILT,DAYS ON MARKET,$/SQUARE FEET,HOA/MONTH,STATUS,NEXT OPEN HOUSE START TIME,NEXT OPEN HOUSE END TIME,URL (SEE https://www.redfin.com/buy-a-home/comparative-market-analysis FOR INFO ON PRICING),SOURCE,MLS#,FAVORITE,INTERESTED,LATITUDE,LONGITUDE
"In accordance with local MLS rules, some MLS listings are not included in the download"
MLS Listing,,Single Family Residential,1909 Elkhorn Dr,Eugene,OR,97408,539999,2,2.5,241 - Lane Co: North Gilham,1303,3049,2019,3,414,65,Active,,,https://www.redfin.com/OR/Eugene/1909-Elkhorn-Dr-97408/home/143031636,RMLS,378252150,N,Y,44.0974469,-123.0846059
MLS Listing,,Single Family Residential,3237 Timberline Dr,Eugene,OR,97405,799999,5,2.5,244 - Lane Co: Southwest Eugene,2728,6098,2014,14,293,32,Active,,,https://www.redfin.com/OR/Eugene/3237-Timberline-Dr-97405/home/44522861,RMLS,750116799,N,Y,44.0194521,-123.1488691
MLS Listing,,Townhouse,2776 Dayna Ln,Eugene,OR,97408,450000,2,2.0,241 - Lane Co: North Gilham,1316,4356,1991,17,342,,Active,,,https://www.redfin.com/OR/Eugene/2776-Dayna-Ln-97408/home/26222193,RMLS,660978645,N,Y,44.094067,-123.070229
MLS Listing,,Townhouse,1438 Quaker St,Eugene,OR,97402,280000,2,1.5,245 - Lane Co: West Eugene,1049,1306,1971,77,267,230,Active,,,https://www.redfin.com/OR/Eugene/1438-Quaker-St-97402/home/25864740,RMLS,395752496,N,Y,44.0442937,-123.1435976
MLS Listing,,Single Family Residential,4095 Eddystone Pl,Eugene,OR,97404,540000,3,2.5,248 - Lane Co: Santa Clara,2154,6098,1996,77,251,,Active,,,https://www.redfin.com/OR/Eugene/4095-Eddystone-Pl-97404/home/26210705,RMLS,622215260,N,Y,44.1214853,-123.1571135
MLS Listing,,Single Family Residential,1345 Skyline Park Loop,Eugene,OR,97405,630000,3,2.5,243 - Lane Co: East Eugene,1908,6969,2019,79,330,,Active,,,https://www.redfin.com/OR/Eugene/1345-Skyline-Park-Loop-97405/home/26152076,RMLS,787628867,N,Y,44.002739,-123.065689
MLS Listing,,Single Family Residential,941 Lawrence St,Eugene,OR,97401,699000,4,3.0,245 - Lane Co: West Eugene,2990,5227,1890,92,234,,Active,,,https://www.redfin.com/OR/Eugene/941-Lawrence-St-97401/home/26260054,RMLS,299402825,N,Y,44.0495075,-123.0985756
MLS Listing,,Single Family Residential,1875 W 18th Ave,Eugene,OR,97402,340000,2,1.0,244 - Lane Co: Southwest Eugene,900,6969,1936,106,378,,Active,,,https://www.redfin.com/OR/Eugene/1875-W-18th-Ave-97402/home/26196099,RMLS,239262493,N,Y,44.0407238,-123.1212856
MLS Listing,,Single Family Residential,2022 Floral Hill Dr,Eugene,OR,97403,750000,5,3.0,243 - Lane Co: East Eugene,2487,6969,1979,124,302,,Active,,,https://www.redfin.com/OR/Eugene/2022-Floral-Hill-Dr-97403/home/26149040,RMLS,219580605,N,Y,44.03693,-123.0569656
MLS Listing,,Single Family Residential,3010 River Rd,Eugene,OR,97404,525000,5,2.5,248 - Lane Co: Santa Clara,2316,7840,2006,1,227,,Active,August-2-2025 11:00 AM,August-2-2025 02:00 PM,https://www.redfin.com/OR/Eugene/3010-River-Rd-97404/home/26193027,RMLS,322565961,N,Y,44.1074446,-123.1343446
MLS Listing,,Mobile/Manufactured Home,86202 EL Camino St,Eugene,OR,97405,125000,2,2.0,243 - Lane Co: East Eugene,1010,7840,1990,1,124,,Active,,,https://www.redfin.com/OR/Eugene/86202-El-Camino-St-97405/home/26210504,RMLS,699662781,N,Y,44.0049194,-123.0052684
MLS Listing,,Single Family Residential,1090 Echo Hollow Rd,Eugene,OR,97402,399000,3,1.0,246 - Lane Co: Danebo,1253,9147,1955,1,318,,Active,,,https://www.redfin.com/OR/Eugene/1090-Echo-Hollow-Rd-97402/home/26145089,RMLS,748075157,N,Y,44.0728821,-123.1684586
MLS Listing,,Townhouse,2449 Kalmia St,Eugene,OR,97404,435000,3,2.0,248 - Lane Co: Santa Clara,1430,8276,1997,1,304,,Active,,,https://www.redfin.com/OR/Eugene/2449-Kalmia-St-97404/home/25745579,RMLS,565817112,N,Y,44.0994705,-123.1511416
MLS Listing,,Single Family Residential,3921 N Clarey St,Eugene,OR,97402,369000,3,2.0,246 - Lane Co: Danebo,1352,7840,1989,1,273,,Active,,,https://www.redfin.com/OR/Eugene/3921-N-Clarey-St-97402/home/26118572,RMLS,164244585,N,Y,44.0889322,-123.1610816
MLS Listing,,Single Family Residential,5145 Nectar Way,Eugene,OR,97405,479000,3,2.0,243 - Lane Co: East Eugene,1528,7405,1971,1,313,,Active,,,https://www.redfin.com/OR/Eugene/5145-Nectar-Way-97405/home/26104885,RMLS,759876019,N,Y,43.9966243,-123.0726093
MLS Listing,,Single Family Residential,115 E Hilliard Ln,Eugene,OR,97404,549900,3,2.5,RIVER ROAD COMMUNITY ORG,1860,10018,1941,1,296,,Active,August-2-2025 11:00 AM,August-2-2025 01:00 PM,https://www.redfin.com/OR/Eugene/115-E-Hilliard-Ln-97404/home/26222060,RMLS,402451348,N,Y,44.0791923,-123.1192805
MLS Listing,,Single Family Residential,1151 Lantern Ln,Eugene,OR,97401,964900,4,2.5,242 - Lane Co: Ferry Street Bridge,2345,4791,2024,1,411,197,Active,,,https://www.redfin.com/OR/Eugene/1151-Lantern-Ln-97401/home/104512148,RMLS,552854545,N,Y,44.0703783,-123.0955357
MLS Listing,,Single Family Residential,2990 W 18th Pl,Eugene,OR,97402,475000,3,2.5,244 - Lane Co: Southwest Eugene,2071,10890,1967,1,229,,Active,,,https://www.redfin.com/OR/Eugene/2990-W-18th-Pl-97402/home/26109720,RMLS,319818506,N,Y,44.0404386,-123.1371669
MLS Listing,,Condo/Co-op,1600 Pearl St,Eugene,OR,97401,947000,2,2.0,243 - Lane Co: East Eugene,1627,,2020,1,582,536,Active,,,https://www.redfin.com/OR/Eugene/1600-Pearl-St-97401/home/189045747,RMLS,288878081,N,Y,44.0420971,-123.0898765
MLS Listing,,Single Family Residential,863 W Broadway,Eugene,OR,97402,650000,3,2.0,245 - Lane Co: West Eugene,2222,7405,1925,1,293,,Active,,,https://www.redfin.com/OR/Eugene/863-W-Broadway-97402/home/26141419,RMLS,286993866,N,Y,44.0501273,-123.1058622
MLS Listing,,Single Family Residential,3888 Century Dr,Eugene,OR,97402,575000,4,2.5,246 - Lane Co: Danebo,2704,5662,2001,1,213,,Active,,,https://www.redfin.com/OR/Eugene/3888-Century-Dr-97402/home/26206605,RMLS,346572420,N,Y,44.0875862,-123.1596349
MLS Listing,,Single Family Residential,650 W 25th Pl,Eugene,OR,97405,649000,3,2.0,FRIENDLY AREA NEIGHBORS,2124,6098,1955,1,306,,Active,August-2-2025 01:00 PM,August-2-2025 03:00 PM,https://www.redfin.com/OR/Eugene/650-W-25th-Pl-97405/home/25821737,RMLS,684904479,N,Y,44.0304681,-123.1018962
MLS Listing,,Single Family Residential,830 Impala Ave,Eugene,OR,97404,495000,3,2.0,248 - Lane Co: Santa Clara,1662,9147,1996,1,298,,Active,August-2-2025 11:00 AM,August-2-2025 01:00 PM,https://www.redfin.com/OR/Eugene/830-Impala-Ave-97404/home/26222154,RMLS,384012179,N,Y,44.102732,-123.1486757
MLS Listing,,Single Family Residential,4490 Hilton Dr,Eugene,OR,97402,375000,3,1.0,246 - Lane Co: Danebo,1140,9147,1977,1,329,,Active,,,https://www.redfin.com/OR/Eugene/4490-Hilton-Dr-97402/home/26223248,RMLS,754492359,N,Y,44.0687073,-123.1705181
MLS Listing,,Condo/Co-op,28 Fairway Loop,Eugene,OR,97401,339000,3,2.5,242 - Lane Co: Ferry Street Bridge,1360,,1976,1,249,650,Active,August-2-2025 11:00 AM,August-2-2025 01:00 PM,https://www.redfin.com/OR/Eugene/28-Fairway-Loop-97401/home/25755764,RMLS,285481437,N,Y,44.0623913,-123.0831795
MLS Listing,,Single Family Residential,3967 Hawthorne Ave,Eugene,OR,97402,495000,5,2.0,246 - Lane Co: Danebo,2166,16552,1964,1,229,,Active,August-3-2025 03:00 PM,August-3-2025 05:00 PM,https://www.redfin.com/OR/Eugene/3967-Hawthorne-Ave-97402/home/26242895,RMLS,251674960,N,Y,44.0729267,-123.1625554
MLS Listing,,Single Family Residential,3868 Mirror Pond Way,Eugene,OR,97408,1065000,4,3.0,241 - Lane Co: North Gilham,3428,,1998,1,311,28,Active,August-2-2025 11:00 AM,August-2-2025 01:00 PM,https://www.redfin.com/OR/Eugene/3868-Mirror-Pond-Way-97408/home/26216282,RMLS,756920439,N,Y,44.1089751,-123.0861898
MLS Listing,,Single Family Residential,2894 Tomahawk Ln,Eugene,OR,97401,650000,4,2.5,242 - Lane Co: Ferry Street Bridge,2205,12196,1959,1,295,,Active,,,https://www.redfin.com/OR/Eugene/2894-Tomahawk-Ln-97401/home/26098135,RMLS,575815836,N,Y,44.0710774,-123.0653449
MLS Listing,,Single Family Residential,3337 W 14th Ave,Eugene,OR,97402,395000,3,1.0,245 - Lane Co: West Eugene,1004,6969,1972,1,393,,Active,August-2-2025 01:00 PM,August-2-2025 03:00 PM,https://www.redfin.com/OR/Eugene/3337-W-14th-Ave-97402/home/26198963,RMLS,109299763,N,Y,44.044605,-123.1417947
MLS Listing,,Mobile/Manufactured Home,1415 S Bertelsen Rd #152,Eugene,OR,97402,73000,3,1.0,245 - Lane Co: West Eugene,868,,1977,1,84,,Active,,,https://www.redfin.com/OR/Eugene/1415-S-Bertelsen-Rd-97402/unit-152/home/26183068,RMLS,170795959,N,Y,44.043272,-123.1621328
MLS Listing,,Condo/Co-op,650 W 12th Ave #108,Eugene,OR,97402,250000,0,1.0,245 - Lane Co: West Eugene,590,,2006,1,424,243,Active,,,https://www.redfin.com/OR/Eugene/650-W-12th-Ave-97402/unit-108/home/25804993,RMLS,750131434,N,Y,44.0462564,-123.1026493
MLS Listing,,Single Family Residential,2630 Agate St,Eugene,OR,97403,895000,2,2.0,243 - Lane Co: East Eugene,2227,14374,1958,1,402,,Active,August-2-2025 11:00 AM,August-2-2025 01:00 PM,https://www.redfin.com/OR/Eugene/2630-Agate-St-97403/home/26231541,RMLS,421221032,N,Y,44.031127,-123.0702912
MLS Listing,,Single Family Residential,3765 Century Dr,Eugene,OR,97402,360000,2,2.0,246 - Lane Co: Danebo,1008,5227,2001,2,357,,Active,August-2-2025 11:00 AM,August-2-2025 02:00 PM,https://www.redfin.com/OR/Eugene/3765-Century-Dr-97402/home/25758330,RMLS,742165197,N,Y,44.0858375,-123.1576009
MLS Listing,,Single Family Residential,860 Impala Ave,Eugene,OR,97404,479900,3,2.0,248 - Lane Co: Santa Clara,1683,7840,1996,2,285,,Active,August-2-2025 11:00 AM,August-2-2025 01:00 PM,https://www.redfin.com/OR/Eugene/860-Impala-Ave-97404/home/26199475,RMLS,751225555,N,Y,44.1027754,-123.1492622
MLS Listing,,Single Family Residential,540 N Bertelsen Rd,Eugene,OR,97402,360000,4,2.0,246 - Lane Co: Danebo,1274,8712,1973,2,283,,Active,August-1-2025 06:00 PM,August-1-2025 08:00 PM,https://www.redfin.com/OR/Eugene/540-N-Bertelsen-Rd-97402/home/26162489,RMLS,520272831,N,Y,44.0673533,-123.163422
MLS Listing,,Single Family Residential,1930 Sterling Park Pl,Eugene,OR,97408,949000,4,3.0,241 - Lane Co: North Gilham,2808,4791,2016,2,338,,Active,,,https://www.redfin.com/OR/Eugene/1930-Sterling-Park-Pl-97408/home/104511571,RMLS,286804469,N,Y,44.1079805,-123.0834742
MLS Listing,,Single Family Residential,3838 Dorchester Ln,Eugene,OR,97404,425000,3,2.0,248 - Lane Co: Santa Clara,1228,6098,1993,2,346,,Active,August-1-2025 04:00 PM,August-1-2025 06:00 PM,https://www.redfin.com/OR/Eugene/3838-Dorchester-Ln-97404/home/25774031,RMLS,339361962,N,Y,44.1192252,-123.1596313
MLS Listing,,Single Family Residential,2295 Harvard Dr,Eugene,OR,97405,399000,3,1.0,SW HILLS,1193,7405,1967,2,334,,Active,,,https://www.redfin.com/OR/Eugene/2295-Harvard-Dr-97405/home/26213482,RMLS,749584784,N,Y,44.0349488,-123.1570143
MLS Listing,,Single Family Residential,930 Laurelhurst Dr,Eugene,OR,97402,399000,3,1.0,246 - Lane Co: Danebo,1544,5227,1950,3,258,,Active,,,https://www.redfin.com/OR/Eugene/930-Laurelhurst-Dr-97402/home/26243903,RMLS,166165619,N,Y,44.0720994,-123.1751628
MLS Listing,,Single Family Residential,3575 Preston St,Eugene,OR,97401,690000,3,2.0,242 - Lane Co: Ferry Street Bridge,1740,9583,1998,3,397,,Active,August-3-2025 01:00 PM,August-3-2025 03:00 PM,https://www.redfin.com/OR/Eugene/3575-Preston-St-97401/home/26176158,RMLS,259774134,N,Y,44.0798547,-123.0494215
MLS Listing,,Condo/Co-op,1313 Lincoln St,Eugene,OR,97401,285000,2,1.0,245 - Lane Co: West Eugene,965,,1966,3,295,452,Active,August-3-2025 11:00 AM,August-3-2025 01:00 PM,https://www.redfin.com/OR/Eugene/1313-Lincoln-St-97401/home/188563641,RMLS,253872019,N,Y,44.044723,-123.0967428
MLS Listing,,Single Family Residential,3241 Lake Glenn Dr,Eugene,OR,97408,675000,3,2.0,241 - Lane Co: North Gilham,2148,4791,2006,4,314,230,Active,August-3-2025 12:00 PM,August-3-2025 02:00 PM,https://www.redfin.com/OR/Eugene/3241-Lake-Glenn-Dr-97408/home/25826523,RMLS,230180849,N,Y,44.0999324,-123.0839497
MLS Listing,,Single Family Residential,490 W 4th Ave,Eugene,OR,97401,345000,3,2.0,North Eugene Mixed Downtown,1564,,1900,4,221,,Active,,,https://www.redfin.com/OR/Eugene/490-W-4th-Ave-97401/home/26267062,RMLS,419463384,N,Y,44.0552439,-123.100087
MLS Listing,,Single Family Residential,957 Waite St,Eugene,OR,97402,415000,3,2.0,246 - Lane Co: Danebo,1456,8276,1971,4,285,,Active,August-2-2025 01:00 PM,August-2-2025 04:00 PM,https://www.redfin.com/OR/Eugene/957-Waite-St-97402/home/26219642,RMLS,108893861,N,Y,44.0716542,-123.1567857
MLS Listing,,Condo/Co-op,202 Foxtail Dr,Eugene,OR,97405,430000,3,2.5,243 - Lane Co: East Eugene,1744,,1978,5,247,425,Active,August-2-2025 11:00 AM,August-2-2025 01:00 PM,https://www.redfin.com/OR/Eugene/202-Foxtail-Dr-97405/home/25807321,RMLS,297742869,N,Y,43.9945453,-123.0914723
MLS Listing,,Single Family Residential,480 Bushnell Ln,Eugene,OR,97404,399900,3,1.5,247 - Lane Co: River Road,1260,7840,1961,5,317,,Active,August-3-2025 12:00 PM,August-3-2025 02:00 PM,https://www.redfin.com/OR/Eugene/480-Bushnell-Ln-97404/home/26246021,RMLS,453123614,N,Y,44.0950219,-123.1483631
MLS Listing,,Single Family Residential,820 Ivy Ave,Eugene,OR,97404,355000,3,1.0,247 - Lane Co: River Road,884,7840,1963,5,402,,Active,August-2-2025 10:00 AM,August-2-2025 12:00 PM,https://www.redfin.com/OR/Eugene/820-Ivy-Ave-97404/home/26102969,RMLS,171786195,N,Y,44.0963751,-123.1415293
MLS Listing,,Single Family Residential,1220 River Rd,Eugene,OR,97404,484000,4,2.0,247 - Lane Co: River Road,1664,10454,1927,6,291,,Active,,,https://www.redfin.com/OR/Eugene/1220-River-Rd-97404/home/26249746,RMLS,433349882,N,Y,44.0822226,-123.1227912
MLS Listing,,Single Family Residential,1048 Legacy Ln,Eugene,OR,97402,578400,4,2.5,MEADOWVIEW,2306,,2025,6,251,58,Active,,,https://www.redfin.com/OR/Eugene/1048-Legacy-Ln-97402/home/195215296,RMLS,721295658,N,Y,44.077489,-123.2033957
MLS Listing,,Single Family Residential,240 Rose Ct,Eugene,OR,97401,399000,3,1.0,242 - Lane Co: Ferry Street Bridge,1612,11761,1958,6,248,,Active,,,https://www.redfin.com/OR/Eugene/240-Rose-Ct-97401/home/26099675,RMLS,210588318,N,Y,44.0652707,-123.0709722
MLS Listing,,Single Family Residential,805 Lariat Dr,Eugene,OR,97401,1200000,4,3.5,242 - Lane Co: Ferry Street Bridge,3043,17424,1950,6,394,,Active,August-2-2025 01:00 PM,August-2-2025 03:00 PM,https://www.redfin.com/OR/Eugene/805-Lariat-Dr-97401/home/26119608,RMLS,715771507,N,Y,44.0726972,-123.0754898
MLS Listing,,Mobile/Manufactured Home,1475 Green Acres Rd #99,Eugene,OR,97408,18000,2,2.0,Falcon Wood Village,811,,1970,7,22,,Active,,,https://www.redfin.com/OR/Eugene/1475-Green-Acres-Rd-97408/unit-99/home/26125876,RMLS,563786257,N,Y,44.0942703,-123.0901646
MLS Listing,,Single Family Residential,3820 University St,Eugene,OR,97405,799000,5,3.0,SOUTH EUGENE,3204,8276,1970,7,249,,Active,August-2-2025 11:00 AM,August-2-2025 01:00 PM,https://www.redfin.com/OR/Eugene/3820-University-St-97405/home/26228460,RMLS,510386812,N,Y,44.0139383,-123.0735679
MLS Listing,,Single Family Residential,358 W 15th Ave,Eugene,OR,97401,519000,2,3.0,Jefferson Westside Neighbors,2000,3484,1926,7,260,,Active,,,https://www.redfin.com/OR/Eugene/358-W-15th-Ave-97401/home/26165299,RMLS,382047815,N,Y,44.0431805,-123.0978428
MLS Listing,,Single Family Residential,27717 Royal Ave,Eugene,OR,97402,1695000,3,2.5,245 - Lane Co: West Eugene,3360,434728,1980,7,504,,Active,,,https://www.redfin.com/OR/Eugene/27717-Royal-Ave-97402/home/26190072,RMLS,493713597,N,Y,44.0714309,-123.251076
MLS Listing,,Single Family Residential,645 W 25th Pl,Eugene,OR,97405,750000,5,3.0,244 - Lane Co: Southwest Eugene,2488,5227,1950,7,301,,Active,,,https://www.redfin.com/OR/Eugene/645-W-25th-Pl-97405/home/26225688,RMLS,255842249,N,Y,44.030908,-123.101895
MLS Listing,,Single Family Residential,4045 Sabrena Ave,Eugene,OR,97404,472000,3,2.0,248 - Lane Co: Santa Clara,1332,6534,2000,7,354,,Active,,,https://www.redfin.com/OR/Eugene/4045-Sabrena-Ave-97404/home/26231669,RMLS,191305730,N,Y,44.1214004,-123.1543904
MLS Listing,,Single Family Residential,3212 Kentwood Dr,Eugene,OR,97401,450000,3,2.5,241 - Lane Co: North Gilham,1548,4791,1988,7,291,,Active,,,https://www.redfin.com/OR/Eugene/3212-Kentwood-Dr-97401/home/25817214,RMLS,784979938,N,Y,44.0840943,-123.0595715
MLS Listing,,Multi-Family (2-4 Unit),2905 Pearl St,Eugene,OR,97405,525000,5,2.0,244 - Lane Co: Southwest Eugene,,8276,1952,7,,,Active,,,https://www.redfin.com/OR/Eugene/2905-Pearl-St-97405/home/26273113,RMLS,589706703,N,Y,44.0259863,-123.0884922
MLS Listing,,Mobile/Manufactured Home,3900 Coburg Rd #9,Eugene,OR,97408,23000,1,1.0,Idle Wheels,672,,1969,7,34,,Active,,,https://www.redfin.com/OR/Eugene/3900-Coburg-Rd-97408/unit-9/home/26126555,RMLS,451705634,N,Y,44.1075936,-123.056179
MLS Listing,,Mobile/Manufactured Home,3220 Crescent Ave #34,Eugene,OR,97408,339000,3,2.0,Summer Oaks,2100,,2000,7,161,,Active,,,https://www.redfin.com/OR/Eugene/3220-Crescent-Ave-97408/unit-34/home/25786549,RMLS,421473991,N,Y,44.0911748,-123.0545095
MLS Listing,,Single Family Residential,2070 Fairway Loop,Eugene,OR,97401,609000,3,1.5,242 - Lane Co: Ferry Street Bridge,1526,13068,1941,7,399,,Active,,,https://www.redfin.com/OR/Eugene/2070-Fairway-Loop-97401/home/26244321,RMLS,24671618,N,Y,44.0666001,-123.0811804
MLS Listing,,Single Family Residential,32810 Sisters Loop,Eugene,OR,97405,895000,3,2.0,243 - Lane Co: East Eugene,2054,880347,2000,8,436,,Active,,,https://www.redfin.com/OR/Eugene/32810-Sisters-Loop-97405/home/26202817,RMLS,596575968,N,Y,43.9733564,-123.0535932
MLS Listing,,Multi-Family (2-4 Unit),511 Madison 539 Madison St,Eugene,OR,97402,599000,4,3.0,North Eugene Mixed Whiteaker,2078,6534,1910,8,288,,Active,,,https://www.redfin.com/OR/Eugene/511-Madison-St-97402/home/26251354,RMLS,555640693,N,Y,44.0541334,-123.1031388
MLS Listing,,Townhouse,161 Lea Ave,Eugene,OR,97404,295000,3,2.0,247 - Lane Co: River Road,1020,2178,1995,8,289,,Active,,,https://www.redfin.com/OR/Eugene/161-Lea-Ave-97404/home/26240364,RMLS,787231256,N,Y,44.098219,-123.1329403
MLS Listing,,Single Family Residential,3016 Ashley Loop,Eugene,OR,97405,750000,4,2.5,Southwest Hills Neighborhood,2473,12196,1994,8,303,,Active,,,https://www.redfin.com/OR/Eugene/3016-Ashley-Loop-97405/home/26273241,RMLS,373600037,N,Y,44.0232188,-123.1267448
MLS Listing,,Single Family Residential,2114 Silhouette St,Eugene,OR,97402,499000,3,2.5,246 - Lane Co: Danebo,1718,6534,1993,8,290,5,Active,,,https://www.redfin.com/OR/Eugene/2114-Silhouette-St-97402/home/26170531,RMLS,648965346,N,Y,44.0881396,-123.1878221
MLS Listing,,Single Family Residential,34780 Highway 58,Eugene,OR,97405,979000,3,2.0,234 - Lane Co: Pleasant Hill / Oakridge,1701,408157,1976,8,576,,Active,,,https://www.redfin.com/OR/Eugene/34780-Highway-58-97405/home/26148909,RMLS,676258428,N,Y,43.9853428,-122.9798993
MLS Listing,,Mobile/Manufactured Home,3700 Babcock Ln #67,Eugene,OR,97401,227000,2,2.0,Camelot Village Community,1513,,1991,8,150,,Active,August-2-2025 12:00 PM,August-2-2025 02:00 PM,https://www.redfin.com/OR/Eugene/3700-Babcock-Ln-97401/unit-67/home/26186662,RMLS,331928555,N,Y,44.0742376,-123.0489736
MLS Listing,,Single Family Residential,3944 Los Altos Ln,Eugene,OR,97405,3695000,5,4.5,The Summit,5269,50529,2015,8,701,72,Active,,,https://www.redfin.com/OR/Eugene/3944-Los-Altos-Ln-97405/home/26245371,RMLS,434260402,N,Y,44.0215166,-123.1536226
MLS Listing,,Single Family Residential,648 W 8th Ave,Eugene,OR,97402,439900,4,2.0,245 - Lane Co: West Eugene,1828,4791,1937,8,241,,Active,,,https://www.redfin.com/OR/Eugene/648-W-8th-Ave-97402/home/26204232,RMLS,108626566,N,Y,44.0507391,-123.1025878
MLS Listing,,Single Family Residential,2203 Lorane Hwy,Eugene,OR,97405,975000,3,2.0,244 - Lane Co: Southwest Eugene,2778,66646,1958,8,351,,Active,August-9-2025 11:00 AM,August-9-2025 01:00 PM,https://www.redfin.com/OR/Eugene/2203-Lorane-Hwy-97405/home/26153524,RMLS,615913954,N,Y,44.0192856,-123.125325
MLS Listing,,Multi-Family (2-4 Unit),263 W 16th Ave,Eugene,OR,97401,585000,4,2.0,245 - Lane Co: West Eugene,1379,4356,1957,8,424,,Active,,,https://www.redfin.com/OR/Eugene/263-W-16th-Ave-97401/home/26099334,RMLS,126581512,N,Y,44.042327,-123.096475
MLS Listing,,Single Family Residential,84477 Murdock Rd,Eugene,OR,97405,950000,3,2.5,244 - Lane Co: Southwest Eugene,2911,199940,1974,8,326,,Active,,,https://www.redfin.com/OR/Eugene/84477-Murdock-Rd-97405/home/26114128,RMLS,356831164,N,Y,43.954737,-123.106388
MLS Listing,,Single Family Residential,3010 Neslo Ln,Eugene,OR,97405,555000,3,2.0,244 - Lane Co: Southwest Eugene,1792,15681,1948,8,310,,Active,,,https://www.redfin.com/OR/Eugene/3010-Neslo-Ln-97405/home/109856885,RMLS,403001320,N,Y,44.0233559,-123.1145811
MLS Listing,,Single Family Residential,830 Larch St,Eugene,OR,97405,585000,3,1.0,243 - Lane Co: East Eugene,960,25700,1961,8,609,,Active,August-2-2025 03:00 PM,August-2-2025 05:00 PM,https://www.redfin.com/OR/Eugene/830-Larch-St-97405/home/26152157,RMLS,516435737,N,Y,44.004458,-123.0773227
MLS Listing,,Single Family Residential,457 Archie St,Eugene,OR,97402,399900,3,1.5,246 - Lane Co: Danebo,1368,10018,1963,8,292,,Active,August-2-2025 12:00 PM,August-2-2025 02:00 PM,https://www.redfin.com/OR/Eugene/457-Archie-St-97402/home/26146806,RMLS,197935081,N,Y,44.0666904,-123.1546146
MLS Listing,,Mobile/Manufactured Home,3220 Crescent Ave #102,Eugene,OR,97408,275000,3,2.0,Summer Oaks,1776,,1996,8,155,,Active,,,https://www.redfin.com/OR/Eugene/3220-Crescent-Ave-97408/unit-102/home/26189118,RMLS,797586054,N,Y,44.0911748,-123.0545095
MLS Listing,,Single Family Residential,3451 Elmira Rd,Eugene,OR,97402,367000,3,1.0,246 - Lane Co: Danebo,1064,11761,1951,8,345,,Active,,,https://www.redfin.com/OR/Eugene/3451-Elmira-Rd-97402/home/26248741,RMLS,622633966,N,Y,44.0663699,-123.1517328
MLS Listing,,Single Family Residential,3743 Julia Loop,Eugene,OR,97404,600000,4,2.5,248 - Lane Co: Santa Clara,2360,8276,2002,8,254,,Active,,,https://www.redfin.com/OR/Eugene/3743-Julia-Loop-97404/home/26226266,RMLS,272514136,N,Y,44.1172894,-123.122822
MLS Listing,,Mobile/Manufactured Home,3900 Coburg Rd #58,Eugene,OR,97408,45000,2,1.0,Idle Wheels Mobile 55+ Park,784,,1979,9,57,,Active,,,https://www.redfin.com/OR/Eugene/3900-Coburg-Rd-97408/unit-58/home/26183953,RMLS,785636409,N,Y,44.1075936,-123.056179
MLS Listing,,Mobile/Manufactured Home,1199 N Terry St #315,Eugene,OR,97402,94500,2,2.0,Daneland Mobile Home Park,960,,1979,9,98,,Active,,,https://www.redfin.com/OR/Eugene/1199-N-Terry-St-97402/unit-315/home/26115672,RMLS,103312918,N,Y,44.0757715,-123.1854812
MLS Listing,,Single Family Residential,135 E 31st Ave,Eugene,OR,97405,399990,2,1.0,243 - Lane Co: East Eugene,680,4791,1947,9,588,,Active,August-2-2025 11:00 AM,August-2-2025 01:00 PM,https://www.redfin.com/OR/Eugene/135-E-31st-Ave-97405/home/26107873,RMLS,243057384,N,Y,44.0232199,-123.0892848
MLS Listing,,Single Family Residential,26718 Cantrell Rd,Eugene,OR,97402,1160000,5,2.5,236 - Lane Co: West Lane Properties,2904,1167843,1971,9,399,,Active,,,https://www.redfin.com/OR/Eugene/26718-Cantrell-Rd-97402/home/26126434,RMLS,488891153,N,Y,44.0358231,-123.2865116
MLS Listing,,Condo/Co-op,1947 W 17th Ave Unit B,Eugene,OR,97402,200000,2,1.5,245 - Lane Co: West Eugene,936,,1967,9,214,240,Active,,,https://www.redfin.com/OR/Eugene/1947-W-17th-Ave-97402/unit-B/home/26120677,RMLS,238637717,N,Y,44.0414573,-123.1226209
MLS Listing,,Single Family Residential,2628 Edgewater Dr,Eugene,OR,97401,3750000,4,5.0,242 - Lane Co: Ferry Street Bridge,7403,30927,2008,9,507,147,Active,,,https://www.redfin.com/OR/Eugene/2628-Edgewater-Dr-97401/home/26231133,RMLS,474656953,N,Y,44.0891352,-123.1096871
MLS Listing,,Single Family Residential,871 Corvette Ln,Eugene,OR,97404,439000,3,2.0,248 - Lane Co: Santa Clara,1520,8712,1995,9,289,,Active,August-2-2025 11:00 AM,August-2-2025 01:00 PM,https://www.redfin.com/OR/Eugene/871-Corvette-Ln-97404/home/25855608,RMLS,487345281,N,Y,44.1024513,-123.1497882
MLS Listing,,Vacant Land,3046 Whitbeck Blvd,Eugene,OR,97405,90000,,,SOUTHWEST HILLS NEIGHBORHOOD,,6098,,9,,,Active,,,https://www.redfin.com/OR/Eugene/3046-Whitbeck-Blvd-97405/home/105420450,RMLS,747373494,N,Y,44.0236579,-123.1154041
MLS Listing,,Single Family Residential,3881 Souza St,Eugene,OR,97402,595000,4,2.0,246 - Lane Co: Danebo,1917,14810,1950,9,310,,Active,,,https://www.redfin.com/OR/Eugene/3881-Souza-St-97402/home/26205502,RMLS,384539176,N,Y,44.0814622,-123.1602659
MLS Listing,,Single Family Residential,785 ST Charles St,Eugene,OR,97402,290000,3,1.5,246 - Lane Co: Danebo,1248,3920,2025,9,232,,Active,,,https://www.redfin.com/OR/Eugene/785-St-Charles-St-97402/home/183588699,RMLS,781142451,N,Y,44.0364,-123.24503
MLS Listing,,Single Family Residential,777 ST Charles St,Eugene,OR,97402,290000,3,1.5,246 - Lane Co: Danebo,1248,3920,2025,9,232,,Active,,,https://www.redfin.com/OR/Eugene/777-St-Charles-St-97402/home/183588700,RMLS,203692836,N,Y,44.069354,-123.189721
MLS Listing,,Single Family Residential,723 ST Charles St,Eugene,OR,97402,250000,2,1.0,246 - Lane Co: Danebo,856,3920,2025,9,292,,Active,,,https://www.redfin.com/OR/Eugene/723-St-Charles-St-97402/home/183588704,RMLS,206152796,N,Y,44.0364,-123.24503
MLS Listing,,Single Family Residential,715 ST Charles St,Eugene,OR,97402,250000,2,1.0,246 - Lane Co: Danebo,856,3920,2025,9,292,,Active,,,https://www.redfin.com/OR/Eugene/715-St-Charles-St-97402/home/183588705,RMLS,683039134,N,Y,44.068682,-123.189631
MLS Listing,,Single Family Residential,5253 Forest Ln,Eugene,OR,97402,250000,2,1.0,246 - Lane Co: Danebo,856,4791,2025,9,292,,Active,,,https://www.redfin.com/OR/Eugene/5253-Forest-Ln-97402/home/183588706,RMLS,399772503,N,Y,44.068552,-123.189631
MLS Listing,,Single Family Residential,5275 Forest Ln,Eugene,OR,97402,250000,2,1.0,246 - Lane Co: Danebo,856,3049,2025,9,292,,Active,,,https://www.redfin.com/OR/Eugene/5275-Forest-Ln-97402/home/183588721,RMLS,254442500,N,Y,44.068542,-123.190276
MLS Listing,,Single Family Residential,1280 Peets Ct,Eugene,OR,97402,469000,3,2.0,246 - Lane Co: Danebo,1506,9147,2002,9,311,,Active,,,https://www.redfin.com/OR/Eugene/1280-Peets-Ct-97402/home/25861302,RMLS,143019116,N,Y,44.0757783,-123.1960993
MLS Listing,,Single Family Residential,5261 Forest Ln,Eugene,OR,97402,250000,2,1.0,246 - Lane Co: Danebo,856,3920,2025,9,292,,Active,,,https://www.redfin.com/OR/Eugene/5261-Forest-Ln-97402/home/183588722,RMLS,294331238,N,Y,44.068552,-123.190094
MLS Listing,,Single Family Residential,716 ST Charles St,Eugene,OR,97402,250000,3,1.0,246 - Lane Co: Danebo,856,3920,2025,9,292,,Active,,,https://www.redfin.com/OR/Eugene/716-St-Charles-St-97402/home/183588723,RMLS,546025105,N,Y,44.0364,-123.24503
MLS Listing,,Single Family Residential,742 ST Charles St,Eugene,OR,97402,250000,2,1.0,246 - Lane Co: Danebo,856,4791,2025,9,292,,Active,,,https://www.redfin.com/OR/Eugene/742-St-Charles-St-97402/home/183588725,RMLS,158265795,N,Y,44.068975,-123.190197
MLS Listing,,Single Family Residential,750 ST Charles St,Eugene,OR,97402,250000,2,1.0,246 - Lane Co: Danebo,856,3920,2025,9,292,,Active,,,https://www.redfin.com/OR/Eugene/750-St-Charles-St-97402/home/183588726,RMLS,742093147,N,Y,44.0364,-123.24503
MLS Listing,,Condo/Co-op,172 Oakleigh Ln #513,Eugene,OR,97404,639900,3,2.0,247 - Lane Co: River Road,1212,,2022,9,528,569,Active,,,https://www.redfin.com/OR/Eugene/172-Oakleigh-Ln-97404/unit-513/home/187587720,RMLS,661571400,N,Y,44.0778472,-123.116739
MLS Listing,,Single Family Residential,813 Ruby Ave,Eugene,OR,97404,365000,3,1.5,248 - Lane Co: Santa Clara,960,9147,1969,9,380,,Active,,,https://www.redfin.com/OR/Eugene/813-Ruby-Ave-97404/home/26200455,RMLS,672803589,N,Y,44.0988054,-123.1475715
MLS Listing,,Single Family Residential,1848 E 43rd Ave,Eugene,OR,97405,815000,4,2.5,243 - Lane Co: East Eugene,2248,7840,2006,10,363,,Active,,,https://www.redfin.com/OR/Eugene/1848-E-43rd-Ave-97405/home/26247887,RMLS,508376258,N,Y,44.0067787,-123.065443
MLS Listing,,Single Family Residential,749 ST Charles St,Eugene,OR,97402,250000,2,1.0,246 - Lane Co: Danebo,856,4791,2025,10,292,,Active,,,https://www.redfin.com/OR/Eugene/749-St-Charles-St-97402/home/183588702,RMLS,588238315,N,Y,44.0364,-123.24503
MLS Listing,,Single Family Residential,735 ST Charles St,Eugene,OR,97402,250000,2,1.0,246 - Lane Co: Danebo,856,3920,2025,10,292,,Active,,,https://www.redfin.com/OR/Eugene/735-St-Charles-St-97402/home/183588703,RMLS,187298798,N,Y,44.0364,-123.24503
MLS Listing,,Single Family Residential,3740 Emerald St,Eugene,OR,97405,750000,6,3.5,243 - Lane Co: East Eugene,4828,7840,1966,10,155,,Active,,,https://www.redfin.com/OR/Eugene/3740-Emerald-St-97405/home/26103861,RMLS,157542800,N,Y,44.0157127,-123.0723263
MLS Listing,,Multi-Family (2-4 Unit),154 Norman Ave,Eugene,OR,97404,525000,6,4.0,RIVER ROAD COMMUNITY ORG,2268,10018,1968,10,231,,Active,,,https://www.redfin.com/OR/Eugene/154-Norman-Ave-97404/home/26210718,RMLS,547523236,N,Y,44.089365,-123.123149
MLS Listing,,Single Family Residential,1061 Argon Ave,Eugene,OR,97404,500000,3,2.5,248 - Lane Co: Santa Clara,1676,5227,2004,10,298,,Active,,,https://www.redfin.com/OR/Eugene/1061-Argon-Ave-97404/home/26236446,RMLS,746713138,N,Y,44.1180372,-123.1527447
MLS Listing,,Single Family Residential,1660 Riley Ln,Eugene,OR,97402,415000,3,2.5,Avalon Village,1519,2613,2002,10,273,35,Active,,,https://www.redfin.com/OR/Eugene/1660-Riley-Ln-97402/home/26248043,RMLS,472830724,N,Y,44.0791623,-123.1939382
MLS Listing,,Single Family Residential,1885 W 15th Ave,Eugene,OR,97402,469000,3,2.0,245 - Lane Co: West Eugene,1904,8712,1926,10,246,,Active,,,https://www.redfin.com/OR/Eugene/1885-W-15th-Ave-97402/home/26212014,RMLS,368729055,N,Y,44.0435904,-123.121252
MLS Listing,,Single Family Residential,3308 Honeywood St,Eugene,OR,97408,460000,3,3.5,241 - Lane Co: North Gilham,1346,6098,1983,11,342,,Active,,,https://www.redfin.com/OR/Eugene/3308-Honeywood-St-97408/home/26242483,RMLS,651027164,N,Y,44.1006202,-123.0775166
MLS Listing,,Single Family Residential,28072 Briggs Hill Rd,Eugene,OR,97405,899000,3,3.0,236 - Lane Co: West Lane Properties,2325,217800,1954,11,387,,Active,,,https://www.redfin.com/OR/Eugene/28072-Briggs-Hill-Rd-97405/home/143082932,RMLS,775384970,N,Y,43.966344,-123.232084
MLS Listing,,Single Family Residential,1842 Princeton Dr,Eugene,OR,97405,385000,4,1.5,244 - Lane Co: Southwest Eugene,1088,7405,1972,11,354,,Active,,,https://www.redfin.com/OR/Eugene/1842-Princeton-Dr-97405/home/26153434,RMLS,234243856,N,Y,44.0378853,-123.1609982
MLS Listing,,Single Family Residential,3772 Colony Oaks Dr,Eugene,OR,97405,450000,2,2.0,Cottages at Colony Oaks,1500,1306,2006,11,300,364,Active,,,https://www.redfin.com/OR/Eugene/3772-Colony-Oaks-Dr-97405/home/26193668,RMLS,588728822,N,Y,44.028024,-123.1458866
MLS Listing,,Single Family Residential,2200 Brittany St,Eugene,OR,97405,449000,3,2.0,244 - Lane Co: Southwest Eugene,1196,8276,1972,14,375,,Active,,,https://www.redfin.com/OR/Eugene/2200-Brittany-St-97405/home/26214663,RMLS,632985696,N,Y,44.0352024,-123.1448054
MLS Listing,,Condo/Co-op,1323 City View St,Eugene,OR,97402,247000,2,1.5,245 - Lane Co: West Eugene,1004,,1979,14,246,235,Active,,,https://www.redfin.com/OR/Eugene/1323-City-View-St-97402/home/26120022,RMLS,604497718,N,Y,44.0453814,-123.1266942
MLS Listing,,Single Family Residential,2505 Highland Oaks Dr,Eugene,OR,97405,679000,3,3.0,244 - Lane Co: Southwest Eugene,2724,14374,1960,14,249,,Active,,,https://www.redfin.com/OR/Eugene/2505-Highland-Oaks-Dr-97405/home/26153686,RMLS,224169097,N,Y,44.0338748,-123.1315308
MLS Listing,,Condo/Co-op,4427 Fox Hollow Rd #1,Eugene,OR,97405,359000,3,2.0,Wild Oaks,1263,,1975,14,284,435,Active,,,https://www.redfin.com/OR/Eugene/4427-Fox-Hollow-Rd-97405/unit-1/home/25773845,RMLS,752556025,N,Y,44.0059225,-123.078768
MLS Listing,,Single Family Residential,3643 E Amazon Dr,Eugene,OR,97405,550000,3,2.0,243 - Lane Co: East Eugene,1386,5662,1946,14,397,,Active,,,https://www.redfin.com/OR/Eugene/3643-E-Amazon-Dr-97405/home/26163273,RMLS,759776055,N,Y,44.0168686,-123.077832
MLS Listing,,Single Family Residential,1057 Lamplite Ln,Eugene,OR,97402,409000,2,2.0,246 - Lane Co: Danebo,1459,9147,1972,14,280,,Active,,,https://www.redfin.com/OR/Eugene/1057-Lamplite-Ln-97402/home/26100610,RMLS,793214898,N,Y,44.0727574,-123.1794857
MLS Listing,,Single Family Residential,2183 Ashbury Dr,Eugene,OR,97408,899000,4,3.0,Hidden Creek Estates,3000,6534,2002,14,300,,Active,,,https://www.redfin.com/OR/Eugene/2183-Ashbury-Dr-97408/home/25787485,RMLS,122301151,N,Y,44.1046862,-123.0791417
MLS Listing,,Single Family Residential,3255 Olive St,Eugene,OR,97405,650000,6,4.0,244 - Lane Co: Southwest Eugene,2700,20037,1963,14,241,,Active,,,https://www.redfin.com/OR/Eugene/3255-Olive-St-97405/home/26103443,RMLS,118459363,N,Y,44.0216035,-123.093695
MLS Listing,,Single Family Residential,3727 Wilshire Ln,Eugene,OR,97405,525000,3,2.0,SW Eugene,1660,10018,1976,14,316,3,Active,August-2-2025 11:00 AM,August-2-2025 01:00 PM,https://www.redfin.com/OR/Eugene/3727-Wilshire-Ln-97405/home/26213894,RMLS,267412373,N,Y,44.0313523,-123.1484161
MLS Listing,,Single Family Residential,70 Jefferson Aly,Eugene,OR,97402,379500,3,1.0,245 - Lane Co: West Eugene,1071,4356,1998,14,354,,Active,,,https://www.redfin.com/OR/Eugene/70-Jefferson-Aly-97402/home/26123206,RMLS,621353768,N,Y,44.0591871,-123.1027131
MLS Listing,,Multi-Family (2-4 Unit),1760 W 17th Ave,Eugene,OR,97402,1117000,9,9.0,244 - Lane Co: Southwest Eugene,,8712,1975,14,,,Active,,,https://www.redfin.com/OR/Eugene/1760-W-17th-Ave-97402/home/26211478,RMLS,199005442,N,Y,44.0410442,-123.1197024
MLS Listing,,Single Family Residential,5145 Trevon St,Eugene,OR,97402,449900,3,2.5,246 - Lane Co: Danebo,1514,6534,1993,14,297,5,Active,,,https://www.redfin.com/OR/Eugene/5145-Trevon-St-97402/home/26211465,RMLS,260664947,N,Y,44.0906237,-123.1864784
MLS Listing,,Multi-Family (2-4 Unit),2063 Lake Wind Dr,Eugene,OR,97408,750000,4,4.0,LAKE SHORE ESTATES,2708,10018,2004,14,277,,Active,,,https://www.redfin.com/OR/Eugene/2063-Lake-Wind-Dr-97408/home/26265304,RMLS,150011871,N,Y,44.1015046,-123.081266
MLS Listing,,Single Family Residential,86701 Franklin Blvd,Eugene,OR,97405,499000,3,1.5,Seavey Loop,1368,150717,1910,14,365,,Active,,,https://www.redfin.com/OR/Eugene/86701-Franklin-Blvd-97405/home/26110663,RMLS,118210283,N,Y,44.0180003,-123.0235815
MLS Listing,,Single Family Residential,5970 ST Helena St,Eugene,OR,97402,449900,3,2.0,HARVEST RIDGE,1566,6534,1998,15,287,,Active,,,https://www.redfin.com/OR/Eugene/5970-St-Helena-St-97402/home/26241558,RMLS,659884033,N,Y,44.0820542,-123.2053763
MLS Listing,,Multi-Family (2-4 Unit),255 E 14th (-257) Ave,Eugene,OR,97401,665000,2,4.0,ELLSWORTHS ADDITION TO EU,2756,3049,1962,15,241,,Active,,,https://www.redfin.com/OR/Eugene/255-E-14th-Ave-97401/home/190488185,WVMLS,831605,N,Y,44.0446503,-123.0888234
MLS Listing,,Single Family Residential,4588 W Hillside Dr,Eugene,OR,97405,435000,3,1.0,243 - Lane Co: East Eugene,1004,8276,1970,15,433,,Active,August-3-2025 02:00 PM,August-3-2025 04:00 PM,https://www.redfin.com/OR/Eugene/4588-W-Hillside-Dr-97405/home/26106135,RMLS,588492289,N,Y,44.0051026,-123.0783186
MLS Listing,,Mobile/Manufactured Home,1475 Green Acres Rd #58,Eugene,OR,97408,60000,2,2.0,Falcon Wood Village,1152,,1976,15,52,,Active,,,https://www.redfin.com/OR/Eugene/1475-Green-Acres-Rd-97408/unit-58/home/25751608,RMLS,773334691,N,Y,44.0942703,-123.0901646
MLS Listing,,Vacant Land,190 River Loop 1,Eugene,OR,97404,999900,,,248 - Lane Co: Santa Clara,,153331,,15,,,Active,,,https://www.redfin.com/OR/Eugene/190-River-Loop-1-97404/home/26259331,RMLS,495397561,N,Y,44.108137,-123.130045
MLS Listing,,Single Family Residential,1765 Labona Dr,Eugene,OR,97404,524900,3,1.0,247 - Lane Co: River Road,1398,16117,1949,15,375,,Active,,,https://www.redfin.com/OR/Eugene/1765-Labona-Dr-97404/home/26245178,RMLS,601855425,N,Y,44.0913453,-123.1473225
MLS Listing,,Townhouse,2111 Plentywood Ln,Eugene,OR,97404,377000,4,2.5,247 - Lane Co: River Road,1316,2178,2000,15,286,,Active,,,https://www.redfin.com/OR/Eugene/2111-Plentywood-Ln-97404/home/26256461,RMLS,103147362,N,Y,44.0966842,-123.1511091
MLS Listing,,Single Family Residential,3463 Breezewood Ave,Eugene,OR,97405,587000,4,3.5,244 - Lane Co: Southwest Eugene,1812,10018,1981,15,324,,Active,August-3-2025 12:00 PM,August-3-2025 02:00 PM,https://www.redfin.com/OR/Eugene/3463-Breezewood-Ave-97405/home/26108585,RMLS,629272803,N,Y,44.0345064,-123.1416779
MLS Listing,,Mobile/Manufactured Home,3700 Babcock Ln #144,Eugene,OR,97401,245000,3,2.0,Camelot Village Community,1404,,1999,15,175,,Active,August-2-2025 12:00 PM,August-2-2025 02:00 PM,https://www.redfin.com/OR/Eugene/3700-Babcock-Ln-97401/unit-144/home/26130347,RMLS,542661036,N,Y,44.0742376,-123.0489736
MLS Listing,,Townhouse,375 Ellie Ln,Eugene,OR,97401,618500,4,2.5,242 - Lane Co: Ferry Street Bridge,3030,4356,2008,15,204,50,Active,August-2-2025 11:00 AM,August-2-2025 01:00 PM,https://www.redfin.com/OR/Eugene/375-Ellie-Ln-97401/home/25826272,RMLS,275727396,N,Y,44.0566362,-123.050594
MLS Listing,,Mobile/Manufactured Home,1200 Sheraton Dr #4,Eugene,OR,97401,199000,2,2.0,Camelot Village,896,,2018,16,222,,Active,August-2-2025 12:00 PM,August-2-2025 02:00 PM,https://www.redfin.com/OR/Eugene/1200-Sheraton-Dr-97401/unit-4/home/170185737,RMLS,110132696,N,Y,44.0758171,-123.052147
MLS Listing,,Single Family Residential,1030 Legacy Ln,Eugene,OR,97402,602400,5,3.0,MEADOWVIEW,2610,,2025,17,231,60,Active,,,https://www.redfin.com/OR/Eugene/1030-Legacy-Ln-97402/home/195215295,RMLS,680467871,N,Y,44.077489,-123.2033957
MLS Listing,,Single Family Residential,3763 Rockcress Rd,Eugene,OR,97403,730000,4,2.5,243 - Lane Co: East Eugene,2427,7840,2022,17,301,,Active,,,https://www.redfin.com/OR/Eugene/3763-Rockcress-Rd-97403/home/26276107,RMLS,752937556,N,Y,44.0310222,-123.037585
MLS Listing,,Condo/Co-op,2031 W 14th Pl,Eugene,OR,97402,210000,2,1.0,245 - Lane Co: West Eugene,581,,1965,17,361,347,Active,,,https://www.redfin.com/OR/Eugene/2031-W-14th-Pl-97402/home/26193739,RMLS,583135952,N,Y,44.0441395,-123.1226168
MLS Listing,,Single Family Residential,28291 Gimpl Hill Rd,Eugene,OR,97402,875000,3,2.0,244 - Lane Co: Southwest Eugene,2746,310582,1971,18,319,,Active,,,https://www.redfin.com/OR/Eugene/28291-Gimpl-Hill-Rd-97402/home/26154135,RMLS,388422392,N,Y,43.997624,-123.225854
MLS Listing,,Single Family Residential,3610 University St,Eugene,OR,97405,500000,2,1.5,243 - Lane Co: East Eugene,1162,8276,1976,18,430,,Active,August-3-2025 12:00 PM,August-3-2025 02:00 PM,https://www.redfin.com/OR/Eugene/3610-University-St-97405/home/26151254,RMLS,486675162,N,Y,44.0182735,-123.0731168
MLS Listing,,Single Family Residential,3820 Onyx St,Eugene,OR,97405,549000,4,3.0,243 - Lane Co: East Eugene,2688,9147,1963,18,204,,Active,,,https://www.redfin.com/OR/Eugene/3820-Onyx-St-97405/home/26152110,RMLS,182519288,N,Y,44.0139051,-123.0725562
MLS Listing,,Single Family Residential,1649 Riley Ln,Eugene,OR,97402,429900,3,2.5,245 - Lane Co: West Eugene,1759,2613,2002,18,244,35,Active,,,https://www.redfin.com/OR/Eugene/1649-Riley-Ln-97402/home/26233027,RMLS,672330937,N,Y,44.0789819,-123.1935619
MLS Listing,,Mobile/Manufactured Home,326 Lacasa St #14,Eugene,OR,97402,169900,3,2.0,Hidden Meadows,1512,,1994,18,112,,Active,,,https://www.redfin.com/OR/Eugene/326-La-Casa-St-97402/unit-14/home/196384299,RMLS,256543554,N,Y,44.0645913,-123.1542272
MLS Listing,,Mobile/Manufactured Home,1699 N Terry St #80,Eugene,OR,97402,129999,2,2.0,Woodland Park Estates,1366,,1990,18,95,,Active,,,https://www.redfin.com/OR/Eugene/1699-N-Terry-St-97402/unit-80/home/26116350,RMLS,150859957,N,Y,44.0778985,-123.1878822
MLS Listing,,Single Family Residential,5340 Jeffrey Way,Eugene,OR,97402,375000,3,2.5,Avalon Village,1497,3049,2003,18,251,36,Active,,,https://www.redfin.com/OR/Eugene/5340-Jeffrey-Way-97402/home/25830729,RMLS,558221633,N,Y,44.0796963,-123.1941031
MLS Listing,,Single Family Residential,2001 Augusta St,Eugene,OR,97403,529900,4,2.0,243 - Lane Co: East Eugene,1600,21344,1905,19,331,,Active,August-2-2025 04:00 PM,August-2-2025 06:00 PM,https://www.redfin.com/OR/Eugene/2001-Augusta-St-97403/home/26260036,RMLS,580033990,N,Y,44.0371288,-123.0496599
MLS Listing,,Single Family Residential,2449 Mountain Ter,Eugene,OR,97408,459900,4,3.0,241 - Lane Co: North Gilham,1729,3049,2005,19,266,66,Active,,,https://www.redfin.com/OR/Eugene/2449-Mountain-Ter-97408/home/26208169,RMLS,343728651,N,Y,44.0981787,-123.0705681
MLS Listing,,Single Family Residential,2438 Potter St,Eugene,OR,97405,624900,3,2.0,243 - Lane Co: East Eugene,1304,9147,1984,20,479,,Active,,,https://www.redfin.com/OR/Eugene/2438-Potter-St-97405/home/26107622,RMLS,302879838,N,Y,44.033057,-123.076449
MLS Listing,,Single Family Residential,45 W 27th Ave Unit E,Eugene,OR,97405,398000,1,1.0,COLLEGE HILL,812,,2025,20,490,93,Active,,,https://www.redfin.com/OR/Eugene/45-W-27th-Ave-97405/unit-E/home/196376265,RMLS,536577253,N,Y,44.0291958,-123.0926995
MLS Listing,,Single Family Residential,602 Spyglass Dr,Eugene,OR,97401,1995000,3,3.0,242 - Lane Co: Ferry Street Bridge,4075,45302,1980,21,490,,Active,,,https://www.redfin.com/OR/Eugene/602-Spyglass-Dr-97401/home/26170000,RMLS,561793801,N,Y,44.0718016,-123.0894096
MLS Listing,,Single Family Residential,3160 Whitten Dr,Eugene,OR,97405,779000,6,4.0,244 - Lane Co: Southwest Eugene,3716,14374,1959,21,210,,Active,,,https://www.redfin.com/OR/Eugene/3160-Whitten-Dr-97405/home/26233371,RMLS,307546500,N,Y,44.0220133,-123.1078151
MLS Listing,,Multi-Family (2-4 Unit),374/376 Van Duyn St,Eugene,OR,97401,595000,4,3.0,242 - Lane Co: Ferry Street Bridge,2220,11761,1970,21,268,,Active,,,https://www.redfin.com/OR/Eugene/374-Van-Duyn-St-97401/home/26140265,RMLS,644893271,N,Y,44.0672564,-123.0577835
MLS Listing,,Single Family Residential,5457 Gould Ave,Eugene,OR,97402,560000,4,2.5,246 - Lane Co: Danebo,2751,5227,2007,21,204,50,Active,,,https://www.redfin.com/OR/Eugene/5457-Gould-Ave-97402/home/26264667,RMLS,175705555,N,Y,44.0663304,-123.1896769
MLS Listing,,Mobile/Manufactured Home,85715 Hampstead Ln,Eugene,OR,97405,339000,3,2.0,Staffordshire MSP,1488,7405,1975,21,228,230,Active,,,https://www.redfin.com/OR/Eugene/85715-Hampstead-Ln-97405/home/26166422,RMLS,361839444,N,Y,43.991401,-122.9835061
MLS Listing,,Single Family Residential,4530 Souza Ct,Eugene,OR,97402,375000,3,2.0,246 - Lane Co: Danebo,1232,6534,1977,21,304,,Active,,,https://www.redfin.com/OR/Eugene/4530-Souza-Ct-97402/home/26248831,RMLS,287146564,N,Y,44.0792469,-123.174425
MLS Listing,,Single Family Residential,1825 Cameo Dr,Eugene,OR,97405,500000,3,2.5,243 - Lane Co: East Eugene,1960,6534,1989,21,255,,Active,,,https://www.redfin.com/OR/Eugene/1825-Cameo-Dr-97405/home/26209887,RMLS,692521201,N,Y,44.0190872,-123.0670676
MLS Listing,,Single Family Residential,455 Durham Ave,Eugene,OR,97404,409900,3,1.5,248 - Lane Co: Santa Clara,1344,8276,1965,21,305,,Active,,,https://www.redfin.com/OR/Eugene/455-Durham-Ave-97404/home/26143559,RMLS,325525440,N,Y,44.1001383,-123.1404199
MLS Listing,,Single Family Residential,3783 Riviera,Eugene,OR,97402,435000,3,2.0,246 - Lane Co: Danebo,1449,6534,2001,22,300,,Active,,,https://www.redfin.com/OR/Eugene/3783-Riviera-97402/home/25747609,RMLS,560034820,N,Y,44.0858685,-123.1601327
MLS Listing,,Single Family Residential,320 Figueroa St,Eugene,OR,97402,389000,2,1.0,Active Bethel Community,1045,8712,1946,22,372,,Active,,,https://www.redfin.com/OR/Eugene/320-Figueroa-St-97402/home/26145845,RMLS,546808474,N,Y,44.0649375,-123.1419252
MLS Listing,,Single Family Residential,5320 Royal Ave,Eugene,OR,97402,850000,4,2.0,246 - Lane Co: Danebo,1940,89298,1920,22,438,,Active,,,https://www.redfin.com/OR/Eugene/5320-Royal-Ave-97402/home/25749559,RMLS,501223268,N,Y,44.0696206,-123.1914521
MLS Listing,,Single Family Residential,396 Brae Burn Dr,Eugene,OR,97405,750000,3,3.0,243 - Lane Co: East Eugene,1868,8276,1972,22,401,60,Active,,,https://www.redfin.com/OR/Eugene/396-Brae-Burn-Dr-97405/home/26152186,RMLS,383040561,N,Y,44.007191,-123.0999684
MLS Listing,,Single Family Residential,4176 Lancaster Dr,Eugene,OR,97404,579900,4,3.0,Lynnbrook 2,2273,7405,1997,22,255,,Active,,,https://www.redfin.com/OR/Eugene/4176-Lancaster-Dr-97404/home/26213794,RMLS,24367906,N,Y,44.1222765,-123.1594632
MLS Listing,,Single Family Residential,1038 President St,Eugene,OR,97401,340000,3,1.0,242 - Lane Co: Ferry Street Bridge,1242,8276,1956,22,274,,Active,,,https://www.redfin.com/OR/Eugene/1038-President-St-97401/home/26138740,RMLS,232513831,N,Y,44.0737161,-123.0561552
MLS Listing,,Single Family Residential,2620 Chambers St,Eugene,OR,97405,399000,4,2.0,244 - Lane Co: Southwest Eugene,2214,17859,1925,22,180,,Active,,,https://www.redfin.com/OR/Eugene/2620-Chambers-St-97405/home/26152344,RMLS,304378943,N,Y,44.030041,-123.1180753
MLS Listing,,Single Family Residential,4165 Wood Ave,Eugene,OR,97402,379000,2,2.0,246 - Lane Co: Danebo,1244,11325,1954,22,305,,Active,,,https://www.redfin.com/OR/Eugene/4165-Wood-Ave-97402/home/26264566,RMLS,449983611,N,Y,44.0670028,-123.1675656
MLS Listing,,Mobile/Manufactured Home,1475 Green Acres Rd #06,Eugene,OR,97408,150000,2,2.0,Falcon Wood Village,1340,,1984,22,112,,Active,,,https://www.redfin.com/OR/Eugene/1475-Green-Acres-Rd-97408/unit-6/home/26184959,RMLS,746828678,N,Y,44.0942703,-123.0901646
MLS Listing,,Single Family Residential,3214 Coraly Ave,Eugene,OR,97402,379900,4,2.0,246 - Lane Co: Danebo,1440,3049,1995,22,264,,Active,,,https://www.redfin.com/OR/Eugene/3214-Coraly-Ave-97402/home/26213399,RMLS,555962821,N,Y,44.0647004,-123.1451756
MLS Listing,,Single Family Residential,2542 Belle Terra Dr,Eugene,OR,97408,610000,5,2.5,NORTH GILHAM,2126,5227,2006,23,287,50,Active,,,https://www.redfin.com/OR/Eugene/2542-Belle-Terra-Dr-97408/home/26222924,RMLS,214048713,N,Y,44.0983951,-123.0686505
MLS Listing,,Single Family Residential,3724 Alladin Way,Eugene,OR,97404,385000,3,1.0,247 - Lane Co: River Road,936,8712,1969,23,411,,Active,August-3-2025 03:00 PM,August-3-2025 05:00 PM,https://www.redfin.com/OR/Eugene/3724-Alladin-Way-97404/home/26158394,RMLS,674450748,N,Y,44.1174884,-123.1276954
MLS Listing,,Single Family Residential,3810 Spring Blvd,Eugene,OR,97405,600000,3,3.0,243 - Lane Co: East Eugene,2531,10018,1978,23,237,,Active,,,https://www.redfin.com/OR/Eugene/3810-Spring-Blvd-97405/home/26214032,RMLS,733639620,N,Y,44.014191,-123.0658627
MLS Listing,,Single Family Residential,551 Panda Loop,Eugene,OR,97401,385000,3,1.0,242 - Lane Co: Ferry Street Bridge,936,7840,1977,23,411,,Active,,,https://www.redfin.com/OR/Eugene/551-Panda-Loop-97401/home/26243187,RMLS,695913008,N,Y,44.0692897,-123.050146
MLS Listing,,Vacant Land,Crenshaw,Eugene,OR,97401,325000,,,242 - Lane Co: Ferry Street Bridge,,14374,,23,,232,Active,,,https://www.redfin.com/OR/Eugene/Crenshaw-Rd-97401/home/146510603,RMLS,645385106,N,Y,44.072254,-123.094241
MLS Listing,,Multi-Family (2-4 Unit),42 W 27th Ave,Eugene,OR,97405,650000,5,3.0,COLLEGE HILL,,6098,1961,23,,,Active,,,https://www.redfin.com/OR/Eugene/42-W-27th-Ave-97405/home/26210527,RMLS,791459126,N,Y,44.0288498,-123.0924325
MLS Listing,,Single Family Residential,27127 Briggs Hill Rd,Eugene,OR,97405,1190000,3,2.5,244 - Lane Co: Southwest Eugene,3554,1008849,1989,23,335,,Active,,,https://www.redfin.com/OR/Eugene/27127-Briggs-Hill-Rd-97405/home/184747413,RMLS,490613893,N,Y,43.9608143,-123.2698897
MLS Listing,,Single Family Residential,3005 Country Ln,Eugene,OR,97401,545000,3,2.5,242 - Lane Co: Ferry Street Bridge,1428,10454,1957,23,382,,Active,,,https://www.redfin.com/OR/Eugene/3005-Country-Ln-97401/home/26248552,RMLS,231888922,N,Y,44.0635838,-123.0631986
MLS Listing,,Mobile/Manufactured Home,1400 Candlelight Dr #246,Eugene,OR,97402,205000,3,2.0,Briarwood Esates,1413,,2025,24,145,696,Active,,,https://www.redfin.com/OR/Eugene/1400-Candlelight-Dr-97402/unit-246/home/26127243,RMLS,175883290,N,Y,44.0788507,-123.1819897
MLS Listing,,Single Family Residential,2874 Riverwalk Loop,Eugene,OR,97401,1370000,4,3.5,Valley River Village,3936,13503,2001,24,348,147,Active,August-10-2025 11:00 AM,August-10-2025 02:00 PM,https://www.redfin.com/OR/Eugene/2874-Riverwalk-Loop-97401/home/26242357,RMLS,695150558,N,Y,44.0910432,-123.1147265
MLS Listing,,Single Family Residential,947 Hiwan Ct,Eugene,OR,97405,439900,3,2.0,243 - Lane Co: East Eugene,1430,9583,1963,24,308,,Active,,,https://www.redfin.com/OR/Eugene/947-Hiwan-Ct-97405/home/26109149,RMLS,128797496,N,Y,44.0086973,-123.0773177
MLS Listing,,Townhouse,3789 Westleigh St,Eugene,OR,97405,345000,2,2.0,244 - Lane Co: Southwest Eugene,1381,2178,1994,24,250,200,Active,,,https://www.redfin.com/OR/Eugene/3789-Westleigh-St-97405/home/188673739,RMLS,568737647,N,Y,44.038092,-123.148037
MLS Listing,,Single Family Residential,645 Kingswood Ave,Eugene,OR,97405,499900,3,2.0,244 - Lane Co: Southwest Eugene,1952,6969,1973,24,256,,Active,,,https://www.redfin.com/OR/Eugene/645-Kingswood-Ave-97405/home/25848387,RMLS,303373826,N,Y,44.0025835,-123.0843952
MLS Listing,,Single Family Residential,1441 Norkenzie Rd,Eugene,OR,97401,569000,3,2.5,242 - Lane Co: Ferry Street Bridge,2150,6969,2008,24,265,,Active,,,https://www.redfin.com/OR/Eugene/1441-Norkenzie-Rd-97401/home/25836299,RMLS,312199689,N,Y,44.0781199,-123.088299
MLS Listing,,Single Family Residential,167 W 52nd Ave,Eugene,OR,97405,815000,4,2.5,SOLAR HEIGHTS,2553,23086,1990,24,319,,Active,,,https://www.redfin.com/OR/Eugene/167-W-52nd-Ave-97405/home/26236112,RMLS,398437144,N,Y,43.9976748,-123.1048797
MLS Listing,,Single Family Residential,3446 Breezewood Ave,Eugene,OR,97405,839900,3,3.5,SW EUGENE,2542,7840,1979,25,330,,Active,August-3-2025 11:00 AM,August-3-2025 01:00 PM,https://www.redfin.com/OR/Eugene/3446-Breezewood-Ave-97405/home/26228918,RMLS,682496315,N,Y,44.0338744,-123.1415696
MLS Listing,,Condo/Co-op,2111 Hawkins Ln,Eugene,OR,97405,305000,3,2.0,244 - Lane Co: Southwest Eugene,1479,,1974,25,206,431,Active,August-2-2025 01:00 PM,August-2-2025 03:00 PM,https://www.redfin.com/OR/Eugene/2111-Hawkins-Ln-97405/home/25826992,RMLS,206209723,N,Y,44.0362832,-123.1353426
MLS Listing,,Townhouse,171 E 20th Ave,Eugene,OR,97405,529000,2,2.5,243 - Lane Co: East Eugene,1613,1742,2023,25,328,377,Active,,,https://www.redfin.com/OR/Eugene/171-E-20th-Ave-97405/home/183588905,RMLS,170042911,N,Y,44.038042,-123.090358
MLS Listing,,Vacant Land,3835 Dove Ln,Eugene,OR,97402,165000,,,DANEBO,,9147,,25,,,Active,,,https://www.redfin.com/OR/Eugene/3835-Dove-Ln-97402/home/196281202,RMLS,526078613,N,Y,44.082863,-123.1588899
MLS Listing,,Single Family Residential,3349 Videra Dr,Eugene,OR,97405,765000,4,3.5,244 - Lane Co: Southwest Eugene,3450,5227,1979,25,222,27,Active,,,https://www.redfin.com/OR/Eugene/3349-Videra-Dr-97405/home/25843623,RMLS,109649780,N,Y,44.0269056,-123.1419257
MLS Listing,,Mobile/Manufactured Home,3700 Babcock Ln #123,Eugene,OR,97401,239000,3,2.0,Camelot Village Mobile Home Park,1431,,2003,25,167,456,Active,August-2-2025 12:00 PM,August-2-2025 02:00 PM,https://www.redfin.com/OR/Eugene/3700-Babcock-Ln-97401/unit-123/home/26117837,RMLS,734433249,N,Y,44.0742376,-123.0489736
MLS Listing,,Single Family Residential,5518 Tribute Way,Eugene,OR,97402,499900,4,2.5,BETHEL/DANEBO,2030,3484,2011,25,246,,Active,,,https://www.redfin.com/OR/Eugene/5518-Tribute-Way-97402/home/26195736,RMLS,267648580,N,Y,44.0838978,-123.1967923
MLS Listing,,Single Family Residential,2470 Fieldcress Rd,Eugene,OR,97403,521550,3,2.5,LAUREL HILL VALLEY CITIZENS,1651,4356,2010,25,316,26,Active,,,https://www.redfin.com/OR/Eugene/2470-Fieldcress-Rd-97403/home/26195379,RMLS,754122713,N,Y,44.0309679,-123.0442422
MLS Listing,,Single Family Residential,3050 Kincaid St,Eugene,OR,97405,469000,3,1.0,243 - Lane Co: East Eugene,1200,6534,1955,28,391,,Active,August-2-2025 10:00 AM,August-2-2025 01:00 PM,https://www.redfin.com/OR/Eugene/3050-Kincaid-St-97405/home/26263166,RMLS,387573928,N,Y,44.0232559,-123.0793009
MLS Listing,,Vacant Land,Crocker Ln,Eugene,OR,97404,150000,,,247 - Lane Co: River Road,,8276,,28,,,Active,,,https://www.redfin.com/OR/Eugene/Crocker-Ln-97404/home/101720850,RMLS,636189187,N,Y,44.067843,-123.122878
MLS Listing,,Mobile/Manufactured Home,1475 Green Acres Rd #66,Eugene,OR,97408,35000,2,2.0,241 - Lane Co: North Gilham,800,,1971,28,44,,Active,,,https://www.redfin.com/OR/Eugene/1475-Green-Acres-Rd-97408/unit-66/home/26179992,RMLS,444247786,N,Y,44.0942703,-123.0901646
MLS Listing,,Single Family Residential,2038 Morning View Dr,Eugene,OR,97405,850000,3,4.0,244 - Lane Co: Southwest Eugene,3354,20037,1991,28,253,,Active,,,https://www.redfin.com/OR/Eugene/2038-Morning-View-Dr-97405/home/26121682,RMLS,320941804,N,Y,44.0298814,-123.1255962
MLS Listing,,Vacant Land,1238 Stone Forest Ct #10,Eugene,OR,97401,539900,,,Skycastle,,6969,,28,,,Active,,,https://www.redfin.com/OR/Eugene/1238-Stone-Forest-Ct-97401/unit-10/home/177041227,RMLS,217470967,N,Y,44.0707219,-123.0944685
MLS Listing,,Mobile/Manufactured Home,28285 Spencer Creek Rd,Eugene,OR,97405,679000,3,2.0,236 - Lane Co: West Lane Properties,1916,865537,1998,28,354,,Active,,,https://www.redfin.com/OR/Eugene/28285-Spencer-Creek-Rd-97405/home/26163231,RMLS,756876631,N,Y,43.9848111,-123.2265844
MLS Listing,,Single Family Residential,295 Blackfoot Ave,Eugene,OR,97404,475000,4,3.0,248 - Lane Co: Santa Clara,2216,9583,1964,29,214,,Active,,,https://www.redfin.com/OR/Eugene/295-Blackfoot-Ave-97404/home/26232043,RMLS,760755567,N,Y,44.1132869,-123.1387688
MLS Listing,,Condo/Co-op,1726 Minda Dr #1,Eugene,OR,97401,315000,2,1.5,CAL YOUNG NEIGHBORHOOD,1020,,1976,29,309,300,Active,August-10-2025 02:00 PM,August-10-2025 04:00 PM,https://www.redfin.com/OR/Eugene/1726-Minda-Dr-97401/unit-1/home/26163037,RMLS,476545404,N,Y,44.0825134,-123.0866972
MLS Listing,,Mobile/Manufactured Home,1415 S Bertelsen Rd #143,Eugene,OR,97402,111500,3,2.0,New Churchill Meadows,1248,,2018,29,89,,Active,,,https://www.redfin.com/OR/Eugene/1415-S-Bertelsen-Rd-97402/unit-143/home/26124779,RMLS,307961996,N,Y,44.043272,-123.1621328
MLS Listing,,Single Family Residential,5739 Donohoe Ave,Eugene,OR,97402,475000,3,2.0,246 - Lane Co: Danebo,1894,8276,2017,29,251,22,Active,August-2-2025 12:00 PM,August-2-2025 01:00 PM,https://www.redfin.com/OR/Eugene/5739-Donohoe-Ave-97402/home/109856742,RMLS,430876614,N,Y,44.0762873,-123.1999361
MLS Listing,,Single Family Residential,3752 Kirsten St,Eugene,OR,97404,447000,3,2.0,248 - Lane Co: Santa Clara,1661,7840,1965,30,269,,Active,,,https://www.redfin.com/OR/Eugene/3752-Kirsten-St-97404/home/26101839,RMLS,282206489,N,Y,44.1178135,-123.1253025
MLS Listing,,Single Family Residential,2885 Powderhorn St,Eugene,OR,97408,1185000,4,2.5,241 - Lane Co: North Gilham,3218,13068,1968,30,368,,Active,,,https://www.redfin.com/OR/Eugene/2885-Powderhorn-St-97408/home/26138379,RMLS,562628662,N,Y,44.0943882,-123.0773794
MLS Listing,,Single Family Residential,768 Brookside Dr,Eugene,OR,97401,539000,3,2.5,244 - Lane Co: Southwest Eugene,1832,6534,1978,30,294,21,Active,,,https://www.redfin.com/OR/Eugene/768-Brookside-Dr-97405/home/26206081,RMLS,292637437,N,Y,44.0064973,-123.107674
MLS Listing,,Single Family Residential,4084 Hampshire Ln,Eugene,OR,97404,559000,3,2.0,248 - Lane Co: Santa Clara,1538,10454,1993,30,363,,Active,,,https://www.redfin.com/OR/Eugene/4084-Hampshire-Ln-97404/home/25803167,RMLS,534703432,N,Y,44.1232991,-123.1452019
MLS Listing,,Single Family Residential,1972 Debra Sue Ct,Eugene,OR,97404,439000,3,2.5,247 - Lane Co: River Road,1544,5227,2015,30,284,31,Active,,,https://www.redfin.com/OR/Eugene/1972-Debra-Sue-Ct-97404/home/59351356,RMLS,197708910,N,Y,44.094825,-123.1499495
MLS Listing,,Single Family Residential,555 W 26th Ave,Eugene,OR,97405,515000,5,3.5,244 - Lane Co: Southwest Eugene,2625,5662,1978,30,196,,Active,,,https://www.redfin.com/OR/Eugene/555-W-26th-Ave-97405/home/26107808,RMLS,309147427,N,Y,44.0301428,-123.100453
MLS Listing,,Multi-Family (2-4 Unit),2091 Cal Young Rd,Eugene,OR,97401,565000,4,2.0,242 - Lane Co: Ferry Street Bridge,,7840,1959,30,,,Active,,,https://www.redfin.com/OR/Eugene/2091-Cal-Young-Rd-97401/home/26097824,RMLS,140506610,N,Y,44.0777557,-123.0814274
MLS Listing,,Mobile/Manufactured Home,2350 N Terry St,Eugene,OR,97402,135000,3,2.0,Rosewood Park,1248,,1993,31,108,,Active,,,https://www.redfin.com/OR/Eugene/2350-N-Terry-St-97402/home/179669031,RMLS,348044370,N,Y,44.0933513,-123.1901717
MLS Listing,,Single Family Residential,891 Legacy St,Eugene,OR,97402,476750,3,2.5,MEADOWVIEW,1894,,2025,31,252,95,Active,,,https://www.redfin.com/OR/Eugene/891-Legacy-St-97402/home/195215278,RMLS,156697201,N,Y,44.077489,-123.2033957
MLS Listing,,Single Family Residential,1862 E 43rd Ave,Eugene,OR,97405,789900,4,2.5,243 - Lane Co: East Eugene,2183,10018,2006,32,362,,Active,,,https://www.redfin.com/OR/Eugene/1862-E-43rd-Ave-97405/home/25855408,RMLS,310041390,N,Y,44.0066728,-123.0650459
MLS Listing,,Single Family Residential,185 N Seneca Rd,Eugene,OR,97402,300000,2,2.0,246 - Lane Co: Danebo,1000,5662,1950,32,300,,Active,,,https://www.redfin.com/OR/Eugene/185-N-Seneca-Rd-97402/home/45420963,RMLS,191389740,N,Y,44.0631747,-123.1399163
MLS Listing,,Single Family Residential,3284 Crocker Rd,Eugene,OR,97404,415000,3,2.5,SANTA CLARA,1546,13503,1967,32,268,,Active,,,https://www.redfin.com/OR/Eugene/3284-Crocker-Rd-97404/home/26143662,RMLS,703103720,N,Y,44.1126371,-123.1454032
MLS Listing,,Single Family Residential,992 Travis Ave,Eugene,OR,97404,465000,3,2.0,248 - Lane Co: Santa Clara,1560,8712,1973,32,298,,Active,,,https://www.redfin.com/OR/Eugene/992-Travis-Ave-97404/home/26163382,RMLS,660645842,N,Y,44.1098431,-123.1511375
MLS Listing,,Single Family Residential,3757 Willamette St,Eugene,OR,97405,475000,3,2.0,243 - Lane Co: East Eugene,1164,6098,2004,33,408,,Active,,,https://www.redfin.com/OR/Eugene/3757-Willamette-St-97405/home/26192157,RMLS,302355854,N,Y,44.0150011,-123.091821
MLS Listing,,Single Family Residential,1466 Elkay Dr,Eugene,OR,97404,450000,4,2.0,247 - Lane Co: River Road,1552,13503,1955,34,290,,Active,,,https://www.redfin.com/OR/Eugene/1466-Elkay-Dr-97404/home/26145440,RMLS,596634586,N,Y,44.0767517,-123.1338731
MLS Listing,,Vacant Land,516 Spyglass Dr,Eugene,OR,97401,450000,,,242 - Lane Co: Ferry Street Bridge,,16552,,34,,29,Active,,,https://www.redfin.com/OR/Eugene/516-Spyglass-Dr-97401/home/26168015,RMLS,471971924,N,Y,44.0718671,-123.0899806
MLS Listing,,Single Family Residential,675 Lorane Hwy,Eugene,OR,97405,545000,4,3.0,244 - Lane Co: Southwest Eugene,3148,10018,1955,34,173,,Active,,,https://www.redfin.com/OR/Eugene/675-Lorane-Hwy-97405/home/26192307,RMLS,606729652,N,Y,44.0264705,-123.1019538
MLS Listing,,Single Family Residential,458 Blair Blvd,Eugene,OR,97402,419000,4,2.0,245 - Lane Co: West Eugene,1980,9583,1922,35,212,,Active,,,https://www.redfin.com/OR/Eugene/458-Blair-Blvd-97402/home/196210809,RMLS,758519091,N,Y,44.054816,-123.1088807
MLS Listing,,Mobile/Manufactured Home,1415 S Bertelsen Rd #96,Eugene,OR,97402,146000,3,2.0,Churchill Meadows,1248,,2017,35,117,,Active,,,https://www.redfin.com/OR/Eugene/1415-S-Bertelsen-Rd-97402/unit-96/home/148382098,RMLS,665062733,N,Y,44.043272,-123.1621328
MLS Listing,,Single Family Residential,1861 Happy Ln,Eugene,OR,97401,497000,3,2.0,242 - Lane Co: Ferry Street Bridge,1676,10454,1977,35,297,,Active,,,https://www.redfin.com/OR/Eugene/1861-Happy-Ln-97401/home/26204260,RMLS,496848963,N,Y,44.0830358,-123.0967551
MLS Listing,,Single Family Residential,6023 Mondavi Ln,Eugene,OR,97402,549000,3,2.0,246 - Lane Co: Danebo,1540,8276,2000,35,356,,Active,,,https://www.redfin.com/OR/Eugene/6023-Mondavi-Ln-97402/home/26177784,RMLS,220968099,N,Y,44.08382,-123.2060863
MLS Listing,,Single Family Residential,3835 Onyx St,Eugene,OR,97405,599000,4,3.0,243 - Lane Co: East Eugene,1806,7840,1968,35,332,,Active,,,https://www.redfin.com/OR/Eugene/3835-Onyx-St-97405/home/26228458,RMLS,452969347,N,Y,44.0136858,-123.0720524
MLS Listing,,Single Family Residential,85227 Peaceful Valley Rd,Eugene,OR,97405,695000,4,2.0,244 - Lane Co: Southwest Eugene,3066,233481,1969,35,227,,Active,,,https://www.redfin.com/OR/Eugene/85227-Peaceful-Valley-Rd-97405/home/26161265,RMLS,286978435,N,Y,43.9739223,-123.179725
MLS Listing,,Single Family Residential,710 Arcadia Dr,Eugene,OR,97401,669500,4,3.5,242 - Lane Co: Ferry Street Bridge,3014,11325,1952,35,222,,Active,,,https://www.redfin.com/OR/Eugene/710-Arcadia-Dr-97401/home/25842644,RMLS,342235936,N,Y,44.0700638,-123.0532518
MLS Listing,,Single Family Residential,2785 Riverview St,Eugene,OR,97403,439900,4,2.0,243 - Lane Co: East Eugene,1620,11325,1938,35,272,,Active,,,https://www.redfin.com/OR/Eugene/2785-Riverview-St-97403/home/40437432,RMLS,317926082,N,Y,44.0295332,-123.0515156
MLS Listing,,Mobile/Manufactured Home,1625 Henderson Ave,Eugene,OR,97403,27000,1,1.0,249 - Lane Co: Springfield,470,,1963,35,57,,Active,,,https://www.redfin.com/OR/Eugene/1625-Henderson-Ave-97403/home/166075737,RMLS,152211615,N,Y,44.0415978,-123.0373531
MLS Listing,,Single Family Residential,206 W 27th Ave,Eugene,OR,97405,550000,3,2.0,244 - Lane Co: Southwest Eugene,1880,7840,1976,35,293,,Active,,,https://www.redfin.com/OR/Eugene/206-W-27th-Ave-97405/home/25805583,RMLS,458933761,N,Y,44.0287462,-123.0961776
MLS Listing,,Single Family Residential,600 River Loop 1,Eugene,OR,97401,599000,3,1.5,248 - Lane Co: Santa Clara,1793,23522,1916,35,334,,Active,,,https://www.redfin.com/OR/Eugene/600-River-Loop-1-97404/home/26241438,RMLS,477122829,N,Y,44.1113057,-123.1257515
MLS Listing,,Single Family Residential,2780 Spring Blvd,Eugene,OR,97403,949000,4,4.0,Laurelwood/Hendricks,3490,11761,2006,35,272,,Active,,,https://www.redfin.com/OR/Eugene/2780-Spring-Blvd-97403/home/26119782,RMLS,530909241,N,Y,44.0290342,-123.0629479
MLS Listing,,Mobile/Manufactured Home,3900 Coburg Rd #59,Eugene,OR,97408,59900,2,2.0,Idle Wheels Mobile Park,1152,,1973,35,52,,Active,,,https://www.redfin.com/OR/Eugene/3900-Coburg-Rd-97408/unit-59/home/26114377,RMLS,768307056,N,Y,44.1075936,-123.056179
MLS Listing,,Single Family Residential,2611 Erin Way,Eugene,OR,97408,689000,4,2.5,NORTH GILHAM,2627,6534,1978,35,262,,Active,,,https://www.redfin.com/OR/Eugene/2611-Erin-Way-97408/home/26257927,RMLS,261150951,N,Y,44.0914532,-123.0702737
MLS Listing,,Single Family Residential,Sprig Ln Lot 2,Eugene,OR,97401,749000,3,2.5,Orchard Gardens,1970,6098,2026,36,380,,Active,,,https://www.redfin.com/OR/Eugene/Sprig-LN-97401/unit-2/home/196201357,RMLS,128147310,N,Y,44.081115,-123.060023
MLS Listing,,Single Family Residential,Sprig Ln Lot 4,Eugene,OR,97401,499500,3,2.5,Orchards Garden,1394,6969,2026,36,358,,Active,,,https://www.redfin.com/OR/Eugene/Sprig-LN-97401/unit-4/home/196201323,RMLS,166794589,N,Y,44.080792,-123.060069
MLS Listing,,Single Family Residential,Sprig Ln Lot 3,Eugene,OR,97401,499500,3,2.5,Orchards Garden,1394,6098,2026,36,358,,Active,,,https://www.redfin.com/OR/Eugene/Sprig-LN-97401/unit-3/home/196201250,RMLS,766109892,N,Y,44.080959,-123.060009
MLS Listing,,Single Family Residential,Sprig Ln Lot 5,Eugene,OR,97401,499500,3,2.5,Orchards Garden,1294,6969,2026,36,386,,Active,,,https://www.redfin.com/OR/Eugene/Sprig-LN-97401/unit-5/home/196201074,RMLS,337048153,N,Y,44.080593,-123.060017
MLS Listing,,Single Family Residential,3574 Spring Blvd,Eugene,OR,97405,1099000,3,3.0,Spring Blvd,3150,10890,1979,36,349,,Active,,,https://www.redfin.com/OR/Eugene/3574-Spring-Blvd-97405/home/26231575,RMLS,286107229,N,Y,44.0183961,-123.062644
MLS Listing,,Single Family Residential,810 W 18th Ave,Eugene,OR,97402,329000,2,1.0,244 - Lane Co: Southwest Eugene,687,3484,1946,36,479,,Active,,,https://www.redfin.com/OR/Eugene/810-W-18th-Ave-97402/home/26229905,RMLS,710054139,N,Y,44.0401068,-123.1046753
MLS Listing,,Single Family Residential,Sprig Ln Lot 6,Eugene,OR,97401,499500,3,2.5,Orchards Garden,1294,5227,2026,36,386,,Active,,,https://www.redfin.com/OR/Eugene/Sprig-LN-97401/unit-6/home/196199823,RMLS,156455067,N,Y,44.080381,-123.060012
MLS Listing,,Condo/Co-op,1500 Norkenzie Rd,Eugene,OR,97401,339000,2,1.5,242 - Lane Co: Ferry Street Bridge,1100,,1971,36,308,357,Active,,,https://www.redfin.com/OR/Eugene/1500-Norkenzie-Rd-97401/home/184129308,RMLS,787988196,N,Y,44.0795326,-123.0891202
MLS Listing,,Single Family Residential,27023 Petzold Rd,Eugene,OR,97402,859000,4,3.0,236 - Lane Co: West Lane Properties,3232,160300,1964,36,266,,Active,August-2-2025 11:00 AM,August-2-2025 01:00 PM,https://www.redfin.com/OR/Eugene/27023-Petzold-Rd-97402/home/26154136,RMLS,342842807,N,Y,44.0070275,-123.275666
MLS Listing,,Single Family Residential,5419 Baden Way,Eugene,OR,97402,449000,3,2.0,246 - Lane Co: Danebo,1667,4791,2001,36,269,36,Active,August-2-2025 10:00 AM,August-2-2025 12:00 PM,https://www.redfin.com/OR/Eugene/5419-Baden-Way-97402/home/26111786,RMLS,740653797,N,Y,44.0787246,-123.1949868
MLS Listing,,Multi-Family (2-4 Unit),4070 Barger Dr,Eugene,OR,97402,999000,8,7.0,ACTIBE BETHEL COMMUNITY,3065,7405,2025,36,326,,Active,,,https://www.redfin.com/OR/Eugene/4070-Barger-Dr-97402/home/26219497,RMLS,309561859,N,Y,44.0843059,-123.165047
MLS Listing,,Single Family Residential,4315 High St,Eugene,OR,97405,665000,4,2.0,244 - Lane Co: Southwest Eugene,2014,9147,1961,36,330,,Active,,,https://www.redfin.com/OR/Eugene/4315-High-St-97405/home/26152602,RMLS,483603624,N,Y,44.008296,-123.0893327
MLS Listing,,Single Family Residential,2407 Hawkins Ln,Eugene,OR,97405,599975,3,2.5,244 - Lane Co: Southwest Eugene,2096,6534,1980,36,286,,Active,August-3-2025 11:00 AM,August-3-2025 01:00 PM,https://www.redfin.com/OR/Eugene/2407-Hawkins-Ln-97405/home/26246346,RMLS,277912963,N,Y,44.0335711,-123.1360362
MLS Listing,,Single Family Residential,3740 Rockcress Rd,Eugene,OR,97403,699900,4,3.0,243 - Lane Co: East Eugene,2479,8276,2022,36,282,,Active,,,https://www.redfin.com/OR/Eugene/3740-Rockcress-Rd-97403/home/26276097,RMLS,452296485,N,Y,44.0316323,-123.0377048
MLS Listing,,Single Family Residential,1391 W 5th Ave,Eugene,OR,97402,524900,3,1.0,Whitaker Adjacent,1080,9147,1944,36,486,,Active,,,https://www.redfin.com/OR/Eugene/1391-W-5th-Ave-97402/home/26265223,RMLS,762329415,N,Y,44.0546036,-123.1138128
MLS Listing,,Single Family Residential,2065 Providence St,Eugene,OR,97401,545000,4,2.5,242 - Lane Co: Ferry Street Bridge,1525,10018,1963,37,357,,Active,,,https://www.redfin.com/OR/Eugene/2065-Providence-St-97401/home/26097716,RMLS,594353692,N,Y,44.0842332,-123.0738839
MLS Listing,,Single Family Residential,3335 Bentley Ave,Eugene,OR,97405,858000,6,4.0,244 - Lane Co: Southwest Eugene,3978,5227,2005,37,216,22,Active,,,https://www.redfin.com/OR/Eugene/3335-Bentley-Ave-97405/home/25865674,RMLS,577480141,N,Y,44.023936,-123.1499884
MLS Listing,,Single Family Residential,1380 Jacobs Dr,Eugene,OR,97402,364900,2,1.0,246 - Lane Co: Danebo,869,3484,2025,37,420,,Active,,,https://www.redfin.com/OR/Eugene/1380-Jacobs-Dr-97402/home/26212239,RMLS,205796490,N,Y,44.076872,-123.15082
MLS Listing,,Mobile/Manufactured Home,4989 Cone Ave,Eugene,OR,97402,360000,3,2.0,246 - Lane Co: Danebo,1512,6098,1990,37,238,,Active,August-3-2025 12:00 PM,August-3-2025 02:00 PM,https://www.redfin.com/OR/Eugene/4989-Cone-Ave-97402/home/26248585,RMLS,732276462,N,Y,44.0663451,-123.1875235
MLS Listing,,Multi-Family (2-4 Unit),522 River Loop 2,Eugene,OR,97404,475000,4,4.0,248 - Lane Co: Santa Clara,1760,,1968,37,270,,Active,,,https://www.redfin.com/OR/Eugene/522-River-Loop-2-97404/home/26111487,RMLS,535000786,N,Y,44.1196323,-123.1291824
MLS Listing,,Single Family Residential,32518 Dillard Rd,Eugene,OR,97405,988900,4,2.5,243 - Lane Co: East Eugene,2610,74923,1978,37,379,,Active,,,https://www.redfin.com/OR/Eugene/32518-Dillard-Rd-97405/home/26152551,RMLS,509414702,N,Y,43.9911648,-123.0663291
MLS Listing,,Single Family Residential,2595 Elysium Ave,Eugene,OR,97401,445000,3,2.0,Ferry Street Bridge,1280,7840,1963,37,348,,Active,,,https://www.redfin.com/OR/Eugene/2595-Elysium-Ave-97401/home/26097722,RMLS,310679691,N,Y,44.0867315,-123.0706824
MLS Listing,,Mobile/Manufactured Home,1800 Lakewood Ct #74,Eugene,OR,97402,35000,2,2.0,Lakewood Vista,1200,,1969,38,29,,Active,,,https://www.redfin.com/OR/Eugene/1800-Lakewood-Ct-97402/unit-74/home/26113982,RMLS,357425094,N,Y,44.0813646,-123.1551785
MLS Listing,,Single Family Residential,2915 Chuckanut St,Eugene,OR,97408,759000,4,2.5,241 - Lane Co: North Gilham,2646,8712,1970,38,287,,Active,,,https://www.redfin.com/OR/Eugene/2915-Chuckanut-St-97408/home/26137877,RMLS,239987648,N,Y,44.095041,-123.0729353
MLS Listing,,Single Family Residential,2017 Amirante St,Eugene,OR,97402,529900,4,2.0,246 - Lane Co: Danebo,1776,8276,1977,39,298,,Active,,,https://www.redfin.com/OR/Eugene/2017-Amirante-St-97402/home/25791013,RMLS,190929401,N,Y,44.0854934,-123.1896432
MLS Listing,,Single Family Residential,4053 Sabrena Ave,Eugene,OR,97404,589000,3,2.0,248 - Lane Co: Santa Clara,2560,13068,1999,39,230,,Active,,,https://www.redfin.com/OR/Eugene/4053-Sabrena-Ave-97404/home/25825994,RMLS,290556171,N,Y,44.1214091,-123.1540347
MLS Listing,,Multi-Family (2-4 Unit),1147 W 11th Aly,Eugene,OR,97402,475000,4,2.0,244 - Lane Co: Southwest Eugene,,3920,1977,41,,,Active,,,https://www.redfin.com/OR/Eugene/1147-W-11th-Aly-97402/home/26246870,RMLS,536040794,N,Y,44.0472276,-123.1102808
MLS Listing,,Single Family Residential,5416 Wales Dr,Eugene,OR,97402,509900,4,3.0,246 - Lane Co: Danebo,2077,7840,1999,41,245,35,Active,,,https://www.redfin.com/OR/Eugene/5416-Wales-Dr-97402/home/25838901,RMLS,483039633,N,Y,44.0777243,-123.1949902
MLS Listing,,Townhouse,2622 Waterlily Lot 4,Eugene,OR,97403,452671,3,2.5,EAST MOUNTAIN,1520,,2025,41,298,167,Active,,,https://www.redfin.com/OR/Eugene/2622-Waterlily-97403/unit-4/home/196159352,RMLS,713289179,N,Y,44.029032,-123.045194
MLS Listing,,Single Family Residential,3169 Tanner Park Dr,Eugene,OR,97405,849900,5,4.5,244 - Lane Co: Southwest Eugene,4589,14374,2005,42,185,,Active,,,https://www.redfin.com/OR/Eugene/3169-Tanner-Park-Dr-97405/home/26251408,RMLS,539706022,N,Y,44.021874,-123.1428256
MLS Listing,,Mobile/Manufactured Home,4055 Royal Ave #7,Eugene,OR,97402,210000,2,2.0,Songbrook,1984,,1997,42,106,,Active,,,https://www.redfin.com/OR/Eugene/4055-Royal-Ave-97402/unit-7/home/25806502,RMLS,170517515,N,Y,44.0727154,-123.1643715
MLS Listing,,Single Family Residential,2830 Capital Dr,Eugene,OR,97403,695000,4,2.0,243 - Lane Co: East Eugene,2706,16552,1964,42,257,,Active,,,https://www.redfin.com/OR/Eugene/2830-Capital-Dr-97403/home/26234663,RMLS,478361581,N,Y,44.0285758,-123.0605325
MLS Listing,,Single Family Residential,1452 Escalante St,Eugene,OR,97404,512000,3,2.0,RIVER ROAD COMMUNITY ORG,1449,4356,2001,42,353,,Active,,,https://www.redfin.com/OR/Eugene/1452-Escalante-St-97404/home/26255233,RMLS,613849967,N,Y,44.0871441,-123.1342232
MLS Listing,,Single Family Residential,2461 Mountain Ter,Eugene,OR,97408,484900,3,2.5,241 - Lane Co: North Gilham,1549,3049,2005,43,313,66,Active,,,https://www.redfin.com/OR/Eugene/2461-Mountain-Ter-97408/home/26208172,RMLS,504101112,N,Y,44.0981579,-123.0702545
MLS Listing,,Single Family Residential,2703 Moon Mountain Dr,Eugene,OR,97403,619000,2,2.0,243 - Lane Co: East Eugene,1799,8276,1986,43,344,,Active,,,https://www.redfin.com/OR/Eugene/2703-Moon-Mountain-Dr-97403/home/26204216,RMLS,313873023,N,Y,44.0290118,-123.048056
MLS Listing,,Single Family Residential,2451 Bowtie Ave,Eugene,OR,97404,459900,3,2.0,248 - Lane Co: Santa Clara,1590,7405,1995,43,289,,Active,August-3-2025 11:00 AM,August-3-2025 01:00 PM,https://www.redfin.com/OR/Eugene/2451-Bowtie-Ave-97404/home/26198703,RMLS,573100586,N,Y,44.1003394,-123.1513405
MLS Listing,,Multi-Family (2-4 Unit),427 Washington St,Eugene,OR,97401,355000,4,3.0,North Eugene Mixed Downtown,,3484,1900,43,,,Active,,,https://www.redfin.com/OR/Eugene/427-Washington-St-97401/home/26267061,RMLS,410025159,N,Y,44.0550999,-123.1000843
MLS Listing,,Mobile/Manufactured Home,1199 N Terry St #147,Eugene,OR,97402,115000,3,2.0,DANELAND MOBILE HOME PARK,1374,,1988,43,84,,Active,,,https://www.redfin.com/OR/Eugene/1199-N-Terry-St-97402/unit-147/home/25847308,RMLS,316585022,N,Y,44.0757715,-123.1854812
MLS Listing,,Single Family Residential,3625 Snowberry Rd,Eugene,OR,97403,725000,3,2.5,243 - Lane Co: East Eugene,2091,8276,2017,44,347,,Active,,,https://www.redfin.com/OR/Eugene/3625-Snowberry-Rd-97403/home/26276125,RMLS,794845925,N,Y,44.0304536,-123.0408734
MLS Listing,,Condo/Co-op,103 Treehill Loop,Eugene,OR,97405,285000,2,1.5,244 - Lane Co: Southwest Eugene,1064,,1974,44,268,535,Active,,,https://www.redfin.com/OR/Eugene/103-Treehill-Loop-97405/home/26241018,RMLS,141616896,N,Y,44.0020592,-123.0990372
MLS Listing,,Multi-Family (2-4 Unit),3461 Concord St,Eugene,OR,97402,950000,8,8.0,Active Bethel Community,3212,6098,2023,44,296,,Active,,,https://www.redfin.com/OR/Eugene/3461-Concord-St-97402/home/26103897,RMLS,652196609,N,Y,44.0765439,-123.1520327
MLS Listing,,Mobile/Manufactured Home,3355 N Delta Hwy #97,Eugene,OR,97408,214500,2,2.0,241 - Lane Co: North Gilham,1512,,1991,45,142,,Active,,,https://www.redfin.com/OR/Eugene/3355-N-Delta-Hwy-97408/unit-97/home/26186714,RMLS,576138213,N,Y,44.1014278,-123.0900322
MLS Listing,,Single Family Residential,966 Legacy Ln,Eugene,OR,97402,494900,4,2.5,MEADOWVIEW,1814,,2025,45,273,95,Active,August-2-2025 11:00 AM,August-2-2025 01:00 PM,https://www.redfin.com/OR/Eugene/966-Legacy-Ln-97402/home/196122432,RMLS,144525578,N,Y,44.072122,-123.200326
MLS Listing,,Single Family Residential,2856 Cheshire Ave,Eugene,OR,97402,307000,2,1.0,246 - Lane Co: Danebo,762,3920,1941,46,403,,Active,,,https://www.redfin.com/OR/Eugene/2856-Cheshire-Ave-97402/home/26244184,RMLS,790146527,N,Y,44.0617603,-123.1392093
MLS Listing,,Single Family Residential,1770 W 28th Ave,Eugene,OR,97405,489500,3,2.0,244 - Lane Co: Southwest Eugene,1478,10890,1978,47,331,,Active,,,https://www.redfin.com/OR/Eugene/1770-W-28th-Ave-97405/home/26152297,RMLS,566435138,N,Y,44.0269281,-123.1190907
MLS Listing,,Single Family Residential,5887 Bainbridge Rd,Eugene,OR,97402,548400,3,2.5,MEADOWVIEW,2073,4356,2025,48,265,56,Active,,,https://www.redfin.com/OR/Eugene/5887-Bainbridge-Rd-97402/home/195215368,RMLS,137903101,N,Y,44.07362747192383,-123.20122528076172
MLS Listing,,Single Family Residential,33423 Timber Ln,Eugene,OR,97405,1250000,4,3.0,243 - Lane Co: East Eugene,2822,527076,1958,49,443,,Active,,,https://www.redfin.com/OR/Eugene/33423-Timber-Ln-97405/home/25777580,RMLS,234714081,N,Y,44.021353,-123.031047
MLS Listing,,Single Family Residential,4364 Fox Hollow Rd,Eugene,OR,97405,575000,3,2.5,243 - Lane Co: East Eugene,1628,4356,2004,49,353,,Active,,,https://www.redfin.com/OR/Eugene/4364-Fox-Hollow-Rd-97405/home/26117819,RMLS,450495397,N,Y,44.0084857,-123.0790315
MLS Listing,,Townhouse,2547 Brittania Pl,Eugene,OR,97405,359000,3,2.0,421301 - Churchill High School,1360,1742,1976,49,264,342,Active,,,https://www.redfin.com/OR/Eugene/2547-Brittania-Pl-97405/home/25803996,RMLS,779515997,N,Y,44.031545,-123.1447941
MLS Listing,,Single Family Residential,2120 W 23rd Ave,Eugene,OR,97405,474999,3,2.0,245 - Lane Co: West Eugene,1565,7840,1959,49,304,,Active,,,https://www.redfin.com/OR/Eugene/2120-W-23rd-Ave-97405/home/26152532,RMLS,488506860,N,Y,44.0340827,-123.1246561
MLS Listing,,Single Family Residential,2110 Labona Dr,Eugene,OR,97404,689975,3,2.5,247 - Lane Co: River Road,1986,7405,2025,49,347,,Active,,,https://www.redfin.com/OR/Eugene/2110-Labona-Dr-97404/home/26195799,RMLS,198396069,N,Y,44.096341,-123.148056
MLS Listing,,Single Family Residential,195 Daniel Dr,Eugene,OR,97404,719000,4,2.5,248 - Lane Co: Santa Clara,2357,6534,2004,50,305,,Active,,,https://www.redfin.com/OR/Eugene/195-Daniel-Dr-97404/home/25780429,RMLS,753241500,N,Y,44.1321583,-123.1422138
MLS Listing,,Single Family Residential,3152 Wolf Meadows Ln,Eugene,OR,97408,789000,4,2.5,241 - Lane Co: North Gilham,2158,6969,1996,50,366,,Active,,,https://www.redfin.com/OR/Eugene/3152-Wolf-Meadows-Ln-97408/home/26226988,RMLS,245199336,N,Y,44.0977415,-123.0826937
MLS Listing,,Single Family Residential,4060 Hampshire Ln,Eugene,OR,97404,590000,4,2.5,248 - Lane Co: Santa Clara,2409,8712,1993,50,245,,Active,,,https://www.redfin.com/OR/Eugene/4060-Hampshire-Ln-97404/home/26258311,RMLS,274182919,N,Y,44.1229721,-123.143414
MLS Listing,,Single Family Residential,2689 Cupola Dr,Eugene,OR,97403,599000,4,2.0,243 - Lane Co: East Eugene,1760,10890,1995,50,340,49,Active,August-2-2025 09:00 AM,August-2-2025 12:00 PM,https://www.redfin.com/OR/Eugene/2689-Cupola-Dr-97403/home/189090935,RMLS,642061338,N,Y,44.029477,-123.060176
MLS Listing,,Mobile/Manufactured Home,3355 N Delta Hwy #13,Eugene,OR,97408,199900,3,2.0,Lakeridge of Eugene,1550,,1991,50,129,,Active,,,https://www.redfin.com/OR/Eugene/3355-N-Delta-Hwy-97408/unit-13/home/26187237,RMLS,415652168,N,Y,44.1014278,-123.0900322
MLS Listing,,Single Family Residential,3037 Lord Byron Pl,Eugene,OR,97408,700000,3,2.5,241 - Lane Co: North Gilham,2307,3920,2007,50,303,,Active,,,https://www.redfin.com/OR/Eugene/3037-Lord-Byron-Pl-97408/home/25785909,RMLS,701677611,N,Y,44.0956953,-123.0585445
MLS Listing,,Single Family Residential,2160 Oakmont Way,Eugene,OR,97401,849000,4,2.5,242 - Lane Co: Ferry Street Bridge,2986,11325,1965,50,284,,Active,,,https://www.redfin.com/OR/Eugene/2160-Oakmont-Way-97401/home/26243074,RMLS,130961801,N,Y,44.0680854,-123.079341
MLS Listing,,Single Family Residential,4664 Concord St,Eugene,OR,97402,429900,3,1.5,Active Bethel Citizens,1270,6098,1979,50,339,,Active,,,https://www.redfin.com/OR/Eugene/4664-Concord-St-97402/home/26217296,RMLS,196178018,N,Y,44.0757293,-123.1763112
MLS Listing,,Multi-Family (2-4 Unit),3684 Babcock Ln,Eugene,OR,97401,1195000,7,7.0,242 - Lane Co: Ferry Street Bridge,3495,8712,2023,50,342,,Active,,,https://www.redfin.com/OR/Eugene/3684-Babcock-Ln-97401/home/189091029,RMLS,24500473,N,Y,44.073622,-123.052623
MLS Listing,,Single Family Residential,85789 Allbritain Ln,Eugene,OR,97405,1800000,4,3.5,Hidden Meadows,3549,235224,2005,50,507,114,Active,,,https://www.redfin.com/OR/Eugene/85789-Allbritain-Ln-97405/home/26190939,RMLS,639722533,N,Y,43.9922629,-123.0564063
MLS Listing,,Condo/Co-op,1308 Quaker St,Eugene,OR,97402,270000,2,1.5,Cedar & Oaks Townhouses,1049,,1973,50,257,203,Active,,,https://www.redfin.com/OR/Eugene/1308-Quaker-St-97402/home/25786589,RMLS,120161782,N,Y,44.0450318,-123.1432444
MLS Listing,,Single Family Residential,4634 Harriet Ave,Eugene,OR,97402,428000,2,2.0,246 - Lane Co: Danebo,1047,6098,1992,50,409,,Active,,,https://www.redfin.com/OR/Eugene/4634-Harriett-St-97402/home/26120197,RMLS,388537727,N,Y,44.0731463,-123.1760297
MLS Listing,,Single Family Residential,335 Kourt Dr,Eugene,OR,97404,369000,3,1.0,247 - Lane Co: River Road,1175,4791,1948,51,314,,Active,,,https://www.redfin.com/OR/Eugene/335-Kourt-Dr-97404/home/26256214,RMLS,539490726,N,Y,44.0927396,-123.1325301
MLS Listing,,Vacant Land,134 N Cleveland St,Eugene,OR,97402,1135000,,,246 - Lane Co: Danebo,,77536,,51,,,Active,,,https://www.redfin.com/OR/Eugene/134-N-Cleveland-St-97402/home/26238279,RMLS,352237401,N,Y,44.062416,-123.128473
MLS Listing,,Mobile/Manufactured Home,1199 N Terry St #287,Eugene,OR,97402,155000,2,2.0,Daneland Mobile Home Park,1536,,1976,51,101,,Active,,,https://www.redfin.com/OR/Eugene/1199-N-Terry-St-97402/unit-287/home/26128596,RMLS,435153868,N,Y,44.0757715,-123.1854812
MLS Listing,,Mobile/Manufactured Home,1415 S Bertelsen Rd #112,Eugene,OR,97402,110000,3,2.0,244 - Lane Co: Southwest Eugene,1152,,2018,52,95,1015,Active,,,https://www.redfin.com/OR/Eugene/1415-S-Bertelsen-Rd-97402/unit-112/home/170185757,RMLS,307576810,N,Y,44.043272,-123.1621328
MLS Listing,,Single Family Residential,707 Driftwood Dr,Eugene,OR,97402,499900,3,2.5,246 - Lane Co: Danebo,1697,6098,1988,53,295,,Active,,,https://www.redfin.com/OR/Eugene/707-Driftwood-Dr-97402/home/26246861,RMLS,656342335,N,Y,44.0681373,-123.1863702
MLS Listing,,Single Family Residential,454 Salty Way,Eugene,OR,97404,775000,3,3.0,248 - Lane Co: Santa Clara,3180,9583,2004,53,244,,Active,,,https://www.redfin.com/OR/Eugene/454-Salty-Way-97404/home/26244075,RMLS,622212258,N,Y,44.1061054,-123.1255328
MLS Listing,,Single Family Residential,284 Waite St,Eugene,OR,97402,475000,2,2.0,246 - Lane Co: Danebo,1264,20037,1947,53,376,,Active,,,https://www.redfin.com/OR/Eugene/284-Waite-St-97402/home/26145796,RMLS,291342281,N,Y,44.0649678,-123.1574909
MLS Listing,,Single Family Residential,1278 Winery Ln,Eugene,OR,97404,480000,3,2.0,248 - Lane Co: Santa Clara,1668,6098,1997,53,288,,Active,August-3-2025 12:00 PM,August-3-2025 02:00 PM,https://www.redfin.com/OR/Eugene/1278-Winery-Ln-97404/home/26253030,RMLS,716219208,N,Y,44.1092233,-123.159268
MLS Listing,,Mobile/Manufactured Home,2350 N Terry St #55,Eugene,OR,97402,129000,3,2.0,Rosewood,1508,,1995,54,86,,Active,,,https://www.redfin.com/OR/Eugene/2350-N-Terry-St-97402/unit-55/home/26188002,RMLS,304353533,N,Y,44.0950352,-123.1899079
MLS Listing,,Single Family Residential,1131 Veronica Ln,Eugene,OR,97404,500000,5,2.5,247 - Lane Co: River Road,2636,6969,2011,54,190,,Active,,,https://www.redfin.com/OR/Eugene/1131-Veronica-Ln-97404/home/26194600,RMLS,639055519,N,Y,44.0791771,-123.1412922
MLS Listing,,Condo/Co-op,2051 Lake Isle Ter,Eugene,OR,97401,249900,1,1.0,Island Lakes Condos,680,,1981,56,368,387,Active,August-10-2025 02:30 PM,August-10-2025 04:00 PM,https://www.redfin.com/OR/Eugene/2051-Lake-Isle-Ter-97401/home/25808949,RMLS,401225109,N,Y,44.0869164,-123.1087618
MLS Listing,,Mobile/Manufactured Home,1385 Taney St,Eugene,OR,97402,399000,4,2.0,246 - Lane Co: Danebo,2053,6969,2004,56,194,,Active,,,https://www.redfin.com/OR/Eugene/1385-Taney-St-97402/home/173737174,RMLS,307420770,N,Y,44.0769697,-123.1601828
MLS Listing,,Single Family Residential,2567 Wood Ave,Eugene,OR,97402,389000,4,1.0,246 - Lane Co: Danebo,1468,10018,1956,56,265,,Active,,,https://www.redfin.com/OR/Eugene/2567-Wood-Ave-97402/home/26101172,RMLS,397238108,N,Y,44.0671582,-123.1344277
MLS Listing,,Single Family Residential,2250 Jeppesen Acres Rd,Eugene,OR,97401,515000,3,2.0,242 - Lane Co: Ferry Street Bridge,1381,4356,1973,56,373,,Active,,,https://www.redfin.com/OR/Eugene/2250-Jeppesen-Acres-Rd-97401/home/26159641,RMLS,180982751,N,Y,44.0833171,-123.0758273
MLS Listing,,Vacant Land,Crenshaw Rd,Eugene,OR,97401,499000,,,242 - Lane Co: Ferry Street Bridge,,13503,,56,,,Active,,,https://www.redfin.com/OR/Eugene/Crenshaw-Rd-97401/unit-2-3/home/176476484,RMLS,740506614,N,Y,44.072462,-123.093342
MLS Listing,,Single Family Residential,3035 Hyacinth St Unit B,Eugene,OR,97404,350000,3,2.0,248 - Lane Co: Santa Clara,1185,2613,2025,56,295,,Active,August-3-2025 12:00 PM,August-3-2025 02:00 PM,https://www.redfin.com/OR/Eugene/3035-Hyacinth-St-97404/unit-B/home/196011524,RMLS,293893622,N,Y,44.1090295,-123.1510167
MLS Listing,,Single Family Residential,300 Federal Ln,Eugene,OR,97404,485000,3,2.0,248 - Lane Co: Santa Clara,1400,16117,1943,56,346,,Active,,,https://www.redfin.com/OR/Eugene/300-Federal-Ln-97404/home/26255980,RMLS,747214900,N,Y,44.1045848,-123.1368664
MLS Listing,,Mobile/Manufactured Home,4800 Barger Dr #25,Eugene,OR,97402,75000,2,2.0,Briarwood,924,,1978,56,81,,Active,,,https://www.redfin.com/OR/Eugene/4800-Barger-Dr-97402/unit-25/home/26182533,RMLS,292159543,N,Y,44.0843097,-123.1814764
MLS Listing,,Single Family Residential,5120 Talisman St,Eugene,OR,97405,585000,4,2.5,243 - Lane Co: East Eugene,1976,8712,1967,56,296,,Active,,,https://www.redfin.com/OR/Eugene/5120-Talisman-St-97405/home/26250805,RMLS,228371369,N,Y,44.0012601,-123.0882948
MLS Listing,,Single Family Residential,5580 Franklin Blvd,Eugene,OR,97403,499900,3,2.0,243 - Lane Co: East Eugene,1704,31363,2007,57,293,,Active,,,https://www.redfin.com/OR/Eugene/5580-Franklin-Blvd-97403/home/25765438,RMLS,678658413,N,Y,44.0256531,-123.0280468
MLS Listing,,Single Family Residential,2811 Greentree Way,Eugene,OR,97405,445000,3,2.5,244 - Lane Co: Southwest Eugene,1802,6534,1977,57,247,22,Active,August-2-2025 11:00 AM,August-2-2025 01:00 PM,https://www.redfin.com/OR/Eugene/2811-Greentree-Way-97405/home/26166127,RMLS,791734350,N,Y,44.0268799,-123.1473712
MLS Listing,,Single Family Residential,3678 Snowberry Rd,Eugene,OR,97403,715000,4,2.5,243 - Lane Co: East Eugene,2652,6534,2014,57,270,,Active,,,https://www.redfin.com/OR/Eugene/3678-Snowberry-Rd-97403/home/26276083,RMLS,355271898,N,Y,44.0315059,-123.0397834
MLS Listing,,Single Family Residential,4170 Berrywood Dr,Eugene,OR,97404,568900,4,2.5,248 - Lane Co: Santa Clara,2290,6098,1997,57,248,,Active,,,https://www.redfin.com/OR/Eugene/4170-Berrywood-Dr-97404/home/25800061,RMLS,236226290,N,Y,44.1226454,-123.1568202
MLS Listing,,Condo/Co-op,151 Treehill Loop,Eugene,OR,97405,285000,2,1.5,243 - Lane Co: East Eugene,1064,,1974,57,268,535,Active,August-2-2025 11:00 AM,August-2-2025 01:00 PM,https://www.redfin.com/OR/Eugene/151-Treehill-Loop-97405/home/25810899,RMLS,787215650,N,Y,44.0018242,-123.098555
MLS Listing,,Single Family Residential,325 River Rd,Eugene,OR,97404,819000,6,5.0,247 - Lane Co: River Road,3465,29185,1929,57,236,,Active,,,https://www.redfin.com/OR/Eugene/325-River-Rd-97404/home/25768172,RMLS,494702452,N,Y,44.0654763,-123.1169081
MLS Listing,,Single Family Residential,2943 Riverwalk Loop,Eugene,OR,97401,1300000,3,2.5,242 - Lane Co: Ferry Street Bridge,3257,11325,1997,58,399,147,Active,,,https://www.redfin.com/OR/Eugene/2943-Riverwalk-Loop-97401/home/26267197,RMLS,538731376,N,Y,44.091059,-123.1134472
MLS Listing,,Single Family Residential,32475 Beymer Rd,Eugene,OR,97405,750000,3,2.0,243 - Lane Co: East Eugene,1518,367210,1980,58,494,,Active,,,https://www.redfin.com/OR/Eugene/32475-Beymer-Rd-97405/home/26170648,RMLS,548780921,N,Y,43.9726327,-123.0663702
MLS Listing,,Single Family Residential,2504 Brackenfern Rd,Eugene,OR,97403,572500,4,3.0,243 - Lane Co: East Eugene,2092,3484,2022,58,274,27,Active,August-3-2025 01:00 PM,August-3-2025 03:00 PM,https://www.redfin.com/OR/Springfield/2504-Brackenfern-Rd-97477/home/26195544,RMLS,492783262,N,Y,44.0305533,-123.045192
MLS Listing,,Condo/Co-op,2062 Lake Isle Dr,Eugene,OR,97401,399900,3,2.0,242 - Lane Co: Ferry Street Bridge,1506,,1981,59,266,604,Active,,,https://www.redfin.com/OR/Eugene/2062-Lake-Isle-Dr-97401/home/26120926,RMLS,166490446,N,Y,44.08791,-123.109528
MLS Listing,,Mobile/Manufactured Home,4531 Franklin Blvd #92,Eugene,OR,97403,55000,1,1.0,"Shamrock Trailer Village, Eugene",648,,1962,59,85,719,Active,,,https://www.redfin.com/OR/Eugene/4531-Franklin-Blvd-97403/unit-92/home/26124770,RMLS,280554444,N,Y,44.0409075,-123.0274136
MLS Listing,,Single Family Residential,85339 Svarverud Rd,Eugene,OR,97405,1490000,4,3.5,244 - Lane Co: Southwest Eugene,4956,217800,2004,59,301,,Active,,,https://www.redfin.com/OR/Eugene/85339-Svarverud-Rd-97405/home/26224318,RMLS,619054572,N,Y,43.975766,-123.148519
MLS Listing,,Single Family Residential,815 Bobolink Ave,Eugene,OR,97404,380000,3,2.0,248 - Lane Co: Santa Clara,1708,7840,2005,59,222,,Active,,,https://www.redfin.com/OR/Eugene/815-Bobolink-Ave-97404/home/26213847,RMLS,576701741,N,Y,44.1082319,-123.1472646
MLS Listing,,Single Family Residential,1364 Goodpasture Island Rd,Eugene,OR,97401,595000,5,2.5,241 - Lane Co: North Gilham,2252,9147,1969,59,264,,Active,,,https://www.redfin.com/OR/Eugene/1364-Goodpasture-Island-Rd-97401/home/26246081,RMLS,416002950,N,Y,44.0838211,-123.0926781
MLS Listing,,Mobile/Manufactured Home,1475 Green Acres Rd #41,Eugene,OR,97408,67000,2,2.0,241 - Lane Co: North Gilham,1200,,1974,59,56,,Active,,,https://www.redfin.com/OR/Eugene/1475-Green-Acres-Rd-97408/unit-41/home/26180693,RMLS,579196231,N,Y,44.0942703,-123.0901646
MLS Listing,,Single Family Residential,974 Legacy Ln,Eugene,OR,97402,578400,4,2.5,Meadowview,2306,,2025,60,251,58,Active,August-2-2025 11:00 AM,August-2-2025 01:00 PM,https://www.redfin.com/OR/Eugene/974-Legacy-Ln-97402/home/195215290,RMLS,110693932,N,Y,44.077489,-123.2033957
MLS Listing,,Mobile/Manufactured Home,4055 Royal Ave #22,Eugene,OR,97402,250000,3,2.0,Songbrook,2100,,1994,60,119,,Active,,,https://www.redfin.com/OR/Eugene/4055-Royal-Ave-97402/unit-22/home/26116100,RMLS,664931366,N,Y,44.0727154,-123.1643715
MLS Listing,,Single Family Residential,2459 Borders Dr,Eugene,OR,97404,569000,3,2.0,Glenn Haven,2008,6534,2005,61,283,13,Active,,,https://www.redfin.com/OR/Eugene/2459-Borders-Dr-97404/home/26253396,RMLS,733215603,N,Y,44.1005322,-123.1550666
MLS Listing,,Single Family Residential,18 E 47th Ave,Eugene,OR,97405,465000,3,2.0,Edgewood,1408,9583,1962,61,330,,Active,,,https://www.redfin.com/OR/Eugene/18-E-47th-Ave-97405/home/26206071,RMLS,678430527,N,Y,44.0054813,-123.0931525
MLS Listing,,Mobile/Manufactured Home,4800 Barger Dr #60,Eugene,OR,97402,65000,2,1.0,Briarwood Mobile Home Park,924,,1978,61,70,,Active,,,https://www.redfin.com/OR/Eugene/4800-Barger-Dr-97402/unit-60/home/26182581,RMLS,507950169,N,Y,44.0843097,-123.1814764
MLS Listing,,Single Family Residential,845 Waite St,Eugene,OR,97402,425000,3,1.5,246 - Lane Co: Danebo,1419,8276,1973,62,300,,Active,,,https://www.redfin.com/OR/Eugene/845-Waite-St-97402/home/26212035,RMLS,437449805,N,Y,44.0705854,-123.1567653
MLS Listing,,Single Family Residential,500 Lynnbrook Dr,Eugene,OR,97404,460000,4,2.5,248 - Lane Co: Santa Clara,2183,7405,1994,62,211,,Active,,,https://www.redfin.com/OR/Eugene/500-Lynnbrook-Dr-97404/home/26119840,RMLS,289073203,N,Y,44.1207039,-123.1549943
MLS Listing,,Vacant Land,W 40th Ave #2,Eugene,OR,97405,169000,,,244 - Lane Co: Southwest Eugene,,11325,,62,,,Active,,,https://www.redfin.com/OR/Eugene/W-40th-Ave-97405/unit-2/home/195970596,RMLS,100132422,N,Y,44.010919,-123.106064
MLS Listing,,Vacant Land,W 40th Ave #3,Eugene,OR,97405,189000,,,244 - Lane Co: Southwest Eugene,,13068,,62,,,Active,,,https://www.redfin.com/OR/Eugene/W-40th-Ave-97405/unit-3/home/195970597,RMLS,639571582,N,Y,44.010403,-123.105844
MLS Listing,,Single Family Residential,495 W 27th Ave,Eugene,OR,97405,799000,3,2.5,College Hill,3132,6098,1964,63,255,,Active,,,https://www.redfin.com/OR/Eugene/495-W-27th-Ave-97405/home/195956990,RMLS,658400072,N,Y,44.0292219,-123.0996058
MLS Listing,,Vacant Land,Spring Blvd Lot02500,Eugene,OR,97405,579000,,,243 - Lane Co: East Eugene,,348915,,63,,,Active,,,https://www.redfin.com/OR/Eugene/Spring-Blvd-97405/home/147242106,RMLS,134043497,N,Y,44.004395,-123.055748
MLS Listing,,Single Family Residential,3435 Meadow View Dr,Eugene,OR,97408,695000,3,2.5,Ashely Estates,2449,8276,2003,63,284,,Active,,,https://www.redfin.com/OR/Eugene/3435-Meadow-View-Dr-97408/home/25839769,RMLS,785696511,N,Y,44.1026316,-123.0879742
MLS Listing,,Single Family Residential,412 W 17th Ave,Eugene,OR,97401,549000,4,2.0,245 - Lane Co: West Eugene,1906,6534,1940,64,288,,Active,,,https://www.redfin.com/OR/Eugene/412-W-17th-Ave-97401/home/26230219,RMLS,223841039,N,Y,44.040955,-123.0987387
MLS Listing,,Vacant Land,2871 Bailey Hill Rd,Eugene,OR,97405,825000,,,244 - Lane Co: Southwest Eugene,,238708,,64,,,Active,,,https://www.redfin.com/OR/Eugene/2871-Bailey-Hill-Rd-97405/home/45421003,RMLS,351296306,N,Y,44.0282283,-123.1626503
MLS Listing,,Single Family Residential,3758 Pine Canyon Dr,Eugene,OR,97405,1100000,4,3.5,243 - Lane Co: East Eugene,3504,11761,1978,64,314,,Active,,,https://www.redfin.com/OR/Eugene/3758-Pine-Canyon-Dr-97405/home/26198397,RMLS,402730118,N,Y,44.0154249,-123.0708404
MLS Listing,,Mobile/Manufactured Home,3700 Babcock Ln #113,Eugene,OR,97401,225000,2,2.0,Camelot Manufactured Home Village,1809,,1992,64,124,521,Active,August-2-2025 12:00 PM,August-2-2025 02:00 PM,https://www.redfin.com/OR/Eugene/3700-Babcock-Ln-97401/unit-113/home/26187593,RMLS,643135285,N,Y,44.0742376,-123.0489736
MLS Listing,,Single Family Residential,4471 Spring Meadow Ave,Eugene,OR,97404,525000,3,2.0,248 - Lane Co: Santa Clara,1721,5662,1995,64,305,,Active,,,https://www.redfin.com/OR/Eugene/4471-Spring-Meadow-Ave-97404/home/26218119,RMLS,440515748,N,Y,44.1263232,-123.1376259
MLS Listing,,Mobile/Manufactured Home,1699 N Terry St #20,Eugene,OR,97402,137000,3,2.0,246 - Lane Co: Danebo,1188,,1996,64,115,,Active,,,https://www.redfin.com/OR/Eugene/1699-N-Terry-St-97402/unit-20/home/26129957,RMLS,635131736,N,Y,44.0778985,-123.1878822
