SALE TYPE,SOLD DATE,PROPERTY TYPE,ADDRESS,CITY,STATE OR PROVINCE,ZIP OR POSTAL CODE,PRICE,BEDS,BATHS,LOCATION,SQUARE FEET,LOT SIZE,YEAR BUILT,DAYS ON MARKET,$/SQUARE FEET,HOA/MONTH,STATUS,NEXT OPEN HOUSE START TIME,NEXT OPEN HOUSE END TIME,URL (SEE https://www.redfin.com/buy-a-home/comparative-market-analysis FOR INFO ON PRICING),SOURCE,MLS#,FAVORITE,INTERESTED,LATITUDE,LONGITUDE
"In accordance with local MLS rules, some MLS listings are not included in the download"
MLS Listing,,Single Family Residential,1891 Beechwood Rd,Charleston,SC,29414,524000,3,2.5,Pierpont,1868,6534,1994,1,281,,Active,August-3-2025 01:00 PM,August-3-2025 03:00 PM,https://www.redfin.com/SC/Charleston/1891-Beechwood-Rd-29414/home/68923377,Charleston Trident MLS,25020957,N,Y,32.8195879,-80.0415457
MLS Listing,,Single Family Residential,1493 Little Rock Blvd,Charleston,SC,29412,565000,3,2.0,Fairway Villas,1494,6098,2004,36,378,,Active,August-3-2025 11:00 AM,August-3-2025 01:00 PM,https://www.redfin.com/SC/Charleston/1493-Little-Rock-Blvd-29412/home/68712657,Charleston Trident MLS,25017784,N,Y,32.7103457,-79.9706665
MLS Listing,,Single Family Residential,1216 Rivers Reach Dr,Charleston,SC,29492,1290000,4,3.5,River Reach Pointe,3310,12632,2013,63,390,,Active,,,https://www.redfin.com/SC/Charleston/1216-Rivers-Reach-Dr-29492/home/68783141,Charleston Trident MLS,25014938,N,Y,32.9169418,-79.8427825
MLS Listing,,Single Family Residential,22 Sheppard St,Charleston,SC,29403,942000,2,2.0,CITY OF CHARLESTON,817,1781,1885,107,1153,,Active,,,https://www.redfin.com/SC/Charleston/22-Sheppard-St-29403/home/68879943,RSMLS,452633,N,Y,32.7976291,-79.9395497
MLS Listing,,Single Family Residential,1152 Bradford Ave,Charleston,SC,29412,630000,4,3.0,Mccalls Corner,1675,9147,1981,1,376,,Active,,,https://www.redfin.com/SC/Charleston/1152-Bradford-Ave-29412/home/68693591,Charleston Trident MLS,25021154,N,Y,32.7235806,-79.9654308
MLS Listing,,Single Family Residential,1471 Wando Landing St,Charleston,SC,29492,1675000,5,4.5,Daniel Island,3244,6534,2013,1,516,83,Active,,,https://www.redfin.com/SC/Daniel-Island/1471-Wando-Landing-St-29492/home/68716091,Charleston Trident MLS,25021151,N,Y,32.8427021,-79.9061882
MLS Listing,,Single Family Residential,1924 Planters Dr,Charleston,SC,29414,500000,4,2.0,Church Creek,1579,9583,1974,1,317,,Active,,,https://www.redfin.com/SC/Charleston/1924-Planters-Dr-29414/home/68625254,Charleston Trident MLS,25021148,N,Y,32.8256312,-80.0517081
MLS Listing,,Single Family Residential,1487 Woodview Ln,James Island,SC,29412,465000,3,1.5,Westchester,1014,8712,1967,1,459,,Active,,,https://www.redfin.com/SC/Charleston/1487-Woodview-Ln-29412/home/108159250,Charleston Trident MLS,25021119,N,Y,32.7116871,-79.9595542
MLS Listing,,Condo/Co-op,1214 Apex Ln,Charleston,SC,29412,395000,2,2.0,Meridian Place,1086,,2001,1,364,100,Active,,,https://www.redfin.com/SC/Charleston/1214-Apex-Ln-29412/home/108186767,Charleston Trident MLS,25021113,N,Y,32.7222141,-79.9806635
MLS Listing,,Single Family Residential,29 Wedgepark Rd,Charleston,SC,29407,799900,2,2.0,Carolina Terrace,1320,13939,1940,1,606,,Active,,,https://www.redfin.com/SC/Charleston/29-Wedgepark-Rd-29407/home/108103160,Charleston Trident MLS,25021107,N,Y,32.7850779,-79.9924048
MLS Listing,,Townhouse,4024 Babbitt St,Charleston,SC,29414,375000,3,3.0,Ashley Park,1422,1742,2006,1,264,68,Active,,,https://www.redfin.com/SC/Charleston/4024-Babbitt-St-29414/home/68869546,Charleston Trident MLS,25021092,N,Y,32.8164199,-80.0689299
MLS Listing,,Single Family Residential,950 Battery Ave,Charleston,SC,29407,425000,3,1.0,Maryville,1032,4356,1952,1,412,,Active,,,https://www.redfin.com/SC/Charleston/950-Battery-Ave-29407/home/68886295,Charleston Trident MLS,25021087,N,Y,32.794429,-79.9884103
MLS Listing,,Single Family Residential,2014 Chilhowee Dr,Johns Island,SC,29455,599999,4,2.5,Staffordshire,2430,9147,2011,1,247,,Active,,,https://www.redfin.com/SC/Johns-Island/2014-Chilhowee-Dr-29455/home/108082494,Charleston Trident MLS,25021077,N,Y,32.722131,-80.069495
MLS Listing,,Single Family Residential,881 Kushiwah Creek Dr,Charleston,SC,29412,999000,3,2.0,Stiles Point Plantation,2442,16117,1984,1,409,35,Active,August-9-2025 01:00 PM,August-9-2025 02:00 PM,https://www.redfin.com/SC/Charleston/881-Kushiwah-Creek-Dr-29412/home/68566413,Charleston Trident MLS,25021076,N,Y,32.7486773,-79.9298512
MLS Listing,,Single Family Residential,521 W Wimbledon Dr,Charleston,SC,29412,1100000,4,2.5,Marlborough,2874,34848,1974,1,383,,Active,,,https://www.redfin.com/SC/Charleston/521-W-Wimbledon-Dr-29412/home/87081588,Charleston Trident MLS,25021071,N,Y,32.7496367,-79.979599
MLS Listing,,Single Family Residential,132 Falaise St,Charleston,SC,29492,745373,3,2.5,Point Hope,1978,4791,2025,1,377,63,Active,,,https://www.redfin.com/SC/Charleston/132-Falaise-St-29492/home/196148278,Charleston Trident MLS,25021069,N,Y,32.9181583,-79.8619816
MLS Listing,,Single Family Residential,2229 Generals St,Charleston,SC,29492,975000,5,3.5,Point Hope,2960,7840,2023,1,329,63,Active,August-2-2025 11:00 AM,August-2-2025 02:00 PM,https://www.redfin.com/SC/Charleston/2229-Generals-St-29492/home/184299343,Charleston Trident MLS,25021068,N,Y,32.916312,-79.875019
MLS Listing,,Single Family Residential,1764 Lady Ashley St,Charleston,SC,29412,549000,3,1.0,Centerville,1250,14810,1956,1,439,,Active,August-3-2025 02:00 PM,August-3-2025 04:00 PM,https://www.redfin.com/SC/Charleston/1764-Lady-Ashley-St-29412/home/68892669,Charleston Trident MLS,25021064,N,Y,32.7377029,-79.9712715
MLS Listing,,Single Family Residential,2536 Hatch Dr,Johns Island,SC,29455,795000,3,2.5,Stonoview,2224,7405,2022,1,357,131,Active,,,https://www.redfin.com/SC/Johns-Island/2536-Hatch-Dr-29455/home/176643730,Charleston Trident MLS,25021062,N,Y,32.735106,-80.022444
MLS Listing,,Single Family Residential,345 Confederate Cir,Charleston,SC,29407,1965000,4,3.0,South Windermere,3088,30491,1958,1,636,,Active,August-1-2025 11:00 AM,August-1-2025 01:00 PM,https://www.redfin.com/SC/Charleston/345-Confederate-Cir-29407/home/68562936,Charleston Trident MLS,25021058,N,Y,32.7743373,-79.9774553
MLS Listing,,Single Family Residential,1861 Cattail Row,Charleston,SC,29407,749000,4,2.5,Rice Hollow,1750,9583,1987,1,428,5,Active,,,https://www.redfin.com/SC/Charleston/1861-Cat-Tail-Row-29407/home/68551187,Charleston Trident MLS,25021056,N,Y,32.8175023,-80.0212126
MLS Listing,,Condo/Co-op,5 Gadsdenboro St #410,Charleston,SC,29401,1195000,2,2.0,Gadsdenboro,1271,,2018,1,940,1271,Active,,,https://www.redfin.com/SC/Charleston/5-Gadsdenboro-St-29401/unit-410/home/160465894,Charleston Trident MLS,25021055,N,Y,32.7871692,-79.927534
MLS Listing,,Vacant Land,481 Jessen Ln,Wando,SC,29492,120000,,,Wando,,37461,,1,,,Active,,,https://www.redfin.com/SC/Charleston/481-Jessen-Ln-29492/home/164596789,Charleston Trident MLS,25021040,N,Y,32.9043557,-79.9211916
MLS Listing,,Single Family Residential,41 Poplar St,Charleston,SC,29403,1285000,4,2.0,North Central,1940,4791,1935,1,662,,Active,August-2-2025 02:00 PM,August-2-2025 04:00 PM,https://www.redfin.com/SC/Charleston/41-Poplar-St-29403/home/68671254,Charleston Trident MLS,25021031,N,Y,32.8071314,-79.9520869
MLS Listing,,Single Family Residential,2796 Summertrees Blvd,Johns Island,SC,29455,525000,3,2.5,Summertrees,1698,8712,2005,1,309,30,Active,,,https://www.redfin.com/SC/Johns-Island/2796-Summertrees-Blvd-29455/home/108169828,Charleston Trident MLS,25021030,N,Y,32.7424469,-80.0626263
MLS Listing,,Single Family Residential,1670 Mcclain St,Charleston,SC,29407,549900,3,2.0,Wappoo Shores,1244,13939,1964,1,442,,Active,August-3-2025 01:00 PM,August-3-2025 04:00 PM,https://www.redfin.com/SC/Charleston/1670-McClain-St-29407/home/68877276,Charleston Trident MLS,25021027,N,Y,32.778234,-80.0115199
MLS Listing,,Vacant Land,1543 Keswick Dr,Johns Island,SC,29455,200000,,,Fenwick Hills,,16117,,1,,,Active,,,https://www.redfin.com/SC/Johns-Island/1543-Keswick-Dr-29455/home/196751501,Charleston Trident MLS,25021024,N,Y,32.7349563,-80.0748267
MLS Listing,,Single Family Residential,2438 Two Oaks Dr,Charleston,SC,29414,589900,4,2.0,Sylvan Shores,1609,13503,1957,1,367,,Active,August-2-2025 11:00 AM,August-2-2025 01:00 PM,https://www.redfin.com/SC/Charleston/2438-Two-Oaks-Dr-29414/home/108159272,Charleston Trident MLS,25020992,N,Y,32.7899903,-80.050327
MLS Listing,,Single Family Residential,156 Sandshell Dr,Charleston,SC,29492,815000,3,2.5,Shellring at St Thomas Island,1700,6969,2007,1,479,138,Active,August-2-2025 10:00 AM,August-2-2025 02:00 PM,https://www.redfin.com/SC/Charleston/156-Sandshell-Dr-29492/home/68769875,Charleston Trident MLS,25020966,N,Y,32.8693572,-79.9265333
MLS Listing,,Single Family Residential,2194 Becky Rd,Charleston,SC,29414,515000,3,2.5,Pierpont,2009,14810,1998,1,256,,Active,,,https://www.redfin.com/SC/Charleston/2194-Becky-Rd-29414/home/68780872,Charleston Trident MLS,25020965,N,Y,32.8314123,-80.0368787
MLS Listing,,Single Family Residential,26 Kennedy St,Charleston,SC,29403,335400,3,2.0,Charleston,1260,2178,2004,1,266,,Active,,,https://www.redfin.com/SC/Charleston/26-Kennedy-St-29403/home/68896167,Charleston Trident MLS,25020960,N,Y,32.7918326,-79.9502069
MLS Listing,,Single Family Residential,3278 Conservancy Ln,Charleston,SC,29414,565000,3,2.0,Carolina Bay,1990,9147,2011,1,284,60,Active,August-9-2025 01:00 PM,August-9-2025 03:00 PM,https://www.redfin.com/SC/Charleston/3278-Conservancy-Ln-29414/home/68735210,Charleston Trident MLS,25020794,N,Y,32.8108281,-80.0770877
MLS Listing,,Single Family Residential,1751 Bee Balm Rd,Johns Island,SC,29455,505000,3,2.5,St. Johns Crossing,1750,3484,2013,1,289,34,Active,August-2-2025 11:00 AM,August-2-2025 02:00 PM,https://www.redfin.com/SC/Johns-Island/1751-Bee-Balm-Rd-29455/home/68928753,Charleston Trident MLS,25020931,N,Y,32.7449115,-80.0499341
MLS Listing,,Single Family Residential,177 Romney St,Charleston,SC,29403,900000,3,3.0,North Central,2080,3920,1913,1,433,,Active,August-3-2025 02:00 PM,August-3-2025 04:00 PM,https://www.redfin.com/SC/Charleston/177-Romney-St-29403/home/68550400,Charleston Trident MLS,25020954,N,Y,32.8055718,-79.9518601
MLS Listing,,Single Family Residential,1306 Chardon Cmns,Johns Island,SC,29455,1220000,3,3.5,Rushland Plantation,2987,12632,2006,1,408,143,Active,,,https://www.redfin.com/SC/Johns-Island/1306-Chardon-Cmns-29455/home/68874377,Charleston Trident MLS,25020719,N,Y,32.7689262,-80.0470818
MLS Listing,,Condo/Co-op,2224 Egret Crest Ln #2224,Charleston,SC,29414,324900,3,2.0,The Colony at Heron Reserve,1396,435600,2006,1,233,334,Active,,,https://www.redfin.com/SC/Charleston/2224-Egret-Crest-Ln-29414/unit-2224/home/68849988,Charleston Trident MLS,25020894,N,Y,32.814439,-80.061821
MLS Listing,,Single Family Residential,1827 S Mayflower Dr,Charleston,SC,29412,575000,3,2.0,Jamestown Estates,1575,11325,1965,2,365,,Active,,,https://www.redfin.com/SC/Charleston/1827-S-Mayflower-Dr-29412/home/68554721,Charleston Trident MLS,25020936,N,Y,32.72973,-79.9716161
MLS Listing,,Single Family Residential,762 Swanson Ave,Charleston,SC,29412,1365000,5,4.0,Eastwood,2705,20908,1967,2,505,,Active,,,https://www.redfin.com/SC/Charleston/762-Swanson-Ave-29412/home/68752698,Charleston Trident MLS,25020910,N,Y,32.7445918,-79.9133335
MLS Listing,,Single Family Residential,5 Drummond Ct,Charleston,SC,29414,415000,3,2.0,Shadowmoss,1516,12632,1980,2,274,,Active,,,https://www.redfin.com/SC/Charleston/5-Drummond-Ct-29414/home/68871750,Charleston Trident MLS,25020927,N,Y,32.8462279,-80.0718156
MLS Listing,,Single Family Residential,1817 Aylsford Ct,Charleston,SC,29412,680000,4,2.5,Queensborough,1952,10454,1983,2,348,,Active,August-2-2025 10:00 AM,August-2-2025 12:00 PM,https://www.redfin.com/SC/Charleston/1817-Aylsford-Ct-29412/home/68637396,Charleston Trident MLS,25020925,N,Y,32.7272405,-79.9698852
MLS Listing,,Single Family Residential,610 Du Bois Dr,Johns Island,SC,29455,669990,4,3.5,Indigo Grove,2169,6534,2026,2,309,62,Active,,,https://www.redfin.com/SC/Johns-Island/610-Du-Bois-Dr-29455/home/196696239,Charleston Trident MLS,25020883,N,Y,32.7472607,-80.0313061
MLS Listing,,Single Family Residential,3291 Walter Dr,Johns Island,SC,29455,799000,3,2.5,Cedar Springs,1909,22215,2016,2,419,,Active,,,https://www.redfin.com/SC/Johns-Island/3291-Walter-Dr-29455/home/102795706,Charleston Trident MLS,25020875,N,Y,32.7276292,-80.0580015
MLS Listing,,Single Family Residential,775 Forrest Drive Dr,Charleston,SC,29492,749000,3,2.5,Governors Cay,1591,5662,2020,2,471,75,Active,August-2-2025 11:00 AM,August-2-2025 01:00 PM,https://www.redfin.com/SC/Daniel-Island/775-Forrest-Dr-29492/home/172399676,Charleston Trident MLS,25020852,N,Y,32.8799366,-79.9261333
MLS Listing,,Single Family Residential,2107 Club View Ct,Charleston,SC,29412,775000,3,3.5,Needlegrass,2750,9583,2006,2,282,25,Active,,,https://www.redfin.com/SC/Charleston/2107-Club-View-Ct-29412/home/68778384,Charleston Trident MLS,25020851,N,Y,32.6890241,-79.9639246
MLS Listing,,Single Family Residential,2 Woolfe St Unit A & B,Charleston,SC,29403,1195000,7,6.0,Eastside,2436,3920,1835,2,491,,Active,August-2-2025 11:00 AM,August-2-2025 01:00 PM,https://www.redfin.com/SC/Charleston/2-Woolfe-St-29403/unit-A-B/home/146892840,Charleston Trident MLS,25020775,N,Y,32.7937869,-79.9379653
MLS Listing,,Single Family Residential,1807 Debbenshire Dr,Charleston,SC,29407,560000,5,2.0,West Ashley Plantation,1924,10890,1961,2,291,,Active,,,https://www.redfin.com/SC/Charleston/1807-Debbenshire-Dr-29407/home/68927433,Charleston Trident MLS,25020821,N,Y,32.8130407,-80.0195301
MLS Listing,,Single Family Residential,1821 Mead Ln,Johns Island,SC,29455,795000,4,3.5,Laurel Oak,2812,4356,2022,3,283,120,Active,,,https://www.redfin.com/SC/Johns-Island/1821-Mead-Ln-29455/home/183011097,Charleston Trident MLS,25020831,N,Y,32.8043992,-80.1222885
MLS Listing,,Single Family Residential,6107 Fieldstone Cir,Charleston,SC,29414,475000,3,2.0,Village Green,1797,11761,1999,3,264,45,Active,,,https://www.redfin.com/SC/Charleston/6107-Fieldstone-Cir-29414/home/68632032,Charleston Trident MLS,25020817,N,Y,32.8544196,-80.0865238
MLS Listing,,Single Family Residential,812 Farnham Rd,Charleston,SC,29412,615000,4,2.0,Lawton Bluff,1624,10018,1973,3,379,,Active,August-3-2025 11:00 AM,August-3-2025 03:00 PM,https://www.redfin.com/SC/Charleston/812-Farnham-Rd-29412/home/108184117,Charleston Trident MLS,25020815,N,Y,32.7429032,-79.9406813
MLS Listing,,Single Family Residential,3146 Olivia Marie Ln,Johns Island,SC,29455,849000,4,3.0,Waterloo Estates,2359,23086,2019,3,360,54,Active,,,https://www.redfin.com/SC/Johns-Island/3146-Olivia-Marie-Ln-29455/home/109084752,Charleston Trident MLS,25020795,N,Y,32.7234587,-80.038713
MLS Listing,,Townhouse,404 Caledon Ct,Johns Island,SC,29455,474990,4,3.5,Indigo Grove,2169,1306,2025,3,219,102,Active,,,https://www.redfin.com/SC/Johns-Island/404-Caledon-Ct-29455/home/196684842,Charleston Trident MLS,25020786,N,Y,32.7479548,-80.0325652
MLS Listing,,Townhouse,422 Caledon Ct,Johns Island,SC,29455,563990,4,3.5,Indigo Grove,2256,2178,2025,3,250,102,Active,,,https://www.redfin.com/SC/Johns-Island/422-Caledon-Ct-29455/home/195971811,Charleston Trident MLS,25020784,N,Y,32.7485114,-80.0321315
MLS Listing,,Townhouse,428 Caledon Ct,Johns Island,SC,29455,499990,4,3.5,Indigo Grove,2169,1306,2025,3,231,102,Active,,,https://www.redfin.com/SC/Johns-Island/428-Caledon-Ct-29455/home/196124030,Charleston Trident MLS,25020781,N,Y,32.7486366,-80.0319976
MLS Listing,,Single Family Residential,1250 Wide Water Ct,Charleston,SC,29412,650000,3,2.0,Bayview Farms,1356,14374,1990,3,479,95,Active,August-3-2025 01:00 PM,August-3-2025 03:00 PM,https://www.redfin.com/SC/Charleston/1250-Wide-Water-Ct-29412/home/68890217,Charleston Trident MLS,25020773,N,Y,32.7273625,-79.9297856
MLS Listing,,Condo/Co-op,2012 Telfair Way,Charleston,SC,29412,419900,2,2.0,Mira Vista,1120,,2001,3,375,616,Active,,,https://www.redfin.com/SC/Charleston/2012-Telfair-Way-29412/home/182882799,Charleston Trident MLS,25020738,N,Y,32.7535127,-79.9671153
MLS Listing,,Single Family Residential,1784 Banbury Rd,Charleston,SC,29414,470000,4,3.0,Forest Lakes,2146,11761,1984,4,219,,Active,,,https://www.redfin.com/SC/Charleston/1784-Banbury-Rd-29414/home/68620865,Charleston Trident MLS,25020702,N,Y,32.8188623,-80.0504738
MLS Listing,,Vacant Land,2320 Meeting Street Rd,North Charleston,SC,29405,110000,,,Union Heights,,155596320,,4,,,Active,,,https://www.redfin.com/SC/North-Charleston/2320-Meeting-Street-Rd-29405/home/108065936,Charleston Trident MLS,25020689,N,Y,32.8375163,-79.9598584
MLS Listing,,Vacant Land,2318 Meeting Street Rd,North Charleston,SC,29405,120000,,,Union Heights,,3484,,4,,,Active,,,https://www.redfin.com/SC/North-Charleston/2318-Meeting-Street-Rd-29405/home/108124640,Charleston Trident MLS,25020688,N,Y,32.837412,-79.959823
MLS Listing,,Condo/Co-op,85 Cumberland St #5,Charleston,SC,29401,525000,1,1.0,French Quarter,484,,1900,4,1085,546,Active,,,https://www.redfin.com/SC/Charleston/85-Cumberland-St-29401/unit-5/home/108036039,Charleston Trident MLS,25020687,N,Y,32.7793655,-79.9303037
MLS Listing,,Single Family Residential,1404 Ivy Isle Dr,Charleston,SC,29412,536000,3,2.0,Oakcrest,1980,12632,1985,4,271,,Active,,,https://www.redfin.com/SC/Charleston/1404-Ivy-Isle-Dr-29412/home/108067158,Charleston Trident MLS,25020675,N,Y,32.7217664,-79.956757
MLS Listing,,Single Family Residential,801 Lachicotte Creek Dr,Charleston,SC,29492,675000,3,2.5,The Marshes at Cooper River,2172,4791,2021,4,311,72,Active,,,https://www.redfin.com/SC/Charleston/801-Lachicotte-Creek-Dr-29492/home/172399510,Charleston Trident MLS,25020671,N,Y,32.9048078,-79.9241903
MLS Listing,,Single Family Residential,2303 N Lander Ln,Charleston,SC,29414,525000,4,2.5,Drayton On The Ashley,2688,10454,2006,4,195,,Active,August-3-2025 11:00 AM,August-3-2025 03:00 PM,https://www.redfin.com/SC/Charleston/2303-N-Lander-Ln-29414/home/68855626,Charleston Trident MLS,25020668,N,Y,32.8441654,-80.058424
MLS Listing,,Condo/Co-op,301 Longshore St #441,Charleston,SC,29492,2495000,3,3.5,Daniel Island,2688,,2021,4,928,2365,Active,,,https://www.redfin.com/SC/Daniel-Island/301-Longshore-St-29492/unit-441/home/175406466,Charleston Trident MLS,25020654,N,Y,32.8558371,-79.903916
MLS Listing,,Single Family Residential,3315 Derbyshire Ct,Charleston,SC,29414,465000,4,2.5,Village Green,1712,9147,1993,4,272,18,Active,,,https://www.redfin.com/SC/Charleston/3315-Derbyshire-Ct-29414/home/68741722,Charleston Trident MLS,25020649,N,Y,32.8573368,-80.0788517
MLS Listing,,Single Family Residential,201 Rutledge Ave,Charleston,SC,29403,1799000,2,2.5,Cannonborough-Elliotborough,1800,2613,1890,4,999,,Active,August-2-2025 11:00 AM,August-2-2025 01:00 PM,https://www.redfin.com/SC/Charleston/201-Rutledge-Ave-29403/home/68909059,Charleston Trident MLS,25020566,N,Y,32.7885587,-79.9467584
MLS Listing,,Single Family Residential,78 Maple St,Charleston,SC,29403,784999,3,1.0,North Central,1304,4791,1935,5,602,,Active,,,https://www.redfin.com/SC/Charleston/78-Maple-St-29403/home/68775495,Charleston Trident MLS,25020635,N,Y,32.8080713,-79.9537848
MLS Listing,,Multi-Family (2-4 Unit),1409 River Front Dr,Charleston,SC,29407,520000,4,2.0,Orange Grove Estates,1750,10018,1965,5,297,,Active,,,https://www.redfin.com/SC/Charleston/1409-River-Front-Dr-29407/home/68941049,Charleston Trident MLS,25020634,N,Y,32.8171388,-80.0034752
MLS Listing,,Single Family Residential,2775 Mcfadden Way,Johns Island,SC,29455,1000000,5,4.5,Stonoview,3200,12196,2020,5,313,131,Active,,,https://www.redfin.com/SC/Johns-Island/2775-McFadden-Way-29455/home/171397239,Charleston Trident MLS,25020623,N,Y,32.7364676,-80.0207642
MLS Listing,,Condo/Co-op,700 Daniel Ellis Dr #2201,Charleston,SC,29412,195000,1,1.0,The Peninsula Condominiums,765,,1998,6,255,327,Active,,,https://www.redfin.com/SC/Charleston/700-Daniel-Ellis-Dr-29412/unit-2201/home/68689686,Charleston Trident MLS,25020616,N,Y,32.7507626,-79.9674711
MLS Listing,,Single Family Residential,618 Parrot Point Dr,Charleston,SC,29412,4000000,4,4.5,Belle Terre,3750,30927,2021,6,1067,98,Active,,,https://www.redfin.com/SC/Charleston/618-Parrot-Point-Dr-29412/home/68971084,Charleston Trident MLS,25020578,N,Y,32.7316776,-79.9132902
MLS Listing,,Townhouse,1831 Heldsberg Dr,Charleston,SC,29414,440000,3,2.5,Carolina Bay,1678,2178,2012,6,262,173,Active,,,https://www.redfin.com/SC/Charleston/1831-Heldsberg-Dr-29414/home/68909016,Charleston Trident MLS,25020577,N,Y,32.8094625,-80.0794431
MLS Listing,,Single Family Residential,1667 Back Creek Rd,Charleston,SC,29412,2900000,3,3.5,Village of Secessionville,3490,52272,2000,6,831,17,Active,,,https://www.redfin.com/SC/Charleston/1667-Back-Creek-Rd-29412/home/68764069,Charleston Trident MLS,25020012,N,Y,32.7074359,-79.9422111
MLS Listing,,Single Family Residential,3 1/2 Maranda Holmes Unit B,Charleston,SC,29403,1125000,3,3.5,Westside,1800,5227,2018,7,625,,Active,August-3-2025 12:00 PM,August-3-2025 02:00 PM,https://www.redfin.com/SC/Charleston/3-1-2-Maranda-Holmes-St-29403/unit-B/home/142992571,Charleston Trident MLS,25020554,N,Y,32.795199,-79.9533486
MLS Listing,,Single Family Residential,7 Riverdale Dr,Charleston,SC,29407,1390000,3,2.5,Avondale,1653,11325,1948,7,841,,Active,August-2-2025 12:00 PM,August-2-2025 02:00 PM,https://www.redfin.com/SC/Charleston/7-Riverdale-Dr-29407/home/68564646,Charleston Trident MLS,25020526,N,Y,32.7845442,-79.9802833
MLS Listing,,Townhouse,1021 Island View Ct Ct,Charleston,SC,29492,394500,2,2.0,The Peninsula,1010,,2003,7,391,103,Active,,,https://www.redfin.com/SC/Charleston/1021-Island-View-Ct-29492/home/68700383,Charleston Trident MLS,25020524,N,Y,32.929538,-79.847538
MLS Listing,,Single Family Residential,396 Culver Ave,Charleston,SC,29407,500000,3,2.0,Citadel Woods,1385,7405,1992,7,361,,Active,August-2-2025 03:00 PM,August-2-2025 05:00 PM,https://www.redfin.com/SC/Charleston/396-Culver-Ave-29407/home/68562885,Charleston Trident MLS,25020519,N,Y,32.7853567,-80.0286642
MLS Listing,,Single Family Residential,1531 Woodcrest Ave,Charleston,SC,29407,559000,3,1.5,Memminger Hall,1707,9583,1958,7,327,,Active,,,https://www.redfin.com/SC/Charleston/1531-Woodcrest-Ave-29407/home/87082208,Charleston Trident MLS,25020504,N,Y,32.8033747,-80.0097657
MLS Listing,,Single Family Residential,402 Topsail Ct,Charleston,SC,29492,750000,3,2.5,Landings at Sweetwater,2178,9147,2019,7,344,163,Active,August-3-2025 12:00 PM,August-3-2025 03:00 PM,https://www.redfin.com/SC/Charleston/402-Topsail-Ct-29492/home/164628718,Charleston Trident MLS,25020499,N,Y,32.8975182,-79.9142385
MLS Listing,,Single Family Residential,3043 Robeson Trce,Johns Island,SC,29455,773990,4,3.5,Indigo Grove,2525,5662,2025,7,307,62,Active,,,https://www.redfin.com/SC/Johns-Island/3043-Robeson-Trce-29455/home/196612958,Charleston Trident MLS,25020496,N,Y,32.7476196,-80.0322129
MLS Listing,,Condo/Co-op,4 Beaufain St #308,Charleston,SC,29401,1850000,2,2.5,Charleston,1879,,1875,7,985,1099,Active,,,https://www.redfin.com/SC/Charleston/4-Beaufain-St-29401/unit-308/home/108170765,Charleston Trident MLS,25020490,N,Y,32.7813256,-79.9339194
MLS Listing,,Single Family Residential,171 Cabrill Dr,Charleston,SC,29414,505000,3,2.5,Grand Oaks Plantation,1726,9147,2002,7,293,63,Active,,,https://www.redfin.com/SC/Charleston/171-Cabrill-Dr-29414/home/108095834,Charleston Trident MLS,25020486,N,Y,32.8416958,-80.0834586
MLS Listing,,Single Family Residential,865 Kirby Ct,Charleston,SC,29414,479900,3,2.5,Grand Oaks Plantation,1742,4356,2022,7,275,,Active,,,https://www.redfin.com/SC/Charleston/865-Kirby-Ct-29414/home/178223034,Charleston Trident MLS,25020482,N,Y,32.8203775,-80.1009141
MLS Listing,,Single Family Residential,1338 Garrison St,Charleston,SC,29412,540000,2,1.0,Secessionville,1000,16117,1965,7,540,,Active,,,https://www.redfin.com/SC/Charleston/1338-Garrison-St-29412/home/68749035,Charleston Trident MLS,25020478,N,Y,32.7004731,-79.9536974
MLS Listing,,Single Family Residential,1495 Woodview Ln,James Island,SC,29412,395000,3,1.0,Westchester,1050,8712,1966,7,376,,Active,,,https://www.redfin.com/SC/Charleston/1495-Woodview-Ln-29412/home/87084812,Charleston Trident MLS,25020136,N,Y,32.7117217,-79.9588986
MLS Listing,,Vacant Land,0 Sol Legare Rd,Charleston,SC,29412,160000,,,Sol Legare,,43560,,7,,,Active,,,https://www.redfin.com/SC/Charleston/State-Road-S-10-432-29412/home/173220103,Charleston Trident MLS,25020452,N,Y,32.678552,-79.970897
MLS Listing,,Multi-Family (2-4 Unit),462 3/4 Race St,Charleston,SC,29403,785000,4,2.0,Westside,,3049,1915,7,,,Active,,,https://www.redfin.com/SC/Charleston/462-3-4-Race-St-29403/home/108145954,Charleston Trident MLS,25020447,N,Y,32.7958867,-79.9526812
MLS Listing,,Condo/Co-op,2026 Telfair Way,Charleston,SC,29412,479000,3,2.0,Mira Vista,1416,,2001,7,338,779,Active,,,https://www.redfin.com/SC/Charleston/2026-Telfair-Way-29412/home/182663931,Charleston Trident MLS,25020330,N,Y,32.7534942,-79.9680551
MLS Listing,,Single Family Residential,1146 Browning Rd,Charleston,SC,29407,485000,3,2.0,East Oak Forest,1995,13068,1960,8,243,,Active,,,https://www.redfin.com/SC/Charleston/1146-Browning-Rd-29407/home/87096220,Charleston Trident MLS,25020441,N,Y,32.789306,-79.99674
MLS Listing,,Single Family Residential,19 Dewey St,Charleston,SC,29403,910000,4,3.5,North Central,1647,2613,2011,8,553,,Active,,,https://www.redfin.com/SC/Charleston/19-Dewey-St-29403/home/68910535,Charleston Trident MLS,25020427,N,Y,32.7999168,-79.9512606
MLS Listing,,Single Family Residential,110 Martins Point Dr,Wando,SC,29492,770000,4,3.0,The Cove at Martins Creek,2442,14374,2020,8,315,54,Active,August-3-2025 01:30 PM,August-3-2025 03:30 PM,https://www.redfin.com/SC/Charleston/110-Martins-Point-Dr-29492/home/164619332,Charleston Trident MLS,25019994,N,Y,32.9188533,-79.8779615
MLS Listing,,Condo/Co-op,2494 Etiwan Ave Unit B9,Charleston,SC,29414,169000,1,1.0,Melrose Park Townhomes,662,,1978,8,255,388,Active,,,https://www.redfin.com/SC/Charleston/2494-Etiwan-Ave-29414/unit-B9/home/193800845,Charleston Trident MLS,25020414,N,Y,32.7951951,-80.0517118
MLS Listing,,Condo/Co-op,14 Lockwood Dr Unit 1k,Charleston,SC,29401,255000,1,1.0,Ashley House,816,,1965,8,313,495,Active,,,https://www.redfin.com/SC/Charleston/14-Lockwood-Dr-29401/unit-1K/home/68891827,Charleston Trident MLS,25020409,N,Y,32.7805897,-79.9508782
MLS Listing,,Single Family Residential,1710 W Avalon Cir,Charleston,SC,29407,295000,3,2.5,Orange Grove Estates,936,10018,1959,8,315,,Active,,,https://www.redfin.com/SC/Charleston/1710-W-Avalon-Cir-29407/home/68849561,Charleston Trident MLS,25020404,N,Y,32.8111474,-80.0100648
MLS Listing,,Townhouse,36 Grove Ln,Daniel Island,SC,29492,1675000,3,3.5,Daniel Island Park,2838,6534,2006,8,590,504,Active,August-3-2025 01:00 PM,August-3-2025 03:00 PM,https://www.redfin.com/SC/Daniel-Island/36-Grove-Ln-29492/home/68555888,Charleston Trident MLS,25020010,N,Y,32.8736504,-79.9110473
MLS Listing,,Multi-Family (5+ Unit),13 & 15 Norman St,Charleston,SC,29403,1950000,,,Westside,,6969,1965,8,,,Active,,,https://www.redfin.com/SC/Charleston/13-Norman-St-29403/home/180251409,Charleston Trident MLS,25020361,N,Y,32.7890213,-79.9522444
MLS Listing,,Single Family Residential,3312 Hearthside Dr,Charleston,SC,29414,529000,4,2.5,The Willows,2400,10018,1993,8,220,22,Active,August-2-2025 11:00 AM,August-2-2025 03:00 PM,https://www.redfin.com/SC/Charleston/3312-Hearthside-Dr-29414/home/68630492,Charleston Trident MLS,25020356,N,Y,32.860429,-80.0794343
MLS Listing,,Vacant Land,0 Cane Slash Rd,Johns Island,SC,29455,157500,,,Johns Island,,21780,,8,,,Active,,,https://www.redfin.com/SC/Johns-Island/Cane-Slash-Rd-29455/home/87080947,Charleston Trident MLS,25020350,N,Y,32.735742,-80.042868
MLS Listing,,Condo/Co-op,700 Daniel Ellis Dr #9301,Charleston,SC,29412,260000,2,2.0,Peninsula,1068,,1998,8,243,470,Active,,,https://www.redfin.com/SC/Charleston/700-Daniel-Ellis-Dr-29412/unit-9301/home/108079805,Charleston Trident MLS,25020329,N,Y,32.7507626,-79.9674711
MLS Listing,,Single Family Residential,965 Main St,Charleston,SC,29407,395000,3,1.0,Maryville,936,10890,1965,8,422,,Active,August-2-2025 10:30 AM,August-2-2025 12:00 PM,https://www.redfin.com/SC/Charleston/965-Main-St-29407/home/68621092,Charleston Trident MLS,25020327,N,Y,32.7935315,-79.9846484
MLS Listing,,Condo/Co-op,1045 Ashley Gardens Blvd,Charleston,SC,29414,475000,3,3.0,Grand Oaks Plantation,1820,3049,2014,8,261,316,Active,August-3-2025 12:00 PM,August-3-2025 03:00 PM,https://www.redfin.com/SC/Charleston/1045-Ashley-Garden-Blvd-29414/home/108079881,Charleston Trident MLS,25020324,N,Y,32.8350036,-80.0902121
MLS Listing,,Single Family Residential,1103 Byron Rd,Charleston,SC,29407,695000,4,2.0,East Oak Forest Ext,1914,10890,1965,8,363,,Active,,,https://www.redfin.com/SC/Charleston/1103-Byron-Rd-29407/home/68885330,Charleston Trident MLS,25020317,N,Y,32.79087,-79.9944882
MLS Listing,,Condo/Co-op,1836 Mepkin Rd Unit D7,Charleston,SC,29407,222000,2,1.5,Mepkin Place,1008,871,1975,8,220,,Active,,,https://www.redfin.com/SC/Charleston/1836-Mepkin-Rd-29407/unit-D7/home/68869513,Charleston Trident MLS,25020316,N,Y,32.8127432,-80.0221109
MLS Listing,,Single Family Residential,1705 Bella Terra Ln,Charleston,SC,29412,399950,3,2.0,Heritage Village,1144,6098,2018,8,350,,Active,,,https://www.redfin.com/SC/Charleston/1705-Bella-Terra-Ln-29412/home/145328871,Charleston Trident MLS,25020312,N,Y,32.7318311,-79.9804529
MLS Listing,,Single Family Residential,8899 Salamander Rd,North Charleston,SC,29406,500000,3,2.5,Deer Park,1401,15245,1973,8,357,,Active,,,https://www.redfin.com/SC/North-Charleston/8899-Salamander-Rd-29406/home/87088500,Charleston Trident MLS,25020311,N,Y,32.966966,-80.072034
MLS Listing,,Single Family Residential,1617 Southwick Dr,Johns Island,SC,29455,529900,3,2.0,Fenwick Hills,1600,16117,2015,8,331,,Active,,,https://www.redfin.com/SC/Johns-Island/1617-Southwick-Dr-29455/home/68549260,Charleston Trident MLS,25020308,N,Y,32.7339689,-80.0717833
MLS Listing,,Single Family Residential,1695 Sparkleberry Ln,Johns Island,SC,29455,625000,3,2.5,Whitney Lake,2214,4356,2017,8,282,57,Active,August-2-2025 10:00 AM,August-2-2025 12:00 PM,https://www.redfin.com/SC/Johns-Island/1695-Sparkleberry-Ln-29455/home/113409895,Charleston Trident MLS,25020210,N,Y,32.7472568,-80.0551264
MLS Listing,,Single Family Residential,2416 Jasper Patterson Dr,Johns Island,SC,29455,765000,3,2.5,Stonoview,2184,6098,2018,8,350,,Active,,,https://www.redfin.com/SC/Unknown/Unknown-29455/home/145653931,Charleston Trident MLS,25020139,N,Y,32.7302,-80.0246
MLS Listing,,Condo/Co-op,400 Bucksley Ln #307,Daniel Island,SC,29492,435000,2,1.0,254 Seven Farms Drive,858,,2005,9,507,366,Active,,,https://www.redfin.com/SC/Daniel-Island/400-Bucksley-Ln-29492/unit-307/home/68578658,Charleston Trident MLS,25020303,N,Y,32.8604844,-79.9110797
MLS Listing,,Condo/Co-op,2182 Bees Ferry Rd Unit H,Charleston,SC,29414,215000,2,2.0,Dovefield,850,,1985,9,253,225,Active,,,https://www.redfin.com/SC/Charleston/2182-Bees-Ferry-Rd-29414/unit-H/home/145694585,Charleston Trident MLS,25020282,N,Y,32.8408505,-80.0641133
MLS Listing,,Single Family Residential,1764 Ashworth Ln,James Island,SC,29412,595000,3,2.0,Queensborough,1974,16552,1966,9,301,,Active,,,https://www.redfin.com/SC/Charleston/1764-Ashworth-Ln-29412/home/108161492,Charleston Trident MLS,25019942,N,Y,32.724583,-79.9716022
MLS Listing,,Townhouse,810 Kings Oak Ct #8,Charleston,SC,29492,650000,3,2.5,Governors Cay,1956,,2021,9,332,412,Active,,,https://www.redfin.com/SC/Daniel-Island/810-Kings-Oak-Ct-29492/unit-8/home/175013200,Charleston Trident MLS,25020271,N,Y,32.8820923,-79.9263517
MLS Listing,,Single Family Residential,2419 Jasper Patterson Dr,Johns Island,SC,29455,925000,5,3.5,Stonoview,2867,6534,2018,9,323,131,Active,,,https://www.redfin.com/SC/Johns-Island/2419-Jasper-Patterson-Dr-29455/home/167867010,Charleston Trident MLS,25020264,N,Y,32.7319005,-80.0198907
MLS Listing,,Townhouse,574 Mclernon Trce,Johns Island,SC,29455,367400,3,2.5,Marshview Commons,1753,3920,2019,9,210,411,Active,August-2-2025 11:00 AM,August-2-2025 01:00 PM,https://www.redfin.com/SC/Johns-Island/574-McLernon-Trce-29455/home/172066599,Charleston Trident MLS,25020260,N,Y,32.7990898,-80.1118927
MLS Listing,,Condo/Co-op,45 Sycamore Ave #1635,Charleston,SC,29407,340000,2,1.0,Concord West of The Ashley,893,,1999,9,381,358,Active,,,https://www.redfin.com/SC/Charleston/45-Sycamore-Ave-29407/unit-1635/home/68894292,Charleston Trident MLS,25020258,N,Y,32.7868029,-79.9890635
MLS Listing,,Single Family Residential,170 Spring St,Charleston,SC,29403,2800000,8,8.5,Cannonborough-Elliotborough,2960,3049,1940,9,946,,Active,,,https://www.redfin.com/SC/Charleston/170-Spring-St-29403/home/68937715,Charleston Trident MLS,25020251,N,Y,32.7887151,-79.9507856
MLS Listing,,Single Family Residential,308 Indigo Planters Ln,Charleston,SC,29492,565000,3,2.0,Nelliefield Plantation,1956,6534,2014,9,289,83,Active,August-3-2025 01:00 PM,August-3-2025 03:00 PM,https://www.redfin.com/SC/Charleston/308-Indigo-Planters-Ln-29492/home/68624875,Charleston Trident MLS,25020221,N,Y,32.9236516,-79.8526922
MLS Listing,,Condo/Co-op,60 Fenwick Hall Aly #524,Johns Island,SC,29455,289900,1,1.0,Twelve Oaks,816,,2002,9,355,223,Active,August-2-2025 11:00 AM,August-2-2025 01:00 PM,https://www.redfin.com/SC/Johns-Island/60-Fenwick-Hall-Allee-29455/unit-524/home/108186449,Charleston Trident MLS,25020208,N,Y,32.7505916,-80.0343835
MLS Listing,,Single Family Residential,1767 Santee St,Charleston,SC,29412,475000,2,1.0,Centerville,1295,14810,1956,10,367,,Active,,,https://www.redfin.com/SC/Charleston/1767-Santee-St-29412/home/68881058,Charleston Trident MLS,25020194,N,Y,32.7392056,-79.9713419
MLS Listing,,Single Family Residential,1153 Pauline Ave,Charleston,SC,29412,624900,3,2.0,Mccalls Corner,1319,17859,1955,10,474,,Active,,,https://www.redfin.com/SC/Charleston/1153-Pauline-Ave-29412/home/68750124,Charleston Trident MLS,25020179,N,Y,32.7237092,-79.9647247
MLS Listing,,Single Family Residential,43 Dalton St,Daniel Island,SC,29492,3100000,5,5.0,Daniel Island Park,4747,16552,2004,10,653,90,Active,,,https://www.redfin.com/SC/Daniel-Island/43-Dalton-St-29492/home/68554152,Charleston Trident MLS,25020163,N,Y,32.8724523,-79.91288
MLS Listing,,Single Family Residential,1529 Fishbone Dr,Johns Island,SC,29455,633000,5,2.5,Fenwick Woods,2583,9147,2018,10,245,46,Active,,,https://www.redfin.com/SC/Johns-Island/1529-Fishbone-Dr-29455/home/113409927,Charleston Trident MLS,25019706,N,Y,32.7382275,-80.0709901
MLS Listing,,Condo/Co-op,1037 Ashley Garden Blvd,Charleston,SC,29414,485000,3,3.5,Grand Oaks Plantation,1874,3049,2014,10,259,309,Active,August-3-2025 12:00 PM,August-3-2025 03:00 PM,https://www.redfin.com/SC/Charleston/1037-Ashley-Garden-Blvd-29414/home/108122620,Charleston Trident MLS,25020130,N,Y,32.834672,-80.090207
MLS Listing,,Condo/Co-op,33 Pitt St #9,Charleston,SC,29401,389000,1,1.0,Harleston Village,384,,1849,10,1013,360,Active,,,https://www.redfin.com/SC/Charleston/33-Pitt-St-29401/unit-9/home/68706169,Charleston Trident MLS,25019869,N,Y,32.7823559,-79.9401033
MLS Listing,,Single Family Residential,232 Congress St,Charleston,SC,29403,1999999,5,4.5,Hampton Park Terrace,2769,4791,1929,11,722,,Active,,,https://www.redfin.com/SC/Charleston/232-Congress-St-29403/home/68853897,Charleston Trident MLS,25020103,N,Y,32.7961483,-79.9539228
MLS Listing,,Single Family Residential,1647 Sulgrave Rd,Charleston,SC,29414,669000,4,3.0,Forest Lakes,2900,12196,1978,11,231,,Active,,,https://www.redfin.com/SC/Charleston/1647-Sulgrave-Rd-29414/home/108129540,Charleston Trident MLS,25020101,N,Y,32.8136413,-80.0478738
MLS Listing,,Single Family Residential,1 Blackwatch Ct,Charleston,SC,29414,589000,3,2.5,Shadowmoss,2018,15681,1985,11,292,,Active,,,https://www.redfin.com/SC/Charleston/1-Blackwatch-Ct-29414/home/68568810,Charleston Trident MLS,25020100,N,Y,32.8460182,-80.0733762
MLS Listing,,Single Family Residential,1024 Greenhill Rd,Charleston,SC,29412,599990,3,2.0,Royal,1525,10890,2024,11,393,,Active,,,https://www.redfin.com/SC/Charleston/1024-Greenhill-Rd-29412/home/196518151,Charleston Trident MLS,25020084,N,Y,32.7306031,-79.9366552
MLS Listing,,Condo/Co-op,415 Parkdale Dr Unit 4b,Charleston,SC,29414,240000,2,1.5,Carolina Cove,868,,1973,11,276,508,Active,,,https://www.redfin.com/SC/Charleston/415-Parkdale-Dr-29414/unit-4B/home/68678580,Charleston Trident MLS,25020070,N,Y,32.7848482,-80.0441536
MLS Listing,,Townhouse,255 Kelsey Blvd,Wando,SC,29492,425000,3,2.5,Beresford Commons,1745,,2005,11,244,448,Active,,,https://www.redfin.com/SC/Charleston/255-Kelsey-Blvd-29492/home/68847124,Charleston Trident MLS,25020067,N,Y,32.8971334,-79.9155548
MLS Listing,,Condo/Co-op,204 Little Oak Island Dr,Folly Beach,SC,29439,589000,2,2.0,Little Oak Island,1200,,1983,11,491,1355,Active,,,https://www.redfin.com/SC/Folly-Beach/204-Little-Oak-Island-Dr-29439/home/174394620,Charleston Trident MLS,25020045,N,Y,32.6695686,-79.9396887
MLS Listing,,Single Family Residential,43 N Enston Ave,Charleston,SC,29403,1249999,5,2.5,North Central,1920,4791,1929,11,651,,Active,,,https://www.redfin.com/SC/Charleston/43-N-Enston-Ave-29403/home/68692278,Charleston Trident MLS,25019938,N,Y,32.8122825,-79.9534108
MLS Listing,,Single Family Residential,2919 Conservancy Ln,Charleston,SC,29414,539500,3,2.0,Carolina Bay,1919,10890,2016,11,281,60,Active,,,https://www.redfin.com/SC/Charleston/2919-Conservancy-Ln-29414/home/113364476,Charleston Trident MLS,25020042,N,Y,32.8077871,-80.0884791
MLS Listing,,Single Family Residential,1108 Colossians Court Ct,Johns Island,SC,29455,329900,3,1.5,Brownswood Place,1186,10890,2008,12,278,25,Active,,,https://www.redfin.com/SC/Johns-Island/1108-Colossians-Ct-29455/home/108178663,Charleston Trident MLS,25019760,N,Y,32.7462769,-80.0648926
MLS Listing,,Single Family Residential,7006 Alpine Bay Ln,Johns Island,SC,29455,916819,4,3.5,Miller's Crossing,2827,10018,2025,13,324,,Active,,,https://www.redfin.com/SC/Johns-Island/7006-Alpine-Bay-LN-29455/home/196505926,Charleston Trident MLS,25019991,N,Y,32.695117,-80.013044
MLS Listing,,Single Family Residential,1624 Wigeon Ln,Charleston,SC,29412,679000,3,2.0,Riverfront,1498,6534,2006,13,453,,Active,,,https://www.redfin.com/SC/Charleston/1624-Wigeon-Ln-29412/home/68812368,Charleston Trident MLS,25019695,N,Y,32.6886838,-79.9563753
MLS Listing,,Single Family Residential,718 Parish Rd,Charleston,SC,29407,725000,4,4.0,Moreland,2428,8712,1952,13,299,,Active,,,https://www.redfin.com/SC/Charleston/718-Parish-Rd-29407/home/182765668,Charleston Trident MLS,25019983,N,Y,32.7837701,-79.9775539
MLS Listing,,Condo/Co-op,2305 Treescape Dr #7,Charleston,SC,29414,245900,2,2.0,Ashleytowne Village,1070,,1984,13,230,309,Active,,,https://www.redfin.com/SC/Charleston/2305-Treescape-Dr-29414/unit-7/home/68908649,Charleston Trident MLS,25019955,N,Y,32.8428642,-80.0530373
MLS Listing,,Single Family Residential,513 Hainesworth Dr,Charleston,SC,29414,444000,3,2.0,Grand Oaks Plantation,1554,7840,2002,14,286,38,Active,,,https://www.redfin.com/SC/Charleston/513-Hainsworth-Dr-29414/home/87091624,Charleston Trident MLS,25019941,N,Y,32.8373905,-80.0825507
MLS Listing,,Single Family Residential,1632 N Relyea Ave,Charleston,SC,29412,1975000,5,4.0,Clarks Point,3328,18730,1988,14,593,,Active,,,https://www.redfin.com/SC/Charleston/1632-Relyea-Ave-29412/home/108140759,Charleston Trident MLS,25019936,N,Y,32.7375603,-79.9530449
MLS Listing,,Condo/Co-op,177 Claret Cup Way,Charleston,SC,29414,451000,4,2.5,Verdier Pointe,1778,3049,2025,14,254,70,Active,,,https://www.redfin.com/SC/Charleston/177-Claret-Cup-Way-29414/home/196500561,Charleston Trident MLS,25019935,N,Y,32.8214978,-80.0964872
MLS Listing,,Condo/Co-op,491 Queenview Ln,Charleston,SC,29414,444000,3,2.5,Verdier Pointe,1516,3484,2025,14,293,70,Active,,,https://www.redfin.com/SC/Charleston/491-Queenview-Ln-29414/home/195179053,Charleston Trident MLS,25019932,N,Y,32.8214025,-80.096905
MLS Listing,,Single Family Residential,1540 Fort Johnson Rd,Charleston,SC,29412,549900,3,2.0,James Island,1278,5227,1955,14,430,,Active,,,https://www.redfin.com/SC/Charleston/1540-Fort-Johnson-Rd-29412/home/68912233,Charleston Trident MLS,25019926,N,Y,32.7189559,-79.9623841
MLS Listing,,Single Family Residential,1462 Harborsun Dr,Charleston,SC,29412,1735000,4,3.5,Wexford Sound,2714,8712,2000,14,639,15,Active,,,https://www.redfin.com/SC/Charleston/1462-Harborsun-Dr-29412/home/68963500,Charleston Trident MLS,25019923,N,Y,32.7147208,-79.9487709
MLS Listing,,Single Family Residential,786 Rutledge Ave Unit C,Charleston,SC,29403,950000,3,2.5,Wagener Terrace,1400,6969,2023,14,679,100,Active,August-2-2025 10:00 AM,August-2-2025 12:00 PM,https://www.redfin.com/SC/Charleston/786-Rutledge-Ave-29403/unit-C/home/180080830,Charleston Trident MLS,25019903,N,Y,32.8054592,-79.9534461
MLS Listing,,Condo/Co-op,118 Howard Mary Dr Unit 118b,Charleston,SC,29412,750000,3,3.0,Sable On The Marsh,1664,,2019,14,451,610,Active,,,https://www.redfin.com/SC/Charleston/118-Howard-Mary-Dr-29412/unit-118B/home/113409458,Charleston Trident MLS,25019898,N,Y,32.685188,-79.9579456
MLS Listing,,Single Family Residential,1813 Rushland Grove Ln,Johns Island,SC,29455,1374900,4,3.0,Rushland,3164,12632,2018,14,435,146,Active,August-2-2025 11:00 AM,August-2-2025 01:00 PM,https://www.redfin.com/SC/Johns-Island/1813-Rushland-Grove-Ln-29455/home/68943724,Charleston Trident MLS,25019896,N,Y,32.7660093,-80.0404655
MLS Listing,,Single Family Residential,1639 Seabago Dr,Charleston,SC,29414,542000,3,2.5,Boltons Landing,1872,6534,2013,14,290,44,Active,,,https://www.redfin.com/SC/Charleston/1639-Seabago-Dr-29414/home/68714846,Charleston Trident MLS,25019879,N,Y,32.8110875,-80.101813
MLS Listing,,Single Family Residential,6 Kirkland Ln,Charleston,SC,29401,1775000,4,4.5,Charleston,2196,2178,2015,14,808,,Active,,,https://www.redfin.com/SC/Charleston/6-Kirkland-Ln-29401/home/164639001,Charleston Trident MLS,25019867,N,Y,32.780273,-79.9376559
MLS Listing,,Townhouse,506 Helmsman St,Daniel Island,SC,29492,2049000,3,3.5,Daniel Island,3476,,2021,14,589,2500,Active,August-6-2025 11:00 AM,August-6-2025 01:00 PM,https://www.redfin.com/SC/Daniel-Island/506-Helmsman-St-29492/home/180583338,Charleston Trident MLS,25019560,N,Y,32.8558786,-79.904429
MLS Listing,,Single Family Residential,2829 Cavalcade Cir,Johns Island,SC,29455,640000,4,2.5,River Glen,2565,7840,2020,14,250,75,Active,August-2-2025 12:00 PM,August-2-2025 02:00 PM,https://www.redfin.com/SC/Johns-Island/2829-Cavalcade-CIR-29455/home/173308621,Charleston Trident MLS,25019863,N,Y,32.764369,-80.069718
MLS Listing,,Single Family Residential,46.5 Cooper St,Charleston,SC,29403,949990,3,2.5,Eastside,1650,1306,2025,14,576,177,Active,,,https://www.redfin.com/SC/Charleston/46-Cooper-St-29403/home/68792202,Charleston Trident MLS,25019862,N,Y,32.7988982,-79.9373629
MLS Listing,,Single Family Residential,644 Cloudbreak Ct,Charleston,SC,29412,925000,4,2.5,Cloudbreak Court,2408,8276,2006,14,384,50,Active,August-2-2025 02:00 PM,August-2-2025 04:00 PM,https://www.redfin.com/SC/Charleston/644-Cloudbreak-Ct-29412/home/68930192,Charleston Trident MLS,25019859,N,Y,32.7471135,-79.9901864
MLS Listing,,Single Family Residential,169 Fishburne St,Charleston,SC,29403,859000,4,2.5,Westside,1873,2613,1935,14,459,,Active,,,https://www.redfin.com/SC/Charleston/169-Fishburne-St-29403/home/68548735,Charleston Trident MLS,25019857,N,Y,32.7940476,-79.9497775
MLS Listing,,Single Family Residential,4 Addison St,Charleston,SC,29403,695000,3,2.0,Charleston,1126,1742,1920,14,617,,Active,,,https://www.redfin.com/SC/Charleston/4-Addison-St-29403/home/87086478,Charleston Trident MLS,25019849,N,Y,32.8062421,-79.947425
MLS Listing,,Condo/Co-op,5 Gadsdenboro St #501,Charleston,SC,29401,1395000,2,2.0,Gadsdenboro,1184,,2018,14,1178,1136,Active,,,https://www.redfin.com/SC/Charleston/5-Gadsdenboro-St-29401/unit-501/home/170111274,Charleston Trident MLS,25019763,N,Y,32.7871692,-79.927534
MLS Listing,,Single Family Residential,119 Sandshell Dr,Charleston,SC,29492,1037000,4,3.5,Shellring at St Thomas Island,3053,7405,2007,15,340,138,Active,,,https://www.redfin.com/SC/Charleston/119-Sandshell-Dr-29492/home/68722989,Charleston Trident MLS,25019842,N,Y,32.8706485,-79.9278692
MLS Listing,,Single Family Residential,32 Middleton Oaks Rd,Charleston,SC,29414,1299000,4,2.5,Middleton Oaks,2913,69696,2020,15,446,46,Active,,,https://www.redfin.com/SC/Charleston/32-Middleton-Oaks-Rd-29414/home/68942954,Charleston Trident MLS,25019828,N,Y,32.891051,-80.1259886
MLS Listing,,Multi-Family (2-4 Unit),69 Congress St Unit A&B,Charleston,SC,29403,1175000,4,2.0,Charleston,1672,2613,1942,15,703,,Active,,,https://www.redfin.com/SC/Charleston/69-Congress-St-29403/unit-A-B/home/77299322,Charleston Trident MLS,25019824,N,Y,32.7994679,-79.9465781
MLS Listing,,Single Family Residential,125 Tradd St,Charleston,SC,29401,12000000,5,5.0,South of Broad,5442,10454,1805,15,2205,,Active,,,https://www.redfin.com/SC/Charleston/125-Tradd-St-29401/home/68807916,Charleston Trident MLS,25019811,N,Y,32.7740744,-79.9348752
MLS Listing,,Single Family Residential,644 Stoneboro Ct,Charleston,SC,29412,845000,4,2.5,Stoneboro Shores,2616,10018,2007,15,323,24,Active,,,https://www.redfin.com/SC/Charleston/644-Stoneboro-Ct-29412/home/68737463,Charleston Trident MLS,25019809,N,Y,32.7464337,-79.9953513
MLS Listing,,Condo/Co-op,700 Daniel Ellis Dr #8106,Charleston,SC,29412,374000,2,2.0,The Peninsula Condominiums,1170,,1998,15,320,542,Active,,,https://www.redfin.com/SC/Charleston/700-Daniel-Ellis-Dr-29412/unit-8106/home/108088644,Charleston Trident MLS,25019244,N,Y,32.7507626,-79.9674711
MLS Listing,,Single Family Residential,713 Lake Frances Dr,Charleston,SC,29412,950000,4,3.0,Lakeshore Commons,2313,15245,1987,15,411,7,Active,,,https://www.redfin.com/SC/Charleston/713-Lake-Frances-Dr-29412/home/108102351,Charleston Trident MLS,25019774,N,Y,32.7460935,-79.9377909
MLS Listing,,Condo/Co-op,45 Sycamore Ave #811,Charleston,SC,29407,400000,3,2.0,Concord West of The Ashley,1223,,1999,15,327,976,Active,,,https://www.redfin.com/SC/Charleston/45-Sycamore-Ave-29407/unit-811/home/68885479,Charleston Trident MLS,25019773,N,Y,32.7868029,-79.9890635
MLS Listing,,Condo/Co-op,35 Society Unit H,Charleston,SC,29401,499000,1,1.0,Ansonborough,585,,1850,15,853,572,Active,,,https://www.redfin.com/SC/Charleston/35-Society-St-29401/unit-H/home/102797088,Charleston Trident MLS,25019771,N,Y,32.7847114,-79.9300828
MLS Listing,,Condo/Co-op,35 Society St Unit D,Charleston,SC,29401,899000,2,1.0,Ansonborough,1060,,1850,15,848,1037,Active,,,https://www.redfin.com/SC/Charleston/35-Society-St-29401/unit-D/home/102797093,Charleston Trident MLS,25019768,N,Y,32.7847114,-79.9300828
MLS Listing,,Single Family Residential,311 Coki Amalie Ct,Wando,SC,29492,965000,4,2.5,St. Thomas Preserve,2338,5662,2019,15,413,117,Active,,,https://www.redfin.com/SC/Charleston/311-Coki-Amalie-Ct-29492/home/164642218,Charleston Trident MLS,25019756,N,Y,32.869271,-79.9325369
MLS Listing,,Condo/Co-op,1608 Whitby Ln,Charleston,SC,29414,304900,2,2.0,Grand Oaks Plantation,1320,,2004,15,231,349,Active,,,https://www.redfin.com/SC/Charleston/1608-Whitby-Ln-29414/home/182882817,Charleston Trident MLS,25019743,N,Y,32.8408569,-80.0890752
MLS Listing,,Single Family Residential,12 Poinsett St,Charleston,SC,29403,449000,4,3.0,North Central,1209,3920,1910,15,371,,Active,,,https://www.redfin.com/SC/Charleston/12-Poinsett-St-29403/home/108143744,Charleston Trident MLS,25019735,N,Y,32.8055062,-79.9476011
MLS Listing,,Single Family Residential,1193 River Rd,Johns Island,SC,29455,1499000,3,2.0,Riverview Farms,2230,109771,2016,15,672,,Active,,,https://www.redfin.com/SC/Johns-Island/1193-River-Rd-29455/home/68990268,Charleston Trident MLS,25019723,N,Y,32.7660214,-80.0635419
MLS Listing,,Single Family Residential,2632 Ridgewood Ave,Charleston,SC,29414,399999,3,1.0,Springfield,1029,13503,1961,15,389,,Active,,,https://www.redfin.com/SC/Charleston/2632-Ridgewood-Ave-29414/home/108037904,Charleston Trident MLS,25019380,N,Y,32.8361454,-80.0542018
MLS Listing,,Single Family Residential,475 Woodland Shores Rd,Charleston,SC,29412,769000,3,2.5,Woodland Shores,1799,10890,2021,15,427,,Active,August-2-2025 12:00 PM,August-2-2025 02:00 PM,https://www.redfin.com/SC/Charleston/475-Woodland-Shores-Rd-29412/home/174523229,Charleston Trident MLS,25019395,N,Y,32.75183,-79.989396
MLS Listing,,Single Family Residential,253 Muirfield Pkwy,Charleston,SC,29414,385000,3,2.0,Shadowmoss,1345,6969,1996,16,286,18,Active,,,https://www.redfin.com/SC/Charleston/253-Muirfield-Pkwy-29414/home/68631995,Charleston Trident MLS,25019718,N,Y,32.8534832,-80.0768596
MLS Listing,,Single Family Residential,3321 Middleburry Ln,Charleston,SC,29414,484500,3,2.5,Village Green,1730,7840,1997,16,280,36,Active,,,https://www.redfin.com/SC/Charleston/3321-Middleburry-Ln-29414/home/68570128,Charleston Trident MLS,25019593,N,Y,32.8539381,-80.0831039
MLS Listing,,Single Family Residential,1705 Ancient Oaks Ln,Johns Island,SC,29455,1549000,5,5.0,Rushland Plantation,3735,23522,2024,16,415,145,Active,August-2-2025 10:30 AM,August-2-2025 12:00 PM,https://www.redfin.com/SC/Johns-Island/1705-Ancient-Oaks-Ln-29455/home/108050647,Charleston Trident MLS,25019667,N,Y,32.767001,-80.040682
MLS Listing,,Single Family Residential,131 Balfour Dr,Daniel Island,SC,29492,3780000,5,4.5,Daniel Island Park,4836,12632,2003,16,782,90,Active,,,https://www.redfin.com/SC/Daniel-Island/131-Balfour-Dr-29492/home/68864722,Charleston Trident MLS,25019653,N,Y,32.8805608,-79.9087295
MLS Listing,,Townhouse,11 Harleston Pl,Charleston,SC,29401,1375000,3,3.0,Harleston Place,2116,2178,1984,16,650,300,Active,,,https://www.redfin.com/SC/Charleston/11-Harleston-Pl-29401/home/68633341,Charleston Trident MLS,25019652,N,Y,32.7767842,-79.9457126
MLS Listing,,Condo/Co-op,2233 Egret Crest Ln,Charleston,SC,29414,309000,2,2.0,The Colony at Heron Reserve,1155,,2006,16,268,300,Active,,,https://www.redfin.com/SC/Charleston/2233-Egret-Crest-Ln-29414/home/185928882,Charleston Trident MLS,25019646,N,Y,32.814439,-80.061821
MLS Listing,,Single Family Residential,958 Battery Ave,Charleston,SC,29407,345000,2,1.0,Maryville,1000,4356,1958,16,345,,Active,,,https://www.redfin.com/SC/Charleston/958-Battery-Ave-29407/home/108102433,Charleston Trident MLS,25019600,N,Y,32.7948015,-79.9884494
MLS Listing,,Condo/Co-op,1402 Camp Rd Unit 12f,Charleston,SC,29412,245000,1,1.0,Point James,722,,1974,17,339,,Active,,,https://www.redfin.com/SC/Charleston/1402-Camp-Rd-29412/unit-12F/home/68906359,Charleston Trident MLS,25019549,N,Y,32.7305257,-79.9566774
MLS Listing,,Condo/Co-op,826 Curved Creek Ct,Charleston,SC,29412,1479000,3,3.5,Charleston,2063,,2025,17,717,950,Active,,,https://www.redfin.com/SC/Charleston/1175-Folly-Rd-29412/home/196419298,Charleston Trident MLS,25019514,N,Y,32.7239817,-79.9679635
MLS Listing,,Single Family Residential,39 Wolk Dr,Charleston,SC,29414,524900,4,2.5,Shadowmoss,1838,8276,1991,17,286,,Active,,,https://www.redfin.com/SC/Charleston/39-Wolk-Dr-29414/home/68680826,Charleston Trident MLS,25019509,N,Y,32.8360582,-80.0677642
MLS Listing,,Single Family Residential,1122 King St,Charleston,SC,29403,725000,3,1.0,Charleston,1397,4356,1930,17,519,,Active,,,https://www.redfin.com/SC/Charleston/1122-King-St-29403/home/108065985,Charleston Trident MLS,25019503,N,Y,32.807842,-79.9508482
MLS Listing,,Single Family Residential,6204 Fieldstone Cir,Charleston,SC,29414,460000,3,2.0,Village Green,1794,10454,2001,17,256,,Active,,,https://www.redfin.com/SC/Charleston/6204-Fieldstone-Cir-29414/home/68731014,Charleston Trident MLS,25019501,N,Y,32.851143,-80.0889246
MLS Listing,,Condo/Co-op,301 Longshore St #423,Charleston,SC,29492,1699950,2,2.0,Daniel Island,1946,,2021,17,874,,Active,,,https://www.redfin.com/SC/Daniel-Island/301-Longshore-St-29492/unit-423/home/174759234,Charleston Trident MLS,25019493,N,Y,32.8558371,-79.903916
MLS Listing,,Single Family Residential,5 Jasper St,Charleston,SC,29403,989000,5,2.0,Radcliffeborough,1640,1742,1852,17,603,,Active,,,https://www.redfin.com/SC/Charleston/5-Jasper-St-29403/home/68910781,Charleston Trident MLS,25019491,N,Y,32.7879878,-79.9430868
MLS Listing,,Single Family Residential,6322 Brandt St,North Charleston,SC,29406,110000,3,,Aichele Terrace,1316,18295,1963,18,84,,Active,,,https://www.redfin.com/SC/North-Charleston/6322-Brandt-St-29406/home/108164552,Charleston Trident MLS,25019478,N,Y,32.9167689,-80.0214193
MLS Listing,,Single Family Residential,175 1/2 Wentworth St,Charleston,SC,29401,3899000,4,4.5,Harleston Village,4339,4791,1983,18,899,,Active,,,https://www.redfin.com/SC/Charleston/175-1-2-Wentworth-St-29401/home/196370851,Charleston Trident MLS,25019442,N,Y,32.7785006,-79.9436188
MLS Listing,,Condo/Co-op,2395 Folly Rd Unit 4f,Folly Beach,SC,29439,619000,3,3.0,Turn of River,1477,,2000,18,419,1100,Active,,,https://www.redfin.com/SC/Folly-Beach/2395-Folly-Rd-29439/unit-4F/home/108141936,Charleston Trident MLS,25019430,N,Y,32.66276,-79.944658
MLS Listing,,Condo/Co-op,2024 Egret Crest Ln,Charleston,SC,29414,275000,2,2.0,The Colony at Heron Reserve,964,,2006,18,285,230,Active,,,https://www.redfin.com/SC/Charleston/2024-Egret-Crest-Ln-29414/home/182772218,Charleston Trident MLS,25019417,N,Y,32.814439,-80.061821
MLS Listing,,Single Family Residential,1660 Boyd N Hayes Rd,Johns Island,SC,29455,985000,3,3.0,Johns Island,2204,405543,1979,18,447,,Active,,,https://www.redfin.com/SC/Johns-Island/1660-Boyd-N-Hayes-Rd-29455/home/87080355,Charleston Trident MLS,25019404,N,Y,32.727709,-80.079096
MLS Listing,,Single Family Residential,1582 Teal Marsh Rd,Charleston,SC,29412,1050000,3,2.0,Riverfront,1482,7840,1990,18,709,,Active,,,https://www.redfin.com/SC/Charleston/1582-Teal-Marsh-Rd-29412/home/68679395,Charleston Trident MLS,25019403,N,Y,32.6912249,-79.9541634
MLS Listing,,Single Family Residential,56 Warren St,Charleston,SC,29403,2250000,3,2.5,Radcliffeborough,2078,2613,1885,18,1083,,Active,,,https://www.redfin.com/SC/Charleston/56-Warren-St-29403/home/68605833,Charleston Trident MLS,25019398,N,Y,32.7873769,-79.9412385
MLS Listing,,Single Family Residential,460 Trapier Dr,Charleston,SC,29412,1250000,4,3.5,Fort Johnson Estates,2890,17424,1965,19,433,,Active,,,https://www.redfin.com/SC/Charleston/460-Trapier-Dr-29412/home/68745992,Charleston Trident MLS,25019388,N,Y,32.7448084,-79.9080101
MLS Listing,,Vacant Land,550 Towles Crossing Dr,Johns Island,SC,29455,549900,,,Opti Isle,,29185,,19,,125,Active,,,https://www.redfin.com/SC/Johns-Island/550-Towles-Crossing-Dr-29455/home/108181334,Charleston Trident MLS,25019387,N,Y,32.795397,-80.130405
MLS Listing,,Single Family Residential,371 Cabrill Dr,Charleston,SC,29414,485000,3,2.0,Grand Oaks Plantation,1724,11325,2002,19,281,63,Active,,,https://www.redfin.com/SC/Charleston/371-Cabrill-Dr-29414/home/108075027,Charleston Trident MLS,25019383,N,Y,32.8417428,-80.0884793
MLS Listing,,Single Family Residential,511 Yellow House Pl,Charleston,SC,29492,1445000,4,2.5,Yellow House Place,3020,40510,1998,19,478,50,Active,,,https://www.redfin.com/SC/Charleston/511-Yellow-House-Pl-29492/home/68823741,Charleston Trident MLS,25019369,N,Y,32.9020135,-79.9268521
MLS Listing,,Single Family Residential,899 Melrose Dr,Charleston,SC,29414,525000,3,2.0,Melrose,1462,11761,1972,20,359,,Active,,,https://www.redfin.com/SC/Charleston/899-Melrose-Dr-29414/home/87080910,Charleston Trident MLS,25019344,N,Y,32.8016191,-80.0469706
MLS Listing,,Single Family Residential,1515 Bower Ln,Johns Island,SC,29455,1425000,4,3.5,Rushland Plantation,3226,19602,2022,20,442,151,Active,,,https://www.redfin.com/SC/Johns-Island/1515-Bower-Ln-29455/home/68968300,Charleston Trident MLS,25019325,N,Y,32.7691308,-80.0433525
MLS Listing,,Single Family Residential,1637 Falmouth St,Charleston,SC,29407,538250,3,2.0,Ashley Hall Manor,1400,12632,1964,20,384,,Active,,,https://www.redfin.com/SC/Charleston/1637-Falmouth-St-29407/home/68888501,Charleston Trident MLS,25019297,N,Y,32.809531,-80.0091832
MLS Listing,,Single Family Residential,1847 Mepkin Rd,Charleston,SC,29407,505000,4,2.0,West Ashley Plantation,1500,9583,1968,21,337,,Active,,,https://www.redfin.com/SC/Charleston/1847-Mepkin-Rd-29407/home/68621762,Charleston Trident MLS,25019305,N,Y,32.8134587,-80.0221429
MLS Listing,,Townhouse,816 Porcari St,Charleston,SC,29412,550000,3,2.5,Harborwalk,1644,2613,2019,21,335,260,Active,,,https://www.redfin.com/SC/Charleston/816-Porcari-ST-29412/home/160629716,Charleston Trident MLS,25019279,N,Y,32.741187,-79.936957
MLS Listing,,Single Family Residential,42 Society St,Charleston,SC,29401,4150000,4,3.5,Ansonborough,3183,7405,1854,21,1304,,Active,,,https://www.redfin.com/SC/Charleston/42-Society-St-29401/home/68552065,Charleston Trident MLS,25019262,N,Y,32.7849314,-79.9302119
MLS Listing,,Single Family Residential,1011 Teracotta Dr,Charleston,SC,29407,1225000,4,3.0,The Settlement,2753,16117,2023,21,445,225,Active,,,https://www.redfin.com/SC/Charleston/1011-Teracotta-Dr-29407/home/196369887,Charleston Trident MLS,25019260,N,Y,32.823876,-80.0213577
MLS Listing,,Single Family Residential,11 George St,Charleston,SC,29401,3950000,9,6.0,Ansonborough,6300,11761,1813,21,627,,Active,,,https://www.redfin.com/SC/Charleston/11-George-St-29401/home/68682241,Charleston Trident MLS,25019234,N,Y,32.785392,-79.9321985
MLS Listing,,Condo/Co-op,150 Bee St #415,Charleston,SC,29401,699000,2,2.5,Bee Street Lofts,1959,,2007,21,357,968,Active,,,https://www.redfin.com/SC/Charleston/150-Bee-St-29401/unit-415/home/68554213,Charleston Trident MLS,25019225,N,Y,32.785014,-79.955256
MLS Listing,,Single Family Residential,3308 Island Estates Dr,Johns Island,SC,29455,488900,3,1.5,Island Estates,1200,10454,2003,21,407,,Active,,,https://www.redfin.com/SC/Johns-Island/3308-Island-Estates-Dr-29455/home/68905779,Charleston Trident MLS,25019220,N,Y,32.7266893,-80.08782
MLS Listing,,Single Family Residential,2020 Parish House Cir,Johns Island,SC,29455,685000,3,2.5,Grace Landing,1987,12196,2023,21,345,176,Active,,,https://www.redfin.com/SC/Johns-Island/2020-Parish-House-Cir-29455/home/185211593,Charleston Trident MLS,25019197,N,Y,32.7234501,-80.0942606
MLS Listing,,Single Family Residential,1515 John Fenwick Ln,Johns Island,SC,29455,1565000,5,5.5,The Preserve at Fenwick Plantation,3524,39204,2025,21,444,126,Active,August-1-2025 11:00 AM,August-1-2025 02:00 PM,https://www.redfin.com/SC/Johns-Island/1515-John-Fenwick-Ln-29455/home/173168597,Charleston Trident MLS,25019196,N,Y,32.7520599,-80.0321383
MLS Listing,,Condo/Co-op,2345 Tall Sail Dr #112,Charleston,SC,29414,268000,2,2.0,Seagate Village,996,,1987,21,269,450,Active,,,https://www.redfin.com/SC/Charleston/2345-Tall-Sail-Dr-29414/unit-112/home/196352883,Charleston Trident MLS,25019190,N,Y,32.8460584,-80.0503033
MLS Listing,,Single Family Residential,939 Mikell Dr,Charleston,SC,29412,768900,3,2.0,Stiles Point,1692,23522,1966,21,454,,Active,,,https://www.redfin.com/SC/Charleston/939-Mikell-Dr-29412/home/108034483,Charleston Trident MLS,25019188,N,Y,32.735747,-79.9268324
MLS Listing,,Single Family Residential,143 Broad St,Charleston,SC,29401,3475000,3,3.5,South of Broad,3537,6098,1880,21,982,,Active,,,https://www.redfin.com/SC/Charleston/143-Broad-St-29401/home/68815049,Charleston Trident MLS,25019187,N,Y,32.7757933,-79.9358997
MLS Listing,,Single Family Residential,554 Godfrey Park Pl,Charleston,SC,29407,1450000,4,3.5,Moreland,2561,11761,1950,21,566,,Active,,,https://www.redfin.com/SC/Charleston/554-Godfrey-Park-Pl-29407/home/87084966,Charleston Trident MLS,25019179,N,Y,32.7830689,-79.9773887
MLS Listing,,Single Family Residential,405 Blowing Fresh Dr,Charleston,SC,29492,1399000,4,5.0,Wando Village,3138,6534,2023,21,446,98,Active,,,https://www.redfin.com/SC/Charleston/405-Blowing-Fresh-Dr-29492/home/180583003,Charleston Trident MLS,25019166,N,Y,32.9262346,-79.8202315
MLS Listing,,Single Family Residential,549 Godfrey Park Pl,Charleston,SC,29407,749900,3,2.0,Moreland,1280,10454,1951,21,586,,Active,August-3-2025 01:00 PM,August-3-2025 03:00 PM,https://www.redfin.com/SC/Charleston/549-Godfrey-Park-Pl-29407/home/92911619,Charleston Trident MLS,25018756,N,Y,32.7821646,-79.976438
MLS Listing,,Single Family Residential,2209 Glendale Dr,Charleston,SC,29414,679990,4,3.0,Springfield,2200,16552,1962,22,309,,Active,August-3-2025 01:00 PM,August-3-2025 04:00 PM,https://www.redfin.com/SC/Charleston/2209-Glendale-Dr-29414/home/87082773,Charleston Trident MLS,25019153,N,Y,32.8381467,-80.0550292
MLS Listing,,Single Family Residential,2449 Daniel Island Dr,Daniel Island,SC,29492,2095000,5,5.5,Daniel Island Smythe Park,3564,9583,2005,22,588,,Active,,,https://www.redfin.com/SC/Daniel-Island/2449-Daniel-Island-Dr-29492/home/68628322,Charleston Trident MLS,25019151,N,Y,32.8445161,-79.9087428
MLS Listing,,Single Family Residential,1315 S Sherwood Dr,Charleston,SC,29407,585000,4,2.0,West Oak Forest,1380,12196,1955,22,424,,Active,,,https://www.redfin.com/SC/Charleston/1315-S-Sherwood-Dr-29407/home/68882644,Charleston Trident MLS,25019143,N,Y,32.7887545,-79.9996907
MLS Listing,,Single Family Residential,751 Bounty Square Dr,Charleston,SC,29492,3140000,5,5.5,Beresford Hall,4056,32234,2006,22,774,306,Active,,,https://www.redfin.com/SC/Charleston/751-Bounty-Square-Dr-29492/home/68971060,Charleston Trident MLS,25019142,N,Y,32.9044099,-79.8949412
MLS Listing,,Single Family Residential,536 Kell Pl,Charleston,SC,29412,759990,3,2.5,James Island,2050,5227,2025,22,371,,Active,,,https://www.redfin.com/SC/Charleston/536-Kell-Pl-29412/home/196341080,Charleston Trident MLS,25019134,N,Y,32.7487268,-79.9995457
MLS Listing,,Condo/Co-op,201 Romney St,Charleston,SC,29403,525500,3,1.5,Charleston,1102,1742,1986,22,477,,Active,,,https://www.redfin.com/SC/Charleston/201-Romney-St-29403/home/68938408,Charleston Trident MLS,25019135,N,Y,32.805405,-79.952829
MLS Listing,,Condo/Co-op,199 Romney St,Charleston,SC,29403,525500,3,1.5,Charleston,1102,1742,1986,22,477,,Active,,,https://www.redfin.com/SC/Charleston/199-Romney-St-29403/home/188581980,Charleston Trident MLS,25019133,N,Y,32.8054272,-79.9528078
MLS Listing,,Single Family Residential,1513 Morgan Campbell Ct,Charleston,SC,29407,659000,4,3.0,Fairfield Pines,2060,8276,2014,22,320,38,Active,August-2-2025 01:30 PM,August-2-2025 03:30 PM,https://www.redfin.com/SC/Charleston/1513-Morgan-Campbell-Ct-29407/home/68623009,Charleston Trident MLS,25018597,N,Y,32.8024304,-80.0082658
MLS Listing,,Single Family Residential,1624 Shady Pine Rd,Charleston,SC,29414,649999,4,2.5,The Pointe at Rhodes Crossing,2456,5662,2018,22,265,53,Active,August-2-2025 11:00 AM,August-2-2025 01:00 PM,https://www.redfin.com/SC/Charleston/1624-Shady-Pine-Rd-29414/home/144273644,Charleston Trident MLS,25019126,N,Y,32.814461,-80.086433
MLS Listing,,Townhouse,1262 Apex Ln,Charleston,SC,29412,415000,2,2.0,Meridian Place,1086,4356,2003,22,382,100,Active,,,https://www.redfin.com/SC/Charleston/1262-Apex-Ln-29412/home/68677540,Charleston Trident MLS,25019114,N,Y,32.7228822,-79.9782546
MLS Listing,,Single Family Residential,3228 Timberline Dr,Johns Island,SC,29455,613500,5,3.5,Maybank Village,2850,5662,2019,22,215,45,Active,August-3-2025 02:00 PM,August-3-2025 04:00 PM,https://www.redfin.com/SC/Johns-Island/3228-Timberline-Dr-29455/home/163764766,Charleston Trident MLS,25019095,N,Y,32.73127,-80.056574
MLS Listing,,Single Family Residential,1019 Jervey Point Rd,Charleston,SC,29492,739000,4,3.0,River Reach Pointe,2419,7840,2012,22,305,75,Active,,,https://www.redfin.com/SC/Charleston/1019-Jervey-Point-Rd-29492/home/68724357,Charleston Trident MLS,25019065,N,Y,32.9185972,-79.8437724
MLS Listing,,Single Family Residential,11 Mchughes Aly,Charleston,SC,29403,1500000,4,3.0,Cannonborough-Elliotborough,1500,1742,2021,22,1000,,Active,,,https://www.redfin.com/SC/Charleston/11-McHughes-Aly-29403/home/108065618,Charleston Trident MLS,25019061,N,Y,32.7937539,-79.9441986
MLS Listing,,Condo/Co-op,1831 Egret Crest Ln,Charleston,SC,29414,319900,3,2.0,The Colony at Heron Reserve,1416,,2006,22,226,308,Active,,,https://www.redfin.com/SC/Charleston/1831-Egret-Crest-Ln-29414/home/182736084,Charleston Trident MLS,25019058,N,Y,32.814439,-80.061821
MLS Listing,,Townhouse,146 Broad St Unit B,Charleston,SC,29401,1795000,3,3.5,Harleston Village,1945,1742,1972,22,923,,Active,,,https://www.redfin.com/SC/Charleston/146-Broad-St-29401/unit-B/home/184264156,Charleston Trident MLS,25019057,N,Y,32.7761478,-79.9360904
MLS Listing,,Single Family Residential,2740 Clover St,Charleston,SC,29414,395000,3,1.5,Springfield,1154,12196,1965,22,342,,Active,,,https://www.redfin.com/SC/Charleston/2740-Clover-St-29414/home/68619394,Charleston Trident MLS,25019053,N,Y,32.8370154,-80.0584038
MLS Listing,,Single Family Residential,1209 Hammrick Ln,Johns Island,SC,29455,669900,5,3.0,Woodbury Park,2672,9583,2019,22,251,127,Active,,,https://www.redfin.com/SC/Johns-Island/1209-Hammrick-Ln-29455/home/145328739,Charleston Trident MLS,25019034,N,Y,32.7405339,-80.0632138
MLS Listing,,Vacant Land,1206 Folly Rd,James Island,SC,29412,425000,,,Mccalls Corner,,22651,,22,,,Active,,,https://www.redfin.com/SC/Charleston/1206-Folly-Rd-29412/home/189908591,Charleston Trident MLS,25019032,N,Y,32.7213261,-79.9663715
MLS Listing,,Townhouse,1852 Mepkin Rd #1049,Charleston,SC,29407,220000,2,1.5,Mepkin Place,1008,871,1975,22,218,501,Active,,,https://www.redfin.com/SC/Charleston/1852-Mepkin-Rd-29407/unit-1049/home/68688942,Charleston Trident MLS,25019024,N,Y,32.8134607,-80.0228427
MLS Listing,,Condo/Co-op,2305 Treescape Dr # 1505,Charleston,SC,29414,250000,2,2.0,Ashleytowne Village,1070,,1984,22,234,310,Active,,,https://www.redfin.com/SC/Charleston/2305-Treescape-Dr-29414/home/182879067,Charleston Trident MLS,25019008,N,Y,32.8428338,-80.053115
MLS Listing,,Single Family Residential,2162 Wappoo Hall Rd,Charleston,SC,29412,3795000,5,3.0,Wappoo Hall,3465,69696,1936,23,1095,,Active,,,https://www.redfin.com/SC/Charleston/2162-Wappoo-Hall-Rd-29412/home/108181452,Charleston Trident MLS,25018969,N,Y,32.7671933,-79.9983736
MLS Listing,,Single Family Residential,430 Fish Tale Rd,Charleston,SC,29492,9490000,3,5.0,Daniel Island,4865,21344,2022,23,1951,91,Active,,,https://www.redfin.com/SC/Daniel-Island/430-Fish-Tale-Rd-29492/home/164619740,Charleston Trident MLS,25018959,N,Y,32.889741,-79.903723
MLS Listing,,Single Family Residential,16 Campbell Dr,Charleston,SC,29407,945000,3,2.0,Byrnes Downs,1422,6098,1944,23,665,,Active,,,https://www.redfin.com/SC/Charleston/16-Campbell-Dr-29407/home/108160563,Charleston Trident MLS,25018929,N,Y,32.7798022,-79.9799732
MLS Listing,,Townhouse,1658 Dexter Ln,Charleston,SC,29412,459900,3,2.0,Meridian Place,1374,3484,2003,23,335,100,Active,,,https://www.redfin.com/SC/Charleston/1658-Dexter-Ln-29412/home/68847264,Charleston Trident MLS,25018915,N,Y,32.7250491,-79.9759055
MLS Listing,,Vacant Land,0000 Arsburn Rd,James Island,SC,29412,899000,,,James Island,,377229,,23,,,Active,,,https://www.redfin.com/SC/Unknown/Arsburn-RD-Unknown/home/182707005,Charleston Trident MLS,25018914,N,Y,32.692907,-79.970019
MLS Listing,,Condo/Co-op,700 Daniel Ellis Dr #2107,Charleston,SC,29412,195000,1,1.0,Peninsula,766,,1998,23,255,337,Active,August-1-2025 08:00 AM,August-1-2025 07:00 PM,https://www.redfin.com/SC/Charleston/700-Daniel-Ellis-Dr-29412/unit-2107/home/68687483,Charleston Trident MLS,25018718,N,Y,32.7510399,-79.9641769
MLS Listing,,Townhouse,4070 Hartland St,Charleston,SC,29414,419000,3,3.0,Ashley Park,1686,1742,2014,23,249,67,Active,,,https://www.redfin.com/SC/Charleston/4070-Hartland-St-29414/home/108088847,Charleston Trident MLS,25018886,N,Y,32.8156284,-80.0731475
MLS Listing,,Single Family Residential,2229 Rivermont Pl,Charleston,SC,29414,495000,4,2.0,Forest Lakes Extension,1698,15245,1988,24,292,,Active,,,https://www.redfin.com/SC/Charleston/2229-Rivermont-Pl-29414/home/87083149,Charleston Trident MLS,25018877,N,Y,32.8135219,-80.0558863
MLS Listing,,Single Family Residential,9 Bogard St Unit 6(F),Charleston,SC,29403,899900,3,2.5,Elliotborough,1310,,2005,24,687,413,Active,,,https://www.redfin.com/SC/Charleston/9-Bogard-St-29403/unit-F/home/108077934,Charleston Trident MLS,25018862,N,Y,32.7931235,-79.9437963
MLS Listing,,Single Family Residential,1732 Grovehurst Dr,Charleston,SC,29414,715915,3,3.5,Carolina Bay,2676,4791,2025,24,268,,Active,,,https://www.redfin.com/SC/Charleston/1732-Grovehurst-Dr-29414/home/192288883,Charleston Trident MLS,25018861,N,Y,32.8038029,-80.075461
MLS Listing,,Single Family Residential,149 Low Tide Ct,Charleston,SC,29492,2250000,4,3.0,Wando Village,2842,20037,2023,24,792,98,Active,,,https://www.redfin.com/SC/Charleston/149-Low-Tide-Ct-29492/home/180582987,Charleston Trident MLS,25018841,N,Y,32.9260481,-79.8221102
MLS Listing,,Single Family Residential,1410 Ordinance Pt,Charleston,SC,29412,1049000,4,3.0,Fort Lamar,2540,14810,2025,24,413,,Active,,,https://www.redfin.com/SC/Charleston/1410-Ordinance-Pt-29412/home/196136420,Charleston Trident MLS,25018815,N,Y,32.7016871,-79.9570932
MLS Listing,,Single Family Residential,1718 Afton Ave,Charleston,SC,29407,675000,4,2.0,Northbridge Terrace,1605,11761,1965,24,421,,Active,,,https://www.redfin.com/SC/Charleston/1718-Afton-Ave-29407/home/68882221,Charleston Trident MLS,25018801,N,Y,32.8154245,-79.9898369
MLS Listing,,Townhouse,118 Congress St Unit B,Charleston,SC,29403,568000,2,2.5,Mayflower Ct,1290,,2004,24,440,355,Active,,,https://www.redfin.com/SC/Charleston/118-Congress-St-29403/unit-B/home/68606759,Charleston Trident MLS,25018792,N,Y,32.7986128,-79.9489578
MLS Listing,,Single Family Residential,475 Minim St,Charleston,SC,29414,485000,4,2.5,Grand Bees,1825,5662,2022,24,266,58,Active,August-1-2025 05:00 PM,August-1-2025 07:00 PM,https://www.redfin.com/SC/Charleston/475-Minim-St-29414/home/178605441,Charleston Trident MLS,25018783,N,Y,32.8280661,-80.1059756
MLS Listing,,Single Family Residential,3041 Robeson Trce,Johns Island,SC,29455,774990,4,3.5,Indigo Grove,2525,5662,2025,24,307,62,Active,,,https://www.redfin.com/SC/Johns-Island/3041-Robeson-Trce-29455/home/195973023,Charleston Trident MLS,25018777,N,Y,32.7476088,-80.0323629
MLS Listing,,Single Family Residential,1567 Sanford Rd,Charleston,SC,29407,825000,4,4.0,Harrison Acres,3100,17859,1983,24,266,,Active,,,https://www.redfin.com/SC/Charleston/1567-Sanford-Rd-29407/home/108038077,Charleston Trident MLS,25018768,N,Y,32.7819603,-80.0061016
MLS Listing,,Single Family Residential,137 Low Tide Ct,Charleston,SC,29492,749000,4,3.5,Wando Village,2759,4356,2023,24,271,100,Active,,,https://www.redfin.com/SC/Charleston/137-Low-Tide-Ct-29492/home/180582984,Charleston Trident MLS,25018767,N,Y,32.926339,-79.821751
MLS Listing,,Single Family Residential,2161 Welch Ave,Charleston,SC,29412,919000,3,2.0,Riverland Terrace,1404,6098,1957,24,655,,Active,,,https://www.redfin.com/SC/Charleston/2161-Welch-Ave-29412/home/108100279,Charleston Trident MLS,25018716,N,Y,32.7589468,-79.9971656
MLS Listing,,Single Family Residential,2205 Daniel Island Dr,Charleston,SC,29492,1695000,3,2.5,Daniel Island,2490,10018,2001,24,681,83,Active,,,https://www.redfin.com/SC/Daniel-Island/2205-Daniel-Island-Dr-29492/home/68575889,Charleston Trident MLS,25018325,N,Y,32.8563803,-79.9123037
MLS Listing,,Single Family Residential,535 Merrywood Dr,Charleston,SC,29414,487500,4,2.5,Grand Bees,1891,6098,2020,25,258,58,Active,,,https://www.redfin.com/SC/Charleston/535-Merrywood-DR-29414/home/168618312,Charleston Trident MLS,25018741,N,Y,32.8273,-80.1004
MLS Listing,,Single Family Residential,101 King St,Charleston,SC,29401,2795000,3,2.5,South of Broad,2096,3049,1941,25,1333,,Active,,,https://www.redfin.com/SC/Charleston/101-King-St-29401/home/68657832,Charleston Trident MLS,25018717,N,Y,32.7756765,-79.9328569
MLS Listing,,Townhouse,413 Spartina Ln,Charleston,SC,29492,2400000,3,3.5,Daniel Island,3495,,2021,25,687,2485,Active,,,https://www.redfin.com/SC/Daniel-Island/413-Spartina-Ln-29492/home/180583335,Charleston Trident MLS,25018704,N,Y,32.855215,-79.904776
MLS Listing,,Single Family Residential,954 Harbortowne Rd,Charleston,SC,29412,898500,4,3.0,Harbor Woods,2394,11761,1975,25,375,,Active,,,https://www.redfin.com/SC/Charleston/954-Harbortowne-Rd-29412/home/108182599,Charleston Trident MLS,25018695,N,Y,32.7347396,-79.9335576
MLS Listing,,Single Family Residential,3085 Moonlight Dr,Charleston,SC,29414,568000,4,2.0,Boltons Landing,2226,6969,2011,25,255,44,Active,August-2-2025 12:00 PM,August-2-2025 03:00 PM,https://www.redfin.com/SC/Charleston/3085-Moonlight-Dr-29414/home/68716351,Charleston Trident MLS,25018648,N,Y,32.8094933,-80.0988907
MLS Listing,,Townhouse,4224 Scharite St,Charleston,SC,29414,429900,3,2.5,Ashley Park,1888,3049,2017,25,228,69,Active,,,https://www.redfin.com/SC/Charleston/4224-Scharite-St-29414/home/113410047,Charleston Trident MLS,25018636,N,Y,32.8172557,-80.0708101
MLS Listing,,Single Family Residential,201 Foundry St,Charleston,SC,29492,2980000,5,5.5,Daniel Island Park,3650,11325,2017,25,816,91,Active,August-2-2025 11:30 AM,August-2-2025 01:00 PM,https://www.redfin.com/SC/Daniel-Island/201-Foundry-St-29492/home/146025907,Charleston Trident MLS,25018632,N,Y,32.885201,-79.889984
MLS Listing,,Single Family Residential,164 River Green Pl,Charleston,SC,29492,2275000,5,4.5,Daniel Island,3300,7405,2015,25,689,90,Active,,,https://www.redfin.com/SC/Daniel-Island/164-River-Green-Pl-29492/home/59059622,Charleston Trident MLS,25018630,N,Y,32.8809834,-79.8944627
MLS Listing,,Single Family Residential,63 Nunan St,Charleston,SC,29403,400000,3,1.0,Charleston,1040,1742,1935,25,385,,Active,,,https://www.redfin.com/SC/Charleston/63-Nunan-St-29403/home/68666560,Charleston Trident MLS,25018628,N,Y,32.7919765,-79.9517434
MLS Listing,,Single Family Residential,65 Nunan St,Charleston,SC,29403,500000,4,2.0,Charleston,1656,2178,1935,25,302,,Active,,,https://www.redfin.com/SC/Charleston/65-Nunan-St-29403/home/68666542,Charleston Trident MLS,25018626,N,Y,32.7919533,-79.9518397
MLS Listing,,Condo/Co-op,1720 Restoration Ct,Charleston,SC,29414,449000,3,2.5,Carolina Bay,1725,4791,2015,25,260,105,Active,,,https://www.redfin.com/SC/Charleston/1720-Restoration-Ct-29414/home/68626037,Charleston Trident MLS,25018471,N,Y,32.807411,-80.079271
MLS Listing,,Single Family Residential,2032 Forest Ave,North Charleston,SC,29405,515000,3,2.5,Union Heights,1900,3049,2025,26,271,,Active,,,https://www.redfin.com/SC/North-Charleston/2032-Forest-Ave-29405/home/108064771,Charleston Trident MLS,25018592,N,Y,32.8380543,-79.9591858
MLS Listing,,Single Family Residential,2035 Echo Ave,North Charleston,SC,29405,515000,3,2.5,Union Heights,1900,3049,2025,27,271,,Active,,,https://www.redfin.com/SC/North-Charleston/2035-Echo-Ave-29405/home/192537669,Charleston Trident MLS,25018562,N,Y,32.838257,-79.9594555
MLS Listing,,Condo/Co-op,114 Ashley Villa Cir Unit B,Charleston,SC,29414,434000,3,2.0,Charleston,1651,,2003,27,263,453,Active,August-2-2025 01:30 PM,August-2-2025 04:00 PM,https://www.redfin.com/SC/Charleston/114-Ashley-Villa-Cir-29414/unit-B/home/171632314,Charleston Trident MLS,25018555,N,Y,32.821807,-80.066045
MLS Listing,,Condo/Co-op,1225 Blakeway St #704,Charleston,SC,29492,499000,2,2.0,Daniel Island,1194,,2007,27,418,468,Active,,,https://www.redfin.com/SC/Daniel-Island/1225-Blakeway-St-29492/unit-704/home/68907874,Charleston Trident MLS,25018551,N,Y,32.8470919,-79.9117144
MLS Listing,,Single Family Residential,575 Lynne Ave,Charleston,SC,29412,1325000,5,3.5,Lighthouse Point,3348,12632,2017,27,396,,Active,August-2-2025 12:00 PM,August-2-2025 04:00 PM,https://www.redfin.com/SC/Charleston/575-Lynne-Ave-29412/home/108160392,Charleston Trident MLS,25018548,N,Y,32.727372,-79.9128816
MLS Listing,,Single Family Residential,512 Tribeca Dr,Charleston,SC,29414,549900,3,2.5,,2128,9147,2003,28,258,,Active,,,https://www.redfin.com/SC/Charleston/512-Tribeca-Dr-29414/home/87091655,Consolidated MLS,610943,N,Y,32.8423781,-80.085081
MLS Listing,,Single Family Residential,1716 Grovehurst Dr,Charleston,SC,29414,699965,3,3.5,Carolina Bay,2868,4791,2025,28,244,1144,Active,,,https://www.redfin.com/SC/Charleston/1716-Grovehurst-Dr-29414/home/196244245,Charleston Trident MLS,25018167,N,Y,32.8034742,-80.0758332
MLS Listing,,Single Family Residential,48 Heathwood Dr,Charleston,SC,29407,630000,3,2.5,Heathwood Ext,1911,10454,1969,28,330,,Active,,,https://www.redfin.com/SC/Charleston/48-Heathwood-Dr-29407/home/68909938,Charleston Trident MLS,25018503,N,Y,32.8032558,-80.0033587
MLS Listing,,Condo/Co-op,233 Little Oak Dr,Folly Beach,SC,29439,520000,2,2.0,Little Oak,938,,1983,28,554,1019,Active,,,https://www.redfin.com/SC/Folly-Beach/233-Little-Oak-Island-Dr-29439/home/182743401,Charleston Trident MLS,25018499,N,Y,32.66928,-79.9391
MLS Listing,,Single Family Residential,1944 Woodland Rd,Charleston,SC,29414,460000,4,2.0,Pierpont,1639,10454,1980,29,281,,Active,,,https://www.redfin.com/SC/Charleston/1944-Woodland-Rd-29414/home/68630431,Charleston Trident MLS,25018476,N,Y,32.8266439,-80.0481589
MLS Listing,,Single Family Residential,1422 Alden Dr,Charleston,SC,29407,1285000,6,5.0,Huntington Woods,4091,13503,1966,29,314,,Active,,,https://www.redfin.com/SC/Charleston/1422-Alden-Dr-29407/home/108062812,Charleston Trident MLS,25018474,N,Y,32.820871,-80.0067174
MLS Listing,,Single Family Residential,1563 Relyea Ave,Charleston,SC,29412,850000,3,3.0,Clarks Point,2470,16988,1965,29,344,,Active,,,https://www.redfin.com/SC/Charleston/1563-Relyea-Ave-29412/home/68886839,Charleston Trident MLS,25018461,N,Y,32.7392387,-79.9536303
MLS Listing,,Single Family Residential,42 S Battery St,Charleston,SC,29401,6980000,4,5.0,South of Broad,4637,8712,1802,29,1505,,Active,,,https://www.redfin.com/SC/Charleston/42-S-Battery-St-29401/home/68899001,Charleston Trident MLS,25018450,N,Y,32.7707258,-79.9324636
MLS Listing,,Condo/Co-op,1225 Blakeway St #702,Charleston,SC,29492,487990,2,2.0,Daniel Island,1136,2178,2007,29,430,468,Active,,,https://www.redfin.com/SC/Daniel-Island/1225-Blakeway-St-29492/unit-702/home/85961740,Charleston Trident MLS,25018444,N,Y,32.8470919,-79.9117144
MLS Listing,,Townhouse,210 Winding River Dr,Johns Island,SC,29455,375000,3,2.5,Marshview Commons,1809,3484,2021,29,207,411,Active,,,https://www.redfin.com/SC/Johns-Island/210-Winding-River-Dr-29455/home/175715702,Charleston Trident MLS,25018412,N,Y,32.798231,-80.112932
MLS Listing,,Single Family Residential,2004 Sea Water Dr,Charleston,SC,29412,1099000,4,3.5,Riverbend,2964,15245,2025,29,371,158,Active,,,https://www.redfin.com/SC/Charleston/2004-Sea-Water-Dr-29412/home/194391490,Charleston Trident MLS,25018395,N,Y,32.7029862,-79.9808065
MLS Listing,,Single Family Residential,2006 Riverbend Dr,Charleston,SC,29412,1159000,4,3.5,Riverbend,3437,15245,2025,29,337,158,Active,,,https://www.redfin.com/SC/Charleston/2006-River-Bend-Dr-29412/home/194391227,Charleston Trident MLS,25018388,N,Y,32.703276,-79.980936
MLS Listing,,Townhouse,2271 Daniel Island Dr,Charleston,SC,29492,664900,2,2.5,Barfield Park,1500,,2003,30,443,675,Active,,,https://www.redfin.com/SC/Daniel-Island/2271-Daniel-Island-Dr-29492/home/68553870,Charleston Trident MLS,25018355,N,Y,32.8521594,-79.9102005
MLS Listing,,Single Family Residential,794 Hunt Club Run,Charleston,SC,29414,598000,4,2.5,Hunt Club Phase II,2684,10890,2004,30,223,57,Active,,,https://www.redfin.com/SC/Charleston/794-Hunt-Club-Run-29414/home/68917866,Charleston Trident MLS,25018342,N,Y,32.8138519,-80.1179191
MLS Listing,,Single Family Residential,1052 Avenue Of Oaks,Charleston,SC,29407,985000,3,3.5,Avenue of Oaks,2738,4356,2021,30,360,167,Active,,,https://www.redfin.com/SC/Charleston/1052-Ave-Of-Oaks-29407/home/180704981,Charleston Trident MLS,25018129,N,Y,32.7973669,-79.9915905
MLS Listing,,Condo/Co-op,415 Parkdale Dr Unit E-8,Charleston,SC,29414,335000,3,1.5,Carolina Cove,1106,,1973,30,303,554,Active,,,https://www.redfin.com/SC/Charleston/415-Parkdale-Dr-29414/unit-8E/home/68697729,Charleston Trident MLS,25018311,N,Y,32.7848482,-80.0441536
MLS Listing,,Single Family Residential,1244 Crooked Oak Rd,Charleston,SC,29492,699000,3,2.5,Oak Bluff,2423,4791,2023,30,288,71,Active,,,https://www.redfin.com/SC/Charleston/1244-Crooked-Oak-Rd-29492/home/183025527,Charleston Trident MLS,25018243,N,Y,32.931653,-79.835055
MLS Listing,,Condo/Co-op,700 Daniel Ellis Dr #2203,Charleston,SC,29412,245000,1,1.0,Peninsula,691,,1998,31,355,340,Active,,,https://www.redfin.com/SC/Charleston/700-Daniel-Ellis-Dr-29412/unit-2203/home/108048859,Charleston Trident MLS,25018240,N,Y,32.7507626,-79.9674711
MLS Listing,,Single Family Residential,1261 Hampshire Rd,Charleston,SC,29412,659000,3,2.0,Whitehouse Plantation,1525,10018,1967,31,432,,Active,,,https://www.redfin.com/SC/Charleston/1261-Hampshire-Rd-29412/home/87084304,Charleston Trident MLS,25018233,N,Y,32.7302187,-79.94829
MLS Listing,,Single Family Residential,308 Tidal Rice Ct,Wando,SC,29492,699999,4,2.5,Nelliefield Plantation,2132,8712,2006,31,328,,Active,August-2-2025 11:00 AM,August-2-2025 02:00 PM,https://www.redfin.com/SC/Charleston/308-Tidal-Rice-Ct-29492/home/68826167,Charleston Trident MLS,25018228,N,Y,32.9238686,-79.8509497
MLS Listing,,Single Family Residential,1518 Southwick Dr,Johns Island,SC,29455,699000,5,3.0,Fenwick Hills,2272,36154,1958,31,308,,Active,,,https://www.redfin.com/SC/Johns-Island/1518-Southwick-Dr-29455/home/68872843,Charleston Trident MLS,25018227,N,Y,32.7345782,-80.077807
MLS Listing,,Vacant Land,1522 Southwick Dr,Johns Island,SC,29455,250000,,,Fenwick Hills,,16117,,31,,,Active,,,https://www.redfin.com/SC/Johns-Island/1522-Southwick-Dr-29455/home/108137736,Charleston Trident MLS,25018225,N,Y,32.7343369,-80.077537
MLS Listing,,Townhouse,129 Howard Mary Dr Unit A,Charleston,SC,29412,675000,3,3.0,Sable On The Marsh,1664,,2019,31,406,610,Active,,,https://www.redfin.com/SC/Charleston/129-Howard-Mary-Dr-29412/unit-A/home/182759062,Charleston Trident MLS,25018210,N,Y,32.6856923,-79.9582961
MLS Listing,,Vacant Land,2557 Etiwan Ave,Charleston,SC,29414,150000,,,Cherokee Hall,,13503,,31,,,Active,,,https://www.redfin.com/SC/Charleston/2557-Etiwan-Ave-29414/home/189922948,Charleston Trident MLS,25018206,N,Y,32.7946437,-80.0562318
MLS Listing,,Vacant Land,2555 Etiwan Ave,Charleston,SC,29414,275000,,,Cherokee Hall,,27007,,31,,,Active,,,https://www.redfin.com/SC/Charleston/2555-Etiwan-Ave-29414/home/189922846,Charleston Trident MLS,25018205,N,Y,32.7950355,-80.0561082
MLS Listing,,Vacant Land,2553 Etiwan Ave,Charleston,SC,29414,375000,,,Cherokee Hall,,40510,,31,,,Active,,,https://www.redfin.com/SC/Charleston/2553-Etiwan-Ave-29414/home/195241131,Charleston Trident MLS,25018204,N,Y,32.7950255,-80.0560427
MLS Listing,,Single Family Residential,1612 Evergreen St,Charleston,SC,29407,370000,3,,Ardmore,2033,8712,1957,31,182,,Active,,,https://www.redfin.com/SC/Charleston/1612-Evergreen-St-29407/home/108063272,Charleston Trident MLS,25018196,N,Y,32.7883326,-80.0128217
MLS Listing,,Single Family Residential,1789 Balfoure Dr,Charleston,SC,29407,715000,3,2.0,Huntington Woods,1898,13503,1963,31,377,,Active,,,https://www.redfin.com/SC/Charleston/1789-Balfoure-Dr-29407/home/68871283,Charleston Trident MLS,25018182,N,Y,32.8190744,-80.0062712
MLS Listing,,Single Family Residential,15 Dewey St,Charleston,SC,29403,1025000,3,2.5,North Central,1884,2613,1935,31,544,,Active,,,https://www.redfin.com/SC/Charleston/15-Dewey-St-29403/home/87096706,Charleston Trident MLS,25018178,N,Y,32.7997436,-79.9511474
MLS Listing,,Townhouse,252 Howle Ave Unit C3,Charleston,SC,29412,369000,2,1.5,Pecan Grove,1066,,1983,31,346,350,Active,,,https://www.redfin.com/SC/Charleston/252-Howle-Ave-29412/unit-C3/home/68625851,Charleston Trident MLS,25018176,N,Y,32.7596374,-79.9838391
MLS Listing,,Single Family Residential,1250 Hammrick Ln,Johns Island,SC,29455,559990,4,2.0,Woodbury Park,2059,10890,2018,31,272,125,Active,,,https://www.redfin.com/SC/Johns-Island/1250-Hammrick-Ln-29455/home/145328723,Charleston Trident MLS,25018161,N,Y,32.7403111,-80.0657571
MLS Listing,,Single Family Residential,1056 Yorktown Dr,Charleston,SC,29412,535000,3,2.0,Queensborough,1230,13939,1980,31,435,,Active,,,https://www.redfin.com/SC/Charleston/1056-Yorktown-Dr-29412/home/108182374,Charleston Trident MLS,25018156,N,Y,32.7266897,-79.9704018
MLS Listing,,Single Family Residential,2017 Geranium Ln,Johns Island,SC,29455,750000,3,2.5,The Villages In St Johns Woods,2430,6534,2021,31,309,128,Active,,,https://www.redfin.com/SC/Johns-Island/2017-Geranium-Ln-29455/home/148426396,Charleston Trident MLS,25018137,N,Y,32.7209213,-80.0677893
MLS Listing,,Single Family Residential,10 Riker St,Charleston,SC,29403,740000,3,2.0,North Central,1414,3484,1920,32,523,,Active,,,https://www.redfin.com/SC/Charleston/10-Riker-St-29403/home/108182818,Charleston Trident MLS,25018127,N,Y,32.8082939,-79.9489137
MLS Listing,,Mobile/Manufactured Home,1617 Refuge Run,Charleston,SC,29412,430000,2,2.0,Riverfront,1056,8712,1992,32,407,,Active,,,https://www.redfin.com/SC/Charleston/1617-Refuge-Run-29412/home/68930355,Charleston Trident MLS,25018114,N,Y,32.6891541,-79.9561778
MLS Listing,,Single Family Residential,1346 Ellison Run,Charleston,SC,29412,499000,3,2.0,Seaside Plantation,1523,5662,1998,32,328,46,Active,,,https://www.redfin.com/SC/Charleston/1346-Ellison-Run-29412/home/68566428,Charleston Trident MLS,25018088,N,Y,32.7072531,-79.9522113
MLS Listing,,Other,33 Lockwood Dr Unit I-13,Charleston,SC,29401,129900,0,,The Harborage at Ashley Marina,,,2002,32,,597,Active,,,https://www.redfin.com/SC/Charleston/33-Lockwood-Dr-29401/unit-I-13/home/196237479,Charleston Trident MLS,25018084,N,Y,32.7816618,-79.9553098
MLS Listing,,Single Family Residential,2027 Riverbend Dr,James Island,SC,29412,1185000,4,3.5,River Bend,3437,17859,2025,32,345,158,Active,,,https://www.redfin.com/SC/Charleston/2027-River-Bend-Dr-29412/home/195552153,Charleston Trident MLS,25018079,N,Y,32.7033341,-79.9822589
MLS Listing,,Condo/Co-op,1621 Folly Creek Way Unit D-8,Charleston,SC,29412,965000,3,3.0,Palmetto Pointe,1742,,2007,32,554,927,Active,,,https://www.redfin.com/SC/Charleston/1621-Folly-Creek-Way-29412/unit-D8/home/74926302,Charleston Trident MLS,25018073,N,Y,32.6803508,-79.9512174
MLS Listing,,Condo/Co-op,2494 Etiwan Ave Unit 3i,Charleston,SC,29414,167000,1,1.0,Melrose Park Townhomes,662,,1978,32,252,,Active,,,https://www.redfin.com/SC/Charleston/2494-Etiwan-Ave-29414/unit-3I/home/108142391,Charleston Trident MLS,25018062,N,Y,32.7950417,-80.0502738
MLS Listing,,Single Family Residential,874 Evans Rd,Charleston,SC,29412,689900,3,2.0,Fort Johnson Estates,1638,17859,1966,32,421,,Active,,,https://www.redfin.com/SC/Charleston/874-Evans-Rd-29412/home/108172579,Charleston Trident MLS,25018064,N,Y,32.7397183,-79.9078393
MLS Listing,,Condo/Co-op,128 Ashley Villa Cir Unit C,Charleston,SC,29414,425000,2,2.0,The Villas of West Ashley,1591,,2003,32,267,333,Active,,,https://www.redfin.com/SC/Charleston/128-Ashley-Villa-Cir-29414/unit-C/home/196230418,Charleston Trident MLS,25018058,N,Y,32.821396,-80.0675702
MLS Listing,,Vacant Land,4021 Kaolin St,Charleston,SC,29407,929000,,,The Settlement,,16988,,32,,164,Active,,,https://www.redfin.com/SC/Charleston/4021-Kaolin-St-29407/home/181223430,Charleston Trident MLS,25018054,N,Y,32.823419,-80.0193586
MLS Listing,,Single Family Residential,1894 Brittlebush Ln,Johns Island,SC,29455,650000,3,4.0,Whitney Lake,2378,4791,2020,32,273,57,Active,,,https://www.redfin.com/SC/Johns-Island/1894-Brittlebush-Ln-29455/home/177025849,Charleston Trident MLS,25018043,N,Y,32.7434182,-80.0568345
MLS Listing,,Single Family Residential,7 Plainfield Dr,Charleston,SC,29407,479990,3,1.5,Murray Hill,1326,9583,1964,32,362,,Active,,,https://www.redfin.com/SC/Charleston/7-Plainfield-Dr-29407/home/68737127,Charleston Trident MLS,25018040,N,Y,32.8000188,-80.002812
MLS Listing,,Single Family Residential,344 Lantana Dr,Charleston,SC,29407,549900,3,2.0,Lantana,1863,12632,1956,32,295,,Active,,,https://www.redfin.com/SC/Charleston/344-Lantana-Dr-29407/home/87082677,Charleston Trident MLS,25018034,N,Y,32.7790564,-80.0127591
MLS Listing,,Single Family Residential,932 Portabella Ln,Charleston,SC,29412,783000,4,2.5,Bayview Farms,2709,10018,1989,33,289,62,Active,August-1-2025 08:00 AM,August-1-2025 07:00 PM,https://www.redfin.com/SC/Charleston/932-Portabella-Ln-29412/home/68658021,Charleston Trident MLS,25015343,N,Y,32.7256859,-79.9296474
MLS Listing,,Vacant Land,3581 Spence Dr,Johns Island,SC,29455,155900,,,Dunmovin,,9147,,34,,,Active,,,https://www.redfin.com/SC/Johns-Island/3581-Spence-Dr-29455/home/108089661,Charleston Trident MLS,25018004,N,Y,32.7221377,-80.0843752
MLS Listing,,Single Family Residential,422 Geddes Ave,Charleston,SC,29407,670000,3,2.0,Geddes Hall,1650,15681,1952,34,406,,Active,,,https://www.redfin.com/SC/Charleston/422-Geddes-Ave-29407/home/68747978,Charleston Trident MLS,25018002,N,Y,32.7834901,-80.0212569
MLS Listing,,Vacant Land,821 Longbranch Dr,Charleston,SC,29414,225000,,,Shaftesbury,,11761,,34,,,Active,,,https://www.redfin.com/SC/Charleston/821-Longbranch-Dr-29414/home/196213309,Charleston Trident MLS,25017991,N,Y,32.7999262,-80.0562089
MLS Listing,,Townhouse,312 Kelsey Blvd,Wando,SC,29492,399000,3,2.5,Beresford Commons,1314,,2006,34,304,448,Active,,,https://www.redfin.com/SC/Charleston/312-Kelsey-Blvd-29492/home/68682275,Charleston Trident MLS,25017981,N,Y,32.8950908,-79.9136079
MLS Listing,,Single Family Residential,331 Saddlewood Dr,Charleston,SC,29414,600000,6,3.0,Grand Bees,2535,6098,2022,34,237,50,Active,,,https://www.redfin.com/SC/Charleston/331-Saddlewood-DR-29414/home/177873771,Charleston Trident MLS,25017979,N,Y,32.8273,-80.1004
MLS Listing,,Other,33 Lockwood Dr Unit H-7,Charleston,SC,29401,149900,0,,The Harborage at Ashley Marina,,,2002,34,,597,Active,,,https://www.redfin.com/SC/Charleston/33-Lockwood-Dr-29401/unit-H-7/home/196211143,Charleston Trident MLS,25017972,N,Y,32.7816618,-79.9553098
MLS Listing,,Condo/Co-op,145 Pier View St #111,Charleston,SC,29492,484900,1,1.5,Pier View,952,,2008,35,509,534,Active,,,https://www.redfin.com/SC/Daniel-Island/145-Pier-View-St-29492/unit-111/home/85962028,Charleston Trident MLS,25017962,N,Y,32.8570352,-79.9078986
MLS Listing,,Condo/Co-op,150 Bee St #308,Charleston,SC,29401,475000,1,1.5,Bee Street Condominiums,964,,2007,35,493,557,Active,,,https://www.redfin.com/SC/Charleston/150-Bee-St-29401/unit-308/home/108168480,Charleston Trident MLS,25017932,N,Y,32.785014,-79.955256
MLS Listing,,Single Family Residential,2847 Limestone Blvd,Charleston,SC,29414,492000,3,2.0,Drayton On The Ashley,1764,12196,1966,35,279,,Active,,,https://www.redfin.com/SC/Charleston/2847-Limestone-Blvd-29414/home/68781597,Charleston Trident MLS,25017921,N,Y,32.8445527,-80.0580103
MLS Listing,,Single Family Residential,1607 Roustabout Way,Charleston,SC,29414,550000,3,2.5,Boltons Landing,1762,9147,2017,35,312,42,Active,,,https://www.redfin.com/SC/Charleston/1607-Roustabout-Way-29414/home/109734790,Charleston Trident MLS,25017901,N,Y,32.8056707,-80.0966074
MLS Listing,,Single Family Residential,401 Ralston Creek St,Charleston,SC,29492,4385000,4,6.0,Daniel Island Park,5711,15681,2005,35,768,90,Active,,,https://www.redfin.com/SC/Daniel-Island/401-Ralston-Creek-St-29492/home/85958588,Charleston Trident MLS,25017896,N,Y,32.8686921,-79.8957911
MLS Listing,,Single Family Residential,2640 Battle Trail Dr,Johns Island,SC,29455,2500000,5,5.5,Johns Island,4222,52272,2025,35,592,,Active,,,https://www.redfin.com/SC/Johns-Island/2640-Battle-Trail-Dr-29455/home/196206367,Charleston Trident MLS,25017895,N,Y,32.7305171,-80.0251081
MLS Listing,,Condo/Co-op,2334 Treescape Dr #2006,Charleston,SC,29414,285000,3,3.0,Ashleytowne Village,1600,4356,1984,35,178,230,Active,,,https://www.redfin.com/SC/Charleston/2334-Treescape-Dr-29414/unit-2006/home/108154355,Charleston Trident MLS,25017886,N,Y,32.8443693,-80.0521657
MLS Listing,,Single Family Residential,721 Lake Frances Dr,Charleston,SC,29412,629000,3,2.5,Lakeshore Commons,1564,10018,1989,35,402,7,Active,,,https://www.redfin.com/SC/Charleston/721-Lake-Frances-Dr-29412/home/68587198,Charleston Trident MLS,25017883,N,Y,32.7457752,-79.9373468
MLS Listing,,Single Family Residential,1052 Yorktown Dr,Charleston,SC,29412,595000,3,2.0,Queensborough,1553,9583,1980,35,383,,Active,,,https://www.redfin.com/SC/Charleston/1052-Yorktown-Dr-29412/home/68882711,Charleston Trident MLS,25017847,N,Y,32.7268981,-79.9704753
MLS Listing,,Single Family Residential,1417 Roustabout Way,Charleston,SC,29414,520000,3,2.5,Boltons Landing,1818,6098,2012,35,286,44,Active,,,https://www.redfin.com/SC/Charleston/1417-Roustabout-Way-29414/home/68712184,Charleston Trident MLS,25017843,N,Y,32.8089907,-80.1010501
MLS Listing,,Single Family Residential,3038 Penny Ln,Johns Island,SC,29455,519900,3,2.5,The Bend at River Road,1948,9147,2004,35,267,20,Active,,,https://www.redfin.com/SC/Johns-Island/3038-Penny-Ln-29455/home/68873102,Charleston Trident MLS,25017841,N,Y,32.754115,-80.0427908
MLS Listing,,Single Family Residential,6 Dewey St,Charleston,SC,29403,630000,3,1.5,North Central,1700,2613,1906,35,371,,Active,,,https://www.redfin.com/SC/Charleston/6-Dewey-St-29403/home/108176219,Charleston Trident MLS,25017840,N,Y,32.7994488,-79.9506067
MLS Listing,,Single Family Residential,1878 Headquarters Plantation Dr,Johns Island,SC,29455,1550000,5,4.5,Headquarters Plantation,3636,13503,2014,35,426,83,Active,,,https://www.redfin.com/SC/Johns-Island/1878-Headquarters-Plantation-Dr-29455/home/108064448,Charleston Trident MLS,25017636,N,Y,32.7528575,-80.0187431
MLS Listing,,Single Family Residential,1722 Trewin Ct,Charleston,SC,29492,2225000,6,5.0,Daniel Island Smythe Park,3919,12196,2018,35,568,83,Active,,,https://www.redfin.com/SC/Daniel-Island/1722-Trewin-Ct-29492/home/143822091,Charleston Trident MLS,25017558,N,Y,32.8382376,-79.9079241
MLS Listing,,Single Family Residential,68 Vanderhorst St Unit A,Charleston,SC,29403,1025000,3,2.5,Vanderhorst,1670,4356,1890,36,614,,Active,,,https://www.redfin.com/SC/Charleston/68-Vanderhorst-St-29403/unit-A/home/196200895,Charleston Trident MLS,25017822,N,Y,32.7860172,-79.9430461
MLS Listing,,Single Family Residential,68 Vanderhorst St Unit B,Charleston,SC,29403,1050000,3,2.5,Vanderhorst,1720,4356,1890,36,610,,Active,,,https://www.redfin.com/SC/Charleston/68-Vanderhorst-St-29403/unit-B/home/68606174,Charleston Trident MLS,25017820,N,Y,32.7860172,-79.9430461
MLS Listing,,Vacant Land,1124 Ship Builder St,Charleston,SC,29492,2395000,,,Daniel Island,,23522,,36,,,Active,,,https://www.redfin.com/SC/Charleston/1124-Ship-Builder-St-29492/home/196199232,Charleston Trident MLS,25017811,N,Y,32.8910702,-79.8940842
MLS Listing,,Vacant Land,1171 Ship Builder St,Charleston,SC,29492,5295000,,,Daniel Island,,62726,,36,,,Active,,,https://www.redfin.com/SC/Charleston/1171-Ship-Builder-St-29492/home/196199231,Charleston Trident MLS,25017809,N,Y,32.8910702,-79.8940842
MLS Listing,,Vacant Land,1153 Ship Builder St,Charleston,SC,29492,4195000,,,Daniel Island,,21780,,36,,,Active,,,https://www.redfin.com/SC/Charleston/1153-Ship-Builder-St-29492/home/196199170,Charleston Trident MLS,25017808,N,Y,32.8910702,-79.8940842
MLS Listing,,Condo/Co-op,1820 Mepkin Rd #1019,Charleston,SC,29407,220000,2,1.5,Mepkin Place,960,871,1975,36,229,486,Active,,,https://www.redfin.com/SC/Charleston/1820-Mepkin-Rd-29407/unit-1019/home/108172900,Charleston Trident MLS,25017798,N,Y,32.8121274,-80.0219457
MLS Listing,,Single Family Residential,352 Matuskovic Dr,Charleston,SC,29414,475000,4,2.5,Grand Bees,1923,9583,2020,36,247,58,Active,,,https://www.redfin.com/SC/Charleston/352-Matuskovic-Dr-29414/home/172614882,Charleston Trident MLS,25017789,N,Y,32.823932,-80.101802
MLS Listing,,Single Family Residential,8 Tovey Rd,Charleston,SC,29407,625000,3,2.0,Carolina Terrace,1244,7405,1950,36,502,,Active,,,https://www.redfin.com/SC/Charleston/8-Tovey-Rd-29407/home/68622120,Charleston Trident MLS,25017773,N,Y,32.7873409,-79.9911039
MLS Listing,,Single Family Residential,914 Dill Ave,Charleston,SC,29412,925000,5,3.0,Lee Jackson Place,2416,20908,2018,36,383,,Active,,,https://www.redfin.com/SC/Charleston/914-Dill-Ave-29412/home/143074682,Charleston Trident MLS,25017762,N,Y,32.7324265,-79.9640962
MLS Listing,,Single Family Residential,747 Brant Rd,Charleston,SC,29414,515000,3,2.0,Longbranch,1594,10454,1983,36,323,,Active,,,https://www.redfin.com/SC/Charleston/747-Brant-Rd-29414/home/108098866,Charleston Trident MLS,25017739,N,Y,32.7976131,-80.0512439
MLS Listing,,Single Family Residential,1369 Miles Dr,Charleston,SC,29407,450000,3,2.0,Lenevar,1924,10018,1968,36,234,,Active,,,https://www.redfin.com/SC/Charleston/1369-Miles-Dr-29407/home/108037791,Charleston Trident MLS,25017732,N,Y,32.8063647,-79.9970231
MLS Listing,,Single Family Residential,1150 Oak Bluff Ave,Charleston,SC,29492,760000,5,4.5,Oak Bluff,1886,3920,2024,36,403,67,Active,August-1-2025 12:00 PM,August-1-2025 02:00 PM,https://www.redfin.com/SC/Charleston/1150-Oak-Bluff-Ave-29492/home/186197039,Charleston Trident MLS,25017730,N,Y,32.930865,-79.834872
MLS Listing,,Single Family Residential,1989 Nitsa St,Johns Island,SC,29455,539900,4,3.5,Cedar Springs,1898,16117,2023,36,284,,Active,,,https://www.redfin.com/SC/Johns-Island/1989-Nitsa-St-29455/home/108154503,Charleston Trident MLS,25017718,N,Y,32.716951,-80.06619
