SALE TYPE,SOLD DATE,PROPERTY TYPE,ADDRESS,CITY,STATE OR PROVINCE,ZIP OR POSTAL CODE,PRICE,BEDS,BATHS,LOCATION,SQUARE FEET,LOT SIZE,YEAR BUILT,DAYS ON MARKET,$/SQUARE FEET,HOA/MONTH,STATUS,NEXT OPEN HOUSE START TIME,NEXT OPEN HOUSE END TIME,URL (SEE https://www.redfin.com/buy-a-home/comparative-market-analysis FOR INFO ON PRICING),SOURCE,MLS#,FAVORITE,INTERESTED,LATITUDE,LONGITUDE
"In accordance with local MLS rules, some MLS listings are not included in the download"
MLS Listing,,Single Family Residential,4835 Sand Creek Ct,Rapid City,SD,57703,369900,4,2.0,TRAILWOOD VLG,1715,13068,1993,1,216,,Active,,,https://www.redfin.com/SD/Rapid-City/4835-Sand-Creek-Ct-57703/home/105041109,BHMLS,175087,N,Y,44.0565128,-103.1403837
MLS Listing,,Single Family Residential,4840 Papillion Dr,Rapid City,SD,57703,549000,3,2.0,ELKS CROSSING,1400,9583,2025,1,392,,Active,August-2-2025 11:30 AM,August-2-2025 01:00 PM,https://www.redfin.com/SD/Rapid-City/4840-Papillon-Dr-57703/home/194933998,BHMLS,175086,N,Y,44.0366229,-103.165051
MLS Listing,,Single Family Residential,12525 Jax Ct,Rapid City,SD,57702,586000,3,2.0,PACTOLA ESTATES,2358,109771,2001,1,249,,Active,August-3-2025 01:00 PM,August-3-2025 03:00 PM,https://www.redfin.com/SD/Rapid-City/12525-Jax-Ct-57702/home/143606139,BHMLS,175081,N,Y,44.047551,-103.550436
MLS Listing,,Single Family Residential,23137 Pactola Dr,Rapid City,SD,57702,537500,3,2.0,PACTOLA ESTATES,1651,96703,2002,1,326,,Active,,,https://www.redfin.com/SD/Rapid-City/23137-Pactola-Dr-57702/home/143606144,BHMLS,175079,N,Y,44.0455716,-103.547475
MLS Listing,,Single Family Residential,1916 9th St,Rapid City,SD,57701,540000,4,4.5,ST ELMO 1,2876,9148,1951,1,188,,Active,,,https://www.redfin.com/SD/Rapid-City/1916-9th-St-57701/home/105000280,BHMLS,175069,N,Y,44.0669226,-103.2340013
MLS Listing,,Single Family Residential,636 Earleen St,Rapid City,SD,57701,325000,3,2.0,KATELAND,1520,5663,2005,1,214,,Active,,,https://www.redfin.com/SD/Rapid-City/636-Earleen-St-57701/home/105048762,BHMLS,175066,N,Y,44.1265967,-103.2241596
MLS Listing,,Multi-Family (2-4 Unit),3311 W Rapid St,Rapid City,SD,57702,220000,4,,Rapid City,1536,7841,1952,1,143,,Active,,,https://www.redfin.com/SD/Rapid-City/3311-W-Rapid-St-57702/home/105028696,MRAOR,85513,N,Y,44.0829867,-103.2740382
MLS Listing,,Single Family Residential,5024 Sully Ct,Rapid City,SD,57703,328000,5,2.0,COUNTY HEIGHTS,2046,8276,1985,1,160,,Active,,,https://www.redfin.com/SD/Rapid-City/5024-Sully-Ct-57703/home/104889018,BHMLS,175062,N,Y,44.0694639,-103.1369425
MLS Listing,,Single Family Residential,230 E Meade St,Rapid City,SD,57701,289000,3,1.0,SOUTH PARK,912,7841,1957,1,317,,Active,August-2-2025 12:00 PM,August-2-2025 01:30 PM,https://www.redfin.com/SD/Rapid-City/230-E-Meade-St-57701/home/104969169,BHMLS,175061,N,Y,44.0642265,-103.2129276
MLS Listing,,Single Family Residential,623 Auburn Dr,Rapid City,SD,57701,300000,2,2.0,AUBURN HILLS,1106,5227,2003,2,271,,Active,,,https://www.redfin.com/SD/Rapid-City/623-Auburn-Dr-57701/home/105020740,BHMLS,175058,N,Y,44.1297156,-103.2250059
MLS Listing,,Single Family Residential,6606 Dunsmore Rd,Rapid City,SD,57702,499000,5,3.0,Red Rock Meadows,2608,12632,2007,2,191,,Active,August-2-2025 09:30 AM,August-2-2025 11:00 AM,https://www.redfin.com/SD/Rapid-City/6606-Dunsmore-Rd-57702/home/105011585,MRAOR,85501,N,Y,44.0204218,-103.2920075
MLS Listing,,Single Family Residential,115 42nd,Rapid City,SD,57702,299900,2,1.0,PLEASANT VALLEY,1134,6970,1951,2,264,,Active,,,https://www.redfin.com/SD/Rapid-City/115-42nd-St-57702/home/105012309,BHMLS,175052,N,Y,44.085192,-103.2903033
MLS Listing,,Single Family Residential,3715 W Omaha St,Rapid City,SD,57702,360000,4,2.0,ROUNDS C D,1856,6970,1956,2,194,,Active,,,https://www.redfin.com/SD/Rapid-City/3715-W-Omaha-St-57702/home/104918809,BHMLS,175051,N,Y,44.0831848,-103.2819233
MLS Listing,,Single Family Residential,22644 Hazel Ln,Rapid City,SD,57702,999900,4,3.0,MERCHEN ESTATES,3160,215186,2007,2,316,,Active,August-2-2025 12:00 PM,August-2-2025 02:00 PM,https://www.redfin.com/SD/Rapid-City/22644-Hazel-Ln-57702/home/104942535,BHMLS,175049,N,Y,44.1194978,-103.4051702
MLS Listing,,Single Family Residential,250 Other,Rapid City,SD,57702,479000,3,2.0,EDELWEISS MT,1800,143312,1977,2,266,,Active,,,https://www.redfin.com/SD/Rapid-City/250-Other-Unknown/home/196694791,BHMLS,175048,N,Y,44.0349498259892,-103.538320678711
MLS Listing,,Single Family Residential,250 Matterhorn Dr,Rapid City,SD,57702,479000,3,2.0,Edelweiss Mountain,1800,143312,1977,2,266,,Active,,,https://www.redfin.com/SD/Rapid-City/250-Matterhorn-Dr-57702/home/104895686,MRAOR,85491,N,Y,44.0350392,-103.5384269
MLS Listing,,Single Family Residential,6870 Walleye Way,Black Hawk,SD,57718,1300000,5,3.5,GEIDEL SOUTH SUBD,4005,160736,2025,2,325,,Active,,,https://www.redfin.com/SD/Black-Hawk/6870-Walleye-WAY-Unknown/home/189012410,BHMLS,175047,N,Y,44.1485641767738,-103.284927163696
MLS Listing,,Single Family Residential,3904 Hampton Ct,Rapid City,SD,57701,279000,4,1.0,ROBBINSDALE 10,1250,17860,1986,3,223,,Active,,,https://www.redfin.com/SD/Rapid-City/3904-Hampton-Ct-57701/home/107759320,BHMLS,175046,N,Y,44.0467631,-103.2084159
MLS Listing,,Single Family Residential,3897 Haralson Ln,Rapid City,SD,57703,343500,3,2.0,APPLE VALLEY SUBD,1410,6534,2024,3,244,,Active,August-3-2025 12:00 PM,August-3-2025 03:00 PM,https://www.redfin.com/SD/Rapid-City/3897-Haralson-Ln-57703/home/194691756,BHMLS,175045,N,Y,44.0440435,-103.1103954
MLS Listing,,Single Family Residential,4026 Magnum Rd,Rapid City,SD,57703,324900,2,1.0,MURPHY RANCH ES,922,7841,2025,3,352,,Active,,,https://www.redfin.com/SD/Rapid-City/4026-Magnum-Rd-57703/home/196686904,BHMLS,175043,N,Y,44.0453058,-103.1239245
MLS Listing,,Single Family Residential,4012 Magnum Rd,Rapid City,SD,57703,354900,3,3.0,MURPHY RANCH ES,1677,7841,2025,3,212,,Active,,,https://www.redfin.com/SD/Rapid-City/4012-Magnum-Rd-57703/home/196686903,BHMLS,175042,N,Y,44.0453058,-103.1239245
MLS Listing,,Mobile/Manufactured Home,1980 Country Rd,Rapid City,SD,57701,69000,3,2.0,Rapid City,1056,,2002,3,65,,Active,,,https://www.redfin.com/SD/Rapid-City/1980-Country-Rd-57701/home/104957898,BHMLS,175041,N,Y,44.127555,-103.183446
MLS Listing,,Mobile/Manufactured Home,1717 E Philadelphia,Rapid City,SD,57703,165000,3,2.0,SHEPARD'S MEADOW MOBILE HOME COMMUNITY,1153,,2022,3,143,,Active,,,https://www.redfin.com/SD/Rapid-City/1717-39-E-Philadelphia-St-57703/home/194618743,BHMLS,175039,N,Y,44.082268,-103.181834
MLS Listing,,Single Family Residential,2120 Lincoln Ave,Rapid City,SD,57701,234900,3,1.0,SOUTH PARK,720,7405,1955,3,326,,Active,,,https://www.redfin.com/SD/Rapid-City/2120-Lincoln-Ave-57701/home/105000622,BHMLS,175038,N,Y,44.0649474,-103.2165549
MLS Listing,,Single Family Residential,408 Field View Dr,Rapid City,SD,57701,409900,3,2.0,PARK HILL,1654,10454,2010,3,248,,Active,,,https://www.redfin.com/SD/Rapid-City/408-Field-View-Dr-57701/home/104975663,BHMLS,175031,N,Y,44.0402168,-103.209109
MLS Listing,,Single Family Residential,2137 Other,Rapid City,SD,57701,289000,3,1.0,Cloverdale Subdivision,1092,6970,1959,4,265,,Active,,,https://www.redfin.com/SD/Rapid-City/2137-Other-57701/home/196654592,MRAOR,85480,N,Y,44.0639935281609,-103.200884651273
MLS Listing,,Mobile/Manufactured Home,1717.18 E Philadelphia,Rapid City,SD,57703,260000,3,2.0,SHEPARD'S MEADOW MOBILE HOME COMMUNITY,1512,,2023,4,172,,Active,,,https://www.redfin.com/SD/Rapid-City/1717-18-E-Philadelphia-St-57703/home/196651862,BHMLS,175027,N,Y,44.082268,-103.181834
MLS Listing,,Single Family Residential,2137 Maywood Dr,Rapid City,SD,57701,289000,3,1.0,CLOVERDALE,1092,6970,1959,4,265,,Active,,,https://www.redfin.com/SD/Rapid-City/2137-Maywood-Dr-57701/home/104982962,BHMLS,175025,N,Y,44.0640516,-103.200931
MLS Listing,,Single Family Residential,217 Isaac St,Rapid City,SD,57703,643995,4,2.5,SHEPHERD HILLS SOUTH SUBD,2476,10454,2024,4,260,,Active,,,https://www.redfin.com/SD/Rapid-City/217-Isaac-St-57703/home/190603282,BHMLS,175024,N,Y,44.083919525146484,-103.17420959472656
MLS Listing,,Single Family Residential,306 Miriam Ct,Rapid City,SD,57703,778450,4,3.0,SHEPHERD HILLS SOUTH SUBD,1939,10454,2025,4,401,,Active,,,https://www.redfin.com/SD/Rapid-City/306-Miriam-St-57703/home/196503073,BHMLS,175022,N,Y,44.08481979370117,-103.17301177978516
MLS Listing,,Single Family Residential,246 Enchantment Dr,Rapid City,SD,57701,414900,3,2.0,EASTRIDGE ESTAT,1447,5663,2014,4,287,,Active,,,https://www.redfin.com/SD/Rapid-City/246-Enchantment-Rd-57701/home/104990742,BHMLS,175021,N,Y,44.0349272,-103.2228422
MLS Listing,,Single Family Residential,358 N Valley Dr,Rapid City,SD,57703,330000,3,2.0,SHEPHERD HILLS SOUTH SUBD,1099,6970,2025,4,300,,Active,,,https://www.redfin.com/SD/Rapid-City/358-N-Valley-Dr-57703/home/196649264,BHMLS,175020,N,Y,44.0788529,-103.1718973
MLS Listing,,Single Family Residential,235 N Valley Dr,Rapid City,SD,57703,409995,3,2.0,SHEPHERD HILLS SOUTH SUBD,1099,7405,2025,4,373,,Active,,,https://www.redfin.com/SD/Rapid-City/235-N-Valley-Dr-57703/home/196429129,BHMLS,175017,N,Y,44.0782077,-103.1714919
MLS Listing,,Single Family Residential,23010 Panther Ln,Rapid City,SD,57702,1150000,3,3.5,JOHNSON SUB,2928,87991,2023,4,393,,Active,,,https://www.redfin.com/SD/Rapid-City/23010-Other-Unknown/home/189143432,BHMLS,175016,N,Y,44.065545,-103.407899
MLS Listing,,Single Family Residential,8704 Highland Hills Rd,Rapid City,SD,57702,565000,3,2.0,HIGHLAND HILLS,2990,81022,1977,4,189,,Active,,,https://www.redfin.com/SD/Rapid-City/8704-Highland-Hills-Rd-57702/home/104999580,BHMLS,175015,N,Y,44.0012134,-103.2941835
MLS Listing,,Single Family Residential,300 Miriam Ct,Rapid City,SD,57703,649995,3,2.0,SHEPHERD HILLS SOUTH SUBD,1688,11761,2025,4,385,,Active,,,https://www.redfin.com/SD/Rapid-City/300-Miriam-St-57703/home/194978352,BHMLS,175012,N,Y,44.08433151245117,-103.17323303222656
MLS Listing,,Single Family Residential,23032 Thunderhead Falls Rd,Rapid City,SD,57702,1950000,3,2.5,HISEGA,2882,25265,1965,4,677,,Active,,,https://www.redfin.com/SD/Rapid-City/23032-Thunderhead-Falls-Rd-57702/home/104943369,BHMLS,175010,N,Y,44.0629496,-103.4155432
MLS Listing,,Single Family Residential,1225 Duffer Dr,Rapid City,SD,57702,675000,2,2.5,VILLAGE ON THE,2916,9583,1994,5,231,,Active,,,https://www.redfin.com/SD/Rapid-City/1225-Duffer-Dr-57702/home/105020610,BHMLS,175009,N,Y,43.980933,-103.2464229
MLS Listing,,Single Family Residential,4012 Chief Dr,Rapid City,SD,57701,289900,4,2.0,MALLRIDGE SUB 2,1724,7841,1980,6,168,,Active,,,https://www.redfin.com/SD/Rapid-City/4012-Chief-Dr-57701/home/105028794,BHMLS,175007,N,Y,44.1242825,-103.2221013
MLS Listing,,Single Family Residential,840 N Spruce,Rapid City,SD,57701,130000,3,2.0,MEADOWLARK HILLS,1216,,2012,6,107,,Active,,,https://www.redfin.com/SD/Rapid-City/840-N-Spruce-St-57701/home/107743203,BHMLS,175003,N,Y,44.0903664,-103.1929964
MLS Listing,,Vacant Land,4022 Linden Ln,Rapid  City,SD,57702,450000,,,MUNDERLOH,,84071,,7,,,Active,,,https://www.redfin.com/SD/Rapid-City/4022-Linden-Ln-57702/home/105048120,BHMLS,174995,N,Y,44.0668802,-103.2866394
MLS Listing,,Single Family Residential,22376 Bunco Ct,Rapid City,SD,57701,539900,4,4.0,Rolling Dice Subdivision,2720,135907,2006,7,198,,Active,,,https://www.redfin.com/SD/Rapid-City/22376-Bunco-Ct-57701/home/105184814,MRAOR,85457,N,Y,44.1586151,-103.1748559
MLS Listing,,Single Family Residential,4420 Parkview Dr,Rapid City,SD,57701,525000,4,3.0,CRAIG ESTATES,2562,10454,2004,7,205,,Active,,,https://www.redfin.com/SD/Rapid-City/4420-Parkview-Dr-57701/home/104932856,BHMLS,174976,N,Y,44.0407991,-103.2114965
MLS Listing,,Vacant Land,4742 Papillion Dr,Rapid City,SD,57703,84000,,,ELKS CROSSING,,13504,,7,,,Active,,,https://www.redfin.com/SD/Rapid-City/4742-Papillon-Dr-57703/home/196612905,BHMLS,174974,N,Y,44.037066,-103.165154
MLS Listing,,Vacant Land,3119 Rombauer Dr,Rapid City,SD,57703,112000,,,ELKS CROSSING,,23958,,7,,,Active,,,https://www.redfin.com/SD/Rapid-City/3119-Rombauer-Dr-57703/home/196612418,BHMLS,174973,N,Y,44.036752,-103.164227
MLS Listing,,Single Family Residential,195 Swiss Dr,Rapid City,SD,57702,529000,4,2.0,EDELWEISS MT,2200,34848,1977,7,240,,Active,,,https://www.redfin.com/SD/Rapid-City/195-Swiss-Dr-57702/home/104991591,BHMLS,174971,N,Y,44.041907,-103.5408002
MLS Listing,,Single Family Residential,2670 Wildhorse Dr,Rapid City,SD,57703,724900,5,3.5,BLACK GAP,2928,28314,2004,7,248,,Active,,,https://www.redfin.com/SD/Rapid-City/2670-Wildhorse-Dr-57703/home/104908926,BHMLS,174968,N,Y,43.97404,-103.1713027
MLS Listing,,Single Family Residential,1627 38th St,Rapid City,SD,57702,418000,4,2.0,LEISURE ACRES,1920,8712,1952,7,218,,Active,August-3-2025 11:00 AM,August-3-2025 12:30 PM,https://www.redfin.com/SD/Rapid-City/1627-38th-St-57702/home/104917976,BHMLS,174967,N,Y,44.0701921,-103.2831583
MLS Listing,,Single Family Residential,3202 Iris Dr,Rapid City,SD,57702,799900,5,3.5,CANYON LAKE HT,3775,13504,1971,8,212,,Active,,,https://www.redfin.com/SD/Rapid-City/3202-Iris-Dr-57702/home/104876524,BHMLS,174966,N,Y,44.0545131,-103.2839311
MLS Listing,,Single Family Residential,8403 Okpealuk St,Rapid City,SD,57702,514950,4,2.0,WHISPERING PINE,1976,40075,1977,8,261,,Active,,,https://www.redfin.com/SD/Rapid-City/8403-Okpealuk-St-57702/home/105047689,BHMLS,174962,N,Y,44.0037624,-103.2989581
MLS Listing,,Single Family Residential,14134 Stagecoach Ln,Piedmont,SD,57769,850000,6,3.0,PRAIRIE HAVEN,3150,71438,2020,8,270,,Active,,,https://www.redfin.com/SD/Piedmont/14134-Stagecoach-Ln-57769/home/172608162,BHMLS,174958,N,Y,44.2235163,-103.2242171
MLS Listing,,Single Family Residential,1014 Sycamore,Rapid City,SD,57701,352900,3,2.0,ROBBINSDALE 8,1774,8276,1989,8,199,,Active,,,https://www.redfin.com/SD/Rapid-City/1014-Sycamore-St-57701/home/104931594,BHMLS,174955,N,Y,44.0503091,-103.1990657
MLS Listing,,Single Family Residential,304 Isaac St,Rapid City,SD,57703,734995,4,3.5,SHEPHERD HILLS SOUTH SUBD,2754,10454,2025,8,267,,Active,,,https://www.redfin.com/SD/Rapid-City/304-Isaac-St-57703/home/193326060,BHMLS,174954,N,Y,44.085282,-103.175691
MLS Listing,,Single Family Residential,226 Isaac St,Rapid City,SD,57703,598995,3,2.5,SHEPHERD HILLS SOUTH SUBD,2208,9583,2024,8,271,,Active,,,https://www.redfin.com/SD/Rapid-City/226-Isaac-St-57703/home/190272205,BHMLS,174953,N,Y,44.084449768066406,-103.17417907714844
MLS Listing,,Single Family Residential,4505 Portrush Rd,Rapid City,SD,57702,497000,3,3.0,RED ROCK SHADOWS 2,2597,6970,2013,8,191,,Active,,,https://www.redfin.com/SD/Rapid-City/4505-Portrush-Rd-57702/home/104942864,BHMLS,174952,N,Y,44.0165151,-103.2940472
MLS Listing,,Single Family Residential,4203 Foothill Dr,Rapid City,SD,57701,449900,3,3.0,ARROWHEAD ESTAT,2208,23958,1973,8,204,,Active,,,https://www.redfin.com/SD/Rapid-City/4203-Foothill-Dr-57702/home/104957740,BHMLS,174950,N,Y,44.0431424,-103.2596326
MLS Listing,,Single Family Residential,3335 Kerry Dr,Rapid City,SD,57702,545000,3,2.0,PINEWOOD EST,3618,33977,1978,8,151,,Active,,,https://www.redfin.com/SD/Rapid-City/3335-Kerry-Dr-57702/home/105029123,BHMLS,174949,N,Y,44.0068205,-103.2927516
MLS Listing,,Single Family Residential,3953 Fairway Hills Dr,Rapid Ciy,SD,57702,305000,2,2.0,PARK WEST CONDOMINIUMS,1083,3049,1984,8,282,,Active,,,https://www.redfin.com/SD/Rapid-City/3953-Fairway-Hills-Dr-57702/home/105000868,BHMLS,174947,N,Y,44.046016,-103.265562
MLS Listing,,Single Family Residential,17 St Andrew St,Rapid City,SD,57701,249900,2,1.0,SUNNYSIDE ADD,768,5663,1950,9,325,,Active,,,https://www.redfin.com/SD/Rapid-City/17-Saint-Andrew-St-57701/home/104990190,BHMLS,174945,N,Y,44.0683106,-103.2179065
MLS Listing,,Single Family Residential,4208 Foothill Dr,Rapid City,SD,57702,372900,2,2.0,ARROWHEAD ESTAT,1760,23958,1973,9,212,,Active,,,https://www.redfin.com/SD/Rapid-City/4208-Foothill-Dr-57702/home/104894644,BHMLS,174944,N,Y,44.0425817,-103.261291
MLS Listing,,Single Family Residential,1021 Alta Vista Dr,Rapid City,SD,57701,515000,3,3.0,TERRACITA HGLTS,2560,11326,2003,9,201,,Active,August-3-2025 03:00 PM,August-3-2025 04:30 PM,https://www.redfin.com/SD/Rapid-City/1021-Alta-Vista-Dr-57701/home/104950626,BHMLS,174943,N,Y,44.0470168,-103.2365466
MLS Listing,,Single Family Residential,23759 Limestone Ln,Rapid City,SD,57702,989000,3,2.5,No Subdivision,2064,174676,2018,9,479,,Active,,,https://www.redfin.com/SD/Rapid-City/23759-Limestone-Ln-57702/home/165861419,BHMLS,174933,N,Y,43.9616294,-103.2754336
MLS Listing,,Mobile/Manufactured Home,1717.103 E Philadelphia,Rapid City,SD,57701,210000,3,2.0,SHEPARD'S MEADOW MOBILE HOME COMMUNITY,1155,,2024,9,182,,Active,,,https://www.redfin.com/SD/Rapid-City/1717-103-E-Philadelphia-St-57701/home/196555014,BHMLS,174932,N,Y,44.082268,-103.181834
MLS Listing,,Single Family Residential,3034 Olive Grove Ct,Rapid City,SD,57703,449000,2,2.0,ORCHARD MEADOWS,1504,7405,2018,9,299,,Active,,,https://www.redfin.com/SD/Rapid-City/3034-Olive-Grove-Ct-57703/home/160922161,BHMLS,174931,N,Y,44.0556898,-103.1570098
MLS Listing,,Mobile/Manufactured Home,1717.102 E Philadelphia,Rapid City,SD,57701,210000,3,2.0,SHEPARD'S MEADOW MOBILE HOME COMMUNITY,1155,,2025,9,182,,Active,,,https://www.redfin.com/SD/Rapid-City/1717-102-E-Philadelphia-St-57701/home/196554412,BHMLS,174930,N,Y,44.082268,-103.181834
MLS Listing,,Mobile/Manufactured Home,1717.101 E Philadelphia,Rapid City,SD,57701,210000,3,2.0,SHEPARD'S MEADOW MOBILE HOME COMMUNITY,1155,,2025,9,182,,Active,,,https://www.redfin.com/SD/Rapid-City/1717-101-E-Philadelphia-St-57701/home/196553115,BHMLS,174928,N,Y,44.082268,-103.181834
MLS Listing,,Single Family Residential,2812 Lynnwood Dr,Rapid City,SD,57701,350000,2,2.0,ROBBINSDALE TERRACE 2,1836,12197,1960,9,191,,Active,,,https://www.redfin.com/SD/Rapid-City/2812-Lynnwood-Dr-57701/home/104888255,BHMLS,174926,N,Y,44.057841,-103.2189836
MLS Listing,,Single Family Residential,3 Indiana St,Rapid City,SD,57702,225000,3,1.0,ROBBINSDALE TERRACE,912,8276,1957,9,247,,Active,,,https://www.redfin.com/SD/Rapid-City/3-Indiana-St-57701/home/104950727,BHMLS,174915,N,Y,44.0621261,-103.2170501
MLS Listing,,Vacant Land,315 Lindbergh Ave,Rapid City,SD,57701,149000,,,MAHONEY ADD,,41382,,9,,,Active,,,https://www.redfin.com/SD/Rapid-City/315-Lindbergh-Ave-57701/home/105028611,BHMLS,174904,N,Y,44.100007,-103.220169
MLS Listing,,Single Family Residential,8000 Meadow View Ct,Rapid City,SD,57702,1299900,4,2.5,STAGEBARN HTS,4850,653836,2002,10,268,,Active,,,https://www.redfin.com/SD/Rapid-City/8000-Meadowview-Ct-57702/home/105184504,BHMLS,174901,N,Y,44.1598442,-103.3894269
MLS Listing,,Single Family Residential,B3L5 Mcintosh Ln,Rapid City,SD,57703,310400,2,1.0,APPLE VALLEY SUBD,1015,6534,2026,10,306,,Active,August-3-2025 12:00 PM,August-3-2025 03:00 PM,https://www.redfin.com/SD/Rapid-City/B3L5-Mcintosh-LN-57703/home/196542133,BHMLS,174900,N,Y,44.043630302527,-103.109960707474
MLS Listing,,Single Family Residential,B3L4 Mcintosh Ln,Rapid City,SD,57703,310200,2,1.0,APPLE VALLEY SUBD,985,6534,2026,10,315,,Active,August-3-2025 12:00 PM,August-3-2025 03:00 PM,https://www.redfin.com/SD/Rapid-City/B3L4-Mcintosh-LN-57703/home/196542116,BHMLS,174899,N,Y,44.0434991983608,-103.11002508049
MLS Listing,,Single Family Residential,B3L3 Mcintosh Ln,Rapid City,SD,57703,296200,2,1.0,APPLE VALLEY SUBD,930,6534,2026,10,318,,Active,August-3-2025 12:00 PM,August-3-2025 03:00 PM,https://www.redfin.com/SD/Rapid-City/B3L3-Mcintosh-LN-57703/home/196542084,BHMLS,174898,N,Y,44.0435531824644,-103.109681757736
MLS Listing,,Single Family Residential,B3L2 Mcintosh Ln,Rapid City,SD,57703,281700,2,1.0,APPLE VALLEY SUBD,947,6534,2026,10,297,,Active,August-3-2025 12:00 PM,August-3-2025 03:00 PM,https://www.redfin.com/SD/Rapid-City/B3L2-Mcintosh-LN-57703/home/196542032,BHMLS,174897,N,Y,44.0434760623014,-103.109628113556
MLS Listing,,Townhouse,4902 Stoney Brook Ct,Rapid City,SD,57702,267500,3,2.0,Autumn Hills,1672,3485,1985,10,160,,Active,,,https://www.redfin.com/SD/Rapid-City/4902-Stoney-Brook-Ct-57702/home/105020274,MRAOR,85396,N,Y,44.0354414,-103.2718235
MLS Listing,,Single Family Residential,623 Braelynn Ln,Rapid City,SD,57703,429900,4,3.0,HOMESTEAD,2118,6534,2019,10,203,,Active,,,https://www.redfin.com/SD/Rapid-City/623-Braelynn-Ln-57703/home/172514449,BHMLS,174894,N,Y,44.0777244,-103.1336919
MLS Listing,,Single Family Residential,1018 Gladys St,Rapid City,SD,57701,495000,4,3.0,RAINBOW RIDGE,2500,7841,2008,10,198,,Active,,,https://www.redfin.com/SD/Rapid-City/1018-Gladys-St-57701/home/105011449,BHMLS,174889,N,Y,44.1191425,-103.2332945
MLS Listing,,Single Family Residential,3226 Hall St,Rapid City,SD,57702,337000,3,2.0,MARY HALL,1679,7405,1983,10,201,,Active,,,https://www.redfin.com/SD/Rapid-City/3226-Hall-St-57702/home/104932007,BHMLS,174887,N,Y,44.0810248,-103.2724587
MLS Listing,,Single Family Residential,5317 Silverton St,Rapid City,SD,57703,500000,4,3.0,HILLSVIEW ESTATES,2171,11761,2023,10,230,,Active,,,https://www.redfin.com/SD/Rapid-City/5317-Silverton-ST-57703/home/184541177,BHMLS,174886,N,Y,44.078514,-103.133345
MLS Listing,,Single Family Residential,5220 Pinedale Cir,Rapid City,SD,57702,723000,4,3.0,PINEDALE HEIGHT,3100,80586,1992,11,233,,Active,,,https://www.redfin.com/SD/Rapid-City/5220-Pinedale-Cir-57702/home/104951199,BHMLS,174881,N,Y,44.0816962,-103.3061671
MLS Listing,,Single Family Residential,3100 New England St,Rapid City,SD,57703,419000,3,3.0,COPPERFIELD VISTAS,2010,6098,2009,11,208,,Active,,,https://www.redfin.com/SD/Rapid-City/3100-New-England-St-57703/home/104983296,BHMLS,174874,N,Y,44.0747605,-103.1643582
MLS Listing,,Vacant Land,TBD Pine Hills Dr,Rapid City,SD,57702,260000,,,PINE HILLS,,196456,,11,,,Active,,,https://www.redfin.com/SD/Rapid-City/TBD-Pine-Hills-Dr-57702/home/180498111,BHMLS,174873,N,Y,44.095937965293,-103.291743412781
MLS Listing,,Mobile/Manufactured Home,2780.43 143rd Ave,Rapid City,SD,57701,120000,3,2.0,Rapid City,1150,,2025,11,104,,Active,,,https://www.redfin.com/SD/Rapid-City/2780-43-143rd-Ave-57701/home/196512166,MRAOR,85365,N,Y,44.114569,-103.189027
MLS Listing,,Single Family Residential,314 St Charles,Rapid City,SD,57701,379000,4,2.0,ROBBINSDALE,2140,8712,1951,11,177,,Active,,,https://www.redfin.com/SD/Rapid-City/314-Saint-Charles-St-57701/home/104925726,BHMLS,174865,N,Y,44.0697662,-103.2248329
MLS Listing,,Vacant Land,3118 Rombauer Dr,Rapid City,SD,57703,127900,,,ELKS CROSSING,,39640,,11,,,Active,,,https://www.redfin.com/SD/Rapid-City/3118-Rombauer-DR-57703/home/185092964,BHMLS,174862,N,Y,44.037186,-103.164259
MLS Listing,,Single Family Residential,626 Willsie Ave,Rapid City,SD,57701,199900,2,1.0,NORTH RAPID ADD,700,6970,1949,12,286,,Active,,,https://www.redfin.com/SD/Rapid-City/626-Willsie-Ave-57701/home/105000193,BHMLS,174838,N,Y,44.089822,-103.2186559
MLS Listing,,Single Family Residential,5603 Crystalline Hills Dr,Rapid City,SD,57703,201500,2,1.0,ENNEN SUBD,688,4356,2025,14,293,,Active,August-3-2025 12:00 PM,August-3-2025 03:00 PM,https://www.redfin.com/SD/Rapid-City/5603-Crystalline-Hills-DR-57703/home/196502638,BHMLS,174827,N,Y,44.0798964487503,-103.129326256561
MLS Listing,,Single Family Residential,5518 Crystalline Hills Dr,Rapid City,SD,57703,201500,2,1.0,ENNEN SUBD,688,4356,2025,14,293,,Active,August-10-2025 12:00 PM,August-10-2025 03:00 PM,https://www.redfin.com/SD/Rapid-City/5518-Crystalline-Hills-DR-57703/home/196502637,BHMLS,174826,N,Y,44.0802509825027,-103.12941208725
MLS Listing,,Single Family Residential,5510 Crystalline Hills Dr,Rapid City,SD,57703,201500,2,1.0,ENNEN SUBD,688,4356,2025,14,293,,Active,August-3-2025 12:00 PM,August-3-2025 03:00 PM,https://www.redfin.com/SD/Rapid-City/5510-Crystalline-Hills-DR-57703/home/196502631,BHMLS,174825,N,Y,44.0802818114242,-103.129733952332
MLS Listing,,Single Family Residential,5611 Crystalline Hills Dr,Rapid City,SD,57703,217700,2,1.0,ENNEN SUBD,800,4356,2025,14,272,,Active,August-3-2025 12:00 PM,August-3-2025 03:00 PM,https://www.redfin.com/SD/Rapid-City/5611-Crystalline-Hills-DR-57703/home/196502416,BHMLS,174824,N,Y,44.0798656196278,-103.128467949677
MLS Listing,,Single Family Residential,5607 Crystalline Hills Dr,Rapid City,SD,57703,217700,2,1.0,ENNEN SUBD,800,4356,2025,14,272,,Active,August-3-2025 12:00 PM,August-3-2025 03:00 PM,https://www.redfin.com/SD/Rapid-City/5607-Crystalline-Hills-DR-57703/home/196502414,BHMLS,174823,N,Y,44.0798964487502,-103.128961476135
MLS Listing,,Single Family Residential,5608 Crystalline Hills Dr,Rapid City,SD,57703,217700,2,1.0,ENNEN SUBD,800,4356,2025,14,272,,Active,August-3-2025 12:00 PM,August-3-2025 03:00 PM,https://www.redfin.com/SD/Rapid-City/5608-Crystalline-Hills-DR-57703/home/196502359,BHMLS,174821,N,Y,44.0803280547764,-103.128510865021
MLS Listing,,Single Family Residential,5526 Crystalline Hills Dr,Rapid City,SD,57703,217700,2,1.0,ENNEN SUBD,800,4356,2025,14,272,,Active,August-3-2025 12:00 PM,August-3-2025 03:00 PM,https://www.redfin.com/SD/Rapid-City/5526-Crystalline-Hills-DR-57703/home/196502358,BHMLS,174819,N,Y,44.0802972258789,-103.129272612381
MLS Listing,,Single Family Residential,5604 Crystalline Hills Dr,Rapid City,SD,57703,217700,2,1.0,ENNEN SUBD,800,4356,2025,14,272,,Active,August-3-2025 12:00 PM,August-3-2025 03:00 PM,https://www.redfin.com/SD/Rapid-City/5604-Crystalline-Hills-DR-57703/home/196502357,BHMLS,174820,N,Y,44.0803588836578,-103.128982933807
MLS Listing,,Single Family Residential,5502 Crystalline Hills Dr,Rapid City,SD,57703,221700,2,1.0,ENNEN SUBD,800,5663,2025,14,277,,Active,August-3-2025 12:00 PM,August-3-2025 03:00 PM,https://www.redfin.com/SD/Rapid-City/5502-Crystalline-Hills-DR-57703/home/196502278,BHMLS,174818,N,Y,44.0802033628697,-103.129767302902
MLS Listing,,Single Family Residential,B1L4 Ennen Dr,Rapid City,SD,57703,343300,1,1.0,ENNEN SUBD,985,7841,2025,14,349,,Active,August-3-2025 12:00 PM,August-3-2025 03:00 PM,https://www.redfin.com/SD/Rapid-City/B1L4-Ennen-Dr-57703/home/196502242,BHMLS,174817,N,Y,44.0803897125232,-103.130801471519
MLS Listing,,Single Family Residential,410 Ennen Dr,Rapid,SD,57703,343900,4,2.0,ENNEN SUBD,1688,7841,2025,14,204,,Active,August-3-2025 12:00 PM,August-3-2025 03:00 PM,https://www.redfin.com/SD/Rapid-City/410-Ennen-Dr-57703/home/196501538,BHMLS,174816,N,Y,44.0796737,-103.1302148
MLS Listing,,Single Family Residential,B1L2 Ennen Dr,Rapid City,SD,57703,399200,5,3.0,ENNEN SUBD,2200,7841,2026,14,181,,Active,August-3-2025 12:00 PM,August-3-2025 03:00 PM,https://www.redfin.com/SD/Rapid-City/B1L2-Ennen-Dr-57703/home/196501274,BHMLS,174815,N,Y,44.080220153565,-103.130742462921
MLS Listing,,Single Family Residential,B1L5 Ennen Dr,Rapid City,SD,57703,368800,5,3.0,ENNEN SUBD,2200,8712,2025,14,168,,Active,August-3-2025 12:00 PM,August-3-2025 03:00 PM,https://www.redfin.com/SD/Rapid-City/B1L5-Ennen-Dr-57703/home/196501243,BHMLS,174814,N,Y,44.0807827791481,-103.130806835938
MLS Listing,,Single Family Residential,B1L3 Ennen Dr,Rapid City,SD,57703,335000,2,1.0,ENNEN SUBD,952,7841,2026,14,352,,Active,August-3-2025 12:00 PM,August-3-2025 03:00 PM,https://www.redfin.com/SD/Rapid-City/B1L3-Ennen-Dr-57703/home/196501177,BHMLS,174812,N,Y,44.0803357619983,-103.130839022446
MLS Listing,,Single Family Residential,834 E Tallent St,Rapid City,SD,57701,250000,3,1.0,SOUTH ROBBINSDALE,864,6970,1954,14,289,,Active,,,https://www.redfin.com/SD/Rapid-City/834-E-Tallent-St-57701/home/104958262,BHMLS,174811,N,Y,44.0636949,-103.2021742
MLS Listing,,Single Family Residential,10225 W Hwy 44,Rapid City,SD,57702,530000,5,2.5,HERITAGE HMSTD,2584,93654,1971,14,205,,Active,,,https://www.redfin.com/SD/Rapid-City/10225-W-Highway-44-57702/home/104943333,BHMLS,174810,N,Y,44.0653253,-103.3971698
MLS Listing,,Single Family Residential,B1L1 Ennen Dr,Rapid City,SD,57703,353000,3,2.0,ENNEN SUBD,1410,7841,2026,14,250,,Active,August-3-2025 12:00 PM,August-3-2025 03:00 PM,https://www.redfin.com/SD/Rapid-City/B1L1-Ennen-Dr-57703/home/196501100,BHMLS,174809,N,Y,44.0798733269099,-103.130721005249
MLS Listing,,Single Family Residential,B2L1 Ennen Dr,Rapid City,SD,57703,304600,2,1.0,ENNEN SUBD,952,9583,2025,14,320,,Active,August-3-2025 12:00 PM,August-3-2025 03:00 PM,https://www.redfin.com/SD/Rapid-City/B2L1-Ennen-Dr-57703/home/196501011,BHMLS,174808,N,Y,44.0814918339064,-103.130860480118
MLS Listing,,Single Family Residential,1016 West Blvd,Rapid City,SD,57701,699000,4,3.5,WEST BLVD,2890,4356,1916,14,242,,Active,,,https://www.redfin.com/SD/Rapid-City/1016-West-Blvd-57701/home/104909216,BHMLS,174807,N,Y,44.0761075,-103.2357973
MLS Listing,,Vacant Land,3732 Tuscany Pl,Rapid City,SD,57702,150000,,,TUSCANY AT CLIF,,12632,,14,,,Active,,,https://www.redfin.com/SD/Rapid-City/3732-Tuscany-Pl-57702/home/105067316,BHMLS,174806,N,Y,44.049244,-103.260908
MLS Listing,,Vacant Land,2427 Holiday Ln,Rapid City,SD,57702,150000,,,TUSCANY AT CLIF,,14375,,14,,,Active,,,https://www.redfin.com/SD/Rapid-City/2427-Holiday-Ln-57702/home/105047557,BHMLS,174804,N,Y,44.04884,-103.261129
MLS Listing,,Vacant Land,2516 Holiday Ln,Rapid City,SD,57702,150000,,,TUSCANY AT CLIF,,29185,,14,,,Active,,,https://www.redfin.com/SD/Rapid-City/2516-Holiday-Ln-57702/home/105020696,BHMLS,174802,N,Y,44.0490629,-103.2619689
MLS Listing,,Single Family Residential,605 Enchanted Pines Dr,Rapid City,SD,57701,850000,5,3.0,ENCHANTED HILLS,3350,20038,2009,14,254,,Active,,,https://www.redfin.com/SD/Rapid-City/605-Enchanted-Pines-Dr-57701/home/104991132,BHMLS,174801,N,Y,44.037377,-103.2290617
MLS Listing,,Vacant Land,Tract 5 Nike Rd,Rapid City,SD,57701,359879,,,Rapid City,,1751548,,14,,,Active,,,https://www.redfin.com/SD/Rapid-City/5-W-Nike-Rd-57701/home/189922960,MRAOR,85317,N,Y,44.1352339,-103.198533
MLS Listing,,Single Family Residential,1240 Kings Rd,Rapid City,SD,57702,1295000,3,3.0,SOUTH CANYON CO,3224,45738,1996,14,402,,Active,,,https://www.redfin.com/SD/Rapid-City/1240-Kings-Rd-57702/home/105007296,BHMLS,174798,N,Y,44.0981016,-103.3584772
MLS Listing,,Single Family Residential,1021 Blaine Ave,Rapid City,SD,57701,249000,3,2.0,MILLARD ADD,1676,6970,1956,15,149,,Active,,,https://www.redfin.com/SD/Rapid-City/1021-Blaine-Ave-57701/home/104982989,BHMLS,174797,N,Y,44.0951689,-103.2164015
MLS Listing,,Single Family Residential,710 Braelynn Ln,Rapid City,SD,57703,449000,4,3.0,HOMESTEAD,2000,16553,2021,15,225,,Active,,,https://www.redfin.com/SD/Rapid-City/710-Braelynn-Ln-57703/home/180662549,BHMLS,174796,N,Y,44.0778875,-103.1318226
MLS Listing,,Single Family Residential,5072 Savannah St,Rapid City,SD,57703,324900,3,2.0,TRAILWOOD VLG,1472,9148,2010,15,221,,Active,,,https://www.redfin.com/SD/Rapid-City/5072-Savannah-St-57703/home/105042228,BHMLS,174790,N,Y,44.0590334,-103.1361272
MLS Listing,,Single Family Residential,215 Stanley Ct,Rapid City,SD,57702,425000,4,2.0,Rapid City,2444,7405,1956,15,174,,Active,,,https://www.redfin.com/SD/Rapid-City/215-Stanley-Ct-57702/home/104931986,MRAOR,85308,N,Y,44.0871138,-103.293773
MLS Listing,,Single Family Residential,4262 Fieldstone Dr,Rapid City,SD,57703,499900,4,2.5,ELKS CROSSING,1967,10890,2011,15,254,,Active,,,https://www.redfin.com/SD/Rapid-City/4262-Fieldstone-Dr-57703/home/104931335,BHMLS,174780,N,Y,44.0421922,-103.1640204
MLS Listing,,Single Family Residential,101 Belleview Dr,Rapid City,SD,57701,279900,3,1.0,South Belleview,1084,9148,1952,15,258,,Active,,,https://www.redfin.com/SD/Rapid-City/101-Belleview-Dr-57701/home/105001285,MRAOR,85304,N,Y,44.0702649,-103.2165093
MLS Listing,,Single Family Residential,14141 Wagon Master Way,Piedmont,SD,57769,724900,5,3.0,PRAIRIE HAVEN,3293,71003,2025,16,220,,Active,,,https://www.redfin.com/SD/PIEDMONT/14141-Wagon-Master-WAY-57769/home/196451195,BHMLS,174776,N,Y,44.2195784081657,-103.222480201804
MLS Listing,,Single Family Residential,5420 Williams St,Rapid City,SD,57703,279000,3,2.5,TRAILWOOD VLG,1371,3920,2004,16,204,,Active,,,https://www.redfin.com/SD/Rapid-City/5420-Williams-St-57703/home/104942181,BHMLS,174772,N,Y,44.0554386,-103.1322047
MLS Listing,,Single Family Residential,3240 Meadowbrook Dr,Rapid City,SD,57702,409000,4,2.0,Country Club Heights,1744,12632,1980,16,235,,Active,,,https://www.redfin.com/SD/Rapid-City/3240-Meadowbrook-Dr-57702/home/105059780,MRAOR,85294,N,Y,44.0535073,-103.2770615
MLS Listing,,Single Family Residential,1522 Flormann St,Rapid City,SD,57701,1250000,5,3.5,KEPP HEIGHTS 2,6824,49223,2000,16,183,,Active,,,https://www.redfin.com/SD/Rapid-City/1522-Flormann-St-57701/home/104888354,BHMLS,174770,N,Y,44.0634827,-103.2444345
MLS Listing,,Single Family Residential,2423 Smith Ave,Rapid City,SD,57701,499900,4,3.0,PARK MEADOWS,2109,10454,2008,16,237,,Active,August-2-2025 11:00 AM,August-2-2025 12:30 PM,https://www.redfin.com/SD/Rapid-City/2423-Smith-Ave-57701/home/105060336,BHMLS,174768,N,Y,44.0616853,-103.1956685
MLS Listing,,Single Family Residential,23856 Pioneer Ridge Rd,Rapid City,SD,57702,1200000,4,3.0,Sabow Ranch Homesteads,3356,574121,1998,16,358,,Active,,,https://www.redfin.com/SD/Rapid-City/23856-Pioneer-Ridge-Rd-57702/home/104990865,MRAOR,85288,N,Y,43.9476127,-103.3335446
MLS Listing,,Single Family Residential,3909 Ridgemoor Dr,Rapid City,SD,57702,999000,6,4.5,FAIRWAYHILLSPRD,5155,17860,1986,16,194,,Active,,,https://www.redfin.com/SD/Rapid-City/3909-Ridgemoor-Dr-57702/home/143606106,BHMLS,174764,N,Y,44.0462638,-103.2633197
MLS Listing,,Single Family Residential,712 Belmont Dr,Rapid City,SD,57702,490000,4,2.0,PARADISE VALLEY,1950,7841,1972,17,251,,Active,,,https://www.redfin.com/SD/Rapid-City/712-Belmont-Dr-57702/home/104950217,BHMLS,174762,N,Y,44.0919274,-103.2977344
MLS Listing,,Townhouse,4829 Mountain Spring Ct,Rapid City,SD,57702,334000,2,2.0,Mountain Springs Subdivision,1364,3049,1987,17,245,,Active,,,https://www.redfin.com/SD/Rapid-City/4829-Mountain-Springs-Ct-57702/home/105007565,MRAOR,85276,N,Y,44.0935998,-103.3001163
MLS Listing,,Single Family Residential,8325 Blackbird Ct,Rapid City,SD,57702,749900,6,3.5,South Canyon Country Estates,4224,47045,1978,17,178,,Active,,,https://www.redfin.com/SD/Rapid-City/8325-Blackbird-Ct-57702/home/105007337,MRAOR,85274,N,Y,44.0972393,-103.3553621
MLS Listing,,Single Family Residential,2376 Vantage Point Ct,Rapid City,SD,57703,839900,5,4.0,BLACK GAP,4369,78408,2002,17,192,,Active,,,https://www.redfin.com/SD/Rapid-City/2376-Vantage-Point-Ct-57703/home/105011400,BHMLS,174757,N,Y,43.9737458,-103.1766932
MLS Listing,,Single Family Residential,3532 Lodi Ln,Rapid City,SD,57703,339700,4,2.0,APPLE VALLEY SUBD,1904,6534,2025,18,178,,Active,August-3-2025 12:00 PM,August-3-2025 03:00 PM,https://www.redfin.com/SD/Rapid-City/3532-Lodi-LN-57703/home/195786827,BHMLS,174752,N,Y,44.048958821355,-103.110315166473
MLS Listing,,Single Family Residential,3568 Lodi Ln,Rapid City,SD,57703,349900,4,2.0,APPLE VALLEY SUBD,1970,8276,2025,18,178,,Active,August-3-2025 12:00 PM,August-3-2025 03:00 PM,https://www.redfin.com/SD/Rapid-City/3568-Lodi-LN-57703/home/195296245,BHMLS,174751,N,Y,44.0489588213549,-103.110057674408
MLS Listing,,Single Family Residential,3765 Haralson Ln,Rapid City,SD,57703,321800,2,2.0,APPLE VALLEY SUBD,1100,6534,2025,18,293,,Active,August-3-2025 12:00 PM,August-3-2025 03:00 PM,https://www.redfin.com/SD/Rapid-City/3765-Haralson-Ln-57703/home/196410286,BHMLS,174750,N,Y,44.0445113,-103.1104088
MLS Listing,,Single Family Residential,3753 Haralson Ln,Rapid City,SD,57703,305300,2,2.0,APPLE VALLEY SUBD,904,6534,2025,18,338,,Active,August-3-2025 12:00 PM,August-3-2025 03:00 PM,https://www.redfin.com/SD/Rapid-City/3753-Haralson-Ln-57703/home/195268133,BHMLS,174749,N,Y,44.0445113,-103.1104088
MLS Listing,,Single Family Residential,3804 Haralson Ln,Rapid City,SD,57703,342900,4,3.0,APPLE VALLEY SUBD,1808,6534,2025,18,190,,Active,August-3-2025 12:00 PM,August-3-2025 03:00 PM,https://www.redfin.com/SD/Rapid-City/3804-Haralson-Ln-57703/home/195000145,BHMLS,174748,N,Y,44.043447,-103.1100463
MLS Listing,,Single Family Residential,3556 Lodi Ln,Rapid City,SD,57703,366100,5,3.0,APPLE VALLEY SUBD,2200,8276,2025,18,166,,Active,August-3-2025 12:00 PM,August-3-2025 03:00 PM,https://www.redfin.com/SD/Rapid-City/3556-Lodi-LN-57703/home/195786841,BHMLS,174747,N,Y,44.048935921776,-103.109756859589
MLS Listing,,Single Family Residential,3741 Haralson Ln,Rapid City,SD,57703,370100,5,3.0,APPLE VALLEY SUBD,2200,9148,2025,18,168,,Active,August-3-2025 12:00 PM,August-3-2025 03:00 PM,https://www.redfin.com/SD/Rapid-City/3741-Haralson-Ln-57703/home/195965287,BHMLS,174745,N,Y,44.0445113,-103.1104088
MLS Listing,,Single Family Residential,3777 Haralson Ln,Rapid City,SD,57703,366100,5,3.0,APPLE VALLEY SUBD,2200,6970,2025,18,166,,Active,August-3-2025 12:00 PM,August-3-2025 03:00 PM,https://www.redfin.com/SD/Rapid-City/3777-Haralson-Ln-57703/home/195171751,BHMLS,174744,N,Y,44.0440435,-103.1103954
MLS Listing,,Single Family Residential,3803 Haralson Ln,Rapid City,SD,57703,366100,5,3.0,APPLE VALLEY SUBD,2200,6534,2025,18,166,,Active,August-3-2025 12:00 PM,August-3-2025 03:00 PM,https://www.redfin.com/SD/Rapid-City/3803-Haralson-Ln-57703/home/195000226,BHMLS,174743,N,Y,44.0445113,-103.1104088
MLS Listing,,Single Family Residential,3752 Haralson Ln,Rapid City,SD,57703,321800,2,2.0,APPLE VALLEY SUBD,1100,6534,2025,18,293,,Active,August-3-2025 12:00 PM,August-3-2025 03:00 PM,https://www.redfin.com/SD/Rapid-City/3752-Haralson-Ln-57703/home/195204845,BHMLS,174742,N,Y,44.043447,-103.1100463
MLS Listing,,Single Family Residential,3776 Haralson Ln,Rapid City,SD,57703,366100,5,3.0,APPLE VALLEY SUBD,2200,6970,2025,18,166,,Active,August-3-2025 12:00 PM,August-3-2025 03:00 PM,https://www.redfin.com/SD/Rapid-City/3776-Haralson-Ln-57703/home/196409840,BHMLS,174741,N,Y,44.0455117,-103.1100935
MLS Listing,,Single Family Residential,3789 Haralson Ln,Rapid City,SD,57703,301900,2,1.0,APPLE VALLEY SUBD,952,6970,2025,18,317,,Active,August-3-2025 12:00 PM,August-3-2025 03:00 PM,https://www.redfin.com/SD/Rapid-City/3789-Haralson-Ln-57703/home/195172870,BHMLS,174740,N,Y,44.0440435,-103.1103954
MLS Listing,,Single Family Residential,810 Fairview St,Rapid City,SD,57701,350000,4,2.0,BOULEVARD ADD,2454,10454,1918,18,143,,Active,,,https://www.redfin.com/SD/Rapid-City/810-Fairview-St-57701/home/105067304,BHMLS,174737,N,Y,44.0739757,-103.233161
MLS Listing,,Single Family Residential,3821 Haralson Ln,Rapid City,SD,57703,339700,4,2.0,APPLE VALLEY SUBD,1904,6534,2025,18,178,,Active,August-3-2025 12:00 PM,August-3-2025 03:00 PM,https://www.redfin.com/SD/Rapid-City/3821-Haralson-Ln-57703/home/195268134,BHMLS,174734,N,Y,44.0445113,-103.1104088
MLS Listing,,Single Family Residential,3822 Haralson Ln,Rapid City,SD,57703,339700,4,2.0,APPLE VALLEY SUBD,1904,6534,2025,18,178,,Active,August-3-2025 12:00 PM,August-3-2025 03:00 PM,https://www.redfin.com/SD/Rapid-City/3822-Haralson-Ln-57703/home/194970791,BHMLS,174733,N,Y,44.043447,-103.1100463
MLS Listing,,Single Family Residential,913 E St Francis St,Rapid City,SD,57701,259000,3,1.5,CLOVERDALE,1391,6534,1959,18,186,,Active,,,https://www.redfin.com/SD/Rapid-City/913-E-Saint-Francis-St-57701/home/105059708,BHMLS,174731,N,Y,44.0660651,-103.2009148
MLS Listing,,Single Family Residential,2150 Skyline Ranch Rd,Rapid City,SD,57701,2700000,5,5.0,SELJESKOG SUBD,5764,131551,2014,18,468,,Active,,,https://www.redfin.com/SD/Rapid-City/2150-Skyline-Ranch-Rd-57701/home/104991071,BHMLS,174729,N,Y,44.0453591,-103.2544601
MLS Listing,,Single Family Residential,1411 11th St,Rapid City,SD,57701,450000,4,2.5,WEST BLVD,2227,4792,1932,18,202,,Active,August-5-2025 05:00 PM,August-5-2025 06:30 PM,https://www.redfin.com/SD/Rapid-City/1411-11th-St-57701/home/105060296,BHMLS,174726,N,Y,44.0722949,-103.2382247
MLS Listing,,Single Family Residential,210 Enchanted Pines Dr,Rapid City,SD,57701,509900,2,2.0,PLM SUBD,1616,6098,2007,18,316,,Active,,,https://www.redfin.com/SD/Rapid-City/210-Enchanted-Pines-Dr-57701/home/104968493,BHMLS,174723,N,Y,44.0368459,-103.2228455
MLS Listing,,Single Family Residential,3918 W Main St,Rapid City,SD,57702,280000,3,2.0,ACRE TRACT,1782,10890,1953,20,157,,Active,,,https://www.redfin.com/SD/Rapid-City/3918-W-Main-St-57702/home/104888724,BHMLS,174706,N,Y,44.0825051,-103.2843447
MLS Listing,,Single Family Residential,4307 Duckhorn St,Rapid City,SD,57703,470000,4,3.0,ELKS CROSSING,2415,10019,2014,21,195,,Active,,,https://www.redfin.com/SD/Rapid-City/4307-Duckhorn-St-57703/home/104941761,BHMLS,174700,N,Y,44.04198,-103.1634509
MLS Listing,,Single Family Residential,901 St Cloud St,Rapid City,SD,57701,540000,3,1.5,WEST BLVD,2500,5227,1927,21,216,,Active,,,https://www.redfin.com/SD/Rapid-City/901-Saint-Cloud-St-57701/home/104932596,BHMLS,174693,N,Y,44.0714445,-103.2345929
MLS Listing,,Single Family Residential,101 E Wyoming St,Rapid,SD,57701,365500,4,2.0,ROBBINSDALE 7,1543,9148,1973,21,237,,Active,,,https://www.redfin.com/SD/Rapid-City/101-E-Wyoming-St-57701/home/104981852,BHMLS,174691,N,Y,44.0506395,-103.2160787
MLS Listing,,Single Family Residential,3002 Hazelnut Ln,Rapid City,SD,57703,489900,3,2.0,ORCHARD MEADOWS,1443,9148,2021,21,340,,Active,,,https://www.redfin.com/SD/Rapid-City/3002-Hazelnut-Ln-57703/home/179502573,BHMLS,174690,N,Y,44.0563134,-103.1589333
MLS Listing,,Multi-Family (2-4 Unit),239 Wright St,Rapid City,SD,57701,250000,,,AIRPORT ADD,,,1953,21,,,Active,,,https://www.redfin.com/SD/Rapid-City/239-Wright-St-57701/home/105060065,BHMLS,174687,N,Y,44.1017579,-103.2183334
MLS Listing,,Single Family Residential,4653 Williams St,Rapid City,SD,57703,321500,5,2.0,TRAILWOOD VLG,2012,6970,1991,22,160,,Active,,,https://www.redfin.com/SD/Rapid-City/4653-Williams-St-57703/home/104895171,BHMLS,174681,N,Y,44.0584282,-103.1419785
MLS Listing,,Single Family Residential,3697 Blackpowder Rd,Rapid City,SD,57703,455000,4,3.0,MURPHY RANCH ES,2111,10019,2022,22,216,,Active,,,https://www.redfin.com/SD/Rapid-City/3697-Blackpowder-Rd-57703/home/180498068,BHMLS,174680,N,Y,44.048085,-103.12518
MLS Listing,,Single Family Residential,3035 Player Dr,Rapid City,SD,57702,693000,5,3.0,HIDDEN VALLEY,2846,11326,1993,22,243,,Active,,,https://www.redfin.com/SD/Rapid-City/3035-Player-Dr-57702/home/104974557,BHMLS,174675,N,Y,44.0561358,-103.2757358
MLS Listing,,Mobile/Manufactured Home,1512 Sharp Dr,Rapid City,SD,57702,289000,3,2.0,Rapid City,1500,9583,1983,22,193,,Active,,,https://www.redfin.com/SD/Rapid-City/1512-Sharp-Dr-57703/home/104895152,MRAOR,85230,N,Y,44.0709775,-103.1497932
MLS Listing,,Single Family Residential,14780 Highlight Dr,Rapid City,SD,57703,449900,4,3.0,VALLEY HEIGHTS ESTATES,2467,20038,2015,22,182,,Active,,,https://www.redfin.com/SD/Rapid-City/14780-Highlight-Dr-57703/home/105000769,BHMLS,174671,N,Y,44.0697803,-103.0957411
MLS Listing,,Single Family Residential,2120 Rena Pl,Rapid City,SD,57701,265000,3,1.0,GUS-HAINES,960,6970,1958,22,276,,Active,,,https://www.redfin.com/SD/Rapid-City/2120-Rena-Pl-57701/home/104975925,BHMLS,174668,N,Y,44.0650169,-103.2020212
MLS Listing,,Mobile/Manufactured Home,2508 S Valley Dr,Rapid City,SD,57701,45000,2,2.0,No Subdivision,920,,1984,23,49,,Active,,,https://www.redfin.com/SD/Rapid-City/2508-S-Valley-Dr-57703/home/107745560,BHMLS,174666,N,Y,44.0616041,-103.1712074
MLS Listing,,Single Family Residential,4659 Cambria Cir,Rapid City,SD,57701,559500,2,2.0,PLM SUBD,1728,6534,2016,23,324,,Active,,,https://www.redfin.com/SD/Rapid-City/4659-Cambria-Cir-57701/home/104982894,BHMLS,174661,N,Y,44.03724,-103.222843
MLS Listing,,Single Family Residential,23585 Wilderness Cir,Rapid City,SD,57702,720000,3,3.5,COPPER OAKS 1,2236,118483,1993,23,322,,Active,,,https://www.redfin.com/SD/Rapid-City/23585-Wilderness-Cir-57702/home/104975905,BHMLS,174652,N,Y,43.987343,-103.3172529
MLS Listing,,Single Family Residential,904 Fairview St,Rapid City,SD,57701,269900,3,2.0,BOULEVARD ADD,1998,6970,1919,23,135,,Active,,,https://www.redfin.com/SD/Rapid-City/904-Fairview-St-57701/home/105020764,BHMLS,174643,N,Y,44.073976,-103.2347547
MLS Listing,,Single Family Residential,3924 Haralson Ln,Rapid City,SD,57703,374600,4,2.0,APPLE VALLEY SUBD,2003,6534,2025,24,187,,Active,August-3-2025 12:00 PM,August-3-2025 03:00 PM,https://www.redfin.com/SD/Rapid-City/3924-Haralson-Ln-57703/home/195000225,BHMLS,174637,N,Y,44.043447,-103.1100463
MLS Listing,,Single Family Residential,5114 Stoney Creek Ct,Rapid City,SD,57702,499900,3,2.5,AUTUMN HILLS,1976,22216,1994,24,253,,Active,,,https://www.redfin.com/SD/Rapid-City/5114-Stoney-Creek-Ct-57702/home/105012558,BHMLS,174636,N,Y,44.0336163,-103.2687629
MLS Listing,,Single Family Residential,5626 Bridge Dr,Rapid City,SD,57703,230900,2,1.0,ENNEN SUBD,800,4792,2025,24,289,,Active,August-3-2025 12:00 PM,August-3-2025 03:00 PM,https://www.redfin.com/SD/Rapid-City/5626-Bridge-Dr-57703/home/193426061,BHMLS,174634,N,Y,44.0795326,-103.1307864
MLS Listing,,Single Family Residential,321 E Bengal Dr,Rapid City,SD,57701,429000,4,3.0,PRAIRIE MEADOWS SUB,2085,8712,2016,24,206,,Active,August-2-2025 12:00 PM,August-2-2025 01:00 PM,https://www.redfin.com/SD/Rapid-City/321-E-Bengal-Dr-57701/home/143605934,BHMLS,174633,N,Y,44.1268864,-103.2090294
MLS Listing,,Single Family Residential,1114 Settlers Creek Pl,Rapid City,SD,57701,499000,3,2.0,SETTLERS CREEK TOWNHOMES,1999,9583,2015,24,250,,Active,,,https://www.redfin.com/SD/Rapid-City/1114-Settlers-Creek-Pl-57701/home/104967989,BHMLS,174631,N,Y,44.0891401,-103.2355579
MLS Listing,,Single Family Residential,3410 Carmen Ct,Rapid City,SD,57702,799000,4,3.5,Canyon Lake Heights,4460,24829,1971,24,179,,Active,August-3-2025 01:00 PM,August-3-2025 02:30 PM,https://www.redfin.com/SD/Rapid-City/3410-Carmen-Ct-57702/home/105048228,MRAOR,85192,N,Y,44.0527576,-103.2847269
MLS Listing,,Single Family Residential,608 Odde Pl,Rapid City,SD,57701,599000,6,3.0,ROBBINSDALE 10,3212,15246,1990,24,186,,Active,,,https://www.redfin.com/SD/Rapid-City/608-Odde-Pl-57701/home/104982978,BHMLS,174630,N,Y,44.0475656,-103.2053315
MLS Listing,,Single Family Residential,1111 E St Francis St,Rapid City,SD,57701,232000,3,1.0,CLOVERDALE,910,6534,1960,24,255,,Active,,,https://www.redfin.com/SD/Rapid-City/1111-E-Saint-Francis-St-57701/home/107759501,BHMLS,174626,N,Y,44.066056,-103.1977275
MLS Listing,,Vacant Land,821 Highland Park Dr,Rapid City,SD,57701,299000,,,HIGHLAND PARK,,230868,,24,,,Active,,,https://www.redfin.com/SD/Rapid-City/821-Highland-Park-Dr-57701/home/104894419,BHMLS,174620,N,Y,44.0610698,-103.2341342
MLS Listing,,Single Family Residential,935 Northridge Dr,Rapid City,SD,57701,462000,5,3.0,CHMH SUBD,2860,9148,2007,24,162,,Active,,,https://www.redfin.com/SD/Rapid-City/935-Northridge-Dr-57701/home/105041518,BHMLS,174619,N,Y,44.1201163,-103.2304656
MLS Listing,,Single Family Residential,1507 11th St,Rapid City,SD,57701,344900,2,1.0,WEST BLVD,1128,5227,1924,25,306,,Active,,,https://www.redfin.com/SD/Rapid-City/1507-11th-St-57701/home/104926370,BHMLS,174608,N,Y,44.0712687,-103.2382247
MLS Listing,,Single Family Residential,552 Aaron Ct,Rapid City,SD,57703,624000,3,2.5,SHEPHERD HILLS SUBD,2208,8712,2023,25,283,,Active,,,https://www.redfin.com/SD/Rapid-City/552-Aaron-CT-Unknown/home/186158093,BHMLS,174607,N,Y,44.088639,-103.174049
MLS Listing,,Single Family Residential,5305 Mercury Dr,Rapid City,SD,57701,334900,3,2.0,TRAILWOOD VLG,1008,8712,2002,25,332,,Active,August-2-2025 12:30 PM,August-2-2025 02:00 PM,https://www.redfin.com/SD/Rapid-City/5305-Mercury-Dr-57703/home/104919179,BHMLS,174605,N,Y,44.057484,-103.1320703
MLS Listing,,Single Family Residential,129 E St Patrick St,Rapid City,SD,57701,225000,2,1.0,SOUTH PARK,992,6534,1950,25,227,,Active,,,https://www.redfin.com/SD/Rapid-City/129-E-Saint-Patrick-St-57701/home/105012156,BHMLS,174599,N,Y,44.0673728,-103.2153048
MLS Listing,,Single Family Residential,7009 Melbourne Ct,Rapid City,SD,57702,695000,3,2.5,RED ROCK SHADOWS 2,3524,8712,2025,25,197,,Active,,,https://www.redfin.com/SD/Rapid-City/7009-Melbourne-Ct-57702/home/196277682,BHMLS,174596,N,Y,44.01608,-103.2961858
MLS Listing,,Single Family Residential,4638 Wickham Ct,Rapid City,SD,57702,705000,3,2.5,RED ROCK SHADOWS 2,3524,8712,2025,25,200,,Active,,,https://www.redfin.com/SD/Rapid-City/4638-Other-Unknown/home/196277681,BHMLS,174594,N,Y,44.0160954754094,-103.296472901587
MLS Listing,,Single Family Residential,4646 Wickham Ct,Rapid City,SD,57702,705000,3,2.5,RED ROCK SHADOWS 2,3524,8712,2025,25,200,,Active,,,https://www.redfin.com/SD/Rapid-City/4646-Wickham-Ct-57702/home/196277680,BHMLS,174593,N,Y,44.0157616,-103.2966369
MLS Listing,,Single Family Residential,7001 Melbourne Ct,Rapid City,SD,57702,695000,3,2.5,RED ROCK SHADOWS 2,3524,8712,2025,25,197,,Active,,,https://www.redfin.com/SD/Rapid-City/7001-Other-Unknown/home/196277679,BHMLS,174595,N,Y,44.0161314267728,-103.296134371852
MLS Listing,,Single Family Residential,4627 Wickham Ct,Rapid City,SD,57702,650000,3,2.5,RED ROCK SHADOWS 2,2226,8712,2025,25,292,,Active,,,https://www.redfin.com/SD/Rapid-City/4627-Wickham-Ct-57702/home/196277669,BHMLS,174588,N,Y,44.0153743,-103.2961044
MLS Listing,,Single Family Residential,4651 Wickham Ct,Rapid City,SD,57702,705000,3,2.5,RED ROCK SHADOWS 2,3524,8712,2025,25,200,,Active,,,https://www.redfin.com/SD/Rapid-City/4651-Wickham-Ct-57702/home/196277668,BHMLS,174591,N,Y,44.0153743,-103.2961044
MLS Listing,,Single Family Residential,4643 Wickham Ct,Rapid City,SD,57702,705000,3,2.5,RED ROCK SHADOWS 2,3524,8712,2025,25,200,,Active,,,https://www.redfin.com/SD/Rapid-City/4643-Wickham-Ct-57702/home/196277667,BHMLS,174590,N,Y,44.0153743,-103.2961044
MLS Listing,,Single Family Residential,4635 Wickham Ct,Rapid City,SD,57702,705000,3,2.5,RED ROCK SHADOWS 2,3524,8712,2025,25,200,,Active,,,https://www.redfin.com/SD/Rapid-City/4635-Wickham-Ct-57702/home/196277666,BHMLS,174589,N,Y,44.0153743,-103.2961044
MLS Listing,,Single Family Residential,4654 Wickham Ct,Rapid City,SD,57702,705000,3,2.5,RED ROCK SHADOWS 2,3524,8712,2025,25,200,,Active,,,https://www.redfin.com/SD/Rapid-City/4654-Other-Unknown/home/196277665,BHMLS,174592,N,Y,44.0159246633683,-103.297037760016
MLS Listing,,Single Family Residential,4611 Wickham Ct,Rapid City,SD,57702,650000,3,2.5,RED ROCK SHADOWS 2,2226,8712,2025,25,292,,Active,,,https://www.redfin.com/SD/Rapid-City/4611-Other-Unknown/home/196277648,BHMLS,174585,N,Y,44.0154303492289,-103.295987553507
MLS Listing,,Single Family Residential,4603 Wickham Ct,Rapid City,SD,57702,650000,3,2.5,RED ROCK SHADOWS 2,2226,8712,2025,25,292,,Active,,,https://www.redfin.com/SD/Rapid-City/4603-Other-Unknown/home/196277647,BHMLS,174584,N,Y,44.0155288368983,-103.295763153076
MLS Listing,,Single Family Residential,1607 Pevans Pkwy,Rapid City,SD,57701,2200000,6,5.5,SKYLINE PINES,6322,161608,2003,25,348,,Active,,,https://www.redfin.com/SD/Rapid-City/1607-Pevans-Pkwy-57701/home/105022075,BHMLS,174586,N,Y,44.0570612,-103.2483174
MLS Listing,,Single Family Residential,4619 Wickham Ct,Rapid City,SD,57702,650000,3,2.5,RED ROCK SHADOWS 2,2226,8712,2025,25,292,,Active,,,https://www.redfin.com/SD/Rapid-City/4619-Other-Unknown/home/196277646,BHMLS,174587,N,Y,44.0154142901983,-103.296187396439
MLS Listing,,Single Family Residential,425 Hanover Dr,Rapid City,SD,57701,519900,5,3.0,ROBBINSDALE 10,2624,9583,2022,26,198,,Active,,,https://www.redfin.com/SD/Rapid-City/425-Hanover-Dr-57701/home/181413105,BHMLS,174578,N,Y,44.0424056,-103.209687
MLS Listing,,Single Family Residential,705 E Denver St,Rapid City,SD,57701,220000,2,,FEIGEL ADD,600,6098,1939,26,367,,Active,,,https://www.redfin.com/SD/Rapid-City/705-E-Denver-St-57701/home/107752974,BHMLS,174577,N,Y,44.086416,-103.1996529
MLS Listing,,Single Family Residential,102 E Centennial St,Rapid City,SD,57701,385000,4,2.0,ROBBINSDALE 7,1836,11761,1977,26,210,,Active,,,https://www.redfin.com/SD/Rapid-City/102-E-Centennial-St-57701/home/104887482,BHMLS,174576,N,Y,44.0483063,-103.2163047
MLS Listing,,Single Family Residential,1265 Degeest Dr,Rapid City,SD,57703,334900,3,2.0,Big Sky,1552,8712,2001,26,216,,Active,,,https://www.redfin.com/SD/Rapid-City/1265-Degeest-Dr-57703/home/104932228,BHMLS,174575,N,Y,44.0734864,-103.1443485
MLS Listing,,Single Family Residential,942 Stahl Ct,Rapid City,SD,57701,515900,3,3.0,STAHL VICTORIAN,2907,8276,2005,27,177,,Active,,,https://www.redfin.com/SD/Rapid-City/942-Stahl-Ct-57701/home/104925586,BHMLS,174574,N,Y,44.0776169,-103.24122
MLS Listing,,Single Family Residential,2109 Forest St,Rapid City,SD,57702,299900,2,1.0,HAMM ADD,972,7405,1948,28,309,,Active,August-3-2025 01:00 PM,August-3-2025 03:00 PM,https://www.redfin.com/SD/Rapid-City/2109-Forest-St-57702/home/105042090,BHMLS,174570,N,Y,44.064538,-103.2869218
MLS Listing,,Single Family Residential,1505 38th St,Rapid City,SD,57702,389000,5,2.0,JACKSON PARK,2316,18731,1959,28,168,,Active,,,https://www.redfin.com/SD/Rapid-City/1505-38th-St-57702/home/105012360,BHMLS,174568,N,Y,44.0716847,-103.2832457
MLS Listing,,Single Family Residential,5507 Traverse Dr,Rapid City,SD,57703,346400,4,2.0,ENNEN SUBD,1904,7841,2025,29,182,,Active,August-3-2025 12:00 PM,August-3-2025 03:00 PM,https://www.redfin.com/SD/Rapid-City/5507-Traverse-DR-57703/home/196263358,BHMLS,174557,N,Y,44.0807904863107,-103.130184563446
MLS Listing,,Single Family Residential,5519 Traverse Dr,Rapid City,SD,57703,372800,4,2.0,ENNEN SUBD,1904,6970,2025,29,196,,Active,August-3-2025 12:00 PM,August-3-2025 03:00 PM,https://www.redfin.com/SD/Rapid-City/5519-Traverse-DR-57703/home/196263284,BHMLS,174556,N,Y,44.0804205413725,-103.130034359741
MLS Listing,,Single Family Residential,14535 Pommel Ct,Rapid City,SD,57701,529000,5,3.0,BRIDLE RIDGE SUBD,2294,71003,2021,29,231,,Active,,,https://www.redfin.com/SD/Rapid-City/14535-Pommel-Ct-57701/home/172608199,BHMLS,174555,N,Y,44.1514863,-103.145083
MLS Listing,,Single Family Residential,945 Enchantment Rd,Rapid City,SD,57701,975000,5,3.0,ENCHANTED HILLS 3 SUBD,3876,52272,1997,29,252,,Active,,,https://www.redfin.com/SD/Rapid-City/945-Enchantment-Rd-57701/home/104990106,BHMLS,174553,N,Y,44.0333655,-103.2354911
MLS Listing,,Single Family Residential,24024 Bridle Ridge Rd,Rapid City,SD,57701,569900,4,3.0,BRIDLE RIDGE SUBD,2296,43560,2025,29,248,,Active,,,https://www.redfin.com/SD/Rapid-City/24024-Bridle-Ridge-Rd-57701/home/182511555,BHMLS,174548,N,Y,44.152082,-103.147242
MLS Listing,,Single Family Residential,3025 Olive Grove Ct,Rapid City,SD,57702,474900,3,2.0,ORCHARD MEADOWS,1659,7405,2018,30,286,,Active,,,https://www.redfin.com/SD/Rapid-City/3025-Olive-Grove-Ct-57703/home/172514337,BHMLS,174547,N,Y,44.0558766,-103.1575897
MLS Listing,,Single Family Residential,2614 Junction Dr,Rapid City,SD,57702,379900,4,2.0,SHERIDAN HEIGHT,1767,7841,1974,30,215,,Active,,,https://www.redfin.com/SD/Rapid-City/2614-Junction-Dr-57702/home/105042233,BHMLS,174544,N,Y,44.0602522,-103.2662351
MLS Listing,,Single Family Residential,714 Joy Ave,Rapid City,SD,57701,285000,3,1.0,NORTH RAPID,1070,5227,2012,30,266,,Active,,,https://www.redfin.com/SD/Rapid-City/714-Joy-Ave-57701/home/104925787,BHMLS,174541,N,Y,44.090959,-103.2286876
MLS Listing,,Single Family Residential,23217 Carbon Loop,Rapid City,SD,57702,610000,3,3.0,CUSTER TRAILS,2534,19602,2006,30,241,,Active,August-3-2025 01:00 PM,August-3-2025 03:00 PM,https://www.redfin.com/SD/Rapid-City/23217-Carbon-Loop-57702/home/109612227,BHMLS,174538,N,Y,44.0369482,-103.4970689
MLS Listing,,Single Family Residential,13465 Sienna Meadows Ln,Rapid City,SD,57702,1050000,5,4.5,SHERIDAN LAKE HIGHLANDS,4787,107158,2007,30,219,,Active,,,https://www.redfin.com/SD/Rapid-City/13465-Sienna-Meadows-Ln-57702/home/104926126,BHMLS,174535,N,Y,43.996751,-103.371475
MLS Listing,,Single Family Residential,1510 West Blvd,Rapid City,SD,57701,639900,5,4.5,WEST BLVD,3100,6534,1939,30,206,,Active,,,https://www.redfin.com/SD/Rapid-City/1510-West-Blvd-57701/home/104975746,BHMLS,174532,N,Y,44.0711789,-103.2357845
MLS Listing,,Single Family Residential,4505 Patriot Ln,Rapid City,SD,57701,299000,3,1.5,MALL RIDGE,1724,8276,1978,31,173,,Active,,,https://www.redfin.com/SD/Rapid-City/4505-Patriot-Ln-57701/home/104894338,BHMLS,174530,N,Y,44.1285048,-103.2188324
MLS Listing,,Single Family Residential,4105 Sunset Dr,Rapid City,SD,57702,339500,3,2.0,Schamber Subdivision,1736,7405,1928,31,196,,Active,,,https://www.redfin.com/SD/Rapid-City/4105-Sunset-Dr-57702/home/104931464,MRAOR,85113,N,Y,44.0627783,-103.2874807
MLS Listing,,Vacant Land,,Rapid City,SD,57703,2206859,,,COPPERFIELD,,588496,,31,,,Active,,,https://www.redfin.com/SD/Rapid-City/Unknown-57703/home/196247201,BHMLS,174525,N,Y,44.0813637138356,-103.164612493076
MLS Listing,,Single Family Residential,39 Fairmont Blvd,Rapid City,SD,57701,259900,3,1.0,ROBBINSDALE 6,912,7841,1959,31,285,,Active,,,https://www.redfin.com/SD/Rapid-City/39-Fairmont-Blvd-57701/home/104888560,BHMLS,174522,N,Y,44.0566914,-103.2187517
MLS Listing,,Single Family Residential,13620 Other,Rapid City,SD,57702,629900,4,2.0,Rapid City,2392,144619,1978,31,263,,Active,,,https://www.redfin.com/SD/Rapid-City/13620-Other-Unknown/home/192732558,MRAOR,85101,N,Y,43.974149,-103.333797
MLS Listing,,Single Family Residential,3642 Schamber St,Rapid City,SD,57702,260000,3,1.0,SCHAMBER,944,6098,1951,31,275,,Active,,,https://www.redfin.com/SD/Rapid-City/3642-Schamber-St-57702/home/105059177,BHMLS,174518,N,Y,44.0662422,-103.2803016
MLS Listing,,Vacant Land,TBD St. Joseph St,Silver City,SD,57702,200000,,,Silver City,,26572,,31,,,Active,,,https://www.redfin.com/SD/West-Pennington/TBD-Saint-Joseph-St-57702/home/196244870,MRAOR,85096,N,Y,44.0834224403506,-103.562417644501
MLS Listing,,Single Family Residential,3600 Sheridan Lake Rd,Rapid City,SD,57702,324900,2,2.0,SANDSTN RDG CON,1114,,1996,31,292,,Active,,,https://www.redfin.com/SD/Rapid-City/3600-Sheridan-Lake-Rd-57702/home/104875511,BHMLS,174512,N,Y,44.0502556,-103.2619263
MLS Listing,,Single Family Residential,3736 Canyon Lake Dr,Rapid City,SD,57702,309900,4,2.5,BARBER TRACT,2036,13068,1937,31,152,,Active,,,https://www.redfin.com/SD/Rapid-City/3736-Canyon-Lake-Dr-57702/home/104999877,BHMLS,174510,N,Y,44.0692995,-103.2821534
MLS Listing,,Single Family Residential,3402 Powderhorn Cir,Rapid City,SD,,597000,4,3.5,CHAPEL LANE VLG,3136,9583,1977,32,190,,Active,August-2-2025 11:00 AM,August-2-2025 12:30 PM,https://www.redfin.com/SD/Rapid-City/3402-Powderhorn-Cir-57702/home/104958242,BHMLS,174509,N,Y,44.052656,-103.2972815
MLS Listing,,Mobile/Manufactured Home,4372 Circlewood Dr,Rapid City,SD,57703,94500,3,2.0,TRAILWOOD VLG,1216,,2021,32,78,,Active,August-1-2025 12:00 PM,August-1-2025 02:00 PM,https://www.redfin.com/SD/Rapid-City/4372-Circlewood-Dr-57703/home/180663361,BHMLS,174508,N,Y,44.057884,-103.143928
MLS Listing,,Mobile/Manufactured Home,4372 Other,Rapid City,SD,57703,94500,3,2.0,Trailwood Village,1216,,2021,32,78,,Active,August-1-2025 12:00 PM,August-1-2025 02:00 PM,https://www.redfin.com/SD/Rapid-City/4372-Other-57703/home/196240271,MRAOR,85093,N,Y,44.0578495259328,-103.145998867798
MLS Listing,,Mobile/Manufactured Home,10325 Big Piney Rd,Rapid City,SD,57702,368500,3,2.0,Rapid City,1720,25265,1996,32,214,,Active,,,https://www.redfin.com/SD/Rapid-City/10325-Big-Piney-Rd-57702/home/104909650,BHMLS,174504,N,Y,44.066869,-103.3988655
MLS Listing,,Single Family Residential,4222 Foothill Dr,Rapid City,SD,57702,382900,3,2.0,ARROWHEAD ESTAT,2012,23958,1973,32,190,,Active,,,https://www.redfin.com/SD/Rapid-City/4222-Foothill-Dr-57702/home/104951261,BHMLS,174503,N,Y,44.0426985,-103.2625793
MLS Listing,,Single Family Residential,1125 E St Francis St,Rapid City,SD,57701,264900,3,1.0,CLOVERDALE,1820,8712,1959,32,146,,Active,,,https://www.redfin.com/SD/Rapid-City/1125-E-Saint-Francis-St-57701/home/105012011,BHMLS,174501,N,Y,44.0660562,-103.1970055
MLS Listing,,Single Family Residential,5625 Bridge Dr,Rapid City,SD,57703,221400,2,1.0,ENNEN SUBD,720,4356,2025,32,308,,Active,August-3-2025 12:00 PM,August-3-2025 03:00 PM,https://www.redfin.com/SD/Rapid-City/5625-Bridge-Dr-57703/home/193427416,BHMLS,174499,N,Y,44.0791958,-103.1307641
MLS Listing,,Single Family Residential,13620 Stratosphere Ln,Rapid City,SD,57702,629900,4,2.0,STRATO RIM ESTATES II,2278,144619,1978,32,277,,Active,,,https://www.redfin.com/SD/Rapid-City/13620-Stratosphere-Ln-57702/home/105021190,BHMLS,174497,N,Y,43.974564,-103.333976
MLS Listing,,Single Family Residential,5528 Meadowlark Dr,Rapid City,SD,57702,750000,5,3.0,RED ROCK ESTATE,3232,23522,2003,32,232,,Active,,,https://www.redfin.com/SD/Rapid-City/5528-Meadowlark-Dr-57702/home/104919166,BHMLS,174494,N,Y,44.0155686,-103.3111293
MLS Listing,,Single Family Residential,242 Anamosa St,Rapid City,SD,57701,222500,2,1.0,MAHONEY ADD,968,10890,1950,34,230,,Active,,,https://www.redfin.com/SD/Rapid-City/242-Anamosa-St-57701/home/105059087,BHMLS,174486,N,Y,44.0968575,-103.2187812
MLS Listing,,Single Family Residential,2345 E St Francis St,Rapid City,SD,57703,342500,3,3.0,RAPID VALLEY,1390,6970,2007,34,246,,Active,,,https://www.redfin.com/SD/Rapid-City/2345-E-Saint-Francis-St-57703/home/105060285,BHMLS,174485,N,Y,44.0658839,-103.176013
MLS Listing,,Single Family Residential,722 Allen Ave,Rapid  City,SD,57701,219000,3,2.0,NORTH RAPID ADD,1360,10454,1932,35,161,,Active,,,https://www.redfin.com/SD/Rapid-City/722-Allen-Ave-57701/home/105058821,BHMLS,174483,N,Y,44.091188,-103.2273837
MLS Listing,,Single Family Residential,5001 Misty Woods Ln,Raid City,SD,57701,475000,5,3.0,AUBURN HILLS,2812,12632,2011,35,169,,Active,,,https://www.redfin.com/SD/Rapid-City/5001-Misty-Woods-Ln-57701/home/105067698,BHMLS,174473,N,Y,44.132993,-103.2324755
MLS Listing,,Single Family Residential,525 St Patrick St,Rapid City,SD,57701,285000,3,2.0,SOUTH BLVD,1420,8276,1948,35,201,,Active,,,https://www.redfin.com/SD/Rapid-City/525-Saint-Patrick-St-57701/home/104889461,BHMLS,174470,N,Y,44.0673398,-103.2278899
MLS Listing,,Single Family Residential,3656 Serendipity Ln,Rapid City,SD,57701,399900,3,2.5,CHAPEL LANE VLG,2376,6534,1979,35,168,,Active,,,https://www.redfin.com/SD/Rapid-City/3656-Serendipity-Ln-57702/home/104975090,BHMLS,174468,N,Y,44.0502681,-103.2932512
MLS Listing,,Single Family Residential,11762 W Hwy 44,Rapid City,SD,57702,819900,4,2.0,GRAYCLIFF SUB,2235,111078,1989,35,367,,Active,,,https://www.redfin.com/SD/Rapid-City/11762-W-Highway-44-57702/home/104991378,BHMLS,174466,N,Y,44.0700395,-103.4243958
MLS Listing,,Single Family Residential,2708 Westgate Dr,Rapid,SD,57702,384500,3,2.0,MINNEWASTA,1584,10890,1987,35,243,,Active,,,https://www.redfin.com/SD/Rapid-City/2708-Westgate-Dr-57702/home/104975262,BHMLS,174464,N,Y,44.0591531,-103.2561852
MLS Listing,,Single Family Residential,3219 Willowbend Rd,Rapid City,SD,57703,549900,5,3.0,PLUM CREEK,2782,13068,2006,35,198,,Active,August-3-2025 02:00 PM,August-3-2025 04:00 PM,https://www.redfin.com/SD/Rapid-City/3219-Willowbend-Rd-57703/home/104968402,BHMLS,174462,N,Y,44.0427217,-103.1625455
MLS Listing,,Single Family Residential,1110 Lennon Ln,Rapid City,SD,57701,483000,5,3.0,ROCKINON RANCH ESTATES,2714,10019,2021,36,178,,Active,,,https://www.redfin.com/SD/Rapid-City/1110-Lennon-Ln-57701/home/180662552,BHMLS,174460,N,Y,44.1183979,-103.2342546
MLS Listing,,Single Family Residential,7955 Mt Royal Ln,Rapid City,SD,57702,459900,3,1.5,MOON MEADOW EST,1588,208217,1990,36,290,,Active,,,https://www.redfin.com/SD/Rapid-City/7955-Mount-Royal-Ln-57702/home/104895714,BHMLS,174459,N,Y,44.00771,-103.27286
MLS Listing,,Vacant Land,TBD Lot 1 Sun Ridge Rd,Rapid City,SD,57702,415000,,,Brentwood,,397267,,36,,,Active,,,https://www.redfin.com/SD/Rapid-City/TBD-Lot-1-Sun-Ridge-Rd-57702/home/191038675,MRAOR,85058,N,Y,44.097215,-103.334031
MLS Listing,,Single Family Residential,1120 West Blvd,Rapid City,SD,57701,735000,3,3.5,BOULEVARD ADD,3381,8712,1911,36,217,,Active,,,https://www.redfin.com/SD/Rapid-City/1120-West-Blvd-57701/home/105012181,BHMLS,174453,N,Y,44.0750747,-103.2357845
MLS Listing,,Single Family Residential,13651 Quartz Canyon Ct,Rapid City,SD,57702,447500,3,2.0,Quartz Canyon,1932,23087,1997,36,232,,Active,,,https://www.redfin.com/SD/Rapid-City/13651-Quartz-Canyon-Ct-57702/home/104909217,MRAOR,85057,N,Y,43.9788479,-103.3296016
MLS Listing,,Single Family Residential,4600 Lahinch St,Rapid City,SD,57702,845000,4,2.5,RED ROCK VILLAGE,2562,13504,2025,36,330,,Active,,,https://www.redfin.com/SD/Rapid-City/4600-Lahinch-St-57702/home/196195046,BHMLS,174450,N,Y,44.0238299,-103.295166
MLS Listing,,Single Family Residential,8513 Healing Way,Rapid City,SD,57702,429900,3,2.0,MOON MEADOW PARK SUB,1628,6534,2024,36,264,,Active,,,https://www.redfin.com/SD/Rapid-City/8513-Healing-Way-57702/home/191072681,BHMLS,174447,N,Y,44.0027213,-103.2474281
MLS Listing,,Vacant Land,TBD Ambush Ranch Rd,Rapid City,SD,57703,210000,,,RANCH AT BLACK,,275299,,36,,,Active,,,https://www.redfin.com/SD/Unknown/TBD-Ambush-Ranch-Rd-57703/home/193718626,BHMLS,174443,N,Y,43.9735793887309,-103.177434357452
MLS Listing,,Single Family Residential,4461 Misty Woods Ln,Rapid City,SD,57701,364999,3,3.0,MISTY MEADOWS SUBD,2052,4792,2023,36,178,,Active,,,https://www.redfin.com/SD/Rapid-City/4461-Misty-Woods-Ln-57701/home/183816011,BHMLS,174439,N,Y,44.1306772,-103.2304247
MLS Listing,,Single Family Residential,1603 38th St,Rapid City,SD,57702,415000,3,2.0,LEISURE ACRES,2382,10454,1956,36,174,,Active,,,https://www.redfin.com/SD/Rapid-City/1603-38th-St-57702/home/104941940,BHMLS,174438,N,Y,44.0710206,-103.2831965
MLS Listing,,Single Family Residential,803 West Blvd,Rapid City,SD,57701,850000,3,2.0,BOULEVARD ADD,2161,9583,1888,37,393,,Active,,,https://www.redfin.com/SD/Rapid-City/803-West-Blvd-57701/home/104894777,BHMLS,174432,N,Y,44.0789666,-103.2362526
MLS Listing,,Single Family Residential,856 Diamond Ridge Blvd,Rapid City,SD,57703,379900,4,2.0,DIAMOND RIDGE SUBD,1949,6534,2020,37,195,,Active,August-3-2025 12:00 PM,August-3-2025 02:00 PM,https://www.redfin.com/SD/Rapid-City/856-Diamond-Ridge-Blvd-57703/home/180665489,BHMLS,174430,N,Y,44.076285,-103.1668309
MLS Listing,,Single Family Residential,4815 Telemark Ct,Rapid City,SD,57702,498900,5,2.0,CHAPEL VALLEY,2319,8276,1976,37,215,,Active,,,https://www.redfin.com/SD/Rapid-City/4815-Telemark-Ct-57702/home/104982863,BHMLS,174421,N,Y,44.0507388,-103.3002965
MLS Listing,,Single Family Residential,4507 Misty Woods Ln,Rapid City,SD,57701,379000,3,3.0,MISTY MEADOWS SUBD,1954,5227,2022,37,194,,Active,,,https://www.redfin.com/SD/Rapid-City/4507-Misty-Woods-Ln-57701/home/182855079,BHMLS,174415,N,Y,44.128638,-103.230623
MLS Listing,,Single Family Residential,5109 Pinedale Heights Dr,Rapid City,SD,57702,835000,5,3.0,PINEDALE HEIGHT,4160,25265,1965,38,201,,Active,,,https://www.redfin.com/SD/Rapid-City/5109-Pinedale-Heights-Dr-57702/home/104931998,BHMLS,174409,N,Y,44.0815254,-103.3034855
MLS Listing,,Vacant Land,107 Minnesota St,Rapid City,SD,57701,670825,,,Minnesota Park Subdivision,,60984,,38,,,Active,,,https://www.redfin.com/SD/Rapid-City/107-Minnesota-St-57701/home/191309079,MRAOR,85009,N,Y,44.0425335,-103.2183036
MLS Listing,,Single Family Residential,1811 Fremont St,Rapid City,SD,57702,317500,4,2.0,SUNNY VALE,1960,6970,1952,38,162,,Active,,,https://www.redfin.com/SD/Rapid-City/1811-Fremont-St-57702/home/104957686,BHMLS,174402,N,Y,44.0681881,-103.2800296
MLS Listing,,Single Family Residential,2B Woodrun Ln,Rapid City,SD,57702,365000,5,2.0,HIGHPLACE,2278,2614,1973,38,160,,Active,,,https://www.redfin.com/SD/Rapid-City/2B-Woodrun-Ln-57702/home/105021727,BHMLS,174403,N,Y,44.0487811,-103.2942935
MLS Listing,,Single Family Residential,217 E Monroe St,Rapid City,SD,57701,204900,4,2.0,WISE ADD,1728,5227,1952,38,119,,Active,,,https://www.redfin.com/SD/Rapid-City/217-E-Monroe-St-57701/home/105020523,BHMLS,174400,N,Y,44.0900611,-103.2081259
MLS Listing,,Single Family Residential,4901 Coal Bank Dr,Rapid City,SD,57701,344900,3,2.0,Auburn Hills Subdivision,1936,9148,2006,39,178,,Active,,,https://www.redfin.com/SD/Rapid-City/4901-Coal-Bank-Dr-57701/home/105006787,MRAOR,85002,N,Y,44.1326975,-103.2286393
MLS Listing,,Single Family Residential,3209 Joplin Ln,Rapid City,SD,57701,350000,3,2.0,ROCKINON RANCH ESTATES,1297,7405,2013,39,270,,Active,,,https://www.redfin.com/SD/Rapid-City/3209-Joplin-Ln-57701/home/104925978,BHMLS,174387,N,Y,44.1172249,-103.2330072
MLS Listing,,Single Family Residential,4101 Penrose Pl,Rapid City,SD,57702,795000,4,3.0,CARRIAGE HILLS,2856,143748,1973,41,278,,Active,,,https://www.redfin.com/SD/Rapid-City/4101-Penrose-Pl-57702/home/104951244,BHMLS,174383,N,Y,44.0446012,-103.2969912
MLS Listing,,Single Family Residential,5315 Homestead St,Rapid City,SD,57703,369000,3,2.0,HOMESTEAD,1361,6534,2022,42,271,,Active,,,https://www.redfin.com/SD/Rapid-City/5315-Homestead-St-57703/home/180498286,BHMLS,174380,N,Y,44.0757582,-103.1334107
MLS Listing,,Single Family Residential,13104 Riverview Ct,Rapid City,SD,57702,819900,6,4.0,Forest Homes Development,3135,46174,1961,42,262,,Active,,,https://www.redfin.com/SD/Rapid-City/13104-Riverview-Ct-57702/home/105042492,MRAOR,84976,N,Y,44.0798328,-103.4322913
MLS Listing,,Single Family Residential,1515 Forest Dr,Rapid City,SD,57701,899000,4,2.0,FOREST HILLS,2584,44867,1959,42,348,,Active,,,https://www.redfin.com/SD/Rapid-City/1515-Forest-Dr-57701/home/109612180,BHMLS,174370,N,Y,44.0708597,-103.2440972
MLS Listing,,Single Family Residential,4842 Whispering Pines Dr,Rapid City,SD,57702,675000,4,2.5,WHISPERING PINE,2277,21780,1994,42,296,,Active,,,https://www.redfin.com/SD/Rapid-City/4842-Whispering-Pines-Dr-57702/home/104942408,BHMLS,174369,N,Y,44.0091323,-103.3010504
MLS Listing,,Single Family Residential,4810 W Chicago Ave,Rapid City,SD,57702,459000,4,2.0,Rapid City,2496,9148,1960,42,184,,Active,,,https://www.redfin.com/SD/Rapid-City/4810-W-Chicago-St-57702/home/105048141,MRAOR,84969,N,Y,44.0860965,-103.2995014
MLS Listing,,Single Family Residential,3226 W Rapid,Rapid City,SD,57702,369900,3,2.0,OWEN MANN TRACT,1200,7405,2023,42,308,,Active,,,https://www.redfin.com/SD/Rapid-City/3226-W-Rapid-St-57702/home/189083381,BHMLS,174364,N,Y,44.0833087,-103.2733147
MLS Listing,,Single Family Residential,921 Antares Ct,Rapid City,SD,57701,299900,4,2.0,Northern Heights Subd,1840,5663,1980,43,163,,Active,,,https://www.redfin.com/SD/Rapid-City/921-Antares-Ct-57701/home/104950278,MRAOR,84960,N,Y,44.1025227,-103.2307533
MLS Listing,,Single Family Residential,803 West,Rapid City,SD,57701,385000,4,2.0,BOULEVARD ADD,2222,10019,1941,43,173,,Active,,,https://www.redfin.com/SD/Rapid-City/803-West-St-57701/home/104950577,BHMLS,174354,N,Y,44.0796512,-103.2405097
MLS Listing,,Single Family Residential,604 Crestview Dr,Rapid City,SD,57702,399900,4,2.0,PINEDALE ADD,1988,13068,1971,43,201,,Active,,,https://www.redfin.com/SD/Rapid-City/604-Crestview-Dr-57702/home/104943480,BHMLS,174351,N,Y,44.080857,-103.2934878
MLS Listing,,Single Family Residential,4103 W Main St,Rapid City,SD,57702,450000,5,3.5,BROOKSIDE 2,3144,13504,1955,43,143,,Active,,,https://www.redfin.com/SD/Rapid-City/4103-W-Main-St-57702/home/105020866,BHMLS,174352,N,Y,44.0819867,-103.2874504
MLS Listing,,Vacant Land,5632 Wind River Rd,Rapid City,SD,57702,180000,,,HIGHPOINTE RANCH SUBD,,26136,,44,,,Active,,,https://www.redfin.com/SD/Rapid-City/5632-Wind-River-Rd-57702/home/196107764,BHMLS,174335,N,Y,44.0260722,-103.2929433
MLS Listing,,Vacant Land,5438 Wind River Rd,Rapid City,SD,57702,180000,,,HIGHPOINTE RANCH SUBD,,43996,,44,,,Active,,,https://www.redfin.com/SD/Rapid-City/5438-Wind-River-Rd-57702/home/196107809,BHMLS,174332,N,Y,44.0260722,-103.2929433
MLS Listing,,Vacant Land,5520 Wind River Rd,Rapid City,SD,57702,180000,,,HIGHPOINTE RANCH SUBD,,26136,,44,,,Active,,,https://www.redfin.com/SD/Rapid-City/5520-Wind-River-Rd-57702/home/196107765,BHMLS,174334,N,Y,44.0260722,-103.2929433
MLS Listing,,Vacant Land,5450 Wind River Rd,Rapid City,SD,57702,175000,,,HIGHPOINTE RANCH SUBD,,30928,,44,,,Active,,,https://www.redfin.com/SD/Rapid-City/5450-Wind-River-Rd-57702/home/196107808,BHMLS,174333,N,Y,44.0260722,-103.2929433
MLS Listing,,Vacant Land,5414 Wind River Rd,Rapid City,SD,57702,195000,,,HIGHPOINTE RANCH SUBD,,28314,,44,,,Active,,,https://www.redfin.com/SD/Rapid-City/5414-Wind-River-Rd-57702/home/196107867,BHMLS,174330,N,Y,44.0260722,-103.2929433
MLS Listing,,Single Family Residential,2536 Smith Ave,Rapid City,SD,57701,400000,3,3.0,PARK MEADOWS,2200,6098,2004,44,182,,Active,,,https://www.redfin.com/SD/Rapid-City/2536-Smith-Ave-57701/home/105020530,BHMLS,174325,N,Y,44.0603764,-103.1951276
MLS Listing,,Mobile/Manufactured Home,1421 Cherry Ave,Rapid City,SD,57701,91900,3,2.0,BRADSKY,1456,4356,1998,44,63,,Active,,,https://www.redfin.com/SD/Rapid-City/1421-Cherry-Ave-57701/home/105067409,BHMLS,174323,N,Y,44.0722957,-103.1984925
MLS Listing,,Single Family Residential,929 Missoula St,Rapid City,SD,57703,429900,4,3.5,Big Sky,2528,7405,2006,44,170,,Active,,,https://www.redfin.com/SD/Rapid-City/929-Missoula-St-57703/home/104919648,BHMLS,174321,N,Y,44.0763161,-103.146143
MLS Listing,,Multi-Family (2-4 Unit),911 Haines Ave,Rapid City,SD,57701,275000,,,NORTH RAPID ADD,,,1928,44,,,Active,,,https://www.redfin.com/SD/Rapid-City/911-Haines-Ave-57701/home/105041419,BHMLS,174319,N,Y,44.0934964,-103.2221835
MLS Listing,,Single Family Residential,5232 Bunker Dr,Rapid City,SD,57701,389900,2,2.0,AUBURN HILLS,1129,8712,2025,45,345,,Active,,,https://www.redfin.com/SD/Rapid-City/5232-Bunker-Dr-57701/home/194873796,BHMLS,174307,N,Y,44.135807,-103.233282
MLS Listing,,Single Family Residential,2605 Hennessy Dr,Rapid City,SD,57701,324900,2,2.0,PARK HILL SUBD7,1208,4356,2025,45,269,,Active,,,https://www.redfin.com/SD/Rapid-City/2605-Hennessy-Dr-57701/home/196121329,BHMLS,174304,N,Y,44.06018,-103.194193
MLS Listing,,Single Family Residential,2527 Hennessy Dr,Rapid City,SD,57701,289900,2,2.0,PARK HILL SUBD7,1083,7405,2025,45,268,,Active,,,https://www.redfin.com/SD/Rapid-City/2527-Hennessy-Dr-57701/home/196121234,BHMLS,174303,N,Y,44.06055,-103.194381
MLS Listing,,Single Family Residential,212 E Custer St,Rapid City,SD,57701,269900,5,2.0,NOWLIN & WOOD,1840,5663,1959,45,147,,Active,,,https://www.redfin.com/SD/Rapid-City/212-E-Custer-St-57701/home/104888245,BHMLS,174294,N,Y,44.0941441,-103.209021
MLS Listing,,Single Family Residential,1007 Park Hill Dr,Rapid City,SD,57701,324900,4,2.0,PARK HILL,2072,8276,1964,45,157,,Active,,,https://www.redfin.com/SD/Rapid-City/1007-Park-Hill-Dr-57701/home/105041000,BHMLS,174293,N,Y,44.0586369,-103.200374
MLS Listing,,Single Family Residential,126 E St Andrew,Rapid City,SD,57701,249900,2,1.0,SUNNYSIDE ADD,768,6970,1950,45,325,,Active,,,https://www.redfin.com/SD/Rapid-City/126-E-Saint-Andrew-St-57701/home/104950159,BHMLS,174290,N,Y,44.0687344,-103.2154652
MLS Listing,,Single Family Residential,4020 Sherry Ct,Rapid City,SD,57703,334900,3,2.0,VALLEY WAY,1824,8276,1986,45,184,,Active,,,https://www.redfin.com/SD/Rapid-City/4020-Sherry-Ct-57703/home/104983271,BHMLS,174289,N,Y,44.0643236,-103.1491127
MLS Listing,,Mobile/Manufactured Home,4422 Other,Rapid City,SD,57703,165000,3,2.0,Trailwood Village,1250,,2023,46,132,,Active,August-1-2025 12:00 PM,August-1-2025 02:00 PM,https://www.redfin.com/SD/Rapid-City/4422-Other-57703/home/196114882,MRAOR,84896,N,Y,44.0571710288498,-103.144625576782
MLS Listing,,Mobile/Manufactured Home,4422 Circlewood Dr,Rapid City,SD,57703,165000,3,2.0,TRAILWOOD VLG,1250,,2023,46,132,,Active,August-1-2025 12:00 PM,August-1-2025 02:00 PM,https://www.redfin.com/SD/Rapid-City/4422-Circlewood-Dr-57703/home/196114875,BHMLS,174288,N,Y,44.0567943,-103.1442168
MLS Listing,,Mobile/Manufactured Home,4309 Circlewood Dr,Rapid City,SD,57703,175000,3,2.0,TRAILWOOD VLG,1300,,2024,46,135,,Active,August-1-2025 12:00 PM,August-1-2025 02:00 PM,https://www.redfin.com/SD/Rapid-City/4309-Circlewood-Dr-57703/home/180662941,BHMLS,174287,N,Y,44.0582124,-103.1443122
MLS Listing,,Mobile/Manufactured Home,4309 Other,Rapid City,SD,57703,175000,3,2.0,Trailwood Village,1300,,2024,46,135,,Active,August-1-2025 12:00 PM,August-1-2025 02:00 PM,https://www.redfin.com/SD/Rapid-City/4309-Other-57701/home/190961326,MRAOR,84895,N,Y,44.057818685325,-103.14449683075
MLS Listing,,Mobile/Manufactured Home,4449 Other,Rapid City,SD,57703,185000,3,2.0,Trailwood Village,1512,,2023,46,122,,Active,August-1-2025 12:00 PM,August-1-2025 02:00 PM,https://www.redfin.com/SD/Rapid-City/4449-Other-57703/home/196114867,MRAOR,84894,N,Y,44.0573714947062,-103.144582661438
MLS Listing,,Mobile/Manufactured Home,4449 Circlewood Dr,Rapid City,SD,57703,185000,3,2.0,TRAILWOOD VLG,1512,,2023,46,122,,Active,August-1-2025 12:00 PM,August-1-2025 02:00 PM,https://www.redfin.com/SD/Rapid-City/4449-Circlewood-Dr-57703/home/191473172,BHMLS,174286,N,Y,44.0571039,-103.1450433
MLS Listing,,Mobile/Manufactured Home,4432 Circlewood Dr,Rapid City,SD,57703,185000,3,2.0,TRAILWOOD VLG,1500,,2024,46,123,,Active,August-1-2025 12:00 PM,August-1-2025 02:00 PM,https://www.redfin.com/SD/Rapid-City/4432-Circlewood-Dr-57703/home/196114759,BHMLS,174285,N,Y,44.05676,-103.1445886
MLS Listing,,Mobile/Manufactured Home,4432 Other,Rapid City,SD,57703,185000,3,2.0,Trailwood Village,1500,,2024,46,123,,Active,August-1-2025 12:00 PM,August-1-2025 02:00 PM,https://www.redfin.com/SD/Rapid-City/4432-Other-57703/home/196114724,MRAOR,84893,N,Y,44.057023160682,-103.144681221411
MLS Listing,,Single Family Residential,4717 South Pointe Dr,Rapid City,SD,57701,499000,5,3.0,SOUTHPOINTE,2608,8276,2006,46,191,,Active,,,https://www.redfin.com/SD/Rapid-City/4717-Southpointe-Dr-57701/home/104959157,BHMLS,174276,N,Y,44.0372202,-103.2141479
MLS Listing,,Single Family Residential,1017 12th St,Rapid City,SD,57701,289000,2,1.0,WEST BLVD,768,3485,1913,46,376,,Active,,,https://www.redfin.com/SD/Rapid-City/1017-12th-St-57701/home/105047695,BHMLS,174275,N,Y,44.076686,-103.2396914
MLS Listing,,Single Family Residential,5125 Pinedale Heights Dr,Rapid City,SD,57702,549900,5,3.5,KINGSWOOD 1,3100,62291,1959,47,177,,Active,,,https://www.redfin.com/SD/Rapid-City/5125-Pinedale-Heights-Dr-57702/home/105058649,BHMLS,174273,N,Y,44.0806109,-103.3027969
MLS Listing,,Single Family Residential,846 Petros Dr,Rapid City,SD,57701,319900,2,2.0,KATELAND,1224,4356,2024,48,261,,Active,,,https://www.redfin.com/SD/Rapid-City/846-Petros-Dr-57701/home/191768346,BHMLS,174265,N,Y,44.127459,-103.22954
MLS Listing,,Single Family Residential,2601 Hennessy Dr,Rapid City,SD,57701,339900,3,2.0,PARK HILL SUBD7,1312,4356,2025,48,259,,Active,,,https://www.redfin.com/SD/Rapid-City/2601-Hennessy-Dr-57701/home/196093677,BHMLS,174264,N,Y,44.060273,-103.194191
MLS Listing,,Single Family Residential,2632 W St Patrick St,Rapid City,SD,57702,434900,4,2.0,No Subdivision,2184,10454,1960,49,199,,Active,August-2-2025 12:00 PM,August-2-2025 02:00 PM,https://www.redfin.com/SD/Rapid-City/2632-W-Saint-Patrick-St-57702/home/105011274,BHMLS,174257,N,Y,44.0677951,-103.2638095
MLS Listing,,Mobile/Manufactured Home,6728 Green Dr,Rapid City,SD,57703,229000,3,2.0,GREEN VLY EST,1216,47480,1985,49,188,,Active,,,https://www.redfin.com/SD/Rapid-City/6728-Green-Dr-57703/home/105048550,BHMLS,174201,N,Y,44.0312182,-103.1159348
MLS Listing,,Single Family Residential,1285 Duffer Dr,Rapid City,SD,57702,630000,3,2.5,VILLAGE ON THE,2616,7405,1996,49,241,,Active,,,https://www.redfin.com/SD/Rapid-City/1285-Duffer-Dr-57702/home/104990109,BHMLS,174248,N,Y,43.9811795,-103.2476981
MLS Listing,,Single Family Residential,5618 Bridge Dr,Rapid City,SD,57703,203960,1,1.0,ENNEN SUBD,575,4792,2025,50,355,,Active,August-3-2025 12:00 PM,August-3-2025 03:00 PM,https://www.redfin.com/SD/Rapid-City/5618-Bridge-Dr-57703/home/193426077,BHMLS,174247,N,Y,44.0795326,-103.1307864
MLS Listing,,Single Family Residential,740 Bear Tooth Ct,Box Elder,SD,57719,334900,4,2.0,CHEYENNE PASS,1900,6970,2009,50,176,,Active,,,https://www.redfin.com/SD/Box-Elder/740-Bear-Tooth-Ct-57719/home/104932361,BHMLS,174239,N,Y,44.0946948,-103.091824
MLS Listing,,Single Family Residential,705 Belmont Dr,Rapid City,SD,57702,350000,5,2.5,PARADISE VALLEY,2336,7405,1968,50,150,,Active,,,https://www.redfin.com/SD/Rapid-City/705-Belmont-Dr-57702/home/105011145,BHMLS,174236,N,Y,44.091135,-103.2978421
MLS Listing,,Single Family Residential,2934 Motherlode Dr,Rapid City,SD,57702,620000,5,3.0,CATRON CROSSING SUBD,2816,10890,2009,50,220,,Active,,,https://www.redfin.com/SD/Rapid-City/2934-Motherlode-Dr-57702/home/104909528,BHMLS,174228,N,Y,44.0245929,-103.2689614
MLS Listing,,Mobile/Manufactured Home,3855 Cambell St,Rapid City,SD,57701,64900,2,2.0,No Subdivision,1050,,1994,50,62,,Active,,,https://www.redfin.com/SD/Rapid-City/3855-Cambell-St-57701/home/107746376,BHMLS,174227,N,Y,44.0467286,-103.1965665
MLS Listing,,Single Family Residential,5400 Pinedale Cir,Rapid City,SD,57702,849900,4,3.5,PINEDALE HEIGHT,2926,49658,1997,50,290,,Active,,,https://www.redfin.com/SD/Rapid-City/5400-Pinedale-Cir-57702/home/104895403,BHMLS,174224,N,Y,44.0817449,-103.3093612
MLS Listing,,Single Family Residential,4941 Springtree Ct,Rapid City,SD,57702,749900,4,4.5,AUTUMN HILLS,3900,18295,1994,51,192,,Active,,,https://www.redfin.com/SD/Rapid-City/4941-Springtree-Ct-57702/home/105067492,BHMLS,174223,N,Y,44.0352405,-103.2679635
MLS Listing,,Single Family Residential,1015 W Boulevard St,Rapid City,SD,57701,439900,3,2.0,Boulevard Addition,2122,4792,1920,51,207,,Active,,,https://www.redfin.com/SD/Rapid-City/1015-West-Blvd-57701/home/104909209,MRAOR,84822,N,Y,44.0762286,-103.236827
MLS Listing,,Single Family Residential,612 Auburn Dr,Rapid City,SD,57701,279000,2,1.0,AUBURN HILLS,897,5227,2004,51,311,,Active,,,https://www.redfin.com/SD/Rapid-City/612-Auburn-Dr-57701/home/104918211,BHMLS,174207,N,Y,44.130172,-103.224527
MLS Listing,,Single Family Residential,755 Bear Tooth Ct,Box Elder,SD,57719,364900,3,2.0,CHEYENNE PASS,2010,8712,2011,51,182,,Active,,,https://www.redfin.com/SD/Box-Elder/755-Bear-Tooth-Ct-57719/home/104969445,BHMLS,174206,N,Y,44.0939471,-103.0914103
MLS Listing,,Single Family Residential,4007 Sherry Ct,Rapid City,SD,57703,288500,3,2.0,VALLEY WAY,1824,8276,1985,51,158,,Active,,,https://www.redfin.com/SD/Rapid-City/4007-Sherry-Ct-57703/home/105007694,BHMLS,174205,N,Y,44.0640319,-103.1499276
MLS Listing,,Single Family Residential,5040 Saturn Dr,Rapid City,SD,57703,339900,4,2.0,SCENIC VALLEY,2034,8276,1981,51,167,,Active,,,https://www.redfin.com/SD/Rapid-City/5040-Saturn-Dr-57703/home/105058717,BHMLS,174203,N,Y,44.0609908,-103.1355703
MLS Listing,,Mobile/Manufactured Home,2780 143rd Ave,Rapid City,SD,57701,80000,4,2.0,PRAIRIE MEADOWS SUB,1216,,2000,53,66,,Active,,,https://www.redfin.com/SD/Rapid-City/2780-143rd-Ave-57701/home/107743703,BHMLS,174186,N,Y,44.1129063,-103.1902869
MLS Listing,,Single Family Residential,1246 Pinnacle Ct,Rapid City,SD,57701,494900,2,2.0,WHISPER RIDGE,1302,7841,2025,53,380,,Active,,,https://www.redfin.com/SD/Rapid-City/1246-Pinnacle-Ct-57701/home/196028638,BHMLS,174184,N,Y,44.024654,-103.2408449
MLS Listing,,Single Family Residential,10350 Nemo Rd,Rapid City,SD,57702,495000,2,2.0,Rapid City,1734,43560,1982,53,285,,Active,,,https://www.redfin.com/SD/Rapid-City/10350-Nemo-Rd-57702/home/105030148,MRAOR,84795,N,Y,44.1300943,-103.3799682
MLS Listing,,Single Family Residential,503 Aaron Ct,Rapid City,SD,57703,438000,3,2.0,Shepherd Hills,1565,8712,2022,53,280,,Active,,,https://www.redfin.com/SD/Rapid-City/503-Aaron-Ct-57703/home/180890583,MRAOR,84794,N,Y,44.088816,-103.178378
MLS Listing,,Single Family Residential,1102 Flormann,Rapid City,SD,57701,759000,3,5.0,RIDGE PARK 4,4264,17424,1950,53,178,,Active,,,https://www.redfin.com/SD/Rapid-City/1102-Flormann-St-57701/home/104958733,BHMLS,174180,N,Y,44.0649063,-103.2375047
MLS Listing,,Single Family Residential,1105 Blaine Ave,Rapid City,SD,57701,207500,2,2.0,Miller Addition,820,6970,1950,53,253,,Active,,,https://www.redfin.com/SD/Rapid-City/1105-Blaine-Ave-57701/home/104909044,MRAOR,84789,N,Y,44.0953784,-103.2163867
MLS Listing,,Single Family Residential,768 Earleen St,Rapid City,SD,57701,192000,2,1.0,KATELAND,969,2614,2010,53,198,,Active,,,https://www.redfin.com/SD/Rapid-City/768-Earleen-St-57701/home/180502129,BHMLS,174175,N,Y,44.1262725,-103.2263582
MLS Listing,,Single Family Residential,2004 9th Ave,Rapid City,SD,57701,423000,3,2.5,ST ELMO 1,1648,10890,1957,55,257,,Active,,,https://www.redfin.com/SD/Rapid-City/2004-9th-St-57701/home/105041150,BHMLS,174168,N,Y,44.0662281,-103.2340164
MLS Listing,,Single Family Residential,1120 S Regency Ct,Rapid City,SD,57702,867500,5,4.5,SOUTH HILL,4803,19602,2003,55,181,,Active,,,https://www.redfin.com/SD/Rapid-City/1120-Regency-Ct-57702/home/104969513,BHMLS,174167,N,Y,44.0204387,-103.2385998
MLS Listing,,Single Family Residential,5630 Cloud Peak Dr,Rapid City,SD,57702,999999,4,4.5,HIGHPOINTE RANCH NORTH,2831,16117,2024,56,353,,Active,,,https://www.redfin.com/SD/Rapid-City/5630-Cloud-Peak-Dr-57702/home/183814534,BHMLS,174162,N,Y,44.0254135,-103.2960459
MLS Listing,,Single Family Residential,TBD Summerfield Dr,Rapid City,SD,57702,434900,4,4.0,COPPERFIELD VISTAS,2000,6534,2025,56,217,,Active,,,https://www.redfin.com/SD/Rapid-City/TBD-Summerfield-Dr-57703/home/196016629,BHMLS,174161,N,Y,44.0777576570094,-103.165457998657
MLS Listing,,Single Family Residential,516 Aaron Ct,Rapid City,SD,57703,418000,3,2.0,Shepherd Hills,1397,7841,2022,56,299,,Active,,,https://www.redfin.com/SD/Rapid-City/516-Aaron-Ct-57703/home/195936090,MRAOR,84769,N,Y,44.0881929,-103.173387
MLS Listing,,Single Family Residential,218 Oakland St,Rapid City,SD,57701,279900,4,2.0,SOUTH BLVD,1872,7405,1958,56,150,,Active,,,https://www.redfin.com/SD/Rapid-City/218-Oakland-St-57701/home/104958762,BHMLS,174151,N,Y,44.0605941,-103.2227702
MLS Listing,,Single Family Residential,24005 Bridle Ridge Ct,Rapid City,SD,57701,369000,2,1.0,BRIDLE RIDGE SUBD,1080,43560,2023,56,342,,Active,,,https://www.redfin.com/SD/Rapid-City/24005-Bridle-Ridge-Ct-57701/home/188532255,BHMLS,174146,N,Y,44.154437,-103.150569
MLS Listing,,Single Family Residential,1235 Kings Rd,Rapid City,SD,57702,574900,4,2.0,SOUTH CANYON CO,2136,47045,1978,57,269,,Active,,,https://www.redfin.com/SD/Rapid-City/1235-Kings-Rd-57702/home/105048371,BHMLS,174142,N,Y,44.0975029,-103.3592026
MLS Listing,,Single Family Residential,23487 Dry Sage Ln,Rapid City,SD,57702,885000,3,2.0,SHERIDAN LAKE HIGHLANDS,2323,91040,2014,57,381,,Active,,,https://www.redfin.com/SD/Rapid-City/23487-Dry-Sage-Ln-57702/home/105066838,BHMLS,174139,N,Y,43.9973285,-103.3722614
MLS Listing,,Single Family Residential,6433 S Canyon Rd,Rapid City,SD,57702,365900,1,1.0,No Subdivision,1040,68389,1932,57,352,,Active,,,https://www.redfin.com/SD/Rapid-City/6433-S-Canyon-Rd-57702/home/104982344,BHMLS,174134,N,Y,44.091195,-103.325995
MLS Listing,,Single Family Residential,4912 Butte Cir,Rapid City,SD,57703,299000,3,2.0,COUNTY HEIGHTS,1628,20038,1989,57,184,,Active,,,https://www.redfin.com/SD/Rapid-City/4912-Butte-Cir-57703/home/104917871,BHMLS,174133,N,Y,44.0706999,-103.1383089
MLS Listing,,Single Family Residential,1705 Copperdale Dr,Rapid City,SD,57703,369900,3,2.0,COPPERFIELD,1856,11326,1985,57,199,,Active,,,https://www.redfin.com/SD/Rapid-City/1705-Copperdale-Dr-57703/home/105040536,BHMLS,174130,N,Y,44.0690744,-103.1642128
MLS Listing,,Vacant Land,0 Danube Ln,Rapid City,SD,57702,79900,,,EDELWEISS MT,,62291,,57,,,Active,,,https://www.redfin.com/SD/rapid-city/0-Danube-LN-57701/home/191051443,BHMLS,174128,N,Y,44.038706001821,-103.540817057037
MLS Listing,,Single Family Residential,3436 Kyle St,Rapid City,SD,57701,279900,2,2.0,CHMH SUBD,1004,5663,2003,57,279,,Active,,,https://www.redfin.com/SD/Rapid-City/3436-Kyle-St-57701/home/105021929,BHMLS,174124,N,Y,44.1193189,-103.226935
MLS Listing,,Single Family Residential,206 E St Anne St,Rapid City,SD,57701,275000,3,2.0,SOUTH PARK,1728,6534,1955,57,159,,Active,,,https://www.redfin.com/SD/Rapid-City/206-E-Saint-Anne-St-57701/home/104969188,BHMLS,174123,N,Y,44.0658866,-103.2140913
MLS Listing,,Vacant Land,TBD Radar Hill Rd,Rapid City,SD,57703,250000,,,Rapid City,,435600,,58,,,Active,,,https://www.redfin.com/SD/Rapid-City/TBD-Radar-Hill-Rd-57703/home/180664639,BHMLS,174118,N,Y,44.0533541035631,-103.089565597534
MLS Listing,,Vacant Land,LOT 17 Covenant Dr,Rapid City,SD,57702,215000,,,BELLA VISTA ESTATES SUBD,,27007,,58,,,Active,,,https://www.redfin.com/SD/Rapid-City/LOT-17-Covenant-Dr-57702/home/181947621,BHMLS,174110,N,Y,44.0243973231475,-103.258831058884
MLS Listing,,Vacant Land,LOT 18 Covenant Dr,Rapid City,SD,57702,165000,,,BELLA VISTA ESTATES SUBD,,21344,,58,,,Active,,,https://www.redfin.com/SD/Rapid-City/LOT-18-Covenant-Dr-57702/home/181947264,BHMLS,174111,N,Y,44.0241041712496,-103.258734499359
MLS Listing,,Vacant Land,LOT 6 Covenant Dr,Rapid City,SD,57702,150000,,,BELLA VISTA ESTATES SUBD,,13504,,58,,,Active,,,https://www.redfin.com/SD/Rapid-City/429-5th-St-57701/home/180498143,BHMLS,174109,N,Y,44.0817571,-103.225901
MLS Listing,,Vacant Land,LOT 5 Covenant Dr,Rapid City,SD,57702,150000,,,BELLA VISTA ESTATES SUBD,,9148,,58,,,Active,,,https://www.redfin.com/SD/Rapid-City/LOT-5-Covenant-Dr-57702/home/181956104,BHMLS,174108,N,Y,44.0250067658745,-103.26066568985
MLS Listing,,Vacant Land,LOT 4 Covenant Dr,Rapid City,SD,57702,215000,,,BELLA VISTA ESTATES SUBD,,12197,,58,,,Active,,,https://www.redfin.com/SD/Rapid-City/LOT-4-Covenant-Dr-57702/home/181956105,BHMLS,174107,N,Y,44.0247830471202,-103.260386740112
MLS Listing,,Single Family Residential,4991 Raven Cir,Rapid City,SD,57702,565000,4,3.0,COUNTRYSIDE SUB,1961,20038,1993,59,288,,Active,,,https://www.redfin.com/SD/Rapid-City/4991-Raven-Cir-57702/home/104926284,BHMLS,174101,N,Y,44.0134619,-103.29823
MLS Listing,,Single Family Residential,127 Lambeau Ct,Rapid City,SD,57701,412000,3,2.0,NORTHBROOK VLG,1920,12632,2003,59,215,,Active,,,https://www.redfin.com/SD/Rapid-City/127-Lambeau-Ct-57701/home/105021839,BHMLS,174094,N,Y,44.1261847,-103.2150974
MLS Listing,,Mobile/Manufactured Home,5863 Saturn Dr,Rapid City,SD,57703,400000,4,2.0,EASTERN ACRES,1782,27007,2004,59,224,,Active,,,https://www.redfin.com/SD/Rapid-City/5863-Saturn-Dr-57703/home/105029914,BHMLS,174092,N,Y,44.0592568,-103.1273258
MLS Listing,,Single Family Residential,814 St Francis St,Rapid City,SD,57701,404900,4,2.0,ST ELMO 1,2124,10890,1952,59,191,,Active,August-2-2025 02:30 PM,August-2-2025 04:30 PM,https://www.redfin.com/SD/Rapid-City/814-Saint-Francis-St-57701/home/105021089,BHMLS,174090,N,Y,44.0667273,-103.2332466
MLS Listing,,Single Family Residential,2410 Lockwood Dr,Rapid City,SD,57702,289000,4,2.0,STRATHAVON 3,1958,7841,1971,59,148,,Active,,,https://www.redfin.com/SD/Rapid-City/2410-Lockwood-Dr-57702/home/107757499,BHMLS,174089,N,Y,44.0615375,-103.2630788
MLS Listing,,Single Family Residential,13741 Chipmunk Pl,Rapid City,SD,57702,679000,4,3.0,BOXELDER HIGH C,3360,90605,1994,59,202,,Active,,,https://www.redfin.com/SD/Rapid-City/13741-Chipmunk-Pl-57702/home/105184039,BHMLS,174088,N,Y,44.142425,-103.4452904
MLS Listing,,Single Family Residential,650 Solomon Ct,Rapid City,SD,57703,864468,4,3.5,SHEPHERD HILLS SUBD,3452,12197,2022,59,250,,Active,,,https://www.redfin.com/SD/Rapid-City/650-Solomon-Ct-57703/home/180498717,BHMLS,174085,N,Y,44.089472,-103.175361
MLS Listing,,Single Family Residential,628 Oakland,Rapid City,SD,57701,354900,4,2.0,SOUTH BLVD,2012,11326,1971,59,176,,Active,,,https://www.redfin.com/SD/Rapid-City/628-Oakland-St-57701/home/104991349,BHMLS,174045,N,Y,44.0605503,-103.2295362
MLS Listing,,Vacant Land,Lots 2A - 4B Harmony Heights Ln,Rapid City,SD,57702,239400,,,FOUNTAIN VIEW SUBDIVISION,,29185,,59,,,Active,,,https://www.redfin.com/SD/Silver-City/Lots-2A-4B-Harmony-Heights-Ln-57702/home/195976177,BHMLS,174084,N,Y,44.1031074945165,-103.249108351064
MLS Listing,,Single Family Residential,2635 Black Saddle Rd,Rapid City,SD,57703,749900,5,3.0,"RANCH AT BLACK GAP, THE",3024,37026,2003,60,248,,Active,,,https://www.redfin.com/SD/Rapid-City/2635-Black-Saddle-Rd-57703/home/104969673,BHMLS,174083,N,Y,43.9784939,-103.1719396
MLS Listing,,Single Family Residential,2198 Old Farm Ct,Rapid City,SD,57703,348000,4,2.0,WINDMERE SUB,1868,6970,2000,60,186,,Active,,,https://www.redfin.com/SD/Rapid-City/2198-Old-Farm-Ct-57703/home/105048061,BHMLS,174080,N,Y,44.064849,-103.1345526
