SALE TYPE,SOLD DATE,PROPERTY TYPE,ADDRESS,CITY,STATE OR PROVINCE,ZIP OR POSTAL CODE,PRICE,BEDS,BATHS,LOCATION,SQUARE FEET,LOT SIZE,YEAR BUILT,DAYS ON MARKET,$/SQUARE FEET,HOA/MONTH,STATUS,NEXT OPEN HOUSE START TIME,NEXT OPEN HOUSE END TIME,URL (SEE https://www.redfin.com/buy-a-home/comparative-market-analysis FOR INFO ON PRICING),SOURCE,MLS#,FAVORITE,INTERESTED,LATITUDE,LONGITUDE
"In accordance with local MLS rules, some MLS listings are not included in the download"
MLS Listing,,Single Family Residential,7451 Circle Farm,San Antonio,TX,78239,259999,5,2.5,Walzem Farms,2175,4356,2006,1,120,17,Active,,,https://www.redfin.com/TX/San-Antonio/7451-Circle-Farm-78239/home/48659209,Sabor,1887769,N,Y,29.49629,-98.3573117
MLS Listing,,Condo/Co-op,1401 S Flores St #409,San Antonio,TX,78204,250000,1,1.0,Steel House Lofts,804,,2015,1,311,290,Active,,,https://www.redfin.com/TX/San-Antonio/1401-S-Flores-St-78204/unit-409/home/110101935,Sabor,1887925,N,Y,29.4100188,-98.5015508
MLS Listing,,Single Family Residential,19706 Encino Knl,San Antonio,TX,78259,469900,4,2.0,Encino Park,2088,10367,1981,6,225,42,Active,August-3-2025 01:00 PM,August-3-2025 03:00 PM,https://www.redfin.com/TX/San-Antonio/19706-Encino-Knoll-St-78259/home/49070467,Sabor,1886149,N,Y,29.6255287,-98.4537717
MLS Listing,,Single Family Residential,5334 Tulip Bnd,San Antonio,TX,78253,499900,5,3.0,Westwinds-summit At Alamo Ranc,3852,8450,2007,7,130,93,Active,,,https://www.redfin.com/TX/San-Antonio/5334-Tulip-Bnd-78253/home/48688129,Sabor,1881215,N,Y,29.4864274,-98.7407388
MLS Listing,,Single Family Residential,21738 Luisa,San Antonio,TX,78259,415000,3,2.5,The Vistas Of Encino,2392,6316,1995,8,173,50,Active,,,https://www.redfin.com/TX/San-Antonio/21738-Luisa-78259/home/49091726,Sabor,1886480,N,Y,29.6444241,-98.4281237
MLS Listing,,Single Family Residential,7131 Phoebe Vw,San Antonio,TX,78252,299999,5,3.5,Solana Ridge,2678,5401,2015,8,112,41,Active,August-2-2025 02:00 PM,August-2-2025 04:00 PM,https://www.redfin.com/TX/San-Antonio/7131-Phoebe-Vw-78252/home/102265353,Sabor,1885737,N,Y,29.3540217,-98.6375208
MLS Listing,,Single Family Residential,7522 Frenchton St,San Antonio,TX,78251,299999,3,2.0,Doral,2085,8058,1979,9,144,,Active,,,https://www.redfin.com/TX/San-Antonio/7522-Frenchton-St-78251/home/49096033,Sabor,1885301,N,Y,29.4547774,-98.6393232
MLS Listing,,Single Family Residential,5006 Fern Lk,San Antonio,TX,78244,230000,3,2.0,Woodlake,1573,6316,1989,9,146,,Active,August-2-2025 11:00 AM,August-2-2025 01:00 PM,https://www.redfin.com/TX/San-Antonio/5006-Fern-Lk-78244/home/48818887,Sabor,1884207,N,Y,29.4715362,-98.3499429
MLS Listing,,Single Family Residential,2107 Orange Blossom St,San Antonio,TX,78247,299998,3,2.0,Blossom Park,1383,9583,1974,13,217,,Active,,,https://www.redfin.com/TX/San-Antonio/2107-Orange-Blossom-St-78247/home/48997275,Sabor,1883210,N,Y,29.550669,-98.4602579
MLS Listing,,Single Family Residential,7515 Rustic,San Antonio,TX,78244,210000,4,2.0,Ventura,1535,7927,1981,13,137,,Active,,,https://www.redfin.com/TX/San-Antonio/7515-Rustic-Trl-78244/home/66955691,Sabor,1884286,N,Y,29.4931472,-98.3404122
MLS Listing,,Single Family Residential,207 Florida St,San Antonio,TX,78210,499998,3,2.0,Lavaca,1620,7840,1910,13,309,,Active,,,https://www.redfin.com/TX/San-Antonio/207-Florida-St-78210/home/48746097,Sabor,1879958,N,Y,29.4084365,-98.4840099
MLS Listing,,Single Family Residential,347 Blaze Ave,San Antonio,TX,78218,187000,3,2.0,East Terrell Hills,1610,7318,1959,16,116,,Active,,,https://www.redfin.com/TX/San-Antonio/347-Blaze-Ave-78218/home/48947567,Sabor,1883061,N,Y,29.5018788,-98.4111219
MLS Listing,,Single Family Residential,507 Texas Pt,San Antonio,TX,78260,699998,5,3.5,The Overlook,3090,42688,1999,20,227,110,Active,,,https://www.redfin.com/TX/San-Antonio/507-Texas-Pt-78260/home/49129376,Sabor,1881786,N,Y,29.6584753,-98.5037354
MLS Listing,,Single Family Residential,1022 Mineral Hls,San Antonio,TX,78260,369900,3,2.0,Enclave At Canyon Springs,1835,7405,2006,20,202,127,Active,,,https://www.redfin.com/TX/San-Antonio/1022-Mineral-Hls-78260/home/48664037,Sabor,1883017,N,Y,29.6869312,-98.4756453
MLS Listing,,Single Family Residential,2926 Wentwood Run,San Antonio,TX,78245,360000,5,3.5,Laurel Vista,2773,6098,2023,21,130,133,Active,,,https://www.redfin.com/TX/San-Antonio/2926-Wentwood-Run-78245/home/187567352,Sabor,1872212,N,Y,29.4011437,-98.7191393
MLS Listing,,Single Family Residential,1139 W Russell Pl,San Antonio,TX,78201,379000,3,2.0,Beacon Hill,1834,6272,1922,21,207,,Active,August-2-2025 02:00 PM,August-2-2025 04:00 PM,https://www.redfin.com/TX/San-Antonio/1139-W-Russell-Pl-78201/home/48733532,Sabor,1880416,N,Y,29.4512924,-98.5093358
MLS Listing,,Single Family Residential,3658 Ridge Cluster,San Antonio,TX,78247,230000,3,2.0,Stoneridge,1318,8276,1982,24,175,20,Active,,,https://www.redfin.com/TX/San-Antonio/3658-Ridge-Cluster-St-78247/home/49069499,Sabor,1881794,N,Y,29.5568676,-98.430376
MLS Listing,,Single Family Residential,6318 Firestone Pkwy,San Antonio,TX,78244,399000,3,2.0,Woodlake Country Clu,2757,10628,1984,28,145,,Active,,,https://www.redfin.com/TX/San-Antonio/6318-Firestone-Pkwy-78244/home/48817345,Sabor,1880276,N,Y,29.4862238,-98.3357736
MLS Listing,,Single Family Residential,24906 Cloudy Crk,San Antonio,TX,78255,489000,4,3.5,Two Creeks,2854,7797,2011,28,171,88,Active,,,https://www.redfin.com/TX/San-Antonio/24906-Cloudy-Crk-78255/home/48711291,Sabor,1880804,N,Y,29.6737345,-98.6485858
MLS Listing,,Single Family Residential,11006 Gilpin Cyn,Helotes,TX,78023,354998,4,2.5,Enclave At Laurel Canyon,2494,4617,2006,29,142,42,Active,,,https://www.redfin.com/TX/Helotes/11006-Gilpin-Cyn-78023/home/48679608,Sabor,1876796,N,Y,29.545422,-98.6929281
MLS Listing,,Single Family Residential,1707 Lawnside Rd,San Antonio,TX,78245,427400,4,2.5,Arcadia Ridge Phase 1 - Bexar,2547,5401,2022,31,168,31,Active,,,https://www.redfin.com/TX/San-Antonio/1707-Lawnside-Rd-78245/home/181927072,Sabor,1878275,N,Y,29.414339,-98.759558
MLS Listing,,Single Family Residential,7333 Yucca Pl,San Antonio,TX,78253-4199,329900,3,2.5,Winding Brook,2306,4922,2021,31,143,50,Active,,,https://www.redfin.com/TX/San-Antonio/7333-Yucca-Pl-78253/home/176686490,Sabor,1880064,N,Y,29.5066288,-98.7584104
MLS Listing,,Single Family Residential,8919 Veranda Ct,San Antonio,TX,78250,305000,3,2.5,Mainland Oaks,2114,7797,2002,34,144,,Active,August-3-2025 11:00 AM,August-3-2025 01:00 PM,https://www.redfin.com/TX/San-Antonio/8919-Veranda-Ct-78250/home/49145640,Sabor,1878857,N,Y,29.5132629,-98.6576133
MLS Listing,,Condo/Co-op,8915 Datapoint Dr Unit 44B,San Antonio,TX,78229-2554,224998,3,3.0,The Woods,2021,,1973,37,111,935,Active,,,https://www.redfin.com/TX/San-Antonio/8915-Datapoint-Dr-78229/unit-44B/home/48984879,Sabor,1876385,N,Y,29.5229805,-98.5651806
MLS Listing,,Single Family Residential,7822 Sandpiper Park,San Antonio,TX,78249,260000,3,2.0,Parkwood,1866,6316,1993,41,139,25,Active,,,https://www.redfin.com/TX/San-Antonio/7822-Sandpiper-Park-Dr-78249/home/49125299,Sabor,1876551,N,Y,29.5563761,-98.6405402
MLS Listing,,Single Family Residential,1010 Misty Knl,San Antonio,TX,78258,485000,5,3.0,Hills Of Stone Oak,2494,20952,1985,41,194,49,Active,,,https://www.redfin.com/TX/San-Antonio/1010-Misty-Knl-78258/home/49130006,Sabor,1873278,N,Y,29.6283391,-98.4867647
MLS Listing,,Single Family Residential,13427 La Vis,San Antonio,TX,78216,510000,4,3.0,Vista Del Norte,2427,11499,1982,48,210,34,Active,,,https://www.redfin.com/TX/San-Antonio/13427-La-Vista-Dr-78216/home/49054278,Sabor,1874859,N,Y,29.5704671,-98.5143068
MLS Listing,,Single Family Residential,13401 Vista Del Rey,San Antonio,TX,78216,599999,4,3.5,Vista Del Norte,2760,11804,1985,49,217,34,Active,,,https://www.redfin.com/TX/San-Antonio/13401-Vista-del-Rey-78216/home/49054508,Sabor,1873108,N,Y,29.5676184,-98.5133719
MLS Listing,,Single Family Residential,19426 Desert Oak,San Antonio,TX,78258,700000,4,3.0,Oaks At Sonterra,3471,9321,2000,49,202,143,Active,August-10-2025 02:00 PM,August-10-2025 04:00 PM,https://www.redfin.com/TX/San-Antonio/19426-Desert-Oak-78258/home/49128268,Sabor,1873104,N,Y,29.6248717,-98.5104816
MLS Listing,,Single Family Residential,9106 Thomas York,San Antonio,TX,78251,380000,5,3.5,The Heights At Westover,3034,7797,2002,49,125,102,Active,August-9-2025 04:00 PM,August-9-2025 06:00 PM,https://www.redfin.com/TX/San-Antonio/9106-Thomas-York-Blvd-78251/home/49099249,Sabor,1872509,N,Y,29.4435961,-98.6782061
MLS Listing,,Multi-Family (2-4 Unit),802 Durr,San Antonio,TX,78214,240000,4,2.0,Harlandale,1458,5575,1966,57,165,,Active,,,https://www.redfin.com/TX/San-Antonio/802-Durr-Rd-78214/home/48909596,Sabor,1866297,N,Y,29.3554534,-98.4881309
MLS Listing,,Single Family Residential,1718 Wind Riv,San Antonio,TX,78258,610000,4,3.0,Coronado - Bexar County,2901,7535,2019,62,210,33,Active,,,https://www.redfin.com/TX/San-Antonio/1718-Wind-Riv-78258/home/169085687,Sabor,1870557,N,Y,29.6539673,-98.4632452
MLS Listing,,Single Family Residential,239 Porter St,San Antonio,TX,78210,334900,3,2.5,Denver Heights West Of New Bra,1428,7492,1920,63,235,,Active,August-9-2025 02:00 PM,August-9-2025 04:00 PM,https://www.redfin.com/TX/San-Antonio/239-Porter-St-78210/home/48730537,Sabor,1870786,N,Y,29.4061443,-98.4662685
MLS Listing,,Single Family Residential,11042 Eyelet Hbr,Converse,TX,78109,220000,3,2.5,Savannah Place Unit 1,1428,5445,2021,64,154,31,Active,,,https://www.redfin.com/TX/Converse/11042-Eyelet-Hbr-78109/home/177469678,Sabor,1869525,N,Y,29.4562396,-98.2689112
MLS Listing,,Single Family Residential,11526 Lily Blair,San Antonio,TX,78253,514998,5,3.5,Westwinds Lonestar,3550,10759,2015,69,145,86,Active,,,https://www.redfin.com/TX/San-Antonio/11526-Lily-Blair-78253/home/66934580,Sabor,1865475,N,Y,29.4917804,-98.7213492
MLS Listing,,Single Family Residential,4043 Tropical Dr,San Antonio,TX,78218,214998,3,2.0,East Terrell Hills,1655,7927,1963,69,130,,Active,,,https://www.redfin.com/TX/San-Antonio/4043-Tropical-Dr-78218/home/48950274,Sabor,1868334,N,Y,29.4925544,-98.4142068
MLS Listing,,Single Family Residential,621 Center St,San Antonio,TX,78202,389500,3,2.5,Dignowity Hill Hist Dist,1515,6098,2018,69,257,,Active,,,https://www.redfin.com/TX/San-Antonio/621-Center-St-78202/home/169062290,Sabor,1867594,N,Y,29.4226787,-98.472317
MLS Listing,,Single Family Residential,6327 Almeria Cir,San Antonio,TX,78257,1195400,6,6.0,Andalucia,5363,11194,2013,70,223,295,Active,,,https://www.redfin.com/TX/San-Antonio/6327-Almeria-Cir-78257/home/48717377,Sabor,1868168,N,Y,29.6404585,-98.6076394
MLS Listing,,Single Family Residential,8827 Gallop Chase,San Antonio,TX,78254,199000,3,2.0,Wildhorse Vista,1353,4922,2007,73,147,21,Active,,,https://www.redfin.com/TX/San-Antonio/8827-Gallop-Chase-78254/home/48663851,Sabor,1868011,N,Y,29.5238446,-98.7068786
MLS Listing,,Single Family Residential,3819 Singing Water,San Antonio,TX,78253,394990,3,3.0,Hill Country Retreat,2179,6795,2015,76,181,185,Active,,,https://www.redfin.com/TX/San-Antonio/3819-Singing-Water-78253/home/110104342,Sabor,1865916,N,Y,29.4720203,-98.7483763
MLS Listing,,Single Family Residential,8515 Desert Cv,San Antonio,TX,78254,398000,4,2.5,Talise De Culebra,3019,7187,2016,77,132,50,Active,,,https://www.redfin.com/TX/San-Antonio/8515-Desert-Cove-Dr-78254/home/110104240,Sabor,1865382,N,Y,29.5201073,-98.755788
MLS Listing,,Single Family Residential,3003 Shady Spgs,San Antonio,TX,78230,254900,3,2.0,Green Briar,1114,8668,1960,78,229,,Active,August-2-2025 03:00 PM,August-2-2025 05:00 PM,https://www.redfin.com/TX/San-Antonio/3003-Shady-Springs-Dr-78230/home/48963965,Sabor,1866355,N,Y,29.5122969,-98.5422638
MLS Listing,,Townhouse,211 E Courtland,San Antonio,TX,78212,475000,3,3.0,Tobin Hill,1938,1785,2017,84,245,176,Active,,,https://www.redfin.com/TX/San-Antonio/211-E-Courtland-Pl-78212/home/110106611,Sabor,1863389,N,Y,29.4482718,-98.4926047
MLS Listing,,Single Family Residential,23102 Cardigan Chase,San Antonio,TX,78260,394998,4,2.5,Panther Creek At Stone O,2347,6229,2010,84,168,50,Active,,,https://www.redfin.com/TX/San-Antonio/23102-Cardigan-Chase-78260/home/48683126,Sabor,1859707,N,Y,29.6565889,-98.5146977
MLS Listing,,Single Family Residential,429 Fenwick Dr,Windcrest,TX,78239,397900,4,2.5,Windcrest,2547,12371,1969,85,156,,Active,August-2-2025 12:00 PM,August-2-2025 02:00 PM,https://www.redfin.com/TX/Windcrest/429-Fenwick-Dr-78239/home/48829517,Sabor,1864208,N,Y,29.5127907,-98.3812328
MLS Listing,,Single Family Residential,24742 Para Siempre,San Antonio,TX,78261,715000,4,4.5,Madera At Cibolo Canyon,2957,6969,2020,90,242,138,Active,,,https://www.redfin.com/TX/San-Antonio/24742-Para-Siempre-78261/home/173261608,Sabor,1861172,N,Y,29.6750209,-98.4088497
MLS Listing,,Single Family Residential,10643 W Military Dr. Unit 6,San Antonio,TX,78251,365000,5,3.0,Westover Hills,2080,,2024,91,175,82,Active,,,https://www.redfin.com/TX/San-Antonio/10643-W-Military-Dr-78251/unit-6/home/194718611,Sabor,1861994,N,Y,29.4489192,-98.702459
MLS Listing,,Single Family Residential,3107 Gilbert,Converse,TX,78109,302500,5,,Savannah Place Unit 1,2648,4530,2020,97,114,,Active,,,https://www.redfin.com/TX/Converse/3107-Gilbert-Gdn-78109/home/177469621,Sabor,1860580,N,Y,29.4602158,-98.272188
MLS Listing,,Single Family Residential,204 Vine St,San Antonio,TX,78210-2432,264990,3,2.0,San Antonio,1236,5401,1940,104,214,,Active,,,https://www.redfin.com/TX/San-Antonio/204-Vine-St-78210/home/48730407,Sabor,1841576,N,Y,29.4088104,-98.4564459
MLS Listing,,Townhouse,5222 E Rolling Ridge Dr,San Antonio,TX,78228-1024,210000,3,2.0,Rolling Ridge,1400,2003,1972,112,150,228,Active,,,https://www.redfin.com/TX/San-Antonio/5222-E-Rolling-Ridge-Dr-78228/home/48980497,Sabor,1857252,N,Y,29.480239,-98.5852926
MLS Listing,,Condo/Co-op,11815 Vance Jackson #2304,San Antonio,TX,78230,180000,2,2.5,Edgecliff Condo Ns,1099,,1984,118,164,447,Active,,,https://www.redfin.com/TX/San-Antonio/11815-Vance-Jackson-Rd-78230/unit-2304/home/195259728,Sabor,1855465,N,Y,29.5486177,-98.5704297
MLS Listing,,Single Family Residential,7142 Bluff Run,San Antonio,TX,78257,999000,4,4.0,Dominion/the Bluffs At,2828,11020,2020,118,353,295,Active,,,https://www.redfin.com/TX/San-Antonio/7142-Bluff-Run-78257/home/110096181,Sabor,1852743,N,Y,29.6691513,-98.6227333
MLS Listing,,Single Family Residential,23515 Avila Rdg,San Antonio,TX,78255,1499999,5,5.0,Canyons At Scenic Loop,4934,24088,2015,133,304,100,Active,,,https://www.redfin.com/TX/San-Antonio/23515-Avila-Rdg-78255/home/102396121,Sabor,1848797,N,Y,29.6610406,-98.6891455
MLS Listing,,Single Family Residential,18335 Powder,San Antonio,TX,78257,1100000,3,3.5,Shavano Highlands,3214,12283,2021,140,342,112,Active,,,https://www.redfin.com/TX/San-Antonio/18335-Powder-Ml-78257/home/173277556,Sabor,1849184,N,Y,29.6163852,-98.5595058
MLS Listing,,Single Family Residential,6422 Ithaca Fls,San Antonio,TX,78239,224899,3,2.0,Inwood Place,1630,4965,2006,146,138,11,Active,,,https://www.redfin.com/TX/San-Antonio/6422-Ithaca-Fls-78239/home/48640413,Sabor,1846633,N,Y,29.5342054,-98.3619794
MLS Listing,,Single Family Residential,7806 Larcrest Ln,San Antonio,TX,78251,262000,4,2.0,Crown Meadows,2180,5227,1997,160,120,29,Active,,,https://www.redfin.com/TX/San-Antonio/7806-Larcrest-Ln-78251/home/49096244,Sabor,1843816,N,Y,29.4557234,-98.6455477
MLS Listing,,Vacant Land,19422 Terra Stone,San Antonio,TX,78255-2345,274000,,,Terra Mont,47611,47611,,161,6,121,Active,,,https://www.redfin.com/TX/San-Antonio/19422-Terra-Stone-78255/home/48689055,Sabor,1842458,N,Y,29.6248716,-98.653036
MLS Listing,,Single Family Residential,23339 Grande Vis,San Antonio,TX,78261-2275,650000,3,3.5,Campanas,2928,8494,2022,180,222,446,Active,,,https://www.redfin.com/TX/San-Antonio/23339-Grande-Vis-78261/home/177474156,Sabor,1838125,N,Y,29.658152,-98.4050319
MLS Listing,,Single Family Residential,319 Marquis Ln,San Antonio,TX,78216-5213,320000,3,2.0,Crownhill Park,1377,9365,1960,196,232,,Active,,,https://www.redfin.com/TX/San-Antonio/319-Marquis-Ln-78216/home/48960762,Sabor,1834887,N,Y,29.5228158,-98.4904924
MLS Listing,,Condo/Co-op,610 E Market St #2510,San Antonio,TX,78205-2642,647000,2,2.0,San Antonio,1530,,2007,286,423,1093,Active,,,https://www.redfin.com/TX/San-Antonio/610-E-Market-St-78205/unit-2510/home/48678230,Sabor,1800084,N,Y,29.4219776,-98.4841075
Redfin Data,,Single Family Residential,4010 Quiver Dr,San Antonio,TX,78238,240000,4,2.0,San Antonio,1278,8276,1966,1,188,,Pre On-Market,,,https://www.redfin.com/TX/San-Antonio/4010-Quiver-Dr-78238/home/48998487,Coming Soon,108661,N,Y,29.4729278,-98.6084525
Redfin Data,,Single Family Residential,1955 Sunderidge,San Antonio,TX,78260,474998,4,3.5,San Antonio,3568,6570,2003,6,133,,Pre On-Market,,,https://www.redfin.com/TX/San-Antonio/1955-Sunderidge-78260/home/48607493,Coming Soon,108561,N,Y,29.6897815,-98.4589714
Redfin Data,,Single Family Residential,546 Creath Pl,San Antonio,TX,78221,274998,3,2.0,San Antonio,2348,7405,1956,6,117,,Pre On-Market,,,https://www.redfin.com/TX/San-Antonio/546-Creath-Pl-78221/home/48938866,Coming Soon,108559,N,Y,29.3430777,-98.4874399
Redfin Data,,Single Family Residential,111 Ashford Dr,San Antonio,TX,78227,150000,3,1.0,San Antonio,1198,8850,1962,6,125,,Pre On-Market,,,https://www.redfin.com/TX/San-Antonio/111-Ashford-Dr-78227/home/49001740,Coming Soon,108557,N,Y,29.3902058,-98.6409127
Redfin Data,,Single Family Residential,534 W Magnolia Ave,San Antonio,TX,78212,474998,4,2.5,San Antonio,1987,5625,1922,16,239,,Pre On-Market,,,https://www.redfin.com/TX/San-Antonio/534-W-Magnolia-Ave-78212/home/48732736,Coming Soon,108262,N,Y,29.454561,-98.5024521
Redfin Data,,Single Family Residential,846 Sutton Dr,San Antonio,TX,78228,295000,3,2.0,San Antonio,1584,5227,2018,150,186,,Pre On-Market,,,https://www.redfin.com/TX/San-Antonio/846-Sutton-Dr-78228/home/169091330,Coming Soon,104425,N,Y,29.4710882,-98.5586036
MLS Listing,,Single Family Residential,230 Metz,San Antonio,TX,78223,189999,2,1.0,The Highlands,912,7797,1952,1,208,,Active,,,https://www.redfin.com/TX/San-Antonio/230-Metz-Ave-78223/home/48915700,Sabor,1888892,N,Y,29.3739165,-98.438864
MLS Listing,,Single Family Residential,3927 Pipers,San Antonio,TX,78251,255000,4,2.0,Pipers Meadow,1557,6621,1975,1,164,,Active,,,https://www.redfin.com/TX/San-Antonio/3927-Pipers-Ct-78251/home/49090750,Sabor,1888891,N,Y,29.4728348,-98.6404998
MLS Listing,,Single Family Residential,16203 Bronco Vw,San Antonio,TX,78247,590000,3,2.0,Mustang Oaks,2525,6534,2023,1,234,58,Active,,,https://www.redfin.com/TX/San-Antonio/16203-Bronco-Vw-78247/home/187565781,Sabor,1888889,N,Y,29.5881634,-98.4361798
MLS Listing,,Single Family Residential,19407 Fideli Pt,San Antonio,TX,78259,440000,3,2.0,Sienna,1886,6011,2020,1,233,50,Active,,,https://www.redfin.com/TX/San-Antonio/19407-Fideli-Pt-78259/home/173279241,Sabor,1888886,N,Y,29.6230637,-98.4506931
MLS Listing,,Single Family Residential,655 Rattler,San Antonio,TX,78251,265000,3,2.5,Spring Vistas,1676,5401,2004,1,158,23,Active,,,https://www.redfin.com/TX/San-Antonio/655-Rattler-Blf-78251/home/48631604,Sabor,1888887,N,Y,29.4400748,-98.6937641
MLS Listing,,Multi-Family (2-4 Unit),1222 W Harding,San Antonio,TX,78221,191000,4,3.0,Harlandale,1670,7013,1977,1,114,,Active,,,https://www.redfin.com/TX/San-Antonio/1222-W-Harding-Blvd-78221/home/48899073,Sabor,1888885,N,Y,29.3513989,-98.5172979
MLS Listing,,Single Family Residential,9644 Dawn Trl,San Antonio,TX,78254,269900,3,2.0,Wildhorse,1653,5401,2004,1,163,27,Active,,,https://www.redfin.com/TX/San-Antonio/9644-Dawn-Trl-78254/home/48628123,Sabor,1888882,N,Y,29.5324942,-98.6955487
MLS Listing,,Single Family Residential,5606 Ponderosa,San Antonio,TX,78240,215000,3,2.0,Oak Hills Terrace,1543,9104,1966,1,139,,Active,,,https://www.redfin.com/TX/San-Antonio/5606-Ponderosa-Dr-78240/home/48992177,Sabor,1888880,N,Y,29.496651,-98.5968587
MLS Listing,,Single Family Residential,612 W Magnolia Ave,San Antonio,TX,78212,418000,3,1.0,Alta Vista,1500,6751,1935,1,279,,Active,,,https://www.redfin.com/TX/San-Antonio/612-W-Magnolia-Ave-78212/home/48732752,Sabor,1888878,N,Y,29.4546057,-98.5034031
MLS Listing,,Single Family Residential,10811 Margarita Loop,Converse,TX,78109,254410,3,2.0,Paloma,1474,5183,2023,1,173,13,Active,August-2-2025 11:00 AM,August-2-2025 02:00 PM,https://www.redfin.com/TX/Converse/10811-Margarita-Loop-78109/home/181946486,Sabor,1888879,N,Y,29.459521,-98.2762223
MLS Listing,,Single Family Residential,24822 Resort Pkwy,San Antonio,TX,78261,629000,3,2.5,Madera At Cibolo Canyon,2541,11194,2022,1,248,143,Active,,,https://www.redfin.com/TX/San-Antonio/24822-Resort-Pkwy-78261/home/173261637,Sabor,1888877,N,Y,29.6753131,-98.411537
MLS Listing,,Single Family Residential,1323 Larkspur Pass,San Antonio,TX,78245,380230,3,2.0,Arcadia Ridge,1942,5227,2025,1,196,30,Active,,,https://www.redfin.com/TX/San-Antonio/1323-Larkspur-Pass-78245/home/196757802,Sabor,1888874,N,Y,29.4194531,-98.7486646
MLS Listing,,Single Family Residential,20330 Spanish Grant,San Antonio,TX,78264,130000,2,2.0,Spanish Grant,1296,86684,1984,1,100,,Active,,,https://www.redfin.com/TX/San-Antonio/20330-Spanish-Grant-Rd-78264/home/48762068,Sabor,1888873,N,Y,29.217922,-98.4622746
MLS Listing,,Single Family Residential,538 Red Quill Nest,San Antonio,TX,78253,299000,4,2.5,Redbird Ranch,2347,6316,2009,1,127,58,Active,,,https://www.redfin.com/TX/San-Antonio/538-Red-Quill-Nest-78253/home/48697604,Sabor,1888871,N,Y,29.4272758,-98.792348
MLS Listing,,Multi-Family (2-4 Unit),210 Wilkens Ave,San Antonio,TX,78210,450000,6,3.0,Durango/roosevelt,2185,4748,1910,1,206,,Active,,,https://www.redfin.com/TX/San-Antonio/210-Wilkens-Ave-78210/home/48757767,Sabor,1888872,N,Y,29.3945104,-98.4827981
MLS Listing,,Single Family Residential,239 Ashland Dr,San Antonio,TX,78218,165000,3,1.0,North Alamo Heights,1110,7278,1955,1,149,,Active,,,https://www.redfin.com/TX/San-Antonio/239-Ashland-Dr-78218/home/48943538,Sabor,1888867,N,Y,29.5054268,-98.4072866
MLS Listing,,Condo/Co-op,1115 S Alamo #2410,San Antonio,TX,78210,435000,2,1.0,San Antonio,1085,,2009,1,401,504,Active,,,https://www.redfin.com/TX/San-Antonio/1115-S-Alamo-St-78210/unit-2410/home/194756237,Sabor,1888865,N,Y,29.4121153,-98.4927536
MLS Listing,,Single Family Residential,5131 Redding,Kirby,TX,78219,165000,3,1.0,Kirby Manor,1275,8158,1962,1,129,,Active,,,https://www.redfin.com/TX/San-Antonio/5131-Redding-Ln-78219/home/48763381,Sabor,1888859,N,Y,29.4629203,-98.3897434
MLS Listing,,Single Family Residential,12714 Dinaric Alps,San Antonio,TX,78245,414990,4,3.0,Arcadia Ridge,2268,5227,2025,1,183,120,Active,,,https://www.redfin.com/TX/San-Antonio/12714-Dinaric-Alps-78245/home/196757348,Sabor,1888860,N,Y,29.4183307,-98.7458937
MLS Listing,,Single Family Residential,2606 Ashton Vlg,San Antonio,TX,78248,575000,5,3.5,Inwood Village Ne,3388,7492,1999,1,170,65,Active,,,https://www.redfin.com/TX/San-Antonio/2606-Ashton-Village-Dr-78248/home/49117872,Sabor,1888858,N,Y,29.5993824,-98.5304913
MLS Listing,,Single Family Residential,2706 Lakedon,San Antonio,TX,78222,229500,3,2.0,Lakesie,1348,8407,1975,1,170,,Active,,,https://www.redfin.com/TX/San-Antonio/2706-Lakedon-St-78222/home/49094850,Sabor,1888848,N,Y,29.3935899,-98.3722072
MLS Listing,,Single Family Residential,10723 Criterion,San Antonio,TX,78252,263110,3,2.0,Applewood,1280,5227,2025,1,206,40,Active,,,https://www.redfin.com/TX/San-Antonio/10723-Criterion-78252/home/196757090,Sabor,1888846,N,Y,29.3744187,-98.7032339
MLS Listing,,Multi-Family (2-4 Unit),231 Chicago,San Antonio,TX,78210,290000,3,3.0,Riverside Park,1140,7013,1916,1,254,,Active,,,https://www.redfin.com/TX/San-Antonio/231-Chicago-Blvd-78210/home/48747478,Sabor,1888845,N,Y,29.3863186,-98.4760191
MLS Listing,,Single Family Residential,10735 Criterion,San Antonio,TX,78252,282295,5,2.5,Applewood,1892,5227,2025,1,149,40,Active,,,https://www.redfin.com/TX/San-Antonio/10735-Criterion-78252/home/196756942,Sabor,1888843,N,Y,29.3744187,-98.7032339
MLS Listing,,Single Family Residential,10510 Kinderhook,San Antonio,TX,78245,238000,3,2.0,Heritage Farm,1151,9104,1983,1,207,,Active,,,https://www.redfin.com/TX/San-Antonio/10510-Kinderhook-78245/home/49021757,Sabor,1888842,N,Y,29.4205837,-98.6891624
MLS Listing,,Single Family Residential,8906 Virginia Rye,San Antonio,TX,78254,519000,6,3.5,Valley Ranch - Bexar County,4377,8799,2018,1,119,83,Active,,,https://www.redfin.com/TX/San-Antonio/8906-Virginia-Rye-78254/home/169084055,Sabor,1888841,N,Y,29.5254702,-98.7618081
MLS Listing,,Single Family Residential,10719 Criterion,San Antonio,TX,78252,271170,3,2.5,Applewood,1470,5227,2025,1,184,40,Active,,,https://www.redfin.com/TX/San-Antonio/10719-Criterion-78252/home/196756784,Sabor,1888840,N,Y,29.3744187,-98.7032339
MLS Listing,,Vacant Land,1818 E Crockett St,San Antonio,TX,78202,52000,,,I35 So. To E. Houston (sa),,2874,,1,,,Active,,,https://www.redfin.com/TX/San-Antonio/1818-E-Crockett-St-78202/home/48848778,Sabor,1888832,N,Y,29.4235793,-98.4561164
MLS Listing,,Single Family Residential,10740 Earligold,San Antonio,TX,78252,272110,3,2.0,Applewood,1434,5227,2025,1,190,40,Active,,,https://www.redfin.com/TX/San-Antonio/10740-Earligold-78252/home/196756690,Sabor,1888838,N,Y,29.3330103,-98.6710603
MLS Listing,,Single Family Residential,12003 Sitio Plns,San Antonio,TX,78254,389990,4,3.0,Davis Ranch,2606,5915,2021,1,150,41,Active,,,https://www.redfin.com/TX/San-Antonio/12003-Sitio-Plns-78254/home/181939247,Sabor,1888837,N,Y,29.5465009,-98.7297351
MLS Listing,,Single Family Residential,9622 Nubuck Br,Converse,TX,78109,435900,5,3.5,Hightop Ridge,,8712,2025,1,,34,Active,,,https://www.redfin.com/TX/Converse/9622-Nubuck-Br-78109/home/195325339,Sabor,1888835,N,Y,29.4873186,-98.3004145
MLS Listing,,Single Family Residential,5942 Cosmic Crisp,San Antonio,TX,78252,282295,5,2.5,Applewood,1892,5227,2025,1,149,40,Active,,,https://www.redfin.com/TX/San-Antonio/5942-Cosmic-Crisp-78252/home/196756624,Sabor,1888834,N,Y,29.3738755,-98.7046428
MLS Listing,,Single Family Residential,5938 Cosmic Crisp,San Antonio,TX,78252,274171,4,2.0,Applewood,1572,5227,2025,1,174,40,Active,,,https://www.redfin.com/TX/San-Antonio/5938-Cosmic-Crisp-78252/home/196756577,Sabor,1888833,N,Y,29.3738755,-98.7046428
MLS Listing,,Single Family Residential,228 Sherman,San Antonio,TX,78202,289900,2,2.0,Dignowity,854,2831,1920,1,339,,Active,August-2-2025 11:00 AM,August-2-2025 03:00 PM,https://www.redfin.com/TX/San-Antonio/228-Sherman-78202/home/48722206,Sabor,1888831,N,Y,29.4338173,-98.4750682
MLS Listing,,Single Family Residential,5934 Cosmic Crisp,San Antonio,TX,78252,270110,3,2.0,Applewood,1434,5227,2025,1,188,40,Active,,,https://www.redfin.com/TX/San-Antonio/5934-Cosmic-Crisp-78252/home/196756528,Sabor,1888827,N,Y,29.3738755,-98.7046428
MLS Listing,,Single Family Residential,352 Cloverleaf,Alamo Heights,TX,78209,449700,2,2.0,Alamo Heights,1712,11761,,1,263,,Active,,,https://www.redfin.com/TX/San-Antonio/352-Cloverleaf-Ave-78209/home/48831751,Sabor,1888829,N,Y,29.4867232,-98.4595451
MLS Listing,,Single Family Residential,5930 Cosmic Crisp,San Antonio,TX,78252,280296,5,2.5,Applewood,1892,5227,2025,1,148,40,Active,,,https://www.redfin.com/TX/San-Antonio/5930-Cosmic-Crisp-78252/home/196756482,Sabor,1888825,N,Y,29.3738755,-98.7046428
MLS Listing,,Single Family Residential,13723 Wondering Oak,San Antonio,TX,78247,345000,5,2.0,Hunters Mill,2898,9104,1998,1,119,51,Active,,,https://www.redfin.com/TX/San-Antonio/13723-Wondering-Oak-78247/home/49118607,Sabor,1881773,N,Y,29.5659462,-98.4315797
MLS Listing,,Single Family Residential,5926 Cosmic Crisp,San Antonio,TX,78252,271171,3,2.5,Applewood,1470,5227,2025,1,184,40,Active,,,https://www.redfin.com/TX/San-Antonio/5926-Cosmic-Crisp-78252/home/196756410,Sabor,1888823,N,Y,29.3738755,-98.7046428
MLS Listing,,Single Family Residential,5922 Cosmic Crisp,San Antonio,TX,78252,274170,4,2.0,Applewood,1572,5227,2025,1,174,40,Active,,,https://www.redfin.com/TX/San-Antonio/5922-Cosmic-Crisp-78252/home/196756338,Sabor,1888819,N,Y,29.3738755,-98.7046428
MLS Listing,,Single Family Residential,9427 Dassler Spgs,Converse,TX,78109,395900,4,2.5,Hightop Ridge,,8712,2025,1,,34,Active,,,https://www.redfin.com/TX/Converse/9427-Dassler-Spgs-78109/home/194716063,Sabor,1888818,N,Y,29.4926063,-98.3037396
MLS Listing,,Single Family Residential,1635 Mariposa,San Antonio,TX,78201,160000,3,2.0,Los Angeles Hts/keystone Histo,1533,6011,,1,104,,Active,,,https://www.redfin.com/TX/San-Antonio/1635-W-Mariposa-Dr-78201/home/48887265,Sabor,1888817,N,Y,29.4811274,-98.522247
MLS Listing,,Single Family Residential,12939 Staubach Way,San Antonio,TX,78254,320000,3,2.0,Prescott Oaks,1596,5401,2020,1,201,50,Active,,,https://www.redfin.com/TX/San-Antonio/12939-Staubach-Way-78254/home/173253356,Sabor,1888816,N,Y,29.530059,-98.7497972
MLS Listing,,Single Family Residential,5870 Cosmic Crisp,San Antonio,TX,78252,274170,4,2.0,Applewood,1572,5227,2025,1,174,40,Active,,,https://www.redfin.com/TX/San-Antonio/5870-Cosmic-Crisp-78252/home/196756079,Sabor,1888814,N,Y,29.3738755,-98.7046428
MLS Listing,,Single Family Residential,430 Groff,San Antonio,TX,78237,176000,3,1.5,Loma Area 1a Ed,936,5967,1985,1,188,,Active,,,https://www.redfin.com/TX/San-Antonio/430-Groff-78237/home/48879490,Sabor,1888815,N,Y,29.4402994,-98.5788754
MLS Listing,,Single Family Residential,334 Karen Ln,San Antonio,TX,78209,325000,3,2.0,Wilshire Village,1716,8581,1952,1,189,,Active,,,https://www.redfin.com/TX/San-Antonio/334-Karen-Ln-78209/home/48907475,Sabor,1888813,N,Y,29.488047,-98.4334248
MLS Listing,,Single Family Residential,5854 Cosmic Crisp,San Antonio,TX,78252,256110,3,2.0,Applewood,1156,5227,2025,1,222,40,Active,,,https://www.redfin.com/TX/San-Antonio/5854-Crisp-Gln-78224/home/196030474,Sabor,1888810,N,Y,29.347076416015625,-98.71572875976562
MLS Listing,,Single Family Residential,14493 Gunsight Pass,San Antonio,TX,78253,255000,3,2.0,Trails At Culebra,1308,5749,2022,1,195,45,Active,,,https://www.redfin.com/TX/San-Antonio/14493-Gunsight-Pass-78253/home/181931358,Sabor,1888808,N,Y,29.5137245,-98.7838154
MLS Listing,,Single Family Residential,6618 Pintail Pass,Leon Valley,TX,78240,410375,4,2.5,Senna,1802,3789,2025,1,228,125,Active,,,https://www.redfin.com/TX/San-Antonio/6618-Pintail-PASS-78240/home/196735035,Sabor,1888806,N,Y,29.5269775390625,-98.6105728149414
MLS Listing,,Single Family Residential,13239 Chanute Fld,San Antonio,TX,78253,351470,3,2.0,Veranda,1445,4791,2025,1,243,40,Active,,,https://www.redfin.com/TX/San-Antonio/13239-Chanute-Field-Dr-78253/home/195913127,Sabor,1888803,N,Y,29.4538319,-98.7573087
MLS Listing,,Single Family Residential,305 Spruce St,San Antonio,TX,78203-1550,424950,3,2.0,Denver Heights,2250,4399,2024,1,189,,Active,,,https://www.redfin.com/TX/San-Antonio/305-Spruce-St-78203/home/48723911,Sabor,1888802,N,Y,29.4130541,-98.4712383
MLS Listing,,Single Family Residential,16427 Oak Rock,San Antonio,TX,78247,230000,3,2.0,High Country,1154,7056,1980,1,199,,Active,,,https://www.redfin.com/TX/San-Antonio/16427-Oak-Rock-St-78247/home/49081316,Sabor,1888799,N,Y,29.5891682,-98.3809051
MLS Listing,,Single Family Residential,4410 Pebble Hl,San Antonio,TX,78217,267900,2,2.0,Northern Hills,1397,5488,1982,1,192,,Active,,,https://www.redfin.com/TX/San-Antonio/4410-Pebble-Hl-78217/home/49053681,Sabor,1888795,N,Y,29.5589646,-98.4043004
MLS Listing,,Single Family Residential,9379 Valley Bnd,San Antonio,TX,78250,209500,3,2.0,Emerald Valley,1062,6599,1979,1,197,8,Active,,,https://www.redfin.com/TX/San-Antonio/9379-Valley-Bnd-78250/home/49109189,Sabor,1888797,N,Y,29.4983971,-98.6858249
MLS Listing,,Single Family Residential,5403 Tomas Cir,San Antonio,TX,78240,259900,3,2.5,Rowley Gardens,1549,5227,2004,1,168,,Active,,,https://www.redfin.com/TX/San-Antonio/5403-Tomas-Cir-78240/home/48638174,Sabor,1888796,N,Y,29.5040025,-98.5913193
MLS Listing,,Single Family Residential,9515 Braun Shr,San Antonio,TX,78250,399990,3,2.5,Braun Willow,2854,6098,2003,1,140,9,Active,,,https://www.redfin.com/TX/San-Antonio/9515-Braun-Shr-78250/home/48625660,Sabor,1888794,N,Y,29.5197909,-98.6722304
MLS Listing,,Single Family Residential,10331 Goodison Dr,Converse,TX,78109,359990,4,2.5,Paloma Park,2421,6969,2025,1,149,25,Active,,,https://www.redfin.com/TX/Converse/10331-Goodison-Dr-78109/home/196755081,Sabor,1888792,N,Y,29.4614757,-98.2866656
MLS Listing,,Single Family Residential,8903 Summerwood Bnd,San Antonio,TX,78254,414990,3,2.5,Rosemont Heights,1818,3049,2025,1,228,100,Active,,,https://www.redfin.com/TX/San-Antonio/8903-Summerwood-Bnd-78254/home/196755042,Sabor,1888791,N,Y,29.5440429,-98.6584331
MLS Listing,,Single Family Residential,5214 Big Oak Run,San Antonio,TX,78112,231462,3,4.5,Southton Cove,2100,,2025,1,110,29,Active,,,https://www.redfin.com/TX/Elmendorf/5214-Big-Oak-Run-Unknown/home/196293856,Sabor,1888789,N,Y,29.2744451,-98.3913393
MLS Listing,,Single Family Residential,6610 Pintail Pass,Leon Valley,TX,78240,399420,4,2.5,Senna,1802,3789,2025,1,222,125,Active,,,https://www.redfin.com/TX/San-Antonio/6610-Pintail-PASS-78240/home/196735028,Sabor,1888788,N,Y,29.5269775390625,-98.6105728149414
MLS Listing,,Single Family Residential,10607 Bluegrass Pond,San Antonio,TX,78254,199990,3,2.0,Bridgewood Estates,1535,5880,2001,1,130,38,Active,,,https://www.redfin.com/TX/San-Antonio/10607-Bluegrass-Pond-78254/home/49151920,Sabor,1888787,N,Y,29.5137988,-98.700964
MLS Listing,,Single Family Residential,1011 Visor,San Antonio,TX,78258,419900,3,2.5,Knights Cross,2990,7100,1998,1,140,31,Active,,,https://www.redfin.com/TX/San-Antonio/1011-Visor-Dr-78258/home/49071269,Sabor,1888785,N,Y,29.6316942,-98.4923555
MLS Listing,,Vacant Land,4400 Stahl Rd,San Antonio,TX,78217,239000,,,N/a,,59285,,1,,,Active,,,https://www.redfin.com/TX/San-Antonio/4400-Stahl-Rd-78217/home/49058927,Sabor,1888782,N,Y,29.574293,-98.404658
MLS Listing,,Single Family Residential,15004 Fischer Gdn,San Antonio,TX,78253,319990,4,2.5,Timber Creek,2111,4791,2025,1,152,133,Active,,,https://www.redfin.com/TX/Unknown/15004-Fischer-Gdn-78253/home/195322470,Sabor,1888778,N,Y,29.4909304,-98.792437
MLS Listing,,Single Family Residential,7725 Fox Vw,San Antonio,TX,78252,288990,3,2.5,Hennersby Hollow,1826,5227,2025,1,158,75,Active,,,https://www.redfin.com/TX/San-Antonio/7725-Fox-Vw-78252/home/196729869,Sabor,1888777,N,Y,29.352449417114258,-98.77053833007812
MLS Listing,,Single Family Residential,4738 Plaza,San Antonio,TX,78222,216982,4,2.0,Spanish Trails-unit 1 West,1416,,2025,1,153,29,Active,,,https://www.redfin.com/TX/San-Antonio/4738-Plaza-Ctr-Unknown/home/196241558,Sabor,1888775,N,Y,29.3831985,-98.3966863
MLS Listing,,Single Family Residential,7319 Winding Pass,San Antonio,TX,78252,311990,4,3.0,Hennersby Hollow,1912,5227,2025,1,163,75,Active,,,https://www.redfin.com/TX/San-Antonio/7319-Winding-Pass-78252/home/196729859,Sabor,1888772,N,Y,29.3572914,-98.7826085
MLS Listing,,Single Family Residential,15202 Rompel Trail Dr,San Antonio,TX,78232-4254,500000,4,3.0,Oak Hollow Park,2625,6969,1994,1,190,36,Active,,,https://www.redfin.com/TX/San-Antonio/15202-Rompel-Trail-Dr-78232/home/49044426,Sabor,1888771,N,Y,29.5734438,-98.4474277
MLS Listing,,Single Family Residential,9367 Valley Hedge,San Antonio,TX,78250,235000,4,2.5,Emerald Valley,1443,4617,1985,1,163,21,Active,,,https://www.redfin.com/TX/San-Antonio/9367-Valley-Hedge-78250/home/49112345,Sabor,1888766,N,Y,29.5023055,-98.6875896
MLS Listing,,Single Family Residential,9422 Nubuck Br,Converse,TX,78109,370900,4,2.0,Hightop Ridge,1849,5227,2025,1,201,34,Active,,,https://www.redfin.com/TX/Converse/9422-Nubuck-Br-78109/home/196753489,Sabor,1888765,N,Y,29.4873186,-98.3004145
MLS Listing,,Single Family Residential,7207 Winding Pass,San Antonio,TX,78252,359490,5,3.0,Hennersby Hollow,2688,5227,2025,1,134,75,Active,,,https://www.redfin.com/TX/San-Antonio/7207-Winding-Pass-78252/home/196729829,Sabor,1888764,N,Y,29.3572914,-98.7826085
MLS Listing,,Single Family Residential,3230 Falling Brk,San Antonio,TX,78258,840000,4,3.5,Rogers Ranch,3507,11064,1998,1,240,110,Active,,,https://www.redfin.com/TX/San-Antonio/3230-Falling-Brk-78258/home/49034795,Sabor,1888763,N,Y,29.6090245,-98.5381572
MLS Listing,,Single Family Residential,7539 Fishbowl Ln,San Antonio,TX,78253,242801,3,4.5,Preserve At Culebra,1676,,2025,1,145,33,Active,,,https://www.redfin.com/TX/San-Antonio/7539-Fishbowl-LN-78253/home/196410678,Sabor,1888759,N,Y,29.51217269897461,-98.79503631591797
MLS Listing,,Single Family Residential,2110 Themis Way,San Antonio,TX,78245,345000,3,2.5,Texas Research Park,2384,6534,2020,1,145,38,Active,,,https://www.redfin.com/TX/San-Antonio/2110-Themis-Way-78245/home/169081217,Sabor,1888760,N,Y,29.4106855,-98.7919468
MLS Listing,,Single Family Residential,9226 Camborne,San Antonio,TX,78250,330000,3,2.5,Village In The Woods,2240,9583,2000,1,147,,Active,,,https://www.redfin.com/TX/San-Antonio/9226-Camborne-78250/home/49103185,Sabor,1888761,N,Y,29.5172591,-98.6548299
MLS Listing,,Single Family Residential,6426 Indian Run,San Antonio,TX,78233,239000,3,2.0,Falcon Crest,1460,9060,1985,1,164,,Active,,,https://www.redfin.com/TX/San-Antonio/6426-Indian-Run-78233/home/49082840,Sabor,1888758,N,Y,29.5797397,-98.3657423
MLS Listing,,Single Family Residential,7522 Rigel Chase,San Antonio,TX,78252,315000,4,2.5,Solana Ridge,2298,6185,2018,1,137,36,Active,August-2-2025 01:00 PM,August-2-2025 04:00 PM,https://www.redfin.com/TX/San-Antonio/7522-Rigel-Chase-78252/home/169096131,Sabor,1888745,N,Y,29.3592035,-98.6406353
MLS Listing,,Single Family Residential,4543 Bridgewood Dr,San Antonio,TX,78217,375000,3,2.0,Northern Hills,2000,9626,1978,1,188,,Active,August-2-2025 11:00 AM,August-2-2025 02:00 PM,https://www.redfin.com/TX/San-Antonio/4543-Bridgewood-St-78217/home/49030475,Sabor,1888754,N,Y,29.5695817,-98.400812
MLS Listing,,Single Family Residential,13534 Vista Bonita,San Antonio,TX,78216,510000,3,2.0,Vista Del Norte,2245,10454,1982,1,227,34,Active,August-2-2025 11:00 AM,August-2-2025 03:00 PM,https://www.redfin.com/TX/San-Antonio/13534-Vista-Bonita-78216/home/49054275,Sabor,1888752,N,Y,29.570813,-98.5146249
MLS Listing,,Single Family Residential,7606 Heavenly Arbor,San Antonio,TX,78254,300000,3,2.0,Cross Creek,1646,4835,2014,1,182,33,Active,,,https://www.redfin.com/TX/San-Antonio/7606-Heavenly-Arbor-78254/home/66931540,Sabor,1888747,N,Y,29.5106508,-98.7208336
MLS Listing,,Single Family Residential,217 Red Arrow,San Antonio,TX,78253,408227,4,2.0,Westridge,1977,6098,2025,1,206,33,Active,,,https://www.redfin.com/TX/San-Antonio/217-Red-Arrow-78253/home/196752577,Sabor,1888742,N,Y,29.4645953,-98.8179674
MLS Listing,,Single Family Residential,4118 Islas Rd,San Antonio,TX,78222,210552,3,2.0,Spanish Trails-unit 1 West,1242,,2025,1,170,29,Active,,,https://www.redfin.com/TX/San-Antonio/4118-Islas-Rd-Unknown/home/196241516,Sabor,1888741,N,Y,29.3829393,-98.3949168
MLS Listing,,Single Family Residential,10322 Liberty Grv,San Antonio,TX,78224,274990,3,2.0,Applewhite Meadows,1556,5227,2025,1,177,150,Active,,,https://www.redfin.com/TX/San-Antonio/10322-Liberty-Grv-78224/home/181946024,Sabor,1888738,N,Y,29.314015,-98.5479151
MLS Listing,,Townhouse,11615 Whisper Vly,San Antonio,TX,78230,274999,2,2.0,Whispering Oaks,2039,7448,1975,1,135,,Active,,,https://www.redfin.com/TX/San-Antonio/11615-Whisper-Valley-St-78230/home/48981280,Sabor,1888737,N,Y,29.5486193,-98.5416725
MLS Listing,,Single Family Residential,2002 Chittim Trl,San Antonio,TX,78232,500000,4,3.0,Oak  Hollow Village,2714,7797,1990,1,184,,Active,,,https://www.redfin.com/TX/San-Antonio/2002-Chittim-Trail-Dr-78232/home/49035380,Sabor,1888735,N,Y,29.5718468,-98.4615189
MLS Listing,,Single Family Residential,1706 Nightshade,San Antonio,TX,78260,599000,5,3.0,Prospect Creek At Kinder Ranch,2891,8145,2013,1,207,89,Active,,,https://www.redfin.com/TX/San-Antonio/1706-Nightshade-78260/home/48701528,Sabor,1888733,N,Y,29.7269099,-98.4637346
MLS Listing,,Vacant Land,809 W Poplar,San Antonio,TX,78212,199900,,,Five Points,,9016,,1,,,Active,,,https://www.redfin.com/TX/San-Antonio/809-W-Poplar-St-78212/home/48724214,Sabor,1888732,N,Y,29.438953,-98.5012566
MLS Listing,,Single Family Residential,9524 Nubuck Br,Converse,TX,78109,365900,4,2.0,Hightop Ridge,1849,8712,2025,1,198,34,Active,,,https://www.redfin.com/TX/Converse/9524-Nubuck-Br-78109/home/196752414,Sabor,1888727,N,Y,29.4873186,-98.3004145
MLS Listing,,Single Family Residential,4110 Islas Rd,San Antonio,TX,78222,231709,3,2.0,Spanish Trails-unit 1 West,1604,,2025,1,144,29,Active,,,https://www.redfin.com/TX/San-Antonio/4110-Islas-Rd-Unknown/home/196241552,Sabor,1888724,N,Y,29.3831637,-98.3949155
MLS Listing,,Single Family Residential,10715 Honey Crisp,San Antonio,TX,78252,279296,5,2.5,Applewood,1892,5227,2025,1,148,40,Active,,,https://www.redfin.com/TX/San-Antonio/10715-Honey-Crisp-78252/home/196030473,Sabor,1888722,N,Y,29.347076416015625,-98.71572875976562
MLS Listing,,Single Family Residential,5858 Cosmic Crisp,San Antonio,TX,78252,263110,3,2.0,Applewood,1280,5227,2025,1,206,40,Active,,,https://www.redfin.com/TX/San-Antonio/5858-Crisp-Gln-78224/home/196030456,Sabor,1888718,N,Y,29.369300842285156,-98.69879913330078
MLS Listing,,Single Family Residential,10315 Eve Gdns,San Antonio,TX,78224,299990,4,2.5,Applewhite Meadows,2111,5227,2025,1,142,150,Active,,,https://www.redfin.com/TX/San-Antonio/10315-Eve-Gdns-78224/home/181946021,Sabor,1888715,N,Y,29.3142573,-98.5477986
MLS Listing,,Single Family Residential,11410 Durango Way,San Antonio,TX,78245,250000,4,2.5,Dove Meadow,2116,6403,2012,1,118,33,Active,,,https://www.redfin.com/TX/San-Antonio/11410-Durango-Way-78245/home/52311660,Sabor,1888710,N,Y,29.4177289,-98.7178138
MLS Listing,,Single Family Residential,14423 Briarlake,San Antonio,TX,78247,245000,4,2.5,Briarwick,1377,7187,1975,1,178,,Active,,,https://www.redfin.com/TX/San-Antonio/14423-Briarlake-St-78247/home/49063941,Sabor,1888708,N,Y,29.5738138,-98.415802
MLS Listing,,Single Family Residential,9527 Crestway Rd,Converse,TX,78109,375900,3,2.5,Hightop Ridge,1959,5227,2025,1,192,34,Active,,,https://www.redfin.com/TX/Converse/9527-Crestway-Rd-78109/home/187560970,Sabor,1888702,N,Y,29.491636,-98.302526
MLS Listing,,Single Family Residential,9115 Victory Pass,San Antonio,TX,78240,335400,3,2.5,Lincoln Park,2662,6403,1997,1,126,15,Active,,,https://www.redfin.com/TX/San-Antonio/9115-Victory-Pass-Dr-78240/home/48993260,Sabor,1888701,N,Y,29.5269033,-98.6278564
MLS Listing,,Single Family Residential,642 Ferris Ave,San Antonio,TX,78220,156000,3,2.0,Wheatley Heights,960,6272,1960,1,163,,Active,,,https://www.redfin.com/TX/San-Antonio/642-Ferris-Ave-78220/home/48918918,Sabor,1888700,N,Y,29.4141035,-98.4226746
MLS Listing,,Single Family Residential,5915 Cosmic Crisp,San Antonio,TX,78252,255745,3,2.0,Applewood,1156,5227,2025,1,221,40,Active,,,https://www.redfin.com/TX/San-Antonio/5915-Crisp-Gln-78224/home/196030455,Sabor,1888698,N,Y,29.369400024414062,-98.69889831542969
MLS Listing,,Single Family Residential,4630 Broadside Ave,San Antonio,TX,78073,202572,3,2.0,Medina Crossing,1242,,2025,1,163,47,Active,,,https://www.redfin.com/TX/Von-Ormy/4630-Broadside-Ave-78073/home/187584994,Sabor,1888697,N,Y,29.292859,-98.595858
MLS Listing,,Vacant Land,807 Poplar,San Antonio,TX,78212,199900,,,Five Points,,13590,,1,,,Active,,,https://www.redfin.com/TX/San-Antonio/807-W-Poplar-St-78212/home/48724269,Sabor,1888696,N,Y,29.4390466,-98.5011122
MLS Listing,,Single Family Residential,117 S San Felipe,San Antonio,TX,78237,140000,4,2.0,West Lawn Area 5,1048,6141,1956,1,134,,Active,,,https://www.redfin.com/TX/San-Antonio/117-S-San-Felipe-Ave-78237/home/48877269,Sabor,1888694,N,Y,29.4306612,-98.5596636
MLS Listing,,Single Family Residential,14610 Jocasta,San Antonio,TX,78245,255000,3,2.0,Texas Research Park,1417,5227,2019,1,180,38,Active,,,https://www.redfin.com/TX/San-Antonio/14610-Jocasta-Dr-78245/home/169081186,Sabor,1882872,N,Y,29.4092038,-98.7856382
MLS Listing,,Single Family Residential,5906 Cosmic Crisp,San Antonio,TX,78252,270110,3,2.0,Applewood,1434,5227,2025,1,188,40,Active,,,https://www.redfin.com/TX/San-Antonio/5906-Crisp-Gln-78224/home/196030457,Sabor,1888688,N,Y,29.36949920654297,-98.69879913330078
MLS Listing,,Single Family Residential,5902 Cosmic Crisp,San Antonio,TX,78252,280295,5,2.5,Applewood,1892,5227,2025,1,148,40,Active,,,https://www.redfin.com/TX/San-Antonio/5902-Crisp-Gln-78224/home/196030467,Sabor,1888687,N,Y,29.369400024414062,-98.69889831542969
MLS Listing,,Single Family Residential,2526 Ashton Vlg,San Antonio,TX,78248,450000,3,2.0,The Village At Inwood,2108,7797,1996,1,213,64,Active,,,https://www.redfin.com/TX/San-Antonio/2526-Ashton-Village-Dr-78248/home/49117865,Sabor,1888686,N,Y,29.5993991,-98.528598
MLS Listing,,Single Family Residential,15515 Spring Smt,San Antonio,TX,78247-5421,292500,3,2.0,Spring Creek Forest,1797,6838,1999,1,163,,Active,,,https://www.redfin.com/TX/San-Antonio/15515-Spring-Smt-78247/home/49127052,Sabor,1888684,N,Y,29.5829088,-98.3836455
MLS Listing,,Single Family Residential,5851 Cosmic Crisp,San Antonio,TX,78252,270745,3,2.5,Applewood,1470,5227,2025,1,184,40,Active,,,https://www.redfin.com/TX/San-Antonio/5851-Crisp-Gln-78224/home/196030471,Sabor,1888681,N,Y,29.369300842285156,-98.69879913330078
MLS Listing,,Single Family Residential,7226 Sunny Day,San Antonio,TX,78240,250000,3,2.0,Summerwood,1237,3223,2013,1,202,36,Active,,,https://www.redfin.com/TX/San-Antonio/7226-Sunny-Day-78240/home/48693044,Sabor,1888680,N,Y,29.5031723,-98.5940702
MLS Listing,,Single Family Residential,9806 Cochem Path,Helotes,TX,78023,369000,4,3.0,Braun Ridge,1991,5706,2007,1,185,14,Active,August-2-2025 11:30 AM,August-2-2025 02:00 PM,https://www.redfin.com/TX/Helotes/9806-Cochem-Path-78023/home/48679751,Sabor,1888675,N,Y,29.5385762,-98.6869772
MLS Listing,,Single Family Residential,8615 Vantage Pt,San Antonio,TX,78251,280000,3,2.5,Woodglen,2167,7971,1997,1,129,27,Active,,,https://www.redfin.com/TX/San-Antonio/8615-Vantage-Pt-78251/home/49090242,Sabor,1888387,N,Y,29.4729969,-98.664746
MLS Listing,,Single Family Residential,8119 Cactus Wren Hl,San Antonio,TX,78253,286561,4,4.5,Preserve At Culebra,2348,,2025,1,122,33,Active,,,https://www.redfin.com/TX/San-Antonio/8119-Cactus-Wren-Hl-78253/home/181931002,Sabor,1888672,N,Y,29.5157996,-98.7927004
MLS Listing,,Single Family Residential,12323 Abbey Gdn,San Antonio,TX,78249,268000,2,2.0,Bella Sera,1281,3833,2007,1,209,130,Active,,,https://www.redfin.com/TX/San-Antonio/12323-Abbey-Gdn-78249/home/48681138,Sabor,1888663,N,Y,29.5589531,-98.6257086
MLS Listing,,Single Family Residential,15418 Electra Cir,San Antonio,TX,78245,304033,3,2.0,Texas Research Park,2003,,2025,1,152,38,Active,,,https://www.redfin.com/TX/San-Antonio/15418-Electra-Cir-78245/home/196235346,Sabor,1888662,N,Y,29.4072164,-98.8018414
MLS Listing,,Single Family Residential,9845 Scenic Hls,San Antonio,TX,78255,675000,4,2.5,Scenic Hill Est.(ns),2546,30927,2004,1,265,3,Active,,,https://www.redfin.com/TX/San-Antonio/9845-Scenic-Hills-Dr-78255/home/48788159,Sabor,1888658,N,Y,29.6781926,-98.6843634
MLS Listing,,Single Family Residential,11334 Amhurst,San Antonio,TX,78213,425000,4,2.5,Larkspur,3260,8494,2000,1,130,,Active,,,https://www.redfin.com/TX/San-Antonio/11334-Amhurst-Dr-78213/home/48938978,Sabor,1888656,N,Y,29.5433161,-98.5180595
MLS Listing,,Single Family Residential,12519 Wesley,San Antonio,TX,78249,390000,3,2.0,Steubing Farm Ut-7 (enclave) B,1662,5183,2017,1,235,42,Active,,,https://www.redfin.com/TX/San-Antonio/12519-Wesley-Crk-78249/home/143902586,Sabor,1888651,N,Y,29.5608325,-98.6239917
MLS Listing,,Single Family Residential,15508 Electra Cir,San Antonio,TX,78245,312545,4,4.5,Texas Research Park,2500,,2025,1,125,38,Active,,,https://www.redfin.com/TX/San-Antonio/15508-Electra-Cir-78245/home/196235342,Sabor,1888646,N,Y,29.4067601,-98.8025046
MLS Listing,,Single Family Residential,6307 Napa Fry,Converse,TX,78109,365900,4,2.0,Hightop Ridge,1849,5227,2025,1,198,34,Active,,,https://www.redfin.com/TX/Converse/9014-Green-Rd-78109/home/48822831,Sabor,1888642,N,Y,29.4563315,-98.3116671
MLS Listing,,Single Family Residential,8406 Mescal Pass,San Antonio,TX,78252,175000,3,1.5,Carmona Hills,1392,5401,2009,1,126,25,Active,,,https://www.redfin.com/TX/San-Antonio/8406-Mescal-Pass-78252/home/48694015,Sabor,1888644,N,Y,29.3458127,-98.6335933
MLS Listing,,Vacant Land,2259 Bandera,San Antonio,TX,78228,379000,,,N/a,,23653,,1,,,Active,,,https://www.redfin.com/TX/San-Antonio/2259-Bandera-Rd-78228/home/48935958,Sabor,1888641,N,Y,29.476042,-98.583922
MLS Listing,,Single Family Residential,5859 Cosmic Crisp,San Antonio,TX,78252,273745,4,2.0,Applewood,1572,5227,2025,1,174,40,Active,,,https://www.redfin.com/TX/San-Antonio/5859-Crisp-Gln-78224/home/196030475,Sabor,1888637,N,Y,29.369300842285156,-98.69879913330078
MLS Listing,,Single Family Residential,1031 Avant Ave,San Antonio,TX,78210,235000,3,3.0,Highland Park,1672,7405,1930,1,141,,Active,,,https://www.redfin.com/TX/San-Antonio/1031-Avant-Ave-78210/home/48853263,Sabor,1884607,N,Y,29.3954652,-98.4532092
MLS Listing,,Single Family Residential,5862 Cosmic Crisp,San Antonio,TX,78252,270110,3,2.0,Applewood,1434,5227,2025,1,188,40,Active,,,https://www.redfin.com/TX/San-Antonio/5862-Crisp-Gln-78224/home/196030461,Sabor,1888635,N,Y,29.369400024414062,-98.69879913330078
MLS Listing,,Multi-Family (5+ Unit),325 W Magnolia Ave,San Antonio,TX,78212,595000,11,8.0,Monte Vista,6316,14457,1925,1,94,,Active,,,https://www.redfin.com/TX/San-Antonio/325-W-Magnolia-Ave-78212/home/48745855,Sabor,1888632,N,Y,29.4551184,-98.4984106
MLS Listing,,Single Family Residential,5855 Cosmic Crisp,San Antonio,TX,78252,279745,5,2.5,Applewood,1892,5227,2025,1,148,40,Active,,,https://www.redfin.com/TX/San-Antonio/5855-Crisp-Gln-78224/home/196030469,Sabor,1888628,N,Y,29.369400024414062,-98.69889831542969
MLS Listing,,Single Family Residential,8129 Garden Oaks Dr,Garden Ridge,TX,78266,3200000,5,5.5,Garden Ridge,8751,224029,2017,1,366,,Active,,,https://www.redfin.com/TX/San-Antonio/8129-Garden-Oaks-Dr-78266/home/33430354,Sabor,1888627,N,Y,29.6540088,-98.3305115
MLS Listing,,Single Family Residential,9518 Arcadia,San Antonio,TX,78251,255000,3,2.0,Creekside,1522,6490,1998,1,168,26,Active,,,https://www.redfin.com/TX/San-Antonio/9518-Arcadia-Crk-78251/home/49074191,Sabor,1888625,N,Y,29.4814732,-98.669848
MLS Listing,,Single Family Residential,308 W Agarita,San Antonio,TX,78212,749000,3,2.5,Monte Vista,2292,8537,1941,1,327,,Active,August-3-2025 02:00 PM,August-3-2025 04:00 PM,https://www.redfin.com/TX/San-Antonio/308-W-Agarita-Ave-78212/home/48746841,Sabor,1888228,N,Y,29.4574479,-98.4978564
MLS Listing,,Single Family Residential,5866 Cosmic Crisp,San Antonio,TX,78252,271170,3,2.5,Applewood,1470,5227,2025,1,184,40,Active,,,https://www.redfin.com/TX/San-Antonio/5866-Crisp-Gln-78224/home/196030472,Sabor,1888621,N,Y,29.369400024414062,-98.69869995117188
MLS Listing,,Condo/Co-op,4803 Hamilton Wolfe #502,San Antonio,TX,78229,95000,1,1.0,Woodside Condo Ns,594,,1984,1,160,276,Active,,,https://www.redfin.com/TX/San-Antonio/4803-Hamilton-Wolfe-Rd-78229/unit-502/home/49056960,Sabor,1888620,N,Y,29.5225856,-98.582843
MLS Listing,,Single Family Residential,3011 Loftus Rd,Converse,TX,78109,334990,4,3.5,Paloma Park,2255,6969,2025,1,149,25,Active,,,https://www.redfin.com/TX/Converse/3011-Loftus-Rd-78109/home/195951456,Sabor,1888619,N,Y,29.4616999,-98.2860025
MLS Listing,,Single Family Residential,7727 Jacksboro Dr,San Antonio,TX,78252,354990,5,2.5,Cinco Lakes,2622,5227,2025,1,135,150,Active,,,https://www.redfin.com/TX/San-Antonio/7727-Jacksboro-Dr-Unknown/home/195942257,Sabor,1888616,N,Y,29.3530801,-98.6997234
MLS Listing,,Townhouse,13014 Trent,San Antonio,TX,78232,320000,3,2.5,Hill Country Villas,1500,2221,1985,1,213,194,Active,,,https://www.redfin.com/TX/San-Antonio/13014-Trent-St-78232/home/49059573,Sabor,1888615,N,Y,29.567972,-98.474333
MLS Listing,,Single Family Residential,11037 Geneva Sound,San Antonio,TX,78254,279000,5,3.0,The Hills Of Shaenfield,2622,6011,2006,1,106,18,Active,August-2-2025 12:30 PM,August-2-2025 03:00 PM,https://www.redfin.com/TX/San-Antonio/11037-Geneva-Sound-78254/home/48671148,Sabor,1888614,N,Y,29.5286497,-98.7098873
MLS Listing,,Single Family Residential,7714 Canyon Wren Park,San Antonio,TX,78253,280361,4,3.0,Preserve At Culebra,2245,,2025,1,125,33,Active,,,https://www.redfin.com/TX/Unknown/7714-Canyon-Wren-Park-78253/home/196055980,Sabor,1888611,N,Y,29.5132406,-98.7929753
MLS Listing,,Single Family Residential,10803 Honey Crisp,San Antonio,TX,78252,273170,4,2.0,Applewood,1572,5227,2025,1,174,40,Active,,,https://www.redfin.com/TX/San-Antonio/10803-Honey-Crisp-78252/home/196030464,Sabor,1888609,N,Y,29.36949920654297,-98.69879913330078
MLS Listing,,Single Family Residential,10707 Criterion,San Antonio,TX,78252,273110,3,2.0,Applewood,1434,5227,2025,1,190,40,Active,,,https://www.redfin.com/TX/San-Antonio/10707-Criterion-78252/home/196030462,Sabor,1888599,N,Y,29.369400024414062,-98.69879913330078
MLS Listing,,Single Family Residential,506 Leafy Rdg,San Antonio,TX,78251,419900,6,3.5,Westover Crossing,3409,6229,2005,1,123,22,Active,,,https://www.redfin.com/TX/San-Antonio/506-Leafy-Rdg-78251/home/48649860,Sabor,1888596,N,Y,29.4379678,-98.6881287
MLS Listing,,Single Family Residential,807 Bull Boat Ln,San Antonio,TX,78221,225995,3,4.5,Harlandale,1908,,2025,1,118,38,Active,,,https://www.redfin.com/TX/San-Antonio/807-Bull-Boat-LN-78221/home/196741939,Sabor,1888591,N,Y,29.2982317,-98.4952228
MLS Listing,,Single Family Residential,10807 Honey Crisp,San Antonio,TX,78252,269110,3,2.0,Applewood,1434,5227,2025,1,188,40,Active,,,https://www.redfin.com/TX/San-Antonio/10807-Honey-Crisp-78252/home/196030463,Sabor,1888589,N,Y,29.369400024414062,-98.69869995117188
MLS Listing,,Single Family Residential,10622 Cavelier,San Antonio,TX,78254,200000,3,2.0,Bridgewood,1467,5967,2001,1,136,20,Active,,,https://www.redfin.com/TX/San-Antonio/10622-Cavelier-Pt-78254/home/49151769,Sabor,1888587,N,Y,29.5151521,-98.7030196
MLS Listing,,Single Family Residential,22414 Clarben,San Antonio,TX,78266,1079240,4,4.5,Heimer Gardens,3939,21780,2025,1,274,217,Active,,,https://www.redfin.com/TX/San-Antonio/22414-Clarben-78266/home/187618392,Sabor,1888583,N,Y,29.6509107,-98.318208
MLS Listing,,Single Family Residential,2735 Wade,San Antonio,TX,78210,330000,3,3.5,Pasadena Heights,2480,11700,2005,1,133,,Active,,,https://www.redfin.com/TX/San-Antonio/2735-Wade-St-78210/home/48748889,Sabor,1888580,N,Y,29.3959278,-98.4451995
MLS Listing,,Single Family Residential,3030 Vistablue Ln,San Antonio,TX,78245,491713,4,3.0,Ladera,2492,6229,2025,1,197,51,Active,,,https://www.redfin.com/TX/San-Antonio/3030-Vistablue-Ln-78245/home/196202492,Sabor,1888579,N,Y,29.4023037,-98.7919767
MLS Listing,,Single Family Residential,6214 Ozona Ml,San Antonio,TX,78253,450000,4,2.5,Alamo Ranch,3224,8450,2006,1,140,34,Active,,,https://www.redfin.com/TX/San-Antonio/6214-Ozona-Ml-78253/home/48663599,Sabor,1888582,N,Y,29.4964153,-98.7370536
MLS Listing,,Single Family Residential,10724 Earligold,San Antonio,TX,78252,271170,3,2.5,Applewood,1470,5227,2025,1,184,40,Active,,,https://www.redfin.com/TX/San-Antonio/10724-Earligold-78252/home/195873733,Sabor,1888578,N,Y,29.3700008392334,-98.6989974975586
MLS Listing,,Single Family Residential,14518 Prairie Clover,San Antonio,TX,78253,359999,3,2.5,Talley Fields,1916,,2023,1,188,36,Active,,,https://www.redfin.com/TX/San-Antonio/14518-Prairie-Clover-78253/home/187571829,Sabor,1888577,N,Y,29.5056711,-98.7825627
MLS Listing,,Single Family Residential,3303 Trailway Park St,San Antonio,TX,78247,349990,3,3.5,Green Springs Valley,2721,9147,1981,1,129,36,Active,,,https://www.redfin.com/TX/San-Antonio/3303-Trailway-Park-St-78247/home/49117037,Sabor,1888573,N,Y,29.583403,-98.4328545
MLS Listing,,Single Family Residential,24540 Open Range,San Antonio,TX,78264,435000,4,2.0,Thelma Area So,2115,108900,2018,1,206,,Active,,,https://www.redfin.com/TX/San-Antonio/24540-Open-Range-Rd-78264/home/48767588,Sabor,1888574,N,Y,29.1595109,-98.4297892
MLS Listing,,Single Family Residential,18339 Emerald Oaks Dr,San Antonio,TX,78259-3636,665000,4,3.5,Emerald Forest,3508,14592,2006,1,190,73,Active,,,https://www.redfin.com/TX/San-Antonio/18339-Emerald-Oaks-Dr-78259/home/49164776,Sabor,1888571,N,Y,29.6092867,-98.4326053
MLS Listing,,Single Family Residential,11805 Blythewood,San Antonio,TX,78249,395000,4,2.0,Tanglewood,2138,11238,1980,1,185,,Active,,,https://www.redfin.com/TX/San-Antonio/11805-Blythewood-St-78249/home/49045887,Sabor,1888568,N,Y,29.552349,-98.6057517
MLS Listing,,Single Family Residential,147 Vine St,San Antonio,TX,78210,230000,3,2.5,Denver Heights,1438,2047,2022,1,160,,Active,,,https://www.redfin.com/TX/San-Antonio/147-Vine-St-78210/home/177352193,Sabor,1888567,N,Y,29.4091799,-98.4573056
MLS Listing,,Single Family Residential,14736 Sycamore Xing,San Antonio,TX,78253,329942,3,2.0,Hennersby Hollow,1604,5401,2025,1,206,83,Active,,,https://www.redfin.com/TX/San-Antonio/14736-Sycamore-Xing-78252/home/196740040,Sabor,1888564,N,Y,29.3618476,-98.7865034
MLS Listing,,Single Family Residential,9322 Fallworth,San Antonio,TX,78254,369900,4,2.5,Braun Station,2156,8624,1978,1,172,24,Active,,,https://www.redfin.com/TX/San-Antonio/9322-Fallworth-St-78254/home/49086087,Sabor,1888560,N,Y,29.5302007,-98.6565402
MLS Listing,,Single Family Residential,5314 Hickory Pl,San Antonio,TX,78222,265000,3,2.5,Call Agent,1604,4791,2022,1,165,38,Active,,,https://www.redfin.com/TX/San-Antonio/5314-Hickory-Pl-78222/home/181947091,Sabor,1888555,N,Y,29.388788,-98.383337
MLS Listing,,Single Family Residential,15902 Socorro Fls,Helotes,TX,78023,675000,4,3.5,Sonoma Ranch,3165,10193,2006,1,213,73,Active,,,https://www.redfin.com/TX/Helotes/15902-Socorro-Fls-78023/home/48620854,Sabor,1888553,N,Y,29.5927821,-98.6543031
MLS Listing,,Single Family Residential,5815 Kim Valley Dr,San Antonio,TX,78242,220000,3,1.0,Lackland City,713400,7135,1971,1,0,,Active,,,https://www.redfin.com/TX/San-Antonio/5815-Kim-Valley-St-78242/home/49002449,Sabor,1888549,N,Y,29.3501799,-98.6121807
MLS Listing,,Single Family Residential,4311 Putting Grn,San Antonio,TX,78217,289900,3,2.0,Northern Hills,1744,5401,1982,1,166,,Active,,,https://www.redfin.com/TX/San-Antonio/4311-Putting-Grn-78217/home/49043942,Sabor,1888548,N,Y,29.5613476,-98.4077007
MLS Listing,,Single Family Residential,14707 Sycamore Xing,San Antonio,TX,78253,388702,4,2.5,Hennersby Hollow,2513,5401,2025,1,155,83,Active,,,https://www.redfin.com/TX/San-Antonio/14707-Sycamore-Xing-78252/home/195509843,Sabor,1888542,N,Y,29.3618595,-98.7883417
MLS Listing,,Single Family Residential,2814 Redrock Trl,San Antonio,TX,78259,369999,3,2.5,Redland Woods,2515,6403,1995,1,147,23,Active,August-2-2025 11:00 AM,August-2-2025 02:00 PM,https://www.redfin.com/TX/San-Antonio/2814-Redrock-Trl-78259/home/48797799,Sabor,1888539,N,Y,29.614938,-98.4431425
MLS Listing,,Single Family Residential,16306 Rosebud Vis,Selma,TX,78154,285000,3,2.0,Retama Springs,1513,6621,2010,1,188,,Active,,,https://www.redfin.com/TX/Schertz/16306-Rosebud-Vis-78154/home/48711773,Sabor,1888538,N,Y,29.5882917,-98.336462
MLS Listing,,Single Family Residential,8747 Feather Trl,Helotes,TX,78023,367000,4,2.5,Arbor At Sonoma Ranch,3041,6621,2003,1,121,40,Active,,,https://www.redfin.com/TX/Helotes/8747-Feather-Trl-78023/home/48620004,Sabor,1888536,N,Y,29.5755454,-98.6538359
MLS Listing,,Single Family Residential,14740 Sycamore Xing,San Antonio,TX,78253,448356,4,3.0,Hennersby Hollow,2817,5401,2025,1,159,83,Active,,,https://www.redfin.com/TX/San-Antonio/14740-Sycamore-Xing-78252/home/196735374,Sabor,1888535,N,Y,29.3618476,-98.7865034
MLS Listing,,Single Family Residential,926 Nolan St,San Antonio,TX,78202,380000,3,2.5,Dignowity,1562,5270,1930,1,243,,Active,August-3-2025 01:00 PM,August-3-2025 04:00 PM,https://www.redfin.com/TX/San-Antonio/926-Nolan-St-78202/home/48731295,Sabor,1888533,N,Y,29.4273818,-98.4690635
MLS Listing,,Single Family Residential,15910 Robles Nuevo,San Antonio,TX,78232,675000,4,3.0,Scattered Oaks,2814,44431,2004,1,240,25,Active,,,https://www.redfin.com/TX/San-Antonio/15910-Robles-Nuevo-78232/home/49141842,Sabor,1888531,N,Y,29.5872199,-98.440258
MLS Listing,,Single Family Residential,819 W Lynwood,San Antonio,TX,78212,259000,2,1.0,Beacon Hill,958,6141,1924,1,270,,Active,,,https://www.redfin.com/TX/San-Antonio/819-W-Lynwood-Ave-78212/home/48849624,Sabor,1888529,N,Y,29.4633992,-98.5069388
MLS Listing,,Single Family Residential,20410 Blue Trinity,San Antonio,TX,78259,329000,3,2.0,Bulverde Creek,1504,5401,2003,1,219,15,Active,,,https://www.redfin.com/TX/San-Antonio/20410-Blue-Trinity-78259/home/48626655,Sabor,1888525,N,Y,29.6311401,-98.4119486
MLS Listing,,Vacant Land,612 Waverly,San Antonio,TX,78201,49997,,,Woodlawn Lake,,6011,,1,,,Active,,,https://www.redfin.com/TX/San-Antonio/612-Waverly-Ave-78201/home/48852855,Sabor,1888522,N,Y,29.44689,-98.518574
MLS Listing,,Single Family Residential,5934 Concho Riv,San Antonio,TX,78253,370000,5,3.5,Alamo Ranch,2712,6621,2019,1,136,33,Active,,,https://www.redfin.com/TX/San-Antonio/5934-Concho-Riv-78253/home/169082821,Sabor,1888520,N,Y,29.4921923,-98.7479477
MLS Listing,,Single Family Residential,3030 Elm Crk,San Antonio,TX,78230,899777,3,3.0,The Elms,2668,16117,2013,1,337,75,Active,,,https://www.redfin.com/TX/San-Antonio/3030-Elm-Creek-Pl-78230/home/48694786,Sabor,1888518,N,Y,29.5553714,-98.5452115
MLS Listing,,Single Family Residential,9733 Braun Run,San Antonio,TX,78254,382000,4,2.5,Braun Oaks,2396,10759,1998,1,159,34,Active,,,https://www.redfin.com/TX/San-Antonio/9733-Braun-Run-78254/home/49123714,Sabor,1888515,N,Y,29.5389042,-98.6562728
MLS Listing,,Condo/Co-op,3441 Turtle Vlg #92,San Antonio,TX,78230,175000,2,,Colonies Village,1351,,1973,1,130,550,Active,,,https://www.redfin.com/TX/San-Antonio/3441-Turtle-Village-Dr-78230/unit-92/home/196729224,Sabor,1888511,N,Y,29.5231349,-98.5503932
MLS Listing,,Single Family Residential,6855 Atlas,San Antonio,TX,78223,248000,3,2.0,Utopia Heights,1229,4791,2004,1,202,,Active,,,https://www.redfin.com/TX/San-Antonio/6855-Atlas-St-78223/home/48616076,Sabor,1888510,N,Y,29.357516,-98.4422539
MLS Listing,,Single Family Residential,3715 Sweet Olive,San Antonio,TX,78261,449900,4,3.0,Indian Springs,2489,6969,2010,1,181,50,Active,,,https://www.redfin.com/TX/San-Antonio/3715-Sweet-Olive-78261/home/48673243,Sabor,1888506,N,Y,29.6861178,-98.4218295
MLS Listing,,Single Family Residential,102 S Rosillo,San Antonio,TX,78207-3757,45900,3,1.0,Commerce S To Guadalupe Sa,984,4268,1940,1,47,,Active,,,https://www.redfin.com/TX/San-Antonio/102-S-Rosillo-78207/home/48739598,Sabor,1888505,N,Y,29.4275814,-98.5255737
MLS Listing,,Single Family Residential,12135 Lemon Blossom,San Antonio,TX,78247,175000,3,2.0,Blossom Park,1246,5488,1984,1,140,,Active,,,https://www.redfin.com/TX/San-Antonio/12135-Lemon-Blossom-78247/home/49035144,Sabor,1888501,N,Y,29.5548621,-98.4621768
MLS Listing,,Single Family Residential,9319 Oak Ledge,San Antonio,TX,78217,650000,4,4.0,Forest Oaks,2982,39639,1952,1,218,,Active,,,https://www.redfin.com/TX/San-Antonio/9319-Oak-Ledge-Dr-78217/home/48945380,Sabor,1888500,N,Y,29.5246647,-98.4408898
MLS Listing,,Multi-Family (2-4 Unit),508 E Dewey Pl,San Antonio,TX,78212-1543,599900,5,4.0,Tobin Hill,2442,11499,1930,1,246,,Active,,,https://www.redfin.com/TX/San-Antonio/508-E-Dewey-Pl-78212/home/48731819,Sabor,1888498,N,Y,29.4467478,-98.4886947
MLS Listing,,Single Family Residential,12035 Crescent Chase,San Antonio,TX,78253,305000,3,2.5,Westcreek Oaks,2096,7013,1998,1,146,43,Active,August-2-2025 12:00 PM,August-2-2025 03:00 PM,https://www.redfin.com/TX/San-Antonio/12035-Crescent-Chase-78253/home/48777826,Sabor,1888495,N,Y,29.4449513,-98.7272755
MLS Listing,,Single Family Residential,11438 Country Cyn,San Antonio,TX,78252,195000,2,2.0,Canyon Crossing,996,4530,2009,1,196,23,Active,,,https://www.redfin.com/TX/San-Antonio/11438-Country-Cyn-78252/home/48706870,Sabor,1888494,N,Y,29.3760543,-98.716101
MLS Listing,,Single Family Residential,6818 Lucky Flds,Converse,TX,78109,239999,3,2.0,Windfield Unit1,1708,6708,2006,1,141,29,Active,,,https://www.redfin.com/TX/Converse/6818-Lucky-Flds-78109/home/48656279,Sabor,1888492,N,Y,29.46371,-98.3543143
MLS Listing,,Single Family Residential,119 W Baetz Blvd,San Antonio,TX,78221,175000,3,2.5,Harlandale,1735,27312,,1,101,,Active,,,https://www.redfin.com/TX/San-Antonio/119-E-Baetz-Blvd-78221/home/48927114,Sabor,1888490,N,Y,29.3330669,-98.5048209
MLS Listing,,Single Family Residential,3612 Scorza,San Antonio,TX,78245,328999,3,2.0,Tres Laurels,1904,4791,2024,1,173,90,Active,,,https://www.redfin.com/TX/San-Antonio/3612-Scorza-78245/home/196719092,Sabor,1888489,N,Y,29.3978144,-98.7371039
MLS Listing,,Townhouse,6318 Club Oaks,San Antonio,TX,78249,180000,3,2.0,Tanglewood,1552,5706,1980,1,116,,Active,,,https://www.redfin.com/TX/San-Antonio/6318-Club-Oaks-St-78249/home/49046609,Sabor,1888487,N,Y,29.5512469,-98.6102257
MLS Listing,,Single Family Residential,614 Heavenly Sky,San Antonio,TX,78260,519000,3,2.0,Timberwood Park,2094,28749,1993,1,248,22,Active,August-2-2025 11:00 AM,August-2-2025 03:00 PM,https://www.redfin.com/TX/San-Antonio/614-Heavenly-Sky-78260/home/48792937,Sabor,1888485,N,Y,29.7018193,-98.5032039
MLS Listing,,Single Family Residential,14503 Mudstone Pl,San Antonio,TX,78223,213999,3,2.0,Stone Garden,1354,4791,2024,1,158,106,Active,,,https://www.redfin.com/TX/San-Antonio/14503-Mudstone-PL-78223/home/196717680,Sabor,1888483,N,Y,29.3037971,-98.4074573
MLS Listing,,Single Family Residential,14431 Mudstone Pl,San Antonio,TX,78223,198999,3,2.0,Stone Garden,1354,4791,2024,1,147,106,Active,,,https://www.redfin.com/TX/San-Antonio/14431-Mudstone-PL-78223/home/196717531,Sabor,1888482,N,Y,29.3037971,-98.4074573
MLS Listing,,Single Family Residential,14507 Mudstone Pl,San Antonio,TX,78223,203999,3,2.0,Stone Garden,1213,4791,2024,1,168,106,Active,,,https://www.redfin.com/TX/San-Antonio/14507-Mudstone-PL-78223/home/196717250,Sabor,1888480,N,Y,29.3037971,-98.4074573
MLS Listing,,Single Family Residential,7506 Cove,San Antonio,TX,78250,380000,4,3.5,Northchase,2547,6011,2019,1,149,29,Active,,,https://www.redfin.com/TX/San-Antonio/7506-Cove-Way-78250/home/167722704,Sabor,1888479,N,Y,29.5070104,-98.6613692
MLS Listing,,Single Family Residential,7317 Storms End,San Antonio,TX,78253,325000,3,2.5,Winding Brook,2306,4878,2021,1,141,50,Active,,,https://www.redfin.com/TX/San-Antonio/7317-Storms-End-78253/home/176321951,Sabor,1888470,N,Y,29.5068729,-98.7593554
MLS Listing,,Single Family Residential,3611 Georgia Trce,Converse,TX,78109,277999,4,2.5,Savannah Place,1885,4791,2024,1,147,36,Active,,,https://www.redfin.com/TX/San-Antonio/3611-Georgia-Trce-78109/home/196714943,Sabor,1888468,N,Y,29.4655527,-98.2681364
MLS Listing,,Single Family Residential,3219 Stoney Sq,San Antonio,TX,78247,249000,3,2.0,Stoneridge,1013,3136,1986,1,246,30,Active,,,https://www.redfin.com/TX/San-Antonio/3219-Stoney-Sq-78247/home/49066805,Sabor,1888466,N,Y,29.5599429,-98.4415655
MLS Listing,,Single Family Residential,7331 Adam Star,San Antonio,TX,78263,217999,3,2.0,Sapphire Grove,1266,4791,2024,1,172,106,Active,,,https://www.redfin.com/TX/San-Antonio/7331-Adam-Star-78263/home/196714787,Sabor,1888464,N,Y,29.3554237,-98.3197946
MLS Listing,,Single Family Residential,2875 Red Diamond,San Antonio,TX,78264,204999,3,2.0,Ruby Crossing,1213,4791,2024,1,169,25,Active,,,https://www.redfin.com/TX/San-Antonio/2875-Red-Diamond-78264/home/196713198,Sabor,1888463,N,Y,29.2153086,-98.4472851
MLS Listing,,Single Family Residential,3004 Carnelian Trl,San Antonio,TX,78264,211999,3,2.5,Ruby Crossing,1360,4791,2024,1,156,25,Active,,,https://www.redfin.com/TX/San-Antonio/3004-Carnelian-Trl-78264/home/196712753,Sabor,1888462,N,Y,29.2155086,-98.4453275
MLS Listing,,Multi-Family (2-4 Unit),6309-6311 Attucks Ln,San Antonio,TX,78238,390000,6,5.0,Wurzbach Meadow,2450,,2014,1,159,,Active,,,https://www.redfin.com/TX/San-Antonio/6311-Attucks-Ln-78238/home/48709480,Sabor,1888461,N,Y,29.4797477,-98.613318
MLS Listing,,Single Family Residential,2930 Carnelian Trl,San Antonio,TX,78264,200999,3,2.5,Ruby Crossing,1189,4791,2024,1,169,25,Active,,,https://www.redfin.com/TX/San-Antonio/2930-Carnelian-Trl-78264/home/196712637,Sabor,1888460,N,Y,29.2155086,-98.4453275
MLS Listing,,Vacant Land,10635 Green Vis,San Antonio,TX,78223,68500,,,Greenway,,6621,,1,,,Active,,,https://www.redfin.com/TX/San-Antonio/10635-Green-Vista-St-78223/home/48760725,Sabor,1888448,N,Y,29.312881,-98.388586
MLS Listing,,Single Family Residential,915 Dodic,San Antonio,TX,78221,215000,3,2.0,Bellaire,1269,6664,1959,1,169,,Active,,,https://www.redfin.com/TX/San-Antonio/915-Dodic-St-78221/home/48953837,Sabor,1888446,N,Y,29.3400826,-98.4868833
MLS Listing,,Single Family Residential,5103 Sagail,San Antonio,TX,78249,535000,4,3.0,Oakland Heights,2876,8450,1998,1,186,46,Active,August-2-2025 12:00 PM,August-2-2025 02:00 PM,https://www.redfin.com/TX/San-Antonio/5103-Sagail-Pl-78249/home/49016973,Sabor,1888444,N,Y,29.5696155,-98.5863813
MLS Listing,,Single Family Residential,1831 Charlie Cv,San Antonio,TX,78221,218999,3,2.0,Roosevelt Landing,1402,4791,2024,1,156,46,Active,,,https://www.redfin.com/TX/San-Antonio/1831-Charlie-CV-78221/home/196710760,Sabor,1888445,N,Y,29.2982317,-98.4952228
MLS Listing,,Single Family Residential,1827 Charlie Cv,San Antonio,TX,78221,230999,4,2.0,Roosevelt Landing,1575,4791,2025,1,147,46,Active,,,https://www.redfin.com/TX/San-Antonio/1827-Charlie-Chan-Dr-78240/home/196710629,Sabor,1888443,N,Y,29.5034925,-98.5995602
MLS Listing,,Townhouse,9646 Bratton #182,San Antonio,TX,78245,184900,3,2.0,Heritage Northwest,988,4791,1984,1,187,,Active,,,https://www.redfin.com/TX/San-Antonio/9646-Bratton-Dr-78245/unit-182/home/196710534,Sabor,1888442,N,Y,29.4182392,-98.6736495
MLS Listing,,Single Family Residential,10318 Floore Holw,San Antonio,TX,78254,310000,3,2.0,Wildhorse At Tausch Farms,1866,6141,2012,1,166,48,Active,,,https://www.redfin.com/TX/San-Antonio/10318-Floore-Holw-78254/home/52300284,Sabor,1888441,N,Y,29.5238919,-98.6951458
MLS Listing,,Multi-Family (2-4 Unit),215 Blanco Rd,San Antonio,TX,78212,585000,6,4.0,Beacon Hill,3213,7405,1920,1,182,,Active,,,https://www.redfin.com/TX/San-Antonio/215-Blanco-Rd-78212/home/48746571,Sabor,1888438,N,Y,29.4477638,-98.5081286
MLS Listing,,Single Family Residential,132 University,San Antonio,TX,78201,174500,3,2.0,Five Points,1068,8755,1996,1,163,,Active,,,https://www.redfin.com/TX/San-Antonio/132-University-Ave-78201/home/48735947,Sabor,1888436,N,Y,29.4467005,-98.5100726
MLS Listing,,Single Family Residential,21910 Somerton,San Antonio,TX,78260,519000,5,3.5,Promontory Heights,3719,15202,1998,1,140,89,Active,,,https://www.redfin.com/TX/San-Antonio/21910-Somerton-Ln-78260/home/49071420,Sabor,1882907,N,Y,29.6449465,-98.507211
MLS Listing,,Single Family Residential,5251 Whirling Pl,San Antonio,TX,78253,282999,3,2.0,Morgans Heights,1657,4791,2024,1,171,37,Active,,,https://www.redfin.com/TX/Unknown/5251-Whirling-Pl-78253/home/196708715,Sabor,1888431,N,Y,29.4844671,-98.7934732
MLS Listing,,Single Family Residential,5254 Morgan Crst,San Antonio,TX,78253,231999,3,2.0,Morgans Heights,1266,4356,2024,1,183,37,Active,,,https://www.redfin.com/TX/San-Antonio/5254-Morgan-Crst-78253/home/196505879,Sabor,1888430,N,Y,29.4841513,-98.7925697
MLS Listing,,Single Family Residential,5250 Morgan Crst,San Antonio,TX,78253,252999,4,2.0,Morgans Heights,1575,4791,2025,1,161,37,Active,,,https://www.redfin.com/TX/San-Antonio/5250-Morgan-Crst-78253/home/196450302,Sabor,1888429,N,Y,29.4841513,-98.7925697
MLS Listing,,Single Family Residential,13467 Furyk Dr,San Antonio,TX,78221,184699,4,2.0,Mission Del Lago,1500,4791,2024,1,123,27,Active,,,https://www.redfin.com/TX/San-Antonio/13467-Furyk-Dr-78221/home/196079570,Sabor,1888428,N,Y,29.2843972,-98.4845314
MLS Listing,,Single Family Residential,4618 Legacy Pt,Von Ormy,TX,78073,234999,4,2.0,Legacy Point,1667,4791,2024,1,141,92,Active,,,https://www.redfin.com/TX/Von-Ormy/4618-Legacy-Pt-78073/home/196708508,Sabor,1888427,N,Y,29.2993271,-98.5936388
MLS Listing,,Single Family Residential,14621 Kayden Rdg,San Antonio,TX,78253,226999,3,2.0,Landon Ridge,1402,4791,2024,1,162,43,Active,,,https://www.redfin.com/TX/San-Antonio/14621-Kayden-RDG-78253/home/196708332,Sabor,1888426,N,Y,29.4733158,-98.8142264
MLS Listing,,Single Family Residential,11025 Mill Park,San Antonio,TX,78254,458000,3,2.5,Davis Ranch,2316,7187,2021,1,198,46,Active,,,https://www.redfin.com/TX/San-Antonio/11025-Mill-Park-78254/home/177419139,Sabor,1888425,N,Y,29.5437555,-98.7330029
MLS Listing,,Single Family Residential,12658 Point Smt,San Antonio,TX,78253,325000,4,2.5,Highpoint At Westcreek,3251,6098,2006,1,100,43,Active,,,https://www.redfin.com/TX/San-Antonio/12658-Point-Smt-78253/home/48633925,Sabor,1888423,N,Y,29.436823,-98.7444539
MLS Listing,,Single Family Residential,211 Betty Jean,San Antonio,TX,78223,125000,3,2.0,Hot Wells,1774,21823,1948,1,70,,Active,,,https://www.redfin.com/TX/San-Antonio/211-Betty-Jean-St-78223/home/48866132,Sabor,1888421,N,Y,29.3727408,-98.4618916
MLS Listing,,Single Family Residential,234 Readwell Dr,San Antonio,TX,78220,195000,2,1.0,Eastwood Village,943,9365,1949,1,207,,Active,,,https://www.redfin.com/TX/San-Antonio/234-Readwell-Dr-78220/home/48918539,Sabor,1888419,N,Y,29.421416,-98.4085327
MLS Listing,,Single Family Residential,134 Peche,San Antonio,TX,78207,55000,3,1.0,San Antonio,709,2831,1910,1,78,,Active,,,https://www.redfin.com/TX/San-Antonio/134-Peche-St-78207/home/48737511,Sabor,1876286,N,Y,29.4378591,-98.5135131
MLS Listing,,Single Family Residential,6643 Titan Park,Converse,TX,78109,315999,4,3.5,Hightop Ridge,2149,4791,2025,1,147,34,Active,,,https://www.redfin.com/TX/Converse/6643-Titan-Park-78109/home/187561058,Sabor,1888418,N,Y,29.493711,-98.304755
MLS Listing,,Single Family Residential,6639 Titan Park,Converse,TX,78109,273999,3,2.0,Hightop Ridge,1634,4791,2025,1,168,34,Active,,,https://www.redfin.com/TX/Converse/6639-Titan-Park-78109/home/187561059,Sabor,1888415,N,Y,29.493706,-98.304588
MLS Listing,,Single Family Residential,3530 Arroyo Grande,San Antonio,TX,78253,359900,4,2.5,Alamo Ranch,2586,6664,2006,1,139,75,Active,,,https://www.redfin.com/TX/San-Antonio/3530-Arroyo-Grande-78253/home/48670267,Sabor,1888410,N,Y,29.468513,-98.733137
MLS Listing,,Single Family Residential,10 Champions Run,San Antonio,TX,78258-7719,1950000,4,4.5,Estates At Champions Run,6517,138520,1996,1,299,171,Active,,,https://www.redfin.com/TX/San-Antonio/10-Champions-Run-78258/home/49129173,Sabor,1888405,N,Y,29.65062,-98.4783253
MLS Listing,,Multi-Family (2-4 Unit),6305-6307 Attucks Ln,San Antonio,TX,78238,405000,6,5.0,Wurzbach Heights Townhouse,2446,,2014,1,166,,Active,,,https://www.redfin.com/TX/San-Antonio/6307-Attucks-Ln-78238/home/48709478,Sabor,1888404,N,Y,29.4797586,-98.6131895
MLS Listing,,Single Family Residential,9202 Jole Cv,Windcrest,TX,78239,395000,3,3.0,Windcrest,2401,5488,1978,1,165,,Active,,,https://www.redfin.com/TX/Windcrest/9202-Jole-Cv-78239/home/48829683,Sabor,1888403,N,Y,29.5243893,-98.3753209
MLS Listing,,Single Family Residential,4004 Shady Oak,San Antonio,TX,78229,745000,4,3.5,Oak Hills,3696,686070000,1973,1,202,,Active,,,https://www.redfin.com/TX/San-Antonio/4004-Shady-Oak-St-78229/home/48974339,Sabor,1888401,N,Y,29.4930268,-98.5671442
MLS Listing,,Single Family Residential,13934 Mission Vly,San Antonio,TX,78233,295000,3,2.0,Woodstone,1762,7100,,1,167,,Active,August-2-2025 01:00 PM,August-2-2025 03:00 PM,https://www.redfin.com/TX/San-Antonio/13934-Mission-Vly-78233/home/49047315,Sabor,1888397,N,Y,29.5695496,-98.371807
MLS Listing,,Single Family Residential,315 Hoover,San Antonio,TX,78225,162000,3,1.0,Not In Defined Subdivision,1272,5837,1950,1,127,,Active,,,https://www.redfin.com/TX/San-Antonio/315-Hoover-Ave-78225/home/48858051,Sabor,1888385,N,Y,29.3848658,-98.5238824
MLS Listing,,Multi-Family (2-4 Unit),14503 Woods Hole,San Antonio,TX,78233,250000,4,2.0,Woodstone,1904,9147,1983,1,131,,Active,,,https://www.redfin.com/TX/San-Antonio/14503-Woods-Hole-Dr-78233/home/49083187,Sabor,1888383,N,Y,29.5729384,-98.3666895
MLS Listing,,Multi-Family (2-4 Unit),430 E Magnolia Ave,San Antonio,TX,78212,345000,3,2.0,Tobin Hill,1158,9234,1895,1,298,,Active,,,https://www.redfin.com/TX/San-Antonio/430-E-Magnolia-Ave-78212/home/48618703,Sabor,1888382,N,Y,29.4541849,-98.4881687
MLS Listing,,Single Family Residential,425 E Fest,San Antonio,TX,78204,350000,1,1.0,S. Durango/probandt,912,10759,1922,1,384,,Active,,,https://www.redfin.com/TX/San-Antonio/425-E-Fest-St-78204/home/48742310,Sabor,1888378,N,Y,29.4054149,-98.4978154
MLS Listing,,Vacant Land,2716 Wayne,San Antonio,TX,78222,55000,,,Green Acres,8400,8407,,1,7,,Active,,,https://www.redfin.com/TX/San-Antonio/2716-Wayne-Dr-78222/home/49030393,Sabor,1888373,N,Y,29.3932285,-98.3873624
MLS Listing,,Single Family Residential,232 Lavaca,San Antonio,TX,78210,1100000,3,2.5,Lavaca,3486,9234,1910,1,316,,Active,,,https://www.redfin.com/TX/San-Antonio/232-Lavaca-St-78210/home/48724389,Sabor,1888371,N,Y,29.4158571,-98.48586
MLS Listing,,Single Family Residential,443 Kayton,San Antonio,TX,78210,139000,2,1.0,Highland Park,1196,7492,1942,1,116,,Active,,,https://www.redfin.com/TX/San-Antonio/443-Kayton-Ave-78210/home/48750537,Sabor,1888356,N,Y,29.3976387,-98.4661214
MLS Listing,,Single Family Residential,246 Nash Blvd,San Antonio,TX,78223,165000,3,1.0,Pecan Valley,1796,8407,1955,1,92,,Active,,,https://www.redfin.com/TX/San-Antonio/246-Nash-Blvd-78223/home/48925158,Sabor,1888355,N,Y,29.3627293,-98.43304
MLS Listing,,Single Family Residential,434 E Magnolia Ave,San Antonio,TX,78212,309000,2,1.0,Tobin Hill,720,9234,1945,1,429,,Active,,,https://www.redfin.com/TX/San-Antonio/434-E-Magnolia-Ave-78212/home/48617518,Sabor,1888346,N,Y,29.4539228,-98.4880322
MLS Listing,,Single Family Residential,7935 Dueling Oak,San Antonio,TX,78254,215000,3,2.0,Bridgewood,1496,6359,2001,1,144,,Active,,,https://www.redfin.com/TX/San-Antonio/7935-Dueling-Oak-78254/home/49151833,Sabor,1888347,N,Y,29.5136148,-98.7037504
MLS Listing,,Single Family Residential,11514 Sheep Hair,San Antonio,TX,78245,259000,3,2.5,Laurel Mountain Ranch,2038,4617,2014,1,127,33,Active,,,https://www.redfin.com/TX/San-Antonio/11514-Sheep-Hair-78245/home/66929473,Sabor,1888316,N,Y,29.4091939,-98.7217982
MLS Listing,,Single Family Residential,1634 Townsend House,San Antonio,TX,78251,345000,3,2.5,The Heights At Westover,2615,10541,1994,1,132,102,Active,,,https://www.redfin.com/TX/San-Antonio/1634-Townsend-House-Dr-78251/home/49099259,Sabor,1888308,N,Y,29.4422824,-98.6781203
MLS Listing,,Single Family Residential,7115 Azalea Sq,San Antonio,TX,78218,240000,3,2.0,Northeast Crossing,1454,6577,2017,1,165,17,Active,,,https://www.redfin.com/TX/San-Antonio/7115-Azalea-Sq-78218/home/48720543,Sabor,1888306,N,Y,29.4941735,-98.3664229
MLS Listing,,Single Family Residential,4234 Salado Crst,San Antonio,TX,78222,255000,4,2.5,Riposa Vita,1901,5401,2019,1,134,25,Active,,,https://www.redfin.com/TX/San-Antonio/4234-Salado-Crst-78222/home/169111770,Sabor,1888305,N,Y,29.3797273,-98.3825867
MLS Listing,,Single Family Residential,9811 Kelton,San Antonio,TX,78250,299000,4,2.5,Northwest Crossing,2399,6054,1994,1,125,21,Active,,,https://www.redfin.com/TX/San-Antonio/9811-Kelton-Dr-78250/home/49123075,Sabor,1888302,N,Y,29.5142048,-98.6803635
MLS Listing,,Single Family Residential,1715 Hadbury Ln,San Antonio,TX,78248,429000,3,2.0,The Ridge At Deerfield,2262,8450,1998,1,190,83,Active,,,https://www.redfin.com/TX/San-Antonio/1715-Hadbury-Ln-78248/home/49097454,Sabor,1888292,N,Y,29.5829136,-98.5182633
MLS Listing,,Single Family Residential,5567 Kissing Oak St,San Antonio,TX,78247-1511,205000,2,2.0,High Country,1163,4138,1980,1,176,,Active,,,https://www.redfin.com/TX/San-Antonio/5567-Kissing-Oak-St-78247/home/49082055,Sabor,1888282,N,Y,29.5902195,-98.3816264
MLS Listing,,Single Family Residential,25514 Singing Rain,San Antonio,TX,78260,655000,3,2.5,Timberwood Park,2678,29185,2004,1,245,62,Active,,,https://www.redfin.com/TX/San-Antonio/25514-Singing-Rain-78260/home/48795338,Sabor,1888281,N,Y,29.680555,-98.517474
MLS Listing,,Single Family Residential,7407 Lazy,San Antonio,TX,78250,244900,4,2.5,Autumn Woods,1585,6621,1986,1,155,21,Active,,,https://www.redfin.com/TX/San-Antonio/7407-Lazy-Trl-78250/home/49122481,Sabor,1888279,N,Y,29.5126184,-98.6766983
MLS Listing,,Single Family Residential,3159 Missile,San Antonio,TX,78217,349900,4,2.0,Macarthur Terrace,1835,12501,1971,1,191,,Active,,,https://www.redfin.com/TX/San-Antonio/3159-Missile-Dr-78217/home/48973814,Sabor,1888278,N,Y,29.5328648,-98.4361258
MLS Listing,,Townhouse,330 Clay,San Antonio,TX,78204,375000,2,2.5,Clay Street Homes Condominiums,1345,,2017,1,279,200,Active,,,https://www.redfin.com/TX/San-Antonio/330-Clay-78204/home/103948552,Sabor,1888277,N,Y,29.4069382,-98.497935
MLS Listing,,Single Family Residential,3438 Butterleigh,San Antonio,TX,78247,349900,3,2.5,Eden,2277,7143,1986,1,154,,Active,August-3-2025 01:00 PM,August-3-2025 04:00 PM,https://www.redfin.com/TX/San-Antonio/3438-Butterleigh-78247/home/49084004,Sabor,1888274,N,Y,29.5715684,-98.4196592
MLS Listing,,Single Family Residential,9106 Malabar Cyn,San Antonio,TX,78245,340000,4,2.5,Chestnut Springs,3506,5488,2007,1,97,10,Active,August-2-2025 01:00 PM,August-2-2025 03:00 PM,https://www.redfin.com/TX/San-Antonio/9106-Malabar-Cyn-78245/home/48680458,Sabor,1888273,N,Y,29.4354293,-98.6639147
MLS Listing,,Single Family Residential,9916 Wye,San Antonio,TX,78254,248000,3,2.0,Waterwheel Unit 1 Phase 2,1440,4791,2024,1,172,58,Active,,,https://www.redfin.com/TX/San-Antonio/9916-Wye-Ml-78254/home/187576252,Sabor,1888271,N,Y,29.5343522,-98.7844809
MLS Listing,,Single Family Residential,6508 Honey Hl,San Antonio,TX,78229-5422,225000,3,2.0,Honey Hill,1482,4486,1978,1,152,,Active,,,https://www.redfin.com/TX/San-Antonio/6508-Honey-Hl-78229/home/49036853,Sabor,1888270,N,Y,29.4924336,-98.5895307
MLS Listing,,Single Family Residential,1851 County Road 381,San Antonio,TX,78253,725000,4,2.5,Rio Medina Acres,3366,137606,2002,1,215,,Active,,,https://www.redfin.com/TX/San-Antonio/1851-County-Road-381-78253/home/48553543,Sabor,1888268,N,Y,29.4719271,-98.8267213
MLS Listing,,Single Family Residential,10358 Dunlap,San Antonio,TX,78252,320000,4,3.0,Cinco Lakes,2024,5009,2019,1,158,83,Active,,,https://www.redfin.com/TX/San-Antonio/10358-Dunlap-78252/home/169633607,Sabor,1888267,N,Y,29.3579247,-98.6965439
MLS Listing,,Single Family Residential,1119 Boling Brook St,San Antonio,TX,78245,199999,3,2.0,Heritage Farm S I,1144,8276,1978,1,175,,Active,,,https://www.redfin.com/TX/San-Antonio/1119-Boling-Brook-St-78245/home/49017624,Sabor,1888265,N,Y,29.4218885,-98.6730603
MLS Listing,,Single Family Residential,307 Redwood,San Antonio,TX,78209,625000,2,2.0,Alamo Heights,1378,7230,1936,1,454,,Active,,,https://www.redfin.com/TX/San-Antonio/307-Redwood-St-78209/home/48831762,Sabor,1888262,N,Y,29.4842143,-98.4614968
MLS Listing,,Single Family Residential,14042 Gemma,San Antonio,TX,78253,549000,4,3.5,Bella Vista,2789,6534,2018,1,197,47,Active,August-2-2025 12:00 PM,August-2-2025 03:00 PM,https://www.redfin.com/TX/San-Antonio/14042-Gemma-78253/home/143904150,Sabor,1888261,N,Y,29.4306785,-98.7733443
MLS Listing,,Single Family Residential,10471 Aqueduct Crk,San Antonio,TX,78214,206999,3,2.0,Espada,1354,4791,2024,1,153,100,Active,,,https://www.redfin.com/TX/San-Antonio/10471-Aqueduct-CRK-78214/home/196235544,Sabor,1888257,N,Y,29.32969093322754,-98.47016143798828
MLS Listing,,Single Family Residential,10315 Munoz Mnr,San Antonio,TX,78214,225999,4,2.5,Espada,1692,4791,2025,1,134,100,Active,,,https://www.redfin.com/TX/San-Antonio/10315-Manor-Dr-78228/home/196235514,Sabor,1888253,N,Y,29.32969093322754,-98.47016143798828
MLS Listing,,Vacant Land,39 Tramore,San Antonio,TX,78260,390000,,,Waterford Heights,,44213,,1,,110,Active,,,https://www.redfin.com/TX/San-Antonio/39-Tramore-78260/home/48696757,Sabor,1888241,N,Y,29.670216,-98.491482
MLS Listing,,Single Family Residential,531 W Olmos Dr,San Antonio,TX,78212-1862,135000,3,2.0,Olmos/san Pedro Place Sa,1444,6490,1940,1,93,,Active,,,https://www.redfin.com/TX/San-Antonio/531-W-Olmos-Dr-78212/home/48861728,Sabor,1888239,N,Y,29.4708838,-98.5008617
MLS Listing,,Single Family Residential,1231 Hightower Ln,San Antonio,TX,78245,392990,3,2.0,Arcadia Ridge Phase 1 - Bexar,1741,,2025,1,226,35,Active,,,https://www.redfin.com/TX/San-Antonio/1231-Hightower-Ln-78245/home/194705065,Sabor,1888236,N,Y,29.406980514526367,-98.72699737548828
MLS Listing,,Single Family Residential,10319 Munoz Mnr,San Antonio,TX,78214,212999,4,2.0,Espada,1483,4791,2024,1,144,100,Active,,,https://www.redfin.com/TX/San-Antonio/10319-Manor-Dr-78228/home/196235561,Sabor,1888235,N,Y,29.32969093322754,-98.47016143798828
MLS Listing,,Vacant Land,459 Furnish Ave,San Antonio,TX,78204,39999,,,Conv AS Code,,4530,,1,,,Active,,,https://www.redfin.com/TX/San-Antonio/459-Furnish-Ave-78204/home/48747679,NTREIS,21016949,N,Y,29.40619,-98.509852
MLS Listing,,Single Family Residential,10467 Aqueduct Crk,San Antonio,TX,78214,222999,4,2.0,Espada,1483,4791,2024,1,150,100,Active,,,https://www.redfin.com/TX/San-Antonio/10467-Aqueduct-CRK-78214/home/196694687,Sabor,1888232,N,Y,29.3064399,-98.4568128
MLS Listing,,Single Family Residential,9319 Beowulf,San Antonio,TX,78254,335000,3,2.5,Braun Station,2292,9016,1984,1,146,23,Active,,,https://www.redfin.com/TX/San-Antonio/9319-Beowulf-St-78254/home/49085946,Sabor,1888233,N,Y,29.5306658,-98.6632575
MLS Listing,,Single Family Residential,1922 W Ashby,San Antonio,TX,78228,299999,3,2.0,Woodlawn Lake,1420,7405,1920,1,211,,Active,,,https://www.redfin.com/TX/San-Antonio/1922-W-Ashby-Pl-78201/home/48735139,Sabor,1888226,N,Y,29.4504589,-98.5252505
MLS Listing,,Single Family Residential,21003 Villa Valencia,San Antonio,TX,78258,450000,4,3.0,Stone Oak,3197,8058,2008,1,141,27,Active,,,https://www.redfin.com/TX/San-Antonio/21003-Villa-Valencia-78258/home/48661375,Sabor,1888225,N,Y,29.636388,-98.4889078
MLS Listing,,Single Family Residential,240 Belmont,San Antonio,TX,78202,199900,2,2.0,Jefferson Heights,1292,6751,1938,1,155,,Active,,,https://www.redfin.com/TX/San-Antonio/240-Belmont-78202/home/48728868,Sabor,1888217,N,Y,29.4201552,-98.4572483
MLS Listing,,Multi-Family (2-4 Unit),1117 Fenfield,San Antonio,TX,78211,215000,3,3.0,East Kelly/south San Ss,,,1946,1,,,Active,,,https://www.redfin.com/TX/San-Antonio/1117-Fenfield-Ave-78211/home/48888882,Sabor,1888214,N,Y,29.3630612,-98.5623341
MLS Listing,,Single Family Residential,7331 Primrose Post,San Antonio,TX,78218,290000,3,2.5,Northeast Crossing Tif 2,2474,6011,2017,1,117,17,Active,,,https://www.redfin.com/TX/San-Antonio/7331-Primrose-Post-78218/home/110107891,Sabor,1888211,N,Y,29.4973847,-98.3671539
MLS Listing,,Single Family Residential,33 Sanctuary Dr,San Antonio,TX,78248,1499000,5,4.5,Inwood Estates,4532,24045,1999,1,331,236,Active,,,https://www.redfin.com/TX/San-Antonio/33-Sanctuary-Dr-78248/home/49117582,Sabor,1885708,N,Y,29.5860453,-98.5442712
MLS Listing,,Condo/Co-op,212 Madison #2,San Antonio,TX,78204,995000,2,2.5,King William,2086,,1926,1,477,576,Active,,,https://www.redfin.com/TX/San-Antonio/212-Madison-78204/unit-2/home/49149561,Sabor,1871310,N,Y,29.4153021,-98.4908207
MLS Listing,,Multi-Family (2-4 Unit),1818 Martin Luther King,San Antonio,TX,78203,399000,4,3.0,Denver Heights,2032,,2023,1,196,,Active,,,https://www.redfin.com/TX/San-Antonio/1818-Martin-Luther-King-Dr-Unknown/home/196694274,Sabor,1888205,N,Y,29.412983,-98.4538953
MLS Listing,,Single Family Residential,9030 Timber Laurel,San Antonio,TX,78250,265000,3,2.5,Great Northwest,2396,4356,2005,1,111,26,Active,,,https://www.redfin.com/TX/San-Antonio/9030-Timber-Laurel-78250/home/48642112,Sabor,1888204,N,Y,29.4847036,-98.6627686
MLS Listing,,Vacant Land,2734 Hicks Ave,San Antonio,TX,78210-5624,73000,,,Pasadena Heights,,11186,,1,,,Active,,,https://www.redfin.com/TX/San-Antonio/2734-Hicks-Ave-78210/home/48988492,Sabor,1888203,N,Y,29.3918507,-98.4367368
MLS Listing,,Single Family Residential,24410 Middle Frk,San Antonio,TX,78258,899999,5,3.5,Mountain Lodge,4806,17424,2000,1,187,79,Active,,,https://www.redfin.com/TX/San-Antonio/24410-Middle-Frk-78258/home/49138848,Sabor,1888202,N,Y,29.6684185,-98.4533848
MLS Listing,,Single Family Residential,20675 Huebner Rd Unit 522,San Antonio,TX,78258,462845,3,2.5,Centero At Stone Oak,1818,2657,2025,1,255,42,Active,,,https://www.redfin.com/TX/San-Antonio/20675-Huebner-Rd-78258/home/195068631,Sabor,1888200,N,Y,29.6291984,-98.4852036
MLS Listing,,Single Family Residential,5622 Rushhill St,San Antonio,TX,78228,197500,3,1.0,Culebra Park,1222,6621,1981,1,162,,Active,,,https://www.redfin.com/TX/San-Antonio/5622-Rushhill-St-78228/home/48989709,Sabor,1888198,N,Y,29.4600803,-98.5968579
MLS Listing,,Single Family Residential,1115 Haltown Dr,San Antonio,TX,78213,350000,3,2.0,Castle Park,1957,12327,1963,1,179,,Active,,,https://www.redfin.com/TX/San-Antonio/1115-Haltown-Dr-78213/home/48961592,Sabor,1873594,N,Y,29.5329471,-98.5097528
MLS Listing,,Single Family Residential,605 Torreon,San Antonio,TX,78207,34999,2,1.0,Colonia Zaragoza Add,668,2134,1935,1,52,,Active,,,https://www.redfin.com/TX/San-Antonio/605-Torreon-St-78207/home/48844840,Sabor,1888196,N,Y,29.4205312,-98.5190651
MLS Listing,,Single Family Residential,922 Serene Mdws,San Antonio,TX,78258,630000,3,3.0,Meadows Of Sonterra,3013,8276,2001,1,209,118,Active,August-2-2025 12:00 PM,August-2-2025 03:00 PM,https://www.redfin.com/TX/San-Antonio/922-Serene-Mdw-78258/home/49071589,Sabor,1888195,N,Y,29.6258228,-98.4981099
MLS Listing,,Single Family Residential,219 Nelson,San Antonio,TX,78210,263536,4,2.0,Denver Heights West Of New Bra,1424,7013,1950,1,185,,Active,,,https://www.redfin.com/TX/San-Antonio/219-Nelson-Ave-78210/home/48758466,Sabor,1863882,N,Y,29.4103213,-98.4625441
MLS Listing,,Single Family Residential,4819 Sorrento,San Antonio,TX,78217,210000,3,2.0,Nacogdoches North,1325,7579,1974,1,158,,Active,,,https://www.redfin.com/TX/San-Antonio/4819-Sorrento-78217/home/48990688,Sabor,1888191,N,Y,29.5622443,-98.3966523
MLS Listing,,Single Family Residential,11638 Wood Hbr,San Antonio,TX,78249,299500,3,2.5,Woodridge Village,1602,6969,2005,1,187,50,Active,,,https://www.redfin.com/TX/San-Antonio/11638-Wood-Hbr-78249/home/48611436,Sabor,1888189,N,Y,29.5505138,-98.6046032
