SALE TYPE,SOLD DATE,PROPERTY TYPE,ADDRESS,CITY,STATE OR PROVINCE,ZIP OR POSTAL CODE,PRICE,BEDS,BATHS,LOCATION,SQUARE FEET,LOT SIZE,YEAR BUILT,DAYS ON MARKET,$/SQUARE FEET,HOA/MONTH,STATUS,NEXT OPEN HOUSE START TIME,NEXT OPEN HOUSE END TIME,URL (SEE https://www.redfin.com/buy-a-home/comparative-market-analysis FOR INFO ON PRICING),SOURCE,MLS#,FAVORITE,INTERESTED,LATITUDE,LONGITUDE
"In accordance with local MLS rules, some MLS listings are not included in the download"
MLS Listing,,Single Family Residential,29 Grey Meadow Dr,Burlington,VT,05408,857000,4,2.0,Burlington,2696,12196,1994,1,318,,Active,August-3-2025 01:00 PM,August-3-2025 03:00 PM,https://www.redfin.com/VT/Burlington/29-Grey-Meadow-Dr-05408/home/91175031,PrimeMLS,5054498,N,Y,44.5134966,-73.2621646
MLS Listing,,Single Family Residential,29 Shelburne St,Burlington,VT,05401,799000,3,1.5,Burlington,1428,8712,1931,1,560,,Active,August-2-2025 10:00 AM,August-2-2025 12:00 PM,https://www.redfin.com/VT/Burlington/29-Shelburne-Rd-05401/home/91182790,PrimeMLS,5054433,N,Y,44.4644017,-73.2081428
MLS Listing,,Single Family Residential,60 Bilodeau Ct,Burlington,VT,05401,489000,4,2.0,Burlington,1558,9583,1947,1,314,,Active,,,https://www.redfin.com/VT/Burlington/60-Bilodeau-Ct-05401/home/91177164,PrimeMLS,5054349,N,Y,44.4788082,-73.1893326
MLS Listing,,Single Family Residential,20 Tracy Dr,Burlington,VT,05408,295000,3,1.0,Burlington,864,8276,1954,1,341,,Active,,,https://www.redfin.com/VT/Burlington/20-Tracy-Dr-05408/home/91180582,PrimeMLS,5054320,N,Y,44.5154088,-73.2575691
MLS Listing,,Condo/Co-op,131 Main St #302,Burlington,VT,05403,419900,2,2.0,Burlington,960,,1980,1,437,748,Active,,,https://www.redfin.com/VT/Burlington/131-Main-St-05401/unit-302/home/91181514,PrimeMLS,5054319,N,Y,44.4755088,-73.2137142
MLS Listing,,Single Family Residential,164 Dodds Ct,Burlington,VT,05401,285000,3,1.0,Burlington,1132,10018,1953,2,252,,Active,,,https://www.redfin.com/VT/Burlington/164-Dodds-Ct-05408/home/91180881,PrimeMLS,5054141,N,Y,44.5074527,-73.24955
MLS Listing,,Single Family Residential,10 Stirling Pl,Burlington,VT,05408,679000,4,2.5,Burlington,1906,10890,1993,2,356,,Active,,,https://www.redfin.com/VT/Burlington/10-Stirling-Pl-05408/home/91184236,PrimeMLS,5054094,N,Y,44.505437,-73.2567516
MLS Listing,,Single Family Residential,115 Caroline St,Burlington,VT,05401,769000,4,1.5,Burlington,2195,6969,1934,3,350,,Active,August-3-2025 11:00 AM,August-3-2025 01:00 PM,https://www.redfin.com/VT/Burlington/115-Caroline-St-05401/home/91183548,PrimeMLS,5054011,N,Y,44.4639585,-73.2107718
MLS Listing,,Single Family Residential,73 South St,Burlington,VT,05401,949900,3,2.5,Burlington,3462,13939,1955,3,274,,Active,,,https://www.redfin.com/VT/Burlington/73-South-St-05401/home/91178829,PrimeMLS,5053963,N,Y,44.4549913,-73.2015772
MLS Listing,,Single Family Residential,201 Crescent Beach Dr,Burlington,VT,05408,1000000,4,4.0,Burlington,3133,11761,1966,4,319,,Active,,,https://www.redfin.com/VT/Burlington/201-Crescent-Beach-Dr-05408/home/91181626,PrimeMLS,5053736,N,Y,44.5049767,-73.2586485
MLS Listing,,Multi-Family (5+ Unit),335-337 Pearl St,Burlington,VT,05401,1330000,11,7.0,Burlington,4662,10454,1893,4,285,,Active,,,https://www.redfin.com/VT/Burlington/335-337-Pearl-St-05401/home/196645595,PrimeMLS,5053727,N,Y,44.4803609,-73.2050732
MLS Listing,,Single Family Residential,30 Avenue B,Burlington,VT,05408,100000,2,1.0,Burlington,748,,1960,7,134,435,Active,,,https://www.redfin.com/VT/Burlington/30-Avenue-B-05408/home/91185050,PrimeMLS,5053453,N,Y,44.5075815,-73.2441827
MLS Listing,,Single Family Residential,61 Cross Pkwy,Burlington,VT,05408,400000,3,1.0,Burlington,1479,8276,1952,7,270,,Active,,,https://www.redfin.com/VT/Burlington/61-Cross-Pkwy-05408/home/91181035,PrimeMLS,5053408,N,Y,44.5121896,-73.2552138
MLS Listing,,Multi-Family (2-4 Unit),194 Maple St,Burlington,VT,05401,957000,7,4.0,Burlington,3098,12632,1899,7,309,,Active,,,https://www.redfin.com/VT/Burlington/194-Maple-St-05401/home/91183527,PrimeMLS,5053396,N,Y,44.4739708,-73.21149
MLS Listing,,Single Family Residential,118 Stirling Pl,Burlington,VT,05408,900000,4,2.5,Burlington,2949,21344,1989,8,305,,Active,,,https://www.redfin.com/VT/Burlington/118-Stirling-Pl-05408/home/91176176,PrimeMLS,5053350,N,Y,44.507275,-73.2598403
MLS Listing,,Single Family Residential,1960 North Ave,Burlington,VT,05401,385000,4,1.0,Burlington,1162,10018,1953,8,331,,Active,,,https://www.redfin.com/VT/Burlington/1960-North-Ave-05408/home/91174605,PrimeMLS,5053319,N,Y,44.5219067,-73.2645805
MLS Listing,,Single Family Residential,227 North Ave,Burlington,VT,05401,649000,5,2.5,Burlington,2473,7840,1930,8,262,,Active,,,https://www.redfin.com/VT/Burlington/227-North-Ave-05401/home/91179643,PrimeMLS,5053274,N,Y,44.4875575,-73.2251717
MLS Listing,,Condo/Co-op,91 Claire Pointe Rd,Burlington,VT,05408,537500,2,2.0,Burlington,2018,,2002,8,266,926,Active,,,https://www.redfin.com/VT/Burlington/91-Claire-Point-Rd-05408/home/193650266,PrimeMLS,5053222,N,Y,44.5264582,-73.270217
MLS Listing,,Single Family Residential,311 Colchester Ave,Burlington,VT,05401,749000,4,2.0,Burlington,1657,7405,1899,9,452,,Active,August-2-2025 12:00 PM,August-2-2025 02:00 PM,https://www.redfin.com/VT/Burlington/311-Colchester-Ave-05401/home/91182888,PrimeMLS,5053110,N,Y,44.4836624,-73.1888235
MLS Listing,,Single Family Residential,64 Sandy Ln,Burlington,VT,05408,589900,4,2.0,Burlington,2636,8276,1964,9,224,,Active,,,https://www.redfin.com/VT/Burlington/64-Sandy-Ln-05408/home/91181544,PrimeMLS,5053069,N,Y,44.5087375,-73.2427986
MLS Listing,,Multi-Family (5+ Unit),61 Elmwood Ave,Burlington,VT,05401,2595000,,16.0,Burlington,8736,13068,1920,10,297,,Active,,,https://www.redfin.com/VT/Burlington/61-Elmwood-Ave-05401/home/91182076,PrimeMLS,5052748,N,Y,44.4821846,-73.2141349
MLS Listing,,Multi-Family (5+ Unit),21-25 Elmwood Ave,Burlington,VT,05401,3195000,,,Burlington,9987,11325,1900,10,320,,Active,,,https://www.redfin.com/VT/Burlington/21-25-Elmwood-Ave-05401/home/188946769,PrimeMLS,5052749,N,Y,44.4811764,-73.2140181
MLS Listing,,Single Family Residential,138 Hinesburg Rd,South Burlington,VT,05403,440000,3,1.5,South Burlington,1328,12632,1940,12,331,,Active,,,https://www.redfin.com/VT/South-Burlington/138-Hinesburg-Rd-05403/home/95102216,PrimeMLS,5050609,N,Y,44.463223,-73.1703942
MLS Listing,,Multi-Family (2-4 Unit),65-67 Park St,Burlington,VT,05401,620000,5,2.0,Burlington,1742,2613,1899,14,356,,Active,,,https://www.redfin.com/VT/Burlington/65-67-Park-St-05401/home/185090147,PrimeMLS,5052371,N,Y,44.482477,-73.219452
MLS Listing,,Condo/Co-op,30 Eastman Farm Rd #30,Burlington,VT,05408,525000,2,2.5,Burlington,1676,,1990,14,313,511,Active,,,https://www.redfin.com/VT/Burlington/30-Eastman-Farm-Rd-05408/unit-30/home/91180711,PrimeMLS,5052353,N,Y,44.5061698,-73.2666263
MLS Listing,,Single Family Residential,19 Spruce St,Burlington,VT,05401,693000,3,2.0,Burlington,1198,3484,1910,14,578,,Active,,,https://www.redfin.com/VT/Burlington/19-Spruce-St-05401/home/91184021,PrimeMLS,5052273,N,Y,44.4702093,-73.2115791
MLS Listing,,Condo/Co-op,72 Lakeview Ter Unit D,Burlington,VT,05401,385000,2,1.0,Burlington,760,,1899,15,507,295,Active,,,https://www.redfin.com/VT/Burlington/72-Lakeview-Ter-05401/unit-D/home/196480183,PrimeMLS,5052192,N,Y,44.4857901,-73.2243508
MLS Listing,,Condo/Co-op,230 Ledgewood Cir #101,Burlington,VT,05401,325000,2,1.0,Burlington,1064,,1969,15,305,378,Active,,,https://www.redfin.com/VT/Burlington/230-Ledgewood-Cir-05401/unit-101/home/91178202,PrimeMLS,5052015,N,Y,44.4516229,-73.2241872
MLS Listing,,Condo/Co-op,203 Hildred Dr,Burlington,VT,05401,279000,2,1.0,Burlington,820,,1992,17,340,532,Active,,,https://www.redfin.com/VT/Burlington/203-Hildred-Dr-05401/home/196419501,PrimeMLS,5051611,N,Y,44.4858109,-73.193609
MLS Listing,,Multi-Family (2-4 Unit),39-41 N Willard St,Burlington,VT,05401,995000,8,3.0,Burlington,3067,6534,1899,21,324,,Active,,,https://www.redfin.com/VT/Burlington/39-41-N-Willard-St-05401/home/184984614,PrimeMLS,5051197,N,Y,44.481843,-73.206115
MLS Listing,,Condo/Co-op,298 S Winooski Ave Unit 2B,Burlington,VT,05401,425900,2,1.0,Burlington,1444,,1979,21,295,390,Active,,,https://www.redfin.com/VT/Burlington/298-S-Winooski-Ave-05401/unit-2B/home/63513938,PrimeMLS,5051154,N,Y,44.4714544,-73.2099562
MLS Listing,,Condo/Co-op,35 Cherry St Unit 404,Burlington,VT,05401,1475000,2,2.0,Burlington,1612,,2006,21,915,2877,Active,,,https://www.redfin.com/VT/Burlington/35-Cherry-St-05401/unit-404/home/91178949,PrimeMLS,5051104,N,Y,44.4786146,-73.2186062
MLS Listing,,Single Family Residential,115 Dodds Ct,Burlington,VT,05408,509000,2,1.5,Burlington,1220,11325,1960,22,417,,Active,,,https://www.redfin.com/VT/Burlington/115-Dodds-Ct-05408/home/91177245,PrimeMLS,5050989,N,Y,44.5086529,-73.2503843
MLS Listing,,Multi-Family (2-4 Unit),290-292 North St,Burlington,VT,05401,750000,6,4.0,Burlington,2766,6534,1899,22,271,,Active,,,https://www.redfin.com/VT/Burlington/290-292-North-St-05401/home/196332394,PrimeMLS,5050952,N,Y,44.4850762,-73.210127
MLS Listing,,Single Family Residential,48 Henderson Ter,Burlington,VT,05401,1375000,4,2.5,Burlington,2765,9147,1923,22,497,,Active,,,https://www.redfin.com/VT/Burlington/48-Henderson-Ter-05401/home/91183120,PrimeMLS,5050944,N,Y,44.4722227,-73.1985285
MLS Listing,,Single Family Residential,366 S Cove Rd,Burlington,VT,05401,995000,4,3.5,Burlington,1899,24829,1974,22,524,15,Active,,,https://www.redfin.com/VT/Burlington/366-S-Cove-Rd-05401/home/91184891,PrimeMLS,5050916,N,Y,44.4513154,-73.2288811
MLS Listing,,Single Family Residential,24 Venus Ave,Burlington,VT,05408,540000,3,2.0,Burlington,1756,10018,1965,23,308,,Active,,,https://www.redfin.com/VT/Burlington/24-Venus-Ave-05408/home/91179152,PrimeMLS,5050805,N,Y,44.5206785,-73.2547346
MLS Listing,,Condo/Co-op,35 Cherry St #302,Burlington,VT,05401,895000,2,2.0,Burlington,1456,,2006,23,615,1333,Active,,,https://www.redfin.com/VT/Burlington/35-Cherry-St-05401/unit-302/home/86871649,PrimeMLS,5050749,N,Y,44.4786146,-73.2186062
MLS Listing,,Mobile/Manufactured Home,62 Steve St,Lyndon,VT,05408,99779,2,2.0,Lyndon,880,,2025,23,113,,Active,,,https://www.redfin.com/VT/Lyndon/62-Steve-ST-05408/home/196312014,PrimeMLS,5050690,N,Y,44.511000000001005,-73.2519
MLS Listing,,Vacant Land,451 Ethan Allen Pkwy,Burlington,VT,05408,449000,,,Burlington,,311889,,24,,,Active,,,https://www.redfin.com/VT/Burlington/451-Ethan-Allen-Pkwy-05408/home/91179971,PrimeMLS,5050414,N,Y,44.515658,-73.240493
MLS Listing,,Multi-Family (2-4 Unit),78-80 Harrison Ave,Burlington,VT,05401,875000,6,2.0,Burlington,2234,5662,1899,29,392,,Active,,,https://www.redfin.com/VT/Burlington/80-Harrison-Ave-05401/home/177629033,PrimeMLS,5049887,N,Y,44.459022,-73.219192
MLS Listing,,Single Family Residential,20 S Cove Rd,Burlington,VT,05401,1099000,3,3.0,Burlington,2649,19602,1975,30,415,12,Active,,,https://www.redfin.com/VT/Burlington/20-S-Cove-Rd-05401/home/91178481,PrimeMLS,5049725,N,Y,44.4511289,-73.229811
MLS Listing,,Single Family Residential,11 Lakeview Ter,Burlington,VT,05401,1995000,2,3.5,Burlington,2886,1742,2015,31,691,,Active,,,https://www.redfin.com/VT/Burlington/11-Lakeview-Ter-05401/home/95080264,PrimeMLS,5049515,N,Y,44.4840705,-73.2235585
MLS Listing,,Multi-Family (2-4 Unit),37 Drew St,Burlington,VT,05401,600000,4,2.0,Burlington,1497,1742,1910,31,401,,Active,,,https://www.redfin.com/VT/Burlington/37-Drew-St-05401/home/91177510,PrimeMLS,5049424,N,Y,44.4853209,-73.2221605
MLS Listing,,Condo/Co-op,81 S Williams St #203,Burlington,VT,05401,525000,2,2.0,Burlington,1045,,2006,32,502,753,Active,,,https://www.redfin.com/VT/Burlington/81-S-Williams-St-05401/unit-203/home/91180032,PrimeMLS,5049321,N,Y,44.4783832,-73.2037455
MLS Listing,,Single Family Residential,150 Killarney Dr,Burlington,VT,05408,719000,4,2.5,Burlington,2352,9583,1963,35,306,,Active,,,https://www.redfin.com/VT/Burlington/150-Killarney-Dr-05408/home/91178880,PrimeMLS,5049002,N,Y,44.5009173,-73.244798
MLS Listing,,Condo/Co-op,125 Cambrian Way #610,Burlington,VT,05401,1689000,2,2.0,Burlington,1354,,2024,35,1247,783,Active,,,https://www.redfin.com/VT/Burlington/125-Cambrian-Way-05401/unit-610/home/196205539,PrimeMLS,5048939,N,Y,44.4893521,-73.2292003
MLS Listing,,Condo/Co-op,1 Steele St,Burlington,VT,05401,549500,2,1.0,Burlington,998,,1995,36,551,431,Active,,,https://www.redfin.com/VT/Burlington/1-Steele-St-05401/home/182457777,PrimeMLS,5048765,N,Y,44.4750746,-73.2195641
MLS Listing,,Multi-Family (2-4 Unit),211-213 Saint Paul St,Burlington,VT,05401,990000,8,4.0,Burlington,3680,4791,1920,37,269,,Active,,,https://www.redfin.com/VT/Burlington/211-213-Saint-Paul-St-05401/home/196184771,PrimeMLS,5048411,N,Y,44.4733072,-73.2141209
MLS Listing,,Condo/Co-op,337 College St #5,Burlington,VT,05401,289900,2,1.0,Burlington,738,,1983,37,393,287,Active,,,https://www.redfin.com/VT/Burlington/337-College-St-05401/unit-5/home/91183165,PrimeMLS,5048400,N,Y,44.4772032,-73.2061886
MLS Listing,,Single Family Residential,50 Cottage Grv,Burlington,VT,05408,539000,4,2.5,Burlington,1720,6098,1948,37,313,,Active,,,https://www.redfin.com/VT/Burlington/50-Cottage-Grv-05408/home/63513232,PrimeMLS,5048394,N,Y,44.5141342,-73.2573525
MLS Listing,,Mobile/Manufactured Home,23 Avenue C,Burlington,VT,05408,128000,2,1.0,Burlington,728,,1990,39,176,430,Active,,,https://www.redfin.com/VT/Burlington/23-Avenue-C-05408/home/95081003,PrimeMLS,5048102,N,Y,44.507219,-73.243334
MLS Listing,,Multi-Family (2-4 Unit),16 Germain St,Burlington,VT,05401,709000,5,2.0,Burlington,2475,3049,1899,39,286,,Active,,,https://www.redfin.com/VT/Burlington/16-Germain-St-05401/home/196166648,PrimeMLS,5048071,N,Y,44.487511,-73.204948
MLS Listing,,Condo/Co-op,283 S Union St #3,Burlington,VT,05401,409000,1,1.0,Burlington,625,,1896,40,654,157,Active,,,https://www.redfin.com/VT/Burlington/283-S-Union-St-05401/unit-3/home/91177555,PrimeMLS,5045692,N,Y,44.472105,-73.2090393
MLS Listing,,Single Family Residential,2069 North Ave,Burlington,VT,05408,486000,3,2.5,Burlington,1447,8276,1955,42,336,,Active,,,https://www.redfin.com/VT/Burlington/2069-North-Ave-05408/home/91179572,PrimeMLS,5047777,N,Y,44.5243504,-73.2667869
MLS Listing,,Condo/Co-op,200 Lake St #10,Burlington,VT,05401,1549000,2,2.5,Burlington,2133,,2002,42,726,775,Active,,,https://www.redfin.com/VT/Burlington/200-Lake-St-05401/unit-10/home/91177819,PrimeMLS,5047767,N,Y,44.4802691,-73.2211424
MLS Listing,,Single Family Residential,226 Manhattan Dr,Burlington,VT,05401,689000,7,3.5,Burlington,3070,44866,1987,43,224,,Active,,,https://www.redfin.com/VT/Burlington/226-Manhattan-Dr-05401/home/91177195,PrimeMLS,5047631,N,Y,44.4878252,-73.2172278
MLS Listing,,Single Family Residential,15 Oak St,Burlington,VT,05401,429000,3,1.0,Burlington,1049,5662,1932,43,409,,Active,,,https://www.redfin.com/VT/Burlington/15-Oak-St-05401/home/91176854,PrimeMLS,5047583,N,Y,44.4900772,-73.2134492
MLS Listing,,Multi-Family (2-4 Unit),53-55 Walnut St,Burlington,VT,05401,774000,6,5.0,Burlington,3887,9583,2008,43,199,,Active,,,https://www.redfin.com/VT/Burlington/53-55-Walnut-St-05401/home/196136262,PrimeMLS,5047515,N,Y,44.4888089,-73.2136284
MLS Listing,,Multi-Family (2-4 Unit),30-36 Archibald St,Burlington,VT,05401,679000,7,4.0,Burlington,2904,4791,1920,43,234,,Active,,,https://www.redfin.com/VT/Burlington/30-36-Archibald-St-05401/home/196136143,PrimeMLS,5047512,N,Y,44.4879204,-73.2127437
MLS Listing,,Multi-Family (2-4 Unit),227-229 Intervale Ave,Burlington,VT,05401,914000,9,3.0,Burlington,3105,5662,1899,43,294,,Active,,,https://www.redfin.com/VT/Burlington/227-229-Intervale-Ave-05401/home/196136113,PrimeMLS,5047511,N,Y,44.490456,-73.209267
MLS Listing,,Multi-Family (2-4 Unit),43 Cedar St,Burlington,VT,05401,557000,5,2.0,Burlington,1673,4356,1920,43,333,,Active,,,https://www.redfin.com/VT/Burlington/43-Cedar-St-05401/home/91176973,PrimeMLS,5047507,N,Y,44.4856644,-73.2158177
MLS Listing,,Multi-Family (2-4 Unit),40-40 1/2 Convent Sq,Burlington,VT,05401,624000,6,3.0,Burlington,1642,6534,1919,43,380,,Active,,,https://www.redfin.com/VT/Burlington/40-1-2-Convent-Sq-05401/home/196136093,PrimeMLS,5047509,N,Y,44.4887341,-73.2245047
MLS Listing,,Multi-Family (2-4 Unit),311-315 N Winooski Ave,Burlington,VT,05401,744000,10,4.0,Burlington,2948,5662,1899,43,252,,Active,,,https://www.redfin.com/VT/Burlington/311-315-N-Winooski-Ave-05401/home/196136065,PrimeMLS,5047504,N,Y,44.4884348,-73.2077251
MLS Listing,,Multi-Family (2-4 Unit),305-307 N Winooski Ave,Burlington,VT,05401,1109000,12,4.0,Burlington,4064,3920,1899,43,273,,Active,,,https://www.redfin.com/VT/Burlington/305-307-N-Winooski-Ave-05401/home/196136064,PrimeMLS,5047503,N,Y,44.4882918,-73.2078081
MLS Listing,,Multi-Family (2-4 Unit),317 N Winooski Ave,Burlington,VT,05401,584000,6,3.0,Burlington,1817,5227,1899,43,321,,Active,,,https://www.redfin.com/VT/Burlington/317-N-Winooski-Ave-05401/home/91176659,PrimeMLS,5047505,N,Y,44.4885096,-73.2075474
MLS Listing,,Condo/Co-op,193 Saint Paul St #209,Burlington,VT,05401,320000,1,1.0,Burlington,508,,2014,43,630,339,Active,,,https://www.redfin.com/VT/Burlington/193-Saint-Paul-St-05401/unit-209/home/101796557,PrimeMLS,5047438,N,Y,44.4741881,-73.2140476
MLS Listing,,Single Family Residential,159 Loomis St,Burlington,VT,05401,835000,5,2.5,Burlington,2674,8712,1900,45,312,,Active,,,https://www.redfin.com/VT/Burlington/159-Loomis-St-05401/home/91183009,PrimeMLS,5046955,N,Y,44.4831378,-73.2030088
MLS Listing,,Condo/Co-op,131 Main St #308,Burlington,VT,05401,265000,1,1.0,Burlington,630,,1980,45,421,662,Active,,,https://www.redfin.com/VT/Burlington/131-Main-St-05401/unit-308/home/91183353,PrimeMLS,5046954,N,Y,44.4755088,-73.2137142
MLS Listing,,Single Family Residential,397 Ethan Allen Pkwy,Burlington,VT,05408,549900,3,2.5,Burlington,1344,8712,1968,45,409,,Active,,,https://www.redfin.com/VT/Burlington/397-Ethan-Allen-Pkwy-05408/home/91179950,PrimeMLS,5046911,N,Y,44.5144679,-73.242132
MLS Listing,,Condo/Co-op,89 College St Unit A-2,Burlington,VT,05401,450000,1,1.5,Burlington,1390,,1850,45,324,83,Active,,,https://www.redfin.com/VT/Burlington/89-College-St-05401/unit-A-2/home/196116372,PrimeMLS,5046844,N,Y,44.4768169,-73.216673
MLS Listing,,Multi-Family (2-4 Unit),94 Park St,Burlington,VT,05401,725000,5,2.0,Burlington,1848,6969,1899,46,392,,Active,,,https://www.redfin.com/VT/Burlington/94-Park-St-05401/home/91175617,PrimeMLS,5046675,N,Y,44.4831757,-73.2189677
MLS Listing,,Multi-Family (2-4 Unit),1412 North Ave,Burlington,VT,05408,425000,,2.0,Burlington,1365,7405,1944,49,311,,Active,,,https://www.redfin.com/VT/Burlington/1412-North-Ave-05408/home/91176109,PrimeMLS,5046519,N,Y,44.5129128,-73.2520783
MLS Listing,,Single Family Residential,66 Dunder Rd,Burlington,VT,05401,1225000,4,3.0,Burlington,3336,19602,1985,49,367,,Active,,,https://www.redfin.com/VT/Burlington/66-Dunder-Rd-05401/home/91184797,PrimeMLS,5046427,N,Y,44.4492753,-73.2268704
MLS Listing,,Condo/Co-op,161 St. Paul St #202,Burlington,VT,05401,445000,1,1.0,Burlington,917,,2007,50,485,731,Active,,,https://www.redfin.com/VT/Burlington/161-Saint-Paul-St-05401/unit-202/home/91180354,PrimeMLS,5046116,N,Y,44.474933,-73.2142366
MLS Listing,,Multi-Family (2-4 Unit),244 N Champlain St,Burlington,VT,05401,590000,5,2.0,Burlington,2200,3484,1899,57,268,,Active,,,https://www.redfin.com/VT/Burlington/244-N-Champlain-St-05401/home/91174895,PrimeMLS,5045032,N,Y,44.4874556,-73.2177147
MLS Listing,,Multi-Family (2-4 Unit),174-176 N Champlain St,Burlington,VT,05401,395000,4,2.0,Burlington,2028,4356,1899,58,195,,Active,,,https://www.redfin.com/VT/Burlington/174-176-N-Champlain-St-05401/home/195986770,PrimeMLS,5044565,N,Y,44.485496,-73.217397
MLS Listing,,Single Family Residential,162 Crescent Rd,Burlington,VT,05401,825000,4,1.5,Burlington,2137,12196,1954,64,386,,Active,,,https://www.redfin.com/VT/Burlington/162-Crescent-Rd-05401/home/91177535,PrimeMLS,5043511,N,Y,44.4606789,-73.2035551
MLS Listing,,Single Family Residential,9 East Ter,South Burlington,VT,05403,775000,3,2.0,South Burlington,2782,14810,2017,78,279,,Active,,,https://www.redfin.com/VT/South-Burlington/9-East-Ter-05403/home/95100823,PrimeMLS,5041240,N,Y,44.470765,-73.1912286
MLS Listing,,Condo/Co-op,40 College St #210,Burlington,VT,05401,445000,1,1.0,Burlington,900,,1997,80,494,692,Active,,,https://www.redfin.com/VT/Burlington/40-College-St-05401/unit-210/home/109171622,PrimeMLS,5040594,N,Y,44.4773704,-73.2177166
MLS Listing,,Condo/Co-op,545 S Prospect St #20,Burlington,VT,05401,750000,2,2.0,Burlington,1446,,1982,80,519,948,Active,,,https://www.redfin.com/VT/Burlington/545-S-Prospect-St-05401/unit-20/home/91184900,PrimeMLS,5040498,N,Y,44.4657778,-73.2021229
MLS Listing,,Single Family Residential,173 Tracy Dr,Burlington,VT,05408,444900,4,2.5,Burlington,1248,19602,1957,82,356,,Active,,,https://www.redfin.com/VT/Burlington/173-Tracy-Dr-05408/home/91179490,PrimeMLS,5040311,N,Y,44.5124649,-73.2618501
MLS Listing,,Condo/Co-op,161 St. Paul St #001,Burlington,VT,05401,459900,1,1.0,Burlington,1310,,2007,86,351,1044,Active,,,https://www.redfin.com/VT/Burlington/161-Saint-Paul-St-05401/unit-1/home/91179729,PrimeMLS,5039869,N,Y,44.474933,-73.2142366
MLS Listing,,Condo/Co-op,193 St. Paul St #101,Burlington,VT,05401,449900,2,2.0,Burlington,1088,,2014,86,414,722,Active,,,https://www.redfin.com/VT/Burlington/193-Saint-Paul-St-05401/unit-101/home/95080566,PrimeMLS,5039746,N,Y,44.4741881,-73.2140476
MLS Listing,,Single Family Residential,46 & TBD Chittenden Dr,Burlington,VT,05401,1500000,4,2.5,Burlington,1960,17859,1971,87,765,,Active,,,https://www.redfin.com/VT/Burlington/46-Chittenden-Dr-05401/home/91178638,PrimeMLS,5039536,N,Y,44.4647159,-73.2060569
MLS Listing,,Condo/Co-op,285 Hildred Dr,Burlington,VT,05401,289000,3,1.0,Burlington,870,,1992,87,332,635,Active,,,https://www.redfin.com/VT/Burlington/285-Hildred-Dr-05401/home/182450001,PrimeMLS,5039521,N,Y,44.4869743,-73.1950986
MLS Listing,,Single Family Residential,25 Oakledge Dr,Burlington,VT,05401,5500000,4,5.0,Burlington,6449,169884,1939,88,853,,Active,,,https://www.redfin.com/VT/Burlington/25-Oakledge-Dr-05401/home/91181708,PrimeMLS,5039447,N,Y,44.4519714,-73.2311206
MLS Listing,,Single Family Residential,29 Westminster Dr,Burlington,VT,05408,779800,4,2.5,Burlington,2310,13503,1993,93,338,,Active,,,https://www.redfin.com/VT/Burlington/29-Westminster-Dr-05408/home/91175555,PrimeMLS,5038660,N,Y,44.5052661,-73.2719962
MLS Listing,,Condo/Co-op,122 Redrock Dr #101,Burlington,VT,05401,598500,2,2.0,Burlington,1572,,1978,93,381,408,Active,,,https://www.redfin.com/VT/Burlington/122-Redrock-Dr-05401/unit-101/home/91184252,PrimeMLS,5038532,N,Y,44.4493619,-73.2252369
MLS Listing,,Condo/Co-op,60 Winooski Falls Way #1404,Winooski,VT,05404,740000,2,2.0,Winooski,1760,,2008,101,420,1080,Active,,,https://www.redfin.com/VT/Winooski/60-Winooski-Falls-Way-05404/unit-1404/home/95095777,PrimeMLS,5037288,N,Y,44.4900552,-73.1839011
MLS Listing,,Multi-Family (2-4 Unit),460-462 Colchester Ave,Burlington,VT,05401,680000,4,2.0,Burlington,2136,6534,1900,107,318,,Active,,,https://www.redfin.com/VT/Burlington/460-462-Colchester-Ave-05401/home/191073266,PrimeMLS,5036508,N,Y,44.4876536,-73.1870637
MLS Listing,,Condo/Co-op,125 Cambrian Way #620,Burlington,VT,05401,950000,2,2.0,Burlington,1148,,2024,107,828,664,Active,,,https://www.redfin.com/VT/Burlington/125-Cambrian-Way-05401/unit-620/home/195424069,PrimeMLS,5036504,N,Y,44.4893414,-73.2291507
MLS Listing,,Condo/Co-op,125 Cambrian Way #611,Burlington,VT,05401,699000,1,1.0,Burlington,870,,2024,107,803,503,Active,,,https://www.redfin.com/VT/Burlington/125-Cambrian-Way-05401/unit-611/home/195423579,PrimeMLS,5036500,N,Y,44.4893414,-73.2291507
MLS Listing,,Condo/Co-op,125 Cambrian Way #606,Burlington,VT,05401,629590,1,1.0,Burlington,817,,2024,107,771,472,Active,,,https://www.redfin.com/VT/Burlington/125-Cambrian-Way-05401/unit-606/home/195423335,PrimeMLS,5036494,N,Y,44.4893414,-73.2291507
MLS Listing,,Condo/Co-op,125 Cambrian Way #605,Burlington,VT,05401,1500000,2,2.0,Burlington,1406,,2024,107,1067,813,Active,,,https://www.redfin.com/VT/Burlington/125-Cambrian-Way-05401/unit-605/home/195422984,PrimeMLS,5036486,N,Y,44.4893414,-73.2291507
MLS Listing,,Multi-Family (2-4 Unit),57-59 Lakeside Ave,Burlington,VT,05401,1250000,4,3.0,Burlington,2352,6969,1899,113,531,,Active,,,https://www.redfin.com/VT/Burlington/57-59-Lakeside-Ave-05401/home/195332753,PrimeMLS,5035812,N,Y,44.460807,-73.2201539
MLS Listing,,Single Family Residential,198 Home Ave,Burlington,VT,05403,775000,5,3.5,Burlington,2496,10454,1940,113,310,,Active,,,https://www.redfin.com/VT/Burlington/198-Home-Ave-05401/home/91183656,PrimeMLS,5035629,N,Y,44.4510194,-73.21078
MLS Listing,,Condo/Co-op,197 S Winooski Ave #4,Burlington,VT,05401,289500,1,1.0,Burlington,850,,1899,115,341,300,Active,August-3-2025 10:00 AM,August-3-2025 12:00 PM,https://www.redfin.com/VT/Burlington/197-S-Winooski-Ave-05401/unit-4/home/91180396,PrimeMLS,5035340,N,Y,44.4744413,-73.210991
MLS Listing,,Single Family Residential,84 Charlotte St,Burlington,VT,05401,774000,2,2.0,Burlington,1792,6098,1940,132,432,,Active,,,https://www.redfin.com/VT/Burlington/84-Charlotte-St-05401/home/91184491,PrimeMLS,5033146,N,Y,44.4647941,-73.2115484
MLS Listing,,Condo/Co-op,131 Main St #210,Burlington,VT,05401,349500,2,2.0,Burlington,810,,1980,134,431,749,Active,,,https://www.redfin.com/VT/Burlington/131-Main-St-05401/unit-210/home/91184564,PrimeMLS,5032944,N,Y,44.4755088,-73.2137142
MLS Listing,,Single Family Residential,87 Shore Rd,Burlington,VT,05408,499900,3,1.5,Burlington,1170,7840,1954,144,427,,Active,,,https://www.redfin.com/VT/Burlington/87-Shore-Rd-05408/home/91181562,PrimeMLS,5031536,N,Y,44.5083379,-73.2511233
MLS Listing,,Multi-Family (2-4 Unit),512-514 Saint Paul St,Burlington,VT,05401,709900,,2.0,Burlington,2793,6098,1899,148,254,,Active,,,https://www.redfin.com/VT/Burlington/512-514-Saint-Paul-St-05401/home/194958938,PrimeMLS,5031301,N,Y,44.46632,-73.208377
MLS Listing,,Single Family Residential,103 Caroline St,Burlington,VT,05401,699000,6,2.0,Burlington,3094,6534,1932,149,226,,Active,,,https://www.redfin.com/VT/Burlington/103-Caroline-St-05401/home/91183413,PrimeMLS,5031157,N,Y,44.4642384,-73.2108138
MLS Listing,,Condo/Co-op,161 St Paul St #302,Burlington,VT,05401,485000,1,1.0,Burlington,917,,2007,149,529,734,Active,,,https://www.redfin.com/VT/Burlington/161-Saint-Paul-St-05401/unit-302/home/91179889,PrimeMLS,5031156,N,Y,44.474933,-73.2142366
MLS Listing,,Multi-Family (2-4 Unit),148-150 Park St,Burlington,VT,05401,560000,6,2.0,Burlington,1844,2178,1920,158,304,,Active,,,https://www.redfin.com/VT/Burlington/148-150-Park-St-05401/home/194828499,PrimeMLS,5030163,N,Y,44.4848354,-73.2190263
MLS Listing,,Condo/Co-op,125 Cambrian Way #602,Burlington,VT,05401,521000,1,1.0,Burlington,704,,2024,161,740,407,Active,,,https://www.redfin.com/VT/Burlington/125-Cambrian-Way-05401/unit-602/home/194816056,PrimeMLS,5030058,N,Y,44.4893414,-73.2291507
MLS Listing,,Condo/Co-op,125 Cambrian Way #618,Burlington,VT,05401,631900,1,1.0,Burlington,823,,2024,162,768,476,Active,,,https://www.redfin.com/VT/Burlington/125-Cambrian-Way-05401/unit-618/home/194803615,PrimeMLS,5029922,N,Y,44.4893414,-73.2291507
MLS Listing,,Multi-Family (5+ Unit),197-203 N Winooski Ave,Burlington,VT,05401,1124000,8,4.0,Burlington,5040,2178,1910,165,223,,Active,,,https://www.redfin.com/VT/Burlington/197-203-N-Winooski-Ave-05401/home/194762014,PrimeMLS,5029628,N,Y,44.4858818,-73.21061
MLS Listing,,Multi-Family (2-4 Unit),103 N Champlain St,Burlington,VT,05401,844000,8,3.0,Burlington,2568,2178,1899,165,329,,Active,,,https://www.redfin.com/VT/Burlington/103-N-Champlain-St-05401/home/91181963,PrimeMLS,5029620,N,Y,44.4834172,-73.2179389
MLS Listing,,Multi-Family (2-4 Unit),35 Saint Mary's St,Burlington,VT,05401,684000,6,3.0,Burlington,2156,4356,1899,165,317,,Active,,,https://www.redfin.com/VT/Burlington/35-Saint-Mary-St-05401/home/91181187,PrimeMLS,5029615,N,Y,44.4893507,-73.2106824
MLS Listing,,Single Family Residential,32 Washington St,Burlington,VT,05401,364000,3,1.0,Burlington,962,7840,1899,165,378,,Active,,,https://www.redfin.com/VT/Burlington/32-Washington-St-05401/home/95080218,PrimeMLS,5029609,N,Y,44.4885428,-73.2240826
MLS Listing,,Condo/Co-op,22 E Village Dr,Burlington,VT,05401,499000,3,1.5,Burlington,1154,217800,2007,202,432,469,Active,,,https://www.redfin.com/VT/Burlington/22-E-Village-Dr-05401/home/193717130,PrimeMLS,5023252,N,Y,44.5038832,-73.2394384
MLS Listing,,Condo/Co-op,125 Cambrian Way #609,Burlington,VT,05401,1629000,2,2.0,Burlington,1304,,2024,226,1249,754,Active,,,https://www.redfin.com/VT/Burlington/125-Cambrian-Way-05401/unit-609/home/193966552,PrimeMLS,5024810,N,Y,44.4893557,-73.2291509
MLS Listing,,Condo/Co-op,125 Cambrian Way #613,Burlington,VT,05401,1195000,2,2.0,Burlington,1323,,2024,324,903,765,Active,,,https://www.redfin.com/VT/Burlington/125-Cambrian-Way-05401/unit-613/home/192471110,PrimeMLS,5013670,N,Y,44.4893557,-73.2291509
MLS Listing,,Condo/Co-op,125 Cambrian Way #607,Burlington,VT,05401,1599000,3,2.0,Burlington,1417,,2024,336,1128,820,Active,,,https://www.redfin.com/VT/Burlington/125-Cambrian-Way-05401/unit-607/home/190909108,PrimeMLS,5012111,N,Y,44.4893557,-73.2291509
MLS Listing,,Condo/Co-op,131 Main St #509,Burlington,VT,05401,259000,1,1.0,Burlington,447,,1900,388,579,685,Active,,,https://www.redfin.com/VT/Burlington/131-Main-St-05401/unit-509/home/91182861,PrimeMLS,5004108,N,Y,44.4755088,-73.2137142
MLS Listing,,Vacant Land,420 Riverside Ave,Burlington,VT,05401,325000,,,Burlington,,12632,,686,,,Active,,,https://www.redfin.com/VT/Burlington/420-Riverside-Ave-05401/home/187504306,PrimeMLS,4970219,N,Y,44.48896,-73.202784
