SALE TYPE,SOLD DATE,PROPERTY TYPE,ADDRESS,CITY,STATE OR PROVINCE,ZIP OR POSTAL CODE,PRICE,BEDS,BATHS,LOCATION,SQUARE FEET,LOT SIZE,YEAR BUILT,DAYS ON MARKET,$/SQUARE FEET,HOA/MONTH,STATUS,NEXT OPEN HOUSE START TIME,NEXT OPEN HOUSE END TIME,URL (SEE https://www.redfin.com/buy-a-home/comparative-market-analysis FOR INFO ON PRICING),SOURCE,MLS#,FAVORITE,INTERESTED,LATITUDE,LONGITUDE
"In accordance with local MLS rules, some MLS listings are not included in the download"
MLS Listing,,Condo/Co-op,1442 N Franklin Pl #3,Milwaukee,WI,53202,425000,2,1.5,Milwaukee,2343,,1903,7,181,228,Active,,,https://www.redfin.com/WI/Milwaukee/1442-N-Franklin-Pl-53202/unit-3/home/58019841,METROMLS,1928295,N,Y,43.049041,-87.896682
MLS Listing,,Single Family Residential,5236 N 56th St,Milwaukee,WI,53218,70000,3,1.0,Milwaukee,1040,6534,1953,1,67,,Active,,,https://www.redfin.com/WI/Milwaukee/5236-N-56th-St-53218/home/90200003,METROMLS,1929291,N,Y,43.112954,-87.9821943
MLS Listing,,Multi-Family (5+ Unit),2613 W Capitol Dr,Milwaukee,WI,53206,999900,,,Milwaukee,,4791,1928,1,,,Active,,,https://www.redfin.com/WI/Milwaukee/2613-W-Capitol-Dr-53206/home/58065792,METROMLS,1929278,N,Y,43.0895185,-87.9462319
MLS Listing,,Single Family Residential,1510 W Klein Ave,Milwaukee,WI,53221,315000,3,1.5,Milwaukee,1253,8276,1962,1,251,,Active,,,https://www.redfin.com/WI/Milwaukee/1510-W-Klein-Ave-53221/home/90251162,METROMLS,1929281,N,Y,42.9422611,-87.9323121
MLS Listing,,Single Family Residential,3323 N Sherman Blvd,Milwaukee,WI,53216,259900,4,1.5,Rainbow Ridge,2913,6534,1951,1,89,,Active,,,https://www.redfin.com/WI/Milwaukee/3323-N-Sherman-Blvd-53216/home/90356756,METROMLS,1929265,N,Y,43.0797265,-87.9676871
MLS Listing,,Single Family Residential,2435 N 57th St,Milwaukee,WI,53210,234900,2,1.0,Milwaukee,797,3920,1922,1,295,,Active,,,https://www.redfin.com/WI/Milwaukee/2435-N-57th-St-53210/home/90224868,METROMLS,1929248,N,Y,43.0633506,-87.9844552
MLS Listing,,Single Family Residential,1838 N 40th St St,Milwaukee,WI,53208,145900,4,1.0,Milwaukee,1664,3484,1906,1,88,,Active,,,https://www.redfin.com/WI/Milwaukee/1838-N-40th-St-53208/home/57741799,METROMLS,1929242,N,Y,43.0541499,-87.9633281
MLS Listing,,Single Family Residential,4820 N 72nd St,Milwaukee,WI,53218,160000,2,1.0,Milwaukee,998,5227,1956,1,160,,Active,,,https://www.redfin.com/WI/Milwaukee/4820-N-72nd-St-53218/home/90349113,METROMLS,1929232,N,Y,43.1055561,-88.0017339
MLS Listing,,Single Family Residential,2924 S 8th St,Milwaukee,WI,53215,199000,3,1.0,Milwaukee,1029,3484,1923,1,193,,Active,,,https://www.redfin.com/WI/Milwaukee/2924-S-8th-St-53215/home/90375284,METROMLS,1929222,N,Y,42.9913577,-87.9212421
MLS Listing,,Multi-Family (2-4 Unit),1500 E Oklahoma Ave #1502,Milwaukee,WI,53207,499900,4,2.0,Milwaukee,2306,4356,1924,1,217,,Active,,,https://www.redfin.com/WI/Milwaukee/1500-E-Oklahoma-Ave-53207/unit-1502/home/177347654,METROMLS,1929217,N,Y,42.9885198,-87.8907852
MLS Listing,,Single Family Residential,3623 S 94th St,Milwaukee,WI,53228,299900,3,1.5,Milwaukee,1174,6534,1966,1,255,,Active,,,https://www.redfin.com/WI/Milwaukee/3623-S-94th-St-53228/home/90247373,METROMLS,1929216,N,Y,42.9785802,-88.030447
MLS Listing,,Condo/Co-op,4740 Maple Leaf Cir,Greenfield,WI,53220,279000,2,2.0,Greenfield,1741,,2002,1,160,375,Active,,,https://www.redfin.com/WI/Greenfield/4740-W-Maple-Leaf-Cir-53220/home/90292756,METROMLS,1929203,N,Y,42.9683897,-87.9754285
MLS Listing,,Single Family Residential,3415 N 2nd St,Milwaukee,WI,53212,175000,2,1.0,Milwaukee,1292,3920,1885,1,135,,Active,August-2-2025 10:00 AM,August-2-2025 12:00 PM,https://www.redfin.com/WI/Milwaukee/3415-N-2nd-St-53212/home/90214918,METROMLS,1928119,N,Y,43.0806828,-87.9127462
MLS Listing,,Single Family Residential,2700 N 97th St,Milwaukee,WI,53222,263000,2,1.0,Milwaukee,1279,7405,1952,1,206,,Active,August-2-2025 12:00 PM,August-2-2025 02:00 PM,https://www.redfin.com/WI/Milwaukee/2700-N-97th-St-53222/home/90217979,METROMLS,1928817,N,Y,43.0679289,-88.0334428
MLS Listing,,Single Family Residential,10516 W Stark St,Milwaukee,WI,53225,199900,3,1.0,Milwaukee,1389,5227,1962,1,144,,Active,,,https://www.redfin.com/WI/Milwaukee/10516-W-Stark-St-53225/home/90203903,METROMLS,1928275,N,Y,43.1065378,-88.0440532
MLS Listing,,Single Family Residential,1409 W Wanda Ave,Milwaukee,WI,53221,309900,2,1.5,Milwaukee,1466,10018,1961,1,211,,Active,August-1-2025 04:00 PM,August-1-2025 05:30 PM,https://www.redfin.com/WI/Milwaukee/1409-W-Wanda-Ave-53221/home/57983505,METROMLS,1928299,N,Y,42.9428483,-87.9311631
MLS Listing,,Single Family Residential,2610 S 62nd St,Milwaukee,WI,53219,265000,3,1.0,Milwaukee,1866,5227,1954,1,142,,Active,,,https://www.redfin.com/WI/Milwaukee/2610-S-62nd-St-53219/home/59726264,METROMLS,1928366,N,Y,42.9971361,-87.9899544
MLS Listing,,Single Family Residential,2829 N 58th St,Milwaukee,WI,53210,115000,2,1.0,Milwaukee,804,4791,1949,1,143,,Active,,,https://www.redfin.com/WI/Milwaukee/2829-N-58th-St-53210/home/57697335,METROMLS,1928587,N,Y,43.0705654,-87.9854789
MLS Listing,,Single Family Residential,8164 W Muriel Pl,Milwaukee,WI,53218,250000,3,1.5,Milwaukee,1704,6098,1955,1,147,,Active,,,https://www.redfin.com/WI/Milwaukee/8164-W-Muriel-Pl-53218/home/90318304,METROMLS,1928540,N,Y,43.11452,-88.0123187
MLS Listing,,Single Family Residential,4322 N 30th St,Milwaukee,WI,53216,145000,3,1.0,Milwaukee,1159,5662,1943,1,125,,Active,,,https://www.redfin.com/WI/Milwaukee/4322-N-30th-St-53216/home/57749962,METROMLS,1928535,N,Y,43.0957803,-87.9502991
MLS Listing,,Single Family Residential,8821 W Dallas St,Milwaukee,WI,53224,324900,4,1.5,Milwaukee,1591,11325,1965,1,204,,Active,,,https://www.redfin.com/WI/Milwaukee/8821-W-Dallas-St-53224/home/57705693,METROMLS,1928803,N,Y,43.142894,-88.021729
MLS Listing,,Single Family Residential,3632 S 60th St,Milwaukee,WI,53220,350000,4,2.5,Milwaukee,1720,7405,1995,1,203,,Active,August-2-2025 11:00 AM,August-2-2025 12:30 PM,https://www.redfin.com/WI/Milwaukee/3632-S-60th-St-53220/home/57674720,METROMLS,1928842,N,Y,42.9785108,-87.9875637
MLS Listing,,Single Family Residential,7632 Livingston Ave,Wauwatosa,WI,53213,289000,2,1.0,Wauwatosa,1235,5227,1941,1,234,,Active,,,https://www.redfin.com/WI/Milwaukee/7632-Livingston-Ave-53213/home/90271559,METROMLS,1927677,N,Y,43.0656233,-88.0085401
MLS Listing,,Single Family Residential,2508 N 62nd St,Wauwatosa,WI,53213,329900,3,2.0,Wauwatosa,1330,4791,1942,1,248,,Active,,,https://www.redfin.com/WI/Milwaukee/2508-N-62nd-St-53213/home/84248889,METROMLS,1928792,N,Y,43.0646232,-87.9894912
MLS Listing,,Single Family Residential,3600 W Parnell Ave,Milwaukee,WI,53221,335000,4,2.0,Milwaukee,1563,7405,1959,1,214,,Active,,,https://www.redfin.com/WI/Milwaukee/3600-W-Parnell-Ave-53221/home/90250365,METROMLS,1928255,N,Y,42.9399876,-87.9614094
MLS Listing,,Single Family Residential,613 Pleasant View St,Wauwatosa,WI,53226,399000,4,1.5,Rogers Heights,2227,7840,1939,1,179,,Active,,,https://www.redfin.com/WI/Milwaukee/613-Pleasant-View-St-53226/home/90309385,METROMLS,1928270,N,Y,43.0376834,-88.0197796
MLS Listing,,Single Family Residential,7017 W Verona Ct,Milwaukee,WI,53219,350000,3,2.0,Honey Creek Terrace,1795,6534,1955,1,195,,Active,,,https://www.redfin.com/WI/Milwaukee/7017-W-Verona-Ct-53219/home/90241741,METROMLS,1928620,N,Y,42.9817942,-88.0016383
MLS Listing,,Single Family Residential,2963 S Clement Ave,Milwaukee,WI,53207,354900,3,1.5,Milwaukee,1296,3920,1905,1,274,,Active,,,https://www.redfin.com/WI/Milwaukee/2963-S-Clement-Ave-53207/home/90238799,METROMLS,1929197,N,Y,42.9905723,-87.8945203
MLS Listing,,Condo/Co-op,118 W Reservoir Ave,Milwaukee,WI,53212,389900,3,2.0,Milwaukee,2042,,1893,1,191,300,Active,,,https://www.redfin.com/WI/Milwaukee/118-W-Reservoir-Ave-53212/home/58028265,METROMLS,1929192,N,Y,43.0553136,-87.9118639
MLS Listing,,Single Family Residential,6424 N 84th St,Milwaukee,WI,53224,180000,3,1.0,Milwaukee,958,7405,1958,1,188,,Active,,,https://www.redfin.com/WI/Milwaukee/6424-N-84th-St-53224/home/90196731,METROMLS,1929191,N,Y,43.1347772,-88.0152999
MLS Listing,,Single Family Residential,2147 S 30 St,Milwaukee,WI,53215,229000,4,1.5,Milwaukee,2200,4356,1922,1,104,,Active,,,https://www.redfin.com/WI/Milwaukee/2147-S-30th-St-53215/home/90372434,METROMLS,1929173,N,Y,43.0056494,-87.9519556
MLS Listing,,Single Family Residential,4174 N 78th St,Milwaukee,WI,53222,271870,3,2.0,Milwaukee,1600,6969,1956,1,170,,Active,,,https://www.redfin.com/WI/Milwaukee/4174-N-78th-St-53222/home/58016488,METROMLS,1929169,N,Y,43.0933404,-88.0094195
MLS Listing,,Single Family Residential,6841 W Fond Du Lac Ave,Milwaukee,WI,53218,88000,4,1.0,Milwaukee,1638,4791,1928,1,54,,Active,,,https://www.redfin.com/WI/Milwaukee/6841-W-Fond-du-Lac-Ave-53218/home/90203744,METROMLS,1929161,N,Y,43.1059206,-87.9974006
MLS Listing,,Single Family Residential,209 S 73rd St,Milwaukee,WI,53214,299900,3,1.0,Milwaukee,1662,3484,1959,1,180,,Active,,,https://www.redfin.com/WI/Milwaukee/209-S-73rd-St-53214/home/90230605,METROMLS,1929157,N,Y,43.0300237,-88.0038549
MLS Listing,,Condo/Co-op,2525 S Shore Dr Unit 22B,Milwaukee,WI,53207,199800,1,1.0,Milwaukee,860,,1965,1,232,635,Active,,,https://www.redfin.com/WI/Milwaukee/2525-S-Shore-Dr-53207/unit-22B/home/58040893,METROMLS,1929147,N,Y,42.9992231,-87.8882922
MLS Listing,,Multi-Family (2-4 Unit),518 E Lloyd St #520,Milwaukee,WI,53212,360000,,,Subd:park Addition,,3484,1904,1,,,Active,,,https://www.redfin.com/WI/Milwaukee/518-E-Lloyd-St-53212/unit-520/home/185295337,METROMLS,1929146,N,Y,43.057917,-87.904632
MLS Listing,,Single Family Residential,3634 S 17th St,Milwaukee,WI,53221,249900,3,1.0,Milwaukee,1008,5227,1943,1,248,,Active,,,https://www.redfin.com/WI/Milwaukee/3634-S-17th-St-53221/home/57974853,METROMLS,1929133,N,Y,42.9784114,-87.9348781
MLS Listing,,Single Family Residential,3459 S Kinnickinnic Ave,Milwaukee,WI,53207,385000,3,1.0,Milwaukee,1288,3484,1920,1,299,,Active,,,https://www.redfin.com/WI/Milwaukee/3459-S-Kinnickinnic-Ave-53207/home/90244358,METROMLS,1929130,N,Y,42.9815418,-87.880159
MLS Listing,,Single Family Residential,4512 W Green Tree Rd,Milwaukee,WI,53223,299900,4,2.5,Milwaukee,1468,6969,1935,1,204,,Active,,,https://www.redfin.com/WI/Milwaukee/4512-W-Green-Tree-Rd-53223/home/90195228,METROMLS,1929076,N,Y,43.1415075,-87.9694897
MLS Listing,,Single Family Residential,2978 S Delaware Ave,Milwaukee,WI,53207,445000,3,2.0,Milwaukee,1831,3484,1926,1,243,,Active,,,https://www.redfin.com/WI/Milwaukee/2978-S-Delaware-Ave-53207/home/90374620,METROMLS,1929071,N,Y,42.9897678,-87.879964
MLS Listing,,Condo/Co-op,4215 N 100th St #302,Milwaukee,WI,53222,125000,2,2.0,Milwaukee,1230,,1975,1,102,642,Active,,,https://www.redfin.com/WI/Milwaukee/4215-N-100th-St-53222/unit-302/home/90209232,METROMLS,1929068,N,Y,43.092966,-88.0403689
MLS Listing,,Single Family Residential,6501 S 19th St,Milwaukee,WI,53221,250000,3,2.0,Milwaukee,891,6098,1960,1,281,,Active,,,https://www.redfin.com/WI/Milwaukee/6501-S-19th-St-53221/home/90251676,METROMLS,1929055,N,Y,42.9269528,-87.939272
MLS Listing,,Single Family Residential,3684 S Alabama Ave,Milwaukee,WI,53207,315000,4,1.0,Milwaukee,1516,3484,1953,1,208,,Active,,,https://www.redfin.com/WI/Milwaukee/3684-S-Alabama-Ave-53207/home/90244311,METROMLS,1929017,N,Y,42.977327,-87.8880245
MLS Listing,,Single Family Residential,2358 S Howell Ave,Milwaukee,WI,53207,299900,3,2.0,Milwaukee,1083,3484,1885,1,277,,Active,,,https://www.redfin.com/WI/Milwaukee/2358-S-Howell-Ave-53207/home/90373998,METROMLS,1929016,N,Y,43.0016267,-87.9045218
MLS Listing,,Single Family Residential,10353 W Sylvia St,Milwaukee,WI,53224,240000,3,1.5,Parkside Heights,1324,9147,1975,1,181,,Active,,,https://www.redfin.com/WI/Milwaukee/10353-W-Sylvia-St-53224/home/90193992,METROMLS,1929011,N,Y,43.1678725,-88.0397424
MLS Listing,,Single Family Residential,2451 S 59th St,West Allis,WI,53219,339500,3,2.0,West Allis,1509,4791,1948,1,225,,Active,,,https://www.redfin.com/WI/Milwaukee/2451-S-59th-St-53219/home/57898093,METROMLS,1929007,N,Y,42.9999688,-87.9866311
MLS Listing,,Single Family Residential,1831 E Hillcrest Ave,Milwaukee,WI,53207,214900,2,1.0,Milwaukee,725,5227,1952,1,296,,Active,,,https://www.redfin.com/WI/Milwaukee/1831-E-Hillcrest-Ave-53207/home/90378272,METROMLS,1929003,N,Y,42.9864341,-87.8865204
MLS Listing,,Single Family Residential,5809 N 36th St,Milwaukee,WI,53209,142900,3,1.5,Milwaukee,905,6534,1950,1,158,,Active,,,https://www.redfin.com/WI/Milwaukee/5809-N-36th-St-53209/home/57998852,METROMLS,1928986,N,Y,43.1232234,-87.9576977
MLS Listing,,Condo/Co-op,2049 N Commerce St #2049,Milwaukee,WI,53212,425000,2,2.5,Milwaukee,1888,,2005,1,225,373,Active,,,https://www.redfin.com/WI/Milwaukee/2049-N-Commerce-St-53212/unit-2049/home/90322913,METROMLS,1928983,N,Y,43.0581071,-87.8994771
MLS Listing,,Single Family Residential,2427 S 61st St,West Allis,WI,53219,310000,3,1.0,West Allis,1652,5227,1939,1,188,,Active,,,https://www.redfin.com/WI/Milwaukee/2427-S-61st-St-53219/home/90337035,METROMLS,1928969,N,Y,43.0004249,-87.9891893
MLS Listing,,Single Family Residential,1211 S 49th St,West Milwaukee,WI,53214,265000,3,1.5,West Milwaukee,1883,5227,1911,1,141,,Active,August-1-2025 05:00 PM,August-1-2025 06:30 PM,https://www.redfin.com/WI/Milwaukee/1211-S-49th-St-53214/home/57992819,METROMLS,1928958,N,Y,43.0186201,-87.9751108
MLS Listing,,Single Family Residential,4977 S 24th St,Milwaukee,WI,53221,300000,3,1.5,Milwaukee,1112,7840,1964,1,270,,Active,August-1-2025 04:30 PM,August-1-2025 06:30 PM,https://www.redfin.com/WI/Milwaukee/4977-S-24th-St-53221/home/57996003,METROMLS,1927905,N,Y,42.9540749,-87.9453885
MLS Listing,,Single Family Residential,2909 N 77th St,Milwaukee,WI,53222,359900,3,1.5,Milwaukee,1825,5227,1936,1,197,,Active,August-2-2025 11:00 AM,August-2-2025 12:30 PM,https://www.redfin.com/WI/Milwaukee/2909-N-77th-St-53222/home/90357901,METROMLS,1927865,N,Y,43.0719233,-88.0089989
MLS Listing,,Single Family Residential,8512 W Townsend St,Milwaukee,WI,53222,249900,3,1.0,Milwaukee,1462,6098,1952,1,171,,Active,August-2-2025 11:00 AM,August-2-2025 12:30 PM,https://www.redfin.com/WI/Milwaukee/8512-W-Townsend-St-53222/home/90357325,METROMLS,1927819,N,Y,43.0809006,-88.0193412
MLS Listing,,Multi-Family (2-4 Unit),2623 N Palmer St #2625,Milwaukee,WI,53212,225000,4,2.0,Milwaukee,2701,5227,1907,1,83,,Active,,,https://www.redfin.com/WI/Milwaukee/2623-N-Palmer-St-53212/unit-2625/home/58071798,METROMLS,1928604,N,Y,43.066275,-87.9100203
MLS Listing,,Single Family Residential,4001 S 55th St,Milwaukee,WI,53220,274900,3,1.0,Greenfield,1632,7405,1952,1,168,,Active,,,https://www.redfin.com/WI/Milwaukee/4001-S-55th-St-53220/home/90328732,METROMLS,1928139,N,Y,42.9719396,-87.9834261
MLS Listing,,Single Family Residential,3061 N Buffum St,Milwaukee,WI,53212,239900,3,2.0,Milwaukee,1265,10454,1922,1,190,,Active,August-2-2025 11:00 AM,August-2-2025 01:00 PM,https://www.redfin.com/WI/Milwaukee/3061-N-Buffum-St-53212/home/57832774,METROMLS,1927816,N,Y,43.0743171,-87.906749
MLS Listing,,Single Family Residential,2901 S 68th St,Milwaukee,WI,53219,250000,3,2.0,Milwaukee,1088,6969,1949,1,230,,Active,,,https://www.redfin.com/WI/Milwaukee/2901-S-68th-St-53219/home/57996055,METROMLS,1928642,N,Y,42.991849,-87.9980244
MLS Listing,,Condo/Co-op,234 E Reservoir Ave #503,Milwaukee,WI,53212,345000,2,2.0,Milwaukee,1200,,1917,1,288,450,Active,August-3-2025 10:00 AM,August-3-2025 11:30 AM,https://www.redfin.com/WI/Milwaukee/234-E-Reservoir-Ave-53212/unit-503/home/90322774,METROMLS,1928251,N,Y,43.0555882,-87.9089254
MLS Listing,,Single Family Residential,2267 W Grange Ave,Milwaukee,WI,53221,309900,3,1.5,Milwaukee,1236,8712,1967,1,251,,Active,August-2-2025 11:00 AM,August-2-2025 12:30 PM,https://www.redfin.com/WI/Milwaukee/2267-W-Grange-Ave-53221/home/57665641,METROMLS,1928799,N,Y,42.9445544,-87.9436474
MLS Listing,,Condo/Co-op,2537 N Downer Ave #15,Milwaukee,WI,53211,219900,2,1.0,Milwaukee,948,,1922,1,232,457,Active,August-2-2025 12:30 AM,August-2-2025 02:00 PM,https://www.redfin.com/WI/Milwaukee/2537-N-Downer-Ave-53211/unit-15/home/58049189,METROMLS,1927961,N,Y,43.0645275,-87.8784351
MLS Listing,,Condo/Co-op,1924 N Hubbard St #314,Milwaukee,WI,53212,237500,1,1.0,Milwaukee,914,,1945,1,260,275,Active,August-3-2025 11:00 AM,August-3-2025 12:30 PM,https://www.redfin.com/WI/Milwaukee/1924-N-Hubbard-St-53212/unit-314/home/196563242,METROMLS,1927910,N,Y,43.0555894,-87.907966
MLS Listing,,Single Family Residential,7702 W Keefe Ave,Milwaukee,WI,53222,360000,5,2.0,Milwaukee,2053,5227,1950,1,175,,Active,August-3-2025 04:00 PM,August-3-2025 05:00 PM,https://www.redfin.com/WI/Milwaukee/7702-W-Keefe-Ave-53222/home/57973518,METROMLS,1928233,N,Y,43.0828585,-88.0088363
MLS Listing,,Single Family Residential,3071 N 81st St,Milwaukee,WI,53222,209900,3,1.0,Milwaukee,1228,5227,1947,1,171,,Active,August-2-2025 12:00 PM,August-2-2025 01:30 PM,https://www.redfin.com/WI/Milwaukee/3071-N-81st-St-53222/home/58012056,METROMLS,1928777,N,Y,43.0749635,-88.0138732
MLS Listing,,Single Family Residential,3723 S 3rd St,Milwaukee,WI,53207,280000,4,2.0,Milwaukee,1503,6098,1950,1,186,,Active,,,https://www.redfin.com/WI/Milwaukee/3723-S-3rd-St-53207/home/57968325,METROMLS,1928504,N,Y,42.9768512,-87.9147674
MLS Listing,,Multi-Family (2-4 Unit),3068 N 34th St,Milwaukee,WI,53210,72500,5,2.0,Milwaukee,2087,4356,1923,2,35,,Active,,,https://www.redfin.com/WI/Milwaukee/3068-N-34th-St-53210/home/58068766,METROMLS,1928956,N,Y,43.0748938,-87.9558986
MLS Listing,,Single Family Residential,2624 N 70th St,Wauwatosa,WI,53213,400000,3,1.5,Wauwatosa,1642,4791,1950,2,244,,Active,August-1-2025 11:00 AM,August-1-2025 02:00 PM,https://www.redfin.com/WI/Milwaukee/2624-N-70th-St-53213/home/57895342,METROMLS,1928955,N,Y,43.0668,-87.9994094
MLS Listing,,Multi-Family (2-4 Unit),3718 W Garfield Ave #3720,Milwaukee,WI,53208,85000,4,2.0,Milwaukee,2284,5227,1906,2,37,,Active,,,https://www.redfin.com/WI/Milwaukee/3718-W-Garfield-Ave-53208/unit-3720/home/196728964,METROMLS,1928953,N,Y,43.0593927,-87.9605802
MLS Listing,,Multi-Family (2-4 Unit),2506 S 14th St,Milwaukee,WI,53215,230000,5,2.0,Forecki & Przybyla Cos,2090,5662,1921,2,110,,Active,,,https://www.redfin.com/WI/Milwaukee/2506-S-14th-St-53215/home/90373465,METROMLS,1928938,N,Y,42.9989533,-87.929646
MLS Listing,,Multi-Family (2-4 Unit),2809 N Humboldt Blvd #2811,Milwaukee,WI,53212,280000,4,2.0,Milwaukee,2218,3920,1912,2,126,,Active,,,https://www.redfin.com/WI/Milwaukee/2809-N-Humboldt-Blvd-53212/unit-2811/home/196519709,METROMLS,1928923,N,Y,43.0695695,-87.8982123
MLS Listing,,Multi-Family (2-4 Unit),3222 N Newhall St,Milwaukee,WI,53211,329000,4,2.0,Milwaukee,1606,3484,1906,2,205,,Active,,,https://www.redfin.com/WI/Milwaukee/3222-N-Newhall-St-53211/home/58074977,METROMLS,1928917,N,Y,43.0762123,-87.8900104
MLS Listing,,Single Family Residential,8820 W Mill Rd,Milwaukee,WI,53225,220000,3,2.0,Milwaukee,1195,6534,1954,2,184,,Active,,,https://www.redfin.com/WI/Milwaukee/8820-W-Mill-Rd-53225/home/57678425,METROMLS,1928909,N,Y,43.1344189,-88.022289
MLS Listing,,Single Family Residential,10452 W Tower Ave,Milwaukee,WI,53224,284900,3,1.5,Milwaukee,1427,9147,1969,2,200,,Active,,,https://www.redfin.com/WI/Milwaukee/10452-W-Tower-Ave-53224/home/90343101,METROMLS,1928906,N,Y,43.1654087,-88.0420766
MLS Listing,,Single Family Residential,5672 N 58th St,Milwaukee,WI,53218,76129,2,1.0,Milwaukee,672,5227,1953,2,113,,Active,,,https://www.redfin.com/WI/Milwaukee/5672-N-58th-St-53218/home/90345870,METROMLS,1928901,N,Y,43.1210175,-87.9846008
MLS Listing,,Single Family Residential,4975 N 53rd St,Milwaukee,WI,53218,82956,2,1.0,Milwaukee,667,5662,1948,2,124,,Active,,,https://www.redfin.com/WI/Milwaukee/4975-N-53rd-St-53218/home/58010777,METROMLS,1928898,N,Y,43.1081903,-87.9791282
MLS Listing,,Single Family Residential,4765 N 48th St,Milwaukee,WI,53218,75056,2,1.0,Milwaukee,720,6534,1951,2,104,,Active,,,https://www.redfin.com/WI/Milwaukee/4765-N-48th-St-53218/home/90350679,METROMLS,1928895,N,Y,43.1039805,-87.9734692
MLS Listing,,Single Family Residential,5059 N 54th St,Milwaukee,WI,53218,80143,2,1.0,Milwaukee,768,6098,1953,2,104,,Active,,,https://www.redfin.com/WI/Milwaukee/5059-N-54th-St-53218/home/57757988,METROMLS,1928896,N,Y,43.1096125,-87.9803142
MLS Listing,,Single Family Residential,3776 N 78th St,Milwaukee,WI,53222,250000,2,1.0,Milwaukee,976,5227,1957,2,256,,Active,,,https://www.redfin.com/WI/Milwaukee/3776-N-78th-St-53222/home/90210178,METROMLS,1928891,N,Y,43.0861123,-88.009504
MLS Listing,,Multi-Family (2-4 Unit),5853 N 40th St #5855,Milwaukee,WI,53209,100500,4,2.0,Milwaukee,1827,6534,1930,2,55,,Active,,,https://www.redfin.com/WI/Milwaukee/5853-N-40th-St-53209/unit-5855/home/58077027,METROMLS,1928887,N,Y,43.1241001,-87.9625639
MLS Listing,,Single Family Residential,5376 N 38th St,Milwaukee,WI,53209,116385,3,1.0,Milwaukee,1003,3049,1947,2,116,,Active,,,https://www.redfin.com/WI/Milwaukee/5376-N-38th-St-53209/home/57649097,METROMLS,1928886,N,Y,43.1154767,-87.9597435
MLS Listing,,Single Family Residential,4671 N 50th St,Milwaukee,WI,53218,70389,2,1.0,Milwaukee,624,5662,1947,2,113,,Active,,,https://www.redfin.com/WI/Milwaukee/4671-N-50th-St-53218/home/57995927,METROMLS,1928884,N,Y,43.1023411,-87.9758513
MLS Listing,,Single Family Residential,5725 W Carmen Ave,Milwaukee,WI,53218,76129,2,1.0,Milwaukee,672,5227,1953,2,113,,Active,,,https://www.redfin.com/WI/Milwaukee/5725-W-Carmen-Ave-53218/home/90198352,METROMLS,1928878,N,Y,43.1223823,-87.9845445
MLS Listing,,Single Family Residential,3727 S 23rd St,Milwaukee,WI,53221,219900,2,1.0,Milwaukee,899,5662,1951,2,245,,Active,,,https://www.redfin.com/WI/Milwaukee/3727-S-23rd-St-53221/home/90245851,METROMLS,1928874,N,Y,42.9769245,-87.9438016
MLS Listing,,Single Family Residential,7707 W Hustis St,Milwaukee,WI,53223,299900,3,1.5,Milwaukee,1630,7405,1975,2,184,,Active,August-2-2025 12:00 PM,August-2-2025 02:00 PM,https://www.redfin.com/WI/Milwaukee/7707-W-Hustis-St-53223/home/90195683,METROMLS,1928843,N,Y,43.1438992,-88.0073234
MLS Listing,,Condo/Co-op,5062 W Colonial Ct,Greenfield,WI,53220,200000,2,1.5,Greenfield,1699,,1965,2,118,319,Active,,,https://www.redfin.com/WI/Milwaukee/5062-W-Colonial-Ct-53220/home/90262021,METROMLS,1928839,N,Y,42.9768091,-87.9772368
MLS Listing,,Multi-Family (2-4 Unit),7932 N Granville Rd #7934,Milwaukee,WI,53224,264995,4,2.0,Milwaukee,2251,9147,1984,2,118,,Active,,,https://www.redfin.com/WI/Milwaukee/7932-N-Granville-Rd-53224/unit-7934/home/179803574,METROMLS,1928837,N,Y,43.1620866,-88.0313207
MLS Listing,,Single Family Residential,4029 N 18th St,Milwaukee,WI,53209,274900,4,2.0,Milwaukee,2398,3484,1927,2,115,,Active,,,https://www.redfin.com/WI/Milwaukee/4029-N-18th-St-53209/home/57762885,METROMLS,1928831,N,Y,43.090316,-87.9334943
MLS Listing,,Single Family Residential,5629 N Dexter Ave,Glendale,WI,53209,285000,3,1.5,Crestwood,1228,6534,1949,2,232,,Active,,,https://www.redfin.com/WI/Milwaukee/5629-N-Dexter-Ave-53209/home/90288725,METROMLS,1928825,N,Y,43.1197617,-87.943251
MLS Listing,,Single Family Residential,5863 S Madeline Ave,Milwaukee,WI,53221,324900,3,1.0,Milwaukee,1037,7840,1960,2,313,,Active,,,https://www.redfin.com/WI/Milwaukee/5863-S-Madeline-Ave-53221/home/57652427,METROMLS,1928823,N,Y,42.9384752,-87.9606108
MLS Listing,,Single Family Residential,5257 S 28th St,Greenfield,WI,53221,219900,2,1.0,Tuckaway Manor,906,15681,1950,2,243,,Active,,,https://www.redfin.com/WI/Milwaukee/5257-S-28th-St-53221/home/90263930,METROMLS,1928819,N,Y,42.949013,-87.9508001
MLS Listing,,Multi-Family (2-4 Unit),3416 N 23rd St #3418,Milwaukee,WI,53206,139900,4,2.0,Milwaukee,2226,5227,1923,2,63,,Active,,,https://www.redfin.com/WI/Milwaukee/3416-N-23rd-St-53206/unit-3418/home/185855675,METROMLS,1928812,N,Y,43.0816396,-87.9408033
MLS Listing,,Multi-Family (2-4 Unit),2357 S Howell Ave #2359,Milwaukee,WI,53207,449900,7,3.0,Milwaukee,3955,3484,1900,2,114,,Active,,,https://www.redfin.com/WI/Milwaukee/2357-S-Howell-Ave-53207/unit-2359/home/196694447,METROMLS,1928814,N,Y,43.0016369,-87.9049987
MLS Listing,,Condo/Co-op,1550 E Royall Pl #600,Milwaukee,WI,53202,450000,2,2.0,Milwaukee,1582,,2005,2,284,420,Active,,,https://www.redfin.com/WI/Milwaukee/1550-E-Royall-Pl-53202/unit-600/home/90322893,METROMLS,1928801,N,Y,43.0543136,-87.8914445
MLS Listing,,Condo/Co-op,6110 W Calumet Rd #204,Milwaukee,WI,53223,65000,2,2.0,Milwaukee,1003,,1972,2,65,350,Active,,,https://www.redfin.com/WI/Milwaukee/6110-W-Calumet-Rd-53223/unit-204/home/196693942,METROMLS,1928794,N,Y,43.1573377,-87.9868281
MLS Listing,,Single Family Residential,3620 S Sunset Dr,Milwaukee,WI,53220,309900,3,1.0,Milwaukee,1248,6969,1955,2,248,,Active,,,https://www.redfin.com/WI/Milwaukee/3620-S-Sunset-Dr-53220/home/90246744,METROMLS,1928787,N,Y,42.9785641,-88.0003955
MLS Listing,,Single Family Residential,167 N 78th St,Milwaukee,WI,53213,279000,3,2.0,Milwaukee,1160,435,1923,2,241,,Active,August-2-2025 11:00 AM,August-2-2025 01:00 PM,https://www.redfin.com/WI/Milwaukee/167-N-78th-St-53213/home/90367750,METROMLS,1928783,N,Y,43.0329066,-88.0104624
MLS Listing,,Single Family Residential,5751 S 38th Ct,Milwaukee,WI,53221,284900,3,1.5,Milwaukee,1705,9147,1961,2,167,,Active,,,https://www.redfin.com/WI/Milwaukee/5751-S-38th-Ct-53221/home/90251326,METROMLS,1926358,N,Y,42.940077,-87.9632307
MLS Listing,,Condo/Co-op,2305 E Stratford Ct,Shorewood,WI,53211,725000,3,3.5,Shorewood,2512,,1999,2,289,602,Active,,,https://www.redfin.com/WI/Milwaukee/2305-E-Stratford-Ct-53211/home/90268937,METROMLS,1928381,N,Y,43.0827769,-87.8811381
MLS Listing,,Condo/Co-op,2719 E Park Pl,Milwaukee,WI,53211,369900,2,1.5,Milwaukee,1912,,1912,2,193,426,Active,,,https://www.redfin.com/WI/Milwaukee/2719-E-Park-Pl-53211/home/90318903,METROMLS,1928349,N,Y,43.067076,-87.8764829
MLS Listing,,Single Family Residential,3244 N 92nd St,Milwaukee,WI,53222,309900,3,2.0,Milwaukee,1702,4791,1952,3,182,,Active,,,https://www.redfin.com/WI/Milwaukee/3244-N-92nd-St-53222/home/57974157,METROMLS,1928775,N,Y,43.0779615,-88.027271
MLS Listing,,Multi-Family (2-4 Unit),5065 N 84th St,Milwaukee,WI,53225,395000,,,Milwaukee,,9147,1958,3,,,Active,,,https://www.redfin.com/WI/Milwaukee/5065-N-84th-St-53225/home/90203763,METROMLS,1928773,N,Y,43.1100699,-88.0163201
MLS Listing,,Single Family Residential,10510 W Good Hope Rd,Milwaukee,WI,53224,391600,3,2.5,Milwaukee,3038,27878,1978,3,129,,Active,,,https://www.redfin.com/WI/Milwaukee/10510-W-Good-Hope-Rd-53224/home/90194873,METROMLS,1928707,N,Y,43.14891,-88.0430878
MLS Listing,,Multi-Family (2-4 Unit),2501 N 50th St,Milwaukee,WI,53210,139900,4,2.0,Milwaukee,2325,4356,1923,3,60,,Active,,,https://www.redfin.com/WI/Milwaukee/2501-N-50th-St-53210/home/196686511,METROMLS,1928700,N,Y,43.0644472,-87.9764551
MLS Listing,,Multi-Family (2-4 Unit),2012 W Burleigh St,Milwaukee,WI,53206,89900,3,2.0,Milwaukee,1460,1306,1908,3,62,,Active,,,https://www.redfin.com/WI/Milwaukee/2012-W-Burleigh-St-53206/home/58062373,METROMLS,1928699,N,Y,43.0752415,-87.9378613
MLS Listing,,Single Family Residential,1400 W Klein Ave,Milwaukee,WI,53221,279900,3,1.5,Milwaukee,1556,8276,1964,3,180,,Active,,,https://www.redfin.com/WI/Milwaukee/1400-W-Klein-Ave-53221/home/90382043,METROMLS,1928685,N,Y,42.9422749,-87.9309716
MLS Listing,,Single Family Residential,7529 W Grantosa Dr,Milwaukee,WI,53218,185000,3,2.0,Milwaukee,1078,4791,1954,3,172,,Active,,,https://www.redfin.com/WI/Milwaukee/7529-W-Grantosa-Dr-53218/home/90202861,METROMLS,1928670,N,Y,43.1103522,-88.0052901
MLS Listing,,Single Family Residential,1522 S 32nd St,Milwaukee,WI,53215,248000,4,2.0,Milwaukee,1031,3920,1900,3,241,,Active,,,https://www.redfin.com/WI/Milwaukee/1522-S-32nd-St-53215/home/57830938,METROMLS,1928671,N,Y,43.0154324,-87.9536783
MLS Listing,,Multi-Family (2-4 Unit),4689 N 19th St Unit 4698A,Milwaukee,WI,53209,164000,6,2.0,Milwaukee,1949,10018,1924,3,84,,Active,,,https://www.redfin.com/WI/Milwaukee/4689-N-19th-St-53209/unit-4698A/home/196736421,METROMLS,1928667,N,Y,43.1022861,-87.9346867
MLS Listing,,Multi-Family (2-4 Unit),3518 N 9th St,Milwaukee,WI,53206,115900,4,2.0,Milwaukee,1654,3484,1923,3,70,,Active,,,https://www.redfin.com/WI/Milwaukee/3518-N-9th-St-53206/home/58062051,METROMLS,1928664,N,Y,43.082118,-87.9221821
MLS Listing,,Multi-Family (2-4 Unit),4683 N 68th St,Milwaukee,WI,53218,249900,6,2.0,Milwaukee,2394,4791,1960,3,104,,Active,,,https://www.redfin.com/WI/Milwaukee/4683-N-68th-St-53218/home/90350039,METROMLS,1928653,N,Y,43.1026943,-87.997206
MLS Listing,,Multi-Family (2-4 Unit),1420 N 37th St,Milwaukee,WI,53208,298000,6,2.0,Milwaukee,2193,3920,1905,3,136,,Active,,,https://www.redfin.com/WI/Milwaukee/1420-N-37th-St-53208/home/58071102,METROMLS,1928651,N,Y,43.0492473,-87.9593214
MLS Listing,,Multi-Family (2-4 Unit),1434 N 37th St,Milwaukee,WI,53208,180000,5,2.0,Milwaukee,2082,3920,1905,3,86,,Active,,,https://www.redfin.com/WI/Milwaukee/1434-N-37th-St-53208/home/58075424,METROMLS,1928628,N,Y,43.0495181,-87.9593053
MLS Listing,,Condo/Co-op,270 E Highland Ave #1244,Milwaukee,WI,53202,449900,2,2.0,Milwaukee,1205,,1901,3,373,796,Active,August-22-2025 06:00 PM,August-22-2025 08:00 PM,https://www.redfin.com/WI/Milwaukee/270-E-Highland-Ave-53202/unit-1244/home/90324023,METROMLS,1928621,N,Y,43.0452787,-87.9091676
MLS Listing,,Multi-Family (2-4 Unit),3507 N 40th St #3509,Milwaukee,WI,53216,179900,4,2.0,Milwaukee,2288,4791,1930,3,79,,Active,,,https://www.redfin.com/WI/Milwaukee/3507-N-40th-St-53216/unit-3509/home/196674832,METROMLS,1928619,N,Y,43.0827758,-87.9635033
MLS Listing,,Single Family Residential,3721 N 10th St,Milwaukee,WI,53206,169000,4,1.0,Milwaukee,1497,3920,1920,3,113,,Active,,,https://www.redfin.com/WI/Milwaukee/3721-N-10th-St-53206/home/57756205,METROMLS,1928383,N,Y,43.0849277,-87.9237705
MLS Listing,,Multi-Family (2-4 Unit),2138 N Hubbard St,Milwaukee,WI,53212,465000,4,4.0,Milwaukee,1942,6534,1890,3,239,,Active,,,https://www.redfin.com/WI/Milwaukee/2138-N-Hubbard-St-53212/home/90364676,METROMLS,1926959,N,Y,43.0586816,-87.9081001
MLS Listing,,Single Family Residential,2630 N 91st St,Wauwatosa,WI,53226,649900,3,2.0,Wauwatosa,2715,7405,1936,3,239,,Active,,,https://www.redfin.com/WI/Milwaukee/2630-N-91st-St-53226/home/90272231,METROMLS,1926015,N,Y,43.0666708,-88.0259677
MLS Listing,,Multi-Family (2-4 Unit),2036 E Kenilworth Pl,Milwaukee,WI,53202,570000,,,Milwaukee,3752,3049,1905,3,152,,Active,,,https://www.redfin.com/WI/Milwaukee/2036-E-Kenilworth-Pl-53202/home/57976783,METROMLS,1926054,N,Y,43.058363,-87.883968
MLS Listing,,Single Family Residential,3275 N 93rd St,Milwaukee,WI,53222,374999,5,2.5,Milwaukee,2625,9147,1950,3,143,,Active,,,https://www.redfin.com/WI/Milwaukee/3275-N-93rd-St-53222/home/57667004,METROMLS,1928613,N,Y,43.0785595,-88.0292067
MLS Listing,,Multi-Family (2-4 Unit),3002 N 77th St,Milwaukee,WI,53222,349900,4,2.0,Milwaukee,2376,4791,1948,3,147,,Active,,,https://www.redfin.com/WI/Milwaukee/3002-N-77th-St-53222/home/58075295,METROMLS,1928264,N,Y,43.073626,-88.0083351
MLS Listing,,Multi-Family (2-4 Unit),444 W Burleigh St,Milwaukee,WI,53212,89000,4,2.0,Milwaukee,2142,3920,1900,4,42,,Active,,,https://www.redfin.com/WI/Milwaukee/444-W-Burleigh-St-53212/home/196673348,METROMLS,1928608,N,Y,43.0750254,-87.9168363
MLS Listing,,Single Family Residential,5509 N 20th St,Milwaukee,WI,53209,259900,3,1.0,Milwaukee,963,6098,1953,4,270,,Active,,,https://www.redfin.com/WI/Milwaukee/5509-N-20th-St-53209/home/90347954,METROMLS,1928599,N,Y,43.1172412,-87.9370809
MLS Listing,,Single Family Residential,10000 W Green Tree Rd,Milwaukee,WI,53224,380000,3,2.0,Milwaukee,2018,29185,1952,4,188,,Active,,,https://www.redfin.com/WI/Milwaukee/10000-W-Green-Tree-Rd-53224/home/90194769,METROMLS,1928597,N,Y,43.1415091,-88.0367683
MLS Listing,,Single Family Residential,5117 W Fairmount Ave,Milwaukee,WI,53218,194900,3,1.5,Milwaukee,1422,10454,1935,4,137,,Active,,,https://www.redfin.com/WI/Milwaukee/5117-W-Fairmount-Ave-53218/home/90202775,METROMLS,1928577,N,Y,43.1080383,-87.9769474
MLS Listing,,Multi-Family (2-4 Unit),1817 E Rusk Ave #1819,Milwaukee,WI,53207,450000,5,2.0,Milwaukee,2185,3484,1910,4,206,,Active,,,https://www.redfin.com/WI/Milwaukee/1817-E-Rusk-Ave-53207/unit-1819/home/179332559,METROMLS,1928574,N,Y,42.9897988,-87.8865876
MLS Listing,,Vacant Land,639 W Bruce St,Milwaukee,WI,53204,20000,,,Milwaukee,,1742,,4,,,Active,,,https://www.redfin.com/WI/Milwaukee/639-W-Bruce-St-53204/home/90231360,METROMLS,1928515,N,Y,43.0251464,-87.9194806
MLS Listing,,Single Family Residential,1935 S 10th St,Milwaukee,WI,53204,180000,3,2.0,Milwaukee,1290,3484,1884,4,140,,Active,,,https://www.redfin.com/WI/Milwaukee/1935-S-10th-St-53204/home/57906242,METROMLS,1928502,N,Y,43.0094154,-87.9244807
MLS Listing,,Single Family Residential,3816 S 96th St,Milwaukee,WI,53228,474000,3,1.5,Milwaukee,1810,18295,1926,4,262,,Active,,,https://www.redfin.com/WI/Milwaukee/3816-S-96th-St-53228/home/90247207,METROMLS,1926893,N,Y,42.9750182,-88.0323657
MLS Listing,,Single Family Residential,2856 N 54th St,Milwaukee,WI,53210,210000,3,1.0,Milwaukee,1128,4791,1950,5,186,,Active,,,https://www.redfin.com/WI/Milwaukee/2856-N-54th-St-53210/home/57841879,METROMLS,1928489,N,Y,43.0710644,-87.9807047
MLS Listing,,Single Family Residential,3715 W Orchard St,Milwaukee,WI,53215,220000,2,2.0,Milwaukee,1435,3920,1924,5,153,,Active,,,https://www.redfin.com/WI/Milwaukee/3715-W-Orchard-St-53215/home/90233318,METROMLS,1928486,N,Y,43.0157929,-87.9607364
MLS Listing,,Single Family Residential,3222 S 11th St,Milwaukee,WI,53215,188000,2,1.0,Milwaukee,955,5662,1928,5,197,,Active,,,https://www.redfin.com/WI/Milwaukee/3222-S-11th-St-53215/home/57900790,METROMLS,1928475,N,Y,42.9859386,-87.9259009
MLS Listing,,Condo/Co-op,130 S Water St #405,Milwaukee,WI,53204,875000,2,2.0,Milwaukee,1653,,2004,5,529,593,Active,,,https://www.redfin.com/WI/Milwaukee/130-S-Water-St-53204/unit-405/home/90323275,METROMLS,1928464,N,Y,43.0305918,-87.9096521
MLS Listing,,Multi-Family (2-4 Unit),1425 W Burleigh St #1427,Milwaukee,WI,53206,110000,4,2.0,Milwaukee,2198,4791,1924,6,50,,Active,,,https://www.redfin.com/WI/Milwaukee/1425-W-Burleigh-St-53206/unit-1427/home/177880063,METROMLS,1928456,N,Y,43.0747199,-87.9299355
MLS Listing,,Multi-Family (2-4 Unit),2572 S 30th St,Milwaukee,WI,53215,185000,3,2.0,Milwaukee,1537,5227,1895,6,120,,Active,,,https://www.redfin.com/WI/Milwaukee/2572-S-30th-St-53215/home/58068709,METROMLS,1928451,N,Y,42.9979009,-87.9516111
MLS Listing,,Multi-Family (2-4 Unit),4416 N 62nd St,Milwaukee,WI,53218,169900,3,2.0,Milwaukee,1586,5662,1958,6,107,,Active,,,https://www.redfin.com/WI/Milwaukee/4416-N-62nd-St-53218/home/62016674,METROMLS,1928439,N,Y,43.097785,-87.9890897
MLS Listing,,Single Family Residential,3006 W Orchard St,Milwaukee,WI,53215,136000,3,1.0,Burnham Park,1030,3920,1900,6,132,,Active,,,https://www.redfin.com/WI/Milwaukee/3006-W-Orchard-St-53215/home/90232579,METROMLS,1928440,N,Y,43.016366,-87.9518281
MLS Listing,,Multi-Family (2-4 Unit),823 E Clarke St,Milwaukee,WI,53212,179900,4,2.0,Milwaukee,1750,3484,1890,6,103,,Active,,,https://www.redfin.com/WI/Milwaukee/823-E-Clarke-St-53212/home/90222867,METROMLS,1928435,N,Y,43.0654954,-87.9007951
MLS Listing,,Single Family Residential,2738 N 45th St,Milwaukee,WI,53210,109900,4,1.0,Milwaukee,800,4791,1922,6,137,,Active,,,https://www.redfin.com/WI/Milwaukee/2738-N-45th-St-53210/home/90358944,METROMLS,1928436,N,Y,43.0688437,-87.9694543
MLS Listing,,Multi-Family (2-4 Unit),5125 W Wisconsin Ave #5127,Milwaukee,WI,53208,435000,6,2.0,Milwaukee,2048,4791,1923,6,212,,Active,,,https://www.redfin.com/WI/Milwaukee/5125-W-Wisconsin-Ave-53208/unit-5127/home/185299721,METROMLS,1928415,N,Y,43.0384525,-87.9784417
MLS Listing,,Multi-Family (2-4 Unit),4572 N 38th St Unit 4572A,Milwaukee,WI,53209,175000,4,2.0,Milwaukee,1873,4356,1927,6,93,,Active,,,https://www.redfin.com/WI/Milwaukee/4572-N-38th-St-53209/unit-4572A/home/102190150,METROMLS,1928412,N,Y,43.1005511,-87.9601293
MLS Listing,,Single Family Residential,1428 S 34th St,Milwaukee,WI,53215,250000,4,5.0,Milwaukee,1275,5227,1890,6,196,,Active,,,https://www.redfin.com/WI/Milwaukee/1428-S-34th-St-53215/home/90233314,METROMLS,1928410,N,Y,43.0162528,-87.9561503
MLS Listing,,Single Family Residential,10413 W Sheridan Ave,Milwaukee,WI,53225,250000,3,1.0,Milwaukee,1710,8276,1956,6,146,,Active,,,https://www.redfin.com/WI/Milwaukee/10413-W-Sheridan-Ave-53225/home/90199629,METROMLS,1928409,N,Y,43.1181956,-88.0425375
MLS Listing,,Single Family Residential,6901 W Beatrice Ct,Milwaukee,WI,53223,409900,3,2.0,Milwaukee,1482,1306,2025,6,277,,Active,,,https://www.redfin.com/WI/Milwaukee/6901-W-Beatrice-Ct-53223/home/160340704,METROMLS,1928414,N,Y,43.1796729,-87.9950686
MLS Listing,,Multi-Family (2-4 Unit),3233 S Delaware Ave #3235,Milwaukee,WI,53207,475000,4,2.0,Milwaukee,2516,4791,1925,6,189,,Active,August-2-2025 02:00 PM,August-2-2025 03:00 PM,https://www.redfin.com/WI/Milwaukee/3233-S-Delaware-Ave-53207/unit-3235/home/196539912,METROMLS,1927713,N,Y,42.9858517,-87.8773608
MLS Listing,,Single Family Residential,8540 W Euclid Ave,Milwaukee,WI,53227,484900,4,2.5,Milwaukee,2281,6969,2006,6,213,,Active,August-2-2025 12:00 PM,August-2-2025 01:30 PM,https://www.redfin.com/WI/Milwaukee/8540-W-Euclid-Ave-53227/home/57757189,METROMLS,1927867,N,Y,42.9871822,-88.0195693
MLS Listing,,Multi-Family (2-4 Unit),4282 N 26th St #4284,Milwaukee,WI,53209,126000,4,2.0,Milwaukee,2540,3920,1928,7,50,,Active,,,https://www.redfin.com/WI/Milwaukee/4282-N-26th-St-53209/unit-4284/home/185159634,METROMLS,1928398,N,Y,43.0946169,-87.9454301
MLS Listing,,Multi-Family (2-4 Unit),2960 N 6th St #2962,Milwaukee,WI,53212,144000,6,2.0,Milwaukee,3002,8276,1908,7,48,,Active,,,https://www.redfin.com/WI/Milwaukee/2960-N-6th-St-53212/unit-2962/home/184725902,METROMLS,1928397,N,Y,43.0726033,-87.918084
MLS Listing,,Multi-Family (2-4 Unit),3551 N 13th St,Milwaukee,WI,53206,115000,4,2.0,Milwaukee,1978,3920,1926,7,58,,Active,,,https://www.redfin.com/WI/Milwaukee/3551-N-13th-St-53206/home/58057375,METROMLS,1928394,N,Y,43.0828044,-87.9276164
MLS Listing,,Single Family Residential,830 N 23rd St,Milwaukee,WI,53233,195000,4,1.5,Milwaukee,1540,3484,1890,7,127,,Active,,,https://www.redfin.com/WI/Milwaukee/830-N-23rd-St-53233/home/90229160,METROMLS,1928370,N,Y,43.0410067,-87.94135
MLS Listing,,Multi-Family (2-4 Unit),3918 N 24th St #3920,Milwaukee,WI,53206,129900,4,2.0,Milwaukee,1981,4356,1924,7,66,,Active,,,https://www.redfin.com/WI/Milwaukee/3918-N-24th-St-53206/unit-3920/home/189123099,METROMLS,1928341,N,Y,43.0884748,-87.941838
MLS Listing,,Single Family Residential,4021 N 71st St,Milwaukee,WI,53216,254999,4,2.5,Milwaukee,2100,6098,1949,7,121,,Active,,,https://www.redfin.com/WI/Milwaukee/4021-N-71st-St-53216/home/90209178,METROMLS,1926376,N,Y,43.0905787,-88.0009308
MLS Listing,,Multi-Family (2-4 Unit),3200 W Greenfield Ave #3202,Milwaukee,WI,53215,319000,6,2.0,Milwaukee,2892,3484,1907,7,110,,Active,,,https://www.redfin.com/WI/Milwaukee/3200-W-Greenfield-Ave-53215/unit-3202/home/185293057,METROMLS,1928318,N,Y,43.0171848,-87.9540743
MLS Listing,,Single Family Residential,3144 N 92nd St,Milwaukee,WI,53222,329999,4,2.0,Milwaukee,1974,4791,1956,7,167,,Active,,,https://www.redfin.com/WI/Milwaukee/3144-N-92nd-St-53222/home/90217391,METROMLS,1928315,N,Y,43.0761411,-88.0271945
MLS Listing,,Single Family Residential,1580 W Howard Ave,Milwaukee,WI,53221,299900,4,1.0,Milwaukee,1000,5662,1950,7,300,,Active,,,https://www.redfin.com/WI/Milwaukee/1580-W-Howard-Ave-53221/home/90379088,METROMLS,1928314,N,Y,42.9740803,-87.9337292
MLS Listing,,Single Family Residential,128 W Hadley St,Milwaukee,WI,53212,249900,4,2.0,Milwaukee,1810,8712,1887,7,138,,Active,,,https://www.redfin.com/WI/Milwaukee/128-W-Hadley-St-53212/home/90382396,METROMLS,1928306,N,Y,43.0695449,-87.9120176
MLS Listing,,Single Family Residential,2335 N 44th St,Milwaukee,WI,53210,139900,5,2.0,Milwaukee,1440,3484,1915,7,97,,Active,,,https://www.redfin.com/WI/Milwaukee/2335-N-44th-St-53210/home/90362837,METROMLS,1928305,N,Y,43.0614709,-87.9691264
MLS Listing,,Single Family Residential,2220 W Neil Pl,Milwaukee,WI,53209,224900,3,1.0,Milwaukee,1527,5227,1954,7,147,,Active,,,https://www.redfin.com/WI/Milwaukee/2220-W-Neil-Pl-53209/home/90200712,METROMLS,1928293,N,Y,43.1182324,-87.9388605
MLS Listing,,Single Family Residential,10500 W Vera Ave,Milwaukee,WI,53224,899900,4,3.5,Milwaukee,3800,37026,2025,7,237,,Active,,,https://www.redfin.com/WI/Milwaukee/10500-W-Vera-Ave-53224/home/164644119,METROMLS,1928285,N,Y,43.1443747,-88.0429453
MLS Listing,,Single Family Residential,5264 N 44th St St,Milwaukee,WI,53218,180000,3,1.0,Milwaukee,1318,5662,1920,7,137,,Active,,,https://www.redfin.com/WI/Milwaukee/5264-N-44th-St-53218/home/90200646,METROMLS,1928287,N,Y,43.1134187,-87.9672378
MLS Listing,,Multi-Family (2-4 Unit),2505 N Oakland Ave #2507,Milwaukee,WI,53211,665000,,,Milwaukee,3166,4791,1893,7,210,,Active,,,https://www.redfin.com/WI/Milwaukee/2505-N-Oakland-Ave-53211/unit-2507/home/186909921,METROMLS,1928252,N,Y,43.0639759,-87.8883169
MLS Listing,,Single Family Residential,1314 E Crawford Ave,Milwaukee,WI,53207,393000,3,2.0,Milwaukee,1630,6098,1947,7,241,,Active,,,https://www.redfin.com/WI/Milwaukee/1314-E-Crawford-Ave-53207/home/57862104,METROMLS,1928248,N,Y,42.9757275,-87.8927309
MLS Listing,,Condo/Co-op,270 E Highland Ave #1021,Milwaukee,WI,53202,279000,2,1.5,Milwaukee,1260,,1901,7,221,796,Active,,,https://www.redfin.com/WI/Milwaukee/270-E-Highland-Ave-53202/unit-1021/home/90323902,METROMLS,1928223,N,Y,43.0452787,-87.9091676
MLS Listing,,Single Family Residential,6280 S 3rd St,Milwaukee,WI,53207,334900,3,1.5,Milwaukee,1692,7840,1977,7,198,,Active,,,https://www.redfin.com/WI/Milwaukee/6280-S-3rd-St-53207/home/57751407,METROMLS,1928390,N,Y,42.9307289,-87.9145247
MLS Listing,,Multi-Family (2-4 Unit),3502 N 37th St,Milwaukee,WI,53216,168000,5,2.0,Milwaukee,1898,5227,1928,7,89,,Active,,,https://www.redfin.com/WI/Milwaukee/3502-N-37th-St-53216/home/90354092,METROMLS,1928214,N,Y,43.0826747,-87.9593417
MLS Listing,,Condo/Co-op,8500 W Waterford Ave #7,Milwaukee,WI,53228,219900,2,1.5,Greenfield,1208,,1971,7,182,418,Active,,,https://www.redfin.com/WI/Greenfield/8500-W-Waterford-Ave-53228/unit-7/home/70325307,METROMLS,1928205,N,Y,42.9716078,-88.0188485
MLS Listing,,Single Family Residential,8002 W Holt Ave,Milwaukee,WI,53219,324900,3,2.0,Milwaukee,1200,6534,1958,7,271,,Active,,,https://www.redfin.com/WI/Milwaukee/8002-W-Holt-Ave-53219/home/57867795,METROMLS,1928204,N,Y,42.9830259,-88.0129393
MLS Listing,,Single Family Residential,171 N 89th St,Wauwatosa,WI,53226,525000,3,1.5,Ravenswood,1728,6098,1953,7,304,,Active,,,https://www.redfin.com/WI/Milwaukee/171-N-89th-St-53226/home/58003389,METROMLS,1927284,N,Y,43.0331562,-88.023347
MLS Listing,,Single Family Residential,7658 N Delta Pl,Milwaukee,WI,53223,309900,3,1.0,Bradley Estates,1326,10890,1957,7,234,,Active,,,https://www.redfin.com/WI/Milwaukee/7658-N-Delta-Pl-53223/home/90194617,METROMLS,1925796,N,Y,43.1576795,-87.9780632
MLS Listing,,Condo/Co-op,1915 N Water St #204,Milwaukee,WI,53202,345900,2,2.0,Milwaukee,1354,,2002,7,255,425,Active,,,https://www.redfin.com/WI/Milwaukee/1915-N-Water-St-53202/unit-204/home/90253051,METROMLS,1928033,N,Y,43.056458,-87.899102
MLS Listing,,Single Family Residential,3132 N 49th St,Milwaukee,WI,53216,259900,4,2.0,Milwaukee,1963,4791,1941,7,132,,Active,,,https://www.redfin.com/WI/Milwaukee/3132-N-49th-St-53216/home/90216573,METROMLS,1927772,N,Y,43.0760561,-87.9745626
MLS Listing,,Single Family Residential,3227 N 79th St,Milwaukee,WI,53222,289900,3,1.5,Kops Park,1426,4791,1948,8,203,,Active,,,https://www.redfin.com/WI/Milwaukee/3227-N-79th-St-53222/home/90216896,METROMLS,1928168,N,Y,43.0778125,-88.0113781
MLS Listing,,Multi-Family (2-4 Unit),2830 W Forest Home Ave,Milwaukee,WI,53215,219000,,,Milwaukee,2398,3049,1900,8,91,,Active,,,https://www.redfin.com/WI/Milwaukee/2830-W-Forest-Home-Ave-53215/home/58066573,METROMLS,1928163,N,Y,42.999937,-87.9501217
MLS Listing,,Multi-Family (2-4 Unit),4531 N 29th Street North St,Milwaukee,WI,53209,140000,4,2.0,Milwaukee,1882,10890,1926,8,74,,Active,,,https://www.redfin.com/WI/Milwaukee/4531-N-29th-St-53209/home/58062805,METROMLS,1928155,N,Y,43.0997298,-87.9494871
MLS Listing,,Single Family Residential,8220 W Keefe Ave,Milwaukee,WI,53222,225000,3,1.0,Milwaukee,1100,5227,1954,8,205,,Active,,,https://www.redfin.com/WI/Milwaukee/8220-W-Keefe-Ave-53222/home/90210199,METROMLS,1928151,N,Y,43.0827933,-88.0157576
MLS Listing,,Single Family Residential,3240 N 40th St,Milwaukee,WI,53216,99000,3,1.0,Milwaukee,990,3484,1917,8,100,,Active,,,https://www.redfin.com/WI/Milwaukee/3240-N-40th-St-53216/home/90216494,METROMLS,1928149,N,Y,43.0779723,-87.9627241
MLS Listing,,Single Family Residential,6213 W Dixon St,Milwaukee,WI,53214,200000,2,1.0,Milwaukee,892,2613,1917,8,224,,Active,,,https://www.redfin.com/WI/Milwaukee/6213-W-Dixon-St-53214/home/57686474,METROMLS,1928132,N,Y,43.0294747,-87.9904899
MLS Listing,,Multi-Family (2-4 Unit),3433-3435 S 2nd St,Milwaukee,WI,53207,365000,4,2.0,Austin Park,1669,5227,1953,8,219,,Active,,,https://www.redfin.com/WI/Milwaukee/3435-S-2nd-St-53207/home/90377922,METROMLS,1928084,N,Y,42.9816956,-87.9134675
MLS Listing,,Multi-Family (2-4 Unit),3154 N 54th St #3156,Milwaukee,WI,53216,180000,5,2.0,Milwaukee,2523,4791,1937,8,71,,Active,,,https://www.redfin.com/WI/Milwaukee/3154-N-54th-St-53216/unit-3156/home/196577152,METROMLS,1928076,N,Y,43.0765425,-87.9805246
MLS Listing,,Single Family Residential,3667 S 18th St,Milwaukee,WI,53221,240000,3,1.0,Morgandale,1270,4791,1947,8,189,,Active,,,https://www.redfin.com/WI/Milwaukee/3667-S-18th-St-53221/home/90379199,METROMLS,1928049,N,Y,42.977744,-87.9366061
MLS Listing,,Multi-Family (2-4 Unit),3272 N Bartlett Ave Unit A,Milwaukee,WI,53211,358900,5,2.0,Milwaukee,1944,3484,1917,8,185,,Active,,,https://www.redfin.com/WI/Milwaukee/3272-N-Bartlett-Ave-53211/unit-A/home/58068342,METROMLS,1928047,N,Y,43.0772779,-87.88874
MLS Listing,,Multi-Family (2-4 Unit),3252 N 17th St,Milwaukee,WI,53209,70000,4,2.0,Milwaukee,1951,4791,1923,8,36,,Active,,,https://www.redfin.com/WI/Milwaukee/3252-N-17th-St-53206/home/90215082,METROMLS,1928041,N,Y,43.0781164,-87.9320988
MLS Listing,,Single Family Residential,2172 W Forest Home Ave,Milwaukee,WI,53215,219900,4,1.0,Milwaukee,1299,4791,1919,8,169,,Active,,,https://www.redfin.com/WI/Milwaukee/2172-W-Forest-Home-Ave-53215/home/90372351,METROMLS,1928027,N,Y,43.0050257,-87.9416901
MLS Listing,,Single Family Residential,9503 W Lisbon Ave,Milwaukee,WI,53222,229900,3,1.0,Milwaukee,1276,4791,1952,8,180,,Active,,,https://www.redfin.com/WI/Milwaukee/9503-W-Lisbon-Ave-53222/home/57643817,METROMLS,1928024,N,Y,43.0862017,-88.0314368
MLS Listing,,Multi-Family (2-4 Unit),2767 N 40th St #2769,Milwaukee,WI,53210,139900,4,2.0,Milwaukee,2284,4791,1916,8,61,,Active,,,https://www.redfin.com/WI/Milwaukee/2767-N-40th-St-53210/unit-2769/home/196574443,METROMLS,1928017,N,Y,43.069384,-87.9636304
MLS Listing,,Single Family Residential,4249 N 24th Pl,Milwaukee,WI,53209,225000,4,2.5,Milwaukee,2289,5227,1935,8,98,,Active,,,https://www.redfin.com/WI/Milwaukee/4249-N-24th-Pl-53209/home/90351572,METROMLS,1928005,N,Y,43.0938594,-87.943848
MLS Listing,,Single Family Residential,4511 N 44th St,Milwaukee,WI,53218,219900,4,2.0,Milwaukee,1202,6098,1950,8,183,,Active,,,https://www.redfin.com/WI/Milwaukee/4511-N-44th-St-53218/home/90206523,METROMLS,1927996,N,Y,43.0992895,-87.9684142
MLS Listing,,Multi-Family (2-4 Unit),2551 N 1st St #2553,Milwaukee,WI,53212,159900,6,2.0,Milwaukee,2874,5227,1896,8,56,,Active,,,https://www.redfin.com/WI/Milwaukee/2551-N-1st-St-53212/unit-2553/home/58070949,METROMLS,1927991,N,Y,43.0650504,-87.9115292
MLS Listing,,Multi-Family (2-4 Unit),1926 W Keefe Ave,Milwaukee,WI,53206,130000,4,2.0,Milwaukee,1860,3049,1927,8,70,,Active,,,https://www.redfin.com/WI/Milwaukee/1926-W-Keefe-Ave-53206/home/90354482,METROMLS,1927989,N,Y,43.0825253,-87.935692
MLS Listing,,Single Family Residential,2444 N 29th St,Milwaukee,WI,53210,65000,2,1.0,Milwaukee,922,7840,1904,8,70,,Active,,,https://www.redfin.com/WI/Milwaukee/2444-N-29th-St-53210/home/90362316,METROMLS,1927983,N,Y,43.063451,-87.9497351
MLS Listing,,Single Family Residential,6901 W Greenbrook Ct,Milwaukee,WI,53223,315000,3,1.5,Milwaukee,2570,16117,1984,8,123,,Active,,,https://www.redfin.com/WI/Milwaukee/6901-W-Green-Brook-Ct-53223/home/90192978,METROMLS,1927959,N,Y,43.1805622,-87.9950616
MLS Listing,,Single Family Residential,6800 N 80th St,Milwaukee,WI,53223,239900,4,1.5,Milwaukee,1577,7405,1971,8,152,,Active,,,https://www.redfin.com/WI/Milwaukee/6800-N-80th-St-53223/home/57762607,METROMLS,1927945,N,Y,43.1416582,-88.010251
MLS Listing,,Single Family Residential,9360 N 85th St,Milwaukee,WI,53224,279900,3,1.0,Milwaukee,1400,7405,1982,8,200,,Active,,,https://www.redfin.com/WI/Milwaukee/9360-N-85th-St-53224/home/90193255,METROMLS,1927936,N,Y,43.1879524,-88.0155834
MLS Listing,,Single Family Residential,2756 N 45th St,Milwaukee,WI,53210,198500,5,1.5,Milwaukee,2074,4791,1922,8,96,,Active,,,https://www.redfin.com/WI/Milwaukee/2756-N-45th-St-53210/home/57701277,METROMLS,1926746,N,Y,43.0691721,-87.9696406
MLS Listing,,Single Family Residential,3519 S Pine Ave,Milwaukee,WI,53207,359000,3,2.0,Tippecanoe,1514,4791,1941,8,237,,Active,,,https://www.redfin.com/WI/Milwaukee/3519-S-Pine-Ave-53207/home/90244985,METROMLS,1927736,N,Y,42.9805256,-87.8997071
MLS Listing,,Single Family Residential,2613 E Oklahoma Ave,Milwaukee,WI,53207,339900,2,1.0,Milwaukee,1028,2613,1923,8,331,,Active,,,https://www.redfin.com/WI/Milwaukee/2613-E-Oklahoma-Ave-53207/home/57994822,METROMLS,1927806,N,Y,42.9878819,-87.8765128
MLS Listing,,Condo/Co-op,1924 N Hubbard St #218,Milwaukee,WI,53212,258000,2,1.0,Milwaukee,1006,,1945,8,256,418,Active,,,https://www.redfin.com/WI/Milwaukee/1924-N-Hubbard-St-53212/unit-218/home/58035074,METROMLS,1927634,N,Y,43.0555894,-87.907966
MLS Listing,,Condo/Co-op,2121 N Riverboat Rd,Milwaukee,WI,53212,489000,2,2.5,Milwaukee,1825,,2005,8,268,488,Active,,,https://www.redfin.com/WI/Milwaukee/2121-N-Riverboat-Rd-53212/home/58049310,METROMLS,1927434,N,Y,43.0580094,-87.8973889
MLS Listing,,Single Family Residential,6259 N 106th St,Milwaukee,WI,53225,230000,4,1.0,Milwaukee,1285,7840,1945,8,179,,Active,,,https://www.redfin.com/WI/Milwaukee/6259-N-106th-St-53225/home/90197220,METROMLS,1927332,N,Y,43.1315245,-88.0443629
MLS Listing,,Multi-Family (2-4 Unit),2160 N 52nd St,Milwaukee,WI,53208,349900,4,2.0,Milwaukee,2261,4791,1915,8,155,,Active,,,https://www.redfin.com/WI/Milwaukee/2160-N-52nd-St-53208/home/58060349,METROMLS,1927083,N,Y,43.0585397,-87.9784778
MLS Listing,,Multi-Family (2-4 Unit),2809 N Sholes Ave #2811,Milwaukee,WI,53210,318000,4,2.0,Enderis Park,2493,4791,1929,8,128,,Active,,,https://www.redfin.com/WI/Milwaukee/2809-N-Sholes-Ave-53210/unit-2811/home/177488603,METROMLS,1927787,N,Y,43.070386,-87.994123
MLS Listing,,Condo/Co-op,106 W Seeboth St #406,Milwaukee,WI,53204,324900,1,1.0,Milwaukee,858,,2007,9,379,534,Active,,,https://www.redfin.com/WI/Milwaukee/106-W-Seeboth-St-53204/unit-406/home/90253099,METROMLS,1927929,N,Y,43.0311037,-87.9115059
MLS Listing,,Single Family Residential,2346 S 57th St,West Allis,WI,53219,319900,3,1.5,West Allis,1195,4791,1940,9,268,,Active,,,https://www.redfin.com/WI/Milwaukee/2346-S-57th-St-53219/home/57886351,METROMLS,1927907,N,Y,43.0018297,-87.9836696
MLS Listing,,Single Family Residential,2820 N Palmer St,Milwaukee,WI,53212,115000,3,2.0,Milwaukee,1045,3484,1890,9,110,,Active,,,https://www.redfin.com/WI/Milwaukee/2820-N-Palmer-St-53212/home/90220940,METROMLS,1927898,N,Y,43.0698947,-87.909278
MLS Listing,,Single Family Residential,1961 S Congo Ave,Milwaukee,WI,53204,129900,3,1.5,Milwaukee,1152,2613,1913,9,113,,Active,,,https://www.redfin.com/WI/Milwaukee/1961-S-Congo-Ave-53204/home/57708002,METROMLS,1927888,N,Y,43.0090101,-87.9360938
MLS Listing,,Multi-Family (5+ Unit),1002 N 22nd St #1004,Milwaukee,WI,53204,750000,,,Milwaukee,,6098,1905,9,,,Active,,,https://www.redfin.com/WI/Milwaukee/1002-N-22nd-St-53233/unit-1004/home/196571656,METROMLS,1927885,N,Y,43.043374,-87.9400899
MLS Listing,,Multi-Family (2-4 Unit),5326 N 38th St,Milwaukee,WI,53209,119900,4,2.0,Milwaukee,1510,3484,1905,9,79,,Active,,,https://www.redfin.com/WI/Milwaukee/5326-N-38th-St-53209/home/179452658,METROMLS,1927882,N,Y,43.1144123,-87.9597491
MLS Listing,,Single Family Residential,5035 N 42nd St,Milwaukee,WI,53209,169900,3,1.0,Milwaukee,796,6534,1947,9,213,,Active,,,https://www.redfin.com/WI/Milwaukee/5035-N-42nd-St-53209/home/57762251,METROMLS,1927874,N,Y,43.1091211,-87.9653526
MLS Listing,,Vacant Land,2648 N 20th St,Milwaukee,WI,53206,10000,,,Milwaukee,,5227,,9,,,Active,,,https://www.redfin.com/WI/Milwaukee/2648-N-20th-St-53206/home/58108056,METROMLS,1927854,N,Y,43.067046,-87.937136
MLS Listing,,Single Family Residential,2961 S Delaware Ave,Milwaukee,WI,53207,424000,3,2.0,Milwaukee,1406,3484,1917,9,302,,Active,,,https://www.redfin.com/WI/Milwaukee/2961-S-Delaware-Ave-53207/home/90374629,METROMLS,1927827,N,Y,42.9899352,-87.8810665
MLS Listing,,Single Family Residential,4935 N 36th St,Milwaukee,WI,53209,120000,3,1.0,Milwaukee,1209,7405,1926,9,99,,Active,,,https://www.redfin.com/WI/Milwaukee/4935-N-36th-St-53209/home/90348474,METROMLS,1927814,N,Y,43.1072112,-87.9580422
MLS Listing,,Single Family Residential,734 S 30th St,Milwaukee,WI,53215,229000,5,2.5,Milwaukee,1445,3920,1906,9,158,,Active,,,https://www.redfin.com/WI/Milwaukee/734-S-30th-St-53215/home/59834711,METROMLS,1927796,N,Y,43.0231119,-87.9512164
MLS Listing,,Single Family Residential,3733 N 60th St,Milwaukee,WI,53216,139900,2,1.0,Milwaukee,825,6969,1951,9,170,,Active,,,https://www.redfin.com/WI/Milwaukee/3733-N-60th-St-53216/home/57918133,METROMLS,1927795,N,Y,43.0852657,-87.9874298
MLS Listing,,Single Family Residential,4837 N 90th St,Milwaukee,WI,53225,240000,4,2.0,Milwaukee,1393,5662,1955,9,172,,Active,,,https://www.redfin.com/WI/Milwaukee/4837-N-90th-St-53225/home/57705095,METROMLS,1927782,N,Y,43.1059099,-88.0249418
MLS Listing,,Multi-Family (2-4 Unit),3279 N 28th St,Milwaukee,WI,53216,169000,5,2.0,Milwaukee,1799,5227,1922,9,94,,Active,,,https://www.redfin.com/WI/Milwaukee/3279-N-28th-St-53216/home/90215985,METROMLS,1927773,N,Y,43.0787324,-87.9487463
MLS Listing,,Single Family Residential,168 E Rosedale Ave,Milwaukee,WI,53207,279900,3,1.0,Milwaukee,969,3484,1917,9,289,,Active,August-3-2025 10:00 AM,August-3-2025 11:30 AM,https://www.redfin.com/WI/Milwaukee/168-E-Rosedale-Ave-53207/home/90238578,METROMLS,1927613,N,Y,42.9954188,-87.9086749
MLS Listing,,Multi-Family (2-4 Unit),4031 N 11th St #4033,Milwaukee,WI,53209,169900,4,2.0,Milwaukee,2332,6098,1925,10,73,,Active,,,https://www.redfin.com/WI/Milwaukee/4031-N-11th-St-53209/unit-4033/home/196541884,METROMLS,1927761,N,Y,43.0902641,-87.9248344
MLS Listing,,Single Family Residential,3464 S Brust Ave,Milwaukee,WI,53207,349000,2,2.0,Milwaukee,1473,4791,1928,10,237,,Active,,,https://www.redfin.com/WI/Milwaukee/3464-S-Brust-Ave-53207/home/90243919,METROMLS,1927729,N,Y,42.9813947,-87.8891274
MLS Listing,,Multi-Family (5+ Unit),2201 S Allis St,Milwaukee,WI,53207,375000,,,Milwaukee,2973,435,,10,126,,Active,,,https://www.redfin.com/WI/Milwaukee/2201-S-Allis-St-53207/home/196540421,METROMLS,1927727,N,Y,43.0044933,-87.9043772
MLS Listing,,Single Family Residential,708 E Locust St,Milwaukee,WI,53212,189000,3,2.0,Milwaukee,1512,2178,1908,10,125,,Active,,,https://www.redfin.com/WI/Milwaukee/708-E-Locust-St-53212/home/57884189,METROMLS,1927716,N,Y,43.0712867,-87.9023662
MLS Listing,,Multi-Family (2-4 Unit),2555 N 16th St,Milwaukee,WI,53206,114900,4,2.0,Milwaukee,1898,7405,1892,10,61,,Active,,,https://www.redfin.com/WI/Milwaukee/2555-N-16th-St-53206/home/90362044,METROMLS,1927703,N,Y,43.0653418,-87.9328477
MLS Listing,,Multi-Family (2-4 Unit),4203 N 13th St,Milwaukee,WI,53209,219900,3,2.0,Milwaukee,2694,5227,1924,10,82,,Active,,,https://www.redfin.com/WI/Milwaukee/4203-N-13th-St-53209/home/90207279,METROMLS,1927680,N,Y,43.0938942,-87.9272563
MLS Listing,,Multi-Family (2-4 Unit),1322 W Concordia Ave,Milwaukee,WI,53206,59900,4,2.0,Milwaukee,1855,4791,1910,10,32,,Active,,,https://www.redfin.com/WI/Milwaukee/1322-W-Concordia-Ave-53206/home/90355906,METROMLS,1927670,N,Y,43.079215,-87.9281036
MLS Listing,,Single Family Residential,5709 N 93rd St,Milwaukee,WI,53225,180000,3,1.5,Milwaukee,1063,5227,1963,10,169,,Active,,,https://www.redfin.com/WI/Milwaukee/5709-N-93rd-St-53225/home/57756442,METROMLS,1927640,N,Y,43.1216217,-88.0286206
MLS Listing,,Multi-Family (2-4 Unit),1245 N Milwaukee St,Milwaukee,WI,53202,1950000,,,Milwaukee,,3049,2021,10,,,Active,,,https://www.redfin.com/WI/Milwaukee/1245-N-Milwaukee-St-53202/home/190870240,METROMLS,1927638,N,Y,43.046813,-87.907619
MLS Listing,,Single Family Residential,3731 N 39th St,Milwaukee,WI,53216,225000,3,1.0,Milwaukee,1100,3920,1951,10,205,,Active,,,https://www.redfin.com/WI/Milwaukee/3731-N-39th-St-53216/home/57754069,METROMLS,1927622,N,Y,43.0851304,-87.9624257
MLS Listing,,Multi-Family (2-4 Unit),5457 N 39th St,Milwaukee,WI,53209,169900,4,2.0,Milwaukee,,4356,1929,11,,,Active,,,https://www.redfin.com/WI/Milwaukee/5457-N-39th-St-53209/home/58073667,METROMLS,1927611,N,Y,43.1168738,-87.9615072
MLS Listing,,Condo/Co-op,2118 N Palmer St,Milwaukee,WI,53212,294900,3,1.5,Milwaukee,1630,,1992,11,181,,Active,,,https://www.redfin.com/WI/Milwaukee/2118-N-Palmer-St-53212/home/58024868,METROMLS,1927612,N,Y,43.0582903,-87.9094373
MLS Listing,,Multi-Family (2-4 Unit),2645 N 59th St #2647,Milwaukee,WI,53210,249000,3,2.0,Milwaukee,2095,4791,1938,11,119,,Active,,,https://www.redfin.com/WI/Milwaukee/2645-N-59th-St-53210/unit-2647/home/108576935,METROMLS,1927605,N,Y,43.067189,-87.9866785
MLS Listing,,Single Family Residential,2408 N 47th St,Milwaukee,WI,53210,124900,3,1.5,Milwaukee,1258,4791,1921,11,99,,Active,,,https://www.redfin.com/WI/Milwaukee/2408-N-47th-St-53210/home/90362777,METROMLS,1927601,N,Y,43.0627121,-87.9721644
MLS Listing,,Single Family Residential,3653 S Herman St,Milwaukee,WI,53207,350000,3,1.0,Milwaukee,1378,4791,1953,11,254,,Active,,,https://www.redfin.com/WI/Milwaukee/3653-S-Herman-St-53207/home/90245414,METROMLS,1927594,N,Y,42.9780662,-87.8960275
MLS Listing,,Multi-Family (2-4 Unit),421 E Chambers Street North St Unit 421A,Milwaukee,WI,53212,129900,5,2.0,Milwaukee,2180,2613,1895,11,60,,Active,,,https://www.redfin.com/WI/Milwaukee/421-E-Chambers-St-53212/unit-421A/home/58018419,METROMLS,1927568,N,Y,43.0727395,-87.9057625
MLS Listing,,Single Family Residential,4624 N 29th St,Milwaukee,WI,53209,134900,4,1.0,Milwaukee,1398,3484,1927,11,96,,Active,,,https://www.redfin.com/WI/Milwaukee/4624-N-29th-St-53209/home/57652941,METROMLS,1927567,N,Y,43.1014424,-87.9488929
MLS Listing,,Multi-Family (2-4 Unit),3058 N Richards St,Milwaukee,WI,53212,140000,8,2.0,Wechselberg & Thorntons,2912,4791,1910,11,48,,Active,,,https://www.redfin.com/WI/Milwaukee/3058-N-Richards-St-53212/home/196518252,METROMLS,1927557,N,Y,43.0742986,-87.9073701
MLS Listing,,Single Family Residential,2400 S 62nd St,West Allis,WI,53219,299000,3,2.0,N/a,1390,3920,1970,11,215,,Active,,,https://www.redfin.com/WI/Milwaukee/2400-S-62nd-St-53219/home/69445384,METROMLS,1927548,N,Y,43.0009879,-87.9898133
MLS Listing,,Single Family Residential,4544 S Quincy Ave,Milwaukee,WI,53207,299000,2,1.0,Milwaukee,847,5662,1938,11,353,,Active,,,https://www.redfin.com/WI/Milwaukee/4544-S-Quincy-Ave-53207/home/90249264,METROMLS,1927497,N,Y,42.9617678,-87.9018917
MLS Listing,,Single Family Residential,3295 N 29th St,Milwaukee,WI,53216,85000,3,1.0,Milwaukee,1165,6969,1924,11,73,,Active,,,https://www.redfin.com/WI/Milwaukee/3295-N-29th-St-53216/home/57762728,METROMLS,1927445,N,Y,43.0790324,-87.9499648
MLS Listing,,Condo/Co-op,6155 W Calumet Dr,Brown Deer,WI,53223,145000,3,2.5,Milwaukee,1311,,1970,11,111,330,Active,,,https://www.redfin.com/WI/Milwaukee/6155-W-Calumet-Rd-53223/home/90343130,METROMLS,1927441,N,Y,43.157974,-87.98795
MLS Listing,,Condo/Co-op,215 W Maple St #312,Milwaukee,WI,53204,550000,1,2.0,Milwaukee,1645,,1921,11,334,524,Active,,,https://www.redfin.com/WI/Milwaukee/215-W-Maple-St-53204/unit-312/home/90323385,METROMLS,1925830,N,Y,43.0108716,-87.9130438
MLS Listing,,Multi-Family (2-4 Unit),3719 N 50th St Unit 3719A,Milwaukee,WI,53216,195000,3,2.0,Milwaukee,1822,4791,1941,12,107,,Active,,,https://www.redfin.com/WI/Milwaukee/3719-N-50th-St-53216/unit-3719A/home/195112748,METROMLS,1927418,N,Y,43.0848593,-87.9761907
MLS Listing,,Multi-Family (2-4 Unit),"3225 W Mckinley Blvd Unit 3227, 3227A",Milwaukee,WI,53208,249000,,,Milwaukee,,39204,1906,13,,,Active,,,https://www.redfin.com/WI/Milwaukee/3225-W-McKinley-Blvd-53208/unit-3227/home/181783909,METROMLS,1927413,N,Y,43.0469656,-87.9544834
MLS Listing,,Single Family Residential,1408 W Concordia Ave,Milwaukee,WI,53206,155000,5,1.5,Milwaukee,1722,4356,1910,13,90,,Active,,,https://www.redfin.com/WI/Milwaukee/1408-W-Concordia-Ave-53206/home/90215054,METROMLS,1927410,N,Y,43.0791861,-87.9289954
MLS Listing,,Single Family Residential,4330 S Lenox St,Milwaukee,WI,53207,274900,3,1.0,Milwaukee,1431,5227,1948,13,192,,Active,,,https://www.redfin.com/WI/Milwaukee/4330-S-Lenox-St-53207/home/90248793,METROMLS,1927408,N,Y,42.9657251,-87.8981356
MLS Listing,,Multi-Family (2-4 Unit),743 S 25th St Unit 743A,Milwaukee,WI,53204,275000,6,3.0,Milwaukee,4684,4791,1911,13,59,,Active,,,https://www.redfin.com/WI/Milwaukee/743-S-25th-St-53204/unit-743A/home/196505512,METROMLS,1927393,N,Y,43.0232043,-87.9452685
MLS Listing,,Multi-Family (5+ Unit),"1862 N Cambridge Ave Unit 1864,1866",Milwaukee,WI,53202,829900,,,Milwaukee,,5227,1905,13,,,Active,,,https://www.redfin.com/WI/Milwaukee/1862-N-Cambridge-Ave-53202/unit-1864-1866/home/189595615,METROMLS,1927380,N,Y,43.055796,-87.892121
MLS Listing,,Condo/Co-op,1888 N Water St #107,Milwaukee,WI,53202,359000,2,2.5,Milwaukee,1496,,2001,13,240,550,Active,,,https://www.redfin.com/WI/Milwaukee/1888-N-Water-St-53202/unit-107/home/58022085,METROMLS,1927375,N,Y,43.0558102,-87.9000052
MLS Listing,,Single Family Residential,4747 N 23rd St,Milwaukee,WI,53209,206999,4,1.0,Milwaukee,1150,4791,1950,13,180,,Active,,,https://www.redfin.com/WI/Milwaukee/4747-N-23rd-St-53209/home/90206626,METROMLS,1927373,N,Y,43.1035254,-87.9407668
MLS Listing,,Multi-Family (2-4 Unit),2418 S 9th St,Milwaukee,WI,53215,180000,4,2.0,Milwaukee,1503,3484,1892,13,120,,Active,,,https://www.redfin.com/WI/Milwaukee/2418-S-9th-St-53215/home/90237117,METROMLS,1927372,N,Y,43.0008177,-87.9222477
MLS Listing,,Multi-Family (2-4 Unit),2036 W Lincoln Ave,Milwaukee,WI,53215,200000,,,Milwaukee,2142,3049,1907,13,93,,Active,,,https://www.redfin.com/WI/Milwaukee/2036-W-Lincoln-Ave-53215/home/196505010,METROMLS,1927370,N,Y,43.0032038,-87.9394793
MLS Listing,,Single Family Residential,4062 N 99th St,Wauwatosa,WI,53222,369500,4,2.0,Wauwatosa,1842,17859,1930,13,201,,Active,,,https://www.redfin.com/WI/Milwaukee/4062-N-99th-St-53222/home/90270946,METROMLS,1926657,N,Y,43.0909155,-88.0362211
MLS Listing,,Single Family Residential,5942 N 84th St,Milwaukee,WI,53225,195000,4,2.0,Milwaukee,1672,9583,1890,13,117,,Active,,,https://www.redfin.com/WI/Milwaukee/5942-N-84th-St-53225/home/57753790,METROMLS,1927287,N,Y,43.1260533,-88.0154037
MLS Listing,,Multi-Family (2-4 Unit),3279 N 21st St Unit 3279B,Milwaukee,WI,53206,199000,9,3.0,Milwaukee,2600,3484,1905,14,77,,Active,,,https://www.redfin.com/WI/Milwaukee/3279-N-21st-St-53206/unit-3279B/home/179497532,METROMLS,1927353,N,Y,43.0785707,-87.9387669
MLS Listing,,Single Family Residential,3450 N 23rd St,Milwaukee,WI,53206,159900,4,2.0,Milwaukee,1556,3049,1914,14,103,,Active,,,https://www.redfin.com/WI/Milwaukee/3450-N-23rd-St-53206/home/90215450,METROMLS,1927351,N,Y,43.0823152,-87.9408006
MLS Listing,,Multi-Family (2-4 Unit),3905 W Sheridan Ave Ave #3907,Milwaukee,WI,53209,155800,4,2.0,Milwaukee,1960,435,1929,14,79,,Active,,,https://www.redfin.com/WI/Milwaukee/3905-W-Sheridan-Ave-53209/unit-3907/home/180336959,METROMLS,1927325,N,Y,43.117297,-87.9615115
MLS Listing,,Multi-Family (2-4 Unit),2312 N 41st St #2314,Milwaukee,WI,53210,175000,6,2.0,Milwaukee,2740,4791,1912,14,64,,Active,,,https://www.redfin.com/WI/Milwaukee/2312-N-41st-St-53210/unit-2314/home/196501008,METROMLS,1927321,N,Y,43.0610282,-87.9643739
MLS Listing,,Vacant Land,3885 N Port Washington Ave #3897,Milwaukee,WI,53212,64409,,,Milwaukee,,16117,,14,,,Active,,,https://www.redfin.com/WI/Milwaukee/3885-N-Port-Washington-Ave-53212/unit-3897/home/196513847,METROMLS,1927306,N,Y,43.0878545,-87.9174779
MLS Listing,,Condo/Co-op,1902 N Commerce St #313,Milwaukee,WI,53212,350000,2,2.0,Milwaukee,1063,,2010,14,329,432,Active,,,https://www.redfin.com/WI/Milwaukee/1902-N-Commerce-St-53212/unit-313/home/90341377,METROMLS,1927276,N,Y,43.0556364,-87.9039327
MLS Listing,,Multi-Family (2-4 Unit),2810 W Mckinley Blvd,Milwaukee,WI,53208,99950,5,2.0,Milwaukee,3722,7405,1902,14,27,,Active,,,https://www.redfin.com/WI/Milwaukee/2810-W-McKinley-Blvd-53208/home/90228267,METROMLS,1913316,N,Y,43.0475758,-87.9492742
MLS Listing,,Single Family Residential,2932 W Mckinley Blvd,Milwaukee,WI,53208,249900,4,2.0,Milwaukee,3035,6969,1903,14,82,,Active,,,https://www.redfin.com/WI/Milwaukee/2932-W-McKinley-Blvd-53208/home/90227765,METROMLS,1927248,N,Y,43.047573,-87.9510627
MLS Listing,,Single Family Residential,2824 N Murray Ave,Milwaukee,WI,53211,579000,4,2.5,Milwaukee,2600,5227,1898,14,223,,Active,August-2-2025 11:00 AM,August-2-2025 12:30 PM,https://www.redfin.com/WI/Milwaukee/2824-N-Murray-Ave-53211/home/90222052,METROMLS,1925198,N,Y,43.0700561,-87.8851953
MLS Listing,,Multi-Family (2-4 Unit),2525 N Weil St,Milwaukee,WI,53212,280000,4,2.0,Milwaukee,2085,3484,1889,14,134,,Active,,,https://www.redfin.com/WI/Milwaukee/2525-N-Weil-St-53212/home/58053773,METROMLS,1927241,N,Y,43.0644515,-87.8994521
MLS Listing,,Multi-Family (2-4 Unit),2737 N 56th St #2739,Milwaukee,WI,53210,209900,4,2.0,Milwaukee,2200,3920,1927,14,95,,Active,,,https://www.redfin.com/WI/Milwaukee/2737-N-56th-St-53210/unit-2739/home/196488851,METROMLS,1927198,N,Y,43.0689048,-87.9835404
MLS Listing,,Single Family Residential,2850 N 77th St,Milwaukee,WI,53222,239500,2,1.0,Milwaukee,1364,4791,1949,14,176,,Active,August-2-2025 12:00 PM,August-2-2025 02:00 PM,https://www.redfin.com/WI/Milwaukee/2850-N-77th-St-53222/home/57855517,METROMLS,1927193,N,Y,43.0710001,-88.0084362
MLS Listing,,Single Family Residential,4130 N 85th St,Milwaukee,WI,53222,254900,3,2.0,Milwaukee,1823,8276,1956,14,140,,Active,,,https://www.redfin.com/WI/Milwaukee/4130-N-85th-St-53222/home/57747984,METROMLS,1927187,N,Y,43.092508,-88.018639
MLS Listing,,Single Family Residential,3634 N 9th St,Milwaukee,WI,53206,214999,5,3.0,Milwaukee,1887,3920,1925,14,114,,Active,,,https://www.redfin.com/WI/Milwaukee/3634-N-9th-St-53206/home/58055605,METROMLS,1927173,N,Y,43.084292,-87.9220213
MLS Listing,,Single Family Residential,2336 N 47th St,Milwaukee,WI,53210,239999,5,2.0,Milwaukee,1765,4791,1921,14,136,,Active,,,https://www.redfin.com/WI/Milwaukee/2336-N-47th-St-53210/home/57838223,METROMLS,1927164,N,Y,43.0614997,-87.9722027
MLS Listing,,Single Family Residential,5227 W National Ave,West Milwaukee,WI,53214,259900,2,2.0,West Milwaukee,1310,4791,1925,14,198,,Active,August-1-2025 05:00 PM,August-1-2025 06:30 PM,https://www.redfin.com/WI/Milwaukee/5227-W-National-Ave-53214/home/90337634,METROMLS,1926812,N,Y,43.0188379,-87.9788604
MLS Listing,,Single Family Residential,3005 S Hanson Ave,Milwaukee,WI,53207,349900,4,1.0,Milwaukee,1352,2178,1925,14,259,,Active,,,https://www.redfin.com/WI/Milwaukee/3005-S-Hanson-Ave-53207/home/90374849,METROMLS,1926527,N,Y,42.9894798,-87.8911209
MLS Listing,,Single Family Residential,3128 S 97th St,Milwaukee,WI,53227,324000,3,2.0,Milwaukee,1486,7840,1940,14,218,,Active,,,https://www.redfin.com/WI/Milwaukee/3128-S-97th-St-53227/home/90376279,METROMLS,1926439,N,Y,42.9874096,-88.033309
MLS Listing,,Multi-Family (2-4 Unit),4722 N 44th St #4724,Milwaukee,WI,53218,194900,4,2.0,Milwaukee,2210,6098,1956,15,88,,Active,,,https://www.redfin.com/WI/Milwaukee/4722-N-44th-St-53218/unit-4724/home/58075262,METROMLS,1927120,N,Y,43.1031287,-87.9677076
MLS Listing,,Condo/Co-op,1660 N Prospect Ave #2304,Milwaukee,WI,53202,289800,1,1.0,Milwaukee,733,,1990,15,395,440,Active,,,https://www.redfin.com/WI/Milwaukee/1660-N-Prospect-Ave-53202/unit-2304/home/190595504,METROMLS,1927107,N,Y,43.0516741,-87.8908334
MLS Listing,,Single Family Residential,4457 N 29th St,Milwaukee,WI,53209,199900,3,1.0,Milwaukee,1254,4791,1928,15,159,,Active,,,https://www.redfin.com/WI/Milwaukee/4457-N-29th-St-53209/home/57842270,METROMLS,1927101,N,Y,43.0984236,-87.9495437
MLS Listing,,Condo/Co-op,270 E Highland Ave #632,Milwaukee,WI,53202,190000,1,1.0,Milwaukee,739,,1901,15,257,560,Active,,,https://www.redfin.com/WI/Milwaukee/270-E-Highland-Ave-53202/unit-632/home/195193709,METROMLS,1927102,N,Y,43.0452787,-87.9091676
MLS Listing,,Multi-Family (2-4 Unit),3205 N 35th St,Milwaukee,WI,53216,134900,3,2.0,Milwaukee,1723,3920,1926,15,78,,Active,,,https://www.redfin.com/WI/Milwaukee/3205-N-35th-St-53216/home/90216548,METROMLS,1927099,N,Y,43.0772985,-87.9575785
MLS Listing,,Condo/Co-op,2575 N Farwell Ave,Milwaukee,WI,53211,474900,3,2.5,Milwaukee,1620,,2001,15,293,300,Active,,,https://www.redfin.com/WI/Milwaukee/2575-N-Farwell-Ave-53211/home/90322690,METROMLS,1927082,N,Y,43.0655209,-87.882185
MLS Listing,,Condo/Co-op,4912 S 19th St Unit A,Milwaukee,WI,53221,170000,2,2.0,Milwaukee,1164,,1975,15,146,400,Active,,,https://www.redfin.com/WI/Milwaukee/4912-S-19th-St-53221/unit-A/home/90250082,METROMLS,1927078,N,Y,42.9552857,-87.9377091
MLS Listing,,Single Family Residential,2909 W Fairmount Ave,Milwaukee,WI,53209,69500,2,1.0,Milwaukee,735,5227,1951,15,95,,Active,,,https://www.redfin.com/WI/Milwaukee/2909-W-Fairmount-Ave-53209/home/90201862,METROMLS,1927066,N,Y,43.1079666,-87.9494289
MLS Listing,,Vacant Land,6729 N 115th St,Milwaukee,WI,53224,120000,,,Milwaukee,,91476,,15,,,Active,,,https://www.redfin.com/WI/Milwaukee/6729-N-115th-St-53224/home/164884363,METROMLS,1927059,N,Y,43.1396933,-88.0571317
MLS Listing,,Single Family Residential,4482 N 60th St,Milwaukee,WI,53218,199900,3,1.0,Milwaukee,994,5662,1940,15,201,,Active,,,https://www.redfin.com/WI/Milwaukee/4482-N-60th-St-53218/home/57972123,METROMLS,1927038,N,Y,43.0990766,-87.9864352
MLS Listing,,Multi-Family (2-4 Unit),743 S 24th St,Milwaukee,WI,53204,255000,,,Milwaukee,,5227,1909,15,,,Active,,,https://www.redfin.com/WI/Milwaukee/743-S-24th-St-53204/home/90231933,METROMLS,1926998,N,Y,43.0232076,-87.9438859
MLS Listing,,Single Family Residential,4423 N 36th St,Milwaukee,WI,53209,179000,3,2.0,Milwaukee,1105,3484,1939,15,162,,Active,,,https://www.redfin.com/WI/Milwaukee/4423-N-36th-St-53209/home/57750152,METROMLS,1926970,N,Y,43.0976839,-87.9583561
MLS Listing,,Single Family Residential,3830 N 18th St,Milwaukee,WI,53206,99900,3,1.0,Milwaukee,1208,5227,1923,15,83,,Active,,,https://www.redfin.com/WI/Milwaukee/3830-N-18th-St-53206/home/57943304,METROMLS,1926969,N,Y,43.0866485,-87.9330398
MLS Listing,,Single Family Residential,3065 N 29th St,Milwaukee,WI,53210,79900,3,1.0,Milwaukee,1271,3049,1912,15,63,,Active,,,https://www.redfin.com/WI/Milwaukee/3065-N-29th-St-53210/home/57881084,METROMLS,1926961,N,Y,43.0748353,-87.9500164
MLS Listing,,Single Family Residential,3544 N 23rd St,Milwaukee,WI,53206,109900,4,1.5,Milwaukee,1488,3049,1916,15,74,,Active,,,https://www.redfin.com/WI/Milwaukee/3544-N-23rd-St-53206/home/57741695,METROMLS,1926944,N,Y,43.0834676,-87.9408324
MLS Listing,,Condo/Co-op,1660 N Prospect Ave #2708,Milwaukee,WI,53202,850000,2,2.5,Milwaukee,1830,,1990,15,464,1191,Active,,,https://www.redfin.com/WI/Milwaukee/1660-N-Prospect-Ave-53202/unit-2708/home/196476403,METROMLS,1926942,N,Y,43.0516642,-87.8911197
MLS Listing,,Single Family Residential,3520 N 77th St,Milwaukee,WI,53222,275000,4,1.5,Milwaukee,1978,5227,1953,15,139,,Active,,,https://www.redfin.com/WI/Milwaukee/3520-N-77th-St-53222/home/90210165,METROMLS,1926939,N,Y,43.0832095,-88.0083495
MLS Listing,,Single Family Residential,6767 N 115th St,Milwaukee,WI,53224,414000,3,1.0,Milwaukee,1643,246549,1962,15,252,,Active,,,https://www.redfin.com/WI/Milwaukee/6767-N-115th-St-53224/home/90196581,METROMLS,1926932,N,Y,43.1403654,-88.0562609
MLS Listing,,Multi-Family (2-4 Unit),8545 W Greenbrook Dr,Milwaukee,WI,53224,359000,,,Milwaukee,3580,9583,1979,15,100,,Active,,,https://www.redfin.com/WI/Milwaukee/8545-W-Green-Brook-Dr-53224/home/58055080,METROMLS,1926933,N,Y,43.179752,-88.016307
MLS Listing,,Single Family Residential,323 S 64th St,Milwaukee,WI,53214,225000,3,2.0,Milwaukee,1078,3920,1940,15,209,,Active,,,https://www.redfin.com/WI/Milwaukee/323-S-64th-St-53214/home/90368206,METROMLS,1926930,N,Y,43.0282624,-87.9927465
MLS Listing,,Multi-Family (2-4 Unit),5277 N 38th St,Milwaukee,WI,53209,129900,4,2.0,Milwaukee,2182,6098,1903,15,60,,Active,,,https://www.redfin.com/WI/Milwaukee/5277-N-38th-St-53209/home/58062600,METROMLS,1926920,N,Y,43.1136139,-87.9603005
MLS Listing,,Condo/Co-op,5404 Somerset Lane South Ln,Greenfield,WI,53221,329900,2,2.5,Greenfield,1778,,1985,15,186,330,Active,,,https://www.redfin.com/WI/Milwaukee/5404-Somerset-Ln-S-53221/home/90264730,METROMLS,1926918,N,Y,42.9465927,-87.9581725
MLS Listing,,Multi-Family (5+ Unit),2840 N 76th St #2848,Milwaukee,WI,53222,645000,,,Milwaukee,4974,12632,1970,15,130,,Active,,,https://www.redfin.com/WI/Milwaukee/2840-N-76th-St-53222/unit-2848/home/196472967,METROMLS,1926906,N,Y,43.0708171,-88.0070517
MLS Listing,,Multi-Family (5+ Unit),7979 N 66th St,Milwaukee,WI,53223,1045000,,,Milwaukee,8250,27442,1975,15,127,,Active,,,https://www.redfin.com/WI/Milwaukee/7979-N-66th-St-53223/home/90343187,METROMLS,1926910,N,Y,43.1627215,-87.9920613
MLS Listing,,Single Family Residential,4040 N 11th St,Milwaukee,WI,53209,235000,4,2.5,Rufus King,2662,6098,1951,15,88,,Active,,,https://www.redfin.com/WI/Milwaukee/4040-N-11th-St-53209/home/195549770,METROMLS,1926896,N,Y,43.0903468,-87.9242477
MLS Listing,,Multi-Family (2-4 Unit),2857 N 34th St #2859,Milwaukee,WI,53210,159999,6,2.0,Milwaukee,2314,4791,1911,15,69,,Active,,,https://www.redfin.com/WI/Milwaukee/2857-N-34th-St-53210/unit-2859/home/186167980,METROMLS,1926889,N,Y,43.0710325,-87.9563638
MLS Listing,,Condo/Co-op,2001 N Commerce St,Milwaukee,WI,53212,684900,3,2.5,Milwaukee,2316,,2005,15,296,446,Active,,,https://www.redfin.com/WI/Milwaukee/2001-N-Commerce-St-53212/home/164930571,METROMLS,1926876,N,Y,43.057457,-87.9012402
MLS Listing,,Multi-Family (2-4 Unit),2851 N Cramer St #2853,Milwaukee,WI,53211,469000,6,3.0,Milwaukee,2799,4356,1906,15,168,,Active,,,https://www.redfin.com/WI/Milwaukee/2851-N-Cramer-St-53211/unit-2853/home/58056917,METROMLS,1926874,N,Y,43.0705897,-87.8870528
MLS Listing,,Condo/Co-op,1835 N Commerce St #102,Milwaukee,WI,53212,449900,2,2.0,Milwaukee,1692,,2003,15,266,425,Active,August-2-2025 11:00 AM,August-2-2025 01:00 PM,https://www.redfin.com/WI/Milwaukee/1835-N-Commerce-St-53212/unit-102/home/177420011,METROMLS,1926864,N,Y,43.054561,-87.907331
MLS Listing,,Condo/Co-op,1313 N Franklin Pl #1002,Milwaukee,WI,53202,459900,1,1.5,Milwaukee,1119,,2009,15,411,693,Active,August-3-2025 11:00 AM,August-3-2025 12:30 PM,https://www.redfin.com/WI/Milwaukee/1313-N-Franklin-Pl-53202/unit-1002/home/193536014,METROMLS,1924987,N,Y,43.0472494,-87.8974396
MLS Listing,,Condo/Co-op,1905 N Water St #401,Milwaukee,WI,53202,277000,1,1.0,Milwaukee,1110,,2005,15,250,425,Active,August-2-2025 10:00 AM,August-2-2025 11:30 AM,https://www.redfin.com/WI/Milwaukee/1905-N-Water-St-53202/unit-401/home/90253526,METROMLS,1924071,N,Y,43.056375,-87.8997131
MLS Listing,,Multi-Family (2-4 Unit),2733 N 12th St,Milwaukee,WI,53206,70000,6,2.0,Milwaukee,2314,2178,1906,16,30,,Active,,,https://www.redfin.com/WI/Milwaukee/2733-N-12th-St-53206/home/196452641,METROMLS,1926857,N,Y,43.068447,-87.92709
MLS Listing,,Multi-Family (2-4 Unit),3621 N 42nd St,Milwaukee,WI,53216,169900,4,2.0,Milwaukee,1814,7405,1945,16,94,,Active,,,https://www.redfin.com/WI/Milwaukee/3621-N-42nd-St-53216/home/58073528,METROMLS,1926854,N,Y,43.0837304,-87.9657534
MLS Listing,,Multi-Family (2-4 Unit),2555 N 51st St #5557,Milwaukee,WI,53210,159900,6,2.0,Milwaukee,2519,4791,1926,16,63,,Active,,,https://www.redfin.com/WI/Milwaukee/2555-N-51st-St-53210/unit-5557/home/196452313,METROMLS,1926853,N,Y,43.065568,-87.977852
MLS Listing,,Single Family Residential,10943 W Appleton Ave,Milwaukee,WI,53225,385000,3,2.0,Milwaukee,1712,19602,1953,16,225,,Active,,,https://www.redfin.com/WI/Milwaukee/10943-W-Appleton-Ave-53225/home/58013907,METROMLS,1926846,N,Y,43.1292805,-88.0492909
MLS Listing,,Multi-Family (2-4 Unit),2878 N 57th St #2880,Milwaukee,WI,53210,169900,4,2.0,Milwaukee,2250,4356,1926,16,76,,Active,,,https://www.redfin.com/WI/Milwaukee/2878-N-57th-St-53210/unit-2880/home/196450956,METROMLS,1926829,N,Y,43.071555,-87.9839818
MLS Listing,,Condo/Co-op,1925 N Water St #208,Milwaukee,WI,53202,355000,2,2.0,Milwaukee,1313,,2003,16,270,425,Active,,,https://www.redfin.com/WI/Milwaukee/1925-N-Water-St-53202/unit-208/home/196450922,METROMLS,1926828,N,Y,43.0564241,-87.8985382
MLS Listing,,Condo/Co-op,4244 N 104th St #3,Milwaukee,WI,53222,99900,2,1.5,Milwaukee,954,,1978,16,105,175,Active,,,https://www.redfin.com/WI/Milwaukee/4244-N-104th-St-53222/unit-3/home/195436452,METROMLS,1926822,N,Y,43.0948033,-88.0414689
MLS Listing,,Condo/Co-op,4236 N 104th St #4,Milwaukee,WI,53222,102500,2,1.5,Milwaukee,954,,1978,16,107,175,Active,,,https://www.redfin.com/WI/Milwaukee/4236-N-104th-St-53222/unit-4/home/195436453,METROMLS,1926816,N,Y,43.0946222,-88.0414138
MLS Listing,,Multi-Family (2-4 Unit),2424 N 48th St,Milwaukee,WI,53210,127900,3,2.0,Milwaukee,2172,5227,1921,16,59,,Active,,,https://www.redfin.com/WI/Milwaukee/2424-N-48th-St-53210/home/90362484,METROMLS,1926787,N,Y,43.0630593,-87.9734683
MLS Listing,,Multi-Family (2-4 Unit),2718 N 49th St #2720,Milwaukee,WI,53210,144900,4,2.0,Milwaukee,2392,5227,1924,16,61,,Active,,,https://www.redfin.com/WI/Milwaukee/2718-N-49th-St-53210/unit-2720/home/185302053,METROMLS,1926789,N,Y,43.0684412,-87.9746133
MLS Listing,,Single Family Residential,4102 N 7th St,Milwaukee,WI,53209,125000,4,1.0,Milwaukee,1621,5227,1931,16,77,,Active,,,https://www.redfin.com/WI/Milwaukee/4102-N-7th-St-53209/home/57993738,METROMLS,1926754,N,Y,43.091744,-87.9192922
MLS Listing,,Single Family Residential,4503 N 65th St,Milwaukee,WI,53218,249900,3,1.5,Ewens Subd,1826,7840,1942,16,137,,Active,,,https://www.redfin.com/WI/Milwaukee/4503-N-65th-St-53218/home/90205478,METROMLS,1926744,N,Y,43.0993378,-87.9934426
MLS Listing,,Single Family Residential,3948 S 72nd St,Milwaukee,WI,53220,419900,3,2.0,Milwaukee,2807,7405,1984,16,150,,Active,,,https://www.redfin.com/WI/Milwaukee/3948-S-72nd-St-53220/home/58012276,METROMLS,1926706,N,Y,42.9726227,-88.0034387
MLS Listing,,Condo/Co-op,2121 S Kinnickinnick Ave #120,Milwaukee,WI,53207,270000,2,2.0,Milwaukee,1071,,2005,16,252,664,Active,,,https://www.redfin.com/WI/Milwaukee/2121-S-Kinnickinnic-Ave-53207/unit-120/home/90253435,METROMLS,1925183,N,Y,43.0061859,-87.9072973
MLS Listing,,Single Family Residential,3809 S Logan Ave,Milwaukee,WI,53207,399900,3,2.0,Tippecanoe,2405,6534,1927,16,166,,Active,,,https://www.redfin.com/WI/Milwaukee/3809-S-Logan-Ave-53207/home/57873121,METROMLS,1926535,N,Y,42.9753941,-87.8973307
MLS Listing,,Single Family Residential,4429 N 56th St,Milwaukee,WI,53218,169900,2,1.5,Milwaukee,1057,4791,1940,17,161,,Active,,,https://www.redfin.com/WI/Milwaukee/4429-N-56th-St-53218/home/90350608,METROMLS,1926673,N,Y,43.0979602,-87.9832601
MLS Listing,,Single Family Residential,3359 N 49th St,Milwaukee,WI,53216,249900,3,2.5,Milwaukee,1800,4791,1951,17,139,,Active,,,https://www.redfin.com/WI/Milwaukee/3359-N-49th-St-53216/home/57933674,METROMLS,1926641,N,Y,43.080471,-87.9750765
MLS Listing,,Single Family Residential,2929 S 48th St,Milwaukee,WI,53219,250000,3,2.0,Milwaukee,1491,4791,1922,17,168,,Active,,,https://www.redfin.com/WI/Milwaukee/2929-S-48th-St-53219/home/57647172,RANW,50311687,N,Y,42.9913655,-87.9745725
MLS Listing,,Single Family Residential,5417 N 54th St,Milwaukee,WI,53218,109999,2,1.0,Milwaukee,728,6534,1951,17,151,,Active,,,https://www.redfin.com/WI/Milwaukee/5417-N-54th-St-53218/home/90200492,METROMLS,1926621,N,Y,43.1161276,-87.9802568
MLS Listing,,Single Family Residential,1931 N 47th St,Milwaukee,WI,53208,279900,4,1.0,Milwaukee,2210,5227,1910,17,127,,Active,,,https://www.redfin.com/WI/Milwaukee/1931-N-47th-St-53208/home/57638880,METROMLS,1926613,N,Y,43.0559369,-87.9727767
MLS Listing,,Single Family Residential,505 W Waterford Ave,Milwaukee,WI,53207,255000,2,2.0,Milwaukee,900,7840,1953,17,283,,Active,,,https://www.redfin.com/WI/Milwaukee/505-W-Waterford-Ave-53207/home/57643879,METROMLS,1926552,N,Y,42.9700139,-87.9172156
MLS Listing,,Condo/Co-op,4215 N 100th St #165,Milwaukee,WI,53222,99995,1,1.0,Milwaukee,734,,1975,17,136,395,Active,,,https://www.redfin.com/WI/Milwaukee/4215-N-100th-St-53222/unit-165/home/90352689,METROMLS,1926553,N,Y,43.092966,-88.0403689
MLS Listing,,Single Family Residential,7406 N 43rd St,Milwaukee,WI,53209,237900,3,1.5,Milwaukee,1788,11325,1964,18,133,,Active,,,https://www.redfin.com/WI/Milwaukee/7406-N-43rd-St-53209/home/90194376,METROMLS,1926521,N,Y,43.1523255,-87.964836
MLS Listing,,Single Family Residential,326 S 60th St,Milwaukee,WI,53214,259900,3,1.0,Milwaukee,1300,5662,1947,18,200,,Active,,,https://www.redfin.com/WI/Milwaukee/326-S-60th-St-53214/home/90231100,METROMLS,1926517,N,Y,43.0281656,-87.9872422
MLS Listing,,Single Family Residential,3206 N 44th St,Milwaukee,WI,53216,79900,2,1.0,Milwaukee,564,4356,1926,18,142,,Active,,,https://www.redfin.com/WI/Milwaukee/3206-N-44th-St-53216/home/90216208,METROMLS,1926488,N,Y,43.0772468,-87.968157
MLS Listing,,Multi-Family (2-4 Unit),3221 N 29th St,Milwaukee,WI,53216,139900,5,2.0,Milwaukee,1688,4356,1913,18,83,,Active,,,https://www.redfin.com/WI/Milwaukee/3221-N-29th-St-53216/home/90356329,METROMLS,1926474,N,Y,43.0775322,-87.9499986
MLS Listing,,Multi-Family (2-4 Unit),1801 W Meinecke Ave,Milwaukee,WI,53206,99900,,,Milwaukee,3208,7405,1894,18,31,,Active,,,https://www.redfin.com/WI/Milwaukee/1801-W-Meinecke-Ave-53206/home/90223606,METROMLS,1926470,N,Y,43.0621304,-87.9352826
MLS Listing,,Condo/Co-op,8617 N Servite Dr #208,Milwaukee,WI,53223,78500,2,1.5,Milwaukee,914,,1974,18,86,580,Active,,,https://www.redfin.com/WI/Milwaukee/8617-N-Servite-Dr-53223/unit-208/home/90342589,METROMLS,1926434,N,Y,43.1743953,-88.0127673
MLS Listing,,Single Family Residential,5725 N 61st St,Milwaukee,WI,53218,122900,2,1.0,Milwaukee,672,5662,1954,18,183,,Active,,,https://www.redfin.com/WI/Milwaukee/5725-N-61st-St-53218/home/57654176,METROMLS,1926417,N,Y,43.1218133,-87.9875996
MLS Listing,,Single Family Residential,3662 S 81st St,Milwaukee,WI,53220,314900,3,2.0,Milwaukee,1274,6534,1955,18,247,,Active,,,https://www.redfin.com/WI/Milwaukee/3662-S-81st-St-53220/home/89198947,METROMLS,1926409,N,Y,42.9778349,-88.0138077
MLS Listing,,Single Family Residential,930 N 34th St,Milwaukee,WI,53208,345900,5,2.0,Milwaukee,3544,10890,1904,18,98,,Active,,,https://www.redfin.com/WI/Milwaukee/930-N-34th-St-53208/home/196187907,METROMLS,1923915,N,Y,43.0424576,-87.9561003
MLS Listing,,Condo/Co-op,1919 N Summit Ave Unit 6D,Milwaukee,WI,53202,389000,3,2.0,Milwaukee,1321,,1965,19,294,456,Active,,,https://www.redfin.com/WI/Milwaukee/1919-N-Summit-Ave-53202/unit-6D/home/58049679,METROMLS,1926394,N,Y,43.0546249,-87.8880449
MLS Listing,,Multi-Family (2-4 Unit),4900 W Oklahoma Ave,Milwaukee,WI,53219,450000,,,Milwaukee,2923,5227,1953,19,154,,Active,,,https://www.redfin.com/WI/Milwaukee/4900-W-Oklahoma-Ave-53219/home/196378547,METROMLS,1926374,N,Y,42.988691,-87.975564
MLS Listing,,Condo/Co-op,2525 S Shore Dr Unit 6B,Milwaukee,WI,53207,185000,1,1.0,Milwaukee,860,,1965,19,215,605,Active,,,https://www.redfin.com/WI/Milwaukee/2525-S-Shore-Dr-53207/unit-6B/home/90238143,METROMLS,1926366,N,Y,42.9992231,-87.8882922
MLS Listing,,Single Family Residential,1236 N 43rd St,Milwaukee,WI,53208,279999,5,3.0,Milwaukee,1845,4356,1905,20,152,,Active,,,https://www.redfin.com/WI/Milwaukee/1236-N-43rd-St-53208/home/57878422,METROMLS,1926353,N,Y,43.046789,-87.9679167
MLS Listing,,Multi-Family (5+ Unit),3167 N 75th St,Milwaukee,WI,53216,699900,,,Milwaukee,5420,13503,1960,20,129,,Active,,,https://www.redfin.com/WI/Milwaukee/3167-N-75th-St-53216/home/90217013,METROMLS,1926345,N,Y,43.0768674,-88.0063914
MLS Listing,,Multi-Family (2-4 Unit),3172 N 75th St,Milwaukee,WI,53216,449900,,,Milwaukee,3266,9583,1960,20,138,,Active,,,https://www.redfin.com/WI/Milwaukee/3172-N-75th-St-53216/home/90217015,METROMLS,1926346,N,Y,43.077109,-88.0058898
MLS Listing,,Multi-Family (5+ Unit),"3163 N 75th Street North St Unit 3167, 3172, 3175, 31",Milwaukee,WI,53216,1990000,,,Milwaukee,15218,40075,1960,20,131,,Active,,,https://www.redfin.com/WI/Milwaukee/3163-N-75th-St-53216/unit-3167-3172-3175-31/home/196376727,METROMLS,1926347,N,Y,43.0767649,-88.0062966
MLS Listing,,Multi-Family (2-4 Unit),3166 N 75th St,Milwaukee,WI,53216,449900,,,Milwaukee,3266,7840,1960,20,138,,Active,,,https://www.redfin.com/WI/Milwaukee/3166-N-75th-St-53216/home/90217014,METROMLS,1926344,N,Y,43.0769001,-88.0057688
MLS Listing,,Multi-Family (2-4 Unit),3175 N 75th St,Milwaukee,WI,53216,449900,,,Milwaukee,3255,8712,1960,20,138,,Active,,,https://www.redfin.com/WI/Milwaukee/3175-N-75th-St-53216/home/90217016,METROMLS,1926342,N,Y,43.0771873,-88.0061918
MLS Listing,,Multi-Family (2-4 Unit),3715 N Dr William Finlayson St #3717,Milwaukee,WI,53212,150000,4,2.0,Milwaukee,2383,5227,1923,20,63,,Active,,,https://www.redfin.com/WI/Milwaukee/3715-Doctor-William-Finlayson-St-53212/unit-3717/home/196376078,METROMLS,1926326,N,Y,43.0843392,-87.9163778
MLS Listing,,Condo/Co-op,1919 N Summit Ave Unit 1D,Milwaukee,WI,53202,369900,2,2.0,Milwaukee,1321,,1965,20,280,456,Active,,,https://www.redfin.com/WI/Milwaukee/1919-N-Summit-Ave-53202/unit-1D/home/90227019,METROMLS,1926314,N,Y,43.0546249,-87.8880449
MLS Listing,,Condo/Co-op,601 E Ogden Ave #803,Milwaukee,WI,53202,599900,2,2.0,Milwaukee,1874,,2006,20,320,463,Active,,,https://www.redfin.com/WI/Milwaukee/601-E-Ogden-Ave-53202/unit-803/home/58033117,METROMLS,1926313,N,Y,43.0479828,-87.9043605
MLS Listing,,Condo/Co-op,200 S Water St #112,Milwaukee,WI,53204,349900,1,1.0,Milwaukee,865,,1875,20,405,302,Active,,,https://www.redfin.com/WI/Milwaukee/200-S-Water-St-53204/unit-112/home/196336152,METROMLS,1925897,N,Y,43.0301127,-87.9086052
MLS Listing,,Multi-Family (2-4 Unit),3066 N Pierce St,Milwaukee,WI,53212,534900,,,Milwaukee,2828,4356,1912,20,189,,Active,,,https://www.redfin.com/WI/Milwaukee/3066-N-Pierce-St-53212/home/90214300,METROMLS,1925763,N,Y,43.0743801,-87.9024508
MLS Listing,,Single Family Residential,2138 N Buffum St,Milwaukee,WI,53212,446900,3,2.0,Milwaukee,2753,6969,2004,20,162,,Active,,,https://www.redfin.com/WI/Milwaukee/2138-N-Buffum-St-53212/home/113957559,METROMLS,1926190,N,Y,43.0586908,-87.9065289
MLS Listing,,Multi-Family (2-4 Unit),2138 N Buffum St Unit 2138 A,Milwaukee,WI,53212,446900,3,3.0,Milwaukee,3253,6969,2004,20,137,,Active,,,https://www.redfin.com/WI/Milwaukee/2138-N-Buffum-St-53212/unit-2138A/home/58053822,METROMLS,1926205,N,Y,43.058674,-87.906476
MLS Listing,,Condo/Co-op,191 N Broadway #601,Milwaukee,WI,53202,489900,2,2.0,Milwaukee,1234,,1895,20,397,390,Active,,,https://www.redfin.com/WI/Milwaukee/191-N-Broadway-53202/unit-601/home/90323047,METROMLS,1925888,N,Y,43.0323521,-87.90749
MLS Listing,,Single Family Residential,8621 W Lisbon Ave,Milwaukee,WI,53222,249999,4,2.0,Milwaukee,1700,4791,1952,20,147,,Active,,,https://www.redfin.com/WI/Milwaukee/8621-W-Lisbon-Ave-53222/home/57739221,METROMLS,1926304,N,Y,43.0819391,-88.0205823
MLS Listing,,Single Family Residential,4309 N 52nd St,Milwaukee,WI,53216,239999,3,2.0,Milwaukee,1496,5662,1948,21,160,,Active,,,https://www.redfin.com/WI/Milwaukee/4309-N-52nd-St-53216/home/90208679,METROMLS,1926303,N,Y,43.0956032,-87.9784778
MLS Listing,,Condo/Co-op,270 E Highland Ave #616,Milwaukee,WI,53202,399000,2,2.0,Milwaukee,1770,,1901,21,225,938,Active,,,https://www.redfin.com/WI/Milwaukee/270-E-Highland-Ave-53202/unit-616/home/58029483,METROMLS,1926302,N,Y,43.0452787,-87.9091676
