SALE TYPE,SOLD DATE,PROPERTY TYPE,ADDRESS,CITY,STATE OR PROVINCE,ZIP OR POSTAL CODE,PRICE,BEDS,BATHS,LOCATION,SQUARE FEET,LOT SIZE,YEAR BUILT,DAYS ON MARKET,$/SQUARE FEET,HOA/MONTH,STATUS,NEXT OPEN HOUSE START TIME,NEXT OPEN HOUSE END TIME,URL (SEE https://www.redfin.com/buy-a-home/comparative-market-analysis FOR INFO ON PRICING),SOURCE,MLS#,FAVORITE,INTERESTED,LATITUDE,LONGITUDE
"In accordance with local MLS rules, some MLS listings are not included in the download"
MLS Listing,,Single Family Residential,3217 Thorp St,Madison,WI,53714,399999,3,2.0,Madison,1439,4791,1926,36,278,,Active,,,https://www.redfin.com/WI/Madison/3217-Thorp-St-53714/home/57774472,SCWMLS,2003101,N,Y,43.0987775,-89.3350755
MLS Listing,,Vacant Land,2430 Frazier Ave,Madison,WI,53713,309000,,,Madison,,17859,,74,,,Active,,,https://www.redfin.com/WI/Madison/2430-Frazier-Ave-53713/home/180644882,SCWMLS,2000159,N,Y,43.047529,-89.352659
MLS Listing,,Single Family Residential,1210 Acewood Blvd,Madison,WI,53716,430000,3,2.0,Elvehjem,1771,8276,1967,1,243,,Active,August-3-2025 11:00 AM,August-3-2025 01:00 PM,https://www.redfin.com/WI/Madison/1210-Acewood-Blvd-53716/home/67563106,SCWMLS,2005731,N,Y,43.0799075,-89.3033624
MLS Listing,,Condo/Co-op,1406 Whispering Pines Way,Fitchburg,WI,53713,204900,2,1.0,Fitchburg,1019,,1985,1,201,220,Active,,,https://www.redfin.com/WI/Fitchburg/1406-Whispering-Pines-Way-53713/home/185130134,SCWMLS,2005246,N,Y,43.023496,-89.427273
MLS Listing,,Single Family Residential,5222 Piccadilly Dr,Madison,WI,53714,399900,4,2.0,Madison,2210,13939,1975,1,181,,Active,,,https://www.redfin.com/WI/Madison/5222-Piccadilly-Dr-53714/home/57604345,SCWMLS,2005448,N,Y,43.1012163,-89.2907606
MLS Listing,,Townhouse,6059 Canyon Pkwy,Mcfarland,WI,53558,425000,3,2.5,Madison,1883,,2017,1,226,475,Active,August-3-2025 11:00 AM,August-3-2025 01:00 PM,https://www.redfin.com/WI/McFarland/6059-Canyon-Pkwy-53558/home/112774545,SCWMLS,2004827,N,Y,43.027686,-89.272927
MLS Listing,,Single Family Residential,1105 Droster Rd,Madison,WI,53716,400000,3,2.0,Sunrise Meadows,2055,9583,1976,1,195,,Active,August-2-2025 10:30 AM,August-2-2025 12:30 PM,https://www.redfin.com/WI/Madison/1105-Droster-Rd-53716/home/57761552,SCWMLS,2005132,N,Y,43.0825544,-89.2863938
MLS Listing,,Single Family Residential,3513 Margaret St,Madison,WI,53714,365000,2,1.0,Madison,1026,4791,1929,1,356,,Active,August-3-2025 12:00 PM,August-3-2025 02:00 PM,https://www.redfin.com/WI/Madison/3513-Margaret-St-53714/home/89915398,SCWMLS,2005719,N,Y,43.0875985,-89.326559
MLS Listing,,Condo/Co-op,6758 Park Ridge Dr Unit C,Madison,WI,53719,200000,2,2.0,Madison,907,,1984,1,221,320,Active,,,https://www.redfin.com/WI/Madison/6758-Park-Ridge-Dr-53719/unit-C/home/57815378,SCWMLS,2005603,N,Y,43.0424402,-89.4992093
MLS Listing,,Single Family Residential,5819 Caddisfly Ln,Madison,WI,53718,489900,3,2.5,Village At Autumn Lake,1843,4356,2022,1,266,28,Active,August-7-2025 05:00 PM,August-7-2025 07:00 PM,https://www.redfin.com/WI/Madison/5819-Caddisfly-Ln-53718/home/178488717,SCWMLS,2003064,N,Y,43.125815,-89.278175
MLS Listing,,Condo/Co-op,519 D'Onofrio Dr #3,Madison,WI,53719,119900,0,1.0,Madison,496,,1985,1,242,275,Active,,,https://www.redfin.com/WI/Madison/519-Donofrio-Dr-53719/unit-3/home/89945979,SCWMLS,2005311,N,Y,43.0567935,-89.5137593
MLS Listing,,Single Family Residential,5014 Violet Ln,Madison,WI,53714,399900,4,3.0,Emerald Hills,2376,9147,1978,1,168,,Active,August-3-2025 11:00 AM,August-3-2025 01:00 PM,https://www.redfin.com/WI/Madison/5014-Violet-Ln-53714/home/57580634,SCWMLS,2005418,N,Y,43.1001092,-89.2960457
MLS Listing,,Single Family Residential,21 N Kenosha Dr,Madison,WI,53705,615000,3,2.0,Madison,1944,12632,1964,1,316,,Active,,,https://www.redfin.com/WI/Madison/21-N-Kenosha-Dr-53705/home/89964507,SCWMLS,2005702,N,Y,43.0692275,-89.4715017
MLS Listing,,Single Family Residential,1118 Starlight Dr,Madison,WI,53711,419999,5,3.0,Carton Crest,1961,10454,1965,1,214,,Active,,,https://www.redfin.com/WI/Madison/1118-Starlight-Dr-53711/home/57603571,SCWMLS,1998851,N,Y,43.0399326,-89.4579897
MLS Listing,,Condo/Co-op,1140 Morraine View Dr #204,Madison,WI,53719,159800,3,1.0,Madison,1111,,1989,1,144,325,Active,,,https://www.redfin.com/WI/Madison/1140-Morraine-View-Dr-53719/unit-204/home/62386231,SCWMLS,2005700,N,Y,43.041413,-89.5065555
MLS Listing,,Townhouse,32 Whitcomb Cir,Madison,WI,53711,225000,2,1.5,Madison,1319,,1972,1,171,358,Active,,,https://www.redfin.com/WI/Madison/32-Whitcomb-Cir-53711/home/185104812,SCWMLS,2005672,N,Y,43.0400089,-89.4615653
MLS Listing,,Single Family Residential,1118 Jenifer St,Madison,WI,53703,480000,3,1.0,Madison,1070,4356,1894,1,449,,Active,,,https://www.redfin.com/WI/Madison/1118-Jenifer-St-53703/home/89903738,SCWMLS,2005310,N,Y,43.0819125,-89.3648582
MLS Listing,,Single Family Residential,35 Spittlebug Cir,Madison,WI,53718,419900,2,2.0,Haven Village At Autumn Lake,1317,5227,2025,1,319,245,Active,,,https://www.redfin.com/WI/Unknown/35-Spittlebug-Cir-Unknown/home/194918544,SCWMLS,2005666,N,Y,43.126299,-89.283058
MLS Listing,,Single Family Residential,1518 Ellen Ave,Madison,WI,53716,439900,3,2.0,Meek-browne,2094,12196,1959,1,210,,Active,August-2-2025 11:00 AM,August-2-2025 12:00 PM,https://www.redfin.com/WI/Madison/1518-Ellen-Ave-53716/home/89917568,SCWMLS,2001602,N,Y,43.0760507,-89.2887002
MLS Listing,,Single Family Residential,5903 Winnequah Rd,Monona,WI,53716,999999,5,2.0,Frost Woods,1992,27442,1931,1,502,,Active,,,https://www.redfin.com/WI/Monona/5903-Winnequah-Rd-53716/home/89881017,SCWMLS,2003831,N,Y,43.055546,-89.337387
MLS Listing,,Single Family Residential,1006 Tramore Trl,Madison,WI,53717,600000,3,2.5,Wexford Village,2398,10890,1990,1,250,,Active,,,https://www.redfin.com/WI/Madison/1006-Tramore-Trl-53717/home/57606518,SCWMLS,2005635,N,Y,43.082212,-89.5156417
MLS Listing,,Single Family Residential,15 Eastridge Ct,Madison,WI,53716,399900,3,2.0,Eastridge Trail,1492,11761,1993,1,268,,Active,August-3-2025 11:00 AM,August-3-2025 01:00 PM,https://www.redfin.com/WI/Madison/15-Eastridge-Ct-53716/home/57590787,SCWMLS,2002605,N,Y,43.0749488,-89.2818857
MLS Listing,,Single Family Residential,1941 Northwestern Ave,Madison,WI,53704,299900,3,1.0,Clyde A Gallagher,1225,4791,1952,1,245,,Active,,,https://www.redfin.com/WI/Madison/1941-Northwestern-Ave-53704/home/57654264,SCWMLS,2004676,N,Y,43.1176677,-89.3579605
MLS Listing,,Single Family Residential,3329 Tally Ho Ln,Madison,WI,53705,1150000,4,3.0,Shorewood Hills,2788,9583,1950,1,412,,Active,,,https://www.redfin.com/WI/Madison/3329-Tallyho-Ln-53705/home/57744466,SCWMLS,2005604,N,Y,43.0774005,-89.4485591
MLS Listing,,Condo/Co-op,8253 Mayo Dr #201,Madison,WI,53719,304900,2,2.0,Madison,1419,,2006,1,215,515,Active,,,https://www.redfin.com/WI/Madison/8253-Mayo-Dr-53719/unit-201/home/57803917,SCWMLS,2005625,N,Y,43.0330231,-89.5278896
MLS Listing,,Single Family Residential,3909 Hynek Rd,Madison,WI,53714,329900,2,1.0,Schenk Park,1168,6534,1955,1,282,,Active,August-3-2025 01:00 PM,August-3-2025 03:00 PM,https://www.redfin.com/WI/Madison/3909-Hynek-Rd-53714/home/57602971,SCWMLS,2005472,N,Y,43.0925828,-89.3177193
MLS Listing,,Multi-Family (5+ Unit),"200,202 Marion, 542 W Dayton St",Madison,WI,53703,2550000,,,Madison,,7840,1894,2,,,Active,,,https://www.redfin.com/WI/Madison/542-W-Dayton-St-53703/home/89907537,SCWMLS,2005615,N,Y,43.0709879,-89.3952173
MLS Listing,,Single Family Residential,7133 E Valley Ridge Dr,Madison,WI,53719,420000,3,2.0,Highland Village,1737,6969,1989,2,242,46,Active,August-3-2025 12:30 PM,August-3-2025 02:00 PM,https://www.redfin.com/WI/Madison/7133-E-Valley-Ridge-Dr-53719/home/89901670,SCWMLS,2005610,N,Y,43.0474599,-89.5063047
MLS Listing,,Condo/Co-op,4318 Melody Ln #104,Madison,WI,53704,154900,1,1.0,Madison,675,,1974,2,229,22450,Active,,,https://www.redfin.com/WI/Madison/4318-Melody-Ln-53704/unit-104/home/62386572,SCWMLS,2005605,N,Y,43.1317629,-89.3099541
MLS Listing,,Single Family Residential,5158 Ridge Oak Dr,Madison,WI,53704,380000,4,3.0,Ridgewood Drumlin Addition,1823,6098,1996,2,208,42,Active,August-2-2025 12:00 PM,August-2-2025 02:00 PM,https://www.redfin.com/WI/Madison/5158-Ridge-Oak-Dr-53704/home/89923656,SCWMLS,2004202,N,Y,43.1177826,-89.2937438
MLS Listing,,Single Family Residential,5128 Spring Ct,Madison,WI,53705,1850000,4,3.5,Spring Harbor,3861,11761,1925,2,479,,Active,,,https://www.redfin.com/WI/Madison/5128-Spring-Ct-53705/home/89941034,SCWMLS,2005190,N,Y,43.0816988,-89.4681804
MLS Listing,,Single Family Residential,135 S Brittingham Pl,Madison,WI,53715,1022000,3,4.5,Madison,2522,5227,1916,2,405,,Active,August-3-2025 12:30 PM,August-3-2025 03:00 PM,https://www.redfin.com/WI/Madison/135-S-Brittingham-Pl-53715/home/89965543,SCWMLS,2005592,N,Y,43.0643692,-89.3933382
MLS Listing,,Condo/Co-op,1634 Kings Mill Way #308,Madison,WI,53718,245000,2,2.0,Madison,1017,,2002,2,241,320,Active,,,https://www.redfin.com/WI/Madison/1634-Kings-Mill-Way-53718/unit-308/home/89946536,SCWMLS,2005591,N,Y,43.0749964,-89.2785905
MLS Listing,,Condo/Co-op,940 Acewood Blvd,Madison,WI,53714,239000,2,1.0,Madison,1129,,1988,2,212,290,Active,,,https://www.redfin.com/WI/Madison/940-Acewood-Blvd-53714/home/185108156,SCWMLS,2005590,N,Y,43.085509,-89.303622
MLS Listing,,Single Family Residential,4101 Donald Dr,Madison,WI,53704,394900,3,2.0,Sandburg Heights,1608,8276,1976,2,246,,Active,,,https://www.redfin.com/WI/Madison/4101-Donald-Dr-53704/home/57622662,SCWMLS,2005586,N,Y,43.1356935,-89.3141146
MLS Listing,,Multi-Family (2-4 Unit),119 N Bassett St,Madison,WI,53703,880000,7,2.0,Madison,,2178,1900,2,,,Active,,,https://www.redfin.com/WI/Madison/119-N-Bassett-St-53703/home/89907969,SCWMLS,2005582,N,Y,43.0715693,-89.3922971
MLS Listing,,Single Family Residential,7225 Blue Maple Trl,Madison,WI,53719,474900,3,2.0,The Crossing,2027,7405,1999,2,234,,Active,,,https://www.redfin.com/WI/Madison/7225-Blue-Maple-Trl-53719/home/57736197,SCWMLS,2005580,N,Y,43.0079081,-89.509334
MLS Listing,,Condo/Co-op,5328 Congress Ave #2,Madison,WI,53718,225000,1,1.0,Madison,1058,,2004,2,213,275,Active,August-1-2025 03:00 PM,August-1-2025 06:00 PM,https://www.redfin.com/WI/Madison/5328-Congress-Ave-53718/unit-2/home/62386986,SCWMLS,2004356,N,Y,43.138682,-89.285903
MLS Listing,,Single Family Residential,8405 Dolomite Ln,Madison,WI,53719,495000,3,2.0,Stone Crest Estates,1736,7840,2003,2,285,,Active,,,https://www.redfin.com/WI/Madison/8405-Dolomite-Ln-53719/home/57583645,SCWMLS,2004640,N,Y,43.028359,-89.5314106
MLS Listing,,Single Family Residential,626 Samuel Dr,Madison,WI,53717,549000,4,2.0,Old Sauk Village,2000,9583,2001,2,275,,Active,,,https://www.redfin.com/WI/Madison/626-Samuel-Dr-53717/home/89900287,SCWMLS,2005554,N,Y,43.0734048,-89.5318624
MLS Listing,,Single Family Residential,21 E Newhaven Cir,Madison,WI,53717,599900,3,2.5,Wexford,3244,12196,1985,2,185,,Active,August-2-2025 10:00 AM,August-2-2025 12:00 PM,https://www.redfin.com/WI/Madison/21-E-Newhaven-Cir-53717/home/57791327,SCWMLS,2005287,N,Y,43.0824183,-89.5127235
MLS Listing,,Single Family Residential,151 Lakewood Blvd,Madison,WI,53704,775000,3,1.5,Maple Bluff,2019,10018,1935,2,384,,Active,August-3-2025 11:00 AM,August-3-2025 01:00 PM,https://www.redfin.com/WI/Madison/151-Lakewood-Blvd-53704/home/89957780,SCWMLS,2005251,N,Y,43.1067307,-89.3673127
MLS Listing,,Single Family Residential,2210 E Johnson St,Madison,WI,53704,394900,3,1.5,N/a,1494,5662,1925,2,264,,Active,,,https://www.redfin.com/WI/Madison/2210-E-Johnson-St-53704/home/89914672,SCWMLS,2005097,N,Y,43.0986001,-89.3568546
MLS Listing,,Single Family Residential,418 N Sherman Ave,Madison,WI,53704,494900,2,1.5,Lakewood,1761,9583,1930,2,281,,Active,August-2-2025 11:00 AM,August-2-2025 01:00 PM,https://www.redfin.com/WI/Madison/418-N-Sherman-Ave-53704/home/89957781,SCWMLS,2004464,N,Y,43.1051957,-89.3643251
MLS Listing,,Single Family Residential,313 S Segoe Rd,Madison,WI,53705,459900,3,3.0,University Hill Farms,1670,10018,1957,2,275,,Active,,,https://www.redfin.com/WI/Madison/313-S-Segoe-Rd-53705/home/89905117,SCWMLS,2005530,N,Y,43.0621689,-89.4575954
MLS Listing,,Condo/Co-op,8253 Mayo Dr #103,Madison,WI,53719,229000,1,1.0,Madison,935,,2006,2,245,432,Active,August-1-2025 04:30 PM,August-1-2025 06:30 PM,https://www.redfin.com/WI/Madison/8253-Mayo-Dr-53719/unit-103/home/57810956,SCWMLS,2005524,N,Y,43.0330231,-89.5278896
MLS Listing,,Townhouse,5444 Patriot Dr,Madison,WI,53718,319900,2,2.0,Madison,1594,,2004,2,201,290,Active,,,https://www.redfin.com/WI/Madison/5444-Patriot-Dr-53718/home/185098648,SCWMLS,2005513,N,Y,43.1401107,-89.2821676
MLS Listing,,Condo/Co-op,333 Mifflin St #2150,Madison,WI,53703,349900,1,1.0,Madison,871,,2007,3,402,489,Active,,,https://www.redfin.com/WI/Madison/333-W-Mifflin-St-53703/unit-2150/home/89929353,SCWMLS,2005494,N,Y,43.0725293,-89.389168
MLS Listing,,Single Family Residential,13 Apple Hill Cir,Madison,WI,53717,549900,4,2.0,Wexford Village,2218,8712,1984,3,248,,Active,August-3-2025 10:00 AM,August-3-2025 12:00 PM,https://www.redfin.com/WI/Madison/13-Apple-Hill-Cir-53717/home/89963131,SCWMLS,2005235,N,Y,43.0818349,-89.511199
MLS Listing,,Townhouse,3354 N Stone Creek Cir,Madison,WI,53719,379900,2,2.5,Madison,1632,,1999,3,233,394,Active,,,https://www.redfin.com/WI/Madison/3354-N-Stone-Creek-Cir-53719/home/185096866,SCWMLS,2000992,N,Y,43.011064,-89.504008
MLS Listing,,Condo/Co-op,2127 Luann Ln #6,Madison,WI,53713,260000,2,2.0,Madison,1200,,1988,3,217,280,Active,,,https://www.redfin.com/WI/Madison/2127-Luann-Ln-53713/unit-6/home/89926872,SCWMLS,2005491,N,Y,43.0321539,-89.4166176
MLS Listing,,Single Family Residential,714 Oneida Pl,Madison,WI,53711,1225000,4,2.0,Nakoma,3072,9583,1925,3,399,,Active,August-3-2025 12:00 PM,August-3-2025 02:00 PM,https://www.redfin.com/WI/Madison/714-Oneida-Pl-53711/home/81075408,SCWMLS,2004340,N,Y,43.0502735,-89.4427367
MLS Listing,,Single Family Residential,754 Sky Ridge Dr,Madison,WI,53719,424900,3,2.0,Highland Village 2nd Addn,1516,8276,1993,3,280,,Active,,,https://www.redfin.com/WI/Madison/754-Sky-Ridge-Dr-53719/home/89963551,SCWMLS,2005465,N,Y,43.0501208,-89.5114867
MLS Listing,,Single Family Residential,1406 Dewberry Dr,Madison,WI,53719,450000,4,2.5,Valley Ridge,1926,5662,2002,3,234,9,Active,August-3-2025 10:00 AM,August-3-2025 12:00 PM,https://www.redfin.com/WI/Madison/1406-Dewberry-Dr-53719/home/57670618,SCWMLS,2005455,N,Y,43.0364684,-89.5228922
MLS Listing,,Townhouse,7370 Old Sauk Rd,Madison,WI,53717,305000,2,1.5,Madison,1552,,1983,3,197,389,Active,,,https://www.redfin.com/WI/Madison/7370-Old-Sauk-Rd-53717/home/185132641,SCWMLS,2005452,N,Y,43.0760486,-89.5122343
MLS Listing,,Single Family Residential,1813 Paso Roble Way,Madison,WI,53716,425000,3,1.0,Madison,1652,9583,1978,3,257,,Active,August-2-2025 11:00 AM,August-2-2025 01:00 PM,https://www.redfin.com/WI/Madison/1813-Paso-Roble-Way-53716/home/89917936,SCWMLS,2004380,N,Y,43.0723819,-89.2869594
MLS Listing,,Single Family Residential,118 Briar Crest St,Madison,WI,53704,475000,3,2.5,North Lake Mendota,2734,9583,2000,3,174,,Active,August-1-2025 04:00 PM,August-1-2025 06:00 PM,https://www.redfin.com/WI/Madison/118-Briar-Crest-St-53704/home/89921055,SCWMLS,2004836,N,Y,43.1390295,-89.4008033
MLS Listing,,Condo/Co-op,8206 Starr Grass Dr #204,Madison,WI,53719,285000,2,2.0,Madison,1235,,2005,4,231,375,Active,,,https://www.redfin.com/WI/Madison/8206-Starr-Grass-Dr-53719/unit-204/home/57800966,METROMLS,1928602,N,Y,43.0352535,-89.527535
MLS Listing,,Condo/Co-op,360 W Washington Ave #1204,Madison,WI,53703,479900,2,2.0,Madison,1338,,2003,4,359,688,Active,,,https://www.redfin.com/WI/Madison/360-W-Washington-Ave-53703/unit-1204/home/89925664,SCWMLS,2005404,N,Y,43.0721159,-89.388464
MLS Listing,,Condo/Co-op,6302 Mineral Point Rd #303,Madison,WI,53705,219900,1,1.0,Madison,1110,,1974,4,198,508,Active,,,https://www.redfin.com/WI/Madison/6302-Mineral-Point-Rd-53705/unit-303/home/89901135,SCWMLS,2005401,N,Y,43.061665,-89.49066
MLS Listing,,Condo/Co-op,8 Westover Ct,Madison,WI,53719,285000,3,1.5,Madison,1380,,1983,4,207,,Active,,,https://www.redfin.com/WI/Madison/8-Westover-Ct-53719/home/185104391,SCWMLS,2005385,N,Y,43.0421496,-89.5015431
MLS Listing,,Condo/Co-op,530 W Doty St #107,Madison,WI,53703,350000,1,1.0,Madison,852,,2001,4,411,307,Active,,,https://www.redfin.com/WI/Madison/530-W-Doty-St-53703/unit-107/home/57853293,SCWMLS,2005369,N,Y,43.0680136,-89.3898382
MLS Listing,,Single Family Residential,9202 Ancient Oak Ln,Verona,WI,53593,525000,3,3.5,Linden Park - 1st Add'n,2174,6969,2009,4,241,26,Active,August-2-2025 11:00 AM,August-2-2025 01:00 PM,https://www.redfin.com/WI/Verona/9202-Ancient-Oak-Ln-53593/home/57616213,SCWMLS,2005364,N,Y,43.0440564,-89.5452957
MLS Listing,,Condo/Co-op,350 S Hamilton St #901,Madison,WI,53703,1050000,2,2.0,Madison,1646,,2006,4,638,878,Active,,,https://www.redfin.com/WI/Madison/350-S-Hamilton-St-53703/unit-901/home/89947587,SCWMLS,2005176,N,Y,43.0694858,-89.3844347
MLS Listing,,Multi-Family (2-4 Unit),1046 E Gorham St,Madison,WI,53703,675000,5,2.0,Madison,,3920,1899,6,,,Active,,,https://www.redfin.com/WI/Madison/1046-E-Gorham-St-53703/home/88662702,SCWMLS,2005320,N,Y,43.0875868,-89.3740257
MLS Listing,,Single Family Residential,3002 Irvington Way,Madison,WI,53713,695000,3,2.5,Irvington Addition,2872,13068,1988,6,242,,Active,August-3-2025 12:00 PM,August-3-2025 02:00 PM,https://www.redfin.com/WI/Madison/3002-Irvington-Way-53713/home/89898560,SCWMLS,2003922,N,Y,43.0251299,-89.4283218
MLS Listing,,Single Family Residential,7114 Littlemore Dr,Madison,WI,53718,475000,4,2.5,The Meadowlands,2172,6534,2018,7,219,13,Active,,,https://www.redfin.com/WI/Madison/7114-Littlemore-Dr-53718/home/89946435,SCWMLS,2005312,N,Y,43.0989741,-89.2515598
MLS Listing,,Single Family Residential,2835 Hoard St,Madison,WI,53704,449900,5,3.0,Eken Park,1696,3920,1925,7,265,,Active,,,https://www.redfin.com/WI/Madison/2835-Hoard-St-53704/home/89913212,SCWMLS,2005306,N,Y,43.1049513,-89.3439267
MLS Listing,,Multi-Family (2-4 Unit),2670 Hoard St,Madison,WI,53704,499900,4,2.0,Madison,,4791,1949,7,,,Active,,,https://www.redfin.com/WI/Madison/2670-Hoard-St-53704/home/89913744,SCWMLS,2005307,N,Y,43.1053911,-89.3480228
MLS Listing,,Single Family Residential,2833 Hoard St,Madison,WI,53704,649900,5,3.0,Eken Park,2079,3920,2016,7,313,,Active,,,https://www.redfin.com/WI/Madison/2833-Hoard-St-53704/home/89941785,SCWMLS,2005305,N,Y,43.1049457,-89.3440343
MLS Listing,,Single Family Residential,3109 Ashford Ln,Madison,WI,53713,469000,3,2.0,Arbor Hills,1996,10018,1973,7,235,,Active,,,https://www.redfin.com/WI/Madison/3109-Ashford-Ln-53713/home/89898015,SCWMLS,2005303,N,Y,43.0294188,-89.4260723
MLS Listing,,Single Family Residential,3718 Paus St,Madison,WI,53714,377000,3,1.0,Eastmorland,1720,7405,1956,7,219,,Active,,,https://www.redfin.com/WI/Madison/3718-Paus-St-53714/home/89966734,SCWMLS,2005286,N,Y,43.0922153,-89.3205271
MLS Listing,,Condo/Co-op,19 Sugar Maple Trl,Madison,WI,53717,459900,2,2.0,Madison,2138,,1974,7,215,527,Active,,,https://www.redfin.com/WI/Madison/19-Sugar-Maple-Trl-53717/home/89900774,SCWMLS,2005273,N,Y,43.0653304,-89.5071655
MLS Listing,,Condo/Co-op,1802 Monroe St #307,Madison,WI,53711,1350000,3,2.0,Madison,2450,,2006,7,551,810,Active,,,https://www.redfin.com/WI/Madison/1802-Monroe-St-53711/unit-307/home/57809742,SCWMLS,2005234,N,Y,43.0651467,-89.4170117
MLS Listing,,Townhouse,5672 Ambrosia Ter,Mcfarland,WI,53558,379000,2,2.5,Mcfarland,1896,,2004,7,200,250,Active,August-3-2025 12:00 PM,August-3-2025 02:00 PM,https://www.redfin.com/WI/McFarland/5672-Ambrosia-Ter-53558/home/185104607,SCWMLS,2002619,N,Y,43.025789,-89.282576
MLS Listing,,Single Family Residential,505 Lone Oak Ln,Verona,WI,53593,589900,3,2.5,Acacia Ridge,1848,6969,2025,7,319,20,Active,,,https://www.redfin.com/WI/Verona/505-Lone-Oak-Ln-53593/home/196611081,SCWMLS,2005216,N,Y,43.047461,-89.54271
MLS Listing,,Single Family Residential,9345 Golden Hue Blvd,Verona,WI,53593,429900,3,2.5,Cardinal Glenn,1505,4356,2010,7,286,21,Active,,,https://www.redfin.com/WI/Verona/9345-Golden-Hue-Blvd-53593/home/57578458,SCWMLS,2005209,N,Y,43.0550081,-89.5491341
MLS Listing,,Single Family Residential,314 Eugenia Ave,Madison,WI,53705,530000,3,1.5,Madison,1459,7840,1956,8,363,,Active,August-3-2025 01:00 PM,August-3-2025 03:00 PM,https://www.redfin.com/WI/Madison/314-Eugenia-Ave-53705/home/89964714,SCWMLS,2005201,N,Y,43.0702746,-89.4455914
MLS Listing,,Single Family Residential,228 Little Bear Dr,Middleton,WI,53562,724900,4,2.5,Woodstone,2097,7840,2019,8,346,,Active,,,https://www.redfin.com/WI/Middleton/228-Little-Bear-Dr-53562/home/89952217,SCWMLS,2005195,N,Y,43.0654583,-89.5515121
MLS Listing,,Single Family Residential,6 Wood Cir,Madison,WI,53705,450000,3,2.0,Spring Harbor,1938,13068,1956,8,232,,Active,,,https://www.redfin.com/WI/Madison/6-Wood-Cir-53705/home/89904269,SCWMLS,2004528,N,Y,43.083111,-89.4744023
MLS Listing,,Single Family Residential,9121 Rustic Pine Rd,Verona,WI,53593,459900,3,2.5,Acacia Ridge,1522,3484,2025,8,302,20,Active,,,https://www.redfin.com/WI/Verona/9121-Rustic-Pine-Rd-53593/home/194912730,SCWMLS,2005182,N,Y,43.047588,-89.543909
MLS Listing,,Single Family Residential,9116 Valley View Rd,Verona,WI,53593,409900,3,2.5,Acacia Ridge,1644,3049,2025,8,249,20,Active,,,https://www.redfin.com/WI/Verona/9116-Valley-View-Rd-53593/home/196668836,SCWMLS,2005157,N,Y,43.045966,-89.543549
MLS Listing,,Single Family Residential,437 Lone Oak Ln,Verona,WI,53593,514900,3,2.5,Acacia Ridge,1502,6969,2025,8,343,20,Active,,,https://www.redfin.com/WI/Verona/437-Lone-Oak-Ln-53593/home/196581306,SCWMLS,2005155,N,Y,43.048406,-89.542681
MLS Listing,,Single Family Residential,8921 Snowberry Ln,Verona,WI,53593,540000,3,3.5,Linden Park,2544,6098,2009,8,212,26,Active,August-2-2025 11:00 AM,August-2-2025 01:00 PM,https://www.redfin.com/WI/Verona/8921-Snowberry-Ln-53593/home/57584575,SCWMLS,2004683,N,Y,43.0437228,-89.5398353
MLS Listing,,Single Family Residential,106 Violet Cir,Madison,WI,53714,389900,3,2.0,Honeysuckle Acres,1871,10454,1973,8,208,,Active,,,https://www.redfin.com/WI/Madison/106-Violet-Cir-53714/home/57631346,SCWMLS,2005120,N,Y,43.1011184,-89.3006657
MLS Listing,,Single Family Residential,750 Engelhart Dr,Madison,WI,53713,425000,4,2.5,Indian Springs,2145,9147,1993,8,198,,Active,,,https://www.redfin.com/WI/Madison/750-Engelhart-Dr-53713/home/89897916,SCWMLS,2002211,N,Y,43.0310071,-89.3735689
MLS Listing,,Single Family Residential,1206 Frisch Rd,Madison,WI,53711,475000,4,2.5,Greentree,2352,10454,1968,8,202,,Active,,,https://www.redfin.com/WI/Madison/1206-Frisch-Rd-53711/home/89902217,SCWMLS,2005108,N,Y,43.0404137,-89.4931782
MLS Listing,,Single Family Residential,5306 Arapahoe Ln,Madison,WI,53704,575000,3,2.5,Madison,2257,12632,1977,8,255,,Active,August-2-2025 12:00 PM,August-2-2025 02:00 PM,https://www.redfin.com/WI/Madison/5306-Arapahoe-Ln-53704/home/89919266,SCWMLS,2003792,N,Y,43.1531181,-89.374952
MLS Listing,,Condo/Co-op,8206 Starr Grass Dr #209,Madison,WI,53719,300000,2,2.0,Madison,1421,,2005,8,211,376,Active,,,https://www.redfin.com/WI/Madison/8206-Starr-Grass-Dr-53719/unit-209/home/57835725,SCWMLS,2005102,N,Y,43.0352535,-89.527535
MLS Listing,,Condo/Co-op,2 Captains Ct #3,Madison,WI,53719,267000,2,2.0,Madison,1005,,1987,8,266,319,Active,,,https://www.redfin.com/WI/Madison/2-Captains-Ct-53719/unit-3/home/106211403,SCWMLS,2005100,N,Y,43.050188,-89.5072686
MLS Listing,,Single Family Residential,6809 Pilgrim Rd,Madison,WI,53711,449000,3,2.0,West Meadowood Hills,1951,11761,1978,8,230,,Active,,,https://www.redfin.com/WI/Madison/6809-Pilgrim-Rd-53711/home/89895878,SCWMLS,2005098,N,Y,43.0274688,-89.4994761
MLS Listing,,Condo/Co-op,700 Herndon Dr #303,Madison,WI,53718,257500,2,2.0,Madison,1114,,2003,8,231,295,Active,August-2-2025 10:00 AM,August-2-2025 12:00 PM,https://www.redfin.com/WI/Madison/700-Herndon-Dr-53718/unit-303/home/57833750,SCWMLS,2004869,N,Y,43.0878253,-89.2652317
MLS Listing,,Single Family Residential,9810 Talons Way,Verona,WI,53593,477000,4,2.0,Hawks Woods,2100,7840,2003,9,227,,Active,,,https://www.redfin.com/WI/Verona/9810-Talons-Way-53593/home/57655002,SCWMLS,2005091,N,Y,43.0399494,-89.5583537
MLS Listing,,Single Family Residential,1726 Schlimgen Ave,Madison,WI,53704,324900,2,1.0,Clyde A. Gallagher,979,4791,1953,9,332,,Active,August-2-2025 10:00 AM,August-2-2025 12:00 PM,https://www.redfin.com/WI/Madison/1726-Schlimgen-Ave-53704/home/57571731,SCWMLS,2005089,N,Y,43.118993,-89.3624826
MLS Listing,,Single Family Residential,5701 Cove Cir,Monona,WI,53716,900000,3,3.5,Monona Squaw Bay,3979,12632,1969,9,226,,Active,,,https://www.redfin.com/WI/Monona/5701-Cove-Cir-53716/home/89881013,SCWMLS,2002374,N,Y,43.0583866,-89.3409031
MLS Listing,,Single Family Residential,246 Blooming Leaf Way,Verona,WI,53593,549900,4,3.0,Birchwood Point,2341,4791,2017,9,235,15,Active,August-3-2025 12:00 PM,August-3-2025 02:00 PM,https://www.redfin.com/WI/Verona/246-Blooming-Leaf-Way-53593/home/113368439,SCWMLS,2005054,N,Y,43.0574393,-89.565482
MLS Listing,,Single Family Residential,539 Windy Willow Rd,Verona,WI,53593,775000,4,2.5,Eagle Trace,2482,9147,2021,9,312,15,Active,,,https://www.redfin.com/WI/Verona/539-Windy-Willow-Rd-53593/home/174960694,SCWMLS,2005053,N,Y,43.0700648,-89.569086
MLS Listing,,Condo/Co-op,906 Kottke Dr #5,Madison,WI,53719,259500,2,2.0,Madison,1005,,1987,9,258,319,Active,,,https://www.redfin.com/WI/Madison/906-Kottke-Dr-53719/unit-5/home/62385628,SCWMLS,2005052,N,Y,43.0483799,-89.5073019
MLS Listing,,Condo/Co-op,111 N Hamilton St #202,Madison,WI,53703,290000,1,1.0,Madison,626,,2002,9,463,236,Active,,,https://www.redfin.com/WI/Madison/111-N-Hamilton-St-53703/unit-202/home/89925514,SCWMLS,2004880,N,Y,43.076802,-89.38383
MLS Listing,,Single Family Residential,1858 Rutledge St,Madison,WI,53704,735000,3,2.0,Marquette,1714,3484,1952,9,429,,Active,August-3-2025 12:00 PM,August-3-2025 02:00 PM,https://www.redfin.com/WI/Madison/1858-Rutledge-St-53704/home/89914582,SCWMLS,2004956,N,Y,43.0887352,-89.3522188
MLS Listing,,Single Family Residential,7120 Field Flower Way,Madison,WI,53718,480000,3,2.5,The Meadowlands,1660,9583,2018,9,289,13,Active,,,https://www.redfin.com/WI/Madison/7120-Field-Flower-Way-53718/home/107065179,SCWMLS,2004954,N,Y,43.0997152,-89.2517699
MLS Listing,,Single Family Residential,713 Dexter St,Madison,WI,53704,260000,1,1.5,Madison,611,2178,1930,9,426,,Active,,,https://www.redfin.com/WI/Madison/713-Dexter-St-53704/home/57590510,SCWMLS,2004311,N,Y,43.1081467,-89.3527101
MLS Listing,,Single Family Residential,630 Big Stone Trl,Middleton,WI,53562,1060000,5,4.0,The Willows,4705,12196,2016,9,225,,Active,August-3-2025 12:00 PM,August-3-2025 02:00 PM,https://www.redfin.com/WI/Middleton/630-Big-Stone-Trl-53562/home/108539183,SCWMLS,2004338,N,Y,43.0736947,-89.5578181
MLS Listing,,Vacant Land,5393 Westport Rd,Madison,WI,53704,399900,,,Westport,,8712,,9,,,Active,,,https://www.redfin.com/WI/Madison/5393-Westport-Rd-53704/home/89932814,SCWMLS,2005040,N,Y,43.1523757,-89.4077343
MLS Listing,,Condo/Co-op,7361 Tree Ln,Madison,WI,53717,285000,2,2.0,Madison,1559,,1980,9,183,418,Active,,,https://www.redfin.com/WI/Madison/7361-Tree-Ln-53717/home/89901116,SCWMLS,2004448,N,Y,43.0636071,-89.5099149
MLS Listing,,Single Family Residential,3162 Webb Ave,Madison,WI,53714,299900,3,2.0,Blooming Grove,1709,5227,1957,10,175,,Active,,,https://www.redfin.com/WI/Madison/3162-Webb-Ave-53714/home/89879725,METROMLS,1927711,N,Y,43.1047288,-89.3346187
MLS Listing,,Single Family Residential,10 Roxbury Rd,Madison,WI,53704,1275000,3,4.0,Maple Bluff,3860,10890,1956,10,330,,Active,August-2-2025 11:00 AM,August-2-2025 01:00 PM,https://www.redfin.com/WI/Madison/10-Roxbury-Rd-53704/home/57793755,SCWMLS,2004641,N,Y,43.1078482,-89.3643101
MLS Listing,,Single Family Residential,1276 Fairhaven Rd,Sun Prairie,WI,53590,699000,4,4.0,Providence,3921,7840,2017,10,178,21,Active,,,https://www.redfin.com/WI/Sun-Prairie/1276-Fairhaven-Rd-53590/home/89943527,SCWMLS,2004951,N,Y,43.1659021,-89.2846458
MLS Listing,,Condo/Co-op,201 N Blair St #206,Madison,WI,53703,399900,1,1.5,Madison,935,,2002,10,428,329,Active,,,https://www.redfin.com/WI/Madison/201-N-Blair-St-53703/unit-206/home/57799924,SCWMLS,2004667,N,Y,43.0804027,-89.3806683
MLS Listing,,Single Family Residential,2306 Bedner Rd,Madison,WI,53719,799000,5,3.0,Hawk's Creek,3220,8276,2010,11,248,,Active,August-3-2025 01:00 PM,August-3-2025 03:00 PM,https://www.redfin.com/WI/Madison/2306-Bedner-Rd-53719/home/57684669,SCWMLS,2004873,N,Y,43.0279118,-89.5256432
MLS Listing,,Condo/Co-op,922 Harbor House Dr #4,Madison,WI,53719,239900,2,2.0,Madison,1005,,1989,11,239,319,Active,,,https://www.redfin.com/WI/Madison/922-Harbor-House-Dr-53719/unit-4/home/61230815,SCWMLS,2004854,N,Y,43.0478364,-89.5087286
MLS Listing,,Condo/Co-op,612 N Westfield Rd Unit D,Madison,WI,53717,210000,2,1.0,Madison,900,,1974,11,233,330,Active,,,https://www.redfin.com/WI/Madison/612-N-Westfield-Rd-53717/unit-D/home/89900023,SCWMLS,2004853,N,Y,43.074593,-89.508623
MLS Listing,,Single Family Residential,13 Laredo Ct,Madison,WI,53719,459900,4,2.5,Madison,1868,7405,1989,11,246,7,Active,,,https://www.redfin.com/WI/Madison/13-Laredo-Ct-53719/home/89896966,SCWMLS,2004763,N,Y,43.0173714,-89.5077453
MLS Listing,,Single Family Residential,3805 Meyer Ave,Madison,WI,53711,775000,3,2.0,Westmorland,1788,6098,1953,11,433,,Active,,,https://www.redfin.com/WI/Madison/3805-Meyer-Ave-53711/home/57659074,SCWMLS,2004847,N,Y,43.0572695,-89.4392032
MLS Listing,,Single Family Residential,3509 Graceland Ave,Madison,WI,53704,299900,3,1.5,Madison,1111,4791,1925,11,270,,Active,,,https://www.redfin.com/WI/Madison/3509-Graceland-Ave-53704/home/57603051,SCWMLS,2004837,N,Y,43.1167744,-89.3280506
MLS Listing,,Condo/Co-op,321 Palomino Ln Unit 1S,Madison,WI,53705,309900,3,1.0,Madison,1055,,1957,11,294,205,Active,August-2-2025 12:00 PM,August-2-2025 02:00 PM,https://www.redfin.com/WI/Madison/321-Palomino-Ln-53705/unit-1S/home/89904946,SCWMLS,2004695,N,Y,43.0704287,-89.4440154
MLS Listing,,Single Family Residential,1202 Southridge Dr,Madison,WI,53704,450000,3,2.5,Madison,2355,8276,2000,14,191,,Active,,,https://www.redfin.com/WI/Madison/1202-Southridge-Dr-53704/home/57620278,SCWMLS,2004773,N,Y,43.1163867,-89.292068
MLS Listing,,Single Family Residential,2 Greystone Cir,Middleton,WI,53562,879900,4,3.5,Madison,3641,10454,2004,14,242,,Active,August-2-2025 11:00 AM,August-2-2025 01:00 PM,https://www.redfin.com/WI/Middleton/2-Greystone-Cir-53562/home/89944426,SCWMLS,2004668,N,Y,43.0781832,-89.5541026
MLS Listing,,Multi-Family (2-4 Unit),8133-8135 Broadmoor St,Madison,WI,53719,770000,5,5.0,Mid Town Commons,,6577,2002,14,,,Active,,,https://www.redfin.com/WI/Madison/8133-Broadmoor-St-53719/home/89924343,SCWMLS,2004729,N,Y,43.035452,-89.5254603
MLS Listing,,Single Family Residential,825 Mcbride Rd,Madison,WI,53704,1450000,3,3.0,Maple Bluff,3005,13503,1956,14,483,,Active,,,https://www.redfin.com/WI/Madison/825-McBride-Rd-53704/home/57608446,SCWMLS,2004724,N,Y,43.117305,-89.377292
MLS Listing,,Single Family Residential,18 Clarendon Ct,Madison,WI,53704,649900,3,2.5,Clarendon Hills,2888,11761,1992,14,225,,Active,,,https://www.redfin.com/WI/Madison/18-Clarendon-Ct-53704/home/89922044,SCWMLS,2004714,N,Y,43.1326405,-89.3129056
MLS Listing,,Single Family Residential,9914 Soaring Sky Run,Verona,WI,53593,500000,3,2.5,Hawks Woods,1853,9147,2004,14,270,,Active,August-3-2025 11:00 AM,August-3-2025 01:00 PM,https://www.redfin.com/WI/Verona/9914-Soaring-Sky-Run-53593/home/57605181,SCWMLS,2004558,N,Y,43.0398556,-89.5609392
MLS Listing,,Single Family Residential,212 Sugar Maple Ln,Verona,WI,53593,459900,3,2.5,Birchwood Point,1520,4356,2016,14,303,15,Active,August-3-2025 10:30 AM,August-3-2025 12:00 PM,https://www.redfin.com/WI/Verona/212-Sugar-Maple-Ln-53593/home/113961660,METROMLS,1927180,N,Y,43.0584966,-89.5644299
MLS Listing,,Single Family Residential,214 N Meadow Ln,Madison,WI,53705,524900,4,2.0,Sunset Village,1647,8276,1960,14,319,,Active,,,https://www.redfin.com/WI/Madison/214-N-Meadow-Ln-53705/home/57728077,SCWMLS,2004686,N,Y,43.0688081,-89.4502832
MLS Listing,,Single Family Residential,510 Milky Way,Madison,WI,53718,484900,3,3.5,Grandview Commons,2667,5662,2011,14,182,18,Active,,,https://www.redfin.com/WI/Madison/510-Milky-Way-53718/home/57710171,SCWMLS,2004671,N,Y,43.0916328,-89.2794572
MLS Listing,,Single Family Residential,452 Galileo Dr,Madison,WI,53718,459900,3,3.0,Grandview Commons,1934,4356,2014,15,238,,Active,,,https://www.redfin.com/WI/Madison/452-Galileo-Dr-53718/home/89942123,METROMLS,1927112,N,Y,43.0923262,-89.2733308
MLS Listing,,Single Family Residential,4603 Turner Ave,Madison,WI,53716,374900,3,1.0,Morningside Heights,1533,7840,1935,15,245,,Active,,,https://www.redfin.com/WI/Madison/4603-Turner-Ave-53716/home/89968137,SCWMLS,2000252,N,Y,43.0751892,-89.3137185
MLS Listing,,Condo/Co-op,7826 E Oakbridge Way,Madison,WI,53717,243900,2,1.0,Madison,1034,,1981,15,236,400,Active,August-2-2025 12:00 PM,August-2-2025 02:00 PM,https://www.redfin.com/WI/Madison/7826-E-Oakbridge-Way-53717/home/185134942,SCWMLS,2003755,N,Y,43.063249,-89.518612
MLS Listing,,Single Family Residential,4105 Meyer Ave,Madison,WI,53711,415000,2,1.0,Westmorland 4th Addn,800,6098,1941,15,519,,Active,,,https://www.redfin.com/WI/Madison/4105-Meyer-Ave-53711/home/89965912,SCWMLS,2004606,N,Y,43.057251,-89.4440995
MLS Listing,,Single Family Residential,405 S Randall Ave,Madison,WI,53715,699000,3,1.5,Greenbush,1596,4356,1912,15,438,,Active,,,https://www.redfin.com/WI/Madison/405-S-Randall-Ave-53715/home/57593459,SCWMLS,2004167,N,Y,43.0627599,-89.4087204
MLS Listing,,Single Family Residential,1109 Mclean Dr,Madison,WI,53718,619900,4,3.5,Richmond Hill,3124,10890,1994,15,198,,Active,,,https://www.redfin.com/WI/Madison/1109-McLean-Dr-53718/home/89934436,SCWMLS,2004626,N,Y,43.0835036,-89.2733187
MLS Listing,,Condo/Co-op,964 Rockefeller Ln,Madison,WI,53704,250000,3,1.5,Madison,1130,,1994,15,221,300,Active,,,https://www.redfin.com/WI/Madison/964-Rockefeller-Ln-53704/home/185132378,SCWMLS,2001396,N,Y,43.111611,-89.298286
MLS Listing,,Single Family Residential,617 Cedar St,Madison,WI,53715,399000,3,2.5,Woodlawn Add,1868,7405,1920,15,214,,Active,August-3-2025 12:00 PM,August-3-2025 02:00 PM,https://www.redfin.com/WI/Madison/617-Cedar-St-53715/home/89907830,SCWMLS,2004115,N,Y,43.0517137,-89.3931815
MLS Listing,,Single Family Residential,1910 Vondron Rd,Madison,WI,53716,399900,3,1.5,Madison,1973,10018,1977,15,203,,Active,,,https://www.redfin.com/WI/Madison/1910-Vondron-Rd-53716/home/57590987,SCWMLS,2004602,N,Y,43.0715159,-89.2917791
MLS Listing,,Single Family Residential,2202 Lake Point Dr,Madison,WI,53713,349900,3,2.0,Hoboken Beach,1340,7405,1965,15,261,,Active,,,https://www.redfin.com/WI/Madison/2202-Lake-Point-Dr-53713/home/89918337,SCWMLS,2003885,N,Y,43.0485388,-89.3496987
MLS Listing,,Condo/Co-op,1802 Monroe St #202,Madison,WI,53711,450000,1,1.0,Madison,1013,,2006,15,444,530,Active,,,https://www.redfin.com/WI/Madison/1802-Monroe-St-53711/unit-202/home/57807849,SCWMLS,2003681,N,Y,43.0649298,-89.4173601
MLS Listing,,Single Family Residential,266 Kensington Dr,Madison,WI,53704,979000,4,3.5,Maple Bluff,2575,10890,1939,15,380,,Active,,,https://www.redfin.com/WI/Madison/266-Kensington-Dr-53704/home/86369483,SCWMLS,2004585,N,Y,43.1100413,-89.3654276
MLS Listing,,Single Family Residential,6634 Broad Creek Blvd,Madison,WI,53718,475000,3,2.5,Reston Heights,2200,7840,2004,15,216,19,Active,,,https://www.redfin.com/WI/Madison/6634-Broad-Creek-Blvd-53718/home/57739235,SCWMLS,2004581,N,Y,43.0960248,-89.2638507
MLS Listing,,Single Family Residential,6853 Shagbark Ct,Madison,WI,53719,750000,3,2.5,Hickory Ridge,2746,96703,1984,16,273,,Active,August-3-2025 01:30 PM,August-3-2025 03:30 PM,https://www.redfin.com/WI/Madison/6853-Shagbark-Ct-53719/home/89867587,SCWMLS,2004396,N,Y,43.0254643,-89.5229824
MLS Listing,,Single Family Residential,6421 Inner Dr,Madison,WI,53705,634900,4,2.5,Faircrest,2097,12196,1968,16,303,,Active,,,https://www.redfin.com/WI/Madison/6421-Inner-Dr-53705/home/89901704,SCWMLS,2004533,N,Y,43.0672829,-89.4913276
MLS Listing,,Condo/Co-op,350 W Wilson St #102,Madison,WI,53703,375000,1,1.5,Madison,1059,,1998,16,354,470,Active,,,https://www.redfin.com/WI/Madison/350-W-Wilson-St-53703/unit-102/home/57806097,SCWMLS,2004524,N,Y,43.0695554,-89.3860598
MLS Listing,,Single Family Residential,7412 Cedar Creek Trl,Madison,WI,53717,520000,4,3.5,Tamarack Trails,2624,3049,1983,16,198,,Active,,,https://www.redfin.com/WI/Madison/7412-Cedar-Creek-Trl-53717/home/89900643,SCWMLS,2003763,N,Y,43.0652038,-89.511277
MLS Listing,,Condo/Co-op,111 N Hamilton St #303,Madison,WI,53703,329900,1,1.0,Madison,899,,2002,17,367,276,Active,August-2-2025 01:00 PM,August-2-2025 03:00 PM,https://www.redfin.com/WI/Madison/111-N-Hamilton-St-53703/unit-303/home/62386804,SCWMLS,2004405,N,Y,43.076802,-89.38383
MLS Listing,,Single Family Residential,6416 Offshore Dr,Madison,WI,53705,429900,3,3.0,Faircrest,2261,6098,1969,17,190,,Active,,,https://www.redfin.com/WI/Madison/6416-Offshore-Dr-53705/home/185065899,SCWMLS,2004107,N,Y,43.0635605,-89.4915301
MLS Listing,,Single Family Residential,714 Baltzell St,Madison,WI,53711,859900,3,1.5,Dudgeon-monroe,2319,5227,1930,17,371,,Active,August-2-2025 12:00 PM,August-2-2025 02:00 PM,https://www.redfin.com/WI/Madison/714-Baltzell-St-53711/home/89908539,SCWMLS,2004378,N,Y,43.0562848,-89.4325835
MLS Listing,,Townhouse,917 Vernon Ave,Madison,WI,53714,280000,2,1.5,Madison,1183,,1984,17,237,250,Active,,,https://www.redfin.com/WI/Madison/917-Vernon-Ave-53714/home/179513578,SCWMLS,2003519,N,Y,43.0854781,-89.3052247
MLS Listing,,Single Family Residential,1831 Morning Mist Way,Madison,WI,53718,390000,3,2.5,Village At Autumn Lake,1510,4356,2018,17,258,18,Active,August-3-2025 12:00 PM,August-3-2025 02:00 PM,https://www.redfin.com/WI/Madison/1831-Morning-Mist-Way-53718/home/145060604,SCWMLS,2004351,N,Y,43.1233302,-89.2830724
MLS Listing,,Townhouse,527 Walnut Grove Dr,Madison,WI,53717,309900,3,2.5,Madison,1488,,1973,17,208,325,Active,,,https://www.redfin.com/WI/Madison/527-Walnut-Grove-Dr-53717/home/185119737,SCWMLS,2004346,N,Y,43.0747754,-89.5060055
MLS Listing,,Single Family Residential,5794 Portage & 3949 Hoepker Rd,Madison,WI,53718,750000,4,1.5,Burke,1669,87120,1956,17,449,,Active,,,https://www.redfin.com/WI/Madison/5794-Portage-Rd-53718/home/89888581,SCWMLS,2003951,N,Y,43.1644571,-89.303709
MLS Listing,,Single Family Residential,7 Gale Ct,Madison,WI,53704,400000,3,2.5,Cloverleaf Acres,2133,16552,1967,17,188,,Active,,,https://www.redfin.com/WI/Madison/7-Gale-Ct-53704/home/89920509,SCWMLS,2003520,N,Y,43.1342679,-89.3672757
MLS Listing,,Single Family Residential,215 E Dean Ave,Madison,WI,53716,410000,2,2.0,Madison,1186,21344,1953,18,346,,Active,,,https://www.redfin.com/WI/Madison/215-E-Dean-Ave-53716/home/89918443,SCWMLS,2004334,N,Y,43.0697475,-89.3224544
MLS Listing,,Single Family Residential,101 Walker Dr,Madison,WI,53714,395000,3,2.5,Rolling Meadows,1811,10890,1972,18,218,,Active,,,https://www.redfin.com/WI/Madison/101-Walker-Dr-53714/home/89911972,SCWMLS,2004326,N,Y,43.0969894,-89.2994391
MLS Listing,,Condo/Co-op,2106 Center Ave #2,Madison,WI,53704,220000,1,1.0,Madison,599,,1951,18,367,165,Active,,,https://www.redfin.com/WI/Madison/2106-Center-Ave-53704/unit-2/home/57813532,SCWMLS,2003321,N,Y,43.091504,-89.3507195
MLS Listing,,Single Family Residential,6425 Tonkinese Trl,Madison,WI,53719,480000,3,2.5,Sandstone Ridge,2140,6098,2002,18,224,,Active,,,https://www.redfin.com/WI/Madison/6425-Tonkinese-Trl-53719/home/57618565,SCWMLS,2002274,N,Y,43.0050819,-89.4932755
MLS Listing,,Single Family Residential,5001 Meinders Rd,Mcfarland,WI,53558,499900,3,2.0,Owl's Creek,1725,9147,2024,20,290,,Active,,,https://www.redfin.com/WI/McFarland/5001-Meinders-Rd-53558/home/57603280,SCWMLS,2004232,N,Y,43.035267,-89.296532
MLS Listing,,Condo/Co-op,41 Golf Course Rd Unit E,Madison,WI,53704,259900,2,1.0,Madison,1290,,1976,20,201,353,Active,,,https://www.redfin.com/WI/Madison/41-Golf-Course-Rd-53704/unit-E/home/57803362,SCWMLS,2004225,N,Y,43.1498732,-89.3696742
MLS Listing,,Single Family Residential,1401 Lewon Dr,Madison,WI,53711,520000,4,2.5,Orchard Ridge,3235,17859,1967,21,161,,Active,,,https://www.redfin.com/WI/Madison/1401-Lewon-Dr-53711/home/89910815,SCWMLS,2004203,N,Y,43.0374169,-89.4670171
MLS Listing,,Single Family Residential,413 Orion Trl,Madison,WI,53718,509900,3,2.5,Grandview Commons North,1876,6534,2025,21,272,18,Active,,,https://www.redfin.com/WI/Madison/413-Orion-Trl-53718/home/174961827,SCWMLS,2004194,N,Y,43.093489,-89.279523
MLS Listing,,Townhouse,8263 Starr Grass Dr,Madison,WI,53719,343900,2,2.5,Madison,1524,,2002,21,226,250,Active,August-2-2025 03:30 PM,August-2-2025 05:30 PM,https://www.redfin.com/WI/Madison/8263-Starr-Grass-Dr-53719/home/179700080,SCWMLS,2004172,N,Y,43.0338106,-89.5274294
MLS Listing,,Single Family Residential,2012 Besra Dr,Verona,WI,53593,689900,4,3.0,Hawks Valley,2722,7840,2025,21,253,17,Active,,,https://www.redfin.com/WI/Verona/2012-Besra-Dr-53593/home/114000880,SCWMLS,2004170,N,Y,43.028273,-89.557541
MLS Listing,,Single Family Residential,1621 Droster Rd,Madison,WI,53716,400000,3,1.0,Midland Meadows,2010,8276,1981,21,199,,Active,,,https://www.redfin.com/WI/Madison/1621-Droster-Rd-53716/home/89917358,SCWMLS,1999404,N,Y,43.0749016,-89.286264
MLS Listing,,Single Family Residential,2829 Interlaken Pass,Madison,WI,53719,550000,3,3.5,Madison,2014,7405,2005,21,273,17,Active,,,https://www.redfin.com/WI/Madison/2829-Interlaken-Pass-53719/home/57691603,SCWMLS,2004142,N,Y,43.0229361,-89.5162127
MLS Listing,,Single Family Residential,5923 Woodbine Dr,Madison,WI,53718,549900,3,2.5,Village At Autumn Lake,1848,6969,2025,21,298,28,Active,,,https://www.redfin.com/WI/Madison/5923-Woodbine-Dr-53718/home/196350860,SCWMLS,2004099,N,Y,43.122772,-89.2747629
MLS Listing,,Single Family Residential,4221 Green Ave,Madison,WI,53704,434000,3,3.0,Madison,2453,13939,1970,21,177,,Active,,,https://www.redfin.com/WI/Madison/4221-Green-Ave-53704/home/57587633,SCWMLS,1992933,N,Y,43.1414565,-89.3973394
MLS Listing,,Multi-Family (5+ Unit),510 S Park St,Madison,WI,53715,1234000,,,Madison,,7361,1922,22,,,Active,,,https://www.redfin.com/WI/Madison/510-S-Park-St-53715/home/196342728,SCWMLS,2004079,N,Y,43.0616972,-89.4010779
MLS Listing,,Condo/Co-op,535 D'Onofrio Dr #5,Madison,WI,53719,160000,1,2.0,Madison,778,,1985,22,206,275,Active,,,https://www.redfin.com/WI/Madison/535-Donofrio-Dr-53719/unit-5/home/62385409,METROMLS,1926033,N,Y,43.0561216,-89.5146009
MLS Listing,,Single Family Residential,9720 Winter Basil Dr,Verona,WI,53593,590000,5,3.5,1000 Oaks,2617,7840,2020,22,225,20,Active,,,https://www.redfin.com/WI/Verona/9720-Winter-Basil-Dr-53593/home/174292485,SCWMLS,2002904,N,Y,43.0464342,-89.5558701
MLS Listing,,Single Family Residential,2338 Jeffy Trl,Madison,WI,53719,667500,4,3.5,Hawks Creek,3087,10018,2007,22,216,,Active,,,https://www.redfin.com/WI/Madison/2338-Jeffy-Trl-53719/home/57593280,SCWMLS,2001200,N,Y,43.0263248,-89.5268064
MLS Listing,,Single Family Residential,128 Kensington Dr,Madison,WI,53704,835000,3,1.5,Maple Bluff,2442,10890,1938,22,342,,Active,,,https://www.redfin.com/WI/Madison/128-Kensington-Dr-53704/home/89878684,SCWMLS,2003610,N,Y,43.1060332,-89.3651105
MLS Listing,,Multi-Family (2-4 Unit),2245 Winnebago St,Madison,WI,53704,365000,3,2.0,Madison,,7405,1864,22,,,Active,,,https://www.redfin.com/WI/Madison/2245-Winnebago-St-53704/home/57866839,SCWMLS,2003612,N,Y,43.0964863,-89.3513162
MLS Listing,,Single Family Residential,5919 Woodbine Dr,Madison,WI,53718,514900,3,2.0,Village At Autumn Lake,1482,7840,2025,22,347,28,Active,,,https://www.redfin.com/WI/Madison/5919-Woodbine-Dr-53718/home/196336621,SCWMLS,2004038,N,Y,43.122848,-89.274994
MLS Listing,,Single Family Residential,838 Hiawatha Dr,Madison,WI,53711,725000,3,1.5,Nakoma,2025,8712,1941,22,358,,Active,,,https://www.redfin.com/WI/Madison/838-Hiawatha-Dr-53711/home/89909738,SCWMLS,2002300,N,Y,43.0470074,-89.4458178
MLS Listing,,Single Family Residential,618 North St,Madison,WI,53704,249900,2,2.0,Madison,1028,5662,1923,22,243,,Active,,,https://www.redfin.com/WI/Madison/618-North-St-53704/home/89923457,SCWMLS,1999144,N,Y,43.1075446,-89.3517352
MLS Listing,,Single Family Residential,1733 Heath Ave,Madison,WI,53704,324900,3,1.5,Clyde Gallagher's Sherman Ave,1087,4791,1925,22,299,,Active,August-9-2025 11:00 AM,August-9-2025 01:00 PM,https://www.redfin.com/WI/Madison/1733-Heath-Ave-53704/home/89922907,SCWMLS,2001191,N,Y,43.1194311,-89.3621664
MLS Listing,,Single Family Residential,5613 Rustic Pebble Ln,Madison,WI,53718,435000,3,2.5,Village At Autumn Lake,1628,3920,2019,22,267,,Active,,,https://www.redfin.com/WI/Madison/5613-Rustic-Pebble-Ln-53718/home/145060598,SCWMLS,2002427,N,Y,43.1232572,-89.2837327
MLS Listing,,Single Family Residential,6337 Piping Rock Rd,Madison,WI,53711,464900,4,2.0,Greentree,2429,14374,1966,22,191,,Active,,,https://www.redfin.com/WI/Madison/6337-Piping-Rock-Rd-53711/home/57606409,SCWMLS,2002521,N,Y,43.0428194,-89.4912907
MLS Listing,,Single Family Residential,15 Bellingrath Ct,Mcfarland,WI,53558,795000,4,3.5,Secret Places,3597,15681,2015,22,221,,Active,,,https://www.redfin.com/WI/McFarland/15-Bellingrath-Ct-53558/home/79044797,SCWMLS,2003542,N,Y,43.035329,-89.2759727
MLS Listing,,Single Family Residential,3620 Speedway Rd,Madison,WI,53705,479900,4,2.0,,1713,6969,1955,22,280,,Active,,,https://www.redfin.com/WI/Madison/3620-Speedway-Rd-53705/home/89905959,SCWMLS,2002232,N,Y,43.0632692,-89.4357442
MLS Listing,,Single Family Residential,6203 Driscoll Dr,Madison,WI,53718,474900,3,2.5,Grandview Commons Northeast,1881,6969,2021,22,252,18,Active,August-3-2025 12:00 PM,August-3-2025 02:00 PM,https://www.redfin.com/WI/Madison/6203-Driscoll-Dr-53718/home/174961864,SCWMLS,2002724,N,Y,43.098483,-89.272858
MLS Listing,,Single Family Residential,5450 Gettle Ave,Madison,WI,53705,349900,2,1.0,Glen Oaks Hills,775,6098,1958,22,451,,Active,,,https://www.redfin.com/WI/Madison/5450-Gettle-Ave-53705/home/89904321,SCWMLS,2003959,N,Y,43.0737206,-89.4756391
MLS Listing,,Condo/Co-op,7102 Flagship Dr #2,Madison,WI,53719,250000,2,1.0,Madison,987,,1989,22,253,319,Active,,,https://www.redfin.com/WI/Madison/7102-Flagship-Dr-53719/unit-2/home/57838485,SCWMLS,2001302,N,Y,43.048913,-89.507893
MLS Listing,,Condo/Co-op,2850 Cimarron Trl #4,Madison,WI,53719,185000,2,1.0,Madison,955,,1986,22,194,371,Active,,,https://www.redfin.com/WI/Madison/2850-Cimarron-Trl-53719/unit-4/home/57814579,SCWMLS,2003639,N,Y,43.022297,-89.5096303
MLS Listing,,Single Family Residential,2 Verde Ct,Madison,WI,53719,400000,2,2.0,Madison,1738,5662,1993,22,230,,Active,,,https://www.redfin.com/WI/Madison/2-Verde-Ct-53719/home/65623171,SCWMLS,2003995,N,Y,43.0190024,-89.5117687
MLS Listing,,Single Family Residential,1317 Oneill Ave,Madison,WI,53704,299000,2,1.0,Madison,879,6534,1953,22,340,,Active,August-2-2025 10:00 AM,August-2-2025 12:00 PM,https://www.redfin.com/WI/Madison/1317-Oneill-Ave-53704/home/57603033,SCWMLS,2003903,N,Y,43.1149758,-89.3600233
MLS Listing,,Condo/Co-op,1802 Monroe St #304,Madison,WI,53711,620000,2,2.0,Madison,1316,,2006,22,471,574,Active,,,https://www.redfin.com/WI/Madison/1802-Monroe-St-53711/unit-304/home/57845378,SCWMLS,2003039,N,Y,43.0651467,-89.4170117
MLS Listing,,Condo/Co-op,5329 Brody Dr #104,Madison,WI,53705,234900,2,1.5,Madison,1070,,1981,22,220,250,Active,August-2-2025 12:00 PM,August-2-2025 01:00 PM,https://www.redfin.com/WI/Madison/5329-Brody-Dr-53705/unit-104/home/62385255,SCWMLS,2003367,N,Y,43.0758067,-89.4743656
MLS Listing,,Townhouse,3130 Dorchester Way #1,Madison,WI,53719,338500,2,2.5,Madison,1598,,2002,22,212,350,Active,,,https://www.redfin.com/WI/Madison/3130-Dorchester-Way-53719/unit-1/home/62131057,SCWMLS,2002967,N,Y,43.0162118,-89.4847611
MLS Listing,,Multi-Family (2-4 Unit),1010 W Badger Rd,Madison,WI,53713,509500,4,4.0,Madison,,8842,1960,23,,,Active,,,https://www.redfin.com/WI/Madison/1010-W-Badger-Rd-53713/home/57862852,SCWMLS,2001222,N,Y,43.0387712,-89.4002108
MLS Listing,,Single Family Residential,2905 Post Rd,Madison,WI,53713,599900,3,2.5,Madison,2536,11325,1969,23,237,,Active,,,https://www.redfin.com/WI/Madison/2905-Post-Rd-53713/home/89898160,SCWMLS,2001322,N,Y,43.0259505,-89.4276011
MLS Listing,,Condo/Co-op,1010 Gammon Ln #3,Madison,WI,53719,219900,2,1.0,Madison,925,,2001,24,238,375,Active,August-2-2025 10:00 AM,August-2-2025 12:00 PM,https://www.redfin.com/WI/Madison/1010-Gammon-Ln-53719/unit-3/home/89970482,SCWMLS,2003464,N,Y,43.0430479,-89.5036062
MLS Listing,,Condo/Co-op,1010 N Sunnyvale Ln Unit D,Madison,WI,53713,210000,2,2.0,Madison,985,,1988,25,213,254,Active,,,https://www.redfin.com/WI/Madison/1010-N-Sunnyvale-Ln-53713/unit-D/home/172419067,SCWMLS,2003722,N,Y,43.0332665,-89.3700111
MLS Listing,,Single Family Residential,23 Foxglove Cir,Madison,WI,53717,825000,4,3.0,Blackhawk,3456,14374,2001,29,239,13,Active,August-3-2025 01:30 PM,August-3-2025 03:30 PM,https://www.redfin.com/WI/Madison/23-Foxglove-Cir-53717/home/89940741,SCWMLS,2002879,N,Y,43.0805629,-89.5388181
MLS Listing,,Single Family Residential,2007 Waterfall Way,Madison,WI,53718,499900,3,2.5,Village Of Autumn Lake,1880,13503,2022,29,266,28,Active,,,https://www.redfin.com/WI/Madison/2007-Waterfall-Way-53718/home/174962955,METROMLS,1925096,N,Y,43.1256251,-89.2771107
MLS Listing,,Single Family Residential,5310 Dorsett Dr,Madison,WI,53711,771000,4,3.5,Orchard Ridge,3834,19166,1966,29,201,,Active,,,https://www.redfin.com/WI/Madison/5310-Dorsett-Dr-53711/home/89910567,SCWMLS,2003386,N,Y,43.0382048,-89.4712695
MLS Listing,,Single Family Residential,3625 Cascade Rd,Madison,WI,53704,499900,3,1.5,Mendota Hills,2156,9147,1957,29,232,,Active,August-3-2025 11:00 AM,August-3-2025 01:00 PM,https://www.redfin.com/WI/Madison/3625-Cascade-Rd-53704/home/89921539,SCWMLS,2002882,N,Y,43.1321481,-89.3798015
MLS Listing,,Single Family Residential,5529 Belin St,Madison,WI,53705,375000,3,1.0,Glen Oak Hills,1152,6098,1971,30,326,,Active,,,https://www.redfin.com/WI/Madison/5529-Belin-St-53705/home/89904631,SCWMLS,2003521,N,Y,43.0716272,-89.4778027
MLS Listing,,Condo/Co-op,2829 Coho St #7,Fitchburg,WI,53713,180000,2,1.0,Fitchburg,1073,,1973,30,168,300,Active,,,https://www.redfin.com/WI/Fitchburg/2829-Coho-St-53713/unit-7/home/57814085,SCWMLS,2003514,N,Y,43.0306619,-89.4143117
MLS Listing,,Single Family Residential,9907 White Fox Ln,Middleton,WI,53562,699900,4,3.5,The Willows,2693,10018,2016,30,260,,Active,,,https://www.redfin.com/WI/Middleton/9907-White-Fox-Ln-53562/home/113961444,SCWMLS,2003504,N,Y,43.0707101,-89.5576793
MLS Listing,,Condo/Co-op,211 S Henry St #401,Madison,WI,53703,799900,2,2.0,Madison,1451,,2019,30,551,550,Active,,,https://www.redfin.com/WI/Madison/211-S-Henry-St-53703/unit-401/home/148027992,SCWMLS,2002820,N,Y,43.0709572,-89.3847599
MLS Listing,,Vacant Land,1907-1909 Dondee Rd,Madison,WI,53716,160000,,,Madison,,9583,,30,,,Active,,,https://www.redfin.com/WI/Madison/1907-Dondee-Rd-53716/home/184801106,SCWMLS,2003484,N,Y,43.0719226,-89.3018634
MLS Listing,,Single Family Residential,21 Torrey Pines Ct,Madison,WI,53717,719900,3,3.0,Woodland Hills,2899,10890,1986,30,248,,Active,August-2-2025 11:00 AM,August-2-2025 01:00 PM,https://www.redfin.com/WI/Madison/21-Torrey-Pines-Ct-53717/home/89963051,SCWMLS,2003295,N,Y,43.0766245,-89.4963627
MLS Listing,,Single Family Residential,6157 Thornebury Dr,Madison,WI,53719,459900,3,2.0,Fieldstone,1713,8712,1997,30,268,,Active,,,https://www.redfin.com/WI/Madison/6157-Thornebury-Dr-53719/home/89962582,SCWMLS,2001928,N,Y,43.0123594,-89.4881486
MLS Listing,,Condo/Co-op,8206 Starr Grass Dr #103,Madison,WI,53719,279000,2,2.0,Madison,1288,,2005,32,217,375,Active,,,https://www.redfin.com/WI/Madison/8206-Starr-Grass-Dr-53719/unit-103/home/57811173,SCWMLS,2002310,N,Y,43.0352535,-89.527535
MLS Listing,,Condo/Co-op,818 S Gammon Rd #2,Madison,WI,53719,299900,3,2.0,Madison,1250,,1987,35,240,420,Active,,,https://www.redfin.com/WI/Madison/818-S-Gammon-Rd-53719/unit-2/home/89901954,SCWMLS,2003229,N,Y,43.0467966,-89.5045033
MLS Listing,,Single Family Residential,3505 Portage Rd,Madison,WI,53704,364900,3,1.0,Madison,2184,15681,1964,35,167,,Active,,,https://www.redfin.com/WI/Madison/3505-Portage-Rd-53704/home/89921932,SCWMLS,2003185,N,Y,43.1385717,-89.312335
MLS Listing,,Condo/Co-op,2827 Century Harbor Rd #2,Middleton,WI,53562,299900,2,1.5,Middleton,1250,,1972,35,240,443,Active,,,https://www.redfin.com/WI/Middleton/2827-Century-Harbor-Rd-53562/unit-2/home/62385383,SCWMLS,2002793,N,Y,43.104818,-89.48461
MLS Listing,,Condo/Co-op,36 Craig Ave,Madison,WI,53705,279900,2,1.0,Madison,768,,1951,35,364,120,Active,August-2-2025 11:00 AM,August-2-2025 01:00 PM,https://www.redfin.com/WI/Madison/36-Craig-Ave-53705/home/186263795,SCWMLS,2002259,N,Y,43.0786622,-89.4732684
MLS Listing,,Condo/Co-op,6402 Milwaukee St #107,Madison,WI,53718,200000,1,1.0,Madison,850,,2005,35,235,415,Active,,,https://www.redfin.com/WI/Madison/6402-Milwaukee-St-53718/unit-107/home/57848108,SCWMLS,2002924,N,Y,43.1000024,-89.2687448
MLS Listing,,Single Family Residential,7100 Applewood Dr,Madison,WI,53719,775000,4,2.0,Appplewood Hill,3427,42253,1968,35,226,42,Active,,,https://www.redfin.com/WI/Madison/7100-Applewood-Dr-53719/home/57584955,SCWMLS,2001336,N,Y,43.0484552,-89.5273875
MLS Listing,,Single Family Residential,7522 Crawling Stone Rd,Madison,WI,53719,480000,4,2.0,Madison,1938,10018,2000,35,248,,Active,,,https://www.redfin.com/WI/Madison/7522-Crawling-Stone-Rd-53719/home/57755542,SCWMLS,2003053,N,Y,43.0191688,-89.5151991
MLS Listing,,Single Family Residential,1812 August Moon Dr,Madison,WI,53718,524900,3,2.0,Village At Autumn Lake,1482,7840,2025,35,354,28,Active,,,https://www.redfin.com/WI/Madison/1812-August-Moon-Dr-53718/home/196206289,SCWMLS,2003154,N,Y,43.1237787,-89.2739453
MLS Listing,,Single Family Residential,1815 August Moon Dr,Madison,WI,53718,454900,3,2.5,Village At Autumn Lake,1502,6969,2025,35,303,28,Active,,,https://www.redfin.com/WI/Madison/1815-August-Moon-Dr-53718/home/196205412,SCWMLS,2003135,N,Y,43.1237868,-89.2739394
MLS Listing,,Single Family Residential,29 Pilgrim Cir,Madison,WI,53711,400000,3,2.0,Meadowood,1857,10890,1972,35,215,,Active,,,https://www.redfin.com/WI/Madison/29-Pilgrim-Cir-53711/home/57771575,SCWMLS,2002762,N,Y,43.0262895,-89.4944773
MLS Listing,,Multi-Family (2-4 Unit),2305-2307 Mckenna Blvd,Madison,WI,53711,720000,6,3.0,Hillside Addition To Meadowood,,10715,1991,36,,,Active,,,https://www.redfin.com/WI/Madison/2305-McKenna-Blvd-53711/home/89896227,SCWMLS,2003114,N,Y,43.0284442,-89.4963477
MLS Listing,,Multi-Family (2-4 Unit),26 Northridge Ter,Madison,WI,53704,720000,8,4.0,Madison,,16988,1989,36,,,Active,,,https://www.redfin.com/WI/Madison/26-Northridge-Ter-53704/home/89920583,SCWMLS,2003106,N,Y,43.1382973,-89.387614
MLS Listing,,Single Family Residential,1122 N Westfield Rd,Madison,WI,53717,549900,3,2.5,Wexford Village,2470,10890,1984,36,223,13,Active,,,https://www.redfin.com/WI/Madison/1122-N-Westfield-Rd-53717/home/57752875,SCWMLS,2003094,N,Y,43.081014,-89.5106739
MLS Listing,,Condo/Co-op,141 Metro Ter #105,Madison,WI,53718,249900,2,2.0,Madison,1185,,2006,36,211,415,Active,August-2-2025 11:00 AM,August-2-2025 01:00 PM,https://www.redfin.com/WI/Madison/141-Metro-Ter-53718/unit-105/home/57809889,SCWMLS,2002974,N,Y,43.1010585,-89.2690274
MLS Listing,,Single Family Residential,6130 Arrowpoint Way,Mcfarland,WI,53558,420000,3,2.5,Secret Places,2111,5227,2008,36,199,22,Active,,,https://www.redfin.com/WI/McFarland/6130-Arrowpoint-Way-53558/home/57588509,SCWMLS,2002622,N,Y,43.032034,-89.2721565
MLS Listing,,Townhouse,7107 Discovery Ln,Madison,WI,53719,329900,2,2.5,Madison,1610,,2009,36,205,355,Active,August-2-2025 11:00 AM,August-2-2025 01:00 PM,https://www.redfin.com/WI/Madison/7107-Discovery-Ln-53719/home/185135105,SCWMLS,2003024,N,Y,43.006167,-89.508384
MLS Listing,,Condo/Co-op,333 W Mifflin St #6110,Madison,WI,53703,389900,1,1.5,Madison,863,,2007,37,452,569,Active,,,https://www.redfin.com/WI/Madison/333-W-Mifflin-St-53703/unit-6110/home/57856142,SCWMLS,2002989,N,Y,43.0725293,-89.389168
MLS Listing,,Single Family Residential,5117 Loruth Ter,Madison,WI,53711,450000,3,2.0,Orchard Ridge,1727,16552,1952,37,261,,Active,August-2-2025 09:00 AM,August-2-2025 11:00 AM,https://www.redfin.com/WI/Madison/5117-Loruth-Ter-53711/home/89910299,SCWMLS,2002918,N,Y,43.0416296,-89.4663276
MLS Listing,,Single Family Residential,6210 Winnequah Rd,Monona,WI,53716,830000,4,3.0,Frost Woods Heights,2768,10018,1958,37,300,,Active,,,https://www.redfin.com/WI/Monona/6210-Winnequah-Rd-53716/home/89880493,SCWMLS,2001327,N,Y,43.0513571,-89.3362793
MLS Listing,,Townhouse,3744 Mammoth Trl,Madison,WI,53719,330000,2,2.5,Madison,1249,,2004,37,264,417,Active,August-2-2025 10:00 AM,August-2-2025 02:00 PM,https://www.redfin.com/WI/Madison/3744-Mammoth-Trl-53719/home/185125718,SCWMLS,2002938,N,Y,43.0062661,-89.51036
MLS Listing,,Multi-Family (2-4 Unit),4638 Hayes Rd,Madison,WI,53704,700000,8,4.0,Madison,,12196,1986,37,,,Active,,,https://www.redfin.com/WI/Madison/4638-Hayes-Rd-53704/home/89921819,SCWMLS,2002935,N,Y,43.142664,-89.3052398
MLS Listing,,Multi-Family (2-4 Unit),4650 Hayes Rd,Madison,WI,53704,700000,8,4.0,Madison,,12196,1986,37,,,Active,,,https://www.redfin.com/WI/Madison/4650-Hayes-Rd-53704/home/89921816,SCWMLS,2002933,N,Y,43.1426375,-89.3041684
MLS Listing,,Single Family Residential,9202 Settlers Rd,Madison,WI,53717,949900,4,3.5,Blackhawk,3352,13068,2001,37,283,,Active,,,https://www.redfin.com/WI/Madison/9202-Settlers-Rd-53717/home/57774279,SCWMLS,2002379,N,Y,43.0808248,-89.5490817
MLS Listing,,Single Family Residential,6121 Fredericksburg Ln,Madison,WI,53718,589900,4,2.5,Richmond Hill,3041,12196,1994,38,194,,Active,,,https://www.redfin.com/WI/Madison/6121-Fredericksburg-Ln-53718/home/89917325,SCWMLS,2001937,N,Y,43.0838309,-89.2746434
MLS Listing,,Single Family Residential,201 N Owen Dr,Madison,WI,53705,525000,3,2.0,Sunset Village,1690,7840,1947,38,311,,Active,,,https://www.redfin.com/WI/Madison/201-N-Owen-Dr-53705/home/57604170,SCWMLS,2002900,N,Y,43.0682765,-89.447214
MLS Listing,,Condo/Co-op,4322 Melody Ln #110,Madison,WI,53704,170000,2,1.0,Madison,987,,1974,38,172,259,Active,,,https://www.redfin.com/WI/Madison/4322-Melody-Ln-53704/unit-110/home/89946737,SCWMLS,2002894,N,Y,43.1317564,-89.3095665
MLS Listing,,Single Family Residential,5391 Westport Rd,Madison,WI,53704,1800000,3,1.5,Westport,1500,13068,,38,1200,,Active,,,https://www.redfin.com/WI/Madison/5391-Westport-Rd-53704/home/89939689,SCWMLS,2002584,N,Y,43.152323,-89.407552
MLS Listing,,Single Family Residential,144 Milky Way,Madison,WI,53718,454900,3,2.0,Grandview Commons,1577,6098,2015,38,288,,Active,,,https://www.redfin.com/WI/Madison/144-Milky-Way-53718/home/113961010,SCWMLS,2001780,N,Y,43.0972204,-89.2795411
MLS Listing,,Single Family Residential,9435 Spirit St,Middleton,WI,53562,635000,4,3.5,Woodstone,2508,5662,2014,38,253,,Active,,,https://www.redfin.com/WI/Middleton/9435-Spirit-St-53562/home/57760060,SCWMLS,2002506,N,Y,43.0663737,-89.5506108
MLS Listing,,Condo/Co-op,333 W Mifflin St #1156,Madison,WI,53703,509900,2,2.0,Madison,1264,,2007,39,403,525,Active,,,https://www.redfin.com/WI/Madison/333-W-Mifflin-St-53703/unit-1156/home/89949226,METROMLS,1923600,N,Y,43.0725293,-89.389168
MLS Listing,,Single Family Residential,6413 Westin Dr,Madison,WI,53719,419900,3,2.0,Fieldstone,1761,9583,1995,39,238,,Active,,,https://www.redfin.com/WI/Madison/6413-Westin-Dr-53719/home/89897857,SCWMLS,2002783,N,Y,43.0123121,-89.4955413
MLS Listing,,Single Family Residential,514 Clemons Ave,Madison,WI,53704,649000,2,2.0,Madison,1375,4800,1916,39,472,,Active,August-3-2025 12:00 PM,August-3-2025 02:00 PM,https://www.redfin.com/WI/Madison/514-Clemons-Ave-53704/home/89967290,RANW,50310408,N,Y,43.0877176,-89.3553412
MLS Listing,,Single Family Residential,5487 Walden Bay Dr,Waunakee,WI,53597,1250000,4,4.0,Walden Bay,5407,16552,1998,39,231,270,Active,,,https://www.redfin.com/WI/Waunakee/5487-Walden-Bay-Dr-53597/home/185124854,SCWMLS,2002097,N,Y,43.14761,-89.41165
MLS Listing,,Townhouse,203 Wyalusing Dr,Madison,WI,53718,338000,3,2.5,Madison,2006,,2008,39,168,370,Active,,,https://www.redfin.com/WI/Madison/203-Wyalusing-Dr-53718/home/179671122,SCWMLS,2002720,N,Y,43.0985726,-89.2609247
MLS Listing,,Single Family Residential,2813 Regent St,Madison,WI,53705,795000,4,2.0,Sunset Hills / Highland Park,2322,7405,1926,39,342,,Active,,,https://www.redfin.com/WI/Madison/2813-Regent-St-53705/home/89941013,SCWMLS,2002303,N,Y,43.0678061,-89.4371566
MLS Listing,,Single Family Residential,1216 Rutledge St,Madison,WI,53703,695000,4,2.0,Farwells Replat,2162,4356,1908,42,321,,Active,,,https://www.redfin.com/WI/Madison/1216-Rutledge-St-53703/home/89915036,SCWMLS,1999485,N,Y,43.0818508,-89.361381
MLS Listing,,Condo/Co-op,6402 Milwaukee St #307,Madison,WI,53718,206900,1,1.0,Madison,850,,2005,42,243,415,Active,,,https://www.redfin.com/WI/Madison/6402-Milwaukee-St-53718/unit-307/home/89927313,SCWMLS,2002595,N,Y,43.1000024,-89.2687448
MLS Listing,,Condo/Co-op,1140 E Dayton St #205,Madison,WI,53703,385000,1,1.0,Madison,928,,1998,42,415,235,Active,,,https://www.redfin.com/WI/Madison/1140-E-Dayton-St-53703/unit-205/home/89964176,SCWMLS,2002533,N,Y,43.0874517,-89.3707227
MLS Listing,,Multi-Family (5+ Unit),304 W Wilson St,Madison,WI,53703,899999,,,Madison,,3049,1961,42,,,Active,,,https://www.redfin.com/WI/Madison/304-W-Wilson-St-53703/home/89907641,SCWMLS,2002591,N,Y,43.0704829,-89.3847619
MLS Listing,,Condo/Co-op,360 W Washington Ave #815,Madison,WI,53703,674900,2,2.0,Madison,1460,,2003,42,462,624,Active,,,https://www.redfin.com/WI/Madison/360-W-Washington-Ave-53703/unit-815/home/57799284,SCWMLS,2002578,N,Y,43.0721159,-89.388464
MLS Listing,,Single Family Residential,17 Holt Pl,Madison,WI,53719,542000,4,3.5,Valhalla Valley,2337,15245,1995,42,232,122,Active,,,https://www.redfin.com/WI/Madison/17-Holt-Pl-53719/home/57628638,SCWMLS,1994470,N,Y,43.0440333,-89.5042982
MLS Listing,,Single Family Residential,414 Virginia Ter,Madison,WI,53726,849900,4,3.0,Hillington,2364,6098,1927,42,360,,Active,,,https://www.redfin.com/WI/Madison/414-Virginia-Ter-53726/home/89906719,SCWMLS,2002556,N,Y,43.0640866,-89.4285654
MLS Listing,,Townhouse,3837 Monona Dr #2,Monona,WI,53714,750000,2,3.5,Monona,1818,,1985,42,413,550,Active,August-3-2025 11:30 AM,August-3-2025 01:00 PM,https://www.redfin.com/WI/Monona/3837-Monona-Dr-53714/unit-2/home/89958277,SCWMLS,2001833,N,Y,43.0842856,-89.3259061
MLS Listing,,Single Family Residential,10 Vienna Cir,Madison,WI,53718,869000,3,2.0,Richmond Hill,2593,22651,1997,43,335,,Active,,,https://www.redfin.com/WI/Madison/10-Vienna-Cir-53718/home/57585641,SCWMLS,2001361,N,Y,43.0805845,-89.2751019
MLS Listing,,Single Family Residential,1803 Autumn Lake Pkwy,Madison,WI,53718,514900,2,2.0,Village At Autumn Lake,1714,5662,2017,43,300,28,Active,,,https://www.redfin.com/WI/Madison/1803-Autumn-Lake-Pkwy-53718/home/114000701,SCWMLS,2002480,N,Y,43.1224816,-89.281787
MLS Listing,,Single Family Residential,2707 Mason St,Madison,WI,53705,924900,4,3.0,Madison,2711,6098,1940,44,341,,Active,,,https://www.redfin.com/WI/Madison/2707-Mason-St-53705/home/89941205,SCWMLS,2000963,N,Y,43.0687886,-89.4344287
MLS Listing,,Single Family Residential,2606 Mckenna Blvd,Madison,WI,53711,399900,3,2.5,Madison,1662,8276,1976,44,241,,Active,,,https://www.redfin.com/WI/Madison/2606-McKenna-Blvd-53711/home/89895889,SCWMLS,2001745,N,Y,43.0254986,-89.4984225
MLS Listing,,Single Family Residential,1702 Rae Ln,Madison,WI,53711,379900,3,1.0,Madison,1140,8712,1969,45,333,,Active,,,https://www.redfin.com/WI/Madison/1702-Rae-Ln-53711/home/89902147,SCWMLS,2002206,N,Y,43.0346395,-89.4845756
MLS Listing,,Single Family Residential,7410 Welton Dr,Madison,WI,53719,678550,4,3.0,Madison,3056,18295,1991,45,222,,Active,,,https://www.redfin.com/WI/Madison/7410-Welton-Dr-53719/home/89901610,SCWMLS,2002348,N,Y,43.04513,-89.5123404
MLS Listing,,Single Family Residential,222 Blooming Leaf Way,Verona,WI,53593,469000,3,2.0,Birchwood Point,1656,4356,2017,45,283,15,Active,,,https://www.redfin.com/WI/Verona/222-Blooming-Leaf-Way-53593/home/112978520,SCWMLS,1999249,N,Y,43.0581488,-89.5654664
MLS Listing,,Single Family Residential,15 Naylor Cir,Madison,WI,53719,525000,5,3.0,Newberry Heights,2814,7405,1996,45,187,,Active,,,https://www.redfin.com/WI/Madison/15-Naylor-Cir-53719/home/89963441,SCWMLS,2002308,N,Y,43.0471938,-89.5186144
MLS Listing,,Single Family Residential,5902 Saturn Dr,Madison,WI,53718,534900,4,2.5,Grandview Commons North,2087,26571,2025,45,256,18,Active,,,https://www.redfin.com/WI/Madison/5902-Saturn-Dr-53718/home/174961796,SCWMLS,2002294,N,Y,43.09458,-89.281161
MLS Listing,,Condo/Co-op,615 W Main St #205,Madison,WI,53703,365000,1,1.5,Madison,897,,2004,46,407,408,Active,,,https://www.redfin.com/WI/Madison/615-W-Main-St-53703/unit-205/home/58662292,SCWMLS,2002290,N,Y,43.0673763,-89.3916475
MLS Listing,,Condo/Co-op,360 W Washington Ave #614,Madison,WI,53703,369500,2,1.0,Madison,995,,2003,46,371,504,Active,,,https://www.redfin.com/WI/Madison/360-W-Washington-Ave-53703/unit-614/home/89925187,SCWMLS,2001296,N,Y,43.0721159,-89.388464
MLS Listing,,Single Family Residential,9256 Gentle Feather Rd,Verona,WI,53593,474900,3,2.5,Acacia Ridge,1624,3049,2025,46,292,20,Active,,,https://www.redfin.com/WI/Verona/9256-Gentle-Feather-RD-53593/home/196107098,SCWMLS,2002203,N,Y,43.05103302001953,-89.54478454589844
MLS Listing,,Single Family Residential,4013 Meyer Ave,Madison,WI,53711,599900,4,3.0,Westmorland,1788,6098,1940,49,336,,Active,August-3-2025 10:00 AM,August-3-2025 12:00 PM,https://www.redfin.com/WI/Madison/4013-Meyer-Ave-53711/home/89908691,SCWMLS,2001530,N,Y,43.0572652,-89.4427877
MLS Listing,,Single Family Residential,405 Blue Moon Dr,Verona,WI,53593,749900,5,3.5,Birchwood Point,3264,11761,2016,49,230,,Active,,,https://www.redfin.com/WI/Verona/405-Blue-Moon-Dr-53593/home/113961034,SCWMLS,2002064,N,Y,43.0560195,-89.5636193
MLS Listing,,Single Family Residential,1105 Erin St,Madison,WI,53715,625000,3,1.5,Madison,1398,3484,1928,50,447,,Active,August-2-2025 11:00 AM,August-2-2025 01:00 PM,https://www.redfin.com/WI/Madison/1105-Erin-St-53715/home/89908605,SCWMLS,2002039,N,Y,43.0596767,-89.4043719
MLS Listing,,Single Family Residential,405 Orion Trl,Madison,WI,53718,529900,4,2.5,Grandview Commons North,2033,6969,2025,50,261,18,Active,,,https://www.redfin.com/WI/Madison/405-Orion-Trl-53718/home/174961829,SCWMLS,2002026,N,Y,43.093868,-89.279511
MLS Listing,,Single Family Residential,9414 Harvest Moon Ln,Verona,WI,53593,599000,4,3.5,Cardinal Glen,2600,10018,2014,50,230,21,Active,,,https://www.redfin.com/WI/Verona/9414-Harvest-Moon-Ln-53593/home/59715205,SCWMLS,2001960,N,Y,43.0532115,-89.5517536
MLS Listing,,Townhouse,5827 Gemini Dr,Madison,WI,53718,350000,2,2.5,Madison,1430,,2007,50,245,300,Active,,,https://www.redfin.com/WI/Madison/5827-Gemini-Dr-53718/home/185124894,SCWMLS,2000505,N,Y,43.0864344,-89.280876
MLS Listing,,Single Family Residential,207 Sugar Maple Ln,Verona,WI,53593,515000,3,2.5,Birchwood Point,1510,4791,2015,50,341,,Active,,,https://www.redfin.com/WI/Verona/207-Sugar-Maple-Ln-53593/home/113961523,SCWMLS,2001996,N,Y,43.0586166,-89.5630557
MLS Listing,,Single Family Residential,4126 Westerfield Ln,Madison,WI,53704,564900,4,3.0,Madison,3129,13068,2006,50,181,,Active,,,https://www.redfin.com/WI/Madison/4126-Westerfield-Ln-53704/home/89945117,SCWMLS,2001992,N,Y,43.1441117,-89.3113048
MLS Listing,,Single Family Residential,6202 Piping Rock Rd,Madison,WI,53711,299900,3,2.5,Green Tree Hills,1633,14374,1964,50,184,,Active,,,https://www.redfin.com/WI/Madison/6202-Piping-Rock-Rd-53711/home/89901899,SCWMLS,2001853,N,Y,43.04168,-89.4874537
MLS Listing,,Townhouse,6155 Dell Dr #3,Madison,WI,53718,300000,2,3.0,Madison,1780,,1996,50,169,375,Active,,,https://www.redfin.com/WI/Madison/6155-Dell-Dr-53718/unit-3/home/89917529,SCWMLS,2001980,N,Y,43.0761158,-89.2722564
MLS Listing,,Condo/Co-op,2420 Independence Ln #212,Madison,WI,53704,195000,2,2.0,Madison,1064,,1974,50,183,285,Active,,,https://www.redfin.com/WI/Madison/2420-Independence-Ln-53704/unit-212/home/58662268,SCWMLS,2001225,N,Y,43.1326342,-89.3089225
MLS Listing,,Condo/Co-op,101 Metro Ter #207,Madison,WI,53718,190000,1,1.0,Madison,869,,2005,50,219,415,Active,,,https://www.redfin.com/WI/Madison/101-Metro-Ter-53718/unit-207/home/62385988,SCWMLS,2001726,N,Y,43.0998225,-89.2698079
MLS Listing,,Condo/Co-op,2338 Allied Dr #4,Madison,WI,53711,147500,2,1.0,Madison,850,,1964,51,174,430,Active,,,https://www.redfin.com/WI/Madison/2338-Allied-Dr-53711/unit-4/home/57803534,SCWMLS,2001932,N,Y,43.0276272,-89.4599527
MLS Listing,,Condo/Co-op,2342 Allied Dr #1,Madison,WI,53711,157500,2,1.0,Madison,850,,1964,51,185,430,Active,,,https://www.redfin.com/WI/Madison/2342-Allied-Dr-53711/unit-1/home/62385716,SCWMLS,2001933,N,Y,43.027604,-89.460032
MLS Listing,,Condo/Co-op,2342 Allied Dr #3,Madison,WI,53711,147500,2,1.0,Madison,850,,1964,51,174,430,Active,,,https://www.redfin.com/WI/Madison/2342-Allied-Dr-53711/unit-3/home/62385221,SCWMLS,2001935,N,Y,43.027604,-89.460032
MLS Listing,,Condo/Co-op,2342 Allied Dr #2,Madison,WI,53711,147500,2,1.0,Madison,850,,1964,51,174,430,Active,,,https://www.redfin.com/WI/Madison/2342-Allied-Dr-53711/unit-2/home/62385575,SCWMLS,2001934,N,Y,43.027604,-89.460032
MLS Listing,,Condo/Co-op,2342 Allied Dr #4,Madison,WI,53711,147500,2,1.0,Madison,850,,1964,51,174,430,Active,,,https://www.redfin.com/WI/Madison/2342-Allied-Dr-53711/unit-4/home/62385222,SCWMLS,2001936,N,Y,43.027604,-89.460032
MLS Listing,,Condo/Co-op,2338 Allied Dr Dr #2,Madison,WI,53711,147500,2,1.0,Madison,850,,1964,51,174,430,Active,,,https://www.redfin.com/WI/Madison/2338-Allied-Dr-53711/unit-2/home/89950172,SCWMLS,2001930,N,Y,43.0276272,-89.4599527
MLS Listing,,Condo/Co-op,2338 Allied Dr #3,Madison,WI,53711,147500,2,1.0,Madison,850,,1964,51,174,430,Active,,,https://www.redfin.com/WI/Madison/2338-Allied-Dr-53711/unit-3/home/57803497,SCWMLS,2001931,N,Y,43.0276272,-89.4599527
MLS Listing,,Condo/Co-op,2338 Allied Dr #1,Madison,WI,53711,147500,2,1.0,Madison,850,,1964,51,174,430,Active,,,https://www.redfin.com/WI/Madison/2338-Allied-Dr-53711/unit-1/home/57803538,SCWMLS,2001929,N,Y,43.0276272,-89.4599527
MLS Listing,,Single Family Residential,9437 Cobalt St,Middleton,WI,53562,785000,3,2.5,Woodstone,2338,9147,2023,51,336,,Active,,,https://www.redfin.com/WI/Middleton/9437-Cobalt-St-53562/home/89952488,SCWMLS,2001514,N,Y,43.0645751,-89.5514166
MLS Listing,,Condo/Co-op,280 Division St #102,Madison,WI,53704,449000,2,2.0,Madison,1204,,2004,51,373,416,Active,,,https://www.redfin.com/WI/Madison/280-Division-St-53704/unit-102/home/89927664,SCWMLS,2001911,N,Y,43.0931264,-89.3510575
MLS Listing,,Condo/Co-op,1610 Wheeler Rd Unit 2C,Madison,WI,53704,425000,3,2.0,Madison,1980,,1998,51,215,490,Active,August-3-2025 12:00 PM,August-3-2025 02:00 PM,https://www.redfin.com/WI/Madison/1610-Wheeler-Rd-53704/unit-2C/home/89919770,SCWMLS,2001901,N,Y,43.147797,-89.3651314
MLS Listing,,Townhouse,3 Deer Point Trl,Madison,WI,53719,337500,3,3.0,Madison,1821,,1994,51,185,400,Active,,,https://www.redfin.com/WI/Madison/3-Deer-Point-Trl-53719/home/185116814,SCWMLS,2001881,N,Y,43.032117,-89.5023159
MLS Listing,,Townhouse,3122 Dorchester Way #6,Madison,WI,53719,350000,2,2.5,Madison,1596,,2004,51,219,350,Active,,,https://www.redfin.com/WI/Madison/3122-Dorchester-Way-53719/unit-6/home/89970350,SCWMLS,2001508,N,Y,43.016691,-89.4844128
MLS Listing,,Condo/Co-op,121 Metro Ter #306,Madison,WI,53718,200000,1,1.0,Madison,900,,2006,51,222,415,Active,,,https://www.redfin.com/WI/Madison/121-Metro-Ter-53718/unit-306/home/57811488,SCWMLS,2001861,N,Y,43.1003529,-89.2695537
MLS Listing,,Townhouse,525 Walnut Grove Dr,Madison,WI,53717,289900,2,1.5,Madison,1230,,1973,51,236,325,Active,August-3-2025 01:00 PM,August-3-2025 03:00 PM,https://www.redfin.com/WI/Madison/525-Walnut-Grove-Dr-53717/home/196024672,SCWMLS,2001674,N,Y,43.074846,-89.506158
MLS Listing,,Condo/Co-op,802 Kottke Dr #8,Madison,WI,53719,259500,2,2.0,Madison,1005,,1989,51,258,319,Active,,,https://www.redfin.com/WI/Madison/802-Kottke-Dr-53719/unit-8/home/57838271,SCWMLS,2001831,N,Y,43.0494616,-89.5067144
MLS Listing,,Condo/Co-op,5313 Brody Dr #202,Madison,WI,53705,162000,1,1.0,Madison,720,,1981,52,225,218,Active,,,https://www.redfin.com/WI/Madison/5313-Brody-Dr-53705/unit-202/home/89948165,SCWMLS,2001772,N,Y,43.076377,-89.474672
MLS Listing,,Townhouse,8280 Starr Grass Dr #8280,Madison,WI,53179,339900,2,2.5,Madison,1512,,2004,53,225,250,Active,,,https://www.redfin.com/WI/Madison/8280-Starr-Grass-Dr-53719/home/186256974,SCWMLS,2001692,N,Y,43.0339687,-89.5278013
MLS Listing,,Single Family Residential,9329 Briar Haven Dr,Verona,WI,53593,439900,3,2.5,Madison,1699,3920,2006,56,259,,Active,August-2-2025 11:00 AM,August-2-2025 02:00 PM,https://www.redfin.com/WI/Verona/9329-Briar-Haven-Dr-53593/home/89947479,SCWMLS,2001617,N,Y,43.0559551,-89.5486081
MLS Listing,,Condo/Co-op,2822 Cimarron Trl,Madison,WI,53719,279800,2,2.0,Madison,1250,,1995,56,224,365,Active,August-3-2025 11:00 AM,August-3-2025 02:00 PM,https://www.redfin.com/WI/Madison/2822-Cimarron-Trl-53719/home/185099261,SCWMLS,2001598,N,Y,43.02237,-89.5107185
MLS Listing,,Single Family Residential,3914 Priscilla Ln,Madison,WI,53705,1050000,3,3.0,Sunset Hills,2600,8712,1962,56,404,,Active,,,https://www.redfin.com/WI/Madison/3914-Priscilla-Ln-53705/home/89906365,SCWMLS,2000229,N,Y,43.0665671,-89.4413651
MLS Listing,,Single Family Residential,1401 Acewood Blvd,Madison,WI,53716,350000,3,1.0,Second Addition To Acewood,1108,11325,1966,56,316,,Active,,,https://www.redfin.com/WI/Madison/1401-Acewood-Blvd-53716/home/89916720,SCWMLS,2001535,N,Y,43.0775428,-89.3029307
MLS Listing,,Single Family Residential,1 Deschamp Ct,Madison,WI,53718,522900,4,3.5,Liberty Place,2096,10454,2005,56,249,17,Active,,,https://www.redfin.com/WI/Madison/1-Deschamp-Ct-53718/home/89944696,SCWMLS,2000489,N,Y,43.0291419,-89.2944755
MLS Listing,,Single Family Residential,518 Lone Oak Ln,Verona,WI,53593,432900,3,2.5,Acacia Ridge,1644,3049,2025,56,263,20,Active,,,https://www.redfin.com/WI/Unknown/518-Lone-Oak-Ln-Unknown/home/194912767,SCWMLS,2001526,N,Y,43.04690933227539,-89.54337310791016
MLS Listing,,Townhouse,720 Orion Trl,Madison,WI,53718,300000,2,2.5,Madison,1362,,2005,57,220,462,Active,,,https://www.redfin.com/WI/Madison/720-Orion-Trl-53718/home/185104308,SCWMLS,2001422,N,Y,43.087555,-89.278871
MLS Listing,,Townhouse,3701 Design Pass,Madison,WI,53719,324900,2,2.5,Madison,1447,,2005,57,225,355,Active,August-2-2025 10:00 AM,August-2-2025 12:00 PM,https://www.redfin.com/WI/Madison/3701-Design-Pass-53719/home/185096972,SCWMLS,2000631,N,Y,43.0061674,-89.5083837
MLS Listing,,Single Family Residential,113 N Ingersoll St,Madison,WI,53703,475000,3,2.0,Madison,1127,2613,1945,57,421,,Active,,,https://www.redfin.com/WI/Madison/113-N-Ingersoll-St-53703/home/89902959,SCWMLS,2001027,N,Y,43.0860138,-89.371082
MLS Listing,,Condo/Co-op,688 N Midvale Blvd #201,Madison,WI,53705,309900,1,1.0,Madison,740,,2006,58,419,298,Active,,,https://www.redfin.com/WI/Madison/688-N-Midvale-Blvd-53705/unit-201/home/89929600,METROMLS,1920844,N,Y,43.0736617,-89.451414
MLS Listing,,Single Family Residential,3553 Heather Crst,Madison,WI,53705,425000,3,1.0,Sunset Village,1217,8712,1951,58,349,,Active,,,https://www.redfin.com/WI/Madison/3553-Heather-Crst-53705/home/57569700,SCWMLS,1998349,N,Y,43.071118,-89.4497508
MLS Listing,,Single Family Residential,6118 Old Middleton Rd,Madison,WI,53705,615000,3,3.0,Madison,2146,20037,1948,58,287,,Active,,,https://www.redfin.com/WI/Madison/6118-Old-Middleton-Rd-53705/home/89962957,SCWMLS,2001366,N,Y,43.0869106,-89.4854267
MLS Listing,,Single Family Residential,4307 Bellgrove Ln,Madison,WI,53704,800000,5,3.5,Madison,4304,13068,2019,58,186,,Active,August-3-2025 11:00 AM,August-3-2025 01:00 PM,https://www.redfin.com/WI/Madison/4307-Bellgrove-Ln-53704/home/167884056,SCWMLS,2000869,N,Y,43.1425512,-89.3081787
MLS Listing,,Single Family Residential,13 Rustling Birch Ct,Verona,WI,53593,589500,4,3.5,Birchwood Point,2466,10454,2017,58,239,15,Active,,,https://www.redfin.com/WI/Verona/13-Rustling-Birch-Ct-53593/home/145060190,SCWMLS,2000626,N,Y,43.058668,-89.5606122
MLS Listing,,Condo/Co-op,6402 Milwaukee St #206,Madison,WI,53718,190000,1,1.0,Madison,900,,2005,59,211,415,Active,,,https://www.redfin.com/WI/Madison/6402-Milwaukee-St-53718/unit-206/home/89927535,SCWMLS,2001035,N,Y,43.1000024,-89.2687448
MLS Listing,,Single Family Residential,7073 Reston Heights Dr,Madison,WI,53718,424900,3,3.5,The Meadowlands,2027,3049,2016,59,210,,Active,,,https://www.redfin.com/WI/Madison/7073-Reston-Heights-Dr-53718/home/107125507,SCWMLS,2000661,N,Y,43.1000028,-89.253199
MLS Listing,,Single Family Residential,9919 Bronze Leaf Ln,Middleton,WI,53562,749900,4,4.0,Autumn Ridge Reserve,2862,8712,2016,59,262,4,Active,,,https://www.redfin.com/WI/Middleton/9919-Bronze-Leaf-Ln-53562/home/113961689,SCWMLS,1999393,N,Y,43.0680153,-89.5583673
MLS Listing,,Townhouse,2818 Marshall Ct,Madison,WI,53705,1375000,3,3.5,Shorewood Hills,2303,,1985,61,597,659,Active,,,https://www.redfin.com/WI/Madison/2818-Marshall-Ct-53705/home/185013014,SCWMLS,2001095,N,Y,43.0757516,-89.4385264
MLS Listing,,Single Family Residential,6216 Countryside Ln,Madison,WI,53705,499900,3,2.0,N/a,2116,11761,1975,62,236,,Active,,,https://www.redfin.com/WI/Madison/6216-Countryside-Ln-53705/home/57766918,SCWMLS,2000151,N,Y,43.0900378,-89.4888373
MLS Listing,,Single Family Residential,4705 Agate Ln,Madison,WI,53714,404900,3,1.5,Rolling Meadows,2328,11325,1967,63,174,,Active,,,https://www.redfin.com/WI/Madison/4705-Agate-Ln-53714/home/89912074,SCWMLS,2001028,N,Y,43.0944062,-89.3003959
MLS Listing,,Single Family Residential,9155 Honey Harvest Ln,Verona,WI,53593,464900,3,2.5,Acacia Ridge,1533,3049,2025,64,303,20,Active,,,https://www.redfin.com/WI/Fitchburg/9155-Honey-Harvest-Ln-53593/home/195958135,SCWMLS,2000937,N,Y,43.0460066,-89.5441874
MLS Listing,,Condo/Co-op,333 W Mifflin St #8100,Madison,WI,53703,399000,2,1.0,Madison,973,,2007,64,410,502,Active,,,https://www.redfin.com/WI/Madison/333-W-Mifflin-St-53703/unit-8100/home/57819356,SCWMLS,2000934,N,Y,43.0725293,-89.389168
MLS Listing,,Condo/Co-op,615 W Main St #305,Madison,WI,53703,359900,1,1.5,Madison,897,,2004,64,401,409,Active,,,https://www.redfin.com/WI/Madison/615-W-Main-St-53703/unit-305/home/62386331,SCWMLS,2000465,N,Y,43.0673763,-89.3916475
MLS Listing,,Single Family Residential,2314 Sommers Ave,Madison,WI,53704,720000,4,2.0,Atwood,1617,4356,1906,64,445,,Active,August-3-2025 02:00 PM,August-3-2025 04:00 PM,https://www.redfin.com/WI/Madison/2314-Sommers-Ave-53704/home/57775537,SCWMLS,2000889,N,Y,43.0929689,-89.3476143
MLS Listing,,Condo/Co-op,6710 Park Ridge Dr Unit B,Madison,WI,53719,196000,2,1.0,Madison,919,,1984,64,213,320,Active,,,https://www.redfin.com/WI/Madison/6710-Park-Ridge-Dr-53719/unit-B/home/57836198,SCWMLS,2000115,N,Y,43.0427245,-89.5002605
MLS Listing,,Single Family Residential,9629 Shadow Wood Dr,Verona,WI,53593,669900,3,2.0,Hawks Landing,2549,17424,2004,65,263,14,Active,,,https://www.redfin.com/WI/Verona/9629-Shadow-Wood-Dr-53593/home/89963605,SCWMLS,1998065,N,Y,43.0316419,-89.5553211
MLS Listing,,Condo/Co-op,2146 Allen Blvd #3,Middleton,WI,54562,210000,2,1.0,Middleton,905,,1968,66,232,395,Active,,,https://www.redfin.com/WI/Middleton/2146-Allen-Blvd-53562/unit-3/home/57836404,SCWMLS,2000188,N,Y,43.0941764,-89.4875063
MLS Listing,,Single Family Residential,425 Mineau Pkwy,Madison,WI,53711,389900,3,1.0,Madison,1086,7840,1958,69,359,,Active,,,https://www.redfin.com/WI/Madison/425-Mineau-Pkwy-53711/home/89909251,SCWMLS,2000599,N,Y,43.0597943,-89.4597826
MLS Listing,,Single Family Residential,9305 Briar Haven Dr,Verona,WI,53593,450000,3,3.5,Cardinal Glenn,2012,3920,2007,70,224,18,Active,,,https://www.redfin.com/WI/Verona/9305-Briar-Haven-Dr-53593/home/57605264,SCWMLS,2000511,N,Y,43.0559013,-89.5475359
MLS Listing,,Single Family Residential,5 Daffodil Ln,Madison,WI,53714,379500,3,1.0,Madison,956,10018,1972,71,397,,Active,,,https://www.redfin.com/WI/Madison/5-Daffodil-Ln-53714/home/89966539,SCWMLS,2000453,N,Y,43.0996171,-89.2968721
MLS Listing,,Single Family Residential,9121 Blackhawk Rd,Middleton,WI,53562,1089000,5,4.5,Blackhawk,4980,16988,1999,72,219,13,Active,,,https://www.redfin.com/WI/Middleton/9121-Blackhawk-Rd-53562/home/57586699,SCWMLS,2000050,N,Y,43.0817973,-89.5439165
MLS Listing,,Single Family Residential,2894 Waubesa Ave,Madison,WI,53711,949815,4,1.5,Waubesa Beach,2120,19166,1920,72,448,,Active,,,https://www.redfin.com/WI/Madison/2894-Waubesa-Ave-53711/home/89872347,SCWMLS,2000343,N,Y,43.0039362,-89.3381636
MLS Listing,,Multi-Family (2-4 Unit),18 Northridge Ter,Madison,WI,53704,700000,8,4.0,Madison,,16988,1989,74,,,Active,,,https://www.redfin.com/WI/Madison/18-Northridge-Ter-53704/home/89969172,SCWMLS,2000144,N,Y,43.1385317,-89.3876124
MLS Listing,,Vacant Land,3602 Agriculture Dr,Madison,WI,53718,599900,,,Madison,,145054,,74,,,Active,,,https://www.redfin.com/WI/Madison/3602-Agriculture-Dr-53718/home/195846120,SCWMLS,2000121,N,Y,43.04478,-89.290213
MLS Listing,,Single Family Residential,328 Venus Way,Madison,WI,53718,559900,4,2.5,Grandview Commons,2045,6969,2019,74,274,18,Active,,,https://www.redfin.com/WI/Madison/328-Venus-Way-53718/home/89942533,SCWMLS,1995938,N,Y,43.0947395,-89.2725824
MLS Listing,,Single Family Residential,9120 Valley View Rd,Verona,WI,53593,419900,3,2.5,Acacia Ridge,1765,3484,2025,77,238,20,Active,,,https://www.redfin.com/WI/Unknown/9120-Valley-View-Rd-Unknown/home/194912790,SCWMLS,2000022,N,Y,43.04595947265625,-89.54366302490234
MLS Listing,,Single Family Residential,923 Swarthmore Ct,Madison,WI,53705,1250000,3,2.0,Shorewood Hills,2234,10890,1940,77,560,,Active,,,https://www.redfin.com/WI/Madison/923-Swarthmore-Ct-53705/home/89879382,SCWMLS,1999656,N,Y,43.0767424,-89.4411455
MLS Listing,,Condo/Co-op,7102 Flagship Dr #8,Madison,WI,53719,270000,2,2.0,Madison,1005,,1988,77,269,319,Active,,,https://www.redfin.com/WI/Madison/7102-Flagship-Dr-53719/unit-8/home/57832427,SCWMLS,1999992,N,Y,43.048913,-89.507893
MLS Listing,,Townhouse,612 N Midvale Blvd,Madison,WI,53705,449000,2,2.5,Madison,1508,,2006,77,298,372,Active,August-3-2025 01:00 PM,August-3-2025 03:00 PM,https://www.redfin.com/WI/Madison/612-N-Midvale-Blvd-53705/home/57812909,SCWMLS,1999676,N,Y,43.073196,-89.4514298
MLS Listing,,Single Family Residential,5910 Saturn Dr,Madison,WI,53718,464900,3,2.5,Grandview Commons North,1650,9147,2025,78,282,18,Active,,,https://www.redfin.com/WI/Madison/5910-Saturn-Dr-53718/home/114000510,SCWMLS,1999920,N,Y,43.094527,-89.280472
MLS Listing,,Single Family Residential,6614 Inner Dr,Madison,WI,53705,599000,4,2.5,Parkwood Hills,2443,10018,1969,78,245,,Active,,,https://www.redfin.com/WI/Madison/6614-Inner-Dr-53705/home/89900914,SCWMLS,1998954,N,Y,43.0677884,-89.4964058
MLS Listing,,Single Family Residential,432 Tawny Elm Pkwy,Verona,WI,53593,774900,4,2.5,Eagle Trace,3222,6534,2023,78,241,15,Active,,,https://www.redfin.com/WI/Verona/432-Tawny-Elm-Pkwy-53593/home/174960731,SCWMLS,1999830,N,Y,43.0682663,-89.5659904
MLS Listing,,Single Family Residential,5449 Old Middleton Rd,Madison,WI,53705,420000,3,2.0,Glen Oak Hills,1328,7405,1910,79,316,,Active,,,https://www.redfin.com/WI/Madison/5449-Old-Middleton-Rd-53705/home/89904325,SCWMLS,1999807,N,Y,43.0740865,-89.4756401
MLS Listing,,Condo/Co-op,360 W Washington Ave #1412,Madison,WI,53703,479500,1,2.0,Madison,1115,,2003,79,430,530,Active,,,https://www.redfin.com/WI/Madison/360-W-Washington-Ave-53703/unit-1412/home/89944381,SCWMLS,1999800,N,Y,43.0721159,-89.388464
MLS Listing,,Single Family Residential,5109 Whitcomb Dr,Madison,WI,53711,474900,3,2.0,Orchard Ridge,2975,32234,1951,79,160,,Active,,,https://www.redfin.com/WI/Madison/5109-Whitcomb-Dr-53711/home/89910332,SCWMLS,1998951,N,Y,43.0406601,-89.465747
MLS Listing,,Condo/Co-op,211 S Henry St #201,Madison,WI,53703,735000,2,2.0,Madison,1440,,2019,79,510,550,Active,August-3-2025 01:00 PM,August-3-2025 03:00 PM,https://www.redfin.com/WI/Madison/211-S-Henry-St-53703/unit-201/home/148027895,SCWMLS,1999782,N,Y,43.0709572,-89.3847599
MLS Listing,,Condo/Co-op,802 Herndon Dr Unit C,Madison,WI,53718,350000,3,2.0,Madison,1967,,2004,80,178,250,Active,,,https://www.redfin.com/WI/Madison/802-Herndon-Dr-53718/unit-C/home/89927862,SCWMLS,1999684,N,Y,43.087005,-89.264985
MLS Listing,,Single Family Residential,2332 Monroe St,Madison,WI,53711,650000,3,1.5,Dudgeon-monroe,1800,5662,1894,80,361,,Active,,,https://www.redfin.com/WI/Madison/2332-Monroe-St-53711/home/89908159,SCWMLS,1999134,N,Y,43.0601252,-89.4249966
MLS Listing,,Single Family Residential,126 S Hancock St,Madison,WI,53703,769900,3,2.0,N/a,1968,4356,1862,80,391,,Active,August-2-2025 11:00 AM,August-2-2025 01:00 PM,https://www.redfin.com/WI/Madison/126-S-Hancock-St-53703/home/57761817,SCWMLS,1998871,N,Y,43.0758105,-89.3785838
MLS Listing,,Single Family Residential,821 Ondossagon Way,Madison,WI,53719,665000,5,3.0,High Point Estates,3820,13939,1994,83,174,,Active,,,https://www.redfin.com/WI/Madison/821-Ondossagon-Way-53719/home/89901782,SCWMLS,1999495,N,Y,43.0474525,-89.516659
MLS Listing,,Vacant Land,1206 Sweetbriar Rd,Madison,WI,53705,695000,,,Shorewood Hills,,7840,,84,,,Active,,,https://www.redfin.com/WI/Madison/1206-Sweetbriar-Rd-53705/home/195663889,SCWMLS,1999479,N,Y,43.0805098,-89.4396713
MLS Listing,,Townhouse,12 Deer Point Trl,Madison,WI,53719,317500,3,3.0,Madison,1838,,1995,84,173,400,Active,,,https://www.redfin.com/WI/Madison/12-Deer-Point-Trl-53719/home/195556457,SCWMLS,1998600,N,Y,43.0320206,-89.5012287
MLS Listing,,Single Family Residential,4 Red Cedar Trl,Madison,WI,53717,388900,4,2.5,Tamarack Trails,2147,1742,1974,85,181,515,Active,,,https://www.redfin.com/WI/Madison/4-Red-Cedar-Trl-53717/home/89900783,SCWMLS,1999303,N,Y,43.0643335,-89.5084827
MLS Listing,,Single Family Residential,4215 Wanetah Trl,Madison,WI,53711,950000,4,3.0,Nakoma,3026,11325,1939,86,314,,Active,,,https://www.redfin.com/WI/Madison/4215-Wanetah-Trl-53711/home/89910829,SCWMLS,1999052,N,Y,43.0384007,-89.4447335
MLS Listing,,Townhouse,9066 Paddington Pkwy,Verona,WI,53593,799000,3,3.0,Madison,2808,,2025,91,285,550,Active,,,https://www.redfin.com/WI/Verona/9066-Paddington-Pkwy-53593/home/195137073,SCWMLS,1995866,N,Y,43.0419931,-89.5406327
MLS Listing,,Townhouse,9076 Paddington Pkwy,Verona,WI,53593,799000,3,3.0,Madison,2860,,2025,91,279,550,Active,,,https://www.redfin.com/WI/Verona/9076-Paddington-Pkwy-53593/home/195137074,SCWMLS,1995867,N,Y,43.0419838,-89.5409262
MLS Listing,,Townhouse,9074 Paddington Pkwy,Verona,WI,53593,799000,3,3.0,Madison,2808,,2025,91,285,550,Active,,,https://www.redfin.com/WI/Verona/9074-Paddington-Pkwy-53593/home/195137108,SCWMLS,1995869,N,Y,43.0414941,-89.5399576
MLS Listing,,Townhouse,9068 Paddington Pkwy,Verona,WI,53593,799000,3,3.0,Madison,2860,,2025,91,279,550,Active,,,https://www.redfin.com/WI/Verona/9068-Paddington-Pkwy-53593/home/195137110,SCWMLS,1995868,N,Y,43.0419888,-89.5406994
MLS Listing,,Vacant Land,9213 Crosswinds Ln,Verona,WI,53593,1200000,,,Madison,,54885,,91,,,Active,,,https://www.redfin.com/WI/Verona/9213-Crosswinds-Ln-53593/home/89963627,SCWMLS,1997333,N,Y,43.0316939,-89.5459041
MLS Listing,,Single Family Residential,5924 Woodbine Dr,Madison,WI,53718,499900,3,2.5,Village At Autumn Lake,1872,6969,2025,92,267,28,Active,,,https://www.redfin.com/WI/Madison/5924-Woodbine-Dr-53718/home/195579770,SCWMLS,1998815,N,Y,43.123144,-89.274356
MLS Listing,,Single Family Residential,4102 Veith Ave,Madison,WI,53704,2500000,3,3.0,Veith's Park,2795,31798,1994,96,894,,Active,,,https://www.redfin.com/WI/Madison/4102-Veith-Ave-53704/home/57586385,SCWMLS,1997062,N,Y,43.1369194,-89.4086347
MLS Listing,,Single Family Residential,402 Burnt Sienna Dr,Middleton,WI,53562,879900,4,3.0,Autumn Ridge Reserve,3138,9583,2017,98,280,,Active,,,https://www.redfin.com/WI/Middleton/402-Burnt-Sienna-Dr-53562/home/113654647,SCWMLS,1998295,N,Y,43.0677135,-89.5600673
