SALE TYPE,SOLD DATE,PROPERTY TYPE,ADDRESS,CITY,STATE OR PROVINCE,ZIP OR POSTAL CODE,PRICE,BEDS,BATHS,LOCATION,SQUARE FEET,LOT SIZE,YEAR BUILT,DAYS ON MARKET,$/SQUARE FEET,HOA/MONTH,STATUS,NEXT OPEN HOUSE START TIME,NEXT OPEN HOUSE END TIME,URL (SEE https://www.redfin.com/buy-a-home/comparative-market-analysis FOR INFO ON PRICING),SOURCE,MLS#,FAVORITE,INTERESTED,LATITUDE,LONGITUDE
"In accordance with local MLS rules, some MLS listings are not included in the download"
MLS Listing,,Vacant Land,114 Nichole St,Morgantown,WV,26508,70000,,,Goshen Grove Estates,,13939,,1,,83,Active,,,https://www.redfin.com/WV/Morgantown/114-Nichole-St-26508/home/190941082,NCWVREIN,10160782,N,Y,39.5323503,-79.9843645
MLS Listing,,Single Family Residential,1 Lafollette,Morgantown,WV,26508,275000,2,2.5,Morgantown,1862,4752,2006,1,148,,Active,,,https://www.redfin.com/WV/Morgantown/1-Lafollette-Dr-26508/home/123011603,NCWVREIN,10160768,N,Y,39.645933,-79.863394
MLS Listing,,Single Family Residential,2062 Pinecrest,Morgantown,WV,26505,385000,4,3.0,Pinecrest,2713,6534,1998,1,142,,Active,,,https://www.redfin.com/WV/Morgantown/2062-Pinecrest-Dr-26505/home/123208467,NCWVREIN,10160765,N,Y,39.670182,-79.9215416
MLS Listing,,Condo/Co-op,1117 University,Morgantown,WV,26505,225000,2,2.0,View at the Park,1050,,2003,3,214,498,Active,,,https://www.redfin.com/WV/Morgantown/1117-University-Ave-26505/home/123016601,NCWVREIN,10160726,N,Y,39.6295039,-79.95913
MLS Listing,,Townhouse,118 Park Pl,Morgantown,WV,26508,230000,2,2.5,Park Place,1445,2000,2010,4,159,40,Active,,,https://www.redfin.com/WV/Morgantown/118-Park-Place-Dr-26508/home/123543776,NCWVREIN,10160711,N,Y,39.6166533,-79.9063817
MLS Listing,,Single Family Residential,265 Paradise Cir,Morgantown,WV,26508,439000,4,2.0,Paradise Lake,2204,83069,1978,6,199,,Active,August-3-2025 01:00 PM,August-3-2025 03:00 PM,https://www.redfin.com/WV/Morgantown/265-Paradise-Cir-26508/home/123002161,NCWVREIN,10160698,N,Y,39.4990656,-79.9085944
MLS Listing,,Townhouse,1028 Greystone Cir,Morgantown,WV,26508,285000,2,1.5,Greystone-on-the-Cheat,1520,,1987,6,188,244,Active,,,https://www.redfin.com/WV/Morgantown/1028-Greystone-Cir-26508/home/190947978,NCWVREIN,10160695,N,Y,39.680352,-79.8590333
MLS Listing,,Townhouse,104 Tivoli Gdn,Morgantown,WV,26508,459900,4,4.5,Nyhavn,3182,,2025,7,145,100,Active,,,https://www.redfin.com/WV/Morgantown/104-Tivoli-GDN-Unknown/home/196616600,NCWVREIN,10160691,N,Y,39.6389177461868,-79.8893958358765
MLS Listing,,Townhouse,108 Tivoli Gdn,Morgantown,WV,26508,463900,4,4.5,Nyhavn,3182,,2025,7,146,100,Active,,,https://www.redfin.com/WV/Morgantown/108-Tivoli-GDN-Unknown/home/196616394,NCWVREIN,10160690,N,Y,39.6389177461876,-79.8894387512207
MLS Listing,,Condo/Co-op,887 Tremont St,Morgantown,WV,26505,215000,3,2.0,Morgantown,1245,,1975,7,173,,Active,,,https://www.redfin.com/WV/Morgantown/887-Tremont-St-26505/home/143480128,NCWVREIN,10160688,N,Y,39.667572,-79.9491579
MLS Listing,,Single Family Residential,1997 Point Marion Rd,Morgantown,WV,26508,324900,4,2.5,Morgantown,2000,22956,1984,7,162,,Active,,,https://www.redfin.com/WV/Morgantown/1997-Point-Marion-Rd-26508/home/123471043,NCWVREIN,10160687,N,Y,39.7139468,-79.9118534
MLS Listing,,Townhouse,1230 Van Voorhis Rd,Morgantown,WV,26505,234900,3,2.5,North Ridge,1833,,1983,7,128,65,Active,,,https://www.redfin.com/WV/Morgantown/1230-Van-Voorhis-Rd-26505/home/190943302,NCWVREIN,10160685,N,Y,39.6620592,-79.9621765
MLS Listing,,Single Family Residential,227 Hagans,Morgantown,WV,26501,310000,3,1.0,South Park,1588,1400,1920,7,195,,Active,August-3-2025 11:00 AM,August-3-2025 01:00 PM,https://www.redfin.com/WV/Morgantown/227-Hagans-St-26501/home/122990419,NCWVREIN,10160673,N,Y,39.6244258,-79.9546169
MLS Listing,,Single Family Residential,4212 Persimmon Woods Dr,Morgantown,WV,26508,893000,5,4.5,Greystone-on-the-Cheat,5683,23522,1994,7,157,,Active,,,https://www.redfin.com/WV/Morgantown/4212-Persimmon-Woods-Dr-26508/home/123216553,NCWVREIN,10160672,N,Y,39.6909956,-79.8689042
MLS Listing,,Single Family Residential,1248 Goshen Rd,Morgantown,WV,26508,349900,4,2.0,Morgantown,1935,39291,1964,7,181,,Active,,,https://www.redfin.com/WV/Morgantown/1248-Goshen-Rd-26508/home/123256523,NCWVREIN,10160670,N,Y,39.5463123,-79.9504993
MLS Listing,,Single Family Residential,308 Salonika Dr,Morgantown,WV,26508,590000,4,3.5,Aspria Estates,3742,15246,2018,8,158,,Active,,,https://www.redfin.com/WV/Morgantown/308-Salonika-Dr-26508/home/123532738,NCWVREIN,10160658,N,Y,39.6278817,-79.8801678
MLS Listing,,Single Family Residential,76 Tuscan Dr,Morgantown,WV,26508,640000,5,3.0,Tuscan Village,3016,7841,2025,8,212,,Active,,,https://www.redfin.com/WV/Morgantown/76-Tuscan-Dr-26508/home/196576701,NCWVREIN,10160657,N,Y,39.6998949,-79.8972978
MLS Listing,,Townhouse,57 Hewstone Ct,Morgantown,WV,26501,305000,3,2.5,Stonehurst,1680,,2022,9,182,83,Active,,,https://www.redfin.com/WV/Morgantown/57-Hewstone-Ct-26501/home/190944664,NCWVREIN,10160647,N,Y,39.6154421,-79.9482011
MLS Listing,,Vacant Land,Lot #27 Dove,Morgantown,WV,26508,140000,,,Whispering Woods,,417305,,9,,33,Active,,,https://www.redfin.com/WV/Cheat-Lake/Lot-27-Dove-Dr-26508/home/196558583,NCWVREIN,10160646,N,Y,39.663414,-79.822997
MLS Listing,,Single Family Residential,10 Amber Dr,Morgantown,WV,26508,335000,3,2.0,Shiloh,1567,5401,2013,9,214,,Active,August-10-2025 12:00 PM,August-10-2025 02:00 PM,https://www.redfin.com/WV/Morgantown/10-Amber-Rdg-26508/home/196556863,NCWVREIN,10160644,N,Y,39.658985,-79.871799
MLS Listing,,Single Family Residential,264 Tide Way,Morgantown,WV,26508,425000,4,3.5,Cheat Cove,2980,13199,2020,9,143,,Active,,,https://www.redfin.com/WV/Morgantown/264-Tide-Way-26508/home/196553006,NCWVREIN,10160639,N,Y,39.6556231,-79.9016688
MLS Listing,,Single Family Residential,1810 Cassville Mount Morris Rd,Morgantown,WV,26501,275000,2,1.0,Morgantown,896,257440,1950,9,307,,Active,,,https://www.redfin.com/WV/Morgantown/1810-Cassville-Mount-Morris-Rd-26501/home/123426318,NCWVREIN,10160637,N,Y,39.7089242,-80.0625401
MLS Listing,,Single Family Residential,3208 Lemley St,Morgantown,WV,26508,425000,4,2.5,Meadowlands,2684,10890,1994,10,158,,Active,,,https://www.redfin.com/WV/Morgantown/3208-Lemley-St-26508/home/123420380,NCWVREIN,10160631,N,Y,39.6207156,-79.8887662
MLS Listing,,Single Family Residential,3125 N Greystone,Morgantown,WV,26508,995000,5,4.0,Greystone-on-the-Cheat,5537,33977,1989,10,180,,Active,,,https://www.redfin.com/WV/Morgantown/3125-N-Greystone-Dr-26508/home/123366948,NCWVREIN,10160627,N,Y,39.6877699,-79.8632615
MLS Listing,,Single Family Residential,2626 Stewartstown,Morgantown,WV,26508,699000,5,4.0,Morgantown,6183,150282,1998,10,113,,Active,August-3-2025 02:00 PM,August-3-2025 04:00 PM,https://www.redfin.com/WV/Morgantown/2626-Stewartstown-Rd-26508/home/123749704,NCWVREIN,10160624,N,Y,39.7055532,-79.8953611
MLS Listing,,Multi-Family (5+ Unit),318 High,Morgantown,WV,26505,1699999,12,12.0,Morgantown,16324,7841,1920,10,104,,Active,,,https://www.redfin.com/WV/Morgantown/318-High-St-26505/home/123376510,NCWVREIN,10160619,N,Y,39.6299671,-79.9555288
MLS Listing,,Townhouse,9 Hanna Ln,Morgantown,WV,26505,189000,2,1.5,Pinnacle Townhomes,1030,,2006,11,183,30,Active,,,https://www.redfin.com/WV/Morgantown/9-Hannah-Ln-26505/home/190947511,NCWVREIN,10160606,N,Y,39.6666367,-79.9239112
MLS Listing,,Single Family Residential,1021 Willis Dr,Morgantown,WV,26501,290000,5,4.0,Morgantown,5216,31366,1973,14,56,,Active,,,https://www.redfin.com/WV/Morgantown/1021-Willis-Dr-26501/home/123343510,NCWVREIN,10160583,N,Y,39.6019477,-79.9939849
MLS Listing,,Single Family Residential,438 Blackberry Rdg,Morgantown,WV,26508,419900,3,2.5,Harvest Ridge,2600,19166,2013,14,162,,Active,,,https://www.redfin.com/WV/Morgantown/438-Blackberry-Ridge-Dr-26508/home/123540449,NCWVREIN,10160575,N,Y,39.5640026,-79.9728483
MLS Listing,,Single Family Residential,110 Apolla,Morgantown,WV,26501,219900,3,1.0,Morgantown,1153,8407,1971,14,191,,Active,,,https://www.redfin.com/WV/Morgantown/110-Apolla-Dr-26501/home/123236006,NCWVREIN,10160567,N,Y,39.6110474,-79.9451695
MLS Listing,,Single Family Residential,41 Chardonnay Dr,Morgantown,WV,26508,499900,4,2.5,Brandywine Estates,3575,19602,1976,14,140,,Active,August-3-2025 01:00 PM,August-3-2025 03:00 PM,https://www.redfin.com/WV/Morgantown/41-Chardonnay-Dr-26508/home/123226928,NCWVREIN,10160565,N,Y,39.6576324,-79.8582687
MLS Listing,,Townhouse,3 Banner,Morgantown,WV,26508,389000,4,3.5,Banner Place,2657,,2006,14,146,67,Active,,,https://www.redfin.com/WV/Morgantown/3-Banner-Pl-26508/home/190951537,NCWVREIN,10160566,N,Y,39.6561837,-79.8685484
MLS Listing,,Vacant Land,TBD Butler,Morgantown,WV,26508,175000,,,Magnolia Pointe,,33106,,14,,8,Active,,,https://www.redfin.com/WV/Morgantown/TBD-Butler-Dr-26508/home/196487475,NCWVREIN,10160562,N,Y,39.6573541475969,-79.9254930047989
MLS Listing,,Single Family Residential,833 Louise Ave,Morgantown,WV,26505,150000,1,1.0,Morgantown,707,6098,1925,15,212,,Active,,,https://www.redfin.com/WV/Morgantown/833-Louise-Ave-26505/home/123450078,NCWVREIN,10160558,N,Y,39.6326714,-79.9439423
MLS Listing,,Single Family Residential,3951 Eastlake Dr,Morgantown,WV,26508,950000,4,3.5,Greystone-on-the-Cheat,3556,88862,1992,15,267,,Active,,,https://www.redfin.com/WV/Morgantown/3951-Eastlake-Dr-26508/home/123009735,NCWVREIN,10160556,N,Y,39.6934129,-79.8655148
MLS Listing,,Townhouse,3908 Sun Way,Morgantown,WV,26505,415000,4,3.5,Suncrest Village,2297,,2014,15,181,150,Active,,,https://www.redfin.com/WV/Morgantown/3908-Sun-Way-26505/home/123579177,NCWVREIN,10160552,N,Y,39.654515,-79.938872
MLS Listing,,Single Family Residential,292 Spring St,Morgantown,WV,26505,165000,4,2.0,Morgantown,1510,6273,1977,15,109,,Active,,,https://www.redfin.com/WV/Morgantown/292-Spring-St-26505/home/123041714,NCWVREIN,10160550,N,Y,39.6469557,-79.9521081
MLS Listing,,Townhouse,1236 Van Voorhis,Morgantown,WV,26505,225000,2,1.5,North Ridge,1188,,1980,16,189,65,Active,,,https://www.redfin.com/WV/Morgantown/1236-Van-Voorhis-Rd-26505/home/190947928,NCWVREIN,10160545,N,Y,39.6612521,-79.9610596
MLS Listing,,Vacant Land,TBD Charleston,Morgantown,WV,26508,25000,,,Morgantown,,,,19,,,Active,,,https://www.redfin.com/WV/Morgantown/TBD-Charleston-26508/home/196378651,NCWVREIN,10160496,N,Y,39.6173203312603,-79.9494218227666
MLS Listing,,Multi-Family (5+ Unit),220 & 222 E Brockway,Morgantown,WV,26505,265000,5,5.0,Morgantown,2640,,1920,21,100,,Active,,,https://www.redfin.com/WV/Morgantown/220-E-Brockway-Ave-26501/home/123376394,NCWVREIN,10160487,N,Y,39.6257963,-79.9465653
MLS Listing,,Townhouse,332 Bay St,Morgantown,WV,26508,389000,3,3.0,Cheat Cove,2189,,2022,21,178,67,Active,,,https://www.redfin.com/WV/Morgantown/332-Bay-Unknown/home/190948218,NCWVREIN,10160472,N,Y,39.655789,-79.904324
MLS Listing,,Single Family Residential,774 Garrison,Morgantown,WV,26505,199000,3,2.0,Morgantown,1145,5227,1911,21,174,,Active,,,https://www.redfin.com/WV/Morgantown/774-Garrison-Ave-26505/home/123389977,NCWVREIN,10160469,N,Y,39.6336417,-79.9465929
MLS Listing,,Single Family Residential,1416 Point Marion Rd,Morgantown,WV,26508,339900,3,2.0,Morgantown,1420,56628,1984,21,239,,Active,,,https://www.redfin.com/WV/Morgantown/1416-Point-Marion-Rd-26508/home/123123421,NCWVREIN,10160464,N,Y,39.6961382,-79.9126564
MLS Listing,,Vacant Land,Lot 13 Georgian,Morgantown,WV,26508,125000,,,Greystone-on-the-Cheat,,10454,,21,,125,Active,,,https://www.redfin.com/WV/Morgantown/579-Price-St-26505/home/123454058,NCWVREIN,10160463,N,Y,39.6321633,-79.9517068
MLS Listing,,Single Family Residential,2002 White Oak,Morgantown,WV,26505,625000,4,3.5,White Oaks,4328,13939,1997,21,144,,Active,,,https://www.redfin.com/WV/Morgantown/2002-White-Oak-Dr-26505/home/143480132,NCWVREIN,10160460,N,Y,39.6622776,-79.9609403
MLS Listing,,Townhouse,210 Tide Way,Morgantown,WV,26508,320000,3,2.5,Cheat Cove,2222,,2021,22,144,67,Active,,,https://www.redfin.com/WV/Morgantown/210-Tide-Way-26508/home/190947852,NCWVREIN,10160458,N,Y,39.6549319,-79.9050323
MLS Listing,,Townhouse,2055 Mountain Ash,Morgantown,WV,26501,455000,4,3.5,The Village of Sugar Maple Ridge,2600,,2022,22,175,150,Active,,,https://www.redfin.com/WV/Morgantown/2055-Mountain-Ash-Ln-26501/home/190949041,NCWVREIN,10160456,N,Y,39.6570899,-80.035543
MLS Listing,,Condo/Co-op,2726 Suncrest,Morgantown,WV,26505,176000,1,1.0,Suncrest Village,706,,2006,22,249,203,Active,,,https://www.redfin.com/WV/Morgantown/2726-Suncrest-26505/home/190949885,NCWVREIN,10160454,N,Y,39.65656801,-79.94347299
MLS Listing,,Single Family Residential,101 Walnut Ln,Morgantown,WV,26505,746000,5,5.0,Bakers Ridge Manor,4567,18295,1976,22,163,,Active,,,https://www.redfin.com/WV/Morgantown/101-Walnut-Ln-26505/home/123024302,NCWVREIN,10160446,N,Y,39.6777109,-79.948496
MLS Listing,,Townhouse,724 Hardman,Morgantown,WV,26501,275740,3,2.5,Woodside Ridge,1969,,2025,22,140,67,Active,,,https://www.redfin.com/WV/Morgantown/724-Hardman-Unknown/Unit/home/196333347,NCWVREIN,10160443,N,Y,39.636866,-79.92596
MLS Listing,,Townhouse,722 Hardman,Morgantown,WV,26501,310990,3,2.5,Woodside Ridge,2208,,2025,22,141,67,Active,,,https://www.redfin.com/WV/Morgantown/722-Hardman-Unknown/home/196332159,NCWVREIN,10160440,N,Y,39.636867,-79.925961
MLS Listing,,Single Family Residential,2061 Pinecrest Dr,Morgantown,WV,26505,314500,3,2.0,Pinecrest,1830,7013,2000,22,172,,Active,,,https://www.redfin.com/WV/Morgantown/2061-Pinecrest-Dr-26505/home/123324722,NCWVREIN,10160434,N,Y,39.6699056,-79.9213616
MLS Listing,,Single Family Residential,313 Ford,Morgantown,WV,26501,205000,3,2.0,Morgantown,1124,1799,1910,22,182,,Active,,,https://www.redfin.com/WV/Morgantown/313-Ford-St-26501/home/123180594,NCWVREIN,10160432,N,Y,39.6227307,-79.9626443
MLS Listing,,Single Family Residential,63 Tuscan Dr,Morgantown,WV,26508,495020,3,2.5,Tuscan Village,2294,7405,2025,23,216,,Active,,,https://www.redfin.com/WV/Morgantown/42-Tuscan-Dr-26505/home/196092023,NCWVREIN,10160429,N,Y,39.701266,-79.9018804
MLS Listing,,Single Family Residential,537 Canyon Rd,Morgantown,WV,26508,399000,4,3.0,Morgantown,2716,32670,2003,23,147,,Active,,,https://www.redfin.com/WV/Morgantown/537-Canyon-Rd-26508/home/123331871,NCWVREIN,10160427,N,Y,39.6711147,-79.8919666
MLS Listing,,Single Family Residential,100 Landing Dr,Morgantown,WV,26508,369900,3,2.5,Morgan Pointe,1680,9148,2017,23,220,,Active,,,https://www.redfin.com/WV/Morgantown/100-Landing-Dr-26508/home/143480017,NCWVREIN,10160419,N,Y,39.5368066,-79.9332577
MLS Listing,,Single Family Residential,3392 Earl l Core Rd,Morgantown,WV,26508,169000,2,1.0,Morgantown,1000,5663,1900,24,169,,Active,,,https://www.redfin.com/WV/Morgantown/3392-Earl-L-Core-Rd-26508/home/123360589,NCWVREIN,10160405,N,Y,39.6061896,-79.9080688
MLS Listing,,Single Family Residential,211 Norwood Ct,Morgantown,WV,26508,815000,5,4.5,Bluffs at Falling Water,3920,17424,2024,24,208,,Active,August-1-2025 11:00 AM,August-1-2025 01:00 PM,https://www.redfin.com/WV/Morgantown/211-Norwood-Ct-26508/home/196288251,NCWVREIN,10160401,N,Y,39.701855,-79.840189
MLS Listing,,Single Family Residential,443 Melrose,Morgantown,WV,26505,255000,4,1.5,Morgantown,1700,4574,1929,25,150,,Active,,,https://www.redfin.com/WV/Morgantown/443-Melrose-St-26505/home/123113544,NCWVREIN,10160388,N,Y,39.6428514,-79.9547773
MLS Listing,,Vacant Land,Lot 21 Snake Hl,Morgantown,WV,26508,400000,,,Laurelwood,,438214,,25,,,Active,,,https://www.redfin.com/WV/Morgantown/21-Snake-Hill-Rd-26508/home/190945682,NCWVREIN,10160384,N,Y,39.6395196,-79.8578239
MLS Listing,,Single Family Residential,533 Princeton Ave,Morgantown,WV,26505,219500,2,1.0,Morgantown,964,4008,1950,26,228,,Active,,,https://www.redfin.com/WV/Morgantown/533-Princeton-Ave-26505/home/123478655,NCWVREIN,10160362,N,Y,39.6607687,-79.9794816
MLS Listing,,Townhouse,703 Hardman,Morgantown,WV,26501,274990,3,2.5,Woodside Ridge,1969,1612,2025,28,140,67,Active,,,https://www.redfin.com/WV/Morgantown/703-Hardman-Unknown/home/195782102,NCWVREIN,10159469,N,Y,39.636874,-79.925978
MLS Listing,,Mobile/Manufactured Home,269 Randolph Rd,Morgantown,WV,26505,165000,3,1.0,Morgantown,1730,6240,1965,29,95,,Active,,,https://www.redfin.com/WV/Morgantown/269-Randolph-Rd-26505/home/123078070,NCWVREIN,10160351,N,Y,39.6465706,-79.9508392
MLS Listing,,Single Family Residential,107 Ridgeley,Morgantown,WV,26505,395000,4,2.0,Morgantown,1883,8712,1924,29,210,,Active,,,https://www.redfin.com/WV/Morgantown/107-Ridgeley-Rd-26505/home/123201356,NCWVREIN,10160350,N,Y,39.6431643,-79.9494409
MLS Listing,,Single Family Residential,524 Short St,Morgantown,WV,26505,199000,4,2.0,Morgantown,1248,4008,1900,29,159,,Active,,,https://www.redfin.com/WV/Morgantown/524-Short-St-26505/home/123091092,NCWVREIN,10160340,N,Y,39.6445145,-79.9550836
MLS Listing,,Townhouse,730 Hardman,Morgantown,WV,26501,312990,3,2.5,Woodside Ridge,2208,2744,2025,29,142,67,Active,,,https://www.redfin.com/WV/Morgantown/730-Hardman-Unknown/home/196262113,NCWVREIN,10160337,N,Y,39.636863,-79.925954
MLS Listing,,Single Family Residential,265 Waitman St,Morgantown,WV,26501,220000,3,2.0,First Ward,1273,10019,1950,29,173,,Active,,,https://www.redfin.com/WV/Morgantown/265-Waitman-St-26501/home/123317623,NCWVREIN,10160336,N,Y,39.6220085,-79.9604184
MLS Listing,,Multi-Family (2-4 Unit),136 Falling Water Ln,Morgantown,WV,26508,544900,3,3.0,The Heights at Falling Water,2751,,2018,30,198,200,Active,,,https://www.redfin.com/WV/Morgantown/136-Falling-Water-Ln-26508/home/190947965,NCWVREIN,10160318,N,Y,39.6979391,-79.8376522
MLS Listing,,Single Family Residential,237 Morgantown Ave,Morgantown,WV,26505,349000,3,2.0,Morgantown,2273,16906,1967,31,154,,Active,,,https://www.redfin.com/WV/Morgantown/237-Morgantown-Ave-26501/home/123004131,NCWVREIN,10160309,N,Y,39.6193881,-79.9492988
MLS Listing,,Vacant Land,Lot 74 Monument,Morgantown,WV,26508,59500,,,Cheat Crossing,,6534,,31,,2,Active,,,https://www.redfin.com/WV/Morgantown/74-Monument-Ln-26508/home/196247755,NCWVREIN,10160308,N,Y,39.6599238,-79.8868349
MLS Listing,,Single Family Residential,12 Goodwin Hl,Morgantown,WV,26508,315000,3,2.0,Morgantown,1842,10846,1984,31,171,,Active,,,https://www.redfin.com/WV/Morgantown/12-Goodwin-Hill-Rd-26508/home/123174762,NCWVREIN,10160291,N,Y,39.6827354,-79.8390378
MLS Listing,,Single Family Residential,716 Elysian Ave,Morgantown,WV,26501,230000,3,1.0,Morgantown,1591,3920,1926,32,145,,Active,,,https://www.redfin.com/WV/Morgantown/716-Elysian-Ave-26501/home/123475914,NCWVREIN,10160287,N,Y,39.6148102,-79.967694
MLS Listing,,Townhouse,726 Hardman,Morgantown,WV,26501,281740,3,2.5,Woodside Ridge,1969,1786,2025,32,143,67,Active,,,https://www.redfin.com/WV/Morgantown/726-Hardman-Unknown/home/196236686,NCWVREIN,10160285,N,Y,39.636865,-79.925958
MLS Listing,,Townhouse,728 Hardman,Morgantown,WV,26501,275740,3,2.5,Woodside Ridge,1969,1699,2025,32,140,67,Active,,,https://www.redfin.com/WV/Morgantown/728-Hardman-Unknown/home/196235681,NCWVREIN,10160283,N,Y,39.636864,-79.925956
MLS Listing,,Vacant Land,TBD Humphreys,Morgantown,WV,26508,150000,,,Morgantown,,274428,,32,,,Active,,,https://www.redfin.com/WV/Unknown/TBD-Humphreys-Rd-26508/home/196234305,NCWVREIN,10160277,N,Y,39.6194,-79.903
MLS Listing,,Vacant Land,Lot 82 Whitewater,Bruceton Mills,WV,26505,79000,,,Whitewater Preserve,,233482,,32,,75,Active,,,https://www.redfin.com/WV/Bruceton-Mills/Lot-82-Whitewater-26525/home/196219573,NCWVREIN,10160271,N,Y,39.6482,-79.9519
MLS Listing,,Single Family Residential,540 Keller Ln,Morgantown,WV,26508,475000,2,1.0,Morgantown,728,5663,1960,32,652,,Active,,,https://www.redfin.com/WV/Morgantown/540-Keller-Ln-26508/home/190941358,NCWVREIN,10160270,N,Y,39.7197068,-79.8405981
MLS Listing,,Single Family Residential,1 Mountain Vis,Morgantown,WV,26508,878000,4,3.5,Mountain Vista Estates,4578,217844,2006,32,192,,Active,,,https://www.redfin.com/WV/Morgantown/1-Mountain-Vista-Dr-26508/home/123490414,NCWVREIN,10160268,N,Y,39.7151556,-79.8840033
MLS Listing,,Multi-Family (2-4 Unit),21 Marion,Morgantown,WV,26505,435000,7,7.0,Morgantown,3352,6534,1910,33,130,,Active,,,https://www.redfin.com/WV/Morgantown/21-Marion-St-26505/home/181210540,NCWVREIN,10160258,N,Y,39.6307207,-79.9484522
MLS Listing,,Single Family Residential,2009 Ices Fry,Morgantown,WV,26508,1375000,5,4.5,Ices Ferry,5945,41208,2007,34,231,,Active,,,https://www.redfin.com/WV/Morgantown/2009-Ices-Ferry-Dr-26508/home/123207608,NCWVREIN,10160251,N,Y,39.6616216,-79.8461899
MLS Listing,,Single Family Residential,4134 Cove Pt,Morgantown,WV,26508,915000,4,3.5,Greystone-on-the-Cheat,4472,21780,1991,34,205,,Active,,,https://www.redfin.com/WV/Morgantown/4134-Cove-Point-Dr-26508/home/123239214,NCWVREIN,10160021,N,Y,39.6878488,-79.8776572
MLS Listing,,Townhouse,101 Stilwell,Morgantown,WV,26505,249900,3,2.5,The Arbors,1568,1529,1992,35,159,38,Active,,,https://www.redfin.com/WV/Morgantown/101-Stilwell-Dr-26505/home/190951773,NCWVREIN,10160233,N,Y,39.6440542,-79.9457749
MLS Listing,,Vacant Land,Lot 11 Flat Fld,Morgantown,WV,26501,219000,,,Morgantown,,84506,,35,,,Active,,,https://www.redfin.com/WV/Morgantown/77-Beechurst-Ave-26505/home/190940769,NCWVREIN,10160223,N,Y,39.65591788,-80.02792183
MLS Listing,,Vacant Land,140 Aurora Ct,Morgantown,WV,26508,275000,,,Morgantown,,102366,,36,,,Active,,,https://www.redfin.com/WV/Morgantown/140-Aurora-Ct-26508/home/173218338,NCWVREIN,10160220,N,Y,39.584795,-79.891882
MLS Listing,,Single Family Residential,245 Falling Water,Morgantown,WV,26508,725000,5,3.5,Bluffs at Falling Water,4016,26572,2021,36,181,,Active,August-3-2025 01:00 PM,August-3-2025 03:00 PM,https://www.redfin.com/WV/Morgantown/245-Falling-Water-Ln-26508/home/190949202,NCWVREIN,10160206,N,Y,39.6966259,-79.8398191
MLS Listing,,Single Family Residential,4021 Greystone Dr,Morgantown,WV,26508,799000,5,4.0,Greystone-on-the-Cheat,3929,30361,1998,36,203,,Active,,,https://www.redfin.com/WV/Morgantown/4021-Greystone-Dr-26508/home/123480364,NCWVREIN,10160204,N,Y,39.691155,-79.8741844
MLS Listing,,Townhouse,116 Woodside Dr,Morgantown,WV,26508,249900,3,2.5,Woodside,1374,1500,2016,37,182,50,Active,,,https://www.redfin.com/WV/Morgantown/116-Woodside-Dr-26508/home/143479913,NCWVREIN,10160194,N,Y,39.5846514,-79.9705564
MLS Listing,,Single Family Residential,200 Webster Ave,Morgantown,WV,26501,349900,2,1.5,Morgantown,2232,11587,1905,37,157,,Active,,,https://www.redfin.com/WV/Morgantown/200-Webster-Ave-26501/home/123209964,NCWVREIN,10160191,N,Y,39.6175437,-79.9531122
MLS Listing,,Single Family Residential,117 Summits Rdg,Morgantown,WV,26508,429000,3,2.5,Morningside View,2340,7126,2012,37,183,,Active,,,https://www.redfin.com/WV/Morgantown/117-Summits-Rdg-26508/home/123558466,NCWVREIN,10160188,N,Y,39.6138704,-79.9132947
MLS Listing,,Townhouse,284 Mccullough,Morgantown,WV,26505,289900,2,2.5,Stadium Village,1520,,1986,37,191,,Active,,,https://www.redfin.com/WV/Morgantown/284-McCullough-St-26505/home/123169620,NCWVREIN,10160185,N,Y,39.649217,-79.951074
MLS Listing,,Single Family Residential,1348 Anderson Ave,Morgantown,WV,26505,539000,3,3.0,Suncrest,2661,10977,1959,38,203,,Active,,,https://www.redfin.com/WV/Morgantown/1348-Anderson-Ave-26505/home/122975153,NCWVREIN,10160175,N,Y,39.6628249,-79.9696059
MLS Listing,,Single Family Residential,1009 Summit Dr,Morgantown,WV,26508,3000000,6,5.0,Greystone-on-the-Cheat,6968,37244,2014,38,431,,Active,,,https://www.redfin.com/WV/Morgantown/1009-Summit-Dr-26508/home/123583603,NCWVREIN,10160174,N,Y,39.6912283,-79.8768561
MLS Listing,,Vacant Land,000 Sand Spgs,Morgantown,WV,26508,250000,,,Morgantown,,793663,,38,,,Active,,,https://www.redfin.com/WV/Morgantown/0-Sand-Springs-Rd-26508/home/190943077,NCWVREIN,10160168,N,Y,39.70993,-79.8081749
MLS Listing,,Single Family Residential,204 Falling Water Ln,Morgantown,WV,26508,589500,4,3.5,Bluffs at Falling Water,3192,10019,2022,39,185,,Active,,,https://www.redfin.com/WV/Morgantown/204-Falling-Water-Ln-26508/home/190946763,NCWVREIN,10160164,N,Y,39.6969383,-79.8369562
MLS Listing,,Townhouse,246 Horizon Vw,Westover,WV,26501,389000,3,3.5,Horizon View Townhomes,2250,,2025,39,173,,Active,,,https://www.redfin.com/WV/Westover/246-Horizon-View-Rd-26501/home/196166627,NCWVREIN,10160159,N,Y,39.6284168322427,-79.9740702590942
MLS Listing,,Townhouse,248 Horizon Vw,Westover,WV,26501,399000,3,3.5,Horizon View Townhomes,2250,,2025,39,177,,Active,,,https://www.redfin.com/WV/Westover/248-Horizon-View-Rd-26501/home/196166626,NCWVREIN,10160160,N,Y,39.6284498855045,-79.9741131744385
MLS Listing,,Townhouse,242 Horizon Vw,Westover,WV,26501,399000,3,3.5,Horizon View Townhomes,2250,,2025,39,177,,Active,,,https://www.redfin.com/WV/Westover/242-Horizon-View-Rd-26501/home/196166579,NCWVREIN,10160158,N,Y,39.6284351840807,-79.9741263777313
MLS Listing,,Single Family Residential,103 Apolla,Morgantown,WV,26501,291000,4,2.0,Morgantown,1894,8364,1971,41,154,,Active,,,https://www.redfin.com/WV/Morgantown/103-Apolla-Dr-26501/home/122951971,NCWVREIN,10160134,N,Y,39.6105418,-79.9453808
MLS Listing,,Townhouse,3909 Sun,Morgantown,WV,26505,405000,3,2.5,Suncrest Village,2410,2178,2015,43,168,150,Active,,,https://www.redfin.com/WV/Morgantown/3909-Sun-Way-26505/home/123579202,NCWVREIN,10160107,N,Y,39.654712,-79.939228
MLS Listing,,Single Family Residential,2006 Magnolia,Morgantown,WV,26508,1700000,6,4.5,Royal Oaks,4790,43560,2007,43,355,,Active,,,https://www.redfin.com/WV/Morgantown/2006-Magnolia-Dr-26508/home/123325710,NCWVREIN,10160100,N,Y,39.6921669,-79.8576061
MLS Listing,,Townhouse,1024 Greystone,Morgantown,WV,26508,334500,3,1.5,Greystone-on-the-Cheat,1748,,1987,44,191,244,Active,,,https://www.redfin.com/WV/Morgantown/1024-Greystone-Cir-26508/home/190944502,NCWVREIN,10160079,N,Y,39.6798156,-79.8586095
MLS Listing,,Single Family Residential,142 Vecchio Ln,Morgantown,WV,26508,1200000,4,4.5,Morgantown,6820,196020,1979,49,176,,Active,,,https://www.redfin.com/WV/Morgantown/142-Vecchio-Ln-26508/home/123156402,NCWVREIN,10160025,N,Y,39.6220687,-79.8922418
MLS Listing,,Single Family Residential,296 Old Cheat,Morgantown,WV,26508,329900,3,2.0,Morgantown,1244,21780,1958,49,265,,Active,,,https://www.redfin.com/WV/Morgantown/296-Old-Cheat-Rd-26508/home/165525812,NCWVREIN,10160015,N,Y,39.6527387,-79.8980377
MLS Listing,,Single Family Residential,296 Horseshoe Rd,Morgantown,WV,26508,585000,4,3.5,Harewood,4149,,1973,49,141,,Active,,,https://www.redfin.com/WV/Morgantown/296-Horseshoe-Rd-26508/home/122970719,NCWVREIN,10160013,N,Y,39.6634196,-79.8633027
MLS Listing,,Condo/Co-op,2637 Suncrest,Morgantown,WV,26505,270000,2,2.0,Suncrest Village,1149,,2006,50,235,325,Active,,,https://www.redfin.com/WV/Morgantown/2637-Suncrest-Vlg-26505/home/196065587,NCWVREIN,10160000,N,Y,39.6566367,-79.9426502
MLS Listing,,Single Family Residential,100 Falling Water,Morgantown,WV,26508,880000,4,3.5,Bluffs at Falling Water,4219,17424,2017,50,209,,Active,,,https://www.redfin.com/WV/Morgantown/100-Falling-Water-Ln-26508/home/123577077,NCWVREIN,10159998,N,Y,39.7016537,-79.8391432
MLS Listing,,Vacant Land,34 Salthouse,Morgantown,WV,26505,99000,,,Morgantown,,9148,,51,,,Active,,,https://www.redfin.com/WV/Morgantown/34-Salthouse-Ln-26505/home/196051845,NCWVREIN,10159977,N,Y,39.6589471,-79.9693973
MLS Listing,,Vacant Land,TBD Daniel Paul,Morgantown,WV,26501,2500000,,,Morgantown,,3946536,,51,,,Active,,,https://www.redfin.com/WV/Cassville/TBD-Daniel-Paul-Dr-26501/home/190941471,NCWVREIN,10159964,N,Y,39.65948266,-80.02737089
MLS Listing,,Single Family Residential,8 Summers Rdg,Morgantown,WV,26508,436000,4,3.5,Summers Ridge,2727,7013,2015,53,160,,Active,,,https://www.redfin.com/WV/Morgantown/8-Summers-Ridge-Rd-26508/home/123579062,NCWVREIN,10159925,N,Y,39.6026496,-79.9114648
MLS Listing,,Single Family Residential,244 Grand,Morgantown,WV,26501,399000,4,3.0,South Park,2714,5489,1901,54,147,,Active,,,https://www.redfin.com/WV/Morgantown/244-Grand-St-26501/home/122952614,NCWVREIN,10159916,N,Y,39.6245465,-79.9554091
MLS Listing,,Single Family Residential,675 Colonial Dr,Morgantown,WV,26505,519000,3,2.5,Morgantown,2410,9583,1964,55,215,,Active,,,https://www.redfin.com/WV/Morgantown/675-Colonial-Dr-26505/home/123172036,NCWVREIN,10159908,N,Y,39.6614699,-79.9654979
MLS Listing,,Townhouse,25 Ocean Vw,Morgantown,WV,26505,254900,3,2.5,Ocean View Townhomes,1364,,2004,55,187,42,Active,,,https://www.redfin.com/WV/Morgantown/25-Ocean-View-Dr-26505/home/190949637,NCWVREIN,10159907,N,Y,39.6579021,-79.9482971
MLS Listing,,Single Family Residential,3 Cliff Vw,Morgantown,WV,26508,497000,3,2.0,Brettwald on the Trail,1870,11761,2025,56,266,,Active,,,https://www.redfin.com/WV/Unknown/3-CLIFF-VIEW-Cir-26508/home/196008874,NCWVREIN,10159895,N,Y,39.682698,-79.957109
MLS Listing,,Single Family Residential,1300 Deer,Morgantown,WV,26508,798000,4,3.5,Foxwood,5699,22172,1996,56,140,,Active,,,https://www.redfin.com/WV/Morgantown/1300-Deer-Run-26508/home/123005639,NCWVREIN,10159892,N,Y,39.6508574,-79.8781258
MLS Listing,,Single Family Residential,101 Forest Dr,Morgantown,WV,26505,430500,4,3.0,Morgantown,2412,9148,1972,57,178,,Active,,,https://www.redfin.com/WV/Morgantown/101-Forest-Dr-26505/home/123582847,NCWVREIN,10159860,N,Y,39.6657192,-79.9700003
MLS Listing,,Multi-Family (2-4 Unit),412 Mclane Ave,Morgantown,WV,26505,215000,4,2.0,Morgantown,1500,4000,1920,58,143,,Active,,,https://www.redfin.com/WV/Morgantown/412-McLane-Ave-26505/home/123329057,NCWVREIN,10159853,N,Y,39.6407358,-79.95903
MLS Listing,,Vacant Land,TBD Blue Sky LN Blue Sky Ln,Morgantown,WV,26508,15000,,,Morgantown,,6969,,58,,19,Active,,,https://www.redfin.com/WV/Unknown/TBD-Blue-Sky-LN-Blue-Sky-Ln-26508/home/195989628,BRIGHT MLS,WVMG2000126,N,Y,39.66996,-79.89501
MLS Listing,,Vacant Land,Lorentz Ave,Morgantown,WV,26505,24000,,,Morgantown,,4791,,58,,,Active,,,https://www.redfin.com/WV/Morgantown/Lorentz-Ave-26505/home/123212128,BRIGHT MLS,WVMG2000128,N,Y,39.639363,-79.953218
MLS Listing,,Vacant Land,Lorentz Ave Unit PARCEL 314,Morgantown,WV,26505,24000,,,Morgantown,,3049,,58,,,Active,,,https://www.redfin.com/WV/Everettville/Lorentz-AVE-26505/unit-PARCEL-314/home/195989627,BRIGHT MLS,WVMG2000124,N,Y,39.63931,-79.95245
MLS Listing,,Single Family Residential,2081 Lakeside Ests,Morgantown,WV,26508,1700000,4,3.5,Lakeside Estates,7421,68651,1990,59,229,,Active,,,https://www.redfin.com/WV/Morgantown/2081-Lakeside-Ests-26508/home/123152639,NCWVREIN,10159825,N,Y,39.6797768,-79.8938427
MLS Listing,,Vacant Land,TBD Harner,Morgantown,WV,26501,80000,,,Morgantown,,39204,,60,,,Active,,,https://www.redfin.com/WV/Morgantown/TBD-Harner-St-26501/home/195969770,NCWVREIN,10159783,N,Y,39.6202146750652,-79.9482752814024
MLS Listing,,Single Family Residential,3701 Fairmont Rd,Morgantown,WV,26501,445000,3,3.0,Morgantown,2544,215012,1962,63,175,,Active,,,https://www.redfin.com/WV/Morgantown/3701-Fairmont-Rd-26501/home/122999686,NCWVREIN,10159753,N,Y,39.6005164,-80.0866009
MLS Listing,,Mobile/Manufactured Home,24 Dunn Cemetary,Morgantown,WV,26508,135900,3,1.5,Morgantown,1445,25744,1978,64,94,,Active,,,https://www.redfin.com/WV/Morgantown/24-Dunn-Cemetary-Rd-26508/home/123208922,NCWVREIN,10159741,N,Y,39.6384627,-79.8568755
MLS Listing,,Vacant Land,Lot 4 Mountain Top,Morgantown,WV,26508,100000,,,Morgantown,,87120,,66,,,Active,,,https://www.redfin.com/WV/Morgantown/Lot-4-Mountain-Vista-Dr-26508/home/195926711,NCWVREIN,10159708,N,Y,39.54529272,-79.87590699
MLS Listing,,Single Family Residential,521 Woodhaven Dr,Morgantown,WV,26505,399900,4,2.5,Morgantown,2175,7405,1964,67,184,,Active,,,https://www.redfin.com/WV/Morgantown/521-Woodhaven-Dr-26505/home/123172290,NCWVREIN,10159698,N,Y,39.6600019,-79.9724901
MLS Listing,,Vacant Land,Lot 3 Lynch,Morgantown,WV,26501,286600,,,Morgantown,,1084644,,68,,,Active,,,https://www.redfin.com/WV/Unknown/Lot-3-Lynch-Rd-26501/home/195935264,NCWVREIN,10159690,N,Y,39.622671,-80.085479
MLS Listing,,Single Family Residential,101 Summits,Morgantown,WV,26508,379900,4,3.0,Morningside View,2640,5663,2007,70,144,,Active,,,https://www.redfin.com/WV/Morgantown/101-Summits-Rdg-26508/home/123477897,NCWVREIN,10159671,N,Y,39.6125187,-79.9140869
MLS Listing,,Single Family Residential,123 Sadie,Morgantown,WV,26508,479000,3,3.5,Summers Ridge South,2951,6098,2019,70,162,,Active,,,https://www.redfin.com/WV/Morgantown/123-Sadie-Ln-26508/home/173218773,NCWVREIN,10159670,N,Y,39.6010665,-79.9107214
MLS Listing,,Single Family Residential,48 Ringold Ln,Morgantown,WV,26508,500000,4,3.5,Morgantown,2330,35284,1993,70,215,,Active,,,https://www.redfin.com/WV/Morgantown/48-Ringold-Ln-26508/home/123370559,NCWVREIN,10159668,N,Y,39.5616276,-79.9398722
MLS Listing,,Single Family Residential,160 Poplar Dr,Morgantown,WV,26505,429000,4,3.5,Bakers Ridge Manor,3337,13068,1975,71,129,,Active,August-3-2025 02:00 PM,August-3-2025 04:00 PM,https://www.redfin.com/WV/Morgantown/160-Poplar-Dr-26505/home/122954244,NCWVREIN,10159658,N,Y,39.6784962,-79.9524736
MLS Listing,,Vacant Land,111 Corton Pl,Morgantown,WV,26508,8900,,,Morgantown,,14375,,71,,,Active,,,https://www.redfin.com/WV/Morgantown/111-Corton-Pl-26508/home/195879186,GVBOR,25-8,N,Y,39.5323581,-79.9953689
MLS Listing,,Single Family Residential,2014 Ices Fry,Morgantown,WV,26508,949000,4,4.5,Ices Ferry,6599,23566,2006,71,144,,Active,,,https://www.redfin.com/WV/Morgantown/2014-Ices-Ferry-Dr-26508/home/123280128,NCWVREIN,10159653,N,Y,39.6622768,-79.8475388
MLS Listing,,Townhouse,10 Pineview Pl,Morgantown,WV,26505,255000,2,2.5,Pineview Place,1152,,2008,71,221,42,Active,,,https://www.redfin.com/WV/Morgantown/10-Pineview-Pl-26505/home/194168760,NCWVREIN,10159650,N,Y,39.6625285,-79.9547291
MLS Listing,,Single Family Residential,1497 Woodland Dr,Morgantown,WV,26505,235000,2,1.0,Morgantown,960,8625,1953,72,245,,Active,,,https://www.redfin.com/WV/Morgantown/1497-Woodland-Dr-26505/home/123202836,NCWVREIN,10159639,N,Y,39.6652038,-79.9766686
MLS Listing,,Multi-Family (2-4 Unit),574 Pennsylvania,Morgantown,WV,26501,154900,6,3.0,Morgantown,1797,2483,1911,72,86,,Active,,,https://www.redfin.com/WV/Morgantown/574-Pennsylvania-Ave-26501/home/123087182,NCWVREIN,10159631,N,Y,39.6270862,-79.9482882
MLS Listing,,Vacant Land,Parcel B Guston Run,Morgantown,WV,26505,257520,,,Morgantown,,1655280,,73,,,Active,,,https://www.redfin.com/WV/Morgantown/Parcel-B-Guston-RUN-26505/home/193902997,NCWVREIN,10159595,N,Y,39.6922746879717,-80.0528359744501
MLS Listing,,Vacant Land,Parcel C Guston Run,Morgantown,WV,26505,60000,,,Morgantown,,240016,,73,,,Active,,,https://www.redfin.com/WV/Morgantown/Parcel-C-Guston-RUN-26505/home/195855212,NCWVREIN,10159593,N,Y,39.6924552840258,-80.0539303580629
MLS Listing,,Townhouse,2052 Mountain Ash,Morgantown,WV,26501,333500,3,2.5,The Village of Sugar Maple Ridge,1723,,2021,74,194,133,Active,,,https://www.redfin.com/WV/Westover/2052-Mountain-Ash-Ln-26501/home/190948757,NCWVREIN,10159572,N,Y,39.6574293,-80.0355937
MLS Listing,,Multi-Family (5+ Unit),613 Louise,Morgantown,WV,26505,369000,10,5.0,Morgantown,5600,3920,1940,74,66,,Active,,,https://www.redfin.com/WV/Morgantown/613-Louise-Ave-26505/home/123127029,NCWVREIN,10159565,N,Y,39.630441,-79.9456984
MLS Listing,,Condo/Co-op,115 Fountain Vw,Morgantown,WV,26505,220000,2,2.0,Fountain View,1184,,2008,75,186,206,Active,,,https://www.redfin.com/WV/Morgantown/115-Fountain-Vw-26505/home/123225556,NCWVREIN,10159222,N,Y,39.6471233,-79.9419045
MLS Listing,,Multi-Family (2-4 Unit),374 Forest Ave,Morgantown,WV,26505,265000,5,2.0,Morgantown,1700,3642,1911,77,156,,Active,,,https://www.redfin.com/WV/Morgantown/374-Forest-Ave-26505/home/123160855,NCWVREIN,10159548,N,Y,39.6302923,-79.9522396
MLS Listing,,Condo/Co-op,120 Fountain Vw,Morgantown,WV,26505,219000,2,2.0,Fountain View,1105,,2008,78,198,231,Active,,,https://www.redfin.com/WV/Morgantown/120-Fountain-Vw-26505/home/195820774,NCWVREIN,10159523,N,Y,39.6468886,-79.9424022
MLS Listing,,Vacant Land,TBD Glenn,Morgantown,WV,26505,30000,,,Morgantown,,3485,,79,,,Active,,,https://www.redfin.com/WV/Morgantown/TBD-Glenn-St-26505/home/195805427,NCWVREIN,10159503,N,Y,39.64015762,-79.94834235
MLS Listing,,Vacant Land,TBD Durham,Morgantown,WV,26508,75000,,,Morgantown,,88862,,81,,,Active,,,https://www.redfin.com/WV/Morgantown/TBD-Durham-Ln-26508/home/195786546,NCWVREIN,10159483,N,Y,39.6194,-79.903
MLS Listing,,Single Family Residential,236 Cobun,Morgantown,WV,26501,399000,6,2.5,South Park,3676,6970,1906,81,109,,Active,,,https://www.redfin.com/WV/Morgantown/236-Cobun-Ave-26501/home/123689748,NCWVREIN,10159479,N,Y,39.6259914,-79.9548712
MLS Listing,,Multi-Family (2-4 Unit),466 Dallas St,Morgantown,WV,26505,190000,4,2.0,Morgantown,1481,1873,1921,84,128,,Active,,,https://www.redfin.com/WV/Morgantown/466-Dallas-St-26505/home/123318673,NCWVREIN,10159425,N,Y,39.6302207,-79.9512046
MLS Listing,,Multi-Family (2-4 Unit),445 Baird St,Morgantown,WV,26505,350000,7,4.0,Morgantown,1703,2309,1911,84,206,,Active,,,https://www.redfin.com/WV/Morgantown/445-Baird-St-26505/home/123214456,NCWVREIN,10159424,N,Y,39.6301426,-79.9523164
MLS Listing,,Multi-Family (2-4 Unit),417 Forest Ave,Morgantown,WV,26505,190000,2,1.0,Morgantown,1320,6678,1929,84,144,,Active,,,https://www.redfin.com/WV/Morgantown/417-Forest-Ave-26505/home/123439149,NCWVREIN,10159423,N,Y,39.6299602,-79.9509252
MLS Listing,,Multi-Family (2-4 Unit),409 Forest Ave,Morgantown,WV,26505,240000,6,2.0,Morgantown,1769,2396,1920,84,136,,Active,,,https://www.redfin.com/WV/Morgantown/409-Forest-Ave-26505/home/123237584,NCWVREIN,10159421,N,Y,39.6300554,-79.9512012
MLS Listing,,Multi-Family (5+ Unit),390 Forest Ave,Morgantown,WV,26505,470000,11,5.0,Morgantown,4839,3733,1911,84,97,,Active,,,https://www.redfin.com/WV/Morgantown/390-Forest-Ave-26505/home/123237566,NCWVREIN,10159415,N,Y,39.6300955,-79.9519115
MLS Listing,,Multi-Family (2-4 Unit),382 Forest Ave,Morgantown,WV,26505,280000,7,3.0,Morgantown,2838,2278,1911,84,99,,Active,,,https://www.redfin.com/WV/Morgantown/382-Forest-Ave-26505/home/123458931,NCWVREIN,10159414,N,Y,39.6301268,-79.9520545
MLS Listing,,Multi-Family (2-4 Unit),381 Forest Ave,Morgantown,WV,26505,390000,10,4.0,Morgantown,3587,1873,1920,84,109,,Active,,,https://www.redfin.com/WV/Morgantown/381-Forest-Ave-26505/home/123421448,NCWVREIN,10159412,N,Y,39.6303387,-79.9518616
MLS Listing,,Multi-Family (2-4 Unit),834 College Ave,Morgantown,WV,26501,399000,6,3.0,Morgantown,2956,14810,1910,84,135,,Active,,,https://www.redfin.com/WV/Morgantown/834-College-Ave-26505/home/123309770,NCWVREIN,10159413,N,Y,39.637078,-79.9512934
MLS Listing,,Single Family Residential,2 Franklin Farms,Fairmont,WV,26554,624900,6,5.0,Franklin Farms,5740,32234,2014,85,109,,Active,,,https://www.redfin.com/WV/Fairmont/2-Franklin-Farms-Dr-26554/home/123530647,NCWVREIN,10159378,N,Y,39.5314653,-80.0366612
MLS Listing,,Single Family Residential,277 Randolph Rd,Morgantown,WV,26505,289900,3,2.5,Morgantown,1627,6142,1975,87,178,,Active,,,https://www.redfin.com/WV/Morgantown/277-Randolph-Rd-26505/home/123171208,NCWVREIN,10159352,N,Y,39.6468375,-79.9515267
MLS Listing,,Single Family Residential,4759 Ridgetop Dr,Morgantown,WV,26508,1699999,5,4.5,Greystone-on-the-Cheat,7970,93654,1991,88,213,,Active,,,https://www.redfin.com/WV/Morgantown/4759-Ridgetop-Dr-26508/home/123482179,NCWVREIN,10159336,N,Y,39.6847671,-79.8711132
MLS Listing,,Townhouse,260 Donna,Morgantown,WV,26505,244500,3,2.5,Northpointe Townhomes,1480,4322,2006,89,165,31,Active,,,https://www.redfin.com/WV/Morgantown/260-Donna-Ave-26505/home/190951282,NCWVREIN,10159312,N,Y,39.6529468,-79.9233098
MLS Listing,,Single Family Residential,457 Kiwanis Ave,Morgantown,WV,26505,350000,4,2.5,Suncrest,2594,9148,1961,90,135,,Active,,,https://www.redfin.com/WV/Morgantown/457-Kiwanis-Ave-26505/home/123272834,NCWVREIN,10159301,N,Y,39.6573947,-79.9749661
MLS Listing,,Vacant Land,"Lots 13, 14 Legion",Morgantown,WV,26505,215000,,,Suncrest,,9123,,90,,,Active,,,https://www.redfin.com/WV/Morgantown/Lots-13-14-Legion-St-26505/home/195596453,NCWVREIN,10159302,N,Y,39.6573029721824,-79.9752317779541
MLS Listing,,Single Family Residential,601 Protzman,Morgantown,WV,26505,210000,3,2.5,Morgantown,1641,,1930,91,128,,Active,,,https://www.redfin.com/WV/Morgantown/601-Protzman-St-26505/home/123454615,NCWVREIN,10159296,N,Y,39.6409036,-79.9493702
MLS Listing,,Single Family Residential,111 June Ln,Morgantown,WV,26508,340000,3,2.0,Four Seasons,1668,5184,2011,91,204,,Active,,,https://www.redfin.com/WV/Morgantown/111-June-Ln-26508/home/190951037,NCWVREIN,10159293,N,Y,39.6408351,-79.8768937
MLS Listing,,Single Family Residential,206 Rivercrest Dr,Morgantown,WV,26508,529000,5,5.0,Brettwald Estates,3671,14375,2004,91,144,,Active,,,https://www.redfin.com/WV/Morgantown/206-Rivercrest-Dr-26508/home/122984419,NCWVREIN,10159274,N,Y,39.6797524,-79.9628698
MLS Listing,,Vacant Land,TBD Sand Spgs,Morgantown,WV,26508,89225,,,Morgantown,,193406,,92,,,Active,,,https://www.redfin.com/WV/Morgantown/TBD-Sand-Springs-Rd-26508/home/195575533,NCWVREIN,10159253,N,Y,39.6986927782458,-79.7642169232612
MLS Listing,,Single Family Residential,142 Summit Woods,Morgantown,WV,26508,608000,5,4.0,The Woods at the Summit,3759,13939,2016,92,162,,Active,,,https://www.redfin.com/WV/Morgantown/142-Summit-Woods-Dr-26508/home/146846953,NCWVREIN,10159243,N,Y,39.707052,-79.872775
MLS Listing,,Single Family Residential,3110 Sylvan Dr,Morgantown,WV,26508,387000,3,2.5,Meadowlands,2151,12600,1990,92,180,,Active,,,https://www.redfin.com/WV/Morgantown/3110-Sylvan-Dr-26508/home/123271431,NCWVREIN,10159240,N,Y,39.6213292,-79.8861243
MLS Listing,,Vacant Land,TBD Huntington,Morgantown,WV,26501,45000,,,Second Ward,,8276,,93,,,Active,,,https://www.redfin.com/WV/Morgantown/TBD-Huntington-Ave-26501/home/195557516,NCWVREIN,10159230,N,Y,39.6303,-79.9959
MLS Listing,,Multi-Family (2-4 Unit),629 Brockway Ave,Morgantown,WV,26501,219950,7,3.0,Morgantown,2458,,1911,93,89,,Active,,,https://www.redfin.com/WV/Morgantown/629-Brockway-Ave-26501/home/123056902,NCWVREIN,10159224,N,Y,39.6267146,-79.9474767
MLS Listing,,Single Family Residential,607 Hayfield St,Morgantown,WV,26508,499800,4,3.5,Harvest Ridge,3793,15682,2014,94,132,,Active,,,https://www.redfin.com/WV/Morgantown/607-Hayfield-St-26508/home/123540094,NCWVREIN,10159217,N,Y,39.5605676,-79.972264
MLS Listing,,Single Family Residential,53 Highland Ave,Morgantown,WV,26505,150000,5,2.0,Morgantown,1569,12632,1905,94,96,,Active,,,https://www.redfin.com/WV/Morgantown/53-Highland-Ave-26505/home/123212169,NCWVREIN,10159209,N,Y,39.6404818,-79.9514799
MLS Listing,,Vacant Land,Lot 10 Bo,Morgantown,WV,26508,125000,,,Harper Estates,,32670,,95,,100,Active,,,https://www.redfin.com/WV/Morgantown/Lot-10-Bo-Dr-26508/home/195546244,NCWVREIN,10159201,N,Y,39.6451305269982,-79.9033143942974
MLS Listing,,Multi-Family (5+ Unit),484 Inglewood Blvd,Morgantown,WV,26505,1400000,6,6.0,Morgantown,6912,10585,1955,98,203,,Active,,,https://www.redfin.com/WV/Morgantown/484-Inglewood-Blvd-26505/home/123385714,NCWVREIN,10159169,N,Y,39.6504776,-79.9596145
MLS Listing,,Single Family Residential,136 Grandview Ave,Morgantown,WV,26508,325000,3,1.0,Morgantown,1638,,1922,98,198,,Active,,,https://www.redfin.com/WV/Morgantown/136-Grandview-Ave-26501/home/123116157,NCWVREIN,10159164,N,Y,39.6180712,-79.9538292
MLS Listing,,Condo/Co-op,418 Fountain Vw,Morgantown,WV,26505,224900,2,2.0,Fountain View,1142,,2007,98,197,231,Active,,,https://www.redfin.com/WV/Morgantown/418-Fountain-Vw-26505/home/195510801,NCWVREIN,10159148,N,Y,39.6462656,-79.9408828
MLS Listing,,Single Family Residential,1029 Olivia,Morgantown,WV,26508,330000,3,2.0,Hawthorne Village,1530,,2015,99,216,,Active,,,https://www.redfin.com/WV/Morgantown/1029-Olivia-Way-26508/home/123540847,NCWVREIN,10159126,N,Y,39.569097,-79.96776
MLS Listing,,Single Family Residential,230 Poplar,Morgantown,WV,26505,530000,5,3.5,Bakers Ridge Manor,3336,14375,1979,99,159,,Active,,,https://www.redfin.com/WV/Morgantown/230-Poplar-Dr-26505/home/123454720,NCWVREIN,10159125,N,Y,39.6782257,-79.9479347
MLS Listing,,Vacant Land,321 8th St,Morgantown,WV,26505,150000,,,Morgantown,,21344,,100,,,Active,,,https://www.redfin.com/WV/Morgantown/321-8th-St-26505/home/123285243,NCWVREIN,10159106,N,Y,39.6443518,-79.9619812
MLS Listing,,Vacant Land,Lot 6 Ed Dunn,Morgantown,WV,26508,80000,,,OakHill Estates,,40075,,101,,75,Active,,,https://www.redfin.com/WV/Morgantown/1112-Van-Voorhis-Rd-26505/home/82089598,NCWVREIN,10159080,N,Y,39.6545348,-79.96093
MLS Listing,,Vacant Land,Lot 3-4 Ed Dunn,Morgantown,WV,26508,89000,,,OakHill Estates,,,,101,,75,Active,,,https://www.redfin.com/WV/Morgantown/3-Ed-Dunn-Rd-26508/home/190941549,NCWVREIN,10159079,N,Y,39.6383329,-79.8552203
MLS Listing,,Vacant Land,Lot 2 Ed Dunn,Morgantown,WV,26508,85000,,,OakHill Estates,,71874,,101,,75,Active,,,https://www.redfin.com/WV/Cheat-Lake/Lot-2-Ed-Dunn-Rd-26508/home/190940605,NCWVREIN,10159078,N,Y,39.63842046,-79.85513791
MLS Listing,,Single Family Residential,1426 Kingwood,Morgantown,WV,26508,439900,4,2.0,Morgantown,2180,198198,1994,102,202,,Active,,,https://www.redfin.com/WV/Morgantown/1426-Kingwood-Pike-26508/home/123433259,NCWVREIN,10159058,N,Y,39.5686993,-79.9120089
MLS Listing,,Single Family Residential,529 Bowers Ln,Morgantown,WV,26508,949000,6,4.5,Morgantown,4460,35719,2022,102,213,,Active,,,https://www.redfin.com/WV/Morgantown/529-Bowers-Ln-26508/home/123122479,NCWVREIN,10158688,N,Y,39.689816,-79.84178
MLS Listing,,Single Family Residential,67 Longhorn Ln,Morgantown,WV,26508,360000,3,3.0,Morgantown,2673,252648,2000,104,135,,Active,,,https://www.redfin.com/WV/Morgantown/67-Longhorn-Ln-26508/home/123479593,NCWVREIN,10159030,N,Y,39.712602,-79.827352
MLS Listing,,Single Family Residential,3431 Fairmont Rd,Morgantown,WV,26501,364900,2,3.0,Morgantown,1797,152460,1998,104,203,,Active,,,https://www.redfin.com/WV/Morgantown/3431-Fairmont-Rd-26501/home/123468702,NCWVREIN,10158826,N,Y,39.6002901,-80.0750632
MLS Listing,,Vacant Land,00 Emma Kaufman Cp,Morgantown,WV,26508,200000,,,Morgantown,,174240,,105,,,Active,,,https://www.redfin.com/WV/Unknown/Emma-Kaufmann-Camp-Rd-26508/home/191460657,NCWVREIN,10159008,N,Y,39.7089083801808,-79.8792100813214
MLS Listing,,Single Family Residential,1358 Headlee Ave,Morgantown,WV,26505,334900,3,2.5,North Hills,1886,6534,1972,106,178,,Active,,,https://www.redfin.com/WV/Morgantown/1358-Headlee-Ave-26505/home/123203882,NCWVREIN,10158986,N,Y,39.6640401,-79.9530517
MLS Listing,,Vacant Land,tbd Winter,Morgantown,WV,26501,25000,,,Morgantown,,6534,,107,,,Active,,,https://www.redfin.com/WV/Morgantown/tbd-Winter-Unknown/home/195428797,NCWVREIN,10158975,N,Y,39.6381329682146,-79.9421163448334
MLS Listing,,Vacant Land,tbd Wright,Morgantown,WV,26501,25000,,,Morgantown,,9583,,107,,,Active,,,https://www.redfin.com/WV/Morgantown/tbd-Wright-St-26505/home/195428220,NCWVREIN,10158972,N,Y,39.6396594039297,-79.9431999572754
MLS Listing,,Single Family Residential,160 Auburn Dr,Morgantown,WV,26501,310000,3,2.0,Corwin Place,2082,7841,2014,107,149,,Active,,,https://www.redfin.com/WV/Morgantown/160-Auburn-Dr-26501/home/123142030,NCWVREIN,10158971,N,Y,39.6290502,-79.9754214
MLS Listing,,Vacant Land,0 Bartlow,Morgantown,WV,26505,45000,,,Morgantown,,20038,,107,,,Active,,,https://www.redfin.com/WV/Morgantown/Bartlow-St-26505/home/123329889,NCWVREIN,10158961,N,Y,39.636948,-79.934473
MLS Listing,,Single Family Residential,678 Bellaire Dr,Morgantown,WV,26505,465000,3,2.5,Morgantown,2542,6970,1963,112,183,,Active,,,https://www.redfin.com/WV/Morgantown/678-Bellaire-Dr-26505/home/123370184,NCWVREIN,10158904,N,Y,39.6600386,-79.9656147
MLS Listing,,Single Family Residential,1 Harley,Morgantown,WV,26508,254600,3,2.0,Morgantown,3432,7362,1925,114,74,,Active,,,https://www.redfin.com/WV/Morgantown/1-Harley-Dr-26508/home/123446895,NCWVREIN,10158861,N,Y,39.6534395,-79.9040742
MLS Listing,,Single Family Residential,445 Harner,Morgantown,WV,26501,194000,3,1.0,Morgantown,1100,6098,2003,114,176,,Active,,,https://www.redfin.com/WV/Morgantown/445-Harner-St-26501/home/123278634,NCWVREIN,10158853,N,Y,39.6220542,-79.9502881
MLS Listing,,Single Family Residential,813 Ridgeway Ave,Morgantown,WV,26505,340000,3,2.0,Morgantown,2500,8000,1911,115,136,,Active,,,https://www.redfin.com/WV/Morgantown/813-Ridgeway-Ave-26505/home/123450167,NCWVREIN,10158831,N,Y,39.6317619,-79.9434129
MLS Listing,,Single Family Residential,202 Caroline Ln,Morgantown,WV,26508,364900,3,2.5,The Landing at Sunset Beach,2515,5227,2007,116,145,,Active,,,https://www.redfin.com/WV/Morgantown/202-Caroline-Ln-26508/home/123536871,NCWVREIN,10158814,N,Y,39.68704,-79.858556
MLS Listing,,Single Family Residential,101 Canyon Rdg,Morgantown,WV,26508,948830,6,5.0,Canyon Ridge,5769,16117,2020,116,164,,Active,,,https://www.redfin.com/WV/Morgantown/101-Canyon-Ridge-Dr-26508/home/190945205,NCWVREIN,10158808,N,Y,39.6597506,-79.8918691
MLS Listing,,Multi-Family (5+ Unit),125 /129 Park St,Morgantown,WV,26501,1550000,15,7.0,Morgantown,9700,10019,1980,118,160,,Active,,,https://www.redfin.com/WV/Morgantown/125-Park-St-26501/home/122997644,NCWVREIN,10158794,N,Y,39.6264713,-79.9544344
MLS Listing,,Vacant Land,Lot 62&63 Falling Water,Morgantown,WV,26508,230000,,,Falling Water,,114998,,121,,125,Active,,,https://www.redfin.com/WV/Morgantown/62-Falling-Water-Ln-26508/home/123576753,NCWVREIN,10158735,N,Y,39.6993337,-79.8379524
MLS Listing,,Townhouse,2050 Mountain Ash,Morgantown,WV,26501,329000,3,2.5,The Village of Sugar Maple Ridge,1821,,2021,122,181,150,Active,,,https://www.redfin.com/WV/Morgantown/2050-Mountain-Ash-Ln-26501/home/190947993,NCWVREIN,10158707,N,Y,39.657462,-80.035424
MLS Listing,,Vacant Land,TBD Benton Grv,Morgantown,WV,26508,250000,,,Morgantown,,97574,,122,,,Active,,,https://www.redfin.com/WV/Unknown/TBD-Benton-Grove-Rd-26508/home/195229317,NCWVREIN,10158702,N,Y,39.6194,-79.903
MLS Listing,,Vacant Land,0 Posten,Morgantown,WV,26501,69000,,,Morgantown,,21780,,123,,,Active,,,https://www.redfin.com/WV/Morgantown/Posten-Ave-26501/home/123087320,NCWVREIN,10158671,N,Y,39.620872,-79.948402
MLS Listing,,Vacant Land,TBD Rockley,Morgantown,WV,26508,289900,,,Morgantown,,189922,,127,,,Active,,,https://www.redfin.com/WV/Cheat-Lake/TBD-Rockley-Rd-26508/home/195181691,NCWVREIN,10158597,N,Y,39.6532032134643,-79.8567217757969
MLS Listing,,Single Family Residential,12 Falling Water,Morgantown,WV,26508,1150000,5,5.0,Falling Water,5382,57499,2016,129,214,,Active,,,https://www.redfin.com/WV/Morgantown/12-Falling-Water-Ln-26508/home/123157498,NCWVREIN,10158562,N,Y,39.6949585,-79.8479799
MLS Listing,,Vacant Land,107 Easton Ml,Morgantown,WV,26508,99900,,,Morgantown,,50530,,130,,,Active,,,https://www.redfin.com/WV/Morgantown/107-Easton-Mill-Rd-26508/home/195133992,NCWVREIN,10158529,N,Y,39.6491383,-79.9105902
MLS Listing,,Vacant Land,332 E Brockway,Morgantown,WV,26501,69900,,,Morgantown,,,,133,,,Active,,,https://www.redfin.com/WV/Morgantown/332-E-Brockway-Ave-26501/home/123464456,NCWVREIN,10158492,N,Y,39.624469,-79.94642
MLS Listing,,Single Family Residential,1386 Headlee Ave,Morgantown,WV,26505,400000,5,3.0,North Hills,2108,,1974,136,190,,Active,,,https://www.redfin.com/WV/Morgantown/1386-Headlee-Ave-26505/home/123114020,NCWVREIN,10158442,N,Y,39.6656894,-79.9521132
MLS Listing,,Single Family Residential,1103 Eagle Gln,Morgantown,WV,26508,565710,3,2.0,Summit Ridge,2964,14375,2025,140,191,,Active,,,https://www.redfin.com/WV/Morgantown/1103-Eagle-GLN-Unknown/home/195055671,NCWVREIN,10158392,N,Y,39.705329,-79.872201
MLS Listing,,Townhouse,278 Red Oak Ln,Morgantown,WV,26501,390000,3,2.5,The Village of Sugar Maple Ridge,2230,,2025,140,175,150,Active,,,https://www.redfin.com/WV/Westover/278-Red-Oak-Ln-26501/home/195049984,NCWVREIN,10158390,N,Y,39.6579682,-80.0348426
MLS Listing,,Townhouse,276 Red Oak Ln,Morgantown,WV,26501,340000,3,2.5,The Village of Sugar Maple Ridge,1821,,2025,140,187,150,Active,,,https://www.redfin.com/WV/Westover/276-Red-Oak-Ln-26501/home/195049045,NCWVREIN,10158389,N,Y,39.6579684,-80.0347883
MLS Listing,,Townhouse,274 Red Oak Ln,Morgantown,WV,26501,340000,3,2.5,The Village of Sugar Maple Ridge,1821,,2025,140,187,150,Active,,,https://www.redfin.com/WV/Westover/274-Red-Oak-Ln-26501/home/195047453,NCWVREIN,10158387,N,Y,39.6579325,-80.0347431
MLS Listing,,Single Family Residential,1041 Montrose Ave,Morgantown,WV,26505,189900,2,2.0,Morgantown,1361,,1958,140,140,,Active,,,https://www.redfin.com/WV/Morgantown/1041-Montrose-Ave-26505/home/122981789,NCWVREIN,10157880,N,Y,39.6318672,-79.9367112
MLS Listing,,Townhouse,413 Saint Andrews Dr,Morgantown,WV,26508,350000,3,2.5,Fairway Villas,1798,2614,2013,141,195,70,Active,,,https://www.redfin.com/WV/Morgantown/413-Saint-Andrews-Dr-26508/home/190948654,NCWVREIN,10158359,N,Y,39.6692904,-79.8538467
MLS Listing,,Vacant Land,110 Aurora Ct,Morgantown,WV,26508,275000,,,Morgantown,,104108,,141,,,Active,,,https://www.redfin.com/WV/Brookhaven/110-Aurora-Ct-26508/home/194245193,NCWVREIN,10158358,N,Y,39.585535,-79.895377
MLS Listing,,Single Family Residential,117 Canto,Morgantown,WV,26508,399900,3,2.5,Bresock Place,1860,6534,2024,141,215,,Active,,,https://www.redfin.com/WV/Morgantown/117-Canto-Dr-26508/home/190940974,NCWVREIN,10158347,N,Y,39.601073,-79.9064806
MLS Listing,,Vacant Land,6000 Woodland Blf,Morgantown,WV,26508,272500,,,Woodlands,,87991,,141,,67,Active,,,https://www.redfin.com/WV/Morgantown/6000-Woodland-Bluff-Rd-26508/home/195018531,NCWVREIN,10158342,N,Y,39.7098796,-79.8513794
MLS Listing,,Vacant Land,TBD Buckhannon,Morgantown,WV,26501,30000,,,Morgantown,,15246,,143,,,Active,,,https://www.redfin.com/WV/Morgantown/TBD-Buckhannon-St-26501/home/195002034,NCWVREIN,10158316,N,Y,39.6195158239353,-79.947083795929
MLS Listing,,Vacant Land,Lot 4 Bakers Rdg,Morgantown,WV,26505,119000,,,Morgantown,,45302,,144,,,Active,,,https://www.redfin.com/WV/Morgantown/Lot-4-Bakers-Ridge-Rd-26505/home/194985573,NCWVREIN,10158296,N,Y,39.674361,-79.955858
MLS Listing,,Vacant Land,Lot 3 Bakers Rdg,Morgantown,WV,26505,119000,,,Morgantown,,54886,,144,,,Active,,,https://www.redfin.com/WV/Morgantown/Lot-3-Bakers-Ridge-Rd-26505/home/194985571,NCWVREIN,10158294,N,Y,39.67432,-79.955852
MLS Listing,,Vacant Land,Lot 2 Bakers Rdg,Morgantown,WV,26505,119000,,,Morgantown,,47045,,144,,,Active,,,https://www.redfin.com/WV/Morgantown/Lot-2-Bakers-Ridge-Rd-26505/home/194985380,NCWVREIN,10158293,N,Y,39.674239,-79.95582
MLS Listing,,Vacant Land,Lot 1 Bakers Rdg,Morgantown,WV,26505,199900,,,Morgantown,,108029,,144,,,Active,,,https://www.redfin.com/WV/Morgantown/1-Bakers-Ridge-Rd-26508/home/190940626,NCWVREIN,10158291,N,Y,39.6749594,-79.9342122
MLS Listing,,Multi-Family (2-4 Unit),208 Logan,Morgantown,WV,26501,400000,6,3.0,South Park,2946,6098,1920,151,136,,Active,,,https://www.redfin.com/WV/Morgantown/208-Logan-Ave-26501/home/123115671,NCWVREIN,10158200,N,Y,39.6200718,-79.9546341
MLS Listing,,Townhouse,242 Stonehurst Dr,Morgantown,WV,26501,368900,3,2.5,Stonehurst,1782,,2021,151,207,83,Active,,,https://www.redfin.com/WV/Morgantown/242-Stonehurst-Dr-26501/home/189468834,NCWVREIN,10158194,N,Y,39.61479,-79.947851
MLS Listing,,Single Family Residential,54 Coach,Morgantown,WV,26508,975000,4,4.5,Morgantown,7025,47916,2025,154,139,,Active,,,https://www.redfin.com/WV/Morgantown/54-Coach-Unknown/home/194899102,NCWVREIN,10158161,N,Y,39.6725857162989,-79.9387484817505
MLS Listing,,Single Family Residential,198 Lewellyn Rd,Morgantown,WV,26508,429000,3,3.5,Morgantown,2352,53884,1982,155,182,,Active,,,https://www.redfin.com/WV/Morgantown/198-Lewellyn-Rd-26508/home/123055032,NCWVREIN,10158149,N,Y,39.7070048,-79.8154342
MLS Listing,,Single Family Residential,229 Cornell Ave,Morgantown,WV,26505,189000,3,1.0,Morgantown,1714,3485,1925,155,110,,Active,,,https://www.redfin.com/WV/Morgantown/229-Cornell-Ave-26505/home/123043342,NCWVREIN,10158144,N,Y,39.6362956,-79.9488204
MLS Listing,,Single Family Residential,89 Saint Clairs Vlg,Morgantown,WV,26505,75000,2,2.0,Morgantown,855,5227,2023,159,88,,Active,,,https://www.redfin.com/WV/Morgantown/89-Saint-Clair-s-Vlg-26505/home/194825545,BRIGHT MLS,WVMG2000116,N,Y,39.6721259,-79.9551025
MLS Listing,,Single Family Residential,65 Saint Clairs Vlg,Morgantown,WV,26505,75000,2,2.0,Morgantown,855,5227,2023,159,88,,Active,,,https://www.redfin.com/WV/Morgantown/65-Saint-Clair-s-Vlg-26505/home/194825499,BRIGHT MLS,WVMG2000114,N,Y,39.6728477,-79.9550096
MLS Listing,,Single Family Residential,47 Saint Clairs Vlg,Morgantown,WV,26505,79000,3,2.0,Morgantown,960,5227,2023,159,82,,Active,,,https://www.redfin.com/WV/Morgantown/47-Saint-Clair-s-Vlg-26505/home/194825436,BRIGHT MLS,WVMG2000112,N,Y,39.6729775,-79.9554732
MLS Listing,,Single Family Residential,81 Saint Clairs Vlg,Morgantown,WV,26505,79000,3,2.0,Morgantown,960,5227,2023,159,82,,Active,,,https://www.redfin.com/WV/Morgantown/81-Saint-Clair-s-Vlg-26505/home/194825375,BRIGHT MLS,WVMG2000110,N,Y,39.6717119,-79.9560249
MLS Listing,,Single Family Residential,97 Saint Clair's Vlg,Morgantown,WV,26505,79000,3,2.0,Morgantown,960,5227,2023,159,82,,Active,,,https://www.redfin.com/WV/Morgantown/97-Saint-Clair-s-Vlg-26505/home/194824929,BRIGHT MLS,WVMG2000108,N,Y,39.6725489,-79.9544077
MLS Listing,,Vacant Land,107 Camp Run,Morgantown,WV,26508,250000,,,Morgantown,,1079417,,162,,,Active,,,https://www.redfin.com/WV/Morgantown/107-Camp-Run-Rd-26508/home/194802381,NCWVREIN,10158071,N,Y,39.7125285,-79.8836973
MLS Listing,,Vacant Land,Lot 106 Shady Rdg,Morgantown,WV,26508,25000,,,Shiloh,,6098,,163,,50,Active,,,https://www.redfin.com/WV/Morgantown/106-Shady-Rdg-26508/home/194797785,NCWVREIN,10158064,N,Y,39.6577653,-79.8720149
MLS Listing,,Vacant Land,Lot 108 Shady Rdg,Morgantown,WV,26508,25000,,,Shiloh,,5663,,163,,50,Active,,,https://www.redfin.com/WV/Cheat-Lake/Lot-108-Shady-Rdg-26508/home/194797784,NCWVREIN,10158066,N,Y,39.65791504,-79.87248737
MLS Listing,,Vacant Land,Lot 103 Shady Rdg,Morgantown,WV,26508,25000,,,Shiloh,,9583,,163,,50,Active,,,https://www.redfin.com/WV/Morgantown/103-Shady-Rdg-26508/home/194797783,NCWVREIN,10158061,N,Y,39.6577653,-79.8720149
MLS Listing,,Vacant Land,Lot 104 Shady Rdg,Morgantown,WV,26508,25000,,,Shiloh,,6534,,163,,50,Active,,,https://www.redfin.com/WV/Morgantown/104-Shady-Rdg-26508/home/194797781,NCWVREIN,10158062,N,Y,39.6577653,-79.8720149
MLS Listing,,Vacant Land,Lot 107 Shady Rdg,Morgantown,WV,26508,25000,,,Shiloh,,4792,,163,,50,Active,,,https://www.redfin.com/WV/Cheat-Lake/Lot-107-Shady-Rdg-26508/home/194797780,NCWVREIN,10158065,N,Y,39.65791504,-79.87248737
MLS Listing,,Vacant Land,Lot 105 Shady Rdg,Morgantown,WV,26508,25000,,,Shiloh,,6970,,163,,50,Active,,,https://www.redfin.com/WV/Morgantown/105-Shady-Rdg-26508/home/194797779,NCWVREIN,10158063,N,Y,39.6577653,-79.8720149
MLS Listing,,Vacant Land,114 Iris,Morgantown,WV,26501,65000,,,Mountaineer Gardens,,22651,,164,,42,Active,,,https://www.redfin.com/WV/Morgantown/114-Iris-Ln-26501/home/194773889,NCWVREIN,10158051,N,Y,39.705225,-80.039221
MLS Listing,,Vacant Land,108 Iris,Morgantown,WV,26501,65000,,,Mountaineer Gardens,,36155,,164,,42,Active,,,https://www.redfin.com/WV/Morgantown/108-Iris-Ln-26501/home/194773867,NCWVREIN,10158050,N,Y,39.7053491,-80.0386563
MLS Listing,,Vacant Land,Lot 28 South Pt,Morgantown,WV,26508,35000,,,Southpoint,,16553,,168,,0,Active,,,https://www.redfin.com/WV/Morgantown/Lot-28-S-Point-Cir-26501/home/194732849,NCWVREIN,10158015,N,Y,39.53419,-79.932581
MLS Listing,,Vacant Land,0 Rockley,Morgantown,WV,26508,699000,,,Morgantown,,87556,,169,,,Active,,,https://www.redfin.com/WV/Morgantown/0-Rockley-Rd-26508/home/190940811,NCWVREIN,10157995,N,Y,39.6587367,-79.8623526
MLS Listing,,Vacant Land,TBD Verna,Morgantown,WV,26508,149900,,,Morgantown,,174240,,170,,,Active,,,https://www.redfin.com/WV/Morgantown/TBD-Verna-Unknown/home/194698309,NCWVREIN,10157990,N,Y,39.7172392355217,-79.8624443056694
MLS Listing,,Vacant Land,802 Timber Blf,Morgantown,WV,26508,188800,,,The Summit at Cheat Lake,,52708,,175,,95,Active,,,https://www.redfin.com/WV/Morgantown/802-Timber-Bluff-Ct-26508/home/194647014,NCWVREIN,10157921,N,Y,39.7027073,-79.8671718
MLS Listing,,Vacant Land,TBD Madigan,Morgantown,WV,26505,95000,,,Morgantown,,,,176,,,Active,,,https://www.redfin.com/WV/Morgantown/TBD-Madigan-Ave-26501/home/194633581,NCWVREIN,10157903,N,Y,39.6150739034166,-79.968547713089
MLS Listing,,Single Family Residential,64 Belgian,Morgantown,WV,26508,1300000,6,4.0,Sweet Briar Estates,4580,181210,2024,198,284,,Active,,,https://www.redfin.com/WV/Morgantown/64-Belgian-Unknown/home/194313419,NCWVREIN,10157707,N,Y,39.716068,-79.870225
MLS Listing,,Vacant Land,TBD Sarah,Morgantown,WV,26501,40000,,,Morgantown,,6970,,200,,,Active,,,https://www.redfin.com/WV/Morgantown/TBD-Sarah-St-26501/home/190940814,NCWVREIN,10157681,N,Y,39.6303,-79.996
MLS Listing,,Single Family Residential,212 Josephine Rd,Morgantown,WV,26508,348500,3,2.0,Ascension Estates,1582,7667,1961,203,220,,Active,,,https://www.redfin.com/WV/Unknown/212-Hill-Rd-26508/home/190951466,NCWVREIN,10157660,N,Y,39.616668,-79.948816
MLS Listing,,Vacant Land,953 Chestnut Rd,Morgantown,WV,26505,849500,,,Morgantown,,,,203,,,Active,,,https://www.redfin.com/WV/Morgantown/953-Chestnut-Ridge-Rd-26505/home/123278032,NCWVREIN,10157657,N,Y,39.6550883,-79.9504192
MLS Listing,,Multi-Family (5+ Unit),458 High St,Morgantown,WV,26505,2400000,9,7.0,Morgantown,19300,8276,1920,210,124,,Active,,,https://www.redfin.com/WV/Morgantown/458-High-St-26505/home/188081224,NCWVREIN,10157600,N,Y,39.6315365,-79.954224
MLS Listing,,Vacant Land,15 Smith Rd,Morgantown,WV,26501,39500,,,Morgantown,,30928,,212,,,Active,,,https://www.redfin.com/WV/Morgantown/15-Smith-Rd-26501/home/194092083,NCWVREIN,10157588,N,Y,39.7054672,-80.0471329
MLS Listing,,Vacant Land,Parcel A Guston Run,Morgantown,WV,26505,612144,,,Morgantown,,3397680,,231,,,Active,,,https://www.redfin.com/WV/Morgantown/Parcel-A-Guston-RUN-26505/home/193902693,NCWVREIN,10157468,N,Y,39.678531371488,-80.0418496809006
MLS Listing,,Single Family Residential,1053 Takoma St,Morgantown,WV,26505,699900,5,3.0,Suncrest,2858,16117,1947,231,245,,Active,,,https://www.redfin.com/WV/Morgantown/1053-Takoma-St-26505/home/123470279,NCWVREIN,10157300,N,Y,39.6510413,-79.9713275
MLS Listing,,Single Family Residential,1000 N Willey St,Morgantown,WV,26505,179000,3,2.0,Morgantown,1608,4792,1900,233,111,,Active,,,https://www.redfin.com/WV/Morgantown/1000-Willey-St-26505/home/123376843,NCWVREIN,10157454,N,Y,39.633943,-79.9433237
MLS Listing,,Vacant Land,848A Pleasant Hl,Morgantown,WV,26508,900000,,,Morgantown,,522720,,234,,,Active,,,https://www.redfin.com/WV/Morgantown/848-Pleasant-Hill-Rd-26508/home/123315264,NCWVREIN,10157450,N,Y,39.6275979,-79.889169
MLS Listing,,Vacant Land,0 Grafton,Morgantown,WV,26508,1778000,,,Morgantown,,1500206,,253,,,Active,,,https://www.redfin.com/WV/Morgantown/0-Grafton-Rd-26508/home/190945616,NCWVREIN,10157286,N,Y,39.5959836,-79.9588879
MLS Listing,,Single Family Residential,136 Southwind,Morgantown,WV,26508,998000,5,3.5,Coombs Farm Estates,3208,10920,2024,287,311,,Active,,,https://www.redfin.com/WV/Morgantown/136-Southwind-Cir-26508/home/193191966,NCWVREIN,10156840,N,Y,39.6594064,-79.8902668
MLS Listing,,Vacant Land,Lot 20 Bowers,Morgantown,WV,26508,95000,,,Morgantown,,32670,,288,,,Active,,,https://www.redfin.com/WV/Morgantown/20-Bowers-Ln-26508/home/190940897,NCWVREIN,10156820,N,Y,39.6884179,-79.8420233
MLS Listing,,Vacant Land,Lot 18 Bowers,Morgantown,WV,26508,85000,,,Morgantown,,32670,,288,,,Active,,,https://www.redfin.com/WV/Morgantown/18-Bowers-Ln-26508/home/190941426,NCWVREIN,10156818,N,Y,39.6884162,-79.8420248
MLS Listing,,Vacant Land,Lot 19 Bowers,Morgantown,WV,26508,85000,,,Morgantown,,32670,,288,,,Active,,,https://www.redfin.com/WV/Morgantown/19-Bowers-Ln-26508/home/193172498,NCWVREIN,10156819,N,Y,39.6883314,-79.8421084
MLS Listing,,Vacant Land,21 Brandywine Ests,Morgantown,WV,26508,78500,,,Brandywine Estates,,17860,,291,,,Active,,,https://www.redfin.com/WV/Morgantown/21-Brandywine-Estates-Dr-26508/home/193092345,NCWVREIN,10156763,N,Y,39.6568747,-79.8606454
MLS Listing,,Vacant Land,Lot 16 Bowers,Morgantown,WV,26508,95000,,,Morgantown,,32670,,295,,,Active,,,https://www.redfin.com/WV/Morgantown/16-Bowers-Ln-26508/home/194091339,NCWVREIN,10156726,N,Y,39.6883452,-79.8420946
MLS Listing,,Vacant Land,Lot 1 Lynch,Morgantown,WV,26501,179000,,,Morgantown,,653400,,301,,,Active,,,https://www.redfin.com/WV/Morgantown/1-Lynch-Rd-26501/home/195935266,NCWVREIN,10156199,N,Y,39.624884,-80.082888
MLS Listing,,Vacant Land,2019 White Oak,Morgantown,WV,26505,175000,,,White Oaks,,13504,,301,,58,Active,,,https://www.redfin.com/WV/Morgantown/2019-White-Oak-Dr-26505/home/123219063,NCWVREIN,10156645,N,Y,39.662565,-79.960076
MLS Listing,,Vacant Land,Lot 45 Courtney,Morgantown,WV,26501,70000,,,Southpoint,,20909,,305,,,Active,,,https://www.redfin.com/WV/Morgantown/Lot-45-Courtney-Ave-26501/home/192847219,NCWVREIN,10156587,N,Y,39.6304,-79.9959
MLS Listing,,Vacant Land,836 Greenbag Rd,Morgantown,WV,26508,58000,,,Morgantown,,18900,,306,,,Active,,,https://www.redfin.com/WV/Morgantown/836-Greenbag-Rd-26508/home/123187518,NCWVREIN,10156384,N,Y,39.6116796,-79.9339778
MLS Listing,,Vacant Land,TBD Pleasant Hl,Morgantown,WV,26508,235000,,,Morgantown,,,,307,,,Active,,,https://www.redfin.com/WV/Morgantown/TBD-Pleasant-Hill-Rd-26508/home/190940991,NCWVREIN,10156460,N,Y,39.6197057819102,-79.9052423267364
MLS Listing,,Vacant Land,Parcel 312 Lorentz,Morgantown,WV,26505,15000,,,Morgantown,,3920,,310,,,Active,,,https://www.redfin.com/WV/Morgantown/312-Lorentz-St-26505/home/190940664,NCWVREIN,10156516,N,Y,39.6396252,-79.9514695
MLS Listing,,Vacant Land,563 Killarney Dr,Morgantown,WV,26505,115000,,,Morgantown,,10890,,312,,,Active,,,https://www.redfin.com/WV/Morgantown/563-Killarney-Dr-26505/home/123044097,NCWVREIN,10156491,N,Y,39.6595456,-79.9698056
MLS Listing,,Single Family Residential,1909 Halleck Rd,Morgantown,WV,26508,339000,2,1.5,Morgantown,1200,79541,1971,312,283,,Active,,,https://www.redfin.com/WV/Morgantown/1909-Halleck-Rd-26508/home/192713214,NCWVREIN,10156486,N,Y,39.492681,-79.9658624
MLS Listing,,Vacant Land,TDB Ridgetop,Morgantown,WV,26508,77500,,,Greystone-on-the-Cheat,,45738,,315,,125,Active,,,https://www.redfin.com/WV/Cheat-Lake/TDB-Ridgetop-Dr-26508/home/192651376,NCWVREIN,10156453,N,Y,39.6853019269662,-79.8705559997559
MLS Listing,,Vacant Land,Lot 6A Thistledown,Morgantown,WV,26508,39900,,,Thistledown,,20473,,315,,104,Active,,,https://www.redfin.com/WV/Morgantown/6-Thistledown-N-26508/home/192649879,NCWVREIN,10156451,N,Y,39.5301904,-79.9924113
MLS Listing,,Vacant Land,TBD Canyon Rd,Morgantown,WV,26508,769000,,,Morgantown,,649044,,316,,,Active,,,https://www.redfin.com/WV/Morgantown/TBD-Canyon-Rd-Unknown/home/190748733,BRIGHT MLS,WVMG2000092,N,Y,39.65624776,-79.88851204
MLS Listing,,Single Family Residential,1287 Broadview Dr,Morgantown,WV,26505,545000,4,3.0,Morgantown,2840,12327,1972,318,192,,Active,,,https://www.redfin.com/WV/Morgantown/1287-Broadview-Dr-26505/home/123181660,NCWVREIN,10156408,N,Y,39.6597373,-79.9718518
MLS Listing,,Vacant Land,Lots 20 + 21 Southpoint,Morgantown,WV,26501,85000,,,Southpoint,,56628,,326,,,Active,,,https://www.redfin.com/WV/Morgantown/Lots-20-21-26501/home/192441419,NCWVREIN,10156287,N,Y,39.6172799169103,-79.9369180407573
MLS Listing,,Multi-Family (2-4 Unit),444 Dorsey Ave,Morgantown,WV,26501,189900,6,3.5,Morgantown,2794,,1950,328,68,,Active,,,https://www.redfin.com/WV/Morgantown/444-Dorsey-Ave-26501/home/122965136,NCWVREIN,10156170,N,Y,39.6180425,-79.9625671
MLS Listing,,Vacant Land,317 March,Morgantown,WV,26508,18000,,,Four Seasons,,5663,,329,,33,Active,,,https://www.redfin.com/WV/Morgantown/317-March-Ln-26508/home/190940977,NCWVREIN,10156244,N,Y,39.6399727,-79.8776641
MLS Listing,,Vacant Land,315 March,Morgantown,WV,26508,18000,,,Four Seasons,,5663,,329,,33,Active,,,https://www.redfin.com/WV/Morgantown/315-March-Ln-26508/home/190940954,NCWVREIN,10156241,N,Y,39.6399739,-79.8776646
MLS Listing,,Single Family Residential,687 Cobun Crk,Morgantown,WV,26508,429950,3,3.0,Morgantown,1987,52316,1939,339,216,,Active,,,https://www.redfin.com/WV/Morgantown/687-Cobun-Creek-Rd-26508/home/123007309,NCWVREIN,10156067,N,Y,39.5633312,-79.943377
MLS Listing,,Vacant Land,11 Flagel,Morgantown,WV,26505,420000,,,Morgantown,,82764,,340,,,Active,,,https://www.redfin.com/WV/Morgantown/11-Flagel-St-26505/home/123161242,NCWVREIN,10151139,N,Y,39.6676576,-79.9768637
MLS Listing,,Vacant Land,000 Bowers,Morgantown,WV,26508,300000,,,Morgantown,,405979,,343,,,Active,,,https://www.redfin.com/WV/Morgantown/0-Bowers-Ln-26508/home/190940862,NCWVREIN,10156023,N,Y,39.688391,-79.8420489
MLS Listing,,Vacant Land,TBD Pineview,Morgantown,WV,26505,3999900,,,Morgantown,,182952,,347,,,Active,,,https://www.redfin.com/WV/Morgantown/TBD-Pineview-Dr-26505/home/191134293,NCWVREIN,10155943,N,Y,39.6618355909135,-79.9529936573944
MLS Listing,,Vacant Land,Lot 22 Bowers,Morgantown,WV,26508,95000,,,Morgantown,,32670,,350,,,Active,,,https://www.redfin.com/WV/Morgantown/22-Bowers-Ln-26508/home/190941578,NCWVREIN,10155876,N,Y,39.6884196,-79.8420218
MLS Listing,,Vacant Land,Lot 21 Bowers St,Morgantown,WV,26508,95000,,,Morgantown,,32670,,350,,,Active,,,https://www.redfin.com/WV/Morgantown/21-Bowers-Ln-26508/home/192101710,NCWVREIN,10155875,N,Y,39.6882447,-79.8422297
MLS Listing,,Vacant Land,Lot 2 Julia,Morgantown,WV,26501,130000,,,Morgantown,,54014,,357,,,Active,,,https://www.redfin.com/WV/Morgantown/Lot-2-26501/home/192012080,NCWVREIN,10155766,N,Y,39.61858604,-79.94994564
MLS Listing,,Vacant Land,Lot 1 Julia,Morgantown,WV,26501,133000,,,Morgantown,,57935,,357,,,Active,,,https://www.redfin.com/WV/Unknown/Lot-1-Julia-Dr-26501/home/192011570,NCWVREIN,10155764,N,Y,39.6584673657457,-80.0304246850777
MLS Listing,,Vacant Land,"Lot 29,30,31 Wolfe Run",Morgantown,WV,26508,570000,,,Morgantown,,1160874,,357,,,Active,,,https://www.redfin.com/WV/Morgantown/31-Wolfe-Run-Rd-26508/home/192001289,NCWVREIN,10155759,N,Y,39.6284727,-79.9148727
MLS Listing,,Vacant Land,Lot 32 Brettwald,Morgantown,WV,26508,75000,,,Brettwald Addition,,14810,,357,,100,Active,,,https://www.redfin.com/WV/Unknown/Lot-32-Brettwald-Dr-26508/home/190940630,NCWVREIN,10153347,N,Y,39.6805166274934,-79.9618790478973
MLS Listing,,Single Family Residential,1337 Perry Ave,Morgantown,WV,26505,375000,3,3.0,North Hills,2000,5663,1972,358,188,,Active,,,https://www.redfin.com/WV/Morgantown/1337-Perry-Ave-26505/home/123446508,NCWVREIN,10155734,N,Y,39.6627109,-79.9511777
MLS Listing,,Vacant Land,Lot 41 Falling Water Ln,Morgantown,WV,26508,62500,,,Falling Water,,49658,,360,,125,Active,,,https://www.redfin.com/WV/Morgantown/41-Falling-Water-Ln-26508/home/123401126,NCWVREIN,10155693,N,Y,39.6984221,-79.8403561
MLS Listing,,Vacant Land,184 Rugh,Morgantown,WV,26508,249500,,,Morgantown,,89734,,365,,,Active,,,https://www.redfin.com/WV/Morgantown/184-Rugh-Ln-26508/home/191288546,NCWVREIN,10154934,N,Y,39.7177258,-79.8362025
MLS Listing,,Single Family Residential,2312 Lakeside Ests,Morgantown,WV,26508,1700000,4,4.5,Lakeside Estates,5933,43124,1984,368,287,,Active,,,https://www.redfin.com/WV/Morgantown/2312-Lakeside-Ests-26508/home/123226803,NCWVREIN,10150541,N,Y,39.680586,-79.8852237
MLS Listing,,Vacant Land,00 Camp Mountaineer,Morgantown,WV,26508,405000,,,Morgantown,,1960200,,372,,,Active,,,https://www.redfin.com/WV/Morgantown/0-Camp-Mountaineer-Rd-26508/home/191793563,NCWVREIN,10155477,N,Y,39.5237421,-79.8989466
MLS Listing,,Single Family Residential,105 Lockwood Dr,Morgantown,WV,26508,529900,3,2.5,Lockwood Addition,2580,,2023,381,205,,Active,,,https://www.redfin.com/WV/Morgantown/105-Lockwood-Dr-26508/home/190941414,NCWVREIN,10150423,N,Y,39.5225729,-79.9179082
MLS Listing,,Single Family Residential,107 Lockwood Dr,Morgantown,WV,26508,529900,4,3.5,Lockwood Addition,2186,,2023,381,242,,Active,,,https://www.redfin.com/WV/Morgantown/107-Lockwood-Dr-26508/home/190941411,NCWVREIN,10150421,N,Y,39.5225729,-79.9179082
MLS Listing,,Single Family Residential,100 Lockwood,Morgantown,WV,26505,529900,3,3.5,Lockwood Addition,2838,,2023,381,187,,Active,,,https://www.redfin.com/WV/Morgantown/100-26505/home/190940869,NCWVREIN,10150422,N,Y,39.523848,-79.916588
MLS Listing,,Vacant Land,111 Canyon Rdg,Morgantown,WV,26508,120000,,,Canyon Ridge,,13068,,382,,83,Active,,,https://www.redfin.com/WV/Morgantown/111-Canyon-Ridge-Dr-26508/home/191592003,NCWVREIN,10155324,N,Y,39.658855,-79.892642
MLS Listing,,Vacant Land,Lot 14 Bear Butte,Morgantown,WV,26508,269000,,,The Bluffs at Kinkaid Knob,,91040,,394,,,Active,,,https://www.redfin.com/WV/Morgantown/Lot-14-Fife-Ave-26505/home/190943070,NCWVREIN,10155136,N,Y,39.4872755539823,-79.9591590158692
MLS Listing,,Vacant Land,Lot 22 Eagle Butte,Morgantown,WV,26508,425000,,,The Bluffs at Kinkaid Knob,,192100,,394,,,Active,,,https://www.redfin.com/WV/Morgantown/17-Grant-Ave-26505/home/165499262,NCWVREIN,10155147,N,Y,39.637723,-79.956162
MLS Listing,,Vacant Land,Lot 21 Eagle Butte,Morgantown,WV,26508,425000,,,The Bluffs at Kinkaid Knob,,420790,,394,,,Active,,,https://www.redfin.com/WV/Morgantown/Lot-21-26505/home/191468577,NCWVREIN,10155146,N,Y,39.4865004977142,-79.9583805449829
MLS Listing,,Vacant Land,Lot 17 Bear Butte,Morgantown,WV,26508,299000,,,The Bluffs at Kinkaid Knob,,117176,,394,,,Active,,,https://www.redfin.com/WV/Morgantown/765-College-Ave-26505/home/190941464,NCWVREIN,10155143,N,Y,39.4871000312831,-79.958940444458
MLS Listing,,Vacant Land,Lot 19 Eagle Butte,Morgantown,WV,26508,300000,,,The Bluffs at Kinkaid Knob,,99752,,394,,,Active,,,https://www.redfin.com/WV/Morgantown/Lot-19-Eagle-Butte-Unknown/home/191468515,NCWVREIN,10155145,N,Y,39.4856907087222,-79.9588536137695
MLS Listing,,Vacant Land,Lot 20 Bear Butte,Morgantown,WV,26508,250000,,,The Bluffs at Kinkaid Knob,,174240,,394,,,Active,,,https://www.redfin.com/WV/Morgantown/Lot-20-Bear-Butte-Unknown/home/191468164,NCWVREIN,10155137,N,Y,39.4871407103007,-79.9591703888855
MLS Listing,,Vacant Land,Lot 15 Eagle Butte,Morgantown,WV,26508,299000,,,The Bluffs at Kinkaid Knob,,201247,,394,,,Active,,,https://www.redfin.com/WV/Morgantown/Lot-15-Eagle-Butte-Unknown/home/191468420,NCWVREIN,10155142,N,Y,39.4866721405872,-79.9586400370483
MLS Listing,,Vacant Land,Lot 12 Eagle Butte,Morgantown,WV,26508,275000,,,The Bluffs at Kinkaid Knob,,328442,,394,,,Active,,,https://www.redfin.com/WV/Morgantown/Lot-12-Eagle-Butte-Unknown/home/191468272,NCWVREIN,10155140,N,Y,39.4863412086424,-79.9588595635071
MLS Listing,,Vacant Land,Lot 18 Eagle Butte,Morgantown,WV,26508,320000,,,The Bluffs at Kinkaid Knob,,417740,,394,,,Active,,,https://www.redfin.com/WV/Morgantown/Lot-18-Eagle-Butte-Unknown/home/191468516,NCWVREIN,10155144,N,Y,39.4867947432307,-79.9585639867859
MLS Listing,,Vacant Land,Lot 10 Eagle Butte,Morgantown,WV,26508,315000,,,The Bluffs at Kinkaid Knob,,226076,,394,,,Active,,,https://www.redfin.com/WV/Morgantown/Lot-10-Eagle-Butte-Unknown/home/191468234,NCWVREIN,10155138,N,Y,39.4865159336965,-79.9577637645569
MLS Listing,,Vacant Land,Lot 4 Bear Butte,Morgantown,WV,26508,549000,,,The Bluffs at Kinkaid Knob,,301871,,395,,,Active,,,https://www.redfin.com/WV/Morgantown/Lot-4-Reid-St-26505/home/190940742,NCWVREIN,10155111,N,Y,39.4872494753972,-79.9594945079346
MLS Listing,,Vacant Land,Lot 7 Bear Butte,Morgantown,WV,26508,329000,,,The Bluffs at Kinkaid Knob,,128502,,395,,,Active,,,https://www.redfin.com/WV/Morgantown/Lot-7-Bear-Butte-Unknown/home/191456438,NCWVREIN,10155116,N,Y,39.4870478298729,-79.9590460317383
MLS Listing,,Vacant Land,Lot 5 Bear Butte,Morgantown,WV,26508,449000,,,The Bluffs at Kinkaid Knob,,219978,,395,,,Active,,,https://www.redfin.com/WV/Morgantown/Lot-5-Bear-Butte-Unknown/home/191456339,NCWVREIN,10155112,N,Y,39.4874618374479,-79.9598399656067
MLS Listing,,Vacant Land,304 Stone Vly,Morgantown,WV,26508,199000,,,Walnut Creek,,,,409,,83,Active,,,https://www.redfin.com/WV/Morgantown/304-Stone-VLY-Unknown/home/190940713,NCWVREIN,10153255,N,Y,39.65132718,-79.94986546
MLS Listing,,Vacant Land,455 Wades Run,Morgantown,WV,26501,790000,,,Morgantown,,3678642,,413,,,Active,,,https://www.redfin.com/WV/Morgantown/455-Wades-Run-Rd-26501/home/190941507,NCWVREIN,10152172,N,Y,39.6887685,-80.036398
MLS Listing,,Vacant Land,TBD Blue Sky,Morgantown,WV,26508,39999,,,Paradise Lake,,27007,,415,,22,Active,,,https://www.redfin.com/WV/Morgantown/TBD-Blue-Sky-Unknown/home/190941502,NCWVREIN,10154248,N,Y,39.6193,-79.903
MLS Listing,,Vacant Land,0 S Pierpont,Morgantown,WV,26508,200000,,,Morgantown,,174240,,428,,,Active,,,https://www.redfin.com/WV/Morgantown/0-S-Pierpont-Rd-26508/home/190940739,NCWVREIN,10154436,N,Y,39.6478996,-79.889776
MLS Listing,,Vacant Land,Lot 142 Bay,Morgantown,WV,26508,81900,,,Cheat Cove,,17424,,428,,58,Active,,,https://www.redfin.com/WV/Morgantown/Lot-142-Bay-Unknown/home/190940893,NCWVREIN,10147299,N,Y,39.6565426092113,-79.901827116394
MLS Listing,,Vacant Land,Lot 143 Bay,Morgantown,WV,26508,81900,,,Cheat Cove,,10890,,428,,58,Active,,,https://www.redfin.com/WV/Morgantown/Lot-143-Bay-Unknown/home/190941146,NCWVREIN,10147300,N,Y,39.6561956901333,-79.9017198280334
MLS Listing,,Vacant Land,Lot 7 Duval,Morgantown,WV,26501,54900,,,Dupont Heights,,19166,,429,,25,Active,,,https://www.redfin.com/WV/Morgantown/Lot-7-Duval-Ln-E-26501/home/190941153,NCWVREIN,10148584,N,Y,39.622653,-79.975147
MLS Listing,,Single Family Residential,102 Iris,Morgantown,WV,26501,889900,4,3.5,Mountaineer Gardens,3225,25700,2023,430,276,,Active,,,https://www.redfin.com/WV/Morgantown/102-Iris-Ln-26501/home/190941567,NCWVREIN,10150388,N,Y,39.705307,-80.035783
MLS Listing,,Vacant Land,0 Mayfield,Morgantown,WV,26508,899000,,,Morgantown,,5698955,,430,,,Active,,,https://www.redfin.com/WV/Morgantown/0-County-Route-75-4-26508/home/194847798,NCWVREIN,10151583,N,Y,39.6140528,-79.8832571
MLS Listing,,Vacant Land,TBD Harner Run,Morgantown,WV,26508,395000,,,Morgantown,,1547251,,430,,,Active,,,https://www.redfin.com/WV/Cheat-Lake/TBD-Harner-Run-Rd-26508/home/193833477,NCWVREIN,10134680,N,Y,39.6184512390249,-79.9027927116394
MLS Listing,,Vacant Land,B7-R Meadowland,Morgantown,WV,26505,55000,,,Meadowlands,,41447,,430,,46,Active,,,https://www.redfin.com/WV/Morgantown/B7-R-Meadowland-26505/home/190941444,NCWVREIN,10152592,N,Y,39.6523294852911,-79.9391687194824
MLS Listing,,Vacant Land,207 Farm Brk,Morgantown,WV,26505,89900,,,Farm Brook,,11761,,430,,50,Active,,,https://www.redfin.com/WV/Morgantown/207-Farm-Brook-Ln-26505/home/190941430,NCWVREIN,10143233,N,Y,39.6709082,-79.9247958
MLS Listing,,Vacant Land,Lot 36 Diamond,Morgantown,WV,26508,58000,,,Diamond Ridge,,64904,,430,,50,Active,,,https://www.redfin.com/WV/Morgantown/Lot-36-Diamond-Unknown/home/190941395,NCWVREIN,10151114,N,Y,39.5861005327299,-79.9212857845307
MLS Listing,,Vacant Land,00 Stonehurst,Morgantown,WV,26501,1999995,,,Morgantown,,1380852,,430,,,Active,,,https://www.redfin.com/WV/Morgantown/Stonehurst-Dr-26501/home/182700200,NCWVREIN,10154183,N,Y,39.615257,-79.947751
MLS Listing,,Vacant Land,25 Berkshire,Morgantown,WV,26508,97500,,,The Villages at Cheat Landing,,7841,,430,,94,Active,,,https://www.redfin.com/WV/Morgantown/25-Berkshire-Dr-26508/home/190941363,NCWVREIN,10147797,N,Y,39.6786821,-79.8520334
MLS Listing,,Vacant Land,B-8R Meadowland,Morgantown,WV,26505,60000,,,Meadowlands,,23870,,430,,46,Active,,,https://www.redfin.com/WV/Morgantown/B-8R-Meadowland-26505/home/190941362,NCWVREIN,10152593,N,Y,39.61926643,-79.88678776
MLS Listing,,Vacant Land,595 Wades Run And Bowlby,Morgantown,WV,26501,640000,,,Morgantown,,2969485,,430,,,Active,,,https://www.redfin.com/WV/Morgantown/595-Wades-Run-Rd-26505/home/190941351,NCWVREIN,10152114,N,Y,39.6977042,-80.0423918
MLS Listing,,Vacant Land,124 Gladstone,Morgantown,WV,26508,90000,,,Sunset Beach Crossing,,10454,,430,,80,Active,,,https://www.redfin.com/WV/Morgantown/124-Gladstone-Cir-26508/home/190941338,NCWVREIN,10151612,N,Y,39.6838237,-79.865952
MLS Listing,,Single Family Residential,45 Greylee Ln,Morgantown,WV,26508,659950,3,3.0,Morgantown,2765,39204,2025,430,239,,Active,,,https://www.redfin.com/WV/Morgantown/45-Greylee-Ln-26508/home/190941323,NCWVREIN,10150571,N,Y,39.6906426,-79.8407745
MLS Listing,,Vacant Land,Lot 17 Brookdale,Morgantown,WV,26508,39900,,,Brookdale Estates,,9583,,430,,42,Active,,,https://www.redfin.com/WV/Brookhaven/Lot-17-Brookdale-Dr-26508/home/190941280,NCWVREIN,10140403,N,Y,39.621740434849,-79.9061615661621
MLS Listing,,Vacant Land,347 Easton Ml,Morgantown,WV,26508,84900,,,Morgantown,,168577,,430,,,Active,,,https://www.redfin.com/WV/Morgantown/347-Easton-Mill-Rd-26508/home/123205742,NCWVREIN,10142382,N,Y,39.6234355,-79.9404507
MLS Listing,,Vacant Land,Lot 7 Sand Bank Hts,Masontown,WV,26542,65500,,,Sand Bank Heights,,108900,,430,,,Active,,,https://www.redfin.com/WV/Masontown/Lot-7-Sand-Bank-HTS-26542/home/190941148,NCWVREIN,10153293,N,Y,39.560663,-79.863043
MLS Listing,,Vacant Land,N-1 Lemley,Morgantown,WV,26505,35000,,,Meadowlands,,11978,,430,,46,Active,,,https://www.redfin.com/WV/Morgantown/1-North-St-26501/home/190941136,NCWVREIN,10152596,N,Y,39.6453524,-79.9559369
MLS Listing,,Vacant Land,Lot 3 Whispering,Morgantown,WV,26508,33500,,,Morgantown,,15682,,430,,,Active,,,https://www.redfin.com/WV/Morgantown/Lot-3-26506/home/190941106,NCWVREIN,10154338,N,Y,39.714637,-80.038926
MLS Listing,,Vacant Land,Lot 9 Rockwell,Morgantown,WV,26508,119900,,,Fieldstone Estates,,15682,,430,,83,Active,,,https://www.redfin.com/WV/Morgantown/Lot-9-9th-St-26505/home/190941099,NCWVREIN,10124532,N,Y,39.5329476283053,-79.9837448127747
MLS Listing,,Vacant Land,Lot 8 Brookdale,Morgantown,WV,26508,39900,,,Brookdale Estates,,7405,,430,,42,Active,,,https://www.redfin.com/WV/Brookhaven/Lot-8-Brookdale-Dr-26508/home/190941090,NCWVREIN,10140402,N,Y,39.6216082088869,-79.9059469894409
MLS Listing,,Vacant Land,LOT 45 Falling Water Ln,Morgantown,WV,26508,88900,,,Falling Water,,54886,,430,,100,Active,,,https://www.redfin.com/WV/Morgantown/45-Falling-Water-Ln-26508/home/123392661,NCWVREIN,10153563,N,Y,39.6989723,-79.8396963
MLS Listing,,Single Family Residential,3116 N Greystone Dr,Morgantown,WV,26508,2497000,6,8.0,Greystone-on-the-Cheat,10088,44431,1987,430,248,,Active,,,https://www.redfin.com/WV/Morgantown/3116-N-Greystone-Dr-26508/home/123366934,NCWVREIN,10154084,N,Y,39.6864356,-79.8609017
MLS Listing,,Vacant Land,Lot 2 Fieldstone,Morgantown,WV,26508,149500,,,Fieldstone Estates,,31363,,430,,83,Active,,,https://www.redfin.com/WV/Morgantown/Lot-2-26501/home/190941083,NCWVREIN,10124523,N,Y,39.5326376190867,-79.9834046795349
MLS Listing,,Vacant Land,23 Berkshire,Morgantown,WV,26508,97500,,,The Villages at Cheat Landing,,10890,,430,,94,Active,,,https://www.redfin.com/WV/Morgantown/23-Berkshire-Dr-26508/home/190941031,NCWVREIN,10147796,N,Y,39.6786844,-79.851859
MLS Listing,,Vacant Land,Lot 10 Rockwell,Morgantown,WV,26508,159900,,,Fieldstone Estates,,45302,,430,,83,Active,,,https://www.redfin.com/WV/Morgantown/1510-Point-Marion-Rd-26508/home/123338451,NCWVREIN,10124533,N,Y,39.6993862,-79.9138668
MLS Listing,,Vacant Land,Lot 1 Whispering,Morgantown,WV,26508,45500,,,Morgantown,,23087,,430,,,Active,,,https://www.redfin.com/WV/Morgantown/Lot-1-26505/home/190940939,NCWVREIN,10154324,N,Y,39.714513,-80.038778
MLS Listing,,Vacant Land,Lot 4 Farm Brk,Morgantown,WV,26505,89900,,,Farm Brook,,11326,,430,,50,Active,,,https://www.redfin.com/WV/Morgantown/Lot-4-Farm-Brook-Ln-26505/home/190940792,NCWVREIN,10142008,N,Y,39.66746736,-79.92207526
MLS Listing,,Vacant Land,33 Pike Loop,Morgantown,WV,26508,40000,,,Mont Chateau Estates,,15246,,430,,125,Active,,,https://www.redfin.com/WV/Morgantown/33-Pike-LOOP-Unknown/home/190940751,NCWVREIN,10146935,N,Y,39.660871,-79.848312
MLS Listing,,Vacant Land,0 Canyon,Morgantown,WV,26508,350000,,,Canyon Road,,348044,,430,,,Active,,,https://www.redfin.com/WV/Morgantown/0-Canyon-Cv-26508/home/190940732,NCWVREIN,10153107,N,Y,39.6765614,-79.8946606
MLS Listing,,Vacant Land,Lot 7 Brookdale,Morgantown,WV,26508,39900,,,Brookdale Estates,,9583,,430,,42,Active,,,https://www.redfin.com/WV/Brookhaven/Lot-7-Brookdale-Dr-26508/home/190940688,NCWVREIN,10140401,N,Y,39.6211784727655,-79.9074490264893
MLS Listing,,Vacant Land,1036 N Willey St,Morgantown,WV,26505,50000,,,Morgantown,,4356,,430,,,Active,,,https://www.redfin.com/WV/Morgantown/1036-Willey-St-26505/home/123376857,NCWVREIN,10144977,N,Y,39.6353454,-79.9425182
MLS Listing,,Vacant Land,N-2 Lemley,Morgantown,WV,26505,35000,,,Meadowlands,,11978,,430,,46,Active,,,https://www.redfin.com/WV/Morgantown/1255-Pineview-Dr-26505/home/190940653,NCWVREIN,10152614,N,Y,39.661642,-79.9537238
MLS Listing,,Vacant Land,Lot 3 Elm Crst,Morgantown,WV,26508,55000,,,Elm Crest,,45738,,430,,25,Active,,,https://www.redfin.com/WV/Morgantown/Lot-3-Elm-Crest-Ct-26508/home/190940646,NCWVREIN,10059232,N,Y,39.60492454,-79.90400723
MLS Listing,,Single Family Residential,3958 Eastlake Dr,Morgantown,WV,26508,1775000,5,4.5,Greystone-on-the-Cheat,6972,87556,1992,430,255,,Active,,,https://www.redfin.com/WV/Morgantown/3958-Eastlake-Dr-26508/home/123215769,NCWVREIN,10147274,N,Y,39.6948566,-79.8638804
MLS Listing,,Vacant Land,30 Laurel Vw,Morgantown,WV,26508,125000,,,Laurelwood II,,84506,,430,,42,Active,,,https://www.redfin.com/WV/Morgantown/30-Laurel-St-26505/home/190940660,NCWVREIN,10148627,N,Y,39.6050639214982,-79.8392672733307
MLS Listing,,Vacant Land,1432-1434 Mayfield,Morgantown,WV,26508,270000,,,Morgantown,,226948,,430,,,Active,,,https://www.redfin.com/WV/Morgantown/1432-Mayfield-Ave-26505/home/190941130,NCWVREIN,10151418,N,Y,39.6290331,-79.9287819
