SALE TYPE,SOLD DATE,PROPERTY TYPE,ADDRESS,CITY,STATE OR PROVINCE,ZIP OR POSTAL CODE,PRICE,BEDS,BATHS,LOCATION,SQUARE FEET,LOT SIZE,YEAR BUILT,DAYS ON MARKET,$/SQUARE FEET,HOA/MONTH,STATUS,NEXT OPEN HOUSE START TIME,NEXT OPEN HOUSE END TIME,URL (SEE https://www.redfin.com/buy-a-home/comparative-market-analysis FOR INFO ON PRICING),SOURCE,MLS#,FAVORITE,INTERESTED,LATITUDE,LONGITUDE
"In accordance with local MLS rules, some MLS listings are not included in the download"
MLS Listing,,Single Family Residential,278 Daffodil St,Casper,WY,82604,270000,3,2.5,PARADISE VALLEY,1802,7144,1976,1,150,,Active,,,https://www.redfin.com/WY/Casper/278-Daffodil-St-82604/home/135533817,WMLS,20254105,N,Y,42.8155913,-106.4055678
MLS Listing,,Single Family Residential,2141 Kingsboro Rd,Casper,WY,82604,330000,4,2.0,VALLEY HILLS 2,1834,7405,1964,1,180,,Active,August-3-2025 11:00 AM,August-3-2025 12:00 PM,https://www.redfin.com/WY/Casper/2141-Kingsboro-Rd-82604/home/135729524,WMLS,20254100,N,Y,42.8184076,-106.3508684
MLS Listing,,Single Family Residential,2205 W 15 St,Casper,WY,82604,242000,3,2.0,FORT CASPER,1312,5227,1954,1,184,,Active,August-3-2025 12:30 PM,August-3-2025 01:30 PM,https://www.redfin.com/WY/Casper/2205-W-15th-St-82604/home/135773491,WMLS,20254099,N,Y,42.8353093,-106.3519669
MLS Listing,,Vacant Land,Tract #5 Mcmurry Blvd,Bar Nunn,WY,82601,500000,,,NO SUBDIVISION,,2267734,,1,,,Active,,,https://www.redfin.com/WY/Bar-Nunn/McMurry-Blvd-82601/home/187942798,WMLS,20254093,N,Y,42.8827528308334,-106.324007288361
MLS Listing,,Vacant Land,Lot 5A Highway 257,Casper,WY,82604,400000,,,Grandview,,1321175,,1,,,Active,,,https://www.redfin.com/WY/Unknown/Lot-5A-82604/home/196752741,WMLS,20254092,N,Y,42.7829085213601,-106.459389737101
MLS Listing,,Mobile/Manufactured Home,1780 James,Casper,WY,82601,101000,3,1.75,Casper,1344,108464,1977,1,75,,Active,,,https://www.redfin.com/WY/Casper/1780-James-82601/home/135920755,WMLS,20254091,N,Y,42.872089,-106.3041421
MLS Listing,,Single Family Residential,421 Oleander St,Casper,WY,82604,299900,3,1.75,PARADISE VALLEY,1812,7841,1978,1,166,,Active,,,https://www.redfin.com/WY/Casper/421-Oleander-St-82604/home/135912199,WMLS,20254086,N,Y,42.8134828,-106.4064497
MLS Listing,,Single Family Residential,5607 Okeepa Rd,Casper,WY,82604,300000,3,2.5,INDIAN SPRINGS,1624,89734,2000,1,185,,Active,,,https://www.redfin.com/WY/Casper/5607-S-Okeepa-82604/home/135619999,WMLS,20254085,N,Y,42.7881054,-106.4436929
MLS Listing,,Single Family Residential,920 Derington Ave,Casper,WY,82609,215000,3,1.0,PINEVIEW MEADOWS,1152,7148,1953,1,187,,Active,,,https://www.redfin.com/WY/Casper/920-Derington-Ave-82609/home/135523258,WMLS,20254084,N,Y,42.8411188,-106.2885213
MLS Listing,,Single Family Residential,5030 E 17th St,Casper,WY,82609,725000,5,3.0,EASTGATE III,4736,8799,1990,2,153,,Active,,,https://www.redfin.com/WY/Casper/5030-E-17th-St-82609/home/135594987,WMLS,20254083,N,Y,42.8328046,-106.2557889
MLS Listing,,Single Family Residential,2322 Shattuck Ave,Casper,WY,82601,310000,4,3.0,PRATT #5,2968,6970,1980,2,104,,Active,,,https://www.redfin.com/WY/Casper/2322-Shattuck-Ave-82601/home/135932443,WMLS,20254081,N,Y,42.8262772,-106.3042947
MLS Listing,,Single Family Residential,2438 Centennial Village Dr,Casper,WY,82609,549900,5,3.0,Gosfield III,2574,7919,2013,2,214,20,Active,August-3-2025 01:00 PM,August-3-2025 02:00 PM,https://www.redfin.com/WY/Casper/2438-Centennial-Village-Dr-82609/home/135875026,WMLS,20254066,N,Y,42.8264073,-106.268441
MLS Listing,,Single Family Residential,343 Trigood Dr,Casper,WY,82609,284500,3,2.0,PINEVIEW MEADOWS 2,2016,8712,1954,2,141,,Active,August-3-2025 11:00 AM,August-3-2025 12:00 PM,https://www.redfin.com/WY/Casper/343-Trigood-Dr-82609/home/135936458,WMLS,20254065,N,Y,42.8473636,-106.2817136
MLS Listing,,Single Family Residential,4423 E 21st St,Casper,WY,82609,880000,5,3.0,MEADOW VIEW ESTATES NO. 1,4308,16553,2015,2,204,,Active,August-3-2025 11:30 AM,August-3-2025 12:30 PM,https://www.redfin.com/WY/Casper/4423-E-21st-St-82609/home/135878337,WMLS,20254063,N,Y,42.8295467,-106.2649187
MLS Listing,,Single Family Residential,5875 Overlook Way,Mills,WY,82604,445000,4,3.25,Robertson Hills 2,2416,5489,2021,2,184,8,Active,August-3-2025 10:00 AM,August-3-2025 11:00 AM,https://www.redfin.com/WY/Mills/5875-Overlook-Way-82604/home/168776565,WMLS,20254060,N,Y,42.8418037,-106.4068264
MLS Listing,,Single Family Residential,3541 Eagle Dr,Casper,WY,82604,400000,3,2.5,WOLF CREEK 1,2966,14349,1982,2,135,,Active,,,https://www.redfin.com/WY/Casper/3541-Eagle-Dr-82604/home/135786326,WMLS,20254056,N,Y,42.808541,-106.3665516
MLS Listing,,Single Family Residential,3801 Nine Mile Rd,Casper,WY,82604,995000,1,1.0,NO SUBDIVISION,910,4707529,1924,3,1093,,Active,,,https://www.redfin.com/WY/Casper/3801-9-Mile-Rd-82604/home/135619507,WMLS,20254046,N,Y,42.901361,-106.4962986
MLS Listing,,Single Family Residential,814 S Washington St,Casper,WY,82601,235000,3,1.0,KENWOOD,1520,5663,1952,3,155,,Active,,,https://www.redfin.com/WY/Casper/814-S-Washington-St-82601/home/135563295,WMLS,20254036,N,Y,42.8424619,-106.3101195
MLS Listing,,Single Family Residential,2501 Osprey St,Casper,WY,82601,399900,4,3.0,FALCON CREST PHASE 1,2598,11761,2006,4,154,,Active,,,https://www.redfin.com/WY/Casper/2501-Osprey-St-82601/home/135742767,WMLS,20254025,N,Y,42.8228114,-106.3055694
MLS Listing,,Mobile/Manufactured Home,1017 & 1021 S Cedar St,Casper,WY,81601,84000,3,1.0,CASPER,924,6499,1976,4,91,,Active,,,https://www.redfin.com/WY/Casper/1017-S-Cedar-St-82601/home/135833539,WMLS,20253994,N,Y,42.8405928,-106.3355566
MLS Listing,,Single Family Residential,1655 Hyview Dr,Casper,WY,82604,250000,4,2.0,WEST GARDEN CREEK,1385,5663,1953,4,181,,Active,,,https://www.redfin.com/WY/Casper/1655-Hyview-Dr-82604/home/135706649,WMLS,20254020,N,Y,42.8300212,-106.3451401
MLS Listing,,Single Family Residential,2880 Garden Creek Rd,Casper,WY,82601,693000,2,3.5,NO SUBDIVISION,3430,129330,1981,4,202,,Active,,,https://www.redfin.com/WY/Casper/2880-Garden-Creek-Rd-82601/home/135503534,WMLS,20254015,N,Y,42.7714167,-106.3443447
MLS Listing,,Single Family Residential,1461 Kelly Dr,Casper,WY,82609,449900,5,3.5,KELLY HEIGHTS,3024,9100,1974,4,149,,Active,,,https://www.redfin.com/WY/Casper/1461-Kelly-Dr-82609/home/135791817,WMLS,20254006,N,Y,42.836286,-106.2771076
MLS Listing,,Single Family Residential,1641 Brentwood Dr,Casper,WY,82604,339000,5,2.5,VALLEY HILLS,2830,7627,1961,5,120,,Active,August-3-2025 01:00 PM,August-3-2025 02:30 PM,https://www.redfin.com/WY/Casper/1641-Brentwood-Dr-82604/home/135502991,WMLS,20253513,N,Y,42.8188049,-106.3441838
MLS Listing,,Single Family Residential,2111 E 24th St,Casper,WY,82601,360000,5,2.0,PRATT #5,2012,9148,1983,6,179,,Active,,,https://www.redfin.com/WY/Casper/2111-E-24th-St-82601/home/135526903,WMLS,20253991,N,Y,42.8246465,-106.298813
MLS Listing,,Single Family Residential,917 N Washington Sts,Casper,WY,82601,80000,1,1.0,NORTH CASPER #2,416,4500,1948,7,192,,Active,,,https://www.redfin.com/WY/Casper/917-N-Washington-St-82601/home/135858982,WMLS,20253985,N,Y,42.8595341,-106.3100326
MLS Listing,,Single Family Residential,4147 Stafford Ct,Casper,WY,82609,459900,3,2.0,STAFFORD SQUARE TRACT B REPLAT,2754,6970,1999,7,167,125,Active,,,https://www.redfin.com/WY/Casper/4147-Stafford-Ct-82609/home/135833792,WMLS,20253983,N,Y,42.8357666,-106.2680603
MLS Listing,,Vacant Land,Track 471 BB Brks,Casper,WY,82601,68000,,,BB Brooks,,1735866,,7,,,Active,,,https://www.redfin.com/WY/Casper/Track-471-BB-Brooks-Blvd-82601/home/196614168,WMLS,20253976,N,Y,42.8828,-106.3239
MLS Listing,,Single Family Residential,1831 Glendale Ave,Casper,WY,82601,288000,4,2.0,FAIRDALE,1728,6970,1963,7,167,,Active,,,https://www.redfin.com/WY/Casper/1831-Glendale-Ave-82601/home/135909220,WMLS,20253973,N,Y,42.8311305,-106.3045019
MLS Listing,,Single Family Residential,5131 S David St,Casper,WY,82601,399000,3,3.0,SUNRISE HILLS 5,2576,7497,1980,7,155,,Active,,,https://www.redfin.com/WY/Casper/5131-S-David-St-82601/home/135524135,WMLS,20253972,N,Y,42.8020627,-106.3317334
MLS Listing,,Single Family Residential,1244 S Durbin St,Casper,WY,82601,399999,3,2.5,CASPER,3508,9448,1953,8,114,,Active,,,https://www.redfin.com/WY/Casper/1244-S-Durbin-St-82601/home/135697466,WMLS,20253964,N,Y,42.8377521,-106.3225443
MLS Listing,,Single Family Residential,6122 Rosado Dr,Casper,WY,82609,869900,5,3.5,"HEIGHTS ADDITION, THE",5126,22651,2011,8,170,17,Active,,,https://www.redfin.com/WY/Casper/6122-Rosado-82609/home/135878402,WMLS,20253963,N,Y,42.8381244,-106.2373315
MLS Listing,,Single Family Residential,4380 Coates Rd,Casper,WY,82604,550000,5,2.0,SKYLINE RANCHES 1,2112,87120,1974,8,260,,Active,,,https://www.redfin.com/WY/Casper/4380-Coates-Rd-82604/home/135510927,WMLS,20253962,N,Y,42.8057877,-106.4089357
MLS Listing,,Single Family Residential,14725 Day Break Rd,Casper,WY,82604,700000,3,2.0,NO SUBDIVISION,2016,2613600,2000,8,347,,Active,,,https://www.redfin.com/WY/Casper/14725-Day-Break-Rd-82604/home/135545081,WMLS,20253954,N,Y,42.9127579,-106.5956501
MLS Listing,,Single Family Residential,4055 E 12th St,Casper,WY,82609,345000,4,2.75,EASTGATE,2228,8921,1976,8,155,,Active,,,https://www.redfin.com/WY/Casper/4055-E-12th-St-82609/home/135520027,WMLS,20253944,N,Y,42.8380162,-106.2696709
MLS Listing,,Single Family Residential,1431 Cypress St,Casper,WY,82604,325000,4,3.0,CASPER,2946,10019,1972,8,110,,Active,August-3-2025 01:00 PM,August-3-2025 02:00 PM,https://www.redfin.com/WY/Casper/1431-S-Cypress-St-82604/home/135607891,WMLS,20253940,N,Y,42.835913,-106.3442581
MLS Listing,,Single Family Residential,4500 S Poplar Unit 303a Street St,Casper,WY,82604,120000,1,1.0,PINETREE MANOR CONDOS,765,,1973,8,157,227,Active,,,https://www.redfin.com/WY/Casper/4500-S-Poplar-St-82601/home/135636485,WMLS,20253936,N,Y,42.8064555,-106.3457094
MLS Listing,,Single Family Residential,1016 Monte Vista Dr,Casper,WY,82601,425000,5,2.5,CREST HILL #1,2818,7405,1956,9,151,,Active,,,https://www.redfin.com/WY/Casper/1016-Monte-Vista-Dr-82601/home/135522284,WMLS,20253930,N,Y,42.8178918,-106.3377882
MLS Listing,,Single Family Residential,1822 Shattuck Ave,Casper,WY,82609,325000,4,2.0,SAGE KNOLLS,1606,8429,1975,9,202,,Active,,,https://www.redfin.com/WY/Casper/1822-Shattuck-Ave-82601/home/135922291,WMLS,20253919,N,Y,42.8303635,-106.3005088
MLS Listing,,Single Family Residential,1421 Ivy Ln,Casper,WY,82601,305000,5,2.0,MANOR HEIGHTS,1682,7344,1963,9,181,,Active,,,https://www.redfin.com/WY/Casper/1421-Ivy-Ln-82609/home/135750276,WMLS,20253915,N,Y,42.8366846,-106.2830383
MLS Listing,,Single Family Residential,5410 Dolomite Cir,Casper,WY,82609,756000,5,4.0,ELKHORN VILLAGE ADDITION NO. 2,3655,8276,2025,10,207,,Active,,,https://www.redfin.com/WY/Casper/5410-Dolomite-Cir-82609/home/175786981,WMLS,20253905,N,Y,42.8370059,-106.2526503
MLS Listing,,Single Family Residential,1103 N Lincoln St,Casper,WY,82601,289000,4,2.0,NORTH CASPER,1904,4792,1938,10,152,,Active,,,https://www.redfin.com/WY/Casper/1103-N-Lincoln-St-82601/home/135898623,WMLS,20253897,N,Y,42.8611271,-106.3149476
MLS Listing,,Vacant Land,Highway 220,Casper,WY,82604,262320,,,NO SUBDIVISION,,12771432,,11,,,Active,,,https://www.redfin.com/WY/Casper/Highway-Unknown/home/196519719,WMLS,20253884,N,Y,42.9503609363917,-106.713001161819
MLS Listing,,Single Family Residential,4731 S Ash St,Casper,WY,82601,425000,6,2.5,SUNRISE HILLS 5,2726,11365,1980,11,156,,Active,,,https://www.redfin.com/WY/Casper/4731-S-Ash-St-82601/home/135806860,WMLS,20253879,N,Y,42.8047263,-106.3326057
MLS Listing,,Single Family Residential,1528 Begonia St,Casper,WY,82604,315000,3,1.75,PLATTE VIEW BLUFFS,2064,9339,1982,11,153,,Active,,,https://www.redfin.com/WY/Casper/1528-Begonia-St-82604/home/135496827,WMLS,20252877,N,Y,42.8291014,-106.4043206
MLS Listing,,Single Family Residential,2153 W 42 St,Casper,WY,82694,320000,4,2.5,VALLEY HILLS 2,1800,11761,1972,11,178,,Active,,,https://www.redfin.com/WY/Casper/2153-W-42nd-St-82604/home/135703851,WMLS,20253866,N,Y,42.8096729,-106.350708
MLS Listing,,Single Family Residential,2107 Jonquil St,Casper,WY,82604,330000,3,2.0,PLATTE VIEW BLUFFS,1860,7841,1980,11,177,,Active,August-3-2025 01:00 PM,August-3-2025 02:00 PM,https://www.redfin.com/WY/Casper/2107-Jonquil-St-82604/home/135930027,WMLS,20253865,N,Y,42.8289124,-106.4047961
MLS Listing,,Single Family Residential,4453 E 18th St,Casper,WY,82609,440000,3,2.5,CENTENNIAL HILLS VILLAGE,2869,7057,2012,11,153,20,Active,,,https://www.redfin.com/WY/Casper/4453-E-18th-St-82609/home/135954552,WMLS,20253861,N,Y,42.8305298,-106.2631892
MLS Listing,,Vacant Land,1144 Willow St,Casper,WY,82604,85000,,,CASPER,,13000,,13,,,Active,,,https://www.redfin.com/WY/Casper/1144-S-Willow-St-82604/home/135938606,WMLS,20253855,N,Y,42.8388164,-106.3398337
MLS Listing,,Single Family Residential,6386 Painted Horse Trl,Casper,WY,82604,375000,3,2.0,RIVER VISTA ADDITION,3024,,2008,14,124,,Active,,,https://www.redfin.com/WY/Casper/6386-Painted-Horse-Trl-82604/home/135770623,WMLS,20253853,N,Y,42.8242342,-106.4173006
MLS Listing,,Single Family Residential,205 Daffodil,Casper,WY,82604,339900,4,3.0,PARADISE VALLEY,2046,9148,1976,14,166,,Active,,,https://www.redfin.com/WY/Casper/205-Daffodil-St-82604/home/135844943,WMLS,20252478,N,Y,42.8175374,-106.4095055
MLS Listing,,Single Family Residential,6670 Henderson Creek Pl,Casper,WY,82604,279900,3,1.75,RIVER WEST ESTATES,1480,7405,1980,14,189,,Active,,,https://www.redfin.com/WY/Casper/6670-Henderson-Creek-Pl-82604/home/135836446,WMLS,20253838,N,Y,42.8213228,-106.4230002
MLS Listing,,Multi-Family (2-4 Unit),4011 S Coffman Ave,Casper,WY,82604,1300000,12,10.0,"Plaza, The",6564,12807,2025,14,198,,Active,,,https://www.redfin.com/WY/Casper/4011-S-Coffman-Ave-82604/home/196496867,WMLS,20253836,N,Y,42.810821,-106.3454119
MLS Listing,,Multi-Family (2-4 Unit),4051 S Coffman Ave,Casper,WY,82604,1370000,12,10.0,"Plaza, The",7000,12807,2025,14,196,,Active,,,https://www.redfin.com/WY/Casper/4051-S-Coffman-Ave-82604/home/196495035,WMLS,20253833,N,Y,42.8105525,-106.3455162
MLS Listing,,Single Family Residential,4091 S Coffman Ave,Casper,WY,82604,330000,3,2.5,"PLAZA, THE",1641,3528,2025,14,201,,Active,,,https://www.redfin.com/WY/Casper/4091-S-Coffman-Ave-82604/home/196492014,WMLS,20253828,N,Y,42.8102975,-106.3456152
MLS Listing,,Single Family Residential,4081 S Coffman Ave,Casper,WY,82604,330000,3,2.5,"PLAZA, THE",1641,2875,2025,14,201,,Active,,,https://www.redfin.com/WY/Casper/4081-S-Coffman-Ave-82604/home/196492009,WMLS,20253829,N,Y,42.8104103,-106.3458079
MLS Listing,,Single Family Residential,4061 S Coffman Ave,Casper,WY,82604,330000,3,2.5,"PLAZA, THE",1641,3528,2025,14,201,,Active,,,https://www.redfin.com/WY/Casper/4061-S-Coffman-Ave-82604/home/196492007,WMLS,20253831,N,Y,42.8104854,-106.3455422
MLS Listing,,Single Family Residential,4071 S Coffman Ave,Casper,WY,82604,330000,3,2.5,"PLAZA, THE",1641,2875,2025,14,201,,Active,,,https://www.redfin.com/WY/Casper/4071-S-Coffman-Ave-82604/home/196492006,WMLS,20253830,N,Y,42.810464,-106.3457871
MLS Listing,,Single Family Residential,3014 Gary Ave,Casper,WY,82609,220000,3,1.0,HARDEN,1000,5227,1959,14,220,,Active,August-3-2025 02:30 PM,August-3-2025 03:30 PM,https://www.redfin.com/WY/Casper/3014-Gary-Ave-82609/home/135909044,WMLS,20253826,N,Y,42.8543051,-106.2871761
MLS Listing,,Vacant Land,2730 Harvard St,Casper,WY,82601,85000,,,Casper,,21780,,14,,,Active,,,https://www.redfin.com/WY/Casper/2730-Harvard-St-82601/home/135669909,WMLS,20253825,N,Y,42.8197232,-106.3151353
MLS Listing,,Single Family Residential,2120 Valcaro Rd,Casper,WY,82604,445000,4,2.5,VALLEY HILLS 2,2885,7405,1976,14,154,,Active,,,https://www.redfin.com/WY/Casper/2120-Valcaro-Rd-82604/home/135667123,WMLS,20253823,N,Y,42.8144871,-106.3496996
MLS Listing,,Single Family Residential,4131 S Coffman Ave,Casper,WY,82604,350000,3,2.5,"PLAZA, THE",1750,3528,2025,14,200,,Active,,,https://www.redfin.com/WY/Casper/4131-S-Coffman-Ave-82604/home/196488864,WMLS,20253816,N,Y,42.8100292,-106.3457193
MLS Listing,,Single Family Residential,4121 S Coffman Ave,Casper,WY,82604,350000,3,2.5,"PLAZA, THE",1750,2875,2025,14,200,,Active,,,https://www.redfin.com/WY/Casper/4121-S-Coffman-Ave-82604/home/196488863,WMLS,20253817,N,Y,42.8100962,-106.3456933
MLS Listing,,Single Family Residential,4101 S Coffman Ave,Casper,WY,82604,350000,3,2.5,"PLAZA, THE",1750,3528,2025,14,200,,Active,,,https://www.redfin.com/WY/Casper/4101-S-Coffman-Ave-82604/home/196488862,WMLS,20253819,N,Y,42.8102304,-106.3456412
MLS Listing,,Single Family Residential,4111 S Coffman Ave,Casper,WY,82604,350000,3,2.5,"PLAZA, THE",1750,2875,2025,14,200,,Active,,,https://www.redfin.com/WY/Casper/4111-S-Coffman-Ave-82604/home/196488861,WMLS,20253818,N,Y,42.8101633,-106.3456673
MLS Listing,,Single Family Residential,501 S Jackson St,Casper,WY,82601,199000,2,2.0,SHERIDAN HEIGHTS,1844,3485,1919,15,108,,Active,,,https://www.redfin.com/WY/Casper/501-S-Jackson-St-82601/home/135874079,WMLS,20253607,N,Y,42.845691,-106.3106977
MLS Listing,,Single Family Residential,401 N Sun Dr,Casper,WY,82609,247500,3,1.0,HAMILTON,1014,6534,1957,15,244,,Active,,,https://www.redfin.com/WY/Casper/401-N-Sun-Dr-82609/home/135502027,WMLS,20253805,N,Y,42.8522572,-106.2839119
MLS Listing,,Single Family Residential,6120 Rivers Gate,Casper,WY,82604,975000,4,3.0,RIVER PARK,3666,22599,2018,15,266,40,Active,,,https://www.redfin.com/WY/Casper/6120-Rivers-Gate-82604/home/135771974,WMLS,20253509,N,Y,42.8311046,-106.4117461
MLS Listing,,Single Family Residential,248 E F St,Casper,WY,82601,185000,1,1.0,BURLINGTON,710,6599,1918,16,261,,Active,,,https://www.redfin.com/WY/Casper/248-E-F-St-82601/home/135919622,WMLS,20253782,N,Y,42.8574491,-106.3225926
MLS Listing,,Single Family Residential,1742 Glendale Ave,Casper,WY,82601,298000,4,1.75,FAIRDALE,1728,6970,1963,16,172,,Active,,,https://www.redfin.com/WY/Casper/1742-Glendale-Ave-82601/home/135925720,WMLS,20253772,N,Y,42.8324513,-106.3032858
MLS Listing,,Single Family Residential,5111 S Center St,Casper,WY,82601,469900,4,2.0,SUNRISE HILLS 5,1848,9374,1980,16,254,,Active,,,https://www.redfin.com/WY/Casper/5111-S-Center-St-82601/home/135626268,WMLS,20253771,N,Y,42.8024628,-106.3308122
MLS Listing,,Single Family Residential,2881 Boots Dr,Casper,WY,82609,611000,4,3.0,Gosfield Village Addition,2653,7405,2015,16,230,19,Active,,,https://www.redfin.com/WY/Casper/2881-Boots-Dr-82609/home/135981312,WMLS,20253773,N,Y,42.8225244,-106.2693301
MLS Listing,,Single Family Residential,604 E H St,Casper,WY,82601,220000,2,1.0,NORTH CASPER,1000,4996,1920,16,220,,Active,,,https://www.redfin.com/WY/Casper/604-E-H-St-82601/home/135702110,WMLS,20253770,N,Y,42.8592696,-106.3178464
MLS Listing,,Single Family Residential,1434 Holly St,Casper,WY,82604,190000,2,1.0,MEADOW PARK,810,5998,1953,17,235,,Active,,,https://www.redfin.com/WY/Casper/1434-Holly-St-82604/home/135620482,WMLS,20253759,N,Y,42.8358464,-106.3481934
MLS Listing,,Single Family Residential,2908 E 12th St,Casper,WY,82609,269900,3,1.5,PINEVIEW MEADOWS 2,2160,7405,1954,17,125,,Active,,,https://www.redfin.com/WY/Casper/2908-E-12th-St-82609/home/135532280,WMLS,20253756,N,Y,42.8391303,-106.2888244
MLS Listing,,Vacant Land,ALL 25-35-80,Casper,WY,82601,555000,,,NO SUBDIVISION,,27878400,,17,,,Active,,,https://www.redfin.com/WY/Casper/ALL-25-35-80-Unknown/home/196427175,WMLS,20253748,N,Y,42.9791323244079,-106.378265228013
MLS Listing,,Single Family Residential,2440 Belmont Rd,Casper,WY,82604,449000,5,3.0,GRANDVIEW,3252,24829,1975,17,138,,Active,,,https://www.redfin.com/WY/Casper/2440-Belmont-Rd-82604/home/135896705,WMLS,20253729,N,Y,42.8258229,-106.3461491
MLS Listing,,Single Family Residential,633 E 14th St,Casper,WY,82601,570000,5,3.0,BUTLER,4390,12249,2008,18,130,,Active,,,https://www.redfin.com/WY/Casper/633-E-14th-St-82601/home/135735011,WMLS,20253723,N,Y,42.8363006,-106.3172683
MLS Listing,,Single Family Residential,2950 E 11th St,Casper,WY,82601,285000,3,1.0,PINEVIEW MEADOWS 2,2050,6970,1957,18,139,,Active,,,https://www.redfin.com/WY/Casper/2950-E-11th-St-82609/home/135830009,WMLS,20253719,N,Y,42.8400349,-106.2876412
MLS Listing,,Single Family Residential,4241 S Coffman Ave,Casper,WY,82604,330000,3,2.5,"PLAZA, THE",1641,2919,2025,18,201,,Active,,,https://www.redfin.com/WY/Casper/4241-S-Coffman-Ave-82604/home/196396919,WMLS,20253696,N,Y,42.8093104,-106.3459984
MLS Listing,,Single Family Residential,4251 S Coffman Ave,Casper,WY,82604,330000,3,2.5,"PLAZA, THE",1641,3572,2025,18,201,,Active,,,https://www.redfin.com/WY/Casper/4251-S-Coffman-Ave-82604/home/196396918,WMLS,20253695,N,Y,42.8092408,-106.3460254
MLS Listing,,Single Family Residential,4221 S Coffman Ave,Casper,WY,82604,330000,3,2.5,"PLAZA, THE",1641,3572,2025,18,201,,Active,,,https://www.redfin.com/WY/Casper/4221-S-Coffman-Ave-82604/home/196396908,WMLS,20253698,N,Y,42.8094815,-106.3461685
MLS Listing,,Multi-Family (2-4 Unit),4211 S Coffman Ave,Casper,WY,82604,1370000,12,10.0,"Plaza, The",7000,12937,2025,18,196,,Active,,,https://www.redfin.com/WY/Casper/4211-S-Coffman-Ave-82604/home/196396901,WMLS,20253699,N,Y,42.8095035,-106.3459234
MLS Listing,,Multi-Family (2-4 Unit),4171 S Coffman Ave,Casper,WY,82604,1300000,12,10.0,"Plaza, The",6564,12807,2025,18,198,,Active,,,https://www.redfin.com/WY/Casper/4171-S-Coffman-Ave-82604/home/196396904,WMLS,20253700,N,Y,42.8098065,-106.3460423
MLS Listing,,Single Family Residential,4261 S Coffman Ave,Casper,WY,82604,350000,3,2.5,"PLAZA, THE",1750,3572,2025,18,200,,Active,,,https://www.redfin.com/WY/Casper/4261-S-Coffman-Ave-82604/home/196396896,WMLS,20253694,N,Y,42.8091712,-106.3460524
MLS Listing,,Single Family Residential,4231 S Coffman Ave,Casper,WY,82604,330000,3,2.5,"PLAZA, THE",1641,2919,2025,18,201,,Active,,,https://www.redfin.com/WY/Casper/4231-S-Coffman-Ave-82604/home/196396887,WMLS,20253697,N,Y,42.8093801,-106.3459713
MLS Listing,,Single Family Residential,4291 S Coffman Ave,Casper,WY,82604,350000,3,2.5,"PLAZA, THE",1750,4704,2025,18,200,,Active,,,https://www.redfin.com/WY/Casper/4291-S-Coffman-Ave-82601/home/196393111,WMLS,20253691,N,Y,42.8090258,-106.3463626
MLS Listing,,Single Family Residential,4271 S Coffman Ave,Casper,WY,82604,350000,3,2.5,"PLAZA, THE",1750,2919,2025,18,200,,Active,,,https://www.redfin.com/WY/Casper/4271-S-Coffman-Ave-82604/home/196393110,WMLS,20253693,N,Y,42.8091015,-106.3460795
MLS Listing,,Single Family Residential,4281 S Coffman Ave,Casper,WY,82604,350000,3,2.5,"PLAZA, THE",1750,2919,2025,18,200,,Active,,,https://www.redfin.com/WY/Casper/4281-S-Coffman-Ave-82604/home/196393103,WMLS,20253692,N,Y,42.8090776,-106.3463253
MLS Listing,,Single Family Residential,8290 Arapahoe Rd Rd,Casper,WY,82601,379000,3,2.0,HOMA HILLS,1736,435600,1978,19,218,,Active,August-3-2025 11:00 AM,August-3-2025 12:30 PM,https://www.redfin.com/WY/Casper/8290-Arapahoe-Rd-82601/home/135867795,WMLS,20253686,N,Y,42.9658143,-106.3763255
MLS Listing,,Single Family Residential,1446 Kit Carson Ave,Casper,WY,82604,225000,2,1.0,FORT CASPER,1385,5227,1954,19,162,,Active,August-3-2025 01:00 PM,August-3-2025 02:00 PM,https://www.redfin.com/WY/Casper/1446-Kit-Carson-Ave-82604/home/135739293,WMLS,20253680,N,Y,42.8356267,-106.3549251
MLS Listing,,Single Family Residential,234 S Socony Pl,Casper,WY,82609,215000,3,1.0,PINEVIEW MEADOWS,888,6970,1952,20,242,,Active,,,https://www.redfin.com/WY/Casper/234-S-Socony-Pl-82609/home/135758205,WMLS,20253668,N,Y,42.8481992,-106.2845095
MLS Listing,,Single Family Residential,1828 S Poplar St,Casper,WY,82601,275000,4,1.75,WESTRIDGE,1904,7841,1953,21,144,,Active,August-3-2025 03:00 PM,August-3-2025 04:00 PM,https://www.redfin.com/WY/Casper/1828-S-Poplar-St-82601/home/135661593,WMLS,20253660,N,Y,42.8322483,-106.3372859
MLS Listing,,Single Family Residential,4569 Pond Hill Rd,Casper,WY,82604,550000,5,3.0,WESTLAND PARK 2,2262,133294,1978,21,243,,Active,,,https://www.redfin.com/WY/Casper/4569-Pond-Hill-Rd-82604/home/135729078,WMLS,20253658,N,Y,42.8021961,-106.4170541
MLS Listing,,Single Family Residential,1337 Yorkshire Ave,Casper,WY,82609,609000,4,3.5,Centennial Hills,2905,9148,2000,21,210,20,Active,,,https://www.redfin.com/WY/Casper/1337-Yorkshire-Ave-82609/home/135927216,WMLS,20253656,N,Y,42.8337047,-106.2666067
MLS Listing,,Single Family Residential,1440 S Durbin St,Casper,WY,82601,330000,4,2.5,KRAMPERT,1782,4356,1956,21,185,,Active,August-3-2025 11:30 AM,August-3-2025 12:30 PM,https://www.redfin.com/WY/Casper/1440-S-Durbin-St-82601/home/135805449,WMLS,20253356,N,Y,42.8359146,-106.3224241
MLS Listing,,Single Family Residential,3235 Herrington,Casper,WY,82604,214500,2,2.0,RIVER WEST ESTATES,1384,2317,1984,21,155,,Active,,,https://www.redfin.com/WY/Casper/3235-Herrington-Dr-82604/home/135948314,WMLS,20253633,N,Y,42.81584,-106.4191359
MLS Listing,,Single Family Residential,1948 S Conwell St,Casper,WY,82601,235000,3,1.75,MASTER'S,1706,4665,2013,22,138,,Active,,,https://www.redfin.com/WY/Casper/1948-S-Conwell-St-82601/home/135743324,WMLS,20253620,N,Y,42.8294068,-106.307769
MLS Listing,,Single Family Residential,1630 Cornwall St,Casper,WY,82609,350000,4,2.75,EASTGATE III,1937,10019,1983,22,181,,Active,,,https://www.redfin.com/WY/Casper/1630-Cornwall-St-82609/home/135933863,WMLS,20253618,N,Y,42.8328176,-106.2582837
MLS Listing,,Single Family Residential,1401 Ivy Ln,Casper,WY,82609,298000,4,1.75,MANOR HEIGHTS,1776,6573,1963,22,168,,Active,,,https://www.redfin.com/WY/Casper/1401-Ivy-Ln-82609/home/135926112,WMLS,20252406,N,Y,42.8368988,-106.2829694
MLS Listing,,Single Family Residential,11549 Goose Egg Rd,Casper,WY,82604,1998500,5,4.0,CARRUTH RANCHES,5260,2045142,1995,22,380,,Active,,,https://www.redfin.com/WY/Casper/11549-W-Goose-Egg-Rd-82604/home/135623809,WMLS,20253604,N,Y,42.7465335,-106.5080955
MLS Listing,,Multi-Family (2-4 Unit),332 S Lincoln St,Casper,WY,82601,440000,4,2.0,CASPER,2922,8276,1920,22,151,,Active,,,https://www.redfin.com/WY/Casper/332-S-Lincoln-St-82601/home/135849867,WMLS,20253596,N,Y,42.8470146,-106.3155747
MLS Listing,,Single Family Residential,6128 Coronado Dr,Casper,WY,82609,777000,5,4.0,THE HEIGHTS,4244,8233,2007,23,183,125,Active,,,https://www.redfin.com/WY/Casper/6128-Coronado-Dr-82609/home/135645940,WMLS,20253583,N,Y,42.8398162,-106.2347603
MLS Listing,,Single Family Residential,4521 E 22nd St,Casper,WY,82609,750000,5,3.5,MEADOW VIEW ESTATES NO. 1,4639,15246,2006,23,162,,Active,,,https://www.redfin.com/WY/Casper/4521-E-22nd-St-82609/home/135952973,WMLS,20253582,N,Y,42.8286818,-106.2617529
MLS Listing,,Single Family Residential,4111 Bretton Dr,Casper,WY,82609,385000,4,2.75,EASTGATE,2176,11195,1975,24,177,,Active,,,https://www.redfin.com/WY/Casper/4111-Bretton-Dr-82609/home/135676734,WMLS,20253514,N,Y,42.8421075,-106.2685263
MLS Listing,,Single Family Residential,4140 Arroyo Dr,Casper,WY,82604,279900,4,3.0,VALLEY HILLS 2,2413,8999,1975,24,116,,Active,,,https://www.redfin.com/WY/Casper/4140-Arroyo-Dr-82604/home/135945031,WMLS,20253560,N,Y,42.8102621,-106.3531626
MLS Listing,,Single Family Residential,840 & 950 Canyon,Casper,WY,82601,155000,1,,STARWALLOW 6,192,209524,2007,24,807,,Active,,,https://www.redfin.com/WY/Casper/840-Canyon-Ln-82601/home/135823180,WMLS,20253554,N,Y,42.720799,-106.321543
MLS Listing,,Single Family Residential,919 E 5th,Casper,WY,82601,260000,3,2.0,CASPER,1805,6534,1923,25,144,,Active,,,https://www.redfin.com/WY/Casper/919-E-5th-St-82601/home/135659232,WMLS,20253536,N,Y,42.8454277,-106.313248
MLS Listing,,Single Family Residential,8150 Casper Mountain Rd,Casper,WY,82601,690000,3,2.5,NO SUBDIVISION,2407,40075,1940,25,287,,Active,,,https://www.redfin.com/WY/Casper/8150-Casper-Mountain-Rd-82601/home/135610826,WMLS,20253525,N,Y,42.7530017,-106.3262
MLS Listing,,Single Family Residential,539 S Grant Ave,Casper,WY,82601,345000,3,1.5,CASPER,2504,3964,1919,25,138,,Active,,,https://www.redfin.com/WY/Casper/539-Grant-Ave-82601/home/135817988,WMLS,20253516,N,Y,42.8449226,-106.316751
MLS Listing,,Single Family Residential,533 S Grant Ave,Casper,WY,82601,349900,3,1.75,CASPER,2128,4382,1917,25,164,,Active,,,https://www.redfin.com/WY/Casper/533-Grant-Ave-82601/home/191601005,WMLS,20253515,N,Y,42.8448828,-106.3164191
MLS Listing,,Single Family Residential,3112 Heights,Casper,WY,82601,94500,3,1.0,MIDWEST HEIGHTS,1804,3920,1960,27,52,,Active,,,https://www.redfin.com/WY/Casper/3112-Heights-Unknown/home/196274120,WMLS,20253506,N,Y,42.855032,-106.360675
MLS Listing,,Single Family Residential,23 Begonia St,Casper,WY,82604,329900,4,2.0,PARADISE VALLEY,1728,7680,1973,29,191,,Active,,,https://www.redfin.com/WY/Casper/23-Begonia-St-82604/home/135736450,WMLS,20253489,N,Y,42.8261905,-106.3990456
MLS Listing,,Single Family Residential,4951 Dexter,Casper,WY,82609,870000,5,4.5,EASTGATE III,4987,12650,1993,30,174,,Active,August-3-2025 11:30 AM,August-3-2025 12:30 PM,https://www.redfin.com/WY/Casper/4951-Dexter-82609/home/135531227,WMLS,20253430,N,Y,42.8295857,-106.255813
MLS Listing,,Single Family Residential,2001 S Melrose St,Casper,WY,82601,330000,3,2.0,MASTER'S,2720,11234,2000,31,121,,Active,,,https://www.redfin.com/WY/Casper/2001-S-Melrose-St-82601/home/135863289,WMLS,20253421,N,Y,42.8292629,-106.3082167
MLS Listing,,Single Family Residential,329 S Mckinley St,Casper,WY,82601,275000,3,1.5,SPEARS,1814,6970,1919,31,152,,Active,,,https://www.redfin.com/WY/Casper/329-S-McKinley-St-82601/home/135839131,WMLS,20253415,N,Y,42.8471314,-106.3121258
MLS Listing,,Vacant Land,598 N Robertson Rd,Casper,WY,82604,2200000,,,NO SUBDIVISION,,5314320,,31,,,Active,,,https://www.redfin.com/WY/Casper/598-N-Robertson-Rd-82604/home/194151031,WMLS,20253411,N,Y,42.856113,-106.4173162
MLS Listing,,Vacant Land,"Tr 224,225 BB Brks",Casper,WY,82601,80000,,,BB Brooks,,40000,,32,,750,Active,,,https://www.redfin.com/WY/Casper/Tr-224-225-BB-Brooks-Blvd-82601/home/191534447,WMLS,20253389,N,Y,43.0396,-106.2358
MLS Listing,,Single Family Residential,5032 Mountain Way,Casper,WY,82601,750000,5,3.0,STONERIDGE,4198,12415,2004,32,179,,Active,,,https://www.redfin.com/WY/Casper/5032-Mountain-Way-82601/home/135540276,WMLS,20253359,N,Y,42.8027321,-106.3297658
MLS Listing,,Single Family Residential,2301 Easthaven Ave,Casper,WY,82609,825000,5,3.0,MEADOW VIEW ESTATES NO. 1,3772,13504,2010,33,219,,Active,,,https://www.redfin.com/WY/Casper/2301-Easthaven-Ave-82609/home/135725570,WMLS,20253053,N,Y,42.8279999,-106.2655543
MLS Listing,,Single Family Residential,291 Indian Paintbrush #13 St,Casper,WY,82604,312500,4,3.5,DEVONSHIRE VILLAGE,2614,2178,1980,34,120,175,Active,,,https://www.redfin.com/WY/Casper/291-Indian-Paintbrush-82604/home/195507751,WMLS,20253346,N,Y,42.8188067,-106.4085296
MLS Listing,,Single Family Residential,2865 Mockingbird Trail Trl,Casper,WY,82604,288000,4,2.0,RIVER WEST ESTATES,1845,7100,1978,35,156,,Active,,,https://www.redfin.com/WY/Casper/2865-Mockingbird-Trl-82604/home/135936966,WMLS,20253323,N,Y,42.8211459,-106.41618
MLS Listing,,Single Family Residential,1344 Brigham Young,Casper,WY,82604,210000,3,1.0,FORT CASPER,902,5227,1954,35,233,,Active,,,https://www.redfin.com/WY/Casper/1344-Brigham-Young-St-82604/home/135701155,WMLS,20253310,N,Y,42.8361901,-106.3611652
MLS Listing,,Multi-Family (2-4 Unit),1116 W 15th St,Casper,WY,82604,290000,3,2.0,CASPER,1534,3485,1922,35,189,,Active,,,https://www.redfin.com/WY/Casper/1116-W-15th-St-82604/home/135535553,WMLS,20253308,N,Y,42.8356872,-106.338722
MLS Listing,,Single Family Residential,634 S Mckinley St,Casper,WY,82601,315000,6,2.0,CASPER,2384,8276,1923,36,132,,Active,August-3-2025 01:00 PM,August-3-2025 02:30 PM,https://www.redfin.com/WY/Casper/634-S-McKinley-St-82601/home/135659246,WMLS,20253304,N,Y,42.8441503,-106.3127254
MLS Listing,,Single Family Residential,1604 E 17th St,Casper,WY,82601,325000,4,2.0,FAIRDALE,1950,8712,1958,36,167,,Active,,,https://www.redfin.com/WY/Casper/1604-E-17th-St-82601/home/135850458,WMLS,20253301,N,Y,42.8336659,-106.3046884
MLS Listing,,Single Family Residential,4430 Sunrise Dr,Casper,WY,82604,459000,3,2.75,SUNRISE HILLS,2204,10585,1977,37,208,,Active,,,https://www.redfin.com/WY/Casper/4430-Sunrise-Dr-82604/home/135520301,WMLS,20253275,N,Y,42.8077255,-106.3499701
MLS Listing,,Single Family Residential,6521 Blue Springs Rd,Casper,WY,82604,376000,3,2.5,WHISPERING SPRINGS,2481,8712,2008,38,152,,Active,,,https://www.redfin.com/WY/Casper/6521-Blue-Springs-Rd-82604/home/135500550,WMLS,20253250,N,Y,42.8193146,-106.4217705
MLS Listing,,Single Family Residential,1845 W 16th St,Casper,WY,82604,349900,3,1.75,MEADOW PARK,1357,6778,1954,38,258,,Active,,,https://www.redfin.com/WY/Casper/1845-W-16th-St-82604/home/135802305,WMLS,20252630,N,Y,42.8345526,-106.348535
MLS Listing,,Single Family Residential,1126 N Lincoln St,Casper,WY,82601,229900,2,1.0,NORTH CASPER,888,7497,1919,38,259,,Active,,,https://www.redfin.com/WY/Casper/1126-N-Lincoln-St-82601/home/135788226,WMLS,20253237,N,Y,42.8615054,-106.3153766
MLS Listing,,Single Family Residential,267 N Nebraska Ave,Casper,WY,82609,199000,3,1.0,UNIVERSITY PARK,1270,6434,1949,38,157,,Active,,,https://www.redfin.com/WY/Casper/267-N-Nebraska-Ave-82609/home/135746269,WMLS,20253234,N,Y,42.8519653,-106.2917738
MLS Listing,,Single Family Residential,1722 E 21st St,Casper,WY,82601,209900,2,2.0,SAGE KNOLLS,1180,1999,1995,38,178,8,Active,,,https://www.redfin.com/WY/Casper/1722-E-21st-St-82601/home/135917502,WMLS,20253140,N,Y,42.8282768,-106.3039305
MLS Listing,,Single Family Residential,523 W 18th St,Casper,WY,82601,322000,3,2.0,COMMUNITY PARK,1525,6368,1949,40,211,,Active,,,https://www.redfin.com/WY/Casper/523-W-18th-St-82601/home/135513646,WMLS,20253192,N,Y,42.831881,-106.3313209
MLS Listing,,Single Family Residential,1650 Buck Creek Rd,Casper,WY,82604,529000,3,2.0,VISTA WEST 1,1450,186872,1973,40,365,15,Active,,,https://www.redfin.com/WY/Casper/1650-Buck-Creek-Rd-82604/home/135706293,WMLS,20252376,N,Y,42.8689782,-106.4412444
MLS Listing,,Single Family Residential,1043 Saint Mary St,Casper,WY,82601,220000,3,2.0,NORTH CASPER,1167,4996,1947,42,189,,Active,,,https://www.redfin.com/WY/Casper/1043-Saint-Mary-St-82601/home/135682732,WMLS,20253181,N,Y,42.8608454,-106.3129081
MLS Listing,,Single Family Residential,821 N Grant St,Casper,WY,82601,199900,3,2.0,NORTH CASPER,1040,4996,2013,42,192,,Active,,,https://www.redfin.com/WY/Casper/821-N-Grant-St-82601/home/135682821,WMLS,20253021,N,Y,42.8586326,-106.3167869
MLS Listing,,Single Family Residential,389 N Minnesota Ave,Casper,WY,82609,209000,2,1.0,UNIVERSITY PARK,968,6260,1950,43,216,,Active,,,https://www.redfin.com/WY/Casper/389-N-Minnesota-Ave-82609/home/135692974,WMLS,20253132,N,Y,42.8531613,-106.2910937
MLS Listing,,Single Family Residential,377 N Minnesota Ave,Casper,WY,82609,249000,4,1.0,UNIVERSITY PARK,1536,6260,1950,43,162,,Active,,,https://www.redfin.com/WY/Casper/377-N-Minnesota-Ave-82609/home/135831812,WMLS,20253133,N,Y,42.853039,-106.29148
MLS Listing,,Single Family Residential,4122 Ranch Rd,Casper,WY,82604,585000,4,4.0,NO SUBDIVISION,4091,60984,1971,43,143,,Active,,,https://www.redfin.com/WY/Casper/4122-Ranch-Rd-82604/home/135663395,WMLS,20253130,N,Y,42.8077296,-106.4303781
MLS Listing,,Single Family Residential,6570 Meadow Wind Way,Mills,WY,82604,638500,3,2.0,Platte View Estates,1565,27443,2025,44,408,17,Active,,,https://www.redfin.com/WY/Mills/6570-Meadow-Wind-Way-82604/home/168776493,WMLS,20253111,N,Y,42.843464,-106.421526
MLS Listing,,Single Family Residential,6580 Meadow Wind Way,Mills,WY,82604,571500,3,2.0,Platte View Estates,1609,27878,2025,44,355,17,Active,,,https://www.redfin.com/WY/Mills/6580-Meadow-Wind-Way-82604/home/168776494,WMLS,20253112,N,Y,42.8430452,-106.421456
MLS Listing,,Vacant Land,0000 Cowboy Way,Casper,WY,82601,35000,,,Casper,,1741093,,44,,,Active,,,https://www.redfin.com/WY/Unknown/Cowboy-Way-82601/home/188765607,NEWRA,25-2356,N,Y,43.047608376121,-106.239185110474
MLS Listing,,Vacant Land,4562 Branding Iron Blvd,Casper,WY,82601,75000,,,BB Brooks,,1864368,,44,,357,Active,,,https://www.redfin.com/WY/Casper/4562-Branding-Iron-Blvd-82601/home/196127892,WMLS,20253103,N,Y,42.9414242,-106.2613598
MLS Listing,,Single Family Residential,2784 Berkshire Way,Casper,WY,82609,567900,2,2.0,Kensington Heights Addition No.,2540,7379,2025,44,224,8,Active,,,https://www.redfin.com/WY/Casper/2784-Berkshire-Way-82609/home/196126788,WMLS,20253091,N,Y,42.8231534,-106.2729693
MLS Listing,,Single Family Residential,2744 Berkshire Way,Casper,WY,82609,579900,3,2.0,Kensington Heights Addition No.,2814,7549,2025,44,206,8,Active,,,https://www.redfin.com/WY/Casper/2744-Berkshire-Way-82609/home/196126787,WMLS,20253093,N,Y,42.8231534,-106.2729693
MLS Listing,,Single Family Residential,2764 Berkshire Way,Casper,WY,82609,569900,2,2.0,Kensington Heights Addition No.,2876,7314,2025,44,198,8,Active,,,https://www.redfin.com/WY/Casper/2764-Berkshire-Way-82609/home/196126785,WMLS,20253092,N,Y,42.8231534,-106.2729693
MLS Listing,,Single Family Residential,1659 Begonia St,Casper,WY,82604,360000,5,3.0,PLATTE VIEW BLUFFS,2497,7841,1982,44,144,,Active,,,https://www.redfin.com/WY/Casper/1659-Begonia-St-82604/home/135920540,WMLS,20253090,N,Y,42.8304843,-106.4038865
MLS Listing,,Single Family Residential,1903 Oakcrest Ave,Casper,WY,82609,200000,2,1.0,SOUTH ADDITION,982,6599,1950,45,204,,Active,,,https://www.redfin.com/WY/Casper/1903-S-Oakcrest-Ave-82601/home/135887200,WMLS,20253083,N,Y,42.8302724,-106.316972
MLS Listing,,Single Family Residential,1335 Pine St,Casper,WY,82604,199000,2,1.0,MEADOW PARK,1152,5998,1953,45,173,,Active,,,https://www.redfin.com/WY/Casper/1335-Pine-St-82604/home/135620563,WMLS,20253085,N,Y,42.8368191,-106.3496116
MLS Listing,,Single Family Residential,809 N Durbin,Casper,WY,82601,140000,1,1.5,NORTH CASPER,1188,3746,1922,45,118,,Active,,,https://www.redfin.com/WY/Casper/809-N-Durbin-St-82601/home/135790716,WMLS,20253071,N,Y,42.8584421,-106.3218432
MLS Listing,,Single Family Residential,2203 W 42nd St,Casper,WY,82604,419900,4,3.0,VALLEY HILLS 2,3164,12036,1973,45,133,,Active,,,https://www.redfin.com/WY/Casper/2203-W-42nd-St-82604/home/135701449,WMLS,20253067,N,Y,42.8096734,-106.3513006
MLS Listing,,Vacant Land,Track 46 BB Brks,Casper,WY,82601,45000,,,BB Brooks,,1729767,,46,,,Active,,,https://www.redfin.com/WY/Casper/Track-46-BB-Brooks-Blvd-82601/home/196107752,WMLS,20253028,N,Y,42.8827213847024,-106.323857084656
MLS Listing,,Single Family Residential,1513 Luker Dr,Casper,WY,82609,777000,6,4.5,ELKHORN VALLEY #2 REPLAT,4686,13748,2005,46,166,,Active,,,https://www.redfin.com/WY/Casper/1513-Luker-Dr-82609/home/135682315,WMLS,20253029,N,Y,42.8333136,-106.2519845
MLS Listing,,Single Family Residential,3440 E 18th St,Casper,WY,82609,335000,4,2.0,COUNTRY CLUB ESTATES,2201,7841,1971,49,152,,Active,,,https://www.redfin.com/WY/Casper/3440-E-18th-St-82609/home/135847233,WMLS,20253004,N,Y,42.832425,-106.2814434
MLS Listing,,Vacant Land,2732 Player Dr,Casper,WY,82601,85000,,,9IronEstates,,16442,,50,,,Active,,,https://www.redfin.com/WY/Casper/2732-Player-Dr-82601/home/135671686,WMLS,20252977,N,Y,42.819165,-106.325693
MLS Listing,,Vacant Land,Ponderosa Rd,Casper,WY,82601,148000,,,NO SUBDIVISION,,1742400,,51,,,Active,,,https://www.redfin.com/WY/Casper/Ponderosa-Rd-Unknown/home/187935657,WMLS,20252955,N,Y,42.7319386119281,-106.238870865682
MLS Listing,,Single Family Residential,900 Bretton Dr,Casper,WY,82609,239900,3,2.0,EASTGATE,1688,5009,1976,51,142,,Active,,,https://www.redfin.com/WY/Casper/900-Bretton-Dr-82609/home/135703895,WMLS,20252954,N,Y,42.8419259,-106.2723581
MLS Listing,,Single Family Residential,2430 River Meadows Rd,Casper,WY,82604,405000,3,1.0,DEMPSEY,2872,209959,1954,51,141,,Active,,,https://www.redfin.com/WY/Casper/2430-River-Meadows-Rd-82604/home/135528954,WMLS,20252943,N,Y,42.828159,-106.3857676
MLS Listing,,Vacant Land,NHN Olde English Rd,,MT,82646,149900,,,,,1751112,,51,,,Active,,,https://www.redfin.com/WY/Natrona/NHN-Olde-English-Rd-82646/home/196049632,BSCMLS,402918,N,Y,42.947716,-106.846855
MLS Listing,,Single Family Residential,2867 Ardon Ln,Casper,WY,82609,1375000,3,2.5,ARDON,5018,68389,2001,52,274,,Active,,,https://www.redfin.com/WY/Casper/2867-Ardon-Ln-82609/home/135549976,WMLS,20252915,N,Y,42.821484,-106.2640006
MLS Listing,,Single Family Residential,1900 W 39th St,Casper,WY,82604,2995000,5,4.5,VALLEY HILLS 2,9587,27247,2016,52,312,,Active,,,https://www.redfin.com/WY/Casper/1900-W-39th-St-82604/home/135635369,WMLS,20252768,N,Y,42.8121783,-106.3471101
MLS Listing,,Single Family Residential,2213 Waterford St,Casper,WY,82609,520000,5,3.0,Gosfield Village Addition,3292,7405,2011,53,158,,Active,August-3-2025 11:00 AM,August-3-2025 12:00 PM,https://www.redfin.com/WY/Casper/2213-Waterford-82609/home/135878663,WMLS,20252868,N,Y,42.8289059,-106.266643
MLS Listing,,Single Family Residential,3109 Aspen Drive Dr,Casper,WY,82601,265000,3,1.0,CREST HILL #1,1398,6970,1955,53,190,,Active,,,https://www.redfin.com/WY/Casper/3109-Aspen-Dr-82601/home/135660230,WMLS,20252865,N,Y,42.8174813,-106.3372423
MLS Listing,,Single Family Residential,2741 S Coffman Ave Ave,Casper,WY,82604,200000,2,1.0,SOUTHRIDGE,821,5663,1953,53,244,,Active,,,https://www.redfin.com/WY/Casper/2741-S-Coffman-Ave-82604/home/135809490,WMLS,20252864,N,Y,42.8220107,-106.3406234
MLS Listing,,Single Family Residential,2315 Crescent Ave Ave,Casper,WY,82604,280000,3,1.5,WESTWOOD,1596,7405,1956,53,175,,Active,,,https://www.redfin.com/WY/Casper/2315-Crescent-Ave-82604/home/135664470,WMLS,20252863,N,Y,42.8306751,-106.3516732
MLS Listing,,Single Family Residential,2746 S Odell Ave. Ave,Casper,WY,82604,232000,2,1.0,SOUTHRIDGE,758,6011,1952,54,306,,Active,August-3-2025 12:00 PM,August-3-2025 02:00 PM,https://www.redfin.com/WY/Casper/2746-S-Odell-Ave-82604/home/135839040,WMLS,20252824,N,Y,42.8223908,-106.3430908
MLS Listing,,Single Family Residential,1314 S Wilson St,Casper,WY,82601,264900,4,1.75,CASPER VIEW,1824,4792,1937,56,145,,Active,,,https://www.redfin.com/WY/Casper/1314-S-Wilson-St-82601/home/135705704,WMLS,20252823,N,Y,42.837166,-106.306475
MLS Listing,,Vacant Land,Cornwall Ln,Casper,WY,82609,600000,,,Blackmore Vista Addition No 2,,10890,,56,,,Active,,,https://www.redfin.com/WY/Casper/Cornwall-St-82609/home/196007769,WMLS,20252796,N,Y,42.8370164086938,-106.255129833221
MLS Listing,,Vacant Land,Azurite,Casper,WY,82609,600000,,,ELKHORN VILLAGE ADDITION NO. 2,,7405,,56,,,Active,,,https://www.redfin.com/WY/Casper/Azurite-Ave-82609/home/196007768,WMLS,20252797,N,Y,42.8362139331437,-106.252705116272
MLS Listing,,Single Family Residential,830 S Durbin Street St,Casper,WY,82601,299900,3,2.0,CASPER,2024,8276,1939,56,148,,Active,,,https://www.redfin.com/WY/Casper/830-S-Durbin-St-82601/home/135698090,WMLS,20252791,N,Y,42.8420846,-106.3226433
MLS Listing,,Vacant Land,2641 E 15th St,Casper,WY,82609,495000,,,Villsagecrk,,174240,,57,,,Active,,,https://www.redfin.com/WY/Casper/2641-E-15th-St-82609/home/175788475,WMLS,20252775,N,Y,42.8343926,-106.2920809
MLS Listing,,Single Family Residential,310 Aster St,Casper,WY,82604,1200000,5,3.5,PARADISE VALLEY,3640,42253,1979,57,330,,Active,,,https://www.redfin.com/WY/Casper/310-Aster-St-82604/home/135502304,WMLS,20252774,N,Y,42.8132215,-106.4124652
MLS Listing,,Single Family Residential,2606 Micro Rd,Casper,WY,82601,799000,5,4.0,NO SUBDIVISION,3712,438214,2021,58,215,,Active,,,https://www.redfin.com/WY/Casper/2606-Micro-Rd-82601/home/180921795,WMLS,20252758,N,Y,42.7427767,-106.3408045
MLS Listing,,Single Family Residential,1310 Hornchurch Ave,Casper,WY,82609,745000,5,3.0,Centennial Hills,3838,10742,1995,58,194,20,Active,,,https://www.redfin.com/WY/Casper/1310-Hornchurch-Ave-82609/home/135677437,WMLS,20252754,N,Y,42.8349055,-106.2657237
MLS Listing,,Single Family Residential,3572 Meadowlark Dr,Casper,WY,82604,374000,5,3.0,MEADOWLARK HILLS,2632,9013,1980,58,142,,Active,,,https://www.redfin.com/WY/Casper/3572-Meadowlark-Dr-82604/home/135840901,WMLS,20252745,N,Y,42.8180408,-106.3657186
MLS Listing,,Vacant Land,Robertson Rd,Casper,WY,82604,350000,,,River Park,,1616425,,59,,,Active,,,https://www.redfin.com/WY/Unknown/Robertson-Rd-82604/home/187934845,WMLS,20252724,N,Y,42.85399379,-106.41761224
MLS Listing,,Vacant Land,Boles Rd,Casper,WY,82604,375000,,,River Park,,568894,,59,,,Active,,,https://www.redfin.com/WY/Casper/Boles-Rd-82604/home/135841439,WMLS,20252723,N,Y,42.831877,-106.392934
MLS Listing,,Single Family Residential,1306 E 19th St,Casper,WY,82601,399900,4,2.0,TOBIN ADDITION REPLAT,2073,8712,2005,59,193,,Active,,,https://www.redfin.com/WY/Casper/1306-E-19th-St-82601/home/135617576,WMLS,20252707,N,Y,42.8306364,-106.3082343
MLS Listing,,Vacant Land,0000 Ranger Rd,Casper,WY,82601,105000,,,,,1829084,,60,,,Active,,,https://www.redfin.com/WY/Unknown/Ranger-Rd-82601/home/187934514,WMLS,20252706,N,Y,42.9493097163014,-106.792835966492
MLS Listing,,Vacant Land,Bessemer Rd,Casper,WY,82604,210000,,,NO SUBDIVISION,,84942,,60,,,Active,,,https://www.redfin.com/WY/Unknown/Bessemer-Bend-Rd-82604/home/187944255,WMLS,20252705,N,Y,42.7650440307011,-106.520928250885
MLS Listing,,Single Family Residential,4960 S Skyline Rd,Casper,WY,82604,2200000,5,6.0,Casper,8346,1691870,2001,60,264,,Active,,,https://www.redfin.com/WY/Casper/4960-S-Skyline-Rd-82604/home/135870122,WMLS,20252681,N,Y,42.7962529,-106.4119274
MLS Listing,,Vacant Land,1002 E 10th St,Casper,WY,82601,110000,,,Kenwood,,10543,,60,,,Active,,,https://www.redfin.com/WY/Casper/1002-E-10th-St-82601/home/180922305,WMLS,20252674,N,Y,42.840778,-106.312158
MLS Listing,,Single Family Residential,111 Valley Dr,Casper,WY,82604,378000,3,2.0,PARADISE VALLEY,1524,14545,1958,61,248,,Active,,,https://www.redfin.com/WY/Casper/111-Valley-Dr-82604/home/135748187,WMLS,20252650,N,Y,42.8158767,-106.4028515
MLS Listing,,Single Family Residential,4231 Puma Dr,Casper,WY,82604,450000,4,3.5,WOLF CREEK 1,2884,9975,1981,62,156,,Active,,,https://www.redfin.com/WY/Casper/4231-Puma-Dr-82604/home/135599350,WMLS,20252635,N,Y,42.8087603,-106.3697661
MLS Listing,,Single Family Residential,2565 Heathrow Ave,Casper,WY,82609,740775,3,2.0,Kensington Heights Addition No.,3757,12197,2025,63,197,8,Active,,,https://www.redfin.com/WY/Casper/2565-Heathrow-Ave-82609/home/195957955,WMLS,20252619,N,Y,42.8233764,-106.2717229
MLS Listing,,Single Family Residential,2122 E 23rd St,Casper,WY,82601,350000,4,2.0,PRATT #5,1550,12628,1981,63,226,,Active,August-3-2025 01:00 PM,August-3-2025 02:30 PM,https://www.redfin.com/WY/Casper/2122-E-23rd-St-82601/home/135568469,WMLS,20252611,N,Y,42.8257198,-106.2986705
MLS Listing,,Vacant Land,Eureka,Casper,WY,82601,109000,,,NO SUBDIVISION,,217800,,63,,,Active,,,https://www.redfin.com/WY/Casper-Mountain/Eureka-82601/home/195955867,WMLS,20252609,N,Y,42.7213082657217,-106.297810828575
MLS Listing,,Single Family Residential,4721 S Oak St,Casper,WY,82601,354900,3,2.5,SUNRISE HILLS 5,1824,6970,1980,63,195,,Active,,,https://www.redfin.com/WY/Casper/4721-S-Oak-St-82601/home/135756490,WMLS,20252608,N,Y,42.8049941,-106.3343906
MLS Listing,,Single Family Residential,972 Cornwall St,Casper,WY,82609,575000,4,3.0,BLACKMORE VISTA ADDITION NO 4,3168,7623,2012,64,182,150,Active,,,https://www.redfin.com/WY/Casper/972-Cornwall-St-82609/home/135686202,WMLS,20252606,N,Y,42.8395991,-106.2536497
MLS Listing,,Vacant Land,Track 272 Desperado Dr,Casper,WY,82601,45000,,,BB Brooks,,1546784,,64,,358,Active,,,https://www.redfin.com/WY/Unknown/Track-272-Desperado-Dr-82601/home/195948748,WMLS,20252603,N,Y,43.01823,-106.24599
MLS Listing,,Single Family Residential,3950 Cynthia Dr,Casper,WY,82609,500000,5,2.5,LONGVIEW #1,3448,11326,1976,64,145,,Active,,,https://www.redfin.com/WY/Casper/3950-Cynthia-Dr-82609/home/135661866,WMLS,20252591,N,Y,42.8447034,-106.2733957
MLS Listing,,Vacant Land,127 Stuckenhoff St,Casper,WY,82601,32997,,,BB Brooks,,1579921,,64,,357,Active,,,https://www.redfin.com/WY/Unknown/127-Stuckenhoff-St-82601/home/195945408,WMLS,20252587,N,Y,43.073965,-106.264439
MLS Listing,,Single Family Residential,2917 Saratoga Rd,Casper,WY,82601,249900,3,1.0,VALLEY HILLS,920,5663,1959,64,272,,Active,,,https://www.redfin.com/WY/Casper/2917-Saratoga-Rd-82604/home/135789673,WMLS,20252586,N,Y,42.8223268,-106.3477494
MLS Listing,,Single Family Residential,2511 Mercy Ln,Casper,WY,82609,463000,4,3.75,HERITAGE HILLS ADDITION,2669,7841,2016,66,173,,Active,,,https://www.redfin.com/WY/Casper/2511-Mercy-Ln-82609/home/135743527,WMLS,20252522,N,Y,42.8233143,-106.2954483
MLS Listing,,Single Family Residential,1131 W 60th St,Casper,WY,82601,579900,5,3.0,SUNRISE HILLS 7,3772,9670,1983,66,154,,Active,,,https://www.redfin.com/WY/Casper/1131-W-60th-St-82601/home/135534682,WMLS,20252518,N,Y,42.795834,-106.3380129
MLS Listing,,Single Family Residential,6653 Natrona Rd,Natrona,WY,82646,550000,3,2.0,Unplatted,2176,1742400,2018,67,253,,Active,,,https://www.redfin.com/WY/Natrona/6653-Natrona-Rd-82646/home/135737866,WMLS,20252517,N,Y,42.944083,-106.8040473
MLS Listing,,Single Family Residential,1725 East End Rd Rd,Casper,WY,82601,159950,1,1.0,CASPER,768,43560,1974,69,208,,Active,,,https://www.redfin.com/WY/Casper/1725-E-End-Rd-82601/home/135925508,WMLS,20252510,N,Y,42.7388411,-106.2869463
MLS Listing,,Single Family Residential,421 W 18th St,Casper,WY,82601,390000,4,2.5,COMMUNITY PARK,3119,7109,1949,69,125,,Active,,,https://www.redfin.com/WY/Casper/421-W-18th-St-82601/home/135677618,WMLS,20252183,N,Y,42.8318708,-106.3300938
MLS Listing,,Single Family Residential,363 Oleander St,Casper,WY,82604,299900,3,2.0,PARADISE VALLEY,2016,7697,1978,70,149,,Active,,,https://www.redfin.com/WY/Casper/363-Oleander-St-82604/home/135619941,WMLS,20252501,N,Y,42.81557,-106.4088958
MLS Listing,,Single Family Residential,3894 Micro Rd,Casper,WY,82601,800000,3,2.0,Casper,3132,183388,2016,70,255,,Active,,,https://www.redfin.com/WY/Casper/3894-Micro-Rd-82601/home/135762338,WMLS,20252498,N,Y,42.739052,-106.358016
MLS Listing,,Multi-Family (2-4 Unit),1302 E 7th St,Casper,WY,82601,419000,5,2.0,Sheridan Heights,2700,6900,1968,70,155,,Active,,,https://www.redfin.com/WY/Casper/1302-E-7th-St-82601/home/135863130,WMLS,20252495,N,Y,42.8439956,-106.3079019
MLS Listing,,Vacant Land,1224 S Mckinley St,Casper,WY,82601,172500,,,Butler,,14000,,71,,,Active,,,https://www.redfin.com/WY/Casper/1224-S-McKinley-St-82601/home/135760678,WMLS,20252466,N,Y,42.8382533,-106.3126592
MLS Listing,,Single Family Residential,2740 Heathrow Ave,Casper,WY,82609,597900,3,2.0,Kensington Heights Addition No.,3258,12632,2025,71,184,8,Active,,,https://www.redfin.com/WY/Casper/2640-Heathrow-Ave-82609/home/195887609,WMLS,20252458,N,Y,42.8233764,-106.2717229
MLS Listing,,Vacant Land,6875 Rotary Park Rd,Casper,WY,82601,425000,,,Rural Other,,348640,,73,,,Active,,,https://www.redfin.com/WY/Casper/6875-S-Rotary-Park-Rd-82601/home/135713810,WMLS,20252407,N,Y,42.768884,-106.330534
MLS Listing,,Single Family Residential,1375 Morado Dr,Casper,WY,82609,539900,2,2.5,THE HEIGHTS,1725,8276,2025,73,313,,Active,,,https://www.redfin.com/WY/Casper/1375-Morado-Dr-82609/home/195858820,WMLS,20252403,N,Y,42.8382099,-106.2338485
MLS Listing,,Single Family Residential,1371 Morado Dr,Casper,WY,82609,539900,2,2.5,THE HEIGHTS,1725,8276,2025,73,313,,Active,,,https://www.redfin.com/WY/Casper/1371-Morado-Dr-82609/home/135878981,WMLS,20252401,N,Y,42.8381099,-106.2337029
MLS Listing,,Vacant Land,NE18-SW32-NW78 East End Rd,Casper,WY,82601,84999,,,NO SUBDIVISION,,376794,,73,,,Active,,,https://www.redfin.com/WY/Casper/NE18-SW32-NW78-E-End-Rd-Unknown/home/191911305,WMLS,20252395,N,Y,42.7463997701168,-106.24397160258
MLS Listing,,Vacant Land,Street Rd,Casper,WY,82601,775000,,,NO SUBDIVISION,,9583200,,73,,,Active,,,https://www.redfin.com/Unknown/Knox/Street-RD-Unknown/home/147995290,WMLS,20252390,N,Y,42.7533638228687,-106.309308782959
MLS Listing,,Single Family Residential,718 E 5th St,Casper,WY,82601,257000,2,1.75,CASPER,1697,2614,1920,73,151,,Active,,,https://www.redfin.com/WY/Casper/718-E-5th-St-82601/home/135515767,WMLS,20252385,N,Y,42.8458756,-106.3160822
MLS Listing,,Single Family Residential,348 Zinnia St,Casper,WY,82604,310000,3,1.75,PARADISE VALLEY,1836,6913,1978,74,169,,Active,August-3-2025 11:30 AM,August-3-2025 12:30 PM,https://www.redfin.com/WY/Casper/348-Zinnia-St-82604/home/135646636,WMLS,20252368,N,Y,42.8157716,-106.4085433
MLS Listing,,Vacant Land,Tract 14 Stuckenhoff,Casper,WY,82601,70000,,,BB Brooks,,2528131,,74,,358,Active,,,https://www.redfin.com/WY/Unknown/Tract-14-Stuckenhoff-St-82601/home/195847862,WMLS,20252366,N,Y,43.1118853904653,-106.26387302459
MLS Listing,,Single Family Residential,1049 Cardiff,Casper,WY,82609,419000,5,3.0,EASTGATE,3024,22499,1977,77,139,,Active,,,https://www.redfin.com/WY/Casper/1049-Cardiff-82609/home/135618876,WMLS,20252338,N,Y,42.838806,-106.2684647
MLS Listing,,Single Family Residential,1041 Goodstein Dr,Casper,WY,82601,850000,3,2.0,SUNRISE HILLS 7,4122,10672,2023,77,206,,Active,,,https://www.redfin.com/WY/Casper/1041-Goodstein-Dr-82601/home/135951771,WMLS,20252329,N,Y,42.7987342,-106.3381143
MLS Listing,,Vacant Land,1121 Goodstein Dr,Casper,WY,82601,100000,,,Sunrisehls7,,10019,,77,,,Active,,,https://www.redfin.com/WY/Casper/1121-Goodstein-Dr-82601/home/135728592,WMLS,20252328,N,Y,42.7985319,-106.3386452
MLS Listing,,Single Family Residential,2955 Hogan Dr,Casper,WY,82601,954000,4,3.0,The Back Nine,2967,8712,2025,77,322,,Active,,,https://www.redfin.com/WY/Casper/2955-Hogan-Dr-82601/home/186171824,WMLS,20252228,N,Y,42.816351,-106.329462
MLS Listing,,Single Family Residential,3625 Garden Creek Rd,Casper,WY,82601,899000,5,4.0,NO SUBDIVISION,5006,58806,1961,79,180,,Active,,,https://www.redfin.com/WY/Casper/3625-Garden-Creek-Rd-82601/home/135529861,WMLS,20252275,N,Y,42.7706363,-106.332936
MLS Listing,,Single Family Residential,4223 E 12th St,Casper,WY,82609,510000,4,3.5,STAFFORD SQUARE,3008,10454,1998,79,170,125,Active,,,https://www.redfin.com/WY/Casper/4223-E-12th-St-82609/home/135946208,WMLS,20252266,N,Y,42.8359445,-106.2666812
MLS Listing,,Single Family Residential,92 Marigold St,Casper,WY,82604,469900,4,3.0,PARADISE VALLEY,2912,11326,1963,79,161,,Active,,,https://www.redfin.com/WY/Casper/92-Marigold-St-82604/home/135935991,WMLS,20252253,N,Y,42.8173956,-106.4000639
MLS Listing,,Vacant Land,17th Street,Casper,WY,82601,83000,,,Butler,,28865,,81,,,Active,,,https://www.redfin.com/WY/Casper/17th-E-17th-St-82601/home/195589253,WMLS,20252027,N,Y,42.83325922,-106.31444323
MLS Listing,,Single Family Residential,2704 Berkshire Way,Casper,WY,82609,869000,3,2.5,Kensington Heights Addition No.,4790,12632,2025,81,181,100,Active,,,https://www.redfin.com/WY/Casper/2704-Berkshire-Way-82609/home/195781324,WMLS,20252202,N,Y,42.8231534,-106.2729693
MLS Listing,,Single Family Residential,2640 Lynn Ln,Casper,WY,82609,399900,5,3.0,WINDSOR HEIGHTS,2628,7797,2007,81,152,,Active,,,https://www.redfin.com/WY/Casper/2640-Lynn-Ln-82609/home/135828684,WMLS,20250150,N,Y,42.833296,-106.2920829
MLS Listing,,Single Family Residential,5102 Vista Way,Casper,WY,82601,679000,4,3.0,STONERIDGE,4000,9901,2006,81,170,,Active,,,https://www.redfin.com/WY/Casper/5102-Vista-Way-82601/home/135505800,WMLS,20252196,N,Y,42.8025625,-106.3287701
MLS Listing,,Single Family Residential,1439 Luker Dr,Casper,WY,82609,799000,5,3.0,ELKHORN VALLEY #2 REPLAT,4123,12632,2004,83,194,,Active,,,https://www.redfin.com/WY/Casper/1439-Luker-Dr-82609/home/135606653,WMLS,20252187,N,Y,42.8339371,-106.2520029
MLS Listing,,Single Family Residential,9420 Hwy 220,Casper,WY,82604,1250000,4,4.0,NO SUBDIVISION,4884,1145628,2013,84,256,,Active,,,https://www.redfin.com/WY/Casper/9420-State-Highway-220-82604/home/135517510,WMLS,20252178,N,Y,42.772091,-106.470215
MLS Listing,,Multi-Family (2-4 Unit),1305 S Oak St,Casper,WY,82601,289900,4,2.0,CASPER,1916,4199,1921,84,151,,Active,,,https://www.redfin.com/WY/Casper/1305-S-Oak-St-82601/home/135495279,WMLS,20252177,N,Y,42.8373488,-106.3303983
MLS Listing,,Single Family Residential,1020 Carriage Ln,Casper,WY,82609,410000,4,2.5,EASTGATE,2496,6599,1977,84,164,,Active,,,https://www.redfin.com/WY/Casper/1020-Carriage-Ln-82609/home/135922301,WMLS,20252159,N,Y,42.8405466,-106.2685427
MLS Listing,,Single Family Residential,340 S David St,Casper,WY,82601,795000,3,4.0,NO SUBDIVISION,2845,,2023,85,279,200,Active,,,https://www.redfin.com/WY/Casper/340-S-David-St-82601/home/187934607,WMLS,20252150,N,Y,42.8471197,-106.3267807
MLS Listing,,Single Family Residential,336 S David St,Casper,WY,82601,795000,3,4.0,NO SUBDIVISION,2845,1307,2023,85,279,200,Active,,,https://www.redfin.com/WY/Casper/336-S-David-St-82601/home/187934883,WMLS,20252146,N,Y,42.8471992,-106.3269863
MLS Listing,,Single Family Residential,1001 Country Club Rd,Casper,WY,82609,267500,4,2.0,PINEVIEW MEADOWS,1728,7488,1954,87,155,,Active,,,https://www.redfin.com/WY/Casper/1001-Country-Club-Rd-82609/home/135815140,WMLS,20252106,N,Y,42.8405091,-106.2901646
MLS Listing,,Single Family Residential,6016 S Okeepa,Casper,WY,82604,399900,3,1.75,INDIAN SPRINGS,3080,130680,1979,88,130,250,Active,,,https://www.redfin.com/WY/Casper/6016-S-Okeepa-82604/home/135910540,WMLS,20252060,N,Y,42.78214,-106.44432
MLS Listing,,Single Family Residential,8119 W Sims Creek Rd,Casper,WY,82604,395000,3,1.75,VISTA WEST 4,1727,43996,1980,91,229,25,Active,,,https://www.redfin.com/WY/Casper/8119-W-Sims-Creek-Rd-82604/home/135768312,WMLS,20252030,N,Y,42.8764767,-106.4520827
MLS Listing,,Single Family Residential,2625 Heathrow Ave,Casper,WY,82609,775000,3,2.0,Kensington Heights Addition No.,4294,12197,2025,91,180,8,Active,,,https://www.redfin.com/WY/Casper/2625-Heathrow-Ave-82609/home/195587335,WMLS,20252012,N,Y,42.8233764,-106.2717229
MLS Listing,,Single Family Residential,5130 E 18 St,Casper,WY,82609,525000,4,3.5,EASTGATE III,3456,9514,1982,92,152,,Active,,,https://www.redfin.com/WY/Casper/5130-E-18th-St-82609/home/135779787,WMLS,20252008,N,Y,42.8321145,-106.2548132
MLS Listing,,Single Family Residential,1669 Waterford,Casper,WY,82609,525000,4,3.0,Centennial Hills,2347,10019,2012,97,224,18,Active,,,https://www.redfin.com/WY/Casper/1669-Waterford-82609/home/135658760,WMLS,20251820,N,Y,42.8320409,-106.2646951
MLS Listing,,Single Family Residential,1008 W 25th St,Casper,WY,82604,735000,5,3.0,SOUTH GARDEN CREEK ACRES,3741,20909,1951,98,196,,Active,,,https://www.redfin.com/WY/Casper/1008-W-25th-St-82604/home/135848114,WMLS,20251879,N,Y,42.8251003,-106.3374289
MLS Listing,,Single Family Residential,1611 E 24th St,Casper,WY,82601,349900,4,2.5,PRATT #5,2760,8629,1980,98,127,,Active,August-3-2025 01:00 PM,August-3-2025 02:00 PM,https://www.redfin.com/WY/Casper/1611-E-24th-St-82601/home/135817036,WMLS,20251877,N,Y,42.8245891,-106.3047044
MLS Listing,,Single Family Residential,3200 E Ormsby Rd,Casper,WY,82601,579000,3,2.0,BB Brooks,1917,1832569,2006,98,302,30,Active,,,https://www.redfin.com/WY/Casper/3200-E-Ormsby-Rd-82601/home/146371435,WMLS,20251595,N,Y,42.9838649,-106.2925825
MLS Listing,,Vacant Land,3645 Winchester Way,Casper,WY,82601,37900,,,BB Brooks,,1748498,,101,,375,Active,,,https://www.redfin.com/WY/Casper/3645-Winchester-Way-82601/home/135946770,WMLS,20251795,N,Y,43.07004,-106.2770444
MLS Listing,,Single Family Residential,1040 Carriage Ln,Casper,WY,82609,418500,4,3.0,PEIRCE,2856,9148,1979,102,147,,Active,,,https://www.redfin.com/WY/Casper/1040-Carriage-Ln-82609/home/135806225,WMLS,20251764,N,Y,42.8399372,-106.2695011
MLS Listing,,Single Family Residential,1801 W Odell Ave,Casper,WY,82604,475000,5,3.0,VALLEY HILLS,3050,8276,1958,105,156,,Active,,,https://www.redfin.com/WY/Casper/1801-W-Odell-Ave-82604/home/135729321,WMLS,20251735,N,Y,42.8203895,-106.3462411
MLS Listing,,Single Family Residential,225 Iron Horse Rd,Casper,WY,82601,700000,3,2.5,TATANKA RUN,3726,877298,2025,106,188,30,Active,,,https://www.redfin.com/WY/Casper/225-Iron-Horse-RD-82601/home/195440611,WMLS,20251727,N,Y,43.02597,-106.331965
MLS Listing,,Single Family Residential,12345 Goose Egg Rd,Casper,WY,82604,970000,3,3.0,HOLLYWOOD GARDENS,3669,637718,1956,107,264,,Active,,,https://www.redfin.com/WY/Casper/12345-W-Goose-Egg-Rd-82604/home/135761729,WMLS,20251688,N,Y,42.7424469,-106.5224019
MLS Listing,,Single Family Residential,1960 Waterford,Casper,WY,82609,399900,3,2.0,CENTENNIAL HILLS VILLAGE,1597,9975,2006,108,250,21,Active,,,https://www.redfin.com/WY/Casper/1960-Waterford-82609/home/135870863,WMLS,20251679,N,Y,42.8309433,-106.2666258
MLS Listing,,Single Family Residential,2448 Cheesbrough Way,Casper,WY,82609,284900,4,2.0,DERINGTON,2304,6098,1954,109,124,,Active,,,https://www.redfin.com/WY/Casper/2448-Cheesbrough-Way-82609/home/135753594,WMLS,20251643,N,Y,42.8412934,-106.2942282
MLS Listing,,Vacant Land,14872 Stuckenhoff St,Casper,WY,82601,45640,,,BB Brooks,,1988078,,111,,250,Active,,,https://www.redfin.com/WY/Casper/14872-Stuckenhoff-St-82601/home/135671614,WMLS,20251610,N,Y,43.0616829,-106.2652229
MLS Listing,,Vacant Land,Tract 410 BB Brks,Casper,WY,82601,59900,,,BB Brooks,,35,,113,,375,Active,,,https://www.redfin.com/WY/Casper/Tract-410-BB-Brooks-Blvd-82601/home/195332163,WMLS,20251566,N,Y,42.9809336507633,-106.308793798828
MLS Listing,,Vacant Land,Tract 380 & 397 BB Brks,Casper,WY,82601,110000,,,BB Brooks,,3127608,,113,,,Active,,,https://www.redfin.com/WY/Casper/Tract-380-397-BB-Brooks-Blvd-82601/home/195325184,WMLS,20251558,N,Y,42.984509032587,-106.242038154999
MLS Listing,,Vacant Land,15th St,Casper,WY,82601,299000,,,Casper,,181646,,114,,,Active,,,https://www.redfin.com/WY/Casper/E-15th-St-82609/home/135512859,WMLS,20251555,N,Y,42.833662,-106.292511
MLS Listing,,Single Family Residential,1001 Cheshire St,Casper,WY,82609,430000,5,3.0,,3061,13068,1978,114,140,,Active,,,https://www.redfin.com/WY/Casper/1001-Cheshire-St-82609/home/135839886,SBORWY,25-260,N,Y,42.8382354,-106.2610857
MLS Listing,,Single Family Residential,1427 E 12th St,Casper,WY,82601,375000,5,2.0,CASPER VIEW,1664,5158,1950,115,225,,Active,,,https://www.redfin.com/WY/Casper/1427-E-12th-St-82601/home/135705736,WMLS,20251522,N,Y,42.8386629,-106.3066951
MLS Listing,,Single Family Residential,1911 S Chestnut St,Casper,WY,82601,264900,3,2.0,COMMUNITY PARK,2146,6360,1944,122,123,,Active,,,https://www.redfin.com/WY/Casper/1911-S-Chestnut-St-82601/home/135533420,WMLS,20251390,N,Y,42.831258,-106.334189
MLS Listing,,Vacant Land,12120 Tomahawk Rd,Casper,WY,82601,79900,,,BB Brooks,,1767665,,125,,,Active,,,https://www.redfin.com/WY/Casper/12120-Tomahawk-Rd-82601/home/195204445,WMLS,20251342,N,Y,43.0217675,-106.3053145
MLS Listing,,Single Family Residential,1149 Farnum St,Casper,WY,82601,339900,2,2.0,KENWOOD,975,5227,2025,127,349,,Active,,,https://www.redfin.com/WY/Casper/1149-Farnum-St-82601/home/135744739,WMLS,20251314,N,Y,42.8368895,-106.3106311
MLS Listing,,Vacant Land,Track 523 BB Brks,Casper,WY,82601,40000,,,BB Brooks,,1664428,,130,,200,Active,,,https://www.redfin.com/WY/Casper/Track-523-BB-Brooks-Blvd-82601/home/195146341,WMLS,20251257,N,Y,42.9842443357231,-106.328492573639
MLS Listing,,Ranch,6242 Johnson Ave,Casper,WY,82604,1750000,,,CASPER,,6969600,,130,,,Active,,,https://www.redfin.com/WY/Casper/6242-Johnson-Ave-82601/home/195135633,CBR,96490,N,Y,42.7427779,-106.2587935
MLS Listing,,Ranch,6242 Johnson Lateral,Casper,WY,82604,1750000,,,Casper,,6969600,2008,130,,,Active,,,https://www.redfin.com/WY/Casper/6242-Johnson-Lateral-82604/home/135948485,WMLS,20251230,N,Y,42.9339307,-106.4769891
MLS Listing,,Vacant Land,TR 353 Frontier St,Casper,WY,82604,50000,,,BB Brooks,,1724104,,131,,358,Active,,,https://www.redfin.com/WY/Casper/TR-353-Frontier-ST-82604/home/195130368,WMLS,20251226,N,Y,42.99658,-106.23763
MLS Listing,,Single Family Residential,1711 Elk Ave,Casper,WY,82601,170000,3,1.75,FAIRDALE,1578,5968,1959,137,108,,Active,,,https://www.redfin.com/WY/Casper/1711-Elk-Ave-82601/home/135565351,WMLS,20251125,N,Y,42.8329592,-106.3031446
MLS Listing,,Single Family Residential,1921 W 39th St St,Casper,WY,82604,1500000,3,5.0,VALLEY HILLS 2,4725,125017,2009,140,317,,Active,,,https://www.redfin.com/WY/Casper/1921-W-39th-St-82604/home/175789074,WMLS,20250433,N,Y,42.8111567,-106.3470459
MLS Listing,,Single Family Residential,2685 Berkshire Way,Casper,WY,82609,699900,3,2.5,Kensington Heights Addition No.,3482,11761,2025,143,201,8,Active,,,https://www.redfin.com/WY/Casper/2685-Berkshire-Way-82609/home/194996675,WMLS,20251004,N,Y,42.8231534,-106.2729693
MLS Listing,,Single Family Residential,3036 E 8th St,Casper,WY,82609,299500,,4.0,PINEVIEW MEADOWS 2,3000,7144,1950,148,100,,Active,,,https://www.redfin.com/WY/Casper/3036-E-8th-St-82609/home/193961085,WMLS,20250944,N,Y,42.8424269,-106.2861882
MLS Listing,,Single Family Residential,1819 S Washington St,Casper,WY,82601,240000,3,1.5,BUTLER,1993,7405,1953,150,120,,Active,,,https://www.redfin.com/WY/Casper/1819-S-Washington-St-82601/home/135676188,WMLS,20250733,N,Y,42.8311505,-106.309454
MLS Listing,,Vacant Land,15374 & 15375 Stuckenhoff St,Casper,WY,82601,76000,,,BB Brooks,,3496126,,153,,,Active,,,https://www.redfin.com/WY/Casper/15374-Stuckenhoff-St-82601/home/135632022,WMLS,20250855,N,Y,43.0687446,-106.2657399
MLS Listing,,Single Family Residential,615 S Melrose St,Casper,WY,82601,140500,2,2.0,SHERIDAN HEIGHTS,1265,6970,1927,154,111,,Active,,,https://www.redfin.com/WY/Casper/615-S-Melrose-St-82601/home/135799809,WMLS,20250846,N,Y,42.844483,-106.3079011
MLS Listing,,Single Family Residential,2765 Heathrow Ave,Casper,WY,82609,799900,5,3.0,Kensington Heights Addition No.,3416,10019,2025,157,234,8,Active,,,https://www.redfin.com/WY/Casper/2765-Heathrow-Ave-82609/home/194846791,WMLS,20250771,N,Y,42.8233764,-106.2717229
MLS Listing,,Single Family Residential,3127 Palmer Dr,Casper,WY,82601,794000,3,2.0,CASPER,2530,12632,2025,163,314,,Active,,,https://www.redfin.com/WY/Casper/3127-Palmer-Dr-82601/home/186171850,WMLS,20250690,N,Y,42.815115,-106.3294
MLS Listing,,Multi-Family (2-4 Unit),1237 S Cherry St,Casper,WY,82604,285000,4,3.0,CASPER,1244,6499,1919,164,229,,Active,,,https://www.redfin.com/WY/Casper/1237-S-Cherry-St-82604/home/135712572,WMLS,20250379,N,Y,42.8378045,-106.3405342
MLS Listing,,Single Family Residential,2765 Berkshire Way,Casper,WY,82609,649900,3,2.0,Kensington Heights Addition No.,3410,14810,2025,164,191,8,Active,,,https://www.redfin.com/WY/Casper/2765-Berkshire-Way-82609/home/194768486,WMLS,20250666,N,Y,42.8231534,-106.2729693
MLS Listing,,Vacant Land,1017 S Nebraska Ave,Casper,WY,82604,68000,,,Highland Pk,,9063,,167,,,Active,,,https://www.redfin.com/WY/Casper/1017-S-Nebraska-Ave-82609/home/135838189,WMLS,20250641,N,Y,42.8403808,-106.2951065
MLS Listing,,Single Family Residential,4020 Bretton Dr,Casper,WY,82605,370000,4,3.0,EASTGATE,2440,11299,1976,172,152,,Active,,,https://www.redfin.com/WY/Casper/4020-Bretton-Dr-82609/home/135917343,WMLS,20250555,N,Y,42.8424839,-106.2713488
MLS Listing,,Vacant Land,Phillips Ln,Casper,WY,82604,250000,,,NO SUBDIVISION,,522502,,176,,,Active,,,https://www.redfin.com/WY/Unknown/Phillips-Ln-82604/home/194633580,WMLS,20250496,N,Y,42.817305026281,-106.573546816334
MLS Listing,,Single Family Residential,2665 Allendale Blvd,Casper,WY,82601,575000,3,3.0,Casper,3920,5184,2021,177,147,,Active,,,https://www.redfin.com/WY/Casper/2665-Allendale-Blvd-82601/home/135809693,WMLS,20250473,N,Y,42.8211203,-106.3136601
MLS Listing,,Vacant Land,2009 S Beverly St,Casper,WY,82609,699000,,,Pratt #4,,150674,,179,,,Active,,,https://www.redfin.com/WY/Casper/2009-S-Beverly-St-82609/home/135651508,WMLS,20250448,N,Y,42.8295333,-106.2967944
MLS Listing,,Vacant Land,8075 Stuckenhoff St,Casper,WY,82601,85000,,,BB Brooks,,1555528,,179,,,Active,,,https://www.redfin.com/WY/Casper/8075-Stuckenhoff-St-82601/home/194586327,WMLS,20250443,N,Y,42.9640283,-106.2526399
MLS Listing,,Vacant Land,"TR 15, 16",Casper,WY,82601,114000,,,BB Brooks,,3508758,,183,,31,Active,,,https://www.redfin.com/WY/Casper/TR-15-16-Unknown/home/194524992,WMLS,20250385,N,Y,43.1085,-106.226
MLS Listing,,Multi-Family (5+ Unit),623 S Wolcott St,Casper,WY,82601,5989000,2,2.0,CASPER,54620,43996,1927,192,110,,Active,,,https://www.redfin.com/WY/Casper/623-S-Wolcott-St-82601/home/135952695,WMLS,20242012,N,Y,42.844108,-106.3233546
MLS Listing,,Single Family Residential,3300 E 15th St,Casper,WY,82609,339000,4,2.5,MANOR HEIGHTS,2464,8276,1968,194,138,,Active,,,https://www.redfin.com/WY/Casper/3300-E-15th-St-82609/home/135815489,WMLS,20250248,N,Y,42.8357625,-106.2834105
MLS Listing,,Single Family Residential,6060 D'elia Dr,Casper,WY,82601,2225000,5,5.5,PINE RIDGE ESTATES,6366,143312,2010,194,350,,Active,,,https://www.redfin.com/WY/Casper/6060-Delia-Dr-82601/home/135686567,WMLS,20250232,N,Y,42.7817014,-106.3176117
MLS Listing,,Vacant Land,Wyoming Blvd & Country Club Rd,Casper,WY,82601,3500000,,,NO SUBDIVISION,,6036980,,211,,,Active,,,https://www.redfin.com/WY/Casper/Unknown-82604/home/194097517,WMLS,20250008,N,Y,42.8235196663091,-106.279316769867
MLS Listing,,Vacant Land,2851 Osprey St,Casper,WY,82601,1181700,,,NO SUBDIVISION,,6863313,,212,,,Active,,,https://www.redfin.com/WY/Casper/2851-Osprey-St-82601/home/135683734,WMLS,20246102,N,Y,42.8204072,-106.3060027
MLS Listing,,Vacant Land,2520 Mercy Ln,Casper,WY,82609,1397000,,,Heritage Hills Addition,,2434132,,212,,,Active,,,https://www.redfin.com/WY/Casper/2520-Mercy-Ln-82609/home/135982634,WMLS,20246103,N,Y,42.8230674,-106.2960526
MLS Listing,,Vacant Land,"TBD Tbd Highway 20-26 Casper, Way",,WY,82604,135000,,,,,6969600,,228,,,Active,,,https://www.redfin.com/WY/Casper/Tbd-Unknown/home/193005313,BSCMLS,398424,N,Y,42.927514,-106.695666
MLS Listing,,Mobile/Manufactured Home,9 Sequoia Dr,Casper,WY,82604,66000,2,2.0,PARADISE ACRES,960,,2021,229,69,,Active,,,https://www.redfin.com/WY/Casper/9-Sequoia-Dr-82604/home/135891083,WMLS,20245511,N,Y,42.809905,-106.4080778
MLS Listing,,Vacant Land,7888 Nitro Road Rd,,WY,82646,64500,,,,,1764180,,233,,,Active,,,https://www.redfin.com/WY/Casper/7888-Nitro-Rd-82604/home/193861592,BSCMLS,398340,N,Y,42.9604499,-106.7570027
MLS Listing,,Vacant Land,7916 Nitro Road Rd,,WY,82646,64500,,,,,1764180,,233,,,Active,,,https://www.redfin.com/WY/Casper/7916-Nitro-Rd-82604/home/193861591,BSCMLS,398369,N,Y,42.9613522,-106.7612101
MLS Listing,,Single Family Residential,8877 Week Creek Rd,Casper,WY,82609,967000,5,3.5,HAT SIX #2,3462,1089000,2023,240,279,,Active,,,https://www.redfin.com/WY/Casper/8877-Week-Creek-Rd-82609/home/146371665,WMLS,20245820,N,Y,42.7772657,-106.1633561
MLS Listing,,Vacant Land,5200 Desperado Dr,Casper,WY,82601,69000,,,BB Brooks,,1594731,,247,,358,Active,,,https://www.redfin.com/WY/Casper/5200-Desperado-Dr-82601/home/135671116,WMLS,20245767,N,Y,43.0235461,-106.2509052
MLS Listing,,Vacant Land,SW Wyoming Blvd,Casper,WY,82601,3460000,,,Harmony Hills Addition No. 1,,2421936,,247,,,Active,,,https://www.redfin.com/WY/Casper/770-W-Collins-Dr-82601/home/195970420,WMLS,20245760,N,Y,42.8427928,-106.3343449
MLS Listing,,Multi-Family (2-4 Unit),1236 S Chestnut St,Casper,WY,82601,500000,7,3.0,CASPER,3522,6534,1917,253,142,,Active,,,https://www.redfin.com/WY/Casper/1236-S-Chestnut-St-82601/home/135903177,WMLS,20245670,N,Y,42.8378377,-106.3347802
MLS Listing,,Single Family Residential,4921 Tranquility Way,Casper,WY,82601,637000,5,3.5,Harmony Hills No 4,2768,9148,2024,259,230,8,Active,,,https://www.redfin.com/WY/Casper/4921-Tranquility-Way-82601/home/186171931,WMLS,20245575,N,Y,42.8027511,-106.3418665
MLS Listing,,Single Family Residential,3698 Red Wolf Dr Dr,Casper,WY,82604,598000,3,2.0,GreyStone Subdivision,3550,9148,2024,261,168,8,Active,,,https://www.redfin.com/WY/Casper/3698-Red-Wolf-Dr-82604/home/191601277,WMLS,20245557,N,Y,42.813192,-106.371034
MLS Listing,,Vacant Land,Serenity Ln,Casper,WY,82601,600000,,,Harmony Hills No 4,,14375,,261,,,Active,,,https://www.redfin.com/WY/Casper/Serenity-Ln-82601/home/187930688,WMLS,20245556,N,Y,42.8024422631519,-106.342875463104
MLS Listing,,Vacant Land,TBD Trevett Ln,Casper,WY,82604,2495000,,,TRAILS WEST ESTATES,,3702600,,269,,,Active,,,https://www.redfin.com/WY/Casper/tbd-Trevett-Ln-82604/home/193426099,CBR,95285,N,Y,42.8148193342563,-106.43237203064
MLS Listing,,Single Family Residential,6097 River Park Dr,Casper,WY,82604,1600000,4,2.5,RIVER PARK,5246,62291,2025,282,305,40,Active,,,https://www.redfin.com/WY/Casper/6097-River-Park-Dr-82604/home/135521617,WMLS,20245246,N,Y,42.8294265,-106.4122911
MLS Listing,,Single Family Residential,6060 Rivers Gate,Casper,WY,82604,1300000,4,4.5,RIVER PARK,5338,24729,2025,283,244,40,Active,,,https://www.redfin.com/WY/Casper/6060-Rivers-Gate-82604/home/135949694,WMLS,20245224,N,Y,42.830906,-106.410764
MLS Listing,,Vacant Land,6002 River Park Dr,Casper,WY,82604,188500,,,River Park,,35514,,285,,,Active,,,https://www.redfin.com/WY/Casper/6002-River-Park-Dr-82604/home/135877834,WMLS,20244655,N,Y,42.8297133,-106.409566
MLS Listing,,Vacant Land,Hat Six #2 Lot Lot 33,Casper,WY,82601,100000,,,Hat Six #2,,435600,,298,,,Active,,,https://www.redfin.com/WY/Casper/Hat-Six-2-Lot-Road-Unknown/home/192976655,WMLS,20245014,N,Y,42.7344438043139,-106.250935413394
MLS Listing,,Ranch,01 Harford Airfield Rd,Casper,WY,82601,2150000,,,Casper,,41358042,,300,,,Active,,,https://www.redfin.com/WY/Unknown/01-Harford-Airfield-Rd-82601/home/192918068,WMLS,20244953,N,Y,42.9383088155994,-106.325044137573
MLS Listing,,Single Family Residential,5401 Dolomite Cir,Casper,WY,82609,795000,6,3.5,ELKHORN VILLAGE ADDITION NO. 2,3732,10454,2024,313,213,,Active,,,https://www.redfin.com/WY/Casper/5401-Dolomite-Cir-82609/home/135981057,WMLS,20244780,N,Y,42.837407,-106.2523763
MLS Listing,,Vacant Land,Lots 1-16 Mckinley Hts,Casper,WY,82609,375000,,,NO SUBDIVISION,,74488,,316,,,Active,,,https://www.redfin.com/WY/Casper/116-S-McKinley-St-82601/home/190635680,WMLS,20241923,N,Y,42.8499277,-106.3128184
MLS Listing,,Vacant Land,19598 Pedros Pass Pass,Casper,WY,82604,55000,,,NO SUBDIVISION,,1736737,,332,,,Active,,,https://www.redfin.com/WY/Casper/19598-Pedros-Pass-82604/home/168777532,WMLS,20244411,N,Y,42.985491,-106.679579
MLS Listing,,Vacant Land,1231 Morado Dr,Casper,WY,82609,274000,,,THE HEIGHTS,,46417,,337,,200,Active,,,https://www.redfin.com/WY/Casper/1231-Morado-Dr-82609/home/135647824,WMLS,20244380,N,Y,42.8358455,-106.2378454
MLS Listing,,Vacant Land,6322 Cowpony Trl,Casper,WY,82601,40000,,,BB Brooks,,1724105,,347,,357,Active,,,https://www.redfin.com/WY/Casper/6322-Cowpony-Trl-82601/home/192135770,WMLS,20244160,N,Y,43.0061809,-106.2280805
MLS Listing,,Single Family Residential,6231 S Walnut St,Casper,WY,82601,1995000,5,3.5,SUNRISE HILLS 8,8688,46174,2007,372,230,,Active,,,https://www.redfin.com/WY/Casper/6231-S-Walnut-St-82601/home/135925470,WMLS,20243660,N,Y,42.7931774,-106.3383186
MLS Listing,,Vacant Land,Lot 1 Heritage Hills Addition,Casper,WY,82609,65000,,,Heritage Hills Addition,,15246,,388,,,Active,,,https://www.redfin.com/WY/Bar-Nunn/Lot-1-Heritage-Hills-Addition-82609/home/187934719,WMLS,20243342,N,Y,42.839,-106.2707
MLS Listing,,Vacant Land,Lot 2 Heritage Hills Addition,Casper,WY,82609,65000,,,Heritage Hills Addition,,21344,,388,,,Active,,,https://www.redfin.com/WY/Bar-Nunn/Lot-2-Heritage-Hills-Addition-82609/home/187934456,WMLS,20243343,N,Y,42.839,-106.2707
MLS Listing,,Vacant Land,001 Harford Airfield Rd,Casper,WY,82601,2150000,,,No Subdivision,,41358042,,393,,,Active,,,https://www.redfin.com/WY/Unknown/001-Harford-Airfield-Rd-82601/home/191802098,SBORWY,24-740,N,Y,42.931409,-106.313589
MLS Listing,,Vacant Land,TRACT 8 Tavares RD Rd,Casper,WY,82604,381615,,,NO SUBDIVISION,,1759806,,397,,,Active,,,https://www.redfin.com/WY/Casper/TRACT-8-Tavares-Rd-82604/home/191258540,WMLS,20242807,N,Y,42.8080221537335,-106.390105330086
MLS Listing,,Vacant Land,TRACT 10 Tavares Rd,Casper,WY,82604,344090,,,NO SUBDIVISION,,1577743,,397,,,Active,,,https://www.redfin.com/WY/Casper/TRACT-10-Tavares-Rd-82604/home/191258603,WMLS,20242811,N,Y,42.8080221537335,-106.390105330086
MLS Listing,,Vacant Land,Tract 6 Traveras Rd,Casper,WY,82604,379715,,,NO SUBDIVISION,,1741083,,397,,,Active,,,https://www.redfin.com/WY/Casper/Tract-6-Tavares-Rd-82604/home/191154902,WMLS,20242804,N,Y,42.8083645433178,-106.390636407471
MLS Listing,,Vacant Land,Tract 7 Tavares Rd,Casper,WY,82604,380855,,,NO SUBDIVISION,,1745320,,397,,,Active,,,https://www.redfin.com/WY/Casper/Tract-7-Tavares-Rd-82604/home/191208542,WMLS,20242806,N,Y,42.8080221537335,-106.390105330086
MLS Listing,,Vacant Land,Harford Airfield Rd,Casper,WY,82601,9950000,,,Casper,,143748000,,438,,,Active,,,https://www.redfin.com/WY/Unknown/Harford-Airfield-Rd-82601/home/190810977,SBORWY,24-514,N,Y,42.916322,-106.294218
MLS Listing,,Vacant Land,Frontage Rd,Casper,WY,82601,624000,,,No Subdivision,,13590720,,442,,,Active,,,https://www.redfin.com/WY/Casper/Frontage-Rd-82604/home/190810979,SBORWY,24-481,N,Y,43.043658,-106.328852
MLS Listing,,Vacant Land,E Ormsby Rd,Casper,WY,82601,6400000,,,No Subdivision,,61942320,,442,,,Active,,,https://www.redfin.com/WY/Casper/E-Ormsby-Rd-82601/home/135731380,SBORWY,24-484,N,Y,42.963634,-106.352599
MLS Listing,,Vacant Land,Tract 5 Tavares Rd. Rd,Casper,WY,82604,378385,,,NO SUBDIVISION,,1734994,,461,,,Active,,,https://www.redfin.com/WY/Casper/Tract-5-Tavares-Rd-82604/home/191109490,WMLS,20241516,N,Y,42.8080221537335,-106.390105330086
MLS Listing,,Single Family Residential,6507 Riverside Ter,Casper,WY,82604,318000,4,1.75,RED BUTTE VILLAGE 1 RESUB TRAIL,1644,18731,1964,598,193,,Active,,,https://www.redfin.com/WY/Casper/6507-W-Riverside-Ter-82604/home/135948411,WMLS,20234493,N,Y,42.808348,-106.4205
MLS Listing,,Vacant Land,TR 207,Casper,WY,82601,35000,,,NO SUBDIVISION,,40000,,651,,375,Active,,,https://www.redfin.com/WY/Casper/Tr-207-Unknown/home/192040753,WMLS,20233770,N,Y,43.0469,-106.2384
MLS Listing,,Single Family Residential,1088 Cornwall,Casper,WY,82609,735000,5,3.0,BLACKMORE VISTA ADDITION NO 2,3680,11326,2019,661,200,120,Active,,,https://www.redfin.com/WY/Casper/1088-Cornwall-St-82609/home/135656830,WMLS,20192069,N,Y,42.8371004,-106.2565813
MLS Listing,,Single Family Residential,3542 Barry Ct,Casper,WY,82609,299900,3,2.0,COTTONWOOD,2117,,2019,661,142,,Active,,,https://www.redfin.com/WY/Casper/3542-Barry-Ct-82604/home/135900306,WMLS,20191609,N,Y,42.8127775,-106.4225204
New Construction Home,,Mobile/Manufactured Home,3650 Harvey Pl #130,Casper,WY,82601,59900,3,2.0,Casper,1216,,2024,236,49,,Active,,,https://www.redfin.com/WY/Casper/3650-Harvey-Pl-82601/unit-130/home/193339642,Zillow,B392561E3E28,N,Y,42.8985507,-106.3472925
